query_original,query_type,matched_term,match_basis,match_confidence,review_status,source_system,study_id,study_title,accession_or_contrast,study_link,sample_matrix,intervention_timing,platform,sex_or_subgroup,metabolite,refmet_name,source_metabolite_raw,class,superclass,subclass,log2fc,p_value,fdr,direction,significance_call,effect_interpretation,provenance_file,missing_evidence
acylcarnitine,class,Acetyl-L-carnitine,refmet_curated_class,accepted_curated,accepted_curated,Metabolomics Workbench,ST004303,Exercise intensity modulates the human plasma secretome (Rockefeller),"ST004303 :: post (4P) vs pre (1P), paired, MIE+SIE pooled",https://www.metabolomicsworkbench.org/data/DRCCMetadata.php?StudyID=ST004303,plasma,"acute, post (Time 4P) vs pre (Time 1P)",LC-MS HILIC (MW analysis AN007160),,Acetyl-L-carnitine,CAR 2:0,Acetyl-L-carnitine,Fatty esters,Fatty Acyls,Acyl carnitines,1.122375446090025,5.19886803134602e-10,6.914494481690209e-08,up_in_numerator,significant_FDR<0.05,"1.12 log2-units higher in HIGHER post-exercise (late, ~late-post) (p=5.20e-10, FDR=6.91e-08)",data/live/volcano_human_ST004303.csv,
acylcarnitine,class,Propionylcarnitine,refmet_curated_class,accepted_curated,accepted_curated,Metabolomics Workbench,ST004303,Exercise intensity modulates the human plasma secretome (Rockefeller),"ST004303 :: post (4P) vs pre (1P), paired, MIE+SIE pooled",https://www.metabolomicsworkbench.org/data/DRCCMetadata.php?StudyID=ST004303,plasma,"acute, post (Time 4P) vs pre (Time 1P)",LC-MS HILIC (MW analysis AN007160),,Propionylcarnitine,CAR 3:0,Propionylcarnitine,Fatty esters,Fatty Acyls,Acyl carnitines,-0.5007438193573491,5.2636280101493164e-09,2.800250101399437e-07,down_in_numerator,significant_FDR<0.05,"0.50 log2-units lower in HIGHER post-exercise (late, ~late-post) (p=5.26e-09, FDR=2.80e-07)",data/live/volcano_human_ST004303.csv,
acylcarnitine,class,Valeryl-carnitine; AIF; CE30; MS2Dec,inferred_name_pattern,requires_human_review,requires_human_review,Metabolomics Workbench,ST004303,Exercise intensity modulates the human plasma secretome (Rockefeller),"ST004303 :: post (4P) vs pre (1P), paired, MIE+SIE pooled",https://www.metabolomicsworkbench.org/data/DRCCMetadata.php?StudyID=ST004303,plasma,"acute, post (Time 4P) vs pre (Time 1P)",LC-MS HILIC (MW analysis AN007160),,Valeryl-carnitine; AIF; CE30; MS2Dec,Valeryl-carnitine; AIF; CE30; MS2Dec,Valeryl-carnitine; AIF; CE30; MS2Dec,,,,-0.4508238876433959,4.5215654413718785e-05,0.0002797061412569,down_in_numerator,significant_FDR<0.05,"0.45 log2-units lower in HIGHER post-exercise (late, ~late-post) (p=4.52e-05, FDR=2.80e-04)",data/live/volcano_human_ST004303.csv,refmet_class_annotation
acylcarnitine,class,D-Carnitine,refmet_curated_class,accepted_curated,accepted_curated,Metabolomics Workbench,ST004303,Exercise intensity modulates the human plasma secretome (Rockefeller),"ST004303 :: post (4P) vs pre (1P), paired, MIE+SIE pooled",https://www.metabolomicsworkbench.org/data/DRCCMetadata.php?StudyID=ST004303,plasma,"acute, post (Time 4P) vs pre (Time 1P)",LC-MS HILIC (MW analysis AN007160),,D-Carnitine,D-Carnitine,D-Carnitine,Carnitines,Organic nitrogen compounds,Carnitines,-0.2041780439334214,5.784695838073753e-05,0.0003345063245494,down_in_numerator,significant_FDR<0.05,"0.20 log2-units lower in HIGHER post-exercise (late, ~late-post) (p=5.78e-05, FDR=3.35e-04)",data/live/volcano_human_ST004303.csv,
acylcarnitine,class,Hexanoylcarnitine,refmet_curated_class,accepted_curated,accepted_curated,Metabolomics Workbench,ST004303,Exercise intensity modulates the human plasma secretome (Rockefeller),"ST004303 :: post (4P) vs pre (1P), paired, MIE+SIE pooled",https://www.metabolomicsworkbench.org/data/DRCCMetadata.php?StudyID=ST004303,plasma,"acute, post (Time 4P) vs pre (Time 1P)",LC-MS HILIC (MW analysis AN007160),,Hexanoylcarnitine,CAR 6:0,Hexanoylcarnitine,Fatty esters,Fatty Acyls,Acyl carnitines,0.7065751098979642,8.1547977251321e-05,0.0004325564028885,up_in_numerator,significant_FDR<0.05,"0.71 log2-units higher in HIGHER post-exercise (late, ~late-post) (p=8.15e-05, FDR=4.33e-04)",data/live/volcano_human_ST004303.csv,
acylcarnitine,class,OCTANOYLCARNITINE,refmet_curated_class,accepted_curated,accepted_curated,Metabolomics Workbench,ST004303,Exercise intensity modulates the human plasma secretome (Rockefeller),"ST004303 :: post (4P) vs pre (1P), paired, MIE+SIE pooled",https://www.metabolomicsworkbench.org/data/DRCCMetadata.php?StudyID=ST004303,plasma,"acute, post (Time 4P) vs pre (Time 1P)",LC-MS HILIC (MW analysis AN007160),,OCTANOYLCARNITINE,CAR 8:0,OCTANOYLCARNITINE,Fatty esters,Fatty Acyls,Acyl carnitines,0.9270228253743664,0.0003290647169551,0.0013466340724626,up_in_numerator,significant_FDR<0.05,"0.93 log2-units higher in HIGHER post-exercise (late, ~late-post) (p=3.29e-04, FDR=1.35e-03)",data/live/volcano_human_ST004303.csv,
acylcarnitine,class,Decanoylcarnitine,refmet_curated_class,accepted_curated,accepted_curated,Metabolomics Workbench,ST004303,Exercise intensity modulates the human plasma secretome (Rockefeller),"ST004303 :: post (4P) vs pre (1P), paired, MIE+SIE pooled",https://www.metabolomicsworkbench.org/data/DRCCMetadata.php?StudyID=ST004303,plasma,"acute, post (Time 4P) vs pre (Time 1P)",LC-MS HILIC (MW analysis AN007160),,Decanoylcarnitine,CAR 10:0,Decanoylcarnitine,Fatty esters,Fatty Acyls,Acyl carnitines,1.0254736498761636,0.0006003879007258,0.0021293757545741,up_in_numerator,significant_FDR<0.05,"1.03 log2-units higher in HIGHER post-exercise (late, ~late-post) (p=6.00e-04, FDR=2.13e-03)",data/live/volcano_human_ST004303.csv,
acylcarnitine,class,Butyryl-carnitine; AIF; CE10; CorrDec,inferred_name_pattern,requires_human_review,requires_human_review,Metabolomics Workbench,ST004303,Exercise intensity modulates the human plasma secretome (Rockefeller),"ST004303 :: post (4P) vs pre (1P), paired, MIE+SIE pooled",https://www.metabolomicsworkbench.org/data/DRCCMetadata.php?StudyID=ST004303,plasma,"acute, post (Time 4P) vs pre (Time 1P)",LC-MS HILIC (MW analysis AN007160),,Butyryl-carnitine; AIF; CE10; CorrDec,Butyryl-carnitine; AIF; CE10; CorrDec,Butyryl-carnitine; AIF; CE10; CorrDec,,,,-0.2469622155975011,0.0040180872020665,0.0111334499557261,down_in_numerator,significant_FDR<0.05,"0.25 log2-units lower in HIGHER post-exercise (late, ~late-post) (p=4.02e-03, FDR=1.11e-02)",data/live/volcano_human_ST004303.csv,refmet_class_annotation
acylcarnitine,class,L-Carnitine,refmet_curated_class,accepted_curated,accepted_curated,Metabolomics Workbench,ST004303,Exercise intensity modulates the human plasma secretome (Rockefeller),"ST004303 :: post (4P) vs pre (1P), paired, MIE+SIE pooled",https://www.metabolomicsworkbench.org/data/DRCCMetadata.php?StudyID=ST004303,plasma,"acute, post (Time 4P) vs pre (Time 1P)",LC-MS HILIC (MW analysis AN007160),,L-Carnitine,Carnitine,L-Carnitine,Carnitines,Organic nitrogen compounds,Carnitines,0.0615500169813052,0.3816392720113792,0.5153098799747557,up_in_numerator,not_significant,"0.06 log2-units higher in HIGHER post-exercise (late, ~late-post) (p=3.82e-01, FDR=5.15e-01)",data/live/volcano_human_ST004303.csv,
acylcarnitine,class,CAR 4:0;OH [metab-u-hilicpos],refmet_curated_class,accepted_curated,accepted_curated,MoTrPAC DataHub,human-precovid-sed-adu,MoTrPAC human acute exercise (precovid sedentary adults),ADUEndur.post_3.5_4_hr - ADUEndur.pre_exercise,https://motrpac-data.org/data-download,plasma,"acute, endurance bout, late post (~3.5-4 hr) vs pre",metab-u-hilicpos,,CAR 4:0;OH [metab-u-hilicpos],CAR 4:0;OH,CAR 4:0;OH [metab-u-hilicpos],Fatty esters,Fatty Acyls,Acyl carnitines,1.83595194160088,8.09841414256642e-80,9.44814983299416e-78,up_in_numerator,significant_FDR<0.05,"1.84 log2-units higher in HIGHER post-exercise (endurance, late post) (p=8.10e-80, FDR=9.45e-78)",data/live/volcano_motrpac_human_plasma_endur_post.csv,
acylcarnitine,class,CAR 6:0;OH [metab-u-hilicpos],refmet_curated_class,accepted_curated,accepted_curated,MoTrPAC DataHub,human-precovid-sed-adu,MoTrPAC human acute exercise (precovid sedentary adults),ADUEndur.post_3.5_4_hr - ADUEndur.pre_exercise,https://motrpac-data.org/data-download,plasma,"acute, endurance bout, late post (~3.5-4 hr) vs pre",metab-u-hilicpos,,CAR 6:0;OH [metab-u-hilicpos],CAR 6:0;OH,CAR 6:0;OH [metab-u-hilicpos],Fatty esters,Fatty Acyls,Acyl carnitines,1.12456366572562,3.1501288880651707e-52,2.75636277705703e-50,up_in_numerator,significant_FDR<0.05,"1.12 log2-units higher in HIGHER post-exercise (endurance, late post) (p=3.15e-52, FDR=2.76e-50)",data/live/volcano_motrpac_human_plasma_endur_post.csv,
acylcarnitine,class,CAR(9:0) [metab-u-rppos],inferred_name_pattern,requires_human_review,requires_human_review,MoTrPAC DataHub,human-precovid-sed-adu,MoTrPAC human acute exercise (precovid sedentary adults),ADUEndur.post_3.5_4_hr - ADUEndur.pre_exercise,https://motrpac-data.org/data-download,plasma,"acute, endurance bout, late post (~3.5-4 hr) vs pre",metab-u-rppos,,CAR(9:0) [metab-u-rppos],CAR(9:0),CAR(9:0) [metab-u-rppos],,,,-1.25101314091956,1.0527854292675901e-44,1.97923660702307e-42,down_in_numerator,significant_FDR<0.05,"1.25 log2-units lower in HIGHER post-exercise (endurance, late post) (p=1.05e-44, FDR=1.98e-42)",data/live/volcano_motrpac_human_plasma_endur_post.csv,refmet_class_annotation
acylcarnitine,class,CAR 2:0 [metab-u-hilicpos],refmet_curated_class,accepted_curated,accepted_curated,MoTrPAC DataHub,human-precovid-sed-adu,MoTrPAC human acute exercise (precovid sedentary adults),ADUEndur.post_3.5_4_hr - ADUEndur.pre_exercise,https://motrpac-data.org/data-download,plasma,"acute, endurance bout, late post (~3.5-4 hr) vs pre",metab-u-hilicpos,,CAR 2:0 [metab-u-hilicpos],CAR 2:0,CAR 2:0 [metab-u-hilicpos],Fatty esters,Fatty Acyls,Acyl carnitines,0.551319535888101,3.146597766730809e-40,2.20261843671157e-38,up_in_numerator,significant_FDR<0.05,"0.55 log2-units higher in HIGHER post-exercise (endurance, late post) (p=3.15e-40, FDR=2.20e-38)",data/live/volcano_motrpac_human_plasma_endur_post.csv,
acylcarnitine,class,CAR 16:0 [metab-u-hilicpos],refmet_curated_class,accepted_curated,accepted_curated,MoTrPAC DataHub,human-precovid-sed-adu,MoTrPAC human acute exercise (precovid sedentary adults),ADUEndur.post_3.5_4_hr - ADUEndur.pre_exercise,https://motrpac-data.org/data-download,plasma,"acute, endurance bout, late post (~3.5-4 hr) vs pre",metab-u-hilicpos,,CAR 16:0 [metab-u-hilicpos],CAR 16:0,CAR 16:0 [metab-u-hilicpos],Fatty esters,Fatty Acyls,Acyl carnitines,0.422496628071436,4.76751432082352e-39,2.78105002048039e-37,up_in_numerator,significant_FDR<0.05,"0.42 log2-units higher in HIGHER post-exercise (endurance, late post) (p=4.77e-39, FDR=2.78e-37)",data/live/volcano_motrpac_human_plasma_endur_post.csv,
acylcarnitine,class,Car(3:0) [metab-u-lrppos],inferred_name_pattern,requires_human_review,requires_human_review,MoTrPAC DataHub,human-precovid-sed-adu,MoTrPAC human acute exercise (precovid sedentary adults),ADUEndur.post_3.5_4_hr - ADUEndur.pre_exercise,https://motrpac-data.org/data-download,plasma,"acute, endurance bout, late post (~3.5-4 hr) vs pre",metab-u-lrppos,,Car(3:0) [metab-u-lrppos],Car(3:0),Car(3:0) [metab-u-lrppos],,,,-0.488679178920801,6.56485922421102e-37,4.11616673358031e-34,down_in_numerator,significant_FDR<0.05,"0.49 log2-units lower in HIGHER post-exercise (endurance, late post) (p=6.56e-37, FDR=4.12e-34)",data/live/volcano_motrpac_human_plasma_endur_post.csv,refmet_class_annotation
acylcarnitine,class,CAR 3:0 [metab-u-hilicpos],refmet_curated_class,accepted_curated,accepted_curated,MoTrPAC DataHub,human-precovid-sed-adu,MoTrPAC human acute exercise (precovid sedentary adults),ADUEndur.post_3.5_4_hr - ADUEndur.pre_exercise,https://motrpac-data.org/data-download,plasma,"acute, endurance bout, late post (~3.5-4 hr) vs pre",metab-u-hilicpos,,CAR 3:0 [metab-u-hilicpos],CAR 3:0,CAR 3:0 [metab-u-hilicpos],Fatty esters,Fatty Acyls,Acyl carnitines,-0.441452594959983,5.7497996510666294e-36,2.8748998255333093e-34,down_in_numerator,significant_FDR<0.05,"0.44 log2-units lower in HIGHER post-exercise (endurance, late post) (p=5.75e-36, FDR=2.87e-34)",data/live/volcano_motrpac_human_plasma_endur_post.csv,
acylcarnitine,class,CAR 18:1 [metab-u-hilicpos],refmet_curated_class,accepted_curated,accepted_curated,MoTrPAC DataHub,human-precovid-sed-adu,MoTrPAC human acute exercise (precovid sedentary adults),ADUEndur.post_3.5_4_hr - ADUEndur.pre_exercise,https://motrpac-data.org/data-download,plasma,"acute, endurance bout, late post (~3.5-4 hr) vs pre",metab-u-hilicpos,,CAR 18:1 [metab-u-hilicpos],CAR 18:1,CAR 18:1 [metab-u-hilicpos],Fatty esters,Fatty Acyls,Acyl carnitines,0.540848203808046,1.69161588596823e-33,7.40081950111101e-32,up_in_numerator,significant_FDR<0.05,"0.54 log2-units higher in HIGHER post-exercise (endurance, late post) (p=1.69e-33, FDR=7.40e-32)",data/live/volcano_motrpac_human_plasma_endur_post.csv,
acylcarnitine,class,CAR 9:0 [metab-u-hilicpos],refmet_curated_class,accepted_curated,accepted_curated,MoTrPAC DataHub,human-precovid-sed-adu,MoTrPAC human acute exercise (precovid sedentary adults),ADUEndur.post_3.5_4_hr - ADUEndur.pre_exercise,https://motrpac-data.org/data-download,plasma,"acute, endurance bout, late post (~3.5-4 hr) vs pre",metab-u-hilicpos,,CAR 9:0 [metab-u-hilicpos],CAR 9:0,CAR 9:0 [metab-u-hilicpos],Fatty esters,Fatty Acyls,Acyl carnitines,-1.09565479991127,3.48112859872215e-31,1.35377223283639e-29,down_in_numerator,significant_FDR<0.05,"1.10 log2-units lower in HIGHER post-exercise (endurance, late post) (p=3.48e-31, FDR=1.35e-29)",data/live/volcano_motrpac_human_plasma_endur_post.csv,
acylcarnitine,class,Car(2:0) [metab-u-lrppos],inferred_name_pattern,requires_human_review,requires_human_review,MoTrPAC DataHub,human-precovid-sed-adu,MoTrPAC human acute exercise (precovid sedentary adults),ADUEndur.post_3.5_4_hr - ADUEndur.pre_exercise,https://motrpac-data.org/data-download,plasma,"acute, endurance bout, late post (~3.5-4 hr) vs pre",metab-u-lrppos,,Car(2:0) [metab-u-lrppos],Car(2:0),Car(2:0) [metab-u-lrppos],,,,0.579706832170807,6.61879618733207e-29,2.0749926047286e-26,up_in_numerator,significant_FDR<0.05,"0.58 log2-units higher in HIGHER post-exercise (endurance, late post) (p=6.62e-29, FDR=2.07e-26)",data/live/volcano_motrpac_human_plasma_endur_post.csv,refmet_class_annotation
acylcarnitine,class,Car(18:2)_isomer2 [metab-u-lrppos],inferred_name_pattern,requires_human_review,requires_human_review,MoTrPAC DataHub,human-precovid-sed-adu,MoTrPAC human acute exercise (precovid sedentary adults),ADUEndur.post_3.5_4_hr - ADUEndur.pre_exercise,https://motrpac-data.org/data-download,plasma,"acute, endurance bout, late post (~3.5-4 hr) vs pre",metab-u-lrppos,,Car(18:2)_isomer2 [metab-u-lrppos],Car(18:2)_isomer2,Car(18:2)_isomer2 [metab-u-lrppos],,,,0.881109472903493,9.29506397781494e-27,1.94266837136332e-24,up_in_numerator,significant_FDR<0.05,"0.88 log2-units higher in HIGHER post-exercise (endurance, late post) (p=9.30e-27, FDR=1.94e-24)",data/live/volcano_motrpac_human_plasma_endur_post.csv,refmet_class_annotation
acylcarnitine,class,Car(18:0-OH) [metab-u-lrppos],inferred_name_pattern,requires_human_review,requires_human_review,MoTrPAC DataHub,human-precovid-sed-adu,MoTrPAC human acute exercise (precovid sedentary adults),ADUEndur.post_3.5_4_hr - ADUEndur.pre_exercise,https://motrpac-data.org/data-download,plasma,"acute, endurance bout, late post (~3.5-4 hr) vs pre",metab-u-lrppos,,Car(18:0-OH) [metab-u-lrppos],Car(18:0-OH),Car(18:0-OH) [metab-u-lrppos],,,,0.395591845423979,7.37405301333706e-26,8.21837455296741e-24,up_in_numerator,significant_FDR<0.05,"0.40 log2-units higher in HIGHER post-exercise (endurance, late post) (p=7.37e-26, FDR=8.22e-24)",data/live/volcano_motrpac_human_plasma_endur_post.csv,refmet_class_annotation
acylcarnitine,class,Car(18:1) [metab-u-lrppos],inferred_name_pattern,requires_human_review,requires_human_review,MoTrPAC DataHub,human-precovid-sed-adu,MoTrPAC human acute exercise (precovid sedentary adults),ADUEndur.post_3.5_4_hr - ADUEndur.pre_exercise,https://motrpac-data.org/data-download,plasma,"acute, endurance bout, late post (~3.5-4 hr) vs pre",metab-u-lrppos,,Car(18:1) [metab-u-lrppos],Car(18:1),Car(18:1) [metab-u-lrppos],,,,0.371693269990125,2.30999338860664e-25,2.06909407808052e-23,up_in_numerator,significant_FDR<0.05,"0.37 log2-units higher in HIGHER post-exercise (endurance, late post) (p=2.31e-25, FDR=2.07e-23)",data/live/volcano_motrpac_human_plasma_endur_post.csv,refmet_class_annotation
acylcarnitine,class,CAR 16:2 [metab-u-hilicpos],refmet_curated_class,accepted_curated,accepted_curated,MoTrPAC DataHub,human-precovid-sed-adu,MoTrPAC human acute exercise (precovid sedentary adults),ADUEndur.post_3.5_4_hr - ADUEndur.pre_exercise,https://motrpac-data.org/data-download,plasma,"acute, endurance bout, late post (~3.5-4 hr) vs pre",metab-u-hilicpos,,CAR 16:2 [metab-u-hilicpos],CAR 16:2,CAR 16:2 [metab-u-hilicpos],Fatty esters,Fatty Acyls,Acyl carnitines,0.927645726476889,1.3836185385536001e-22,4.03555407078132e-21,up_in_numerator,significant_FDR<0.05,"0.93 log2-units higher in HIGHER post-exercise (endurance, late post) (p=1.38e-22, FDR=4.04e-21)",data/live/volcano_motrpac_human_plasma_endur_post.csv,
acylcarnitine,class,CAR 14:0 [metab-u-hilicpos],refmet_curated_class,accepted_curated,accepted_curated,MoTrPAC DataHub,human-precovid-sed-adu,MoTrPAC human acute exercise (precovid sedentary adults),ADUEndur.post_3.5_4_hr - ADUEndur.pre_exercise,https://motrpac-data.org/data-download,plasma,"acute, endurance bout, late post (~3.5-4 hr) vs pre",metab-u-hilicpos,,CAR 14:0 [metab-u-hilicpos],CAR 14:0,CAR 14:0 [metab-u-hilicpos],Fatty esters,Fatty Acyls,Acyl carnitines,0.543605288530131,9.13910871169434e-22,2.46052926853309e-20,up_in_numerator,significant_FDR<0.05,"0.54 log2-units higher in HIGHER post-exercise (endurance, late post) (p=9.14e-22, FDR=2.46e-20)",data/live/volcano_motrpac_human_plasma_endur_post.csv,
acylcarnitine,class,CAR 14:1 [metab-u-hilicpos],refmet_curated_class,accepted_curated,accepted_curated,MoTrPAC DataHub,human-precovid-sed-adu,MoTrPAC human acute exercise (precovid sedentary adults),ADUEndur.post_3.5_4_hr - ADUEndur.pre_exercise,https://motrpac-data.org/data-download,plasma,"acute, endurance bout, late post (~3.5-4 hr) vs pre",metab-u-hilicpos,,CAR 14:1 [metab-u-hilicpos],CAR 14:1,CAR 14:1 [metab-u-hilicpos],Fatty esters,Fatty Acyls,Acyl carnitines,0.795062933403088,3.6003319228871e-21,9.000829807217761e-20,up_in_numerator,significant_FDR<0.05,"0.80 log2-units higher in HIGHER post-exercise (endurance, late post) (p=3.60e-21, FDR=9.00e-20)",data/live/volcano_motrpac_human_plasma_endur_post.csv,
acylcarnitine,class,Car(14:1)_isomer1 [metab-u-lrppos],inferred_name_pattern,requires_human_review,requires_human_review,MoTrPAC DataHub,human-precovid-sed-adu,MoTrPAC human acute exercise (precovid sedentary adults),ADUEndur.post_3.5_4_hr - ADUEndur.pre_exercise,https://motrpac-data.org/data-download,plasma,"acute, endurance bout, late post (~3.5-4 hr) vs pre",metab-u-lrppos,,Car(14:1)_isomer1 [metab-u-lrppos],Car(14:1)_isomer1,Car(14:1)_isomer1 [metab-u-lrppos],,,,0.737610611143985,4.42509787638469e-21,2.7745363684932e-19,up_in_numerator,significant_FDR<0.05,"0.74 log2-units higher in HIGHER post-exercise (endurance, late post) (p=4.43e-21, FDR=2.77e-19)",data/live/volcano_motrpac_human_plasma_endur_post.csv,refmet_class_annotation
acylcarnitine,class,CAR 14:2 [metab-u-hilicpos],refmet_curated_class,accepted_curated,accepted_curated,MoTrPAC DataHub,human-precovid-sed-adu,MoTrPAC human acute exercise (precovid sedentary adults),ADUEndur.post_3.5_4_hr - ADUEndur.pre_exercise,https://motrpac-data.org/data-download,plasma,"acute, endurance bout, late post (~3.5-4 hr) vs pre",metab-u-hilicpos,,CAR 14:2 [metab-u-hilicpos],CAR 14:2,CAR 14:2 [metab-u-hilicpos],Fatty esters,Fatty Acyls,Acyl carnitines,0.772998511430501,1.11276125841349e-18,2.3708953873767202e-17,up_in_numerator,significant_FDR<0.05,"0.77 log2-units higher in HIGHER post-exercise (endurance, late post) (p=1.11e-18, FDR=2.37e-17)",data/live/volcano_motrpac_human_plasma_endur_post.csv,
acylcarnitine,class,CAR DC6:0 [metab-u-hilicpos],refmet_curated_class,accepted_curated,accepted_curated,MoTrPAC DataHub,human-precovid-sed-adu,MoTrPAC human acute exercise (precovid sedentary adults),ADUEndur.post_3.5_4_hr - ADUEndur.pre_exercise,https://motrpac-data.org/data-download,plasma,"acute, endurance bout, late post (~3.5-4 hr) vs pre",metab-u-hilicpos,,CAR DC6:0 [metab-u-hilicpos],CAR DC6:0,CAR DC6:0 [metab-u-hilicpos],Fatty esters,Fatty Acyls,Acyl carnitines,0.292502389703296,1.13453513617869e-18,2.3708953873767202e-17,up_in_numerator,significant_FDR<0.05,"0.29 log2-units higher in HIGHER post-exercise (endurance, late post) (p=1.13e-18, FDR=2.37e-17)",data/live/volcano_motrpac_human_plasma_endur_post.csv,
acylcarnitine,class,CAR 18:2 [metab-u-hilicpos],refmet_curated_class,accepted_curated,accepted_curated,MoTrPAC DataHub,human-precovid-sed-adu,MoTrPAC human acute exercise (precovid sedentary adults),ADUEndur.post_3.5_4_hr - ADUEndur.pre_exercise,https://motrpac-data.org/data-download,plasma,"acute, endurance bout, late post (~3.5-4 hr) vs pre",metab-u-hilicpos,,CAR 18:2 [metab-u-hilicpos],CAR 18:2,CAR 18:2 [metab-u-hilicpos],Fatty esters,Fatty Acyls,Acyl carnitines,0.458480189926204,1.39955303490572e-18,2.4657902255972105e-17,up_in_numerator,significant_FDR<0.05,"0.46 log2-units higher in HIGHER post-exercise (endurance, late post) (p=1.40e-18, FDR=2.47e-17)",data/live/volcano_motrpac_human_plasma_endur_post.csv,
acylcarnitine,class,Car(16:0) [metab-u-lrppos],inferred_name_pattern,requires_human_review,requires_human_review,MoTrPAC DataHub,human-precovid-sed-adu,MoTrPAC human acute exercise (precovid sedentary adults),ADUEndur.post_3.5_4_hr - ADUEndur.pre_exercise,https://motrpac-data.org/data-download,plasma,"acute, endurance bout, late post (~3.5-4 hr) vs pre",metab-u-lrppos,,Car(16:0) [metab-u-lrppos],Car(16:0),Car(16:0) [metab-u-lrppos],,,,0.257145312256558,1.48788934803088e-18,5.213496408462911e-17,up_in_numerator,significant_FDR<0.05,"0.26 log2-units higher in HIGHER post-exercise (endurance, late post) (p=1.49e-18, FDR=5.21e-17)",data/live/volcano_motrpac_human_plasma_endur_post.csv,refmet_class_annotation
acylcarnitine,class,Car(14:0) [metab-u-lrppos],inferred_name_pattern,requires_human_review,requires_human_review,MoTrPAC DataHub,human-precovid-sed-adu,MoTrPAC human acute exercise (precovid sedentary adults),ADUEndur.post_3.5_4_hr - ADUEndur.pre_exercise,https://motrpac-data.org/data-download,plasma,"acute, endurance bout, late post (~3.5-4 hr) vs pre",metab-u-lrppos,,Car(14:0) [metab-u-lrppos],Car(14:0),Car(14:0) [metab-u-lrppos],,,,0.46203572241745,4.41617330113332e-18,1.4573371893739899e-16,up_in_numerator,significant_FDR<0.05,"0.46 log2-units higher in HIGHER post-exercise (endurance, late post) (p=4.42e-18, FDR=1.46e-16)",data/live/volcano_motrpac_human_plasma_endur_post.csv,refmet_class_annotation
acylcarnitine,class,CAR(4:0)_rp_a [metab-u-rppos],inferred_name_pattern,requires_human_review,requires_human_review,MoTrPAC DataHub,human-precovid-sed-adu,MoTrPAC human acute exercise (precovid sedentary adults),ADUEndur.post_3.5_4_hr - ADUEndur.pre_exercise,https://motrpac-data.org/data-download,plasma,"acute, endurance bout, late post (~3.5-4 hr) vs pre",metab-u-rppos,,CAR(4:0)_rp_a [metab-u-rppos],CAR(4:0)_rp_a,CAR(4:0)_rp_a [metab-u-rppos],,,,-0.604954033663567,1.4997642855389399e-16,7.048892142033041e-15,down_in_numerator,significant_FDR<0.05,"0.60 log2-units lower in HIGHER post-exercise (endurance, late post) (p=1.50e-16, FDR=7.05e-15)",data/live/volcano_motrpac_human_plasma_endur_post.csv,refmet_class_annotation
acylcarnitine,class,Car(14:2)_isomer1 [metab-u-lrppos],inferred_name_pattern,requires_human_review,requires_human_review,MoTrPAC DataHub,human-precovid-sed-adu,MoTrPAC human acute exercise (precovid sedentary adults),ADUEndur.post_3.5_4_hr - ADUEndur.pre_exercise,https://motrpac-data.org/data-download,plasma,"acute, endurance bout, late post (~3.5-4 hr) vs pre",metab-u-lrppos,,Car(14:2)_isomer1 [metab-u-lrppos],Car(14:2)_isomer1,Car(14:2)_isomer1 [metab-u-lrppos],,,,0.665183888898106,2.09122637245563e-16,5.244795742118721e-15,up_in_numerator,significant_FDR<0.05,"0.67 log2-units higher in HIGHER post-exercise (endurance, late post) (p=2.09e-16, FDR=5.24e-15)",data/live/volcano_motrpac_human_plasma_endur_post.csv,refmet_class_annotation
acylcarnitine,class,Car(4:0) [metab-u-lrppos],inferred_name_pattern,requires_human_review,requires_human_review,MoTrPAC DataHub,human-precovid-sed-adu,MoTrPAC human acute exercise (precovid sedentary adults),ADUEndur.post_3.5_4_hr - ADUEndur.pre_exercise,https://motrpac-data.org/data-download,plasma,"acute, endurance bout, late post (~3.5-4 hr) vs pre",metab-u-lrppos,,Car(4:0) [metab-u-lrppos],Car(4:0),Car(4:0) [metab-u-lrppos],,,,-0.325605101457317,4.1716159385641506e-15,8.71867731159908e-14,down_in_numerator,significant_FDR<0.05,"0.33 log2-units lower in HIGHER post-exercise (endurance, late post) (p=4.17e-15, FDR=8.72e-14)",data/live/volcano_motrpac_human_plasma_endur_post.csv,refmet_class_annotation
acylcarnitine,class,Car(14:0-OH) [metab-u-lrppos],inferred_name_pattern,requires_human_review,requires_human_review,MoTrPAC DataHub,human-precovid-sed-adu,MoTrPAC human acute exercise (precovid sedentary adults),ADUEndur.post_3.5_4_hr - ADUEndur.pre_exercise,https://motrpac-data.org/data-download,plasma,"acute, endurance bout, late post (~3.5-4 hr) vs pre",metab-u-lrppos,,Car(14:0-OH) [metab-u-lrppos],Car(14:0-OH),Car(14:0-OH) [metab-u-lrppos],,,,0.380528886351382,4.466033787884541e-15,9.03291350001164e-14,up_in_numerator,significant_FDR<0.05,"0.38 log2-units higher in HIGHER post-exercise (endurance, late post) (p=4.47e-15, FDR=9.03e-14)",data/live/volcano_motrpac_human_plasma_endur_post.csv,refmet_class_annotation
acylcarnitine,class,Car(14:1-OH) [metab-u-lrppos],inferred_name_pattern,requires_human_review,requires_human_review,MoTrPAC DataHub,human-precovid-sed-adu,MoTrPAC human acute exercise (precovid sedentary adults),ADUEndur.post_3.5_4_hr - ADUEndur.pre_exercise,https://motrpac-data.org/data-download,plasma,"acute, endurance bout, late post (~3.5-4 hr) vs pre",metab-u-lrppos,,Car(14:1-OH) [metab-u-lrppos],Car(14:1-OH),Car(14:1-OH) [metab-u-lrppos],,,,0.60657464812013,6.209290236353761e-15,1.21663280568556e-13,up_in_numerator,significant_FDR<0.05,"0.61 log2-units higher in HIGHER post-exercise (endurance, late post) (p=6.21e-15, FDR=1.22e-13)",data/live/volcano_motrpac_human_plasma_endur_post.csv,refmet_class_annotation
acylcarnitine,class,Car(16:3) [metab-u-lrppos],inferred_name_pattern,requires_human_review,requires_human_review,MoTrPAC DataHub,human-precovid-sed-adu,MoTrPAC human acute exercise (precovid sedentary adults),ADUEndur.post_3.5_4_hr - ADUEndur.pre_exercise,https://motrpac-data.org/data-download,plasma,"acute, endurance bout, late post (~3.5-4 hr) vs pre",metab-u-lrppos,,Car(16:3) [metab-u-lrppos],Car(16:3),Car(16:3) [metab-u-lrppos],,,,0.467304350136942,6.50152263066987e-15,1.23528929982728e-13,up_in_numerator,significant_FDR<0.05,"0.47 log2-units higher in HIGHER post-exercise (endurance, late post) (p=6.50e-15, FDR=1.24e-13)",data/live/volcano_motrpac_human_plasma_endur_post.csv,refmet_class_annotation
acylcarnitine,class,CAR 12:1 [metab-u-hilicpos],refmet_curated_class,accepted_curated,accepted_curated,MoTrPAC DataHub,human-precovid-sed-adu,MoTrPAC human acute exercise (precovid sedentary adults),ADUEndur.post_3.5_4_hr - ADUEndur.pre_exercise,https://motrpac-data.org/data-download,plasma,"acute, endurance bout, late post (~3.5-4 hr) vs pre",metab-u-hilicpos,,CAR 12:1 [metab-u-hilicpos],CAR 12:1,CAR 12:1 [metab-u-hilicpos],Fatty esters,Fatty Acyls,Acyl carnitines,0.599273332466002,1.30702402476386e-13,1.3070240247638598e-12,up_in_numerator,significant_FDR<0.05,"0.60 log2-units higher in HIGHER post-exercise (endurance, late post) (p=1.31e-13, FDR=1.31e-12)",data/live/volcano_motrpac_human_plasma_endur_post.csv,
acylcarnitine,class,Car(13:1) [metab-u-lrppos],inferred_name_pattern,requires_human_review,requires_human_review,MoTrPAC DataHub,human-precovid-sed-adu,MoTrPAC human acute exercise (precovid sedentary adults),ADUEndur.post_3.5_4_hr - ADUEndur.pre_exercise,https://motrpac-data.org/data-download,plasma,"acute, endurance bout, late post (~3.5-4 hr) vs pre",metab-u-lrppos,,Car(13:1) [metab-u-lrppos],Car(13:1),Car(13:1) [metab-u-lrppos],,,,-0.392880832677662,3.2617976552051697e-12,4.64806165866737e-11,down_in_numerator,significant_FDR<0.05,"0.39 log2-units lower in HIGHER post-exercise (endurance, late post) (p=3.26e-12, FDR=4.65e-11)",data/live/volcano_motrpac_human_plasma_endur_post.csv,refmet_class_annotation
acylcarnitine,class,Car(18:1-OH) [metab-u-lrppos],inferred_name_pattern,requires_human_review,requires_human_review,MoTrPAC DataHub,human-precovid-sed-adu,MoTrPAC human acute exercise (precovid sedentary adults),ADUEndur.post_3.5_4_hr - ADUEndur.pre_exercise,https://motrpac-data.org/data-download,plasma,"acute, endurance bout, late post (~3.5-4 hr) vs pre",metab-u-lrppos,,Car(18:1-OH) [metab-u-lrppos],Car(18:1-OH),Car(18:1-OH) [metab-u-lrppos],,,,0.268836196509319,6.784460182401e-12,9.05075858375622e-11,up_in_numerator,significant_FDR<0.05,"0.27 log2-units higher in HIGHER post-exercise (endurance, late post) (p=6.78e-12, FDR=9.05e-11)",data/live/volcano_motrpac_human_plasma_endur_post.csv,refmet_class_annotation
acylcarnitine,class,Car(12:1) [metab-u-lrppos],inferred_name_pattern,requires_human_review,requires_human_review,MoTrPAC DataHub,human-precovid-sed-adu,MoTrPAC human acute exercise (precovid sedentary adults),ADUEndur.post_3.5_4_hr - ADUEndur.pre_exercise,https://motrpac-data.org/data-download,plasma,"acute, endurance bout, late post (~3.5-4 hr) vs pre",metab-u-lrppos,,Car(12:1) [metab-u-lrppos],Car(12:1),Car(12:1) [metab-u-lrppos],,,,0.504994096214205,7.418755741525739e-12,9.690749687367988e-11,up_in_numerator,significant_FDR<0.05,"0.50 log2-units higher in HIGHER post-exercise (endurance, late post) (p=7.42e-12, FDR=9.69e-11)",data/live/volcano_motrpac_human_plasma_endur_post.csv,refmet_class_annotation
acylcarnitine,class,Car(20:1) [metab-u-lrppos],inferred_name_pattern,requires_human_review,requires_human_review,MoTrPAC DataHub,human-precovid-sed-adu,MoTrPAC human acute exercise (precovid sedentary adults),ADUEndur.post_3.5_4_hr - ADUEndur.pre_exercise,https://motrpac-data.org/data-download,plasma,"acute, endurance bout, late post (~3.5-4 hr) vs pre",metab-u-lrppos,,Car(20:1) [metab-u-lrppos],Car(20:1),Car(20:1) [metab-u-lrppos],,,,0.306841733995718,9.10142379685e-12,1.14131854412499e-10,up_in_numerator,significant_FDR<0.05,"0.31 log2-units higher in HIGHER post-exercise (endurance, late post) (p=9.10e-12, FDR=1.14e-10)",data/live/volcano_motrpac_human_plasma_endur_post.csv,refmet_class_annotation
acylcarnitine,class,CAR(11:0) [metab-u-rppos],inferred_name_pattern,requires_human_review,requires_human_review,MoTrPAC DataHub,human-precovid-sed-adu,MoTrPAC human acute exercise (precovid sedentary adults),ADUEndur.post_3.5_4_hr - ADUEndur.pre_exercise,https://motrpac-data.org/data-download,plasma,"acute, endurance bout, late post (~3.5-4 hr) vs pre",metab-u-rppos,,CAR(11:0) [metab-u-rppos],CAR(11:0),CAR(11:0) [metab-u-rppos],,,,-0.590230171250141,1.74405060671169e-11,2.98074103692543e-10,down_in_numerator,significant_FDR<0.05,"0.59 log2-units lower in HIGHER post-exercise (endurance, late post) (p=1.74e-11, FDR=2.98e-10)",data/live/volcano_motrpac_human_plasma_endur_post.csv,refmet_class_annotation
acylcarnitine,class,CAR 4:0 [metab-u-hilicpos],refmet_curated_class,accepted_curated,accepted_curated,MoTrPAC DataHub,human-precovid-sed-adu,MoTrPAC human acute exercise (precovid sedentary adults),ADUEndur.post_3.5_4_hr - ADUEndur.pre_exercise,https://motrpac-data.org/data-download,plasma,"acute, endurance bout, late post (~3.5-4 hr) vs pre",metab-u-hilicpos,,CAR 4:0 [metab-u-hilicpos],CAR 4:0,CAR 4:0 [metab-u-hilicpos],Fatty esters,Fatty Acyls,Acyl carnitines,-0.264706887885502,2.6857905526995696e-11,2.08894820765522e-10,down_in_numerator,significant_FDR<0.05,"0.26 log2-units lower in HIGHER post-exercise (endurance, late post) (p=2.69e-11, FDR=2.09e-10)",data/live/volcano_motrpac_human_plasma_endur_post.csv,
acylcarnitine,class,Carnitine [metab-u-hilicpos],refmet_curated_class,accepted_curated,accepted_curated,MoTrPAC DataHub,human-precovid-sed-adu,MoTrPAC human acute exercise (precovid sedentary adults),ADUEndur.post_3.5_4_hr - ADUEndur.pre_exercise,https://motrpac-data.org/data-download,plasma,"acute, endurance bout, late post (~3.5-4 hr) vs pre",metab-u-hilicpos,,Carnitine [metab-u-hilicpos],Carnitine,Carnitine [metab-u-hilicpos],Carnitines,Organic nitrogen compounds,Carnitines,-0.11175477301753,2.9392743565900295e-11,2.23640440175328e-10,down_in_numerator,significant_FDR<0.05,"0.11 log2-units lower in HIGHER post-exercise (endurance, late post) (p=2.94e-11, FDR=2.24e-10)",data/live/volcano_motrpac_human_plasma_endur_post.csv,
acylcarnitine,class,Car(14:1)_isomer2 [metab-u-lrppos],inferred_name_pattern,requires_human_review,requires_human_review,MoTrPAC DataHub,human-precovid-sed-adu,MoTrPAC human acute exercise (precovid sedentary adults),ADUEndur.post_3.5_4_hr - ADUEndur.pre_exercise,https://motrpac-data.org/data-download,plasma,"acute, endurance bout, late post (~3.5-4 hr) vs pre",metab-u-lrppos,,Car(14:1)_isomer2 [metab-u-lrppos],Car(14:1)_isomer2,Car(14:1)_isomer2 [metab-u-lrppos],,,,0.384020146916395,1.66333419475944e-10,1.7981216208865e-09,up_in_numerator,significant_FDR<0.05,"0.38 log2-units higher in HIGHER post-exercise (endurance, late post) (p=1.66e-10, FDR=1.80e-09)",data/live/volcano_motrpac_human_plasma_endur_post.csv,refmet_class_annotation
acylcarnitine,class,CAR 18:0 [metab-u-hilicpos],refmet_curated_class,accepted_curated,accepted_curated,MoTrPAC DataHub,human-precovid-sed-adu,MoTrPAC human acute exercise (precovid sedentary adults),ADUEndur.post_3.5_4_hr - ADUEndur.pre_exercise,https://motrpac-data.org/data-download,plasma,"acute, endurance bout, late post (~3.5-4 hr) vs pre",metab-u-hilicpos,,CAR 18:0 [metab-u-hilicpos],CAR 18:0,CAR 18:0 [metab-u-hilicpos],Fatty esters,Fatty Acyls,Acyl carnitines,0.343031743005888,2.95898597913777e-10,2.0306766523494502e-09,up_in_numerator,significant_FDR<0.05,"0.34 log2-units higher in HIGHER post-exercise (endurance, late post) (p=2.96e-10, FDR=2.03e-09)",data/live/volcano_motrpac_human_plasma_endur_post.csv,
acylcarnitine,class,Car(14:2)_isomer2 [metab-u-lrppos],inferred_name_pattern,requires_human_review,requires_human_review,MoTrPAC DataHub,human-precovid-sed-adu,MoTrPAC human acute exercise (precovid sedentary adults),ADUEndur.post_3.5_4_hr - ADUEndur.pre_exercise,https://motrpac-data.org/data-download,plasma,"acute, endurance bout, late post (~3.5-4 hr) vs pre",metab-u-lrppos,,Car(14:2)_isomer2 [metab-u-lrppos],Car(14:2)_isomer2,Car(14:2)_isomer2 [metab-u-lrppos],,,,0.401049542329073,3.2397677438492003e-10,3.3855572923224102e-09,up_in_numerator,significant_FDR<0.05,"0.40 log2-units higher in HIGHER post-exercise (endurance, late post) (p=3.24e-10, FDR=3.39e-09)",data/live/volcano_motrpac_human_plasma_endur_post.csv,refmet_class_annotation
acylcarnitine,class,CAR(3:0) [metab-u-rppos],inferred_name_pattern,requires_human_review,requires_human_review,MoTrPAC DataHub,human-precovid-sed-adu,MoTrPAC human acute exercise (precovid sedentary adults),ADUEndur.post_3.5_4_hr - ADUEndur.pre_exercise,https://motrpac-data.org/data-download,plasma,"acute, endurance bout, late post (~3.5-4 hr) vs pre",metab-u-rppos,,CAR(3:0) [metab-u-rppos],CAR(3:0),CAR(3:0) [metab-u-rppos],,,,-0.489330103642953,7.09704216927409e-10,9.53031377016806e-09,down_in_numerator,significant_FDR<0.05,"0.49 log2-units lower in HIGHER post-exercise (endurance, late post) (p=7.10e-10, FDR=9.53e-09)",data/live/volcano_motrpac_human_plasma_endur_post.csv,refmet_class_annotation
acylcarnitine,class,Car(18:2)_isomer1 [metab-u-lrppos],inferred_name_pattern,requires_human_review,requires_human_review,MoTrPAC DataHub,human-precovid-sed-adu,MoTrPAC human acute exercise (precovid sedentary adults),ADUEndur.post_3.5_4_hr - ADUEndur.pre_exercise,https://motrpac-data.org/data-download,plasma,"acute, endurance bout, late post (~3.5-4 hr) vs pre",metab-u-lrppos,,Car(18:2)_isomer1 [metab-u-lrppos],Car(18:2)_isomer1,Car(18:2)_isomer1 [metab-u-lrppos],,,,0.245369629448451,1.06306500655266e-09,1.05800279223574e-08,up_in_numerator,significant_FDR<0.05,"0.25 log2-units higher in HIGHER post-exercise (endurance, late post) (p=1.06e-09, FDR=1.06e-08)",data/live/volcano_motrpac_human_plasma_endur_post.csv,refmet_class_annotation
acylcarnitine,class,Car(5:0) [metab-u-lrppos],inferred_name_pattern,requires_human_review,requires_human_review,MoTrPAC DataHub,human-precovid-sed-adu,MoTrPAC human acute exercise (precovid sedentary adults),ADUEndur.post_3.5_4_hr - ADUEndur.pre_exercise,https://motrpac-data.org/data-download,plasma,"acute, endurance bout, late post (~3.5-4 hr) vs pre",metab-u-lrppos,,Car(5:0) [metab-u-lrppos],Car(5:0),Car(5:0) [metab-u-lrppos],,,,-0.319300169539524,2.2211066227731303e-09,2.14251361919808e-08,down_in_numerator,significant_FDR<0.05,"0.32 log2-units lower in HIGHER post-exercise (endurance, late post) (p=2.22e-09, FDR=2.14e-08)",data/live/volcano_motrpac_human_plasma_endur_post.csv,refmet_class_annotation
acylcarnitine,class,CAR(14:2) [metab-u-rppos],inferred_name_pattern,requires_human_review,requires_human_review,MoTrPAC DataHub,human-precovid-sed-adu,MoTrPAC human acute exercise (precovid sedentary adults),ADUEndur.post_3.5_4_hr - ADUEndur.pre_exercise,https://motrpac-data.org/data-download,plasma,"acute, endurance bout, late post (~3.5-4 hr) vs pre",metab-u-rppos,,CAR(14:2) [metab-u-rppos],CAR(14:2),CAR(14:2) [metab-u-rppos],,,,0.635931861565975,7.8327490743083e-09,8.18087125538867e-08,up_in_numerator,significant_FDR<0.05,"0.64 log2-units higher in HIGHER post-exercise (endurance, late post) (p=7.83e-09, FDR=8.18e-08)",data/live/volcano_motrpac_human_plasma_endur_post.csv,refmet_class_annotation
acylcarnitine,class,CAR 6:0 [metab-u-hilicpos],refmet_curated_class,accepted_curated,accepted_curated,MoTrPAC DataHub,human-precovid-sed-adu,MoTrPAC human acute exercise (precovid sedentary adults),ADUEndur.post_3.5_4_hr - ADUEndur.pre_exercise,https://motrpac-data.org/data-download,plasma,"acute, endurance bout, late post (~3.5-4 hr) vs pre",metab-u-hilicpos,,CAR 6:0 [metab-u-hilicpos],CAR 6:0,CAR 6:0 [metab-u-hilicpos],Fatty esters,Fatty Acyls,Acyl carnitines,0.44379863359182,3.35776699993759e-08,1.83627882809087e-07,up_in_numerator,significant_FDR<0.05,"0.44 log2-units higher in HIGHER post-exercise (endurance, late post) (p=3.36e-08, FDR=1.84e-07)",data/live/volcano_motrpac_human_plasma_endur_post.csv,
acylcarnitine,class,carnitine [metab-u-lrppos],refmet_curated_class,accepted_curated,accepted_curated,MoTrPAC DataHub,human-precovid-sed-adu,MoTrPAC human acute exercise (precovid sedentary adults),ADUEndur.post_3.5_4_hr - ADUEndur.pre_exercise,https://motrpac-data.org/data-download,plasma,"acute, endurance bout, late post (~3.5-4 hr) vs pre",metab-u-lrppos,,carnitine [metab-u-lrppos],carnitine,carnitine [metab-u-lrppos],Carnitines,Organic nitrogen compounds,Carnitines,-0.203070659161714,5.04121390287956e-08,3.85468428915303e-07,down_in_numerator,significant_FDR<0.05,"0.20 log2-units lower in HIGHER post-exercise (endurance, late post) (p=5.04e-08, FDR=3.85e-07)",data/live/volcano_motrpac_human_plasma_endur_post.csv,
acylcarnitine,class,CAR(16:1) [metab-u-rppos],inferred_name_pattern,requires_human_review,requires_human_review,MoTrPAC DataHub,human-precovid-sed-adu,MoTrPAC human acute exercise (precovid sedentary adults),ADUEndur.post_3.5_4_hr - ADUEndur.pre_exercise,https://motrpac-data.org/data-download,plasma,"acute, endurance bout, late post (~3.5-4 hr) vs pre",metab-u-rppos,,CAR(16:1) [metab-u-rppos],CAR(16:1),CAR(16:1) [metab-u-rppos],,,,0.450280086932651,6.99946637621924e-08,6.45532667220685e-07,up_in_numerator,significant_FDR<0.05,"0.45 log2-units higher in HIGHER post-exercise (endurance, late post) (p=7.00e-08, FDR=6.46e-07)",data/live/volcano_motrpac_human_plasma_endur_post.csv,refmet_class_annotation
acylcarnitine,class,CAR(5:0)_rp_b [metab-u-rppos],inferred_name_pattern,requires_human_review,requires_human_review,MoTrPAC DataHub,human-precovid-sed-adu,MoTrPAC human acute exercise (precovid sedentary adults),ADUEndur.post_3.5_4_hr - ADUEndur.pre_exercise,https://motrpac-data.org/data-download,plasma,"acute, endurance bout, late post (~3.5-4 hr) vs pre",metab-u-rppos,,CAR(5:0)_rp_b [metab-u-rppos],CAR(5:0)_rp_b,CAR(5:0)_rp_b [metab-u-rppos],,,,-0.455999743649343,7.21073724023106e-08,6.45532667220685e-07,down_in_numerator,significant_FDR<0.05,"0.46 log2-units lower in HIGHER post-exercise (endurance, late post) (p=7.21e-08, FDR=6.46e-07)",data/live/volcano_motrpac_human_plasma_endur_post.csv,refmet_class_annotation
acylcarnitine,class,Car(18:0) [metab-u-lrppos],inferred_name_pattern,requires_human_review,requires_human_review,MoTrPAC DataHub,human-precovid-sed-adu,MoTrPAC human acute exercise (precovid sedentary adults),ADUEndur.post_3.5_4_hr - ADUEndur.pre_exercise,https://motrpac-data.org/data-download,plasma,"acute, endurance bout, late post (~3.5-4 hr) vs pre",metab-u-lrppos,,Car(18:0) [metab-u-lrppos],Car(18:0),Car(18:0) [metab-u-lrppos],,,,0.275962249129176,1.00540878809193e-07,7.16353761515499e-07,up_in_numerator,significant_FDR<0.05,"0.28 log2-units higher in HIGHER post-exercise (endurance, late post) (p=1.01e-07, FDR=7.16e-07)",data/live/volcano_motrpac_human_plasma_endur_post.csv,refmet_class_annotation
acylcarnitine,class,Car(11:0) [metab-u-lrppos],inferred_name_pattern,requires_human_review,requires_human_review,MoTrPAC DataHub,human-precovid-sed-adu,MoTrPAC human acute exercise (precovid sedentary adults),ADUEndur.post_3.5_4_hr - ADUEndur.pre_exercise,https://motrpac-data.org/data-download,plasma,"acute, endurance bout, late post (~3.5-4 hr) vs pre",metab-u-lrppos,,Car(11:0) [metab-u-lrppos],Car(11:0),Car(11:0) [metab-u-lrppos],,,,-0.305985312958629,2.00371614318938e-07,1.33652129976568e-06,down_in_numerator,significant_FDR<0.05,"0.31 log2-units lower in HIGHER post-exercise (endurance, late post) (p=2.00e-07, FDR=1.34e-06)",data/live/volcano_motrpac_human_plasma_endur_post.csv,refmet_class_annotation
acylcarnitine,class,CAR(5:0)_rp_a [metab-u-rppos],inferred_name_pattern,requires_human_review,requires_human_review,MoTrPAC DataHub,human-precovid-sed-adu,MoTrPAC human acute exercise (precovid sedentary adults),ADUEndur.post_3.5_4_hr - ADUEndur.pre_exercise,https://motrpac-data.org/data-download,plasma,"acute, endurance bout, late post (~3.5-4 hr) vs pre",metab-u-rppos,,CAR(5:0)_rp_a [metab-u-rppos],CAR(5:0)_rp_a,CAR(5:0)_rp_a [metab-u-rppos],,,,-0.323104592117716,2.73644111678336e-07,2.05780371982109e-06,down_in_numerator,significant_FDR<0.05,"0.32 log2-units lower in HIGHER post-exercise (endurance, late post) (p=2.74e-07, FDR=2.06e-06)",data/live/volcano_motrpac_human_plasma_endur_post.csv,refmet_class_annotation
acylcarnitine,class,Car(18:3) [metab-u-lrppos],inferred_name_pattern,requires_human_review,requires_human_review,MoTrPAC DataHub,human-precovid-sed-adu,MoTrPAC human acute exercise (precovid sedentary adults),ADUEndur.post_3.5_4_hr - ADUEndur.pre_exercise,https://motrpac-data.org/data-download,plasma,"acute, endurance bout, late post (~3.5-4 hr) vs pre",metab-u-lrppos,,Car(18:3) [metab-u-lrppos],Car(18:3),Car(18:3) [metab-u-lrppos],,,,0.309406357245955,2.88450531051301e-07,1.90377350493858e-06,up_in_numerator,significant_FDR<0.05,"0.31 log2-units higher in HIGHER post-exercise (endurance, late post) (p=2.88e-07, FDR=1.90e-06)",data/live/volcano_motrpac_human_plasma_endur_post.csv,refmet_class_annotation
acylcarnitine,class,CAR(16:2) [metab-u-rppos],inferred_name_pattern,requires_human_review,requires_human_review,MoTrPAC DataHub,human-precovid-sed-adu,MoTrPAC human acute exercise (precovid sedentary adults),ADUEndur.post_3.5_4_hr - ADUEndur.pre_exercise,https://motrpac-data.org/data-download,plasma,"acute, endurance bout, late post (~3.5-4 hr) vs pre",metab-u-rppos,,CAR(16:2) [metab-u-rppos],CAR(16:2),CAR(16:2) [metab-u-rppos],,,,0.48672498860893,6.04399585811213e-07,4.37027392817338e-06,up_in_numerator,significant_FDR<0.05,"0.49 log2-units higher in HIGHER post-exercise (endurance, late post) (p=6.04e-07, FDR=4.37e-06)",data/live/volcano_motrpac_human_plasma_endur_post.csv,refmet_class_annotation
acylcarnitine,class,Car(14:2-OH) [metab-u-lrppos],inferred_name_pattern,requires_human_review,requires_human_review,MoTrPAC DataHub,human-precovid-sed-adu,MoTrPAC human acute exercise (precovid sedentary adults),ADUEndur.post_3.5_4_hr - ADUEndur.pre_exercise,https://motrpac-data.org/data-download,plasma,"acute, endurance bout, late post (~3.5-4 hr) vs pre",metab-u-lrppos,,Car(14:2-OH) [metab-u-lrppos],Car(14:2-OH),Car(14:2-OH) [metab-u-lrppos],,,,0.389554840238194,8.14295383082233e-07,4.90926158839e-06,up_in_numerator,significant_FDR<0.05,"0.39 log2-units higher in HIGHER post-exercise (endurance, late post) (p=8.14e-07, FDR=4.91e-06)",data/live/volcano_motrpac_human_plasma_endur_post.csv,refmet_class_annotation
acylcarnitine,class,CAR(14:1) [metab-u-rppos],inferred_name_pattern,requires_human_review,requires_human_review,MoTrPAC DataHub,human-precovid-sed-adu,MoTrPAC human acute exercise (precovid sedentary adults),ADUEndur.post_3.5_4_hr - ADUEndur.pre_exercise,https://motrpac-data.org/data-download,plasma,"acute, endurance bout, late post (~3.5-4 hr) vs pre",metab-u-rppos,,CAR(14:1) [metab-u-rppos],CAR(14:1),CAR(14:1) [metab-u-rppos],,,,0.51927674332412,1.1027575633747e-06,7.40422935408727e-06,up_in_numerator,significant_FDR<0.05,"0.52 log2-units higher in HIGHER post-exercise (endurance, late post) (p=1.10e-06, FDR=7.40e-06)",data/live/volcano_motrpac_human_plasma_endur_post.csv,refmet_class_annotation
acylcarnitine,class,CAR 12:0 [metab-u-hilicpos],refmet_curated_class,accepted_curated,accepted_curated,MoTrPAC DataHub,human-precovid-sed-adu,MoTrPAC human acute exercise (precovid sedentary adults),ADUEndur.post_3.5_4_hr - ADUEndur.pre_exercise,https://motrpac-data.org/data-download,plasma,"acute, endurance bout, late post (~3.5-4 hr) vs pre",metab-u-hilicpos,,CAR 12:0 [metab-u-hilicpos],CAR 12:0,CAR 12:0 [metab-u-hilicpos],Fatty esters,Fatty Acyls,Acyl carnitines,0.409169711133671,1.70992585231221e-06,7.04087115657967e-06,up_in_numerator,significant_FDR<0.05,"0.41 log2-units higher in HIGHER post-exercise (endurance, late post) (p=1.71e-06, FDR=7.04e-06)",data/live/volcano_motrpac_human_plasma_endur_post.csv,
acylcarnitine,class,CAR(12:1) [metab-u-rppos],inferred_name_pattern,requires_human_review,requires_human_review,MoTrPAC DataHub,human-precovid-sed-adu,MoTrPAC human acute exercise (precovid sedentary adults),ADUEndur.post_3.5_4_hr - ADUEndur.pre_exercise,https://motrpac-data.org/data-download,plasma,"acute, endurance bout, late post (~3.5-4 hr) vs pre",metab-u-rppos,,CAR(12:1) [metab-u-rppos],CAR(12:1),CAR(12:1) [metab-u-rppos],,,,0.484272863349112,2.30836865075664e-06,1.31507062527954e-05,up_in_numerator,significant_FDR<0.05,"0.48 log2-units higher in HIGHER post-exercise (endurance, late post) (p=2.31e-06, FDR=1.32e-05)",data/live/volcano_motrpac_human_plasma_endur_post.csv,refmet_class_annotation
acylcarnitine,class,CAR 5:0 [metab-u-hilicpos],refmet_curated_class,accepted_curated,accepted_curated,MoTrPAC DataHub,human-precovid-sed-adu,MoTrPAC human acute exercise (precovid sedentary adults),ADUEndur.post_3.5_4_hr - ADUEndur.pre_exercise,https://motrpac-data.org/data-download,plasma,"acute, endurance bout, late post (~3.5-4 hr) vs pre",metab-u-hilicpos,,CAR 5:0 [metab-u-hilicpos],CAR 5:0,CAR 5:0 [metab-u-hilicpos],Fatty esters,Fatty Acyls,Acyl carnitines,-0.235169488000864,7.13302170141479e-06,2.68447053279051e-05,down_in_numerator,significant_FDR<0.05,"0.24 log2-units lower in HIGHER post-exercise (endurance, late post) (p=7.13e-06, FDR=2.68e-05)",data/live/volcano_motrpac_human_plasma_endur_post.csv,
acylcarnitine,class,CAR(18:1) [metab-u-rppos],inferred_name_pattern,requires_human_review,requires_human_review,MoTrPAC DataHub,human-precovid-sed-adu,MoTrPAC human acute exercise (precovid sedentary adults),ADUEndur.post_3.5_4_hr - ADUEndur.pre_exercise,https://motrpac-data.org/data-download,plasma,"acute, endurance bout, late post (~3.5-4 hr) vs pre",metab-u-rppos,,CAR(18:1) [metab-u-rppos],CAR(18:1),CAR(18:1) [metab-u-rppos],,,,0.624158040526819,7.22138940735013e-06,3.66924650968061e-05,up_in_numerator,significant_FDR<0.05,"0.62 log2-units higher in HIGHER post-exercise (endurance, late post) (p=7.22e-06, FDR=3.67e-05)",data/live/volcano_motrpac_human_plasma_endur_post.csv,refmet_class_annotation
acylcarnitine,class,Car(13:0) [metab-u-lrppos],inferred_name_pattern,requires_human_review,requires_human_review,MoTrPAC DataHub,human-precovid-sed-adu,MoTrPAC human acute exercise (precovid sedentary adults),ADUEndur.post_3.5_4_hr - ADUEndur.pre_exercise,https://motrpac-data.org/data-download,plasma,"acute, endurance bout, late post (~3.5-4 hr) vs pre",metab-u-lrppos,,Car(13:0) [metab-u-lrppos],Car(13:0),Car(13:0) [metab-u-lrppos],,,,-0.198714281105403,9.12891968805216e-06,4.65352247512903e-05,down_in_numerator,significant_FDR<0.05,"0.20 log2-units lower in HIGHER post-exercise (endurance, late post) (p=9.13e-06, FDR=4.65e-05)",data/live/volcano_motrpac_human_plasma_endur_post.csv,refmet_class_annotation
acylcarnitine,class,CAR 12:0;OH [metab-u-hilicpos],refmet_curated_class,accepted_curated,accepted_curated,MoTrPAC DataHub,human-precovid-sed-adu,MoTrPAC human acute exercise (precovid sedentary adults),ADUEndur.post_3.5_4_hr - ADUEndur.pre_exercise,https://motrpac-data.org/data-download,plasma,"acute, endurance bout, late post (~3.5-4 hr) vs pre",metab-u-hilicpos,,CAR 12:0;OH [metab-u-hilicpos],CAR 12:0;OH,CAR 12:0;OH [metab-u-hilicpos],Fatty esters,Fatty Acyls,Acyl carnitines,0.584246807229089,1.65608200288647e-05,5.85483536374004e-05,up_in_numerator,significant_FDR<0.05,"0.58 log2-units higher in HIGHER post-exercise (endurance, late post) (p=1.66e-05, FDR=5.85e-05)",data/live/volcano_motrpac_human_plasma_endur_post.csv,
acylcarnitine,class,Car(12:0-OH) [metab-u-lrppos],inferred_name_pattern,requires_human_review,requires_human_review,MoTrPAC DataHub,human-precovid-sed-adu,MoTrPAC human acute exercise (precovid sedentary adults),ADUEndur.post_3.5_4_hr - ADUEndur.pre_exercise,https://motrpac-data.org/data-download,plasma,"acute, endurance bout, late post (~3.5-4 hr) vs pre",metab-u-lrppos,,Car(12:0-OH) [metab-u-lrppos],Car(12:0-OH),Car(12:0-OH) [metab-u-lrppos],,,,0.304122763050696,1.90141764596078e-05,9.31397550013602e-05,up_in_numerator,significant_FDR<0.05,"0.30 log2-units higher in HIGHER post-exercise (endurance, late post) (p=1.90e-05, FDR=9.31e-05)",data/live/volcano_motrpac_human_plasma_endur_post.csv,refmet_class_annotation
acylcarnitine,class,CAR 8:0;OH [metab-u-hilicpos],refmet_curated_class,accepted_curated,accepted_curated,MoTrPAC DataHub,human-precovid-sed-adu,MoTrPAC human acute exercise (precovid sedentary adults),ADUEndur.post_3.5_4_hr - ADUEndur.pre_exercise,https://motrpac-data.org/data-download,plasma,"acute, endurance bout, late post (~3.5-4 hr) vs pre",metab-u-hilicpos,,CAR 8:0;OH [metab-u-hilicpos],CAR 8:0;OH,CAR 8:0;OH [metab-u-hilicpos],Fatty esters,Fatty Acyls,Acyl carnitines,0.347565156302403,2.60169844910096e-05,8.89355109540019e-05,up_in_numerator,significant_FDR<0.05,"0.35 log2-units higher in HIGHER post-exercise (endurance, late post) (p=2.60e-05, FDR=8.89e-05)",data/live/volcano_motrpac_human_plasma_endur_post.csv,
acylcarnitine,class,Car(12:0) [metab-u-lrppos],inferred_name_pattern,requires_human_review,requires_human_review,MoTrPAC DataHub,human-precovid-sed-adu,MoTrPAC human acute exercise (precovid sedentary adults),ADUEndur.post_3.5_4_hr - ADUEndur.pre_exercise,https://motrpac-data.org/data-download,plasma,"acute, endurance bout, late post (~3.5-4 hr) vs pre",metab-u-lrppos,,Car(12:0) [metab-u-lrppos],Car(12:0),Car(12:0) [metab-u-lrppos],,,,0.329091093457976,2.85241177731754e-05,0.0001365238308685,up_in_numerator,significant_FDR<0.05,"0.33 log2-units higher in HIGHER post-exercise (endurance, late post) (p=2.85e-05, FDR=1.37e-04)",data/live/volcano_motrpac_human_plasma_endur_post.csv,refmet_class_annotation
acylcarnitine,class,Car(12:3) [metab-u-lrppos],inferred_name_pattern,requires_human_review,requires_human_review,MoTrPAC DataHub,human-precovid-sed-adu,MoTrPAC human acute exercise (precovid sedentary adults),ADUEndur.post_3.5_4_hr - ADUEndur.pre_exercise,https://motrpac-data.org/data-download,plasma,"acute, endurance bout, late post (~3.5-4 hr) vs pre",metab-u-lrppos,,Car(12:3) [metab-u-lrppos],Car(12:3),Car(12:3) [metab-u-lrppos],,,,-0.190976193182255,6.67216434198297e-05,0.0002788964694948,down_in_numerator,significant_FDR<0.05,"0.19 log2-units lower in HIGHER post-exercise (endurance, late post) (p=6.67e-05, FDR=2.79e-04)",data/live/volcano_motrpac_human_plasma_endur_post.csv,refmet_class_annotation
acylcarnitine,class,Car(6:0) [metab-u-lrppos],inferred_name_pattern,requires_human_review,requires_human_review,MoTrPAC DataHub,human-precovid-sed-adu,MoTrPAC human acute exercise (precovid sedentary adults),ADUEndur.post_3.5_4_hr - ADUEndur.pre_exercise,https://motrpac-data.org/data-download,plasma,"acute, endurance bout, late post (~3.5-4 hr) vs pre",metab-u-lrppos,,Car(6:0) [metab-u-lrppos],Car(6:0),Car(6:0) [metab-u-lrppos],,,,0.232412939732519,9.68068694381981e-05,0.0003841639692262,up_in_numerator,significant_FDR<0.05,"0.23 log2-units higher in HIGHER post-exercise (endurance, late post) (p=9.68e-05, FDR=3.84e-04)",data/live/volcano_motrpac_human_plasma_endur_post.csv,refmet_class_annotation
acylcarnitine,class,CAR 10:0;OH [metab-u-hilicpos],refmet_curated_class,accepted_curated,accepted_curated,MoTrPAC DataHub,human-precovid-sed-adu,MoTrPAC human acute exercise (precovid sedentary adults),ADUEndur.post_3.5_4_hr - ADUEndur.pre_exercise,https://motrpac-data.org/data-download,plasma,"acute, endurance bout, late post (~3.5-4 hr) vs pre",metab-u-hilicpos,,CAR 10:0;OH [metab-u-hilicpos],CAR 10:0;OH,CAR 10:0;OH [metab-u-hilicpos],Fatty esters,Fatty Acyls,Acyl carnitines,0.404097964863027,0.000177883200672,0.0005188260019601,up_in_numerator,significant_FDR<0.05,"0.40 log2-units higher in HIGHER post-exercise (endurance, late post) (p=1.78e-04, FDR=5.19e-04)",data/live/volcano_motrpac_human_plasma_endur_post.csv,
acylcarnitine,class,Car(11:1) [metab-u-lrppos],inferred_name_pattern,requires_human_review,requires_human_review,MoTrPAC DataHub,human-precovid-sed-adu,MoTrPAC human acute exercise (precovid sedentary adults),ADUEndur.post_3.5_4_hr - ADUEndur.pre_exercise,https://motrpac-data.org/data-download,plasma,"acute, endurance bout, late post (~3.5-4 hr) vs pre",metab-u-lrppos,,Car(11:1) [metab-u-lrppos],Car(11:1),Car(11:1) [metab-u-lrppos],,,,-0.157695649651036,0.0004566927262956,0.0016086872999289,down_in_numerator,significant_FDR<0.05,"0.16 log2-units lower in HIGHER post-exercise (endurance, late post) (p=4.57e-04, FDR=1.61e-03)",data/live/volcano_motrpac_human_plasma_endur_post.csv,refmet_class_annotation
acylcarnitine,class,CAR(2:0) [metab-u-rppos],inferred_name_pattern,requires_human_review,requires_human_review,MoTrPAC DataHub,human-precovid-sed-adu,MoTrPAC human acute exercise (precovid sedentary adults),ADUEndur.post_3.5_4_hr - ADUEndur.pre_exercise,https://motrpac-data.org/data-download,plasma,"acute, endurance bout, late post (~3.5-4 hr) vs pre",metab-u-rppos,,CAR(2:0) [metab-u-rppos],CAR(2:0),CAR(2:0) [metab-u-rppos],,,,0.583257105119575,0.0006431695131201,0.0024183173693319,up_in_numerator,significant_FDR<0.05,"0.58 log2-units higher in HIGHER post-exercise (endurance, late post) (p=6.43e-04, FDR=2.42e-03)",data/live/volcano_motrpac_human_plasma_endur_post.csv,refmet_class_annotation
acylcarnitine,class,Car(20:2) [metab-u-lrppos],inferred_name_pattern,requires_human_review,requires_human_review,MoTrPAC DataHub,human-precovid-sed-adu,MoTrPAC human acute exercise (precovid sedentary adults),ADUEndur.post_3.5_4_hr - ADUEndur.pre_exercise,https://motrpac-data.org/data-download,plasma,"acute, endurance bout, late post (~3.5-4 hr) vs pre",metab-u-lrppos,,Car(20:2) [metab-u-lrppos],Car(20:2),Car(20:2) [metab-u-lrppos],,,,0.185913095063242,0.0007601076139245,0.0024952223766004,up_in_numerator,significant_FDR<0.05,"0.19 log2-units higher in HIGHER post-exercise (endurance, late post) (p=7.60e-04, FDR=2.50e-03)",data/live/volcano_motrpac_human_plasma_endur_post.csv,refmet_class_annotation
acylcarnitine,class,CAR(14:0) [metab-u-rppos],inferred_name_pattern,requires_human_review,requires_human_review,MoTrPAC DataHub,human-precovid-sed-adu,MoTrPAC human acute exercise (precovid sedentary adults),ADUEndur.post_3.5_4_hr - ADUEndur.pre_exercise,https://motrpac-data.org/data-download,plasma,"acute, endurance bout, late post (~3.5-4 hr) vs pre",metab-u-rppos,,CAR(14:0) [metab-u-rppos],CAR(14:0),CAR(14:0) [metab-u-rppos],,,,0.255706755354581,0.0009365894829814,0.0032607189407502,up_in_numerator,significant_FDR<0.05,"0.26 log2-units higher in HIGHER post-exercise (endurance, late post) (p=9.37e-04, FDR=3.26e-03)",data/live/volcano_motrpac_human_plasma_endur_post.csv,refmet_class_annotation
acylcarnitine,class,CAR 10:0 [metab-u-hilicpos],refmet_curated_class,accepted_curated,accepted_curated,MoTrPAC DataHub,human-precovid-sed-adu,MoTrPAC human acute exercise (precovid sedentary adults),ADUEndur.post_3.5_4_hr - ADUEndur.pre_exercise,https://motrpac-data.org/data-download,plasma,"acute, endurance bout, late post (~3.5-4 hr) vs pre",metab-u-hilicpos,,CAR 10:0 [metab-u-hilicpos],CAR 10:0,CAR 10:0 [metab-u-hilicpos],Fatty esters,Fatty Acyls,Acyl carnitines,0.322671013339377,0.0010419398588991,0.0025150272456186,up_in_numerator,significant_FDR<0.05,"0.32 log2-units higher in HIGHER post-exercise (endurance, late post) (p=1.04e-03, FDR=2.52e-03)",data/live/volcano_motrpac_human_plasma_endur_post.csv,
acylcarnitine,class,CAR(5:0(OH)) [metab-u-rppos],inferred_name_pattern,requires_human_review,requires_human_review,MoTrPAC DataHub,human-precovid-sed-adu,MoTrPAC human acute exercise (precovid sedentary adults),ADUEndur.post_3.5_4_hr - ADUEndur.pre_exercise,https://motrpac-data.org/data-download,plasma,"acute, endurance bout, late post (~3.5-4 hr) vs pre",metab-u-rppos,,CAR(5:0(OH)) [metab-u-rppos],CAR(5:0(OH)),CAR(5:0(OH)) [metab-u-rppos],,,,-0.224061055616495,0.0012359056321778,0.0042245501608988,down_in_numerator,significant_FDR<0.05,"0.22 log2-units lower in HIGHER post-exercise (endurance, late post) (p=1.24e-03, FDR=4.22e-03)",data/live/volcano_motrpac_human_plasma_endur_post.csv,refmet_class_annotation
acylcarnitine,class,Car(20:3) [metab-u-lrppos],inferred_name_pattern,requires_human_review,requires_human_review,MoTrPAC DataHub,human-precovid-sed-adu,MoTrPAC human acute exercise (precovid sedentary adults),ADUEndur.post_3.5_4_hr - ADUEndur.pre_exercise,https://motrpac-data.org/data-download,plasma,"acute, endurance bout, late post (~3.5-4 hr) vs pre",metab-u-lrppos,,Car(20:3) [metab-u-lrppos],Car(20:3),Car(20:3) [metab-u-lrppos],,,,0.118421583621835,0.0019654224500045,0.0058962673500137,up_in_numerator,significant_FDR<0.05,"0.12 log2-units higher in HIGHER post-exercise (endurance, late post) (p=1.97e-03, FDR=5.90e-03)",data/live/volcano_motrpac_human_plasma_endur_post.csv,refmet_class_annotation
acylcarnitine,class,Car(10:0) [metab-u-lrppos],inferred_name_pattern,requires_human_review,requires_human_review,MoTrPAC DataHub,human-precovid-sed-adu,MoTrPAC human acute exercise (precovid sedentary adults),ADUEndur.post_3.5_4_hr - ADUEndur.pre_exercise,https://motrpac-data.org/data-download,plasma,"acute, endurance bout, late post (~3.5-4 hr) vs pre",metab-u-lrppos,,Car(10:0) [metab-u-lrppos],Car(10:0),Car(10:0) [metab-u-lrppos],,,,0.283407412654569,0.0019928641514428,0.0059501229664509,up_in_numerator,significant_FDR<0.05,"0.28 log2-units higher in HIGHER post-exercise (endurance, late post) (p=1.99e-03, FDR=5.95e-03)",data/live/volcano_motrpac_human_plasma_endur_post.csv,refmet_class_annotation
acylcarnitine,class,CAR(16:3) [metab-u-rppos],inferred_name_pattern,requires_human_review,requires_human_review,MoTrPAC DataHub,human-precovid-sed-adu,MoTrPAC human acute exercise (precovid sedentary adults),ADUEndur.post_3.5_4_hr - ADUEndur.pre_exercise,https://motrpac-data.org/data-download,plasma,"acute, endurance bout, late post (~3.5-4 hr) vs pre",metab-u-rppos,,CAR(16:3) [metab-u-rppos],CAR(16:3),CAR(16:3) [metab-u-rppos],,,,0.229667278883927,0.0039223087861378,0.011653040436067,up_in_numerator,significant_FDR<0.05,"0.23 log2-units higher in HIGHER post-exercise (endurance, late post) (p=3.92e-03, FDR=1.17e-02)",data/live/volcano_motrpac_human_plasma_endur_post.csv,refmet_class_annotation
acylcarnitine,class,CAR(4:0)_rp_b [metab-u-rppos],inferred_name_pattern,requires_human_review,requires_human_review,MoTrPAC DataHub,human-precovid-sed-adu,MoTrPAC human acute exercise (precovid sedentary adults),ADUEndur.post_3.5_4_hr - ADUEndur.pre_exercise,https://motrpac-data.org/data-download,plasma,"acute, endurance bout, late post (~3.5-4 hr) vs pre",metab-u-rppos,,CAR(4:0)_rp_b [metab-u-rppos],CAR(4:0)_rp_b,CAR(4:0)_rp_b [metab-u-rppos],,,,-0.216058937274099,0.0041671829515427,0.0116929909685081,down_in_numerator,significant_FDR<0.05,"0.22 log2-units lower in HIGHER post-exercise (endurance, late post) (p=4.17e-03, FDR=1.17e-02)",data/live/volcano_motrpac_human_plasma_endur_post.csv,refmet_class_annotation
acylcarnitine,class,Car(10:0-OH) [metab-u-lrppos],inferred_name_pattern,requires_human_review,requires_human_review,MoTrPAC DataHub,human-precovid-sed-adu,MoTrPAC human acute exercise (precovid sedentary adults),ADUEndur.post_3.5_4_hr - ADUEndur.pre_exercise,https://motrpac-data.org/data-download,plasma,"acute, endurance bout, late post (~3.5-4 hr) vs pre",metab-u-lrppos,,Car(10:0-OH) [metab-u-lrppos],Car(10:0-OH),Car(10:0-OH) [metab-u-lrppos],,,,0.176010566388982,0.0047075232762442,0.0126678845244855,up_in_numerator,significant_FDR<0.05,"0.18 log2-units higher in HIGHER post-exercise (endurance, late post) (p=4.71e-03, FDR=1.27e-02)",data/live/volcano_motrpac_human_plasma_endur_post.csv,refmet_class_annotation
acylcarnitine,class,CAR 8:0 [metab-u-hilicpos],refmet_curated_class,accepted_curated,accepted_curated,MoTrPAC DataHub,human-precovid-sed-adu,MoTrPAC human acute exercise (precovid sedentary adults),ADUEndur.post_3.5_4_hr - ADUEndur.pre_exercise,https://motrpac-data.org/data-download,plasma,"acute, endurance bout, late post (~3.5-4 hr) vs pre",metab-u-hilicpos,,CAR 8:0 [metab-u-hilicpos],CAR 8:0,CAR 8:0 [metab-u-hilicpos],Fatty esters,Fatty Acyls,Acyl carnitines,0.258367195473397,0.004779781834587,0.0103908300751891,up_in_numerator,significant_FDR<0.05,"0.26 log2-units higher in HIGHER post-exercise (endurance, late post) (p=4.78e-03, FDR=1.04e-02)",data/live/volcano_motrpac_human_plasma_endur_post.csv,
acylcarnitine,class,CAR 26:0 [metab-u-hilicpos],refmet_curated_class,accepted_curated,accepted_curated,MoTrPAC DataHub,human-precovid-sed-adu,MoTrPAC human acute exercise (precovid sedentary adults),ADUEndur.post_3.5_4_hr - ADUEndur.pre_exercise,https://motrpac-data.org/data-download,plasma,"acute, endurance bout, late post (~3.5-4 hr) vs pre",metab-u-hilicpos,,CAR 26:0 [metab-u-hilicpos],CAR 26:0,CAR 26:0 [metab-u-hilicpos],Fatty esters,Fatty Acyls,Acyl carnitines,0.0716207198789167,0.0049100682617347,0.0105430913595532,up_in_numerator,significant_FDR<0.05,"0.07 log2-units higher in HIGHER post-exercise (endurance, late post) (p=4.91e-03, FDR=1.05e-02)",data/live/volcano_motrpac_human_plasma_endur_post.csv,
acylcarnitine,class,CAR 10:1 [metab-u-hilicpos],refmet_curated_class,accepted_curated,accepted_curated,MoTrPAC DataHub,human-precovid-sed-adu,MoTrPAC human acute exercise (precovid sedentary adults),ADUEndur.post_3.5_4_hr - ADUEndur.pre_exercise,https://motrpac-data.org/data-download,plasma,"acute, endurance bout, late post (~3.5-4 hr) vs pre",metab-u-hilicpos,,CAR 10:1 [metab-u-hilicpos],CAR 10:1,CAR 10:1 [metab-u-hilicpos],Fatty esters,Fatty Acyls,Acyl carnitines,0.182233308702703,0.0084896012221598,0.0174785907515056,up_in_numerator,significant_FDR<0.05,"0.18 log2-units higher in HIGHER post-exercise (endurance, late post) (p=8.49e-03, FDR=1.75e-02)",data/live/volcano_motrpac_human_plasma_endur_post.csv,
acylcarnitine,class,CAR(5:1) [metab-u-rppos],inferred_name_pattern,requires_human_review,requires_human_review,MoTrPAC DataHub,human-precovid-sed-adu,MoTrPAC human acute exercise (precovid sedentary adults),ADUEndur.post_3.5_4_hr - ADUEndur.pre_exercise,https://motrpac-data.org/data-download,plasma,"acute, endurance bout, late post (~3.5-4 hr) vs pre",metab-u-rppos,,CAR(5:1) [metab-u-rppos],CAR(5:1),CAR(5:1) [metab-u-rppos],,,,-0.159316300015359,0.0151099454856222,0.0342249367626141,down_in_numerator,significant_FDR<0.05,"0.16 log2-units lower in HIGHER post-exercise (endurance, late post) (p=1.51e-02, FDR=3.42e-02)",data/live/volcano_motrpac_human_plasma_endur_post.csv,refmet_class_annotation
acylcarnitine,class,Car(12:2) [metab-u-lrppos],inferred_name_pattern,requires_human_review,requires_human_review,MoTrPAC DataHub,human-precovid-sed-adu,MoTrPAC human acute exercise (precovid sedentary adults),ADUEndur.post_3.5_4_hr - ADUEndur.pre_exercise,https://motrpac-data.org/data-download,plasma,"acute, endurance bout, late post (~3.5-4 hr) vs pre",metab-u-lrppos,,Car(12:2) [metab-u-lrppos],Car(12:2),Car(12:2) [metab-u-lrppos],,,,0.139541028821203,0.0176201950638504,0.0377266436323635,up_in_numerator,significant_FDR<0.05,"0.14 log2-units higher in HIGHER post-exercise (endurance, late post) (p=1.76e-02, FDR=3.77e-02)",data/live/volcano_motrpac_human_plasma_endur_post.csv,refmet_class_annotation
acylcarnitine,class,Car(10:1) [metab-u-lrppos],inferred_name_pattern,requires_human_review,requires_human_review,MoTrPAC DataHub,human-precovid-sed-adu,MoTrPAC human acute exercise (precovid sedentary adults),ADUEndur.post_3.5_4_hr - ADUEndur.pre_exercise,https://motrpac-data.org/data-download,plasma,"acute, endurance bout, late post (~3.5-4 hr) vs pre",metab-u-lrppos,,Car(10:1) [metab-u-lrppos],Car(10:1),Car(10:1) [metab-u-lrppos],,,,0.130052013829282,0.0304493287005902,0.0619861334262015,up_in_numerator,not_significant,"0.13 log2-units higher in HIGHER post-exercise (endurance, late post) (p=3.04e-02, FDR=6.20e-02)",data/live/volcano_motrpac_human_plasma_endur_post.csv,refmet_class_annotation
acylcarnitine,class,CAR 7:0 [metab-u-hilicpos],refmet_curated_class,accepted_curated,accepted_curated,MoTrPAC DataHub,human-precovid-sed-adu,MoTrPAC human acute exercise (precovid sedentary adults),ADUEndur.post_3.5_4_hr - ADUEndur.pre_exercise,https://motrpac-data.org/data-download,plasma,"acute, endurance bout, late post (~3.5-4 hr) vs pre",metab-u-hilicpos,,CAR 7:0 [metab-u-hilicpos],CAR 7:0,CAR 7:0 [metab-u-hilicpos],Fatty esters,Fatty Acyls,Acyl carnitines,0.104900348237905,0.0390680793266355,0.0712178529391793,up_in_numerator,not_significant,"0.10 log2-units higher in HIGHER post-exercise (endurance, late post) (p=3.91e-02, FDR=7.12e-02)",data/live/volcano_motrpac_human_plasma_endur_post.csv,
acylcarnitine,class,CAR(18:2) [metab-u-rppos],inferred_name_pattern,requires_human_review,requires_human_review,MoTrPAC DataHub,human-precovid-sed-adu,MoTrPAC human acute exercise (precovid sedentary adults),ADUEndur.post_3.5_4_hr - ADUEndur.pre_exercise,https://motrpac-data.org/data-download,plasma,"acute, endurance bout, late post (~3.5-4 hr) vs pre",metab-u-rppos,,CAR(18:2) [metab-u-rppos],CAR(18:2),CAR(18:2) [metab-u-rppos],,,,0.110998778299873,0.0436684042138807,0.086417473602206,up_in_numerator,not_significant,"0.11 log2-units higher in HIGHER post-exercise (endurance, late post) (p=4.37e-02, FDR=8.64e-02)",data/live/volcano_motrpac_human_plasma_endur_post.csv,refmet_class_annotation
acylcarnitine,class,CAR(16:0) [metab-u-rppos],inferred_name_pattern,requires_human_review,requires_human_review,MoTrPAC DataHub,human-precovid-sed-adu,MoTrPAC human acute exercise (precovid sedentary adults),ADUEndur.post_3.5_4_hr - ADUEndur.pre_exercise,https://motrpac-data.org/data-download,plasma,"acute, endurance bout, late post (~3.5-4 hr) vs pre",metab-u-rppos,,CAR(16:0) [metab-u-rppos],CAR(16:0),CAR(16:0) [metab-u-rppos],,,,0.176379543808935,0.0610314688975907,0.114739161527471,up_in_numerator,not_significant,"0.18 log2-units higher in HIGHER post-exercise (endurance, late post) (p=6.10e-02, FDR=1.15e-01)",data/live/volcano_motrpac_human_plasma_endur_post.csv,refmet_class_annotation
acylcarnitine,class,CAR(6:0) [metab-u-rppos],inferred_name_pattern,requires_human_review,requires_human_review,MoTrPAC DataHub,human-precovid-sed-adu,MoTrPAC human acute exercise (precovid sedentary adults),ADUEndur.post_3.5_4_hr - ADUEndur.pre_exercise,https://motrpac-data.org/data-download,plasma,"acute, endurance bout, late post (~3.5-4 hr) vs pre",metab-u-rppos,,CAR(6:0) [metab-u-rppos],CAR(6:0),CAR(6:0) [metab-u-rppos],,,,0.200793758731724,0.0747303636409306,0.139102063014801,up_in_numerator,not_significant,"0.20 log2-units higher in HIGHER post-exercise (endurance, late post) (p=7.47e-02, FDR=1.39e-01)",data/live/volcano_motrpac_human_plasma_endur_post.csv,refmet_class_annotation
acylcarnitine,class,CAR(8:1) [metab-u-rppos],inferred_name_pattern,requires_human_review,requires_human_review,MoTrPAC DataHub,human-precovid-sed-adu,MoTrPAC human acute exercise (precovid sedentary adults),ADUEndur.post_3.5_4_hr - ADUEndur.pre_exercise,https://motrpac-data.org/data-download,plasma,"acute, endurance bout, late post (~3.5-4 hr) vs pre",metab-u-rppos,,CAR(8:1) [metab-u-rppos],CAR(8:1),CAR(8:1) [metab-u-rppos],,,,-0.203548840737461,0.0770752877994836,0.142060334375519,down_in_numerator,not_significant,"0.20 log2-units lower in HIGHER post-exercise (endurance, late post) (p=7.71e-02, FDR=1.42e-01)",data/live/volcano_motrpac_human_plasma_endur_post.csv,refmet_class_annotation
acylcarnitine,class,3-Dehydroxycarnitine [metab-u-hilicpos],refmet_curated_class,accepted_curated,accepted_curated,MoTrPAC DataHub,human-precovid-sed-adu,MoTrPAC human acute exercise (precovid sedentary adults),ADUEndur.post_3.5_4_hr - ADUEndur.pre_exercise,https://motrpac-data.org/data-download,plasma,"acute, endurance bout, late post (~3.5-4 hr) vs pre",metab-u-hilicpos,,3-Dehydroxycarnitine [metab-u-hilicpos],3-Dehydroxycarnitine,3-Dehydroxycarnitine [metab-u-hilicpos],Fatty esters,Fatty Acyls,Acyl carnitines,-0.0344518730380301,0.0877203790061072,0.143467909589428,down_in_numerator,not_significant,"0.03 log2-units lower in HIGHER post-exercise (endurance, late post) (p=8.77e-02, FDR=1.43e-01)",data/live/volcano_motrpac_human_plasma_endur_post.csv,
acylcarnitine,class,Car(24:0) [metab-u-lrppos],inferred_name_pattern,requires_human_review,requires_human_review,MoTrPAC DataHub,human-precovid-sed-adu,MoTrPAC human acute exercise (precovid sedentary adults),ADUEndur.post_3.5_4_hr - ADUEndur.pre_exercise,https://motrpac-data.org/data-download,plasma,"acute, endurance bout, late post (~3.5-4 hr) vs pre",metab-u-lrppos,,Car(24:0) [metab-u-lrppos],Car(24:0),Car(24:0) [metab-u-lrppos],,,,-0.0468004618895037,0.115274616147892,0.191402759760474,down_in_numerator,not_significant,"0.05 log2-units lower in HIGHER post-exercise (endurance, late post) (p=1.15e-01, FDR=1.91e-01)",data/live/volcano_motrpac_human_plasma_endur_post.csv,refmet_class_annotation
acylcarnitine,class,CAR(20:0) [metab-u-rppos],inferred_name_pattern,requires_human_review,requires_human_review,MoTrPAC DataHub,human-precovid-sed-adu,MoTrPAC human acute exercise (precovid sedentary adults),ADUEndur.post_3.5_4_hr - ADUEndur.pre_exercise,https://motrpac-data.org/data-download,plasma,"acute, endurance bout, late post (~3.5-4 hr) vs pre",metab-u-rppos,,CAR(20:0) [metab-u-rppos],CAR(20:0),CAR(20:0) [metab-u-rppos],,,,-0.0785900576483094,0.142866991170826,0.235605213509783,down_in_numerator,not_significant,"0.08 log2-units lower in HIGHER post-exercise (endurance, late post) (p=1.43e-01, FDR=2.36e-01)",data/live/volcano_motrpac_human_plasma_endur_post.csv,refmet_class_annotation
acylcarnitine,class,CAR(10:0(OH)) [metab-u-rppos],inferred_name_pattern,requires_human_review,requires_human_review,MoTrPAC DataHub,human-precovid-sed-adu,MoTrPAC human acute exercise (precovid sedentary adults),ADUEndur.post_3.5_4_hr - ADUEndur.pre_exercise,https://motrpac-data.org/data-download,plasma,"acute, endurance bout, late post (~3.5-4 hr) vs pre",metab-u-rppos,,CAR(10:0(OH)) [metab-u-rppos],CAR(10:0(OH)),CAR(10:0(OH)) [metab-u-rppos],,,,0.153285727050143,0.226673964969022,0.325303094764704,up_in_numerator,not_significant,"0.15 log2-units higher in HIGHER post-exercise (endurance, late post) (p=2.27e-01, FDR=3.25e-01)",data/live/volcano_motrpac_human_plasma_endur_post.csv,refmet_class_annotation
acylcarnitine,class,CAR(12:0) [metab-u-rppos],inferred_name_pattern,requires_human_review,requires_human_review,MoTrPAC DataHub,human-precovid-sed-adu,MoTrPAC human acute exercise (precovid sedentary adults),ADUEndur.post_3.5_4_hr - ADUEndur.pre_exercise,https://motrpac-data.org/data-download,plasma,"acute, endurance bout, late post (~3.5-4 hr) vs pre",metab-u-rppos,,CAR(12:0) [metab-u-rppos],CAR(12:0),CAR(12:0) [metab-u-rppos],,,,0.121019443344629,0.228585906481325,0.325561745594615,up_in_numerator,not_significant,"0.12 log2-units higher in HIGHER post-exercise (endurance, late post) (p=2.29e-01, FDR=3.26e-01)",data/live/volcano_motrpac_human_plasma_endur_post.csv,refmet_class_annotation
acylcarnitine,class,Car(8:0) [metab-u-lrppos],inferred_name_pattern,requires_human_review,requires_human_review,MoTrPAC DataHub,human-precovid-sed-adu,MoTrPAC human acute exercise (precovid sedentary adults),ADUEndur.post_3.5_4_hr - ADUEndur.pre_exercise,https://motrpac-data.org/data-download,plasma,"acute, endurance bout, late post (~3.5-4 hr) vs pre",metab-u-lrppos,,Car(8:0) [metab-u-lrppos],Car(8:0),Car(8:0) [metab-u-lrppos],,,,0.0562875386186761,0.292444288833438,0.402994657359485,up_in_numerator,not_significant,"0.06 log2-units higher in HIGHER post-exercise (endurance, late post) (p=2.92e-01, FDR=4.03e-01)",data/live/volcano_motrpac_human_plasma_endur_post.csv,refmet_class_annotation
acylcarnitine,class,CAR(8:0(OH)) [metab-u-rppos],inferred_name_pattern,requires_human_review,requires_human_review,MoTrPAC DataHub,human-precovid-sed-adu,MoTrPAC human acute exercise (precovid sedentary adults),ADUEndur.post_3.5_4_hr - ADUEndur.pre_exercise,https://motrpac-data.org/data-download,plasma,"acute, endurance bout, late post (~3.5-4 hr) vs pre",metab-u-rppos,,CAR(8:0(OH)) [metab-u-rppos],CAR(8:0(OH)),CAR(8:0(OH)) [metab-u-rppos],,,,0.117852014900244,0.301882534247646,0.408301557111924,up_in_numerator,not_significant,"0.12 log2-units higher in HIGHER post-exercise (endurance, late post) (p=3.02e-01, FDR=4.08e-01)",data/live/volcano_motrpac_human_plasma_endur_post.csv,refmet_class_annotation
acylcarnitine,class,CAR(10:0) [metab-u-rppos],inferred_name_pattern,requires_human_review,requires_human_review,MoTrPAC DataHub,human-precovid-sed-adu,MoTrPAC human acute exercise (precovid sedentary adults),ADUEndur.post_3.5_4_hr - ADUEndur.pre_exercise,https://motrpac-data.org/data-download,plasma,"acute, endurance bout, late post (~3.5-4 hr) vs pre",metab-u-rppos,,CAR(10:0) [metab-u-rppos],CAR(10:0),CAR(10:0) [metab-u-rppos],,,,0.12531720078572,0.37742552528034,0.493031981787171,up_in_numerator,not_significant,"0.13 log2-units higher in HIGHER post-exercise (endurance, late post) (p=3.77e-01, FDR=4.93e-01)",data/live/volcano_motrpac_human_plasma_endur_post.csv,refmet_class_annotation
acylcarnitine,class,Car(26:0) [metab-u-lrppos],inferred_name_pattern,requires_human_review,requires_human_review,MoTrPAC DataHub,human-precovid-sed-adu,MoTrPAC human acute exercise (precovid sedentary adults),ADUEndur.post_3.5_4_hr - ADUEndur.pre_exercise,https://motrpac-data.org/data-download,plasma,"acute, endurance bout, late post (~3.5-4 hr) vs pre",metab-u-lrppos,,Car(26:0) [metab-u-lrppos],Car(26:0),Car(26:0) [metab-u-lrppos],,,,-0.0170901092217868,0.428327739720845,0.541454622590665,down_in_numerator,not_significant,"0.02 log2-units lower in HIGHER post-exercise (endurance, late post) (p=4.28e-01, FDR=5.41e-01)",data/live/volcano_motrpac_human_plasma_endur_post.csv,refmet_class_annotation
acylcarnitine,class,CAR(8:0) [metab-u-rppos],inferred_name_pattern,requires_human_review,requires_human_review,MoTrPAC DataHub,human-precovid-sed-adu,MoTrPAC human acute exercise (precovid sedentary adults),ADUEndur.post_3.5_4_hr - ADUEndur.pre_exercise,https://motrpac-data.org/data-download,plasma,"acute, endurance bout, late post (~3.5-4 hr) vs pre",metab-u-rppos,,CAR(8:0) [metab-u-rppos],CAR(8:0),CAR(8:0) [metab-u-rppos],,,,-0.0602322721379949,0.494249122775783,0.60468996551072,down_in_numerator,not_significant,"0.06 log2-units lower in HIGHER post-exercise (endurance, late post) (p=4.94e-01, FDR=6.05e-01)",data/live/volcano_motrpac_human_plasma_endur_post.csv,refmet_class_annotation
acylcarnitine,class,CAR(18:0) [metab-u-rppos],inferred_name_pattern,requires_human_review,requires_human_review,MoTrPAC DataHub,human-precovid-sed-adu,MoTrPAC human acute exercise (precovid sedentary adults),ADUEndur.post_3.5_4_hr - ADUEndur.pre_exercise,https://motrpac-data.org/data-download,plasma,"acute, endurance bout, late post (~3.5-4 hr) vs pre",metab-u-rppos,,CAR(18:0) [metab-u-rppos],CAR(18:0),CAR(18:0) [metab-u-rppos],,,,0.0482264052555124,0.497302022137048,0.60468996551072,up_in_numerator,not_significant,"0.05 log2-units higher in HIGHER post-exercise (endurance, late post) (p=4.97e-01, FDR=6.05e-01)",data/live/volcano_motrpac_human_plasma_endur_post.csv,refmet_class_annotation
acylcarnitine,class,CAR(10:1) [metab-u-rppos],inferred_name_pattern,requires_human_review,requires_human_review,MoTrPAC DataHub,human-precovid-sed-adu,MoTrPAC human acute exercise (precovid sedentary adults),ADUEndur.post_3.5_4_hr - ADUEndur.pre_exercise,https://motrpac-data.org/data-download,plasma,"acute, endurance bout, late post (~3.5-4 hr) vs pre",metab-u-rppos,,CAR(10:1) [metab-u-rppos],CAR(10:1),CAR(10:1) [metab-u-rppos],,,,-0.0598837258026848,0.501764013934427,0.60468996551072,down_in_numerator,not_significant,"0.06 log2-units lower in HIGHER post-exercise (endurance, late post) (p=5.02e-01, FDR=6.05e-01)",data/live/volcano_motrpac_human_plasma_endur_post.csv,refmet_class_annotation
acylcarnitine,class,CAR 5:1 [metab-u-hilicpos],refmet_curated_class,accepted_curated,accepted_curated,MoTrPAC DataHub,human-precovid-sed-adu,MoTrPAC human acute exercise (precovid sedentary adults),ADUEndur.post_3.5_4_hr - ADUEndur.pre_exercise,https://motrpac-data.org/data-download,plasma,"acute, endurance bout, late post (~3.5-4 hr) vs pre",metab-u-hilicpos,,CAR 5:1 [metab-u-hilicpos],CAR 5:1,CAR 5:1 [metab-u-hilicpos],Fatty esters,Fatty Acyls,Acyl carnitines,0.0226522534954743,0.510979906940059,0.623146227975681,up_in_numerator,not_significant,"0.02 log2-units higher in HIGHER post-exercise (endurance, late post) (p=5.11e-01, FDR=6.23e-01)",data/live/volcano_motrpac_human_plasma_endur_post.csv,
acylcarnitine,class,Car(26:1) [metab-u-lrppos],inferred_name_pattern,requires_human_review,requires_human_review,MoTrPAC DataHub,human-precovid-sed-adu,MoTrPAC human acute exercise (precovid sedentary adults),ADUEndur.post_3.5_4_hr - ADUEndur.pre_exercise,https://motrpac-data.org/data-download,plasma,"acute, endurance bout, late post (~3.5-4 hr) vs pre",metab-u-lrppos,,Car(26:1) [metab-u-lrppos],Car(26:1),Car(26:1) [metab-u-lrppos],,,,0.0244114339455628,0.556184842491663,0.66551125237075,up_in_numerator,not_significant,"0.02 log2-units higher in HIGHER post-exercise (endurance, late post) (p=5.56e-01, FDR=6.66e-01)",data/live/volcano_motrpac_human_plasma_endur_post.csv,refmet_class_annotation
acylcarnitine,class,CAR DC3:0;2Me [metab-u-hilicpos],refmet_curated_class,accepted_curated,accepted_curated,MoTrPAC DataHub,human-precovid-sed-adu,MoTrPAC human acute exercise (precovid sedentary adults),ADUEndur.post_3.5_4_hr - ADUEndur.pre_exercise,https://motrpac-data.org/data-download,plasma,"acute, endurance bout, late post (~3.5-4 hr) vs pre",metab-u-hilicpos,,CAR DC3:0;2Me [metab-u-hilicpos],CAR DC3:0;2Me,CAR DC3:0;2Me [metab-u-hilicpos],Fatty esters,Fatty Acyls,Acyl carnitines,0.0215780001406838,0.648731720166778,0.752745438225013,up_in_numerator,not_significant,"0.02 log2-units higher in HIGHER post-exercise (endurance, late post) (p=6.49e-01, FDR=7.53e-01)",data/live/volcano_motrpac_human_plasma_endur_post.csv,
acylcarnitine,class,Carnitine [metab-u-rppos],refmet_curated_class,accepted_curated,accepted_curated,MoTrPAC DataHub,human-precovid-sed-adu,MoTrPAC human acute exercise (precovid sedentary adults),ADUEndur.post_3.5_4_hr - ADUEndur.pre_exercise,https://motrpac-data.org/data-download,plasma,"acute, endurance bout, late post (~3.5-4 hr) vs pre",metab-u-rppos,,Carnitine [metab-u-rppos],Carnitine,Carnitine [metab-u-rppos],Carnitines,Organic nitrogen compounds,Carnitines,0.0211263239535597,0.879602437288272,0.916409000535013,up_in_numerator,not_significant,"0.02 log2-units higher in HIGHER post-exercise (endurance, late post) (p=8.80e-01, FDR=9.16e-01)",data/live/volcano_motrpac_human_plasma_endur_post.csv,
acylcarnitine,class,CAR DC5:0 [metab-u-hilicpos],refmet_curated_class,accepted_curated,accepted_curated,MoTrPAC DataHub,human-precovid-sed-adu,MoTrPAC human acute exercise (precovid sedentary adults),ADUEndur.post_3.5_4_hr - ADUEndur.pre_exercise,https://motrpac-data.org/data-download,plasma,"acute, endurance bout, late post (~3.5-4 hr) vs pre",metab-u-hilicpos,,CAR DC5:0 [metab-u-hilicpos],CAR DC5:0,CAR DC5:0 [metab-u-hilicpos],Fatty esters,Fatty Acyls,Acyl carnitines,-0.0032550436342155,0.900843953192006,0.93007487792685,down_in_numerator,not_significant,"0.00 log2-units lower in HIGHER post-exercise (endurance, late post) (p=9.01e-01, FDR=9.30e-01)",data/live/volcano_motrpac_human_plasma_endur_post.csv,
acylcarnitine,class,car(16:0),inferred_name_pattern,requires_human_review,requires_human_review,MoTrPAC DataHub,pass1b06,"MoTrPAC PASS1B-06 rat endurance training (plasma, 8 weeks)",pass1b06 plasma :: 8w training vs sedentary control,https://motrpac-data.org/data-download,plasma,8-week endurance training vs sedentary control,MoTrPAC consortium timewise DEA (search_public API),male,car(16:0),car(16:0),,,,,-0.49644962,2.7727083e-06,0.011567708,down_in_numerator,significant_FDR<0.05,"0.50 log2-units lower in HIGHER at 8w training vs sedentary (p=2.77e-06, FDR=1.16e-02)",data/live/volcano_motrpac_pass1b06_plasma_8w.csv,refmet_class_annotation;source_metabolite_name
acylcarnitine,class,car(14:1),inferred_name_pattern,requires_human_review,requires_human_review,MoTrPAC DataHub,pass1b06,"MoTrPAC PASS1B-06 rat endurance training (plasma, 8 weeks)",pass1b06 plasma :: 8w training vs sedentary control,https://motrpac-data.org/data-download,plasma,8-week endurance training vs sedentary control,MoTrPAC consortium timewise DEA (search_public API),female,car(14:1),car(14:1),,,,,-0.5594098,1.8400277e-05,0.04248797,down_in_numerator,significant_FDR<0.05,"0.56 log2-units lower in HIGHER at 8w training vs sedentary (p=1.84e-05, FDR=4.25e-02)",data/live/volcano_motrpac_pass1b06_plasma_8w.csv,refmet_class_annotation;source_metabolite_name
acylcarnitine,class,car(12:0),inferred_name_pattern,requires_human_review,requires_human_review,MoTrPAC DataHub,pass1b06,"MoTrPAC PASS1B-06 rat endurance training (plasma, 8 weeks)",pass1b06 plasma :: 8w training vs sedentary control,https://motrpac-data.org/data-download,plasma,8-week endurance training vs sedentary control,MoTrPAC consortium timewise DEA (search_public API),male,car(12:0),car(12:0),,,,,-0.46517006,0.0001577014,0.1634629,down_in_numerator,not_significant,"0.47 log2-units lower in HIGHER at 8w training vs sedentary (p=1.58e-04, FDR=1.63e-01)",data/live/volcano_motrpac_pass1b06_plasma_8w.csv,refmet_class_annotation;source_metabolite_name
acylcarnitine,class,car(18:2),inferred_name_pattern,requires_human_review,requires_human_review,MoTrPAC DataHub,pass1b06,"MoTrPAC PASS1B-06 rat endurance training (plasma, 8 weeks)",pass1b06 plasma :: 8w training vs sedentary control,https://motrpac-data.org/data-download,plasma,8-week endurance training vs sedentary control,MoTrPAC consortium timewise DEA (search_public API),male,car(18:2),car(18:2),,,,,-0.47029826,0.00029135856,0.23135784,down_in_numerator,not_significant,"0.47 log2-units lower in HIGHER at 8w training vs sedentary (p=2.91e-04, FDR=2.31e-01)",data/live/volcano_motrpac_pass1b06_plasma_8w.csv,refmet_class_annotation;source_metabolite_name
acylcarnitine,class,car(18:1),inferred_name_pattern,requires_human_review,requires_human_review,MoTrPAC DataHub,pass1b06,"MoTrPAC PASS1B-06 rat endurance training (plasma, 8 weeks)",pass1b06 plasma :: 8w training vs sedentary control,https://motrpac-data.org/data-download,plasma,8-week endurance training vs sedentary control,MoTrPAC consortium timewise DEA (search_public API),male,car(18:1),car(18:1),,,,,-0.55839103,0.00031559105,0.24194415,down_in_numerator,not_significant,"0.56 log2-units lower in HIGHER at 8w training vs sedentary (p=3.16e-04, FDR=2.42e-01)",data/live/volcano_motrpac_pass1b06_plasma_8w.csv,refmet_class_annotation;source_metabolite_name
acylcarnitine,class,car(14:0),inferred_name_pattern,requires_human_review,requires_human_review,MoTrPAC DataHub,pass1b06,"MoTrPAC PASS1B-06 rat endurance training (plasma, 8 weeks)",pass1b06 plasma :: 8w training vs sedentary control,https://motrpac-data.org/data-download,plasma,8-week endurance training vs sedentary control,MoTrPAC consortium timewise DEA (search_public API),female,car(14:0),car(14:0),,,,,-0.4774162,0.0003473366,0.25527412,down_in_numerator,not_significant,"0.48 log2-units lower in HIGHER at 8w training vs sedentary (p=3.47e-04, FDR=2.55e-01)",data/live/volcano_motrpac_pass1b06_plasma_8w.csv,refmet_class_annotation;source_metabolite_name
acylcarnitine,class,car(8:0),inferred_name_pattern,requires_human_review,requires_human_review,MoTrPAC DataHub,pass1b06,"MoTrPAC PASS1B-06 rat endurance training (plasma, 8 weeks)",pass1b06 plasma :: 8w training vs sedentary control,https://motrpac-data.org/data-download,plasma,8-week endurance training vs sedentary control,MoTrPAC consortium timewise DEA (search_public API),male,car(8:0),car(8:0),,,,,-0.45798436,0.00041314785,0.2774338,down_in_numerator,not_significant,"0.46 log2-units lower in HIGHER at 8w training vs sedentary (p=4.13e-04, FDR=2.77e-01)",data/live/volcano_motrpac_pass1b06_plasma_8w.csv,refmet_class_annotation;source_metabolite_name
acylcarnitine,class,car(18:2),inferred_name_pattern,requires_human_review,requires_human_review,MoTrPAC DataHub,pass1b06,"MoTrPAC PASS1B-06 rat endurance training (plasma, 8 weeks)",pass1b06 plasma :: 8w training vs sedentary control,https://motrpac-data.org/data-download,plasma,8-week endurance training vs sedentary control,MoTrPAC consortium timewise DEA (search_public API),female,car(18:2),car(18:2),,,,,-0.5417065,0.00048413718,0.30313268,down_in_numerator,not_significant,"0.54 log2-units lower in HIGHER at 8w training vs sedentary (p=4.84e-04, FDR=3.03e-01)",data/live/volcano_motrpac_pass1b06_plasma_8w.csv,refmet_class_annotation;source_metabolite_name
acylcarnitine,class,car(16:3),inferred_name_pattern,requires_human_review,requires_human_review,MoTrPAC DataHub,pass1b06,"MoTrPAC PASS1B-06 rat endurance training (plasma, 8 weeks)",pass1b06 plasma :: 8w training vs sedentary control,https://motrpac-data.org/data-download,plasma,8-week endurance training vs sedentary control,MoTrPAC consortium timewise DEA (search_public API),male,car(16:3),car(16:3),,,,,-0.42454067,0.0010016564,0.46931413,down_in_numerator,not_significant,"0.42 log2-units lower in HIGHER at 8w training vs sedentary (p=1.00e-03, FDR=4.69e-01)",data/live/volcano_motrpac_pass1b06_plasma_8w.csv,refmet_class_annotation;source_metabolite_name
acylcarnitine,class,car(16:1),inferred_name_pattern,requires_human_review,requires_human_review,MoTrPAC DataHub,pass1b06,"MoTrPAC PASS1B-06 rat endurance training (plasma, 8 weeks)",pass1b06 plasma :: 8w training vs sedentary control,https://motrpac-data.org/data-download,plasma,8-week endurance training vs sedentary control,MoTrPAC consortium timewise DEA (search_public API),male,car(16:1),car(16:1),car(16:1),,,,-0.7225188,0.0016030252,0.6133035,down_in_numerator,not_significant,"0.72 log2-units lower in HIGHER at 8w training vs sedentary (p=1.60e-03, FDR=6.13e-01)",data/live/volcano_motrpac_pass1b06_plasma_8w.csv,refmet_class_annotation
acylcarnitine,class,car(14:2),inferred_name_pattern,requires_human_review,requires_human_review,MoTrPAC DataHub,pass1b06,"MoTrPAC PASS1B-06 rat endurance training (plasma, 8 weeks)",pass1b06 plasma :: 8w training vs sedentary control,https://motrpac-data.org/data-download,plasma,8-week endurance training vs sedentary control,MoTrPAC consortium timewise DEA (search_public API),female,car(14:2),car(14:2),,,,,-0.42461404,0.0025733488,0.8068332,down_in_numerator,not_significant,"0.42 log2-units lower in HIGHER at 8w training vs sedentary (p=2.57e-03, FDR=8.07e-01)",data/live/volcano_motrpac_pass1b06_plasma_8w.csv,refmet_class_annotation;source_metabolite_name
acylcarnitine,class,car(16:1),inferred_name_pattern,requires_human_review,requires_human_review,MoTrPAC DataHub,pass1b06,"MoTrPAC PASS1B-06 rat endurance training (plasma, 8 weeks)",pass1b06 plasma :: 8w training vs sedentary control,https://motrpac-data.org/data-download,plasma,8-week endurance training vs sedentary control,MoTrPAC consortium timewise DEA (search_public API),female,car(16:1),car(16:1),car(16:1),,,,-0.8727404,0.0027875856,0.8412778,down_in_numerator,not_significant,"0.87 log2-units lower in HIGHER at 8w training vs sedentary (p=2.79e-03, FDR=8.41e-01)",data/live/volcano_motrpac_pass1b06_plasma_8w.csv,refmet_class_annotation
acylcarnitine,class,car(16:3),inferred_name_pattern,requires_human_review,requires_human_review,MoTrPAC DataHub,pass1b06,"MoTrPAC PASS1B-06 rat endurance training (plasma, 8 weeks)",pass1b06 plasma :: 8w training vs sedentary control,https://motrpac-data.org/data-download,plasma,8-week endurance training vs sedentary control,MoTrPAC consortium timewise DEA (search_public API),female,car(16:3),car(16:3),,,,,-0.584889,0.0034031072,0.9475627,down_in_numerator,not_significant,"0.58 log2-units lower in HIGHER at 8w training vs sedentary (p=3.40e-03, FDR=9.48e-01)",data/live/volcano_motrpac_pass1b06_plasma_8w.csv,refmet_class_annotation;source_metabolite_name
acylcarnitine,class,car(18:1(oh)),inferred_name_pattern,requires_human_review,requires_human_review,MoTrPAC DataHub,pass1b06,"MoTrPAC PASS1B-06 rat endurance training (plasma, 8 weeks)",pass1b06 plasma :: 8w training vs sedentary control,https://motrpac-data.org/data-download,plasma,8-week endurance training vs sedentary control,MoTrPAC consortium timewise DEA (search_public API),male,car(18:1(oh)),car(18:1(oh)),,,,,0.47252476,0.0036753695,0.98856026,up_in_numerator,not_significant,"0.47 log2-units higher in HIGHER at 8w training vs sedentary (p=3.68e-03, FDR=9.89e-01)",data/live/volcano_motrpac_pass1b06_plasma_8w.csv,refmet_class_annotation;source_metabolite_name
acylcarnitine,class,car(3:0),inferred_name_pattern,requires_human_review,requires_human_review,MoTrPAC DataHub,pass1b06,"MoTrPAC PASS1B-06 rat endurance training (plasma, 8 weeks)",pass1b06 plasma :: 8w training vs sedentary control,https://motrpac-data.org/data-download,plasma,8-week endurance training vs sedentary control,MoTrPAC consortium timewise DEA (search_public API),male,car(3:0),car(3:0),,,,,0.3702501,0.003907975,1.0,up_in_numerator,not_significant,"0.37 log2-units higher in HIGHER at 8w training vs sedentary (p=3.91e-03, FDR=1.00e+00)",data/live/volcano_motrpac_pass1b06_plasma_8w.csv,refmet_class_annotation;source_metabolite_name
acylcarnitine,class,car(12:0),inferred_name_pattern,requires_human_review,requires_human_review,MoTrPAC DataHub,pass1b06,"MoTrPAC PASS1B-06 rat endurance training (plasma, 8 weeks)",pass1b06 plasma :: 8w training vs sedentary control,https://motrpac-data.org/data-download,plasma,8-week endurance training vs sedentary control,MoTrPAC consortium timewise DEA (search_public API),female,car(12:0),car(12:0),,,,,-0.30086097,0.0074607264,1.0,down_in_numerator,not_significant,"0.30 log2-units lower in HIGHER at 8w training vs sedentary (p=7.46e-03, FDR=1.00e+00)",data/live/volcano_motrpac_pass1b06_plasma_8w.csv,refmet_class_annotation;source_metabolite_name
acylcarnitine,class,car(16:0),inferred_name_pattern,requires_human_review,requires_human_review,MoTrPAC DataHub,pass1b06,"MoTrPAC PASS1B-06 rat endurance training (plasma, 8 weeks)",pass1b06 plasma :: 8w training vs sedentary control,https://motrpac-data.org/data-download,plasma,8-week endurance training vs sedentary control,MoTrPAC consortium timewise DEA (search_public API),female,car(16:0),car(16:0),,,,,-0.32795817,0.009726609,1.0,down_in_numerator,not_significant,"0.33 log2-units lower in HIGHER at 8w training vs sedentary (p=9.73e-03, FDR=1.00e+00)",data/live/volcano_motrpac_pass1b06_plasma_8w.csv,refmet_class_annotation;source_metabolite_name
acylcarnitine,class,car(20:0),inferred_name_pattern,requires_human_review,requires_human_review,MoTrPAC DataHub,pass1b06,"MoTrPAC PASS1B-06 rat endurance training (plasma, 8 weeks)",pass1b06 plasma :: 8w training vs sedentary control,https://motrpac-data.org/data-download,plasma,8-week endurance training vs sedentary control,MoTrPAC consortium timewise DEA (search_public API),male,car(20:0),car(20:0),car(20:0),,,,-0.52344126,0.012129979,1.0,down_in_numerator,not_significant,"0.52 log2-units lower in HIGHER at 8w training vs sedentary (p=1.21e-02, FDR=1.00e+00)",data/live/volcano_motrpac_pass1b06_plasma_8w.csv,refmet_class_annotation
acylcarnitine,class,car(2:0),inferred_name_pattern,requires_human_review,requires_human_review,MoTrPAC DataHub,pass1b06,"MoTrPAC PASS1B-06 rat endurance training (plasma, 8 weeks)",pass1b06 plasma :: 8w training vs sedentary control,https://motrpac-data.org/data-download,plasma,8-week endurance training vs sedentary control,MoTrPAC consortium timewise DEA (search_public API),male,car(2:0),car(2:0),,,,,-0.45675084,0.013526997,1.0,down_in_numerator,not_significant,"0.46 log2-units lower in HIGHER at 8w training vs sedentary (p=1.35e-02, FDR=1.00e+00)",data/live/volcano_motrpac_pass1b06_plasma_8w.csv,refmet_class_annotation;source_metabolite_name
acylcarnitine,class,car(14:0),inferred_name_pattern,requires_human_review,requires_human_review,MoTrPAC DataHub,pass1b06,"MoTrPAC PASS1B-06 rat endurance training (plasma, 8 weeks)",pass1b06 plasma :: 8w training vs sedentary control,https://motrpac-data.org/data-download,plasma,8-week endurance training vs sedentary control,MoTrPAC consortium timewise DEA (search_public API),male,car(14:0),car(14:0),,,,,-0.30703878,0.01464111,1.0,down_in_numerator,not_significant,"0.31 log2-units lower in HIGHER at 8w training vs sedentary (p=1.46e-02, FDR=1.00e+00)",data/live/volcano_motrpac_pass1b06_plasma_8w.csv,refmet_class_annotation;source_metabolite_name
acylcarnitine,class,car(14:1),inferred_name_pattern,requires_human_review,requires_human_review,MoTrPAC DataHub,pass1b06,"MoTrPAC PASS1B-06 rat endurance training (plasma, 8 weeks)",pass1b06 plasma :: 8w training vs sedentary control,https://motrpac-data.org/data-download,plasma,8-week endurance training vs sedentary control,MoTrPAC consortium timewise DEA (search_public API),male,car(14:1),car(14:1),,,,,-0.29406062,0.014695335,1.0,down_in_numerator,not_significant,"0.29 log2-units lower in HIGHER at 8w training vs sedentary (p=1.47e-02, FDR=1.00e+00)",data/live/volcano_motrpac_pass1b06_plasma_8w.csv,refmet_class_annotation;source_metabolite_name
acylcarnitine,class,car(18:1),inferred_name_pattern,requires_human_review,requires_human_review,MoTrPAC DataHub,pass1b06,"MoTrPAC PASS1B-06 rat endurance training (plasma, 8 weeks)",pass1b06 plasma :: 8w training vs sedentary control,https://motrpac-data.org/data-download,plasma,8-week endurance training vs sedentary control,MoTrPAC consortium timewise DEA (search_public API),female,car(18:1),car(18:1),,,,,-0.39194328,0.015809419,1.0,down_in_numerator,not_significant,"0.39 log2-units lower in HIGHER at 8w training vs sedentary (p=1.58e-02, FDR=1.00e+00)",data/live/volcano_motrpac_pass1b06_plasma_8w.csv,refmet_class_annotation;source_metabolite_name
acylcarnitine,class,car(12:1),inferred_name_pattern,requires_human_review,requires_human_review,MoTrPAC DataHub,pass1b06,"MoTrPAC PASS1B-06 rat endurance training (plasma, 8 weeks)",pass1b06 plasma :: 8w training vs sedentary control,https://motrpac-data.org/data-download,plasma,8-week endurance training vs sedentary control,MoTrPAC consortium timewise DEA (search_public API),female,car(12:1),car(12:1),,,,,-0.51038855,0.017809464,1.0,down_in_numerator,not_significant,"0.51 log2-units lower in HIGHER at 8w training vs sedentary (p=1.78e-02, FDR=1.00e+00)",data/live/volcano_motrpac_pass1b06_plasma_8w.csv,refmet_class_annotation;source_metabolite_name
acylcarnitine,class,car(16:2)_feature1,inferred_name_pattern,requires_human_review,requires_human_review,MoTrPAC DataHub,pass1b06,"MoTrPAC PASS1B-06 rat endurance training (plasma, 8 weeks)",pass1b06 plasma :: 8w training vs sedentary control,https://motrpac-data.org/data-download,plasma,8-week endurance training vs sedentary control,MoTrPAC consortium timewise DEA (search_public API),female,car(16:2)_feature1,car(16:2)_lp_a,car(16:2)_feature1,,,,-0.8419618,0.02500721,1.0,down_in_numerator,not_significant,"0.84 log2-units lower in HIGHER at 8w training vs sedentary (p=2.50e-02, FDR=1.00e+00)",data/live/volcano_motrpac_pass1b06_plasma_8w.csv,refmet_class_annotation
acylcarnitine,class,c16-oh carnitine,inferred_name_pattern,requires_human_review,requires_human_review,MoTrPAC DataHub,pass1b06,"MoTrPAC PASS1B-06 rat endurance training (plasma, 8 weeks)",pass1b06 plasma :: 8w training vs sedentary control,https://motrpac-data.org/data-download,plasma,8-week endurance training vs sedentary control,MoTrPAC consortium timewise DEA (search_public API),male,c16-oh carnitine,car(16:0(oh)),c16-oh carnitine,,,,0.6254273,0.025155397,1.0,up_in_numerator,not_significant,"0.63 log2-units higher in HIGHER at 8w training vs sedentary (p=2.52e-02, FDR=1.00e+00)",data/live/volcano_motrpac_pass1b06_plasma_8w.csv,refmet_class_annotation
acylcarnitine,class,car(4:0(oh)),inferred_name_pattern,requires_human_review,requires_human_review,MoTrPAC DataHub,pass1b06,"MoTrPAC PASS1B-06 rat endurance training (plasma, 8 weeks)",pass1b06 plasma :: 8w training vs sedentary control,https://motrpac-data.org/data-download,plasma,8-week endurance training vs sedentary control,MoTrPAC consortium timewise DEA (search_public API),male,car(4:0(oh)),car(4:0(oh)),,,,,-0.6484548,0.025999706,1.0,down_in_numerator,not_significant,"0.65 log2-units lower in HIGHER at 8w training vs sedentary (p=2.60e-02, FDR=1.00e+00)",data/live/volcano_motrpac_pass1b06_plasma_8w.csv,refmet_class_annotation;source_metabolite_name
acylcarnitine,class,car(14:2),inferred_name_pattern,requires_human_review,requires_human_review,MoTrPAC DataHub,pass1b06,"MoTrPAC PASS1B-06 rat endurance training (plasma, 8 weeks)",pass1b06 plasma :: 8w training vs sedentary control,https://motrpac-data.org/data-download,plasma,8-week endurance training vs sedentary control,MoTrPAC consortium timewise DEA (search_public API),male,car(14:2),car(14:2),,,,,-0.30272278,0.027318425,1.0,down_in_numerator,not_significant,"0.30 log2-units lower in HIGHER at 8w training vs sedentary (p=2.73e-02, FDR=1.00e+00)",data/live/volcano_motrpac_pass1b06_plasma_8w.csv,refmet_class_annotation;source_metabolite_name
acylcarnitine,class,car(16:1)_feature1,inferred_name_pattern,requires_human_review,requires_human_review,MoTrPAC DataHub,pass1b06,"MoTrPAC PASS1B-06 rat endurance training (plasma, 8 weeks)",pass1b06 plasma :: 8w training vs sedentary control,https://motrpac-data.org/data-download,plasma,8-week endurance training vs sedentary control,MoTrPAC consortium timewise DEA (search_public API),female,car(16:1)_feature1,car(16:1)_lp_a,car(16:1)_feature1,,,,-0.7329607,0.028630907,1.0,down_in_numerator,not_significant,"0.73 log2-units lower in HIGHER at 8w training vs sedentary (p=2.86e-02, FDR=1.00e+00)",data/live/volcano_motrpac_pass1b06_plasma_8w.csv,refmet_class_annotation
acylcarnitine,class,carnitine,refmet_curated_class,accepted_curated,accepted_curated,MoTrPAC DataHub,pass1b06,"MoTrPAC PASS1B-06 rat endurance training (plasma, 8 weeks)",pass1b06 plasma :: 8w training vs sedentary control,https://motrpac-data.org/data-download,plasma,8-week endurance training vs sedentary control,MoTrPAC consortium timewise DEA (search_public API),female,carnitine,carnitine,,Carnitines,Organic nitrogen compounds,Carnitines,0.397821,0.02893146,1.0,up_in_numerator,not_significant,"0.40 log2-units higher in HIGHER at 8w training vs sedentary (p=2.89e-02, FDR=1.00e+00)",data/live/volcano_motrpac_pass1b06_plasma_8w.csv,source_metabolite_name
acylcarnitine,class,car(18:1(oh)),inferred_name_pattern,requires_human_review,requires_human_review,MoTrPAC DataHub,pass1b06,"MoTrPAC PASS1B-06 rat endurance training (plasma, 8 weeks)",pass1b06 plasma :: 8w training vs sedentary control,https://motrpac-data.org/data-download,plasma,8-week endurance training vs sedentary control,MoTrPAC consortium timewise DEA (search_public API),female,car(18:1(oh)),car(18:1(oh)),,,,,-0.4874988,0.03053553,1.0,down_in_numerator,not_significant,"0.49 log2-units lower in HIGHER at 8w training vs sedentary (p=3.05e-02, FDR=1.00e+00)",data/live/volcano_motrpac_pass1b06_plasma_8w.csv,refmet_class_annotation;source_metabolite_name
acylcarnitine,class,car(20:0),inferred_name_pattern,requires_human_review,requires_human_review,MoTrPAC DataHub,pass1b06,"MoTrPAC PASS1B-06 rat endurance training (plasma, 8 weeks)",pass1b06 plasma :: 8w training vs sedentary control,https://motrpac-data.org/data-download,plasma,8-week endurance training vs sedentary control,MoTrPAC consortium timewise DEA (search_public API),female,car(20:0),car(20:0),car(20:0),,,,-0.29705575,0.033832133,1.0,down_in_numerator,not_significant,"0.30 log2-units lower in HIGHER at 8w training vs sedentary (p=3.38e-02, FDR=1.00e+00)",data/live/volcano_motrpac_pass1b06_plasma_8w.csv,refmet_class_annotation
acylcarnitine,class,c16-oh carnitine,inferred_name_pattern,requires_human_review,requires_human_review,MoTrPAC DataHub,pass1b06,"MoTrPAC PASS1B-06 rat endurance training (plasma, 8 weeks)",pass1b06 plasma :: 8w training vs sedentary control,https://motrpac-data.org/data-download,plasma,8-week endurance training vs sedentary control,MoTrPAC consortium timewise DEA (search_public API),female,c16-oh carnitine,car(16:0(oh)),c16-oh carnitine,,,,-0.68097925,0.052874204,1.0,down_in_numerator,not_significant,"0.68 log2-units lower in HIGHER at 8w training vs sedentary (p=5.29e-02, FDR=1.00e+00)",data/live/volcano_motrpac_pass1b06_plasma_8w.csv,refmet_class_annotation
acylcarnitine,class,car(4:0(oh)),inferred_name_pattern,requires_human_review,requires_human_review,MoTrPAC DataHub,pass1b06,"MoTrPAC PASS1B-06 rat endurance training (plasma, 8 weeks)",pass1b06 plasma :: 8w training vs sedentary control,https://motrpac-data.org/data-download,plasma,8-week endurance training vs sedentary control,MoTrPAC consortium timewise DEA (search_public API),female,car(4:0(oh)),car(4:0(oh)),,,,,-0.5237086,0.061894342,1.0,down_in_numerator,not_significant,"0.52 log2-units lower in HIGHER at 8w training vs sedentary (p=6.19e-02, FDR=1.00e+00)",data/live/volcano_motrpac_pass1b06_plasma_8w.csv,refmet_class_annotation;source_metabolite_name
acylcarnitine,class,car(10:0),inferred_name_pattern,requires_human_review,requires_human_review,MoTrPAC DataHub,pass1b06,"MoTrPAC PASS1B-06 rat endurance training (plasma, 8 weeks)",pass1b06 plasma :: 8w training vs sedentary control,https://motrpac-data.org/data-download,plasma,8-week endurance training vs sedentary control,MoTrPAC consortium timewise DEA (search_public API),male,car(10:0),car(10:0),,,,,-0.23483914,0.06639744,1.0,down_in_numerator,not_significant,"0.23 log2-units lower in HIGHER at 8w training vs sedentary (p=6.64e-02, FDR=1.00e+00)",data/live/volcano_motrpac_pass1b06_plasma_8w.csv,refmet_class_annotation;source_metabolite_name
acylcarnitine,class,car(10:0),inferred_name_pattern,requires_human_review,requires_human_review,MoTrPAC DataHub,pass1b06,"MoTrPAC PASS1B-06 rat endurance training (plasma, 8 weeks)",pass1b06 plasma :: 8w training vs sedentary control,https://motrpac-data.org/data-download,plasma,8-week endurance training vs sedentary control,MoTrPAC consortium timewise DEA (search_public API),female,car(10:0),car(10:0),,,,,-0.22050406,0.070323825,1.0,down_in_numerator,not_significant,"0.22 log2-units lower in HIGHER at 8w training vs sedentary (p=7.03e-02, FDR=1.00e+00)",data/live/volcano_motrpac_pass1b06_plasma_8w.csv,refmet_class_annotation;source_metabolite_name
acylcarnitine,class,car(20:4),inferred_name_pattern,requires_human_review,requires_human_review,MoTrPAC DataHub,pass1b06,"MoTrPAC PASS1B-06 rat endurance training (plasma, 8 weeks)",pass1b06 plasma :: 8w training vs sedentary control,https://motrpac-data.org/data-download,plasma,8-week endurance training vs sedentary control,MoTrPAC consortium timewise DEA (search_public API),female,car(20:4),car(20:4),,,,,-0.7482786,0.07067451,1.0,down_in_numerator,not_significant,"0.75 log2-units lower in HIGHER at 8w training vs sedentary (p=7.07e-02, FDR=1.00e+00)",data/live/volcano_motrpac_pass1b06_plasma_8w.csv,refmet_class_annotation;source_metabolite_name
acylcarnitine,class,car(14:1-oh)_feature1,inferred_name_pattern,requires_human_review,requires_human_review,MoTrPAC DataHub,pass1b06,"MoTrPAC PASS1B-06 rat endurance training (plasma, 8 weeks)",pass1b06 plasma :: 8w training vs sedentary control,https://motrpac-data.org/data-download,plasma,8-week endurance training vs sedentary control,MoTrPAC consortium timewise DEA (search_public API),female,car(14:1-oh)_feature1,car(14:1(oh)),car(14:1-oh)_feature1,,,,-0.6359223,0.083750635,1.0,down_in_numerator,not_significant,"0.64 log2-units lower in HIGHER at 8w training vs sedentary (p=8.38e-02, FDR=1.00e+00)",data/live/volcano_motrpac_pass1b06_plasma_8w.csv,refmet_class_annotation
acylcarnitine,class,car(5:0-oh),inferred_name_pattern,requires_human_review,requires_human_review,MoTrPAC DataHub,pass1b06,"MoTrPAC PASS1B-06 rat endurance training (plasma, 8 weeks)",pass1b06 plasma :: 8w training vs sedentary control,https://motrpac-data.org/data-download,plasma,8-week endurance training vs sedentary control,MoTrPAC consortium timewise DEA (search_public API),female,car(5:0-oh),car(5:0(oh)),car(5:0-oh),,,,0.21042581,0.09984372,1.0,up_in_numerator,not_significant,"0.21 log2-units higher in HIGHER at 8w training vs sedentary (p=9.98e-02, FDR=1.00e+00)",data/live/volcano_motrpac_pass1b06_plasma_8w.csv,refmet_class_annotation
acylcarnitine,class,car(16:2),inferred_name_pattern,requires_human_review,requires_human_review,MoTrPAC DataHub,pass1b06,"MoTrPAC PASS1B-06 rat endurance training (plasma, 8 weeks)",pass1b06 plasma :: 8w training vs sedentary control,https://motrpac-data.org/data-download,plasma,8-week endurance training vs sedentary control,MoTrPAC consortium timewise DEA (search_public API),female,car(16:2),car(16:2),car(16:2),,,,-0.46118036,0.11451064,1.0,down_in_numerator,not_significant,"0.46 log2-units lower in HIGHER at 8w training vs sedentary (p=1.15e-01, FDR=1.00e+00)",data/live/volcano_motrpac_pass1b06_plasma_8w.csv,refmet_class_annotation
acylcarnitine,class,car(15:0)_feature1,inferred_name_pattern,requires_human_review,requires_human_review,MoTrPAC DataHub,pass1b06,"MoTrPAC PASS1B-06 rat endurance training (plasma, 8 weeks)",pass1b06 plasma :: 8w training vs sedentary control,https://motrpac-data.org/data-download,plasma,8-week endurance training vs sedentary control,MoTrPAC consortium timewise DEA (search_public API),female,car(15:0)_feature1,car(15:0)_lp_a,car(15:0)_feature1,,,,0.95833665,0.116147354,1.0,up_in_numerator,not_significant,"0.96 log2-units higher in HIGHER at 8w training vs sedentary (p=1.16e-01, FDR=1.00e+00)",data/live/volcano_motrpac_pass1b06_plasma_8w.csv,refmet_class_annotation
acylcarnitine,class,car(20:4),inferred_name_pattern,requires_human_review,requires_human_review,MoTrPAC DataHub,pass1b06,"MoTrPAC PASS1B-06 rat endurance training (plasma, 8 weeks)",pass1b06 plasma :: 8w training vs sedentary control,https://motrpac-data.org/data-download,plasma,8-week endurance training vs sedentary control,MoTrPAC consortium timewise DEA (search_public API),male,car(20:4),car(20:4),,,,,-0.5885722,0.12256788,1.0,down_in_numerator,not_significant,"0.59 log2-units lower in HIGHER at 8w training vs sedentary (p=1.23e-01, FDR=1.00e+00)",data/live/volcano_motrpac_pass1b06_plasma_8w.csv,refmet_class_annotation;source_metabolite_name
acylcarnitine,class,car(5:0),inferred_name_pattern,requires_human_review,requires_human_review,MoTrPAC DataHub,pass1b06,"MoTrPAC PASS1B-06 rat endurance training (plasma, 8 weeks)",pass1b06 plasma :: 8w training vs sedentary control,https://motrpac-data.org/data-download,plasma,8-week endurance training vs sedentary control,MoTrPAC consortium timewise DEA (search_public API),male,car(5:0),car(5:0),,,,,0.19371495,0.14306492,1.0,up_in_numerator,not_significant,"0.19 log2-units higher in HIGHER at 8w training vs sedentary (p=1.43e-01, FDR=1.00e+00)",data/live/volcano_motrpac_pass1b06_plasma_8w.csv,refmet_class_annotation;source_metabolite_name
acylcarnitine,class,car(18:0),inferred_name_pattern,requires_human_review,requires_human_review,MoTrPAC DataHub,pass1b06,"MoTrPAC PASS1B-06 rat endurance training (plasma, 8 weeks)",pass1b06 plasma :: 8w training vs sedentary control,https://motrpac-data.org/data-download,plasma,8-week endurance training vs sedentary control,MoTrPAC consortium timewise DEA (search_public API),female,car(18:0),car(18:0),,,,,-0.19192986,0.15373886,1.0,down_in_numerator,not_significant,"0.19 log2-units lower in HIGHER at 8w training vs sedentary (p=1.54e-01, FDR=1.00e+00)",data/live/volcano_motrpac_pass1b06_plasma_8w.csv,refmet_class_annotation;source_metabolite_name
acylcarnitine,class,car(5:0-oh),inferred_name_pattern,requires_human_review,requires_human_review,MoTrPAC DataHub,pass1b06,"MoTrPAC PASS1B-06 rat endurance training (plasma, 8 weeks)",pass1b06 plasma :: 8w training vs sedentary control,https://motrpac-data.org/data-download,plasma,8-week endurance training vs sedentary control,MoTrPAC consortium timewise DEA (search_public API),male,car(5:0-oh),car(5:0(oh)),car(5:0-oh),,,,-0.22855085,0.15375799,1.0,down_in_numerator,not_significant,"0.23 log2-units lower in HIGHER at 8w training vs sedentary (p=1.54e-01, FDR=1.00e+00)",data/live/volcano_motrpac_pass1b06_plasma_8w.csv,refmet_class_annotation
acylcarnitine,class,car(18:0),inferred_name_pattern,requires_human_review,requires_human_review,MoTrPAC DataHub,pass1b06,"MoTrPAC PASS1B-06 rat endurance training (plasma, 8 weeks)",pass1b06 plasma :: 8w training vs sedentary control,https://motrpac-data.org/data-download,plasma,8-week endurance training vs sedentary control,MoTrPAC consortium timewise DEA (search_public API),male,car(18:0),car(18:0),,,,,-0.19593075,0.15400809,1.0,down_in_numerator,not_significant,"0.20 log2-units lower in HIGHER at 8w training vs sedentary (p=1.54e-01, FDR=1.00e+00)",data/live/volcano_motrpac_pass1b06_plasma_8w.csv,refmet_class_annotation;source_metabolite_name
acylcarnitine,class,car(18:1)_feature1,inferred_name_pattern,requires_human_review,requires_human_review,MoTrPAC DataHub,pass1b06,"MoTrPAC PASS1B-06 rat endurance training (plasma, 8 weeks)",pass1b06 plasma :: 8w training vs sedentary control,https://motrpac-data.org/data-download,plasma,8-week endurance training vs sedentary control,MoTrPAC consortium timewise DEA (search_public API),female,car(18:1)_feature1,car(18:1)_lp_a,car(18:1)_feature1,,,,-0.40859234,0.15918745,1.0,down_in_numerator,not_significant,"0.41 log2-units lower in HIGHER at 8w training vs sedentary (p=1.59e-01, FDR=1.00e+00)",data/live/volcano_motrpac_pass1b06_plasma_8w.csv,refmet_class_annotation
acylcarnitine,class,car(22:2)_feature1,inferred_name_pattern,requires_human_review,requires_human_review,MoTrPAC DataHub,pass1b06,"MoTrPAC PASS1B-06 rat endurance training (plasma, 8 weeks)",pass1b06 plasma :: 8w training vs sedentary control,https://motrpac-data.org/data-download,plasma,8-week endurance training vs sedentary control,MoTrPAC consortium timewise DEA (search_public API),female,car(22:2)_feature1,car(22:2),car(22:2)_feature1,,,,-0.38519093,0.16574346,1.0,down_in_numerator,not_significant,"0.39 log2-units lower in HIGHER at 8w training vs sedentary (p=1.66e-01, FDR=1.00e+00)",data/live/volcano_motrpac_pass1b06_plasma_8w.csv,refmet_class_annotation
acylcarnitine,class,car(12:1),inferred_name_pattern,requires_human_review,requires_human_review,MoTrPAC DataHub,pass1b06,"MoTrPAC PASS1B-06 rat endurance training (plasma, 8 weeks)",pass1b06 plasma :: 8w training vs sedentary control,https://motrpac-data.org/data-download,plasma,8-week endurance training vs sedentary control,MoTrPAC consortium timewise DEA (search_public API),male,car(12:1),car(12:1),,,,,-0.2872235,0.17573218,1.0,down_in_numerator,not_significant,"0.29 log2-units lower in HIGHER at 8w training vs sedentary (p=1.76e-01, FDR=1.00e+00)",data/live/volcano_motrpac_pass1b06_plasma_8w.csv,refmet_class_annotation;source_metabolite_name
acylcarnitine,class,car(16:2),inferred_name_pattern,requires_human_review,requires_human_review,MoTrPAC DataHub,pass1b06,"MoTrPAC PASS1B-06 rat endurance training (plasma, 8 weeks)",pass1b06 plasma :: 8w training vs sedentary control,https://motrpac-data.org/data-download,plasma,8-week endurance training vs sedentary control,MoTrPAC consortium timewise DEA (search_public API),male,car(16:2),car(16:2),car(16:2),,,,-0.2779785,0.19173516,1.0,down_in_numerator,not_significant,"0.28 log2-units lower in HIGHER at 8w training vs sedentary (p=1.92e-01, FDR=1.00e+00)",data/live/volcano_motrpac_pass1b06_plasma_8w.csv,refmet_class_annotation
acylcarnitine,class,c26 carnitine,inferred_name_pattern,requires_human_review,requires_human_review,MoTrPAC DataHub,pass1b06,"MoTrPAC PASS1B-06 rat endurance training (plasma, 8 weeks)",pass1b06 plasma :: 8w training vs sedentary control,https://motrpac-data.org/data-download,plasma,8-week endurance training vs sedentary control,MoTrPAC consortium timewise DEA (search_public API),male,c26 carnitine,car(26:0),c26 carnitine,,,,-0.20548782,0.1970746,1.0,down_in_numerator,not_significant,"0.21 log2-units lower in HIGHER at 8w training vs sedentary (p=1.97e-01, FDR=1.00e+00)",data/live/volcano_motrpac_pass1b06_plasma_8w.csv,refmet_class_annotation
acylcarnitine,class,car(5:1),inferred_name_pattern,requires_human_review,requires_human_review,MoTrPAC DataHub,pass1b06,"MoTrPAC PASS1B-06 rat endurance training (plasma, 8 weeks)",pass1b06 plasma :: 8w training vs sedentary control,https://motrpac-data.org/data-download,plasma,8-week endurance training vs sedentary control,MoTrPAC consortium timewise DEA (search_public API),female,car(5:1),car(5:1),,,,,-0.17341895,0.24567811,1.0,down_in_numerator,not_significant,"0.17 log2-units lower in HIGHER at 8w training vs sedentary (p=2.46e-01, FDR=1.00e+00)",data/live/volcano_motrpac_pass1b06_plasma_8w.csv,refmet_class_annotation;source_metabolite_name
acylcarnitine,class,car(4:0),inferred_name_pattern,requires_human_review,requires_human_review,MoTrPAC DataHub,pass1b06,"MoTrPAC PASS1B-06 rat endurance training (plasma, 8 weeks)",pass1b06 plasma :: 8w training vs sedentary control,https://motrpac-data.org/data-download,plasma,8-week endurance training vs sedentary control,MoTrPAC consortium timewise DEA (search_public API),female,car(4:0),car(4:0),,,,,0.23344536,0.25340754,1.0,up_in_numerator,not_significant,"0.23 log2-units higher in HIGHER at 8w training vs sedentary (p=2.53e-01, FDR=1.00e+00)",data/live/volcano_motrpac_pass1b06_plasma_8w.csv,refmet_class_annotation;source_metabolite_name
acylcarnitine,class,car(20:1-oh)_feature1,inferred_name_pattern,requires_human_review,requires_human_review,MoTrPAC DataHub,pass1b06,"MoTrPAC PASS1B-06 rat endurance training (plasma, 8 weeks)",pass1b06 plasma :: 8w training vs sedentary control,https://motrpac-data.org/data-download,plasma,8-week endurance training vs sedentary control,MoTrPAC consortium timewise DEA (search_public API),female,car(20:1-oh)_feature1,car(20:1(oh)),car(20:1-oh)_feature1,,,,-0.28141192,0.25360516,1.0,down_in_numerator,not_significant,"0.28 log2-units lower in HIGHER at 8w training vs sedentary (p=2.54e-01, FDR=1.00e+00)",data/live/volcano_motrpac_pass1b06_plasma_8w.csv,refmet_class_annotation
acylcarnitine,class,car(18:2)_feature1,inferred_name_pattern,requires_human_review,requires_human_review,MoTrPAC DataHub,pass1b06,"MoTrPAC PASS1B-06 rat endurance training (plasma, 8 weeks)",pass1b06 plasma :: 8w training vs sedentary control,https://motrpac-data.org/data-download,plasma,8-week endurance training vs sedentary control,MoTrPAC consortium timewise DEA (search_public API),female,car(18:2)_feature1,car(18:2)_lp_a,car(18:2)_feature1,,,,-0.33901617,0.26057774,1.0,down_in_numerator,not_significant,"0.34 log2-units lower in HIGHER at 8w training vs sedentary (p=2.61e-01, FDR=1.00e+00)",data/live/volcano_motrpac_pass1b06_plasma_8w.csv,refmet_class_annotation
acylcarnitine,class,car(6:0),inferred_name_pattern,requires_human_review,requires_human_review,MoTrPAC DataHub,pass1b06,"MoTrPAC PASS1B-06 rat endurance training (plasma, 8 weeks)",pass1b06 plasma :: 8w training vs sedentary control,https://motrpac-data.org/data-download,plasma,8-week endurance training vs sedentary control,MoTrPAC consortium timewise DEA (search_public API),male,car(6:0),car(6:0),,,,,-0.19816379,0.26058084,1.0,down_in_numerator,not_significant,"0.20 log2-units lower in HIGHER at 8w training vs sedentary (p=2.61e-01, FDR=1.00e+00)",data/live/volcano_motrpac_pass1b06_plasma_8w.csv,refmet_class_annotation;source_metabolite_name
acylcarnitine,class,car(3:0),inferred_name_pattern,requires_human_review,requires_human_review,MoTrPAC DataHub,pass1b06,"MoTrPAC PASS1B-06 rat endurance training (plasma, 8 weeks)",pass1b06 plasma :: 8w training vs sedentary control,https://motrpac-data.org/data-download,plasma,8-week endurance training vs sedentary control,MoTrPAC consortium timewise DEA (search_public API),female,car(3:0),car(3:0),,,,,0.17157753,0.27277097,1.0,up_in_numerator,not_significant,"0.17 log2-units higher in HIGHER at 8w training vs sedentary (p=2.73e-01, FDR=1.00e+00)",data/live/volcano_motrpac_pass1b06_plasma_8w.csv,refmet_class_annotation;source_metabolite_name
acylcarnitine,class,car(12:0)_feature2,inferred_name_pattern,requires_human_review,requires_human_review,MoTrPAC DataHub,pass1b06,"MoTrPAC PASS1B-06 rat endurance training (plasma, 8 weeks)",pass1b06 plasma :: 8w training vs sedentary control,https://motrpac-data.org/data-download,plasma,8-week endurance training vs sedentary control,MoTrPAC consortium timewise DEA (search_public API),female,car(12:0)_feature2,car(12:0)_lp_b,car(12:0)_feature2,,,,-0.25458696,0.293347,1.0,down_in_numerator,not_significant,"0.25 log2-units lower in HIGHER at 8w training vs sedentary (p=2.93e-01, FDR=1.00e+00)",data/live/volcano_motrpac_pass1b06_plasma_8w.csv,refmet_class_annotation
acylcarnitine,class,car(20:2)_feature1,inferred_name_pattern,requires_human_review,requires_human_review,MoTrPAC DataHub,pass1b06,"MoTrPAC PASS1B-06 rat endurance training (plasma, 8 weeks)",pass1b06 plasma :: 8w training vs sedentary control,https://motrpac-data.org/data-download,plasma,8-week endurance training vs sedentary control,MoTrPAC consortium timewise DEA (search_public API),female,car(20:2)_feature1,car(20:2)_lp_a,car(20:2)_feature1,,,,-0.22597463,0.32003006,1.0,down_in_numerator,not_significant,"0.23 log2-units lower in HIGHER at 8w training vs sedentary (p=3.20e-01, FDR=1.00e+00)",data/live/volcano_motrpac_pass1b06_plasma_8w.csv,refmet_class_annotation
acylcarnitine,class,car(18:1)_feature1,inferred_name_pattern,requires_human_review,requires_human_review,MoTrPAC DataHub,pass1b06,"MoTrPAC PASS1B-06 rat endurance training (plasma, 8 weeks)",pass1b06 plasma :: 8w training vs sedentary control,https://motrpac-data.org/data-download,plasma,8-week endurance training vs sedentary control,MoTrPAC consortium timewise DEA (search_public API),male,car(18:1)_feature1,car(18:1)_lp_a,car(18:1)_feature1,,,,-0.25711063,0.33108026,1.0,down_in_numerator,not_significant,"0.26 log2-units lower in HIGHER at 8w training vs sedentary (p=3.31e-01, FDR=1.00e+00)",data/live/volcano_motrpac_pass1b06_plasma_8w.csv,refmet_class_annotation
acylcarnitine,class,car(12:0)_feature1,inferred_name_pattern,requires_human_review,requires_human_review,MoTrPAC DataHub,pass1b06,"MoTrPAC PASS1B-06 rat endurance training (plasma, 8 weeks)",pass1b06 plasma :: 8w training vs sedentary control,https://motrpac-data.org/data-download,plasma,8-week endurance training vs sedentary control,MoTrPAC consortium timewise DEA (search_public API),female,car(12:0)_feature1,car(12:0)_lp_a,car(12:0)_feature1,,,,-0.24883753,0.33876416,1.0,down_in_numerator,not_significant,"0.25 log2-units lower in HIGHER at 8w training vs sedentary (p=3.39e-01, FDR=1.00e+00)",data/live/volcano_motrpac_pass1b06_plasma_8w.csv,refmet_class_annotation
acylcarnitine,class,car(13:0)_feature1,inferred_name_pattern,requires_human_review,requires_human_review,MoTrPAC DataHub,pass1b06,"MoTrPAC PASS1B-06 rat endurance training (plasma, 8 weeks)",pass1b06 plasma :: 8w training vs sedentary control,https://motrpac-data.org/data-download,plasma,8-week endurance training vs sedentary control,MoTrPAC consortium timewise DEA (search_public API),female,car(13:0)_feature1,car(13:0),car(13:0)_feature1,,,,-0.2741102,0.34410173,1.0,down_in_numerator,not_significant,"0.27 log2-units lower in HIGHER at 8w training vs sedentary (p=3.44e-01, FDR=1.00e+00)",data/live/volcano_motrpac_pass1b06_plasma_8w.csv,refmet_class_annotation
acylcarnitine,class,car(18:0)_feature2,inferred_name_pattern,requires_human_review,requires_human_review,MoTrPAC DataHub,pass1b06,"MoTrPAC PASS1B-06 rat endurance training (plasma, 8 weeks)",pass1b06 plasma :: 8w training vs sedentary control,https://motrpac-data.org/data-download,plasma,8-week endurance training vs sedentary control,MoTrPAC consortium timewise DEA (search_public API),female,car(18:0)_feature2,tg(50:2)_lp_b,car(18:0)_feature2,,,,0.5277832,0.35584724,1.0,up_in_numerator,not_significant,"0.53 log2-units higher in HIGHER at 8w training vs sedentary (p=3.56e-01, FDR=1.00e+00)",data/live/volcano_motrpac_pass1b06_plasma_8w.csv,refmet_class_annotation
acylcarnitine,class,car(17:1)_feature1,inferred_name_pattern,requires_human_review,requires_human_review,MoTrPAC DataHub,pass1b06,"MoTrPAC PASS1B-06 rat endurance training (plasma, 8 weeks)",pass1b06 plasma :: 8w training vs sedentary control,https://motrpac-data.org/data-download,plasma,8-week endurance training vs sedentary control,MoTrPAC consortium timewise DEA (search_public API),male,car(17:1)_feature1,car(17:1),car(17:1)_feature1,,,,-0.2234701,0.36046523,1.0,down_in_numerator,not_significant,"0.22 log2-units lower in HIGHER at 8w training vs sedentary (p=3.60e-01, FDR=1.00e+00)",data/live/volcano_motrpac_pass1b06_plasma_8w.csv,refmet_class_annotation
acylcarnitine,class,car(24:1)_feature1,inferred_name_pattern,requires_human_review,requires_human_review,MoTrPAC DataHub,pass1b06,"MoTrPAC PASS1B-06 rat endurance training (plasma, 8 weeks)",pass1b06 plasma :: 8w training vs sedentary control,https://motrpac-data.org/data-download,plasma,8-week endurance training vs sedentary control,MoTrPAC consortium timewise DEA (search_public API),male,car(24:1)_feature1,car(24:1),car(24:1)_feature1,,,,0.20609368,0.36660308,1.0,up_in_numerator,not_significant,"0.21 log2-units higher in HIGHER at 8w training vs sedentary (p=3.67e-01, FDR=1.00e+00)",data/live/volcano_motrpac_pass1b06_plasma_8w.csv,refmet_class_annotation
acylcarnitine,class,car(8:0),inferred_name_pattern,requires_human_review,requires_human_review,MoTrPAC DataHub,pass1b06,"MoTrPAC PASS1B-06 rat endurance training (plasma, 8 weeks)",pass1b06 plasma :: 8w training vs sedentary control,https://motrpac-data.org/data-download,plasma,8-week endurance training vs sedentary control,MoTrPAC consortium timewise DEA (search_public API),female,car(8:0),car(8:0),,,,,-0.10285493,0.3693552,1.0,down_in_numerator,not_significant,"0.10 log2-units lower in HIGHER at 8w training vs sedentary (p=3.69e-01, FDR=1.00e+00)",data/live/volcano_motrpac_pass1b06_plasma_8w.csv,refmet_class_annotation;source_metabolite_name
acylcarnitine,class,car(12:0)_feature1,inferred_name_pattern,requires_human_review,requires_human_review,MoTrPAC DataHub,pass1b06,"MoTrPAC PASS1B-06 rat endurance training (plasma, 8 weeks)",pass1b06 plasma :: 8w training vs sedentary control,https://motrpac-data.org/data-download,plasma,8-week endurance training vs sedentary control,MoTrPAC consortium timewise DEA (search_public API),male,car(12:0)_feature1,car(12:0)_lp_a,car(12:0)_feature1,,,,-0.20409681,0.37107864,1.0,down_in_numerator,not_significant,"0.20 log2-units lower in HIGHER at 8w training vs sedentary (p=3.71e-01, FDR=1.00e+00)",data/live/volcano_motrpac_pass1b06_plasma_8w.csv,refmet_class_annotation
acylcarnitine,class,car(18:0-oh)_feature1,inferred_name_pattern,requires_human_review,requires_human_review,MoTrPAC DataHub,pass1b06,"MoTrPAC PASS1B-06 rat endurance training (plasma, 8 weeks)",pass1b06 plasma :: 8w training vs sedentary control,https://motrpac-data.org/data-download,plasma,8-week endurance training vs sedentary control,MoTrPAC consortium timewise DEA (search_public API),male,car(18:0-oh)_feature1,car(18:0(oh)),car(18:0-oh)_feature1,,,,0.24803403,0.37449527,1.0,up_in_numerator,not_significant,"0.25 log2-units higher in HIGHER at 8w training vs sedentary (p=3.74e-01, FDR=1.00e+00)",data/live/volcano_motrpac_pass1b06_plasma_8w.csv,refmet_class_annotation
acylcarnitine,class,car(10:1),inferred_name_pattern,requires_human_review,requires_human_review,MoTrPAC DataHub,pass1b06,"MoTrPAC PASS1B-06 rat endurance training (plasma, 8 weeks)",pass1b06 plasma :: 8w training vs sedentary control,https://motrpac-data.org/data-download,plasma,8-week endurance training vs sedentary control,MoTrPAC consortium timewise DEA (search_public API),male,car(10:1),car(10:1),,,,,-0.14992967,0.38034296,1.0,down_in_numerator,not_significant,"0.15 log2-units lower in HIGHER at 8w training vs sedentary (p=3.80e-01, FDR=1.00e+00)",data/live/volcano_motrpac_pass1b06_plasma_8w.csv,refmet_class_annotation;source_metabolite_name
acylcarnitine,class,car(5:1),inferred_name_pattern,requires_human_review,requires_human_review,MoTrPAC DataHub,pass1b06,"MoTrPAC PASS1B-06 rat endurance training (plasma, 8 weeks)",pass1b06 plasma :: 8w training vs sedentary control,https://motrpac-data.org/data-download,plasma,8-week endurance training vs sedentary control,MoTrPAC consortium timewise DEA (search_public API),male,car(5:1),car(5:1),,,,,-0.23804244,0.3813529,1.0,down_in_numerator,not_significant,"0.24 log2-units lower in HIGHER at 8w training vs sedentary (p=3.81e-01, FDR=1.00e+00)",data/live/volcano_motrpac_pass1b06_plasma_8w.csv,refmet_class_annotation;source_metabolite_name
acylcarnitine,class,car(22:2)_feature1,inferred_name_pattern,requires_human_review,requires_human_review,MoTrPAC DataHub,pass1b06,"MoTrPAC PASS1B-06 rat endurance training (plasma, 8 weeks)",pass1b06 plasma :: 8w training vs sedentary control,https://motrpac-data.org/data-download,plasma,8-week endurance training vs sedentary control,MoTrPAC consortium timewise DEA (search_public API),male,car(22:2)_feature1,car(22:2),car(22:2)_feature1,,,,0.23794352,0.3821938,1.0,up_in_numerator,not_significant,"0.24 log2-units higher in HIGHER at 8w training vs sedentary (p=3.82e-01, FDR=1.00e+00)",data/live/volcano_motrpac_pass1b06_plasma_8w.csv,refmet_class_annotation
acylcarnitine,class,car(8:1),inferred_name_pattern,requires_human_review,requires_human_review,MoTrPAC DataHub,pass1b06,"MoTrPAC PASS1B-06 rat endurance training (plasma, 8 weeks)",pass1b06 plasma :: 8w training vs sedentary control,https://motrpac-data.org/data-download,plasma,8-week endurance training vs sedentary control,MoTrPAC consortium timewise DEA (search_public API),male,car(8:1),car(8:1),car(8:1),,,,-0.27434403,0.38600102,1.0,down_in_numerator,not_significant,"0.27 log2-units lower in HIGHER at 8w training vs sedentary (p=3.86e-01, FDR=1.00e+00)",data/live/volcano_motrpac_pass1b06_plasma_8w.csv,refmet_class_annotation
acylcarnitine,class,car(18:0)_feature2,inferred_name_pattern,requires_human_review,requires_human_review,MoTrPAC DataHub,pass1b06,"MoTrPAC PASS1B-06 rat endurance training (plasma, 8 weeks)",pass1b06 plasma :: 8w training vs sedentary control,https://motrpac-data.org/data-download,plasma,8-week endurance training vs sedentary control,MoTrPAC consortium timewise DEA (search_public API),male,car(18:0)_feature2,tg(50:2)_lp_b,car(18:0)_feature2,,,,-0.4192802,0.38704416,1.0,down_in_numerator,not_significant,"0.42 log2-units lower in HIGHER at 8w training vs sedentary (p=3.87e-01, FDR=1.00e+00)",data/live/volcano_motrpac_pass1b06_plasma_8w.csv,refmet_class_annotation
acylcarnitine,class,butyrobetaine,refmet_curated_class,accepted_curated,accepted_curated,MoTrPAC DataHub,pass1b06,"MoTrPAC PASS1B-06 rat endurance training (plasma, 8 weeks)",pass1b06 plasma :: 8w training vs sedentary control,https://motrpac-data.org/data-download,plasma,8-week endurance training vs sedentary control,MoTrPAC consortium timewise DEA (search_public API),female,butyrobetaine,3-dehydroxycarnitine,butyrobetaine,Fatty esters,Fatty Acyls,Acyl carnitines,-0.05462235,0.39293522,1.0,down_in_numerator,not_significant,"0.05 log2-units lower in HIGHER at 8w training vs sedentary (p=3.93e-01, FDR=1.00e+00)",data/live/volcano_motrpac_pass1b06_plasma_8w.csv,
acylcarnitine,class,car(17:1)_feature1,inferred_name_pattern,requires_human_review,requires_human_review,MoTrPAC DataHub,pass1b06,"MoTrPAC PASS1B-06 rat endurance training (plasma, 8 weeks)",pass1b06 plasma :: 8w training vs sedentary control,https://motrpac-data.org/data-download,plasma,8-week endurance training vs sedentary control,MoTrPAC consortium timewise DEA (search_public API),female,car(17:1)_feature1,car(17:1),car(17:1)_feature1,,,,-0.35001785,0.40444732,1.0,down_in_numerator,not_significant,"0.35 log2-units lower in HIGHER at 8w training vs sedentary (p=4.04e-01, FDR=1.00e+00)",data/live/volcano_motrpac_pass1b06_plasma_8w.csv,refmet_class_annotation
acylcarnitine,class,car(18:2)_feature1,inferred_name_pattern,requires_human_review,requires_human_review,MoTrPAC DataHub,pass1b06,"MoTrPAC PASS1B-06 rat endurance training (plasma, 8 weeks)",pass1b06 plasma :: 8w training vs sedentary control,https://motrpac-data.org/data-download,plasma,8-week endurance training vs sedentary control,MoTrPAC consortium timewise DEA (search_public API),male,car(18:2)_feature1,car(18:2)_lp_a,car(18:2)_feature1,,,,0.19285503,0.4560775,1.0,up_in_numerator,not_significant,"0.19 log2-units higher in HIGHER at 8w training vs sedentary (p=4.56e-01, FDR=1.00e+00)",data/live/volcano_motrpac_pass1b06_plasma_8w.csv,refmet_class_annotation
acylcarnitine,class,car(18:0-oh)_feature1,inferred_name_pattern,requires_human_review,requires_human_review,MoTrPAC DataHub,pass1b06,"MoTrPAC PASS1B-06 rat endurance training (plasma, 8 weeks)",pass1b06 plasma :: 8w training vs sedentary control,https://motrpac-data.org/data-download,plasma,8-week endurance training vs sedentary control,MoTrPAC consortium timewise DEA (search_public API),female,car(18:0-oh)_feature1,car(18:0(oh)),car(18:0-oh)_feature1,,,,-0.22989666,0.46626785,1.0,down_in_numerator,not_significant,"0.23 log2-units lower in HIGHER at 8w training vs sedentary (p=4.66e-01, FDR=1.00e+00)",data/live/volcano_motrpac_pass1b06_plasma_8w.csv,refmet_class_annotation
acylcarnitine,class,car(4:0),inferred_name_pattern,requires_human_review,requires_human_review,MoTrPAC DataHub,pass1b06,"MoTrPAC PASS1B-06 rat endurance training (plasma, 8 weeks)",pass1b06 plasma :: 8w training vs sedentary control,https://motrpac-data.org/data-download,plasma,8-week endurance training vs sedentary control,MoTrPAC consortium timewise DEA (search_public API),male,car(4:0),car(4:0),,,,,0.10330082,0.4825079,1.0,up_in_numerator,not_significant,"0.10 log2-units higher in HIGHER at 8w training vs sedentary (p=4.83e-01, FDR=1.00e+00)",data/live/volcano_motrpac_pass1b06_plasma_8w.csv,refmet_class_annotation;source_metabolite_name
acylcarnitine,class,car(26:1)_feature1,inferred_name_pattern,requires_human_review,requires_human_review,MoTrPAC DataHub,pass1b06,"MoTrPAC PASS1B-06 rat endurance training (plasma, 8 weeks)",pass1b06 plasma :: 8w training vs sedentary control,https://motrpac-data.org/data-download,plasma,8-week endurance training vs sedentary control,MoTrPAC consortium timewise DEA (search_public API),male,car(26:1)_feature1,car(26:1),car(26:1)_feature1,,,,0.13344118,0.48496097,1.0,up_in_numerator,not_significant,"0.13 log2-units higher in HIGHER at 8w training vs sedentary (p=4.85e-01, FDR=1.00e+00)",data/live/volcano_motrpac_pass1b06_plasma_8w.csv,refmet_class_annotation
acylcarnitine,class,car(6:0),inferred_name_pattern,requires_human_review,requires_human_review,MoTrPAC DataHub,pass1b06,"MoTrPAC PASS1B-06 rat endurance training (plasma, 8 weeks)",pass1b06 plasma :: 8w training vs sedentary control,https://motrpac-data.org/data-download,plasma,8-week endurance training vs sedentary control,MoTrPAC consortium timewise DEA (search_public API),female,car(6:0),car(6:0),,,,,-0.11073662,0.5028231,1.0,down_in_numerator,not_significant,"0.11 log2-units lower in HIGHER at 8w training vs sedentary (p=5.03e-01, FDR=1.00e+00)",data/live/volcano_motrpac_pass1b06_plasma_8w.csv,refmet_class_annotation;source_metabolite_name
acylcarnitine,class,car(20:2)_feature1,inferred_name_pattern,requires_human_review,requires_human_review,MoTrPAC DataHub,pass1b06,"MoTrPAC PASS1B-06 rat endurance training (plasma, 8 weeks)",pass1b06 plasma :: 8w training vs sedentary control,https://motrpac-data.org/data-download,plasma,8-week endurance training vs sedentary control,MoTrPAC consortium timewise DEA (search_public API),male,car(20:2)_feature1,car(20:2)_lp_a,car(20:2)_feature1,,,,-0.16699773,0.5272007,1.0,down_in_numerator,not_significant,"0.17 log2-units lower in HIGHER at 8w training vs sedentary (p=5.27e-01, FDR=1.00e+00)",data/live/volcano_motrpac_pass1b06_plasma_8w.csv,refmet_class_annotation
acylcarnitine,class,car(24:0)_feature1,inferred_name_pattern,requires_human_review,requires_human_review,MoTrPAC DataHub,pass1b06,"MoTrPAC PASS1B-06 rat endurance training (plasma, 8 weeks)",pass1b06 plasma :: 8w training vs sedentary control,https://motrpac-data.org/data-download,plasma,8-week endurance training vs sedentary control,MoTrPAC consortium timewise DEA (search_public API),female,car(24:0)_feature1,car(24:0),car(24:0)_feature1,,,,-0.09931347,0.553717,1.0,down_in_numerator,not_significant,"0.10 log2-units lower in HIGHER at 8w training vs sedentary (p=5.54e-01, FDR=1.00e+00)",data/live/volcano_motrpac_pass1b06_plasma_8w.csv,refmet_class_annotation
acylcarnitine,class,car(2:0),inferred_name_pattern,requires_human_review,requires_human_review,MoTrPAC DataHub,pass1b06,"MoTrPAC PASS1B-06 rat endurance training (plasma, 8 weeks)",pass1b06 plasma :: 8w training vs sedentary control,https://motrpac-data.org/data-download,plasma,8-week endurance training vs sedentary control,MoTrPAC consortium timewise DEA (search_public API),female,car(2:0),car(2:0),,,,,-0.09753379,0.5664791,1.0,down_in_numerator,not_significant,"0.10 log2-units lower in HIGHER at 8w training vs sedentary (p=5.66e-01, FDR=1.00e+00)",data/live/volcano_motrpac_pass1b06_plasma_8w.csv,refmet_class_annotation;source_metabolite_name
acylcarnitine,class,car(16:1)_feature1,inferred_name_pattern,requires_human_review,requires_human_review,MoTrPAC DataHub,pass1b06,"MoTrPAC PASS1B-06 rat endurance training (plasma, 8 weeks)",pass1b06 plasma :: 8w training vs sedentary control,https://motrpac-data.org/data-download,plasma,8-week endurance training vs sedentary control,MoTrPAC consortium timewise DEA (search_public API),male,car(16:1)_feature1,car(16:1)_lp_a,car(16:1)_feature1,,,,-0.11307219,0.61997205,1.0,down_in_numerator,not_significant,"0.11 log2-units lower in HIGHER at 8w training vs sedentary (p=6.20e-01, FDR=1.00e+00)",data/live/volcano_motrpac_pass1b06_plasma_8w.csv,refmet_class_annotation
acylcarnitine,class,car(24:1)_feature1,inferred_name_pattern,requires_human_review,requires_human_review,MoTrPAC DataHub,pass1b06,"MoTrPAC PASS1B-06 rat endurance training (plasma, 8 weeks)",pass1b06 plasma :: 8w training vs sedentary control,https://motrpac-data.org/data-download,plasma,8-week endurance training vs sedentary control,MoTrPAC consortium timewise DEA (search_public API),female,car(24:1)_feature1,car(24:1),car(24:1)_feature1,,,,-0.08211022,0.63681024,1.0,down_in_numerator,not_significant,"0.08 log2-units lower in HIGHER at 8w training vs sedentary (p=6.37e-01, FDR=1.00e+00)",data/live/volcano_motrpac_pass1b06_plasma_8w.csv,refmet_class_annotation
acylcarnitine,class,car(20:1-oh)_feature1,inferred_name_pattern,requires_human_review,requires_human_review,MoTrPAC DataHub,pass1b06,"MoTrPAC PASS1B-06 rat endurance training (plasma, 8 weeks)",pass1b06 plasma :: 8w training vs sedentary control,https://motrpac-data.org/data-download,plasma,8-week endurance training vs sedentary control,MoTrPAC consortium timewise DEA (search_public API),male,car(20:1-oh)_feature1,car(20:1(oh)),car(20:1-oh)_feature1,,,,-0.11277689,0.6586416,1.0,down_in_numerator,not_significant,"0.11 log2-units lower in HIGHER at 8w training vs sedentary (p=6.59e-01, FDR=1.00e+00)",data/live/volcano_motrpac_pass1b06_plasma_8w.csv,refmet_class_annotation
acylcarnitine,class,butyrobetaine,refmet_curated_class,accepted_curated,accepted_curated,MoTrPAC DataHub,pass1b06,"MoTrPAC PASS1B-06 rat endurance training (plasma, 8 weeks)",pass1b06 plasma :: 8w training vs sedentary control,https://motrpac-data.org/data-download,plasma,8-week endurance training vs sedentary control,MoTrPAC consortium timewise DEA (search_public API),male,butyrobetaine,3-dehydroxycarnitine,butyrobetaine,Fatty esters,Fatty Acyls,Acyl carnitines,-0.0449681,0.6671141,1.0,down_in_numerator,not_significant,"0.04 log2-units lower in HIGHER at 8w training vs sedentary (p=6.67e-01, FDR=1.00e+00)",data/live/volcano_motrpac_pass1b06_plasma_8w.csv,
acylcarnitine,class,car(10:0-oh)_feature1,inferred_name_pattern,requires_human_review,requires_human_review,MoTrPAC DataHub,pass1b06,"MoTrPAC PASS1B-06 rat endurance training (plasma, 8 weeks)",pass1b06 plasma :: 8w training vs sedentary control,https://motrpac-data.org/data-download,plasma,8-week endurance training vs sedentary control,MoTrPAC consortium timewise DEA (search_public API),male,car(10:0-oh)_feature1,car(10:0(oh)),car(10:0-oh)_feature1,,,,0.09165557,0.68436766,1.0,up_in_numerator,not_significant,"0.09 log2-units higher in HIGHER at 8w training vs sedentary (p=6.84e-01, FDR=1.00e+00)",data/live/volcano_motrpac_pass1b06_plasma_8w.csv,refmet_class_annotation
acylcarnitine,class,car(15:0)_feature1,inferred_name_pattern,requires_human_review,requires_human_review,MoTrPAC DataHub,pass1b06,"MoTrPAC PASS1B-06 rat endurance training (plasma, 8 weeks)",pass1b06 plasma :: 8w training vs sedentary control,https://motrpac-data.org/data-download,plasma,8-week endurance training vs sedentary control,MoTrPAC consortium timewise DEA (search_public API),male,car(15:0)_feature1,car(15:0)_lp_a,car(15:0)_feature1,,,,-0.26156756,0.69384927,1.0,down_in_numerator,not_significant,"0.26 log2-units lower in HIGHER at 8w training vs sedentary (p=6.94e-01, FDR=1.00e+00)",data/live/volcano_motrpac_pass1b06_plasma_8w.csv,refmet_class_annotation
acylcarnitine,class,car(16:2)_feature1,inferred_name_pattern,requires_human_review,requires_human_review,MoTrPAC DataHub,pass1b06,"MoTrPAC PASS1B-06 rat endurance training (plasma, 8 weeks)",pass1b06 plasma :: 8w training vs sedentary control,https://motrpac-data.org/data-download,plasma,8-week endurance training vs sedentary control,MoTrPAC consortium timewise DEA (search_public API),male,car(16:2)_feature1,car(16:2)_lp_a,car(16:2)_feature1,,,,-0.09992174,0.69725746,1.0,down_in_numerator,not_significant,"0.10 log2-units lower in HIGHER at 8w training vs sedentary (p=6.97e-01, FDR=1.00e+00)",data/live/volcano_motrpac_pass1b06_plasma_8w.csv,refmet_class_annotation
acylcarnitine,class,c26 carnitine,inferred_name_pattern,requires_human_review,requires_human_review,MoTrPAC DataHub,pass1b06,"MoTrPAC PASS1B-06 rat endurance training (plasma, 8 weeks)",pass1b06 plasma :: 8w training vs sedentary control,https://motrpac-data.org/data-download,plasma,8-week endurance training vs sedentary control,MoTrPAC consortium timewise DEA (search_public API),female,c26 carnitine,car(26:0),c26 carnitine,,,,-0.06387399,0.70263445,1.0,down_in_numerator,not_significant,"0.06 log2-units lower in HIGHER at 8w training vs sedentary (p=7.03e-01, FDR=1.00e+00)",data/live/volcano_motrpac_pass1b06_plasma_8w.csv,refmet_class_annotation
acylcarnitine,class,car(8:1),inferred_name_pattern,requires_human_review,requires_human_review,MoTrPAC DataHub,pass1b06,"MoTrPAC PASS1B-06 rat endurance training (plasma, 8 weeks)",pass1b06 plasma :: 8w training vs sedentary control,https://motrpac-data.org/data-download,plasma,8-week endurance training vs sedentary control,MoTrPAC consortium timewise DEA (search_public API),female,car(8:1),car(8:1),car(8:1),,,,-0.10677358,0.7156266,1.0,down_in_numerator,not_significant,"0.11 log2-units lower in HIGHER at 8w training vs sedentary (p=7.16e-01, FDR=1.00e+00)",data/live/volcano_motrpac_pass1b06_plasma_8w.csv,refmet_class_annotation
acylcarnitine,class,car(5:0),inferred_name_pattern,requires_human_review,requires_human_review,MoTrPAC DataHub,pass1b06,"MoTrPAC PASS1B-06 rat endurance training (plasma, 8 weeks)",pass1b06 plasma :: 8w training vs sedentary control,https://motrpac-data.org/data-download,plasma,8-week endurance training vs sedentary control,MoTrPAC consortium timewise DEA (search_public API),female,car(5:0),car(5:0),,,,,-0.051484223,0.71674675,1.0,down_in_numerator,not_significant,"0.05 log2-units lower in HIGHER at 8w training vs sedentary (p=7.17e-01, FDR=1.00e+00)",data/live/volcano_motrpac_pass1b06_plasma_8w.csv,refmet_class_annotation;source_metabolite_name
acylcarnitine,class,car(12:0)_feature2,inferred_name_pattern,requires_human_review,requires_human_review,MoTrPAC DataHub,pass1b06,"MoTrPAC PASS1B-06 rat endurance training (plasma, 8 weeks)",pass1b06 plasma :: 8w training vs sedentary control,https://motrpac-data.org/data-download,plasma,8-week endurance training vs sedentary control,MoTrPAC consortium timewise DEA (search_public API),male,car(12:0)_feature2,car(12:0)_lp_b,car(12:0)_feature2,,,,-0.07117903,0.7425028,1.0,down_in_numerator,not_significant,"0.07 log2-units lower in HIGHER at 8w training vs sedentary (p=7.43e-01, FDR=1.00e+00)",data/live/volcano_motrpac_pass1b06_plasma_8w.csv,refmet_class_annotation
acylcarnitine,class,car(24:0)_feature1,inferred_name_pattern,requires_human_review,requires_human_review,MoTrPAC DataHub,pass1b06,"MoTrPAC PASS1B-06 rat endurance training (plasma, 8 weeks)",pass1b06 plasma :: 8w training vs sedentary control,https://motrpac-data.org/data-download,plasma,8-week endurance training vs sedentary control,MoTrPAC consortium timewise DEA (search_public API),male,car(24:0)_feature1,car(24:0),car(24:0)_feature1,,,,0.04910675,0.76912653,1.0,up_in_numerator,not_significant,"0.05 log2-units higher in HIGHER at 8w training vs sedentary (p=7.69e-01, FDR=1.00e+00)",data/live/volcano_motrpac_pass1b06_plasma_8w.csv,refmet_class_annotation
acylcarnitine,class,car(20:2-oh)_feature1,inferred_name_pattern,requires_human_review,requires_human_review,MoTrPAC DataHub,pass1b06,"MoTrPAC PASS1B-06 rat endurance training (plasma, 8 weeks)",pass1b06 plasma :: 8w training vs sedentary control,https://motrpac-data.org/data-download,plasma,8-week endurance training vs sedentary control,MoTrPAC consortium timewise DEA (search_public API),female,car(20:2-oh)_feature1,car(20:2(oh)),car(20:2-oh)_feature1,,,,-0.118744545,0.7849549,1.0,down_in_numerator,not_significant,"0.12 log2-units lower in HIGHER at 8w training vs sedentary (p=7.85e-01, FDR=1.00e+00)",data/live/volcano_motrpac_pass1b06_plasma_8w.csv,refmet_class_annotation
acylcarnitine,class,car(20:1)_feature1,inferred_name_pattern,requires_human_review,requires_human_review,MoTrPAC DataHub,pass1b06,"MoTrPAC PASS1B-06 rat endurance training (plasma, 8 weeks)",pass1b06 plasma :: 8w training vs sedentary control,https://motrpac-data.org/data-download,plasma,8-week endurance training vs sedentary control,MoTrPAC consortium timewise DEA (search_public API),female,car(20:1)_feature1,car(20:1),car(20:1)_feature1,,,,-0.06332421,0.79286987,1.0,down_in_numerator,not_significant,"0.06 log2-units lower in HIGHER at 8w training vs sedentary (p=7.93e-01, FDR=1.00e+00)",data/live/volcano_motrpac_pass1b06_plasma_8w.csv,refmet_class_annotation
acylcarnitine,class,car(10:0-oh)_feature1,inferred_name_pattern,requires_human_review,requires_human_review,MoTrPAC DataHub,pass1b06,"MoTrPAC PASS1B-06 rat endurance training (plasma, 8 weeks)",pass1b06 plasma :: 8w training vs sedentary control,https://motrpac-data.org/data-download,plasma,8-week endurance training vs sedentary control,MoTrPAC consortium timewise DEA (search_public API),female,car(10:0-oh)_feature1,car(10:0(oh)),car(10:0-oh)_feature1,,,,0.053056728,0.80591905,1.0,up_in_numerator,not_significant,"0.05 log2-units higher in HIGHER at 8w training vs sedentary (p=8.06e-01, FDR=1.00e+00)",data/live/volcano_motrpac_pass1b06_plasma_8w.csv,refmet_class_annotation
acylcarnitine,class,carnitine,refmet_curated_class,accepted_curated,accepted_curated,MoTrPAC DataHub,pass1b06,"MoTrPAC PASS1B-06 rat endurance training (plasma, 8 weeks)",pass1b06 plasma :: 8w training vs sedentary control,https://motrpac-data.org/data-download,plasma,8-week endurance training vs sedentary control,MoTrPAC consortium timewise DEA (search_public API),male,carnitine,carnitine,,Carnitines,Organic nitrogen compounds,Carnitines,-0.038569275,0.8079629,1.0,down_in_numerator,not_significant,"0.04 log2-units lower in HIGHER at 8w training vs sedentary (p=8.08e-01, FDR=1.00e+00)",data/live/volcano_motrpac_pass1b06_plasma_8w.csv,source_metabolite_name
acylcarnitine,class,car(17:0)_feature1,inferred_name_pattern,requires_human_review,requires_human_review,MoTrPAC DataHub,pass1b06,"MoTrPAC PASS1B-06 rat endurance training (plasma, 8 weeks)",pass1b06 plasma :: 8w training vs sedentary control,https://motrpac-data.org/data-download,plasma,8-week endurance training vs sedentary control,MoTrPAC consortium timewise DEA (search_public API),male,car(17:0)_feature1,car(17:0)_lp_a,car(17:0)_feature1,,,,-0.05640745,0.8289959,1.0,down_in_numerator,not_significant,"0.06 log2-units lower in HIGHER at 8w training vs sedentary (p=8.29e-01, FDR=1.00e+00)",data/live/volcano_motrpac_pass1b06_plasma_8w.csv,refmet_class_annotation
acylcarnitine,class,car(22:4)_feature1,inferred_name_pattern,requires_human_review,requires_human_review,MoTrPAC DataHub,pass1b06,"MoTrPAC PASS1B-06 rat endurance training (plasma, 8 weeks)",pass1b06 plasma :: 8w training vs sedentary control,https://motrpac-data.org/data-download,plasma,8-week endurance training vs sedentary control,MoTrPAC consortium timewise DEA (search_public API),female,car(22:4)_feature1,car(22:4),car(22:4)_feature1,,,,-0.079580516,0.8294636,1.0,down_in_numerator,not_significant,"0.08 log2-units lower in HIGHER at 8w training vs sedentary (p=8.29e-01, FDR=1.00e+00)",data/live/volcano_motrpac_pass1b06_plasma_8w.csv,refmet_class_annotation
acylcarnitine,class,car(14:1-oh)_feature1,inferred_name_pattern,requires_human_review,requires_human_review,MoTrPAC DataHub,pass1b06,"MoTrPAC PASS1B-06 rat endurance training (plasma, 8 weeks)",pass1b06 plasma :: 8w training vs sedentary control,https://motrpac-data.org/data-download,plasma,8-week endurance training vs sedentary control,MoTrPAC consortium timewise DEA (search_public API),male,car(14:1-oh)_feature1,car(14:1(oh)),car(14:1-oh)_feature1,,,,0.045511693,0.8373447,1.0,up_in_numerator,not_significant,"0.05 log2-units higher in HIGHER at 8w training vs sedentary (p=8.37e-01, FDR=1.00e+00)",data/live/volcano_motrpac_pass1b06_plasma_8w.csv,refmet_class_annotation
acylcarnitine,class,c7 carnitine,inferred_name_pattern,requires_human_review,requires_human_review,MoTrPAC DataHub,pass1b06,"MoTrPAC PASS1B-06 rat endurance training (plasma, 8 weeks)",pass1b06 plasma :: 8w training vs sedentary control,https://motrpac-data.org/data-download,plasma,8-week endurance training vs sedentary control,MoTrPAC consortium timewise DEA (search_public API),female,c7 carnitine,car(7:0),c7 carnitine,,,,-0.08034896,0.84358144,1.0,down_in_numerator,not_significant,"0.08 log2-units lower in HIGHER at 8w training vs sedentary (p=8.44e-01, FDR=1.00e+00)",data/live/volcano_motrpac_pass1b06_plasma_8w.csv,refmet_class_annotation
acylcarnitine,class,car(13:0)_feature1,inferred_name_pattern,requires_human_review,requires_human_review,MoTrPAC DataHub,pass1b06,"MoTrPAC PASS1B-06 rat endurance training (plasma, 8 weeks)",pass1b06 plasma :: 8w training vs sedentary control,https://motrpac-data.org/data-download,plasma,8-week endurance training vs sedentary control,MoTrPAC consortium timewise DEA (search_public API),male,car(13:0)_feature1,car(13:0),car(13:0)_feature1,,,,0.029468006,0.8574966,1.0,up_in_numerator,not_significant,"0.03 log2-units higher in HIGHER at 8w training vs sedentary (p=8.57e-01, FDR=1.00e+00)",data/live/volcano_motrpac_pass1b06_plasma_8w.csv,refmet_class_annotation
acylcarnitine,class,car(20:1)_feature1,inferred_name_pattern,requires_human_review,requires_human_review,MoTrPAC DataHub,pass1b06,"MoTrPAC PASS1B-06 rat endurance training (plasma, 8 weeks)",pass1b06 plasma :: 8w training vs sedentary control,https://motrpac-data.org/data-download,plasma,8-week endurance training vs sedentary control,MoTrPAC consortium timewise DEA (search_public API),male,car(20:1)_feature1,car(20:1),car(20:1)_feature1,,,,0.04292493,0.86279,1.0,up_in_numerator,not_significant,"0.04 log2-units higher in HIGHER at 8w training vs sedentary (p=8.63e-01, FDR=1.00e+00)",data/live/volcano_motrpac_pass1b06_plasma_8w.csv,refmet_class_annotation
acylcarnitine,class,car(26:1)_feature1,inferred_name_pattern,requires_human_review,requires_human_review,MoTrPAC DataHub,pass1b06,"MoTrPAC PASS1B-06 rat endurance training (plasma, 8 weeks)",pass1b06 plasma :: 8w training vs sedentary control,https://motrpac-data.org/data-download,plasma,8-week endurance training vs sedentary control,MoTrPAC consortium timewise DEA (search_public API),female,car(26:1)_feature1,car(26:1),car(26:1)_feature1,,,,0.031440634,0.8723265,1.0,up_in_numerator,not_significant,"0.03 log2-units higher in HIGHER at 8w training vs sedentary (p=8.72e-01, FDR=1.00e+00)",data/live/volcano_motrpac_pass1b06_plasma_8w.csv,refmet_class_annotation
acylcarnitine,class,car(17:0)_feature1,inferred_name_pattern,requires_human_review,requires_human_review,MoTrPAC DataHub,pass1b06,"MoTrPAC PASS1B-06 rat endurance training (plasma, 8 weeks)",pass1b06 plasma :: 8w training vs sedentary control,https://motrpac-data.org/data-download,plasma,8-week endurance training vs sedentary control,MoTrPAC consortium timewise DEA (search_public API),female,car(17:0)_feature1,car(17:0)_lp_a,car(17:0)_feature1,,,,-0.032679282,0.91259855,1.0,down_in_numerator,not_significant,"0.03 log2-units lower in HIGHER at 8w training vs sedentary (p=9.13e-01, FDR=1.00e+00)",data/live/volcano_motrpac_pass1b06_plasma_8w.csv,refmet_class_annotation
acylcarnitine,class,c7 carnitine,inferred_name_pattern,requires_human_review,requires_human_review,MoTrPAC DataHub,pass1b06,"MoTrPAC PASS1B-06 rat endurance training (plasma, 8 weeks)",pass1b06 plasma :: 8w training vs sedentary control,https://motrpac-data.org/data-download,plasma,8-week endurance training vs sedentary control,MoTrPAC consortium timewise DEA (search_public API),male,c7 carnitine,car(7:0),c7 carnitine,,,,0.027814714,0.91583276,1.0,up_in_numerator,not_significant,"0.03 log2-units higher in HIGHER at 8w training vs sedentary (p=9.16e-01, FDR=1.00e+00)",data/live/volcano_motrpac_pass1b06_plasma_8w.csv,refmet_class_annotation
acylcarnitine,class,car(20:2-oh)_feature1,inferred_name_pattern,requires_human_review,requires_human_review,MoTrPAC DataHub,pass1b06,"MoTrPAC PASS1B-06 rat endurance training (plasma, 8 weeks)",pass1b06 plasma :: 8w training vs sedentary control,https://motrpac-data.org/data-download,plasma,8-week endurance training vs sedentary control,MoTrPAC consortium timewise DEA (search_public API),male,car(20:2-oh)_feature1,car(20:2(oh)),car(20:2-oh)_feature1,,,,0.040929973,0.9168764,1.0,up_in_numerator,not_significant,"0.04 log2-units higher in HIGHER at 8w training vs sedentary (p=9.17e-01, FDR=1.00e+00)",data/live/volcano_motrpac_pass1b06_plasma_8w.csv,refmet_class_annotation
acylcarnitine,class,car(22:4)_feature1,inferred_name_pattern,requires_human_review,requires_human_review,MoTrPAC DataHub,pass1b06,"MoTrPAC PASS1B-06 rat endurance training (plasma, 8 weeks)",pass1b06 plasma :: 8w training vs sedentary control,https://motrpac-data.org/data-download,plasma,8-week endurance training vs sedentary control,MoTrPAC consortium timewise DEA (search_public API),male,car(22:4)_feature1,car(22:4),car(22:4)_feature1,,,,0.026884217,0.9338212,1.0,up_in_numerator,not_significant,"0.03 log2-units higher in HIGHER at 8w training vs sedentary (p=9.34e-01, FDR=1.00e+00)",data/live/volcano_motrpac_pass1b06_plasma_8w.csv,refmet_class_annotation
acylcarnitine,class,car(10:1),inferred_name_pattern,requires_human_review,requires_human_review,MoTrPAC DataHub,pass1b06,"MoTrPAC PASS1B-06 rat endurance training (plasma, 8 weeks)",pass1b06 plasma :: 8w training vs sedentary control,https://motrpac-data.org/data-download,plasma,8-week endurance training vs sedentary control,MoTrPAC consortium timewise DEA (search_public API),female,car(10:1),car(10:1),,,,,-0.0024526902,0.9876346,1.0,down_in_numerator,not_significant,"0.00 log2-units lower in HIGHER at 8w training vs sedentary (p=9.88e-01, FDR=1.00e+00)",data/live/volcano_motrpac_pass1b06_plasma_8w.csv,refmet_class_annotation;source_metabolite_name
