study_id,analysis_id,num_metabolites,num_samples,analysis_type,study_title
ST000001,AN000001,102,24,GCMS positive ion mode,Fatb Induction Experiment (FatBIE)
ST000002,AN000002,142,12,GCMS positive ion mode,Intestinal Samples II pre/post transplantation
ST000003,AN000003,51,18,LC/MS positive ion mode,"Metabolomic analysis of mouse embryonic fibroblasts, embryonic stem cells, and induced pluripotent stem cells"
ST000004,AN000004,107,1,Fatty acid/eicosanoid MS quantitative analysis with deuterated standards,Lipidomics studies on NIDDK / NIST human plasma samples
ST000004,AN000005,160,1,Phospholipid MS quantitative analysis with odd-chain standards,Lipidomics studies on NIDDK / NIST human plasma samples
ST000004,AN000006,154,1,Sphingolipid MS quantitative analysis with C12 standards,Lipidomics studies on NIDDK / NIST human plasma samples
ST000004,AN000007,14,1,Sterol MS quantitative analysis with deuterated standards,Lipidomics studies on NIDDK / NIST human plasma samples
ST000004,AN000008,7,1,Prenol/Cardiolipin MS quantitative analysis,Lipidomics studies on NIDDK / NIST human plasma samples
ST000004,AN000009,18,1,Triacylglycerol MS quantitative analysis with deuterated standards,Lipidomics studies on NIDDK / NIST human plasma samples
ST000004,AN000010,56,1,Diacylglycerol MS quantitative analysis with deuterated standards,Lipidomics studies on NIDDK / NIST human plasma samples
ST000004,AN000011,24,1,Cholesteryl Ester MS quantitative analysis with deuterated standards,Lipidomics studies on NIDDK / NIST human plasma samples
ST000005,AN000012,546,116,Combined analysis,Timecourse on RAW 264.7 cells treated with Kdo2-Lipid A and compactin
ST000006,AN000020,108,102,GCMS positive ion mode,White Wine Study
ST000007,AN000021,155,60,GCMS positive ion mode,Rice Infection Study
ST000009,AN000023,248,114,LC/Electro-spray /QTOF positive ion mode,Mixed meal tolerance
ST000009,AN000024,172,114,LC/Electro-spray /QTOF negative ion mode,Mixed meal tolerance
ST000010,AN000025,250,39,LC/Electro-spray /QTOF positive ion mode,Lung Cancer Cells 4
ST000010,AN000026,176,39,LC/Electro-spray /QTOF negative ion mode,Lung Cancer Cells 4
ST000011,AN000027,127,40,LC/Electro-spray /QTOF positive ion mode,African Metabolomics
ST000011,AN000028,135,40,LC/Electro-spray /QTOF negative ion mode,African Metabolomics
ST000012,AN000029,81,32,GCMS positive ion mode,Extraction Optimization Study
ST000013,AN000030,112,90,GCMS positive ion mode,Mutation Study
ST000014,AN000031,64,72,GCMS positive ion mode,Skeletal Muscle Treatment (palmitate/palmitoyl carnitine)
ST000015,AN000032,51,125,GCMS positive ion mode,Skeletal Muscle Treatment (palmitate and inhibitors)
ST000016,AN000033,500,110,LC/MS positive ion mode,NPM-ALK metabolic regulation
ST000017,AN000034,423,42,LC/Electro-spray /QTOF positive ion mode,Rat HCR/LCR Stamina Study
ST000017,AN000035,246,42,LC/Electro-spray /QTOF negative ion mode,Rat HCR/LCR Stamina Study
ST000020,AN000039,24,88,1H NMR 950 MHz,Biomarker Discovery in Knee Osteoarthritis (I)
ST000025,AN000045,71,31,GCMS positive ion mode,Metabolomics Analysis of Thermally Challenged Mayfly Larvae (GCMS analysis)
ST000040,AN000060,280,16,MS positive ion mode,Heatshock response of C. elegans using IROA (I)
ST000040,AN000061,247,16,MS negative ion mode,Heatshock response of C. elegans using IROA (I)
ST000041,AN000062,193,35,MS negative ion mode,High PUFA diet in humans
ST000041,AN000063,534,35,MS positive ion mode,High PUFA diet in humans
ST000042,AN000064,343,23,MS positive ion mode,BALF Control vs ALI by RPLC-MS
ST000042,AN000065,261,23,MS negative ion mode,BALF Control vs ALI by RPLC-MS
ST000044,AN000068,778,6,MS positive ion mode,Pilot experiment looking for the existence of certain molecules in pancreatic cancer cells
ST000044,AN000069,473,6,MS negative ion mode,Pilot experiment looking for the existence of certain molecules in pancreatic cancer cells
ST000043,AN000070,313,30,MS positive ion mode,MDA-MB-231 cells and p38 gamma knockdown
ST000045,AN000072,69,21,MS positive ion mode/C18,Plasma metabolomics: Comparison of non-diabetic controls with T1D patients
ST000045,AN000073,5,21,MS positive ion mode/HILIC,Plasma metabolomics: Comparison of non-diabetic controls with T1D patients
ST000045,AN000074,16,21,MS negative ion mode/C18,Plasma metabolomics: Comparison of non-diabetic controls with T1D patients
ST000045,AN000075,69,21,MS negative ion mode/HILIC,Plasma metabolomics: Comparison of non-diabetic controls with T1D patients
ST000046,AN000076,476,45,MS positive ion mode/C18,"Identification of altered metabolic pathways in Alzheimer's disease, mild cognitive impairment and cognitively normals using Metabolomics (plasma)"
ST000046,AN000077,496,45,MS positive ion mode/HILIC,"Identification of altered metabolic pathways in Alzheimer's disease, mild cognitive impairment and cognitively normals using Metabolomics (plasma)"
ST000046,AN000078,340,45,MS negative ion mode/C18,"Identification of altered metabolic pathways in Alzheimer's disease, mild cognitive impairment and cognitively normals using Metabolomics (plasma)"
ST000046,AN000079,471,45,MS negative ion mode/HILIC,"Identification of altered metabolic pathways in Alzheimer's disease, mild cognitive impairment and cognitively normals using Metabolomics (plasma)"
ST000047,AN000080,557,45,MS positive ion mode/C18,"Identification of altered metabolic pathways in Alzheimer's disease, mild cognitive impairment and cognitively normals using Metabolomics (CSF)"
ST000047,AN000081,498,45,MS positive ion mode/HILIC,"Identification of altered metabolic pathways in Alzheimer's disease, mild cognitive impairment and cognitively normals using Metabolomics (CSF)"
ST000047,AN000082,250,45,MS negative ion mode/C18,"Identification of altered metabolic pathways in Alzheimer's disease, mild cognitive impairment and cognitively normals using Metabolomics (CSF)"
ST000047,AN000083,321,45,MS negative ion mode/HILIC,"Identification of altered metabolic pathways in Alzheimer's disease, mild cognitive impairment and cognitively normals using Metabolomics (CSF)"
ST000048,AN000084,141,117,GCMS positive ion mode,Metabolomic & lipidomic profiles in response to exogenous insulin & GLP-1 infusions during prolonged fasting (GCMS)
ST000051,AN000087,29,56,1H NMR 950 MHz,Fetal metabolomic signature of exposure to iAs during pregnancy
ST000054,AN000092,52,192,MS positive ion mode,Metabolic Microenvironments in Normal Breast and Breast Cancer (MS analysis)
ST000057,AN000095,181,75,MS positive ion mode,Combined Metabolomics and Lipidomics of Type 1 Diabetes (GCMS)
ST000058,AN000096,141,30,MS positive ion mode,Metabolite changes associated with methionine stress sensitivity of cancer (GC TOF MS analysis)
ST000061,AN000099,133,130,GCMS positive ion mode,Metabolic Profiling of Visceral and Subcutaneous Adipose Tissue from Colorectal Cancer Patients: GC-TOF MS analyis of subcutaneous and visceral adipose tissue samples
ST000062,AN000100,143,105,MS positive ion mode,Biomarkers for Depression in Human Plasma in a Population Sample
ST000063,AN000101,158,105,MS positive ion mode,Biomarkers for Depression in Human Cerebrospinal Fluid in a Population Sample
ST000065,AN000103,143,65,GCMS positive ion mode,Metabolic Profiling of Visceral and Subcutaneous Adipose Tissue from Colorectal Cancer Patients: GC-TOF MS analyis of serum samples
ST000075,AN000119,146,76,ESI/QTOF positive ion mode,Combined Metabolomics and Lipidomics of Type 1 Diabetes (QTOF)
ST000075,AN000120,32,76,ESI/QTOF negative ion mode,Combined Metabolomics and Lipidomics of Type 1 Diabetes (QTOF)
ST000076,AN000121,2383,6,FTMS negative ion mode,A549 Cell Study
ST000076,AN000122,250,6,GCMS positive ion mode,A549 Cell Study
ST000077,AN000123,164,30,ESI/QTOF positive ion mode,Metabolite changes associated with methionine stress sensitivity of cancer (CSH QTOF MS analysis)
ST000077,AN000124,115,30,ESI/QTOF negative ion mode,Metabolite changes associated with methionine stress sensitivity of cancer (CSH QTOF MS analysis)
ST000081,AN000131,156,124,ESI/QTOF positive ion mode,Metabolic Profiling of Visceral and Subcutaneous Adipose Tissue from Colorectal Cancer Patients: UHPLC-QTOF MS analyis of subcutaneous and visceral adipose tissue samples
ST000081,AN000132,35,124,ESI/QTOF negative ion mode,Metabolic Profiling of Visceral and Subcutaneous Adipose Tissue from Colorectal Cancer Patients: UHPLC-QTOF MS analyis of subcutaneous and visceral adipose tissue samples
ST000082,AN000133,180,67,ESI/QTOF positive ion mode,Metabolic Profiling of Visceral and Subcutaneous Adipose Tissue from Colorectal Cancer Patients: UHPLC-QTOF MS analyis of serum samples
ST000082,AN000134,132,66,ESI/QTOF negative ion mode,Metabolic Profiling of Visceral and Subcutaneous Adipose Tissue from Colorectal Cancer Patients: UHPLC-QTOF MS analyis of serum samples
ST000083,AN000135,14,30,GCMS positive ion mode,A Multi-Omic View of Host-Pathogen-Commensal Interplay in Salmonella-Mediated Intestinal Infection
ST000084,AN000136,68,6,GCMS positive ion mode,Model-driven multi-omic data analysis elucidates metabolic immunomodulators of macrophage activation
ST000085,AN000137,66,9,GCMS positive ion mode,Salmonella Modulates Metabolism during Growth under Conditions that Induce Expression of Virulence Genes
ST000087,AN000139,222,81,GCMS positive ion mode,A study of changes in lipid metabolism of ovarian cancer cells co-cultured with adipocytes: GC-TOF MS analysis
ST000089,AN000141,259,50,UHPLC-QTOFMS positive ion mode,A study of changes in lipid metabolism of ovarian cancer cells co-cultured with adipocytes: UHPLC-QTOF MS analysis
ST000089,AN000142,263,50,UHPLC-QTOFMS negative ion mode,A study of changes in lipid metabolism of ovarian cancer cells co-cultured with adipocytes: UHPLC-QTOF MS analysis
ST000090,AN000143,397,70,MS positive ion mode,Caloric Restriction vs drugs
ST000090,AN000144,136,70,MS negative ion mode,Caloric Restriction vs drugs
ST000091,AN000145,44,26,MS positive ion mode,Quantitative Metabolomics by 1H-NMR and LC-MS/MS Confirms Altered Metabolic Pathways in Diabetes
ST000092,AN000146,114,235,MS positive ion mode,A statistical analysis of the effects of urease pre-treatment on the measurement of the urinary metabolome by gas chromatography?mass spectrometry
ST000093,AN000147,97,30,GCMS positive ion mode,Metabolomics Analysis of Frontal Fibrosing Alopecia
ST000093,AN000148,115,30,LC/MS positive ion mode,Metabolomics Analysis of Frontal Fibrosing Alopecia
ST000093,AN000149,108,30,LC/MS negative ion mode,Metabolomics Analysis of Frontal Fibrosing Alopecia
ST000095,AN000151,28,15,MS negative ion mode,Dysfunctional lipid metabolism underlies the effect of perinatal DDT exposure on the development of metabolic syndrome
ST000096,AN000152,106,44,"Oxylipins analysis,Negative",A study of changes in lipid metabolism of ovarian cancer cells co-cultured with adipocytes: UPLC-QTRAP MS analysis
ST000096,AN000153,19,44,"Ceramide analysis, Positive",A study of changes in lipid metabolism of ovarian cancer cells co-cultured with adipocytes: UPLC-QTRAP MS analysis
ST000096,AN000154,22,44,"Endocannabinoid analysis, positive",A study of changes in lipid metabolism of ovarian cancer cells co-cultured with adipocytes: UPLC-QTRAP MS analysis
ST000102,AN000169,39,96,NMR: 1D presaturation 1H,Cold adaptation shapes the robustness of metabolic networks in Drosophila melanogaster
ST000105,AN000173,434,112,MS Q-TOF 6530 positive ion mode,SCOR Metabolomics
ST000105,AN000174,395,112,ESI negative ion mode,SCOR Metabolomics
ST000106,AN000175,605,64,ESI positive ion mode,IWMS Study 1:Weight comparison of obese and lean patients
ST000106,AN000176,404,64,ESI negative ion mode,IWMS Study 1:Weight comparison of obese and lean patients
ST000107,AN000177,16,111,LCMS Positive ion mode,Metabolomic and lipidomic profiles in response to exogenous insulin and GLP-1 infusions during prolonged fasting
ST000107,AN000178,14,111,GCMS Positive ion mode,Metabolomic and lipidomic profiles in response to exogenous insulin and GLP-1 infusions during prolonged fasting
ST000110,AN000183,3958,8,ESI positive ion mode,SIRM Analysis of human P493 cells under hypoxia in [U-13C/15N] labeled Glutamine medium (Both positive and ion mode FTMS)
ST000110,AN000184,1301,8,ESI negative ion mode,SIRM Analysis of human P493 cells under hypoxia in [U-13C/15N] labeled Glutamine medium (Both positive and ion mode FTMS)
ST000110,AN000185,239,8,GCMS positive ion mode,SIRM Analysis of human P493 cells under hypoxia in [U-13C/15N] labeled Glutamine medium (Both positive and ion mode FTMS)
ST000111,AN000186,240,12,GCMS positive ion mode,Study of biological variation in PC9 cell culture
ST000113,AN000190,1394,8,FTMS positive ion mode,SIRM Analysis of human P493 cells under hypoxia in [U-13C/15N] labeled Glutamine medium (Positive ion mode FTMS)
ST000113,AN000191,240,8,GCMS positive ion mode,SIRM Analysis of human P493 cells under hypoxia in [U-13C/15N] labeled Glutamine medium (Positive ion mode FTMS)
ST000114,AN000192,9007,8,FTMS positive ion mode,SIRM Analysis of human P493 cells under hypoxia in [U-13C] labeled Glucose medium
ST000114,AN000193,4404,8,FTMS negative ion mode,SIRM Analysis of human P493 cells under hypoxia in [U-13C] labeled Glucose medium
ST000114,AN000194,240,8,GCMS positive ion mode,SIRM Analysis of human P493 cells under hypoxia in [U-13C] labeled Glucose medium
ST000115,AN000195,9,44,QTOF negative ion mode,Impact of insulin deprivation and treatment on sphingolipid distribution in different muscle subcellular compartments of streptozotocin-diabetic C57Bl/6 mice
ST000115,AN000196,7,44,UHPLC-ESI-MS/MS positive ion mode,Impact of insulin deprivation and treatment on sphingolipid distribution in different muscle subcellular compartments of streptozotocin-diabetic C57Bl/6 mice
ST000116,AN000197,142,18,LC/MS positive/negative ion mode,Comparative metabolomics analysis of the key metabolic nodes in propionic acid synthesis in Propionibacterium acidipropionici
ST000117,AN000198,95,18,GCMS positive ion mode,Metabolomics analysis of multiple metabolic functions in the YjgF/YER057c/UK114 (Rid) protein family GC-MS (Part 1)
ST000118,AN000199,132,29,GCMS positive ion mode,Metabolomics analysis of multiple metabolic functions in the YjgF/YER057c/UK114 (Rid) protein family GCMS (part 2)
ST000119,AN000200,40,29,ESI positive ion mode,Metabolomics analysis of multiple metabolic functions in the YjgF/YER057c/UK114 (Rid) protein family LCMS
ST000119,AN000201,10,29,ESI negative ion mode,Metabolomics analysis of multiple metabolic functions in the YjgF/YER057c/UK114 (Rid) protein family LCMS
ST000120,AN000202,18,270,UPLC-MS/MS,Disruption of Zinc homeostasis can impair maternal glucocorticoid metabolism: consequences on the developing fetus
ST000121,AN000203,128,245,ESI negative ion mode,Impact of anesthesia and euthanasia on metabolomics of mammalian tissues: studies in a C57BL/6J mouse model
ST000122,AN000204,14,42,UPLC-MS/MS,Perinatal DDT causes dysfunctional lipid metabolism underlying metabolic syndrome
ST000133,AN000215,74,10,NMR: 1D 1H,1H NMR Metabolomics Study of Metastatic Melanoma in C57BL/6J Mouse Spleen
ST000134,AN000216,12,4,NMR: 1D 1H,Monitoring In Vitro Response of Selenium-Treated Prostate Cells by 1H NMR Spectroscopy
ST000135,AN000217,17,58,MS positive ion mode,LCMS analysis of Bile Acids
ST000136,AN000218,239,12,MS positive ion mode,NIST lipidomics intralaboratory study
ST000137,AN000219,33,30,NMR,Metabolomics in sarcoidosis
ST000138,AN000220,57,370,MS positive ion mode,Targeted LC MS of acylcarnitines: TLCMS
ST000140,AN000222,12,5,MS positive ion mode,Cell Rinsing Solution Comparison
ST000142,AN000225,2846,4,MS positive ion mode,H1299 13C-labeled Cell Study
ST000143,AN000226,17,30,ESI negative ion mode,Metabolic analysis of Normal Mouse Lung Fiboblasts with/without TGFbeta treatment (Part 1)
ST000143,AN000227,9,30,EI positive ion mode,Metabolic analysis of Normal Mouse Lung Fiboblasts with/without TGFbeta treatment (Part 1)
ST000144,AN000228,125,24,LCMS,Primary T Cell Baseline (Donor 5) - II
ST000144,AN000229,45,24,GCMS,Primary T Cell Baseline (Donor 5) - II
ST000145,AN000230,125,15,LCMS Negative ion mode,Primary T Cell Noxa Knockdown (Donor 8)
ST000145,AN000231,45,15,GCMS Positive ion mode,Primary T Cell Noxa Knockdown (Donor 8)
ST000146,AN000232,125,18,ESI/QTOF negative ion mode,Noxa regulation of malate aspartate shuttle
ST000147,AN000233,125,24,Negative ion mode,13C targeted metabolomics
ST000147,AN000234,45,24,Positive ion mode,13C targeted metabolomics
ST000148,AN000235,10352,5,ESI positive ion mode,A549 13C-labeled Cell Study
ST000149,AN000236,42,120,ESI positive ion mode,High Insulin Combined With Essential Amino Acids Stimulates Skeletal Muscle Mitochondrial Protein Synthesis While Decreasing Insulin Sensitivity in Healthy Humans
ST000150,AN000237,121,8,NMR 1D-1H,Association of Metabolic Profile and Microbiome in Chronic Pressure Ulcer Wounds
ST000153,AN000244,44,16,ESI/QTOF negative ion mode,Primary T Cell Noxa Knockdown (Donor 8)-II
ST000154,AN000245,125,27,ESI negative ion mode,Use of Aspartate Dehydrogenase by cancer cells
ST000154,AN000246,63,27,ESI positive ion mode,Use of Aspartate Dehydrogenase by cancer cells
ST000155,AN000247,16,20,ESI negative ion mode,ND/HSD sated/fasted fly brains
ST000158,AN000250,26,46,ESI negative ion mode,Human fecal bile acid profiles before and after fecal transplant
ST000159,AN000251,125,30,ESI negative ion mode,U13C-Glutamine and U13C-Glucose Flux Analysis (MFA SiHa B16F10)
ST000160,AN000252,30,10,ESI positive ion mode,Basic Metabolism Studies (wt and TPA null)
ST000161,AN000253,4,24,ESI negative ion mode,Plasma Nucleotide/adenosine concentrations (Human AxP Batch 3)
ST000162,AN000254,16,12,ESI negative ion mode,Yeast glycolysis in normoxia and hypoxia (150121_pkf2)
ST000164,AN000256,218,15,ESI positive ion mode,Metabolomic analysis of normal and diabetic mouse bone marrow under PBS or metformin treatment
ST000164,AN000257,125,15,ESI negative ion mode,Metabolomic analysis of normal and diabetic mouse bone marrow under PBS or metformin treatment
ST000166,AN000259,76,53,GCMS positive ion mode,Cardiac Resynchronization Therapy Induces Adaptive Metabolic Transitions in the Metabolomic Profile of Heart Failure
ST000167,AN000261,4,45,ESI positive ion mode,Cold Storage of Rat Hepatocyte Spheroids
ST000169,AN000263,4,16,ESI negative ion mode,Baby Mice Hyperoxia treatment (G64-N.H-7d14d)
ST000171,AN000265,17,11,ESI positive ion mode,cell metabolomics (metabolic phenotypes of a clock mutant mouse)
ST000172,AN000266,125,59,ESI negative ion mode,THP1 Human Monocyte cells Project A (part I)
ST000173,AN000267,17,14,ESI negative ion mode,Comparative metabolomics study of WT and iButOH tolerant E. coli
ST000174,AN000268,18,14,ESI negative ion mode,Mouse macrophages from bone marrow treatment
ST000176,AN000270,17,14,ESI Negative ion mode,cell and liver metabolomics
ST000176,AN000271,17,14,GCMS Positive ion mode,cell and liver metabolomics
ST000178,AN000274,21,7,ESI negative ion mode,T cell metabolism during graft-versus-host disease (CAB 307)-PART I
ST000178,AN000275,9,7,GC-MS Positive ion mode,T cell metabolism during graft-versus-host disease (CAB 307)-PART I
ST000180,AN000278,25,10,ESI negative ion mode,2 lines of pulmonary artery smooth muscle cells metabolic profile (122 vs 3633C central metabolic profile)
ST000181,AN000279,125,8,ESI negative ion mode,T cell metabolism during graft-versus-host disease(CAB 311)
ST000182,AN000280,20,16,ESI negative ion mode,Bone Marrow Metabolomics (part I)
ST000183,AN000281,27,16,ESI negative ion mode,Metabolic analysis of Parp1 ko/wt Saline & Bleo Mouse Lung Fiboblasts and Human IPF & Normal Lung Fiboblasts (Part 3)
ST000185,AN000284,14,6,ESI negative ion mode,Fetal Lambs vascular graft Normal v Shunt LECs
ST000185,AN000285,6,6,GCMS positive ion mode,Fetal Lambs vascular graft Normal v Shunt LECs
ST000188,AN000289,4,15,ESI negative ion mode,Murine apyrase
ST000189,AN000290,8,20,ESI positive ion mode,Hirschprung Enterocolitis SCFA
ST000190,AN000291,8,12,ESI positive ion mode,Assessment of dietary zinc on SCFA cecal production
ST000191,AN000292,8,56,EI positive ion mode (feces),SCFA in Hypertension
ST000191,AN000293,7,56,EI positive ion mode (plasma),SCFA in Hypertension
ST000192,AN000294,19,31,ESI negative ion mode,TRF Microbiome Study NA/FA/FT/CDKO 4-14
ST000193,AN000295,19,18,ESI negative ion mode,BAF60a LKO Liver specific knockout Bile acid
ST000194,AN000296,26,19,ESI negative ion mode,Lanthanide-mineral induced alteration of bile acid metabolism in a murine model of steatohepatitis
ST000195,AN000297,26,51,ESI negative ion mode,ACSL5 Whole Body Bile Acids
ST000196,AN000298,26,135,ESI negative ion mode,Murine gastrointestinal bile acid profiles before and after antibiotics
ST000198,AN000300,30,40,ESI positive ion mode,"Liver and Plasma metaboites for 13C-glucose load in wild type, LIRKO and LIRFKO mice"
ST000199,AN000301,30,10,ESI positive ion mode,IDH1 and Glioma knockdown idh1 (part II)
ST000201,AN000303,30,16,ESI positive ion mode,Bone Marrow Metabolomics (part II)
ST000202,AN000304,21,59,ESI negative ion mode,THP1 Human Monocyte cells Project A (part II)
ST000203,AN000305,7,66,ESI positive ion mode,Germfree vs Conventional Swiss webster mice Studies
ST000206,AN000308,8,19,ESI positive ion mode,Mice inoculation with human microbiota (AMY1.1SCFA)
ST000207,AN000309,8,19,ESI positive ion mode,Mice inoculation with human microbiota (MouseAMY1.1SCFA.Cecal)
ST000209,AN000311,19,48,ESI negative ion mode,Glycolysis/TCA/Nucleotide_Wt_KO_TimeCourse_LPS
ST000211,AN000313,30,7,ESI positive ion mode,T cell metabolism during graft-versus-host disease (CAB 307)-PART II
ST000212,AN000314,19,60,ESI negative ion mode,Murine gut bile acid analysis
ST000213,AN000315,19,66,ESI negative ion mode,Germfree vs Conventional Swiss webster mice Studies (part II)
ST000215,AN000317,125,20,ESI negative ion mode,"Liver and Plasma metaboites for 13C-glucose load in wild type, LIRKO GTT 1 mice"
ST000215,AN000318,17,20,ESI positive ion mode,"Liver and Plasma metaboites for 13C-glucose load in wild type, LIRKO GTT 1 mice"
ST000218,AN000322,8,89,ESI positive ion mode,Role of Microbiome in Psoriatic Arthritis (SCFA in PsA)
ST000221,AN000327,33,3,Positive ion mode C18,"Normal plasma cells,Low proliferation multiple myeloma and High proliferation multiple myeloma cells"
ST000221,AN000328,15,3,Negative ion mode C18,"Normal plasma cells,Low proliferation multiple myeloma and High proliferation multiple myeloma cells"
ST000221,AN000329,104,3,Positive ion mode HILIC,"Normal plasma cells,Low proliferation multiple myeloma and High proliferation multiple myeloma cells"
ST000221,AN000330,53,3,Negative ion mode HILIC,"Normal plasma cells,Low proliferation multiple myeloma and High proliferation multiple myeloma cells"
ST000222,AN000331,33,8,ESI negative ion mode,Bile acid targeted metabolomics of the small intestine in malnourished and control mice
ST000224,AN000333,11,8,ESI negative ion mode,Vitamin targeted metabolomics of the small intestine in malnourished and control mice
ST000224,AN000334,10,8,ESI positive ion mode,Vitamin targeted metabolomics of the small intestine in malnourished and control mice
ST000228,AN000341,2,11,ESI positive ion mode,Analysis of Dried Blood Spots by MALDI-MS
ST000229,AN000342,2,12,ESI positive ion mode,Analysis of Dried Blood Spots by Paper Spray Ionization - MS
ST000230,AN000343,136,24,ESI negative ion mode,Comprehensive analysis of transcriptome and metabolome in Intrahepatic Cholangiocarcinoma and Hepatocellular Carcinoma
ST000230,AN000344,324,24,ESI positive ion mode,Comprehensive analysis of transcriptome and metabolome in Intrahepatic Cholangiocarcinoma and Hepatocellular Carcinoma
ST000231,AN000345,130,9,ESI negative ion mode,Comprehensive analysis of transcriptome and metabolome in Intrahepatic Cholangiocarcinoma and Hepatocellular Carcinoma (part II)
ST000231,AN000346,295,9,ESI positive ion mode,Comprehensive analysis of transcriptome and metabolome in Intrahepatic Cholangiocarcinoma and Hepatocellular Carcinoma (part II)
ST000232,AN000347,,8,ESI positive ion mode,Untargeted metabolomic analysis of the small intestinal content of malnourished mice
ST000232,AN000348,,8,ESI negative ion mode,Untargeted metabolomic analysis of the small intestinal content of malnourished mice
ST000233,AN000349,7,19,GCMS (Serum fatty acids),Metabolomics Reveals that Aryl Hydrocarbon Receptor Activation by Environmental Chemicals Induces Systemic Metabolic Dysfunction in Mice (Part II)
ST000233,AN000350,20,19,GCMS (Liver),Metabolomics Reveals that Aryl Hydrocarbon Receptor Activation by Environmental Chemicals Induces Systemic Metabolic Dysfunction in Mice (Part II)
ST000234,AN000351,,6,ESI/QTOF positive ion mode,Activity-Based Metabolic Profiling of M. tuberculosis H37Rv Rv1130
ST000234,AN000352,,6,ESI/QTOF negative ion mode,Activity-Based Metabolic Profiling of M. tuberculosis H37Rv Rv1130
ST000235,AN000353,82,32,ESI positive ion mode,Sprague Dawley rats Nicotine alters brain oxidative metabolism
ST000235,AN000354,55,32,ESI negative ion mode,Sprague Dawley rats Nicotine alters brain oxidative metabolism
ST000239,AN000369,64,20,ESI positive ion mode,Sexual antagonism in exuded non-volatile metabolites in C. purpureus
ST000239,AN000370,35,20,ESI Negative ion mode,Sexual antagonism in exuded non-volatile metabolites in C. purpureus
ST000240,AN000371,56,24,HESI positive ion mode,Global LC-MS of Ozone Stress in Maize: GLCMS
ST000240,AN000372,39,24,HESI negative ion mode,Global LC-MS of Ozone Stress in Maize: GLCMS
ST000241,AN000373,376,24,FT-ICR-MS Positive ion mode,Cyclobutene- and cyclobutane-functionalized fatty acids as novel biochemical probes of structure and function in HepG2 cells
ST000241,AN000374,63,24,FT-ICR-MS Negative ion mode,Cyclobutene- and cyclobutane-functionalized fatty acids as novel biochemical probes of structure and function in HepG2 cells
ST000242,AN000375,85,9,C18 ESI positive ion mode,"Whole unconditioned medium (Defined culture media, M199),Whole M1 medium,Whole M2 medium"
ST000242,AN000376,15,9,C18 ESI negative ion mode,"Whole unconditioned medium (Defined culture media, M199),Whole M1 medium,Whole M2 medium"
ST000242,AN000377,250,9,HILIC ESI positive ion mode,"Whole unconditioned medium (Defined culture media, M199),Whole M1 medium,Whole M2 medium"
ST000242,AN000378,49,9,HILIC ESI negative ion mode,"Whole unconditioned medium (Defined culture media, M199),Whole M1 medium,Whole M2 medium"
ST000243,AN000379,106,96,ESI positive ion mode,Metabolomic-based investigation on the effects of antifungal agents in Candida albicans
ST000243,AN000380,99,96,ESI negative ion mode,Metabolomic-based investigation on the effects of antifungal agents in Candida albicans
ST000244,AN000381,43,51,ESI positive ion mode,Metabolomic Diagnosis in Horse
ST000244,AN000382,43,51,ESI negative ion mode,Metabolomic Diagnosis in Horse
ST000245,AN000383,30,19,ESI positive ion mode,Acyl-Carnitine Analysis in mouse soleus muscle
ST000246,AN000384,12,4,HESI positive ion mode,Lipid Extraction Efficiency Comparison
ST000247,AN000387,8,39,ESI positive ion mode Organic Acids (Instrument:Thermo Scientific Quantiva),Determining the metabolic profile of wildtype and nos mutant Staphylococcus aureus grown in media lacking glucose using targeted LC/MS
ST000247,AN000388,5,39,ESI positive ion mode NAD/NADH(Instrument:Thermo Scientific Quantiva),Determining the metabolic profile of wildtype and nos mutant Staphylococcus aureus grown in media lacking glucose using targeted LC/MS
ST000247,AN000389,3,39,ESI positive ion mode ATP(Instrument:Thermo Scientific Quantiva),Determining the metabolic profile of wildtype and nos mutant Staphylococcus aureus grown in media lacking glucose using targeted LC/MS
ST000247,AN000390,21,39,ESI positive ion mode Amino Acids(Instrument:Agilent 6490),Determining the metabolic profile of wildtype and nos mutant Staphylococcus aureus grown in media lacking glucose using targeted LC/MS
ST000248,AN000391,59,6,ESI positive ion mode,Metabolic heterogeneity in Glioblastoma
ST000248,AN000392,436,6,ESI negative ion mode,Metabolic heterogeneity in Glioblastoma
ST000249,AN000393,21,6,ESI positive ion mode,Measurement of free amino acid (AA) in response to MYC
ST000250,AN000395,9,100,ESI positive ion mode: (Thermo Scientific Quantiva:Organic Acids),The Role of Obesity and Adipocytes in Immune Activation on Antiretroviral Therapy
ST000250,AN000396,58,100,ESI positive ion mode,The Role of Obesity and Adipocytes in Immune Activation on Antiretroviral Therapy
ST000251,AN000397,21,12,ESI positive ion mode,Amino Acid levels in preB cells under starvation
ST000252,AN000398,78,40,ESI positive ion mode,Impact of recurrent hypoglycemia on brain metabolite profile
ST000252,AN000399,76,40,ESI negative ion mode,Impact of recurrent hypoglycemia on brain metabolite profile
ST000253,AN000400,79,32,ESI negative ion mode (Plasma),NIH WCMC Pilot & Feasibility Project: ?Metabolomics of Neonatal Pulmonary Hypertension?
ST000253,AN000401,62,32,ESI negative ion mode (Lung),NIH WCMC Pilot & Feasibility Project: ?Metabolomics of Neonatal Pulmonary Hypertension?
ST000255,AN000403,78,42,ESI negative ion mode,NIH WCMC Pilot & Feasibility Project: ?Metabolomics of Neonatal Pulmonary Hypertension? in human
ST000256,AN000404,59,19,1H NMR 500 MHz,Signal Intensities Derived from Different NMR Probes and Parameters Contribute to Variations in Quantification of Metabolites
ST000256,AN000405,59,19,1H NMR 600 MHz,Signal Intensities Derived from Different NMR Probes and Parameters Contribute to Variations in Quantification of Metabolites
ST000257,AN000406,103,90,ESI negative ion mode ( Oxylipins analysis),NIH WCMC Pilot & Feasibility Project: ?Metabolite changes associated with weight loss?
ST000257,AN000407,24,90,ESI positive ion mode (Endocannabinoid analysis),NIH WCMC Pilot & Feasibility Project: ?Metabolite changes associated with weight loss?
ST000257,AN000408,11,90,ESI positive ion mode (Ceramide analysis),NIH WCMC Pilot & Feasibility Project: ?Metabolite changes associated with weight loss?
ST000258,AN000409,85,115,ESI/QTOF positive ion mode,Metabolic contribution of pSymA and pSymB megaplasmid/chromid for multipartite Sinorhizobium meliloti cultured in minimal M9 medium
ST000258,AN000410,56,115,ESI/QTOF negative ion mode,Metabolic contribution of pSymA and pSymB megaplasmid/chromid for multipartite Sinorhizobium meliloti cultured in minimal M9 medium
ST000259,AN000411,37,82,ESI/QTOF positive ion mode,Metabolic contribution of pSymA and pSymB megaplasmid/chromid for multipartite Sinorhizobium meliloti cultured in rich LBmc medium
ST000259,AN000412,46,82,ESI/QTOF negative ion mode,Metabolic contribution of pSymA and pSymB megaplasmid/chromid for multipartite Sinorhizobium meliloti cultured in rich LBmc medium
ST000260,AN000413,81,25,ESI LCMS positive ion mode,Analysis of DJ-1 Knockout Mouse Brains
ST000260,AN000414,85,25,ESI LCMS Negative ion mode,Analysis of DJ-1 Knockout Mouse Brains
ST000260,AN000415,74,25,ESI GCMS positive ion mode,Analysis of DJ-1 Knockout Mouse Brains
ST000269,AN000431,29,29,ESI positive ion mode,Diacylglyceride and Ceramide analysis in TFD mice
ST000270,AN000432,90,27,ESI positive ion mode,Metabolomics in AML
ST000270,AN000433,72,27,ESI/Orbitrap Negative ion mode,Metabolomics in AML
ST000271,AN000434,125,10,ESI/QTOF negative ion mode,C13 Pyruvate Flux in 3t3 L1
ST000272,AN000435,30,16,ESI positive ion mode,Acyl-carnitine analysis (plasma)
ST000273,AN000436,7,39,GCMS positive ion mode,Short-chain fatty acid analysis in bronchoalveolar lavage fluid (BAL SCFA)
ST000274,AN000437,19,9,ESI/QTOF negative ion mode,HIF 1 alpha type 2 cells metabolomics
ST000275,AN000438,21,5,ESI/QTOF negative ion mode,Metabolic analysis of Parp1 ko/wt Saline & Bleo Mouse Lung Fiboblasts and Human IPF & Normal Lung Fiboblasts (Part 2)
ST000275,AN000439,9,5,ESI/QTOF positive mode,Metabolic analysis of Parp1 ko/wt Saline & Bleo Mouse Lung Fiboblasts and Human IPF & Normal Lung Fiboblasts (Part 2)
ST000276,AN000440,25,10,LCMS Positive ion mode.,IDH1 and Glioma knockdown idh1
ST000276,AN000441,9,10,GCMS positive ion mode,IDH1 and Glioma knockdown idh1
ST000277,AN000442,26,14,ESI negative ion mode,Pouch metabolome
ST000278,AN000443,20,12,ESI/QTOF negative ion mode,Viral Effect on Metabolism (part I)
ST000278,AN000444,20,12,GCMS positive ion mode,Viral Effect on Metabolism (part I)
ST000279,AN000445,20,24,ESI/QTOF negative ion mode,Viral Effect on Metabolism (part II)
ST000279,AN000446,8,24,GCMS Positive ion mode,Viral Effect on Metabolism (part II)
ST000170,AN000447,16,9,ESI/QTOF negative ion mode,13C mass isotopomer analysis (LCMS flux studies) MLL-AF9 (part III)
ST000157,AN000448,122,18,ESI/QTOF negative ion mode,13C mass isotopomer analysis (LCMS flux studies) MLL-AF9 (part II)
ST000282,AN000449,125,16,ESI/QTOF negative ion mode,Pilot Study 13C flux effects when RhoC or RhoA perturbed (13C BCs)
ST000282,AN000450,45,16,ESI GCMS Positive ion mode.,Pilot Study 13C flux effects when RhoC or RhoA perturbed (13C BCs)
ST000283,AN000451,4,15,ESI/QTOF negative ion mode,Plasma Nucleotide/adenosine concentrations (Human AxP Batch 4)
ST000284,AN000452,113,224,ESI Positive/Negative ion mode,Colorectal Cancer Detection Using Targeted Serum Metabolic Profiling
ST000286,AN000454,368,40,ESI Positive ion mode,Mouse skeletal myotube chronic low-frequency stimulation
ST000286,AN000455,255,40,ESI Negative ion mode,Mouse skeletal myotube chronic low-frequency stimulation
ST000287,AN000456,6,20,NAD/ATP Positive mode,Energetics in dystrophic muscle
ST000287,AN000457,1,20,NADH Positive mode,Energetics in dystrophic muscle
ST000288,AN000458,84,24,ESI Positive mode,Metabolomic profiling of AML Cell Lines
ST000288,AN000459,67,24,ESI Negative mode,Metabolomic profiling of AML Cell Lines
ST000289,AN000460,72,12,ESI Positive mode,PPDK RNAi effects in endosperm metabolite pools
ST000289,AN000461,71,12,ESI Negative mode,PPDK RNAi effects in endosperm metabolite pools
ST000290,AN000462,66,47,ESI Positive mode,2014 Biotron Experiment Metabolites
ST000290,AN000463,65,47,ESI Negative mode,2014 Biotron Experiment Metabolites
ST000291,AN000464,1787,45,ESI Positive mode,LC-MS Based Approaches to Investigate Metabolomic Differences in the Urine of Young Women after Drinking Cranberry Juice or Apple Juice
ST000291,AN000465,748,45,ESI Negative mode,LC-MS Based Approaches to Investigate Metabolomic Differences in the Urine of Young Women after Drinking Cranberry Juice or Apple Juice
ST000292,AN000466,932,51,ESI Positive mode,LC-MS Based Approaches to Investigate Metabolomic Differences in the Plasma of Young Women after Drinking Cranberry Juice or Apple Juice
ST000292,AN000467,86,51,ESI Negative mode,LC-MS Based Approaches to Investigate Metabolomic Differences in the Plasma of Young Women after Drinking Cranberry Juice or Apple Juice
ST000293,AN000468,23,72,Amino acid analysis,Vitamin B6 Effects on one-carbon metabolism
ST000293,AN000469,8,72,Organic acid analysis,Vitamin B6 Effects on one-carbon metabolism
ST000294,AN000470,241,45,ESI Positive mode,Mechanisms of Metabolic Cycles in Diapausing Flesh Fly by Metabolomics Approach
ST000294,AN000471,182,45,ESI Negative mode,Mechanisms of Metabolic Cycles in Diapausing Flesh Fly by Metabolomics Approach
ST000295,AN000472,8,35,MS for Ceramides,Metabolic analysis of Human and Mouse Lung Fiboblasts
ST000295,AN000473,20,35,MS for Glycolysis/TCA/nucleotides,Metabolic analysis of Human and Mouse Lung Fiboblasts
ST000296,AN000474,8,16,GCMS for Short Chain Fatty Acids,Chronic mild stress and Lactobacillus experiments on mice
ST000297,AN000475,30,34,LCMS of Acyl carnitines,Intestinal lipid oxidation after VSG
ST000298,AN000476,9,9,MS of steroids,Analysis of steroid metabolites in psoriasis.
ST000299,AN000477,30,80,MS of acylcarnitines,Conjugated linoleic acid (CLA) study in LDLR-/- mice
ST000300,AN000478,21,4,MS of Bile acids,Chicken/C. jejuni Bile Acid Study
ST000301,AN000479,152,28,HILIC-MS Negative mode,GBM Cell Lines Reproducibility Pilot Study
ST000302,AN000480,125,54,HILIC-MS Negative mode,Isocitrate dehydrogenase-1/Glioma Fluxomics Study
ST000302,AN000481,55,54,GCMS(FAMES) Positive mode,Isocitrate dehydrogenase-1/Glioma Fluxomics Study
ST000303,AN000482,22,15,Negative mode MS data,Human fecal bile acid profiles before and after fecal transplant (Part 2)
ST000304,AN000483,4,52,HILIC-MS Negative mode,Early in life exposure studies on human and mouse samples
ST000307,AN000487,57,60,NEGATIVE ION MODE,Targeting CRBN to alter CD8 T cell metabolism
ST000308,AN000488,125,18,HILIC NEGATIVE ION MODE,13C mass isotopomer analysis (LCMS flux studies) MLL-AF9 (part I)
ST000309,AN000489,150,12,GC-MS,Metabolome of three Vancomycin-intermediate Staphylococcus aureus (VISA) mutants compared with the parent strain MM66
ST000310,AN000490,921,17,Peak area positive ion mode,TC and B6 untreated plasma in lupus-prone mice lipidomics (part-II)
ST000310,AN000491,90,17,Peak area negative ion mode,TC and B6 untreated plasma in lupus-prone mice lipidomics (part-II)
ST000310,AN000492,921,17,Peak height positive ion mode,TC and B6 untreated plasma in lupus-prone mice lipidomics (part-II)
ST000310,AN000493,90,17,Peak height negative ion mode,TC and B6 untreated plasma in lupus-prone mice lipidomics (part-II)
ST000311,AN000494,680,17,POSITIVE ION MODE/Peak Area,TC and B6 untreated plasma in lupus-prone mice
ST000311,AN000495,723,17,NEGATIVE ION MODE/Peak Area,TC and B6 untreated plasma in lupus-prone mice
ST000311,AN000496,680,17,POSITIVE ION MODE/Peak Height,TC and B6 untreated plasma in lupus-prone mice
ST000311,AN000497,723,17,NEGATIVE ION MODE/Peak Height,TC and B6 untreated plasma in lupus-prone mice
ST000312,AN000498,27,4,NEGATIVE ION MODE,IDH1R132H activity in glioma cell lines and tumnor tissue (2HG)
ST000313,AN000499,21,14,HILIC NEGATIVE ION MODE,Muscle Clock knock out mice metabolic changes (iMSBmal1-Exp1)
ST000316,AN000502,19,47,Reversed phase POSITIVE ION MODE,"Comparison of Metabolites Variation and Antiobesity Effects of a Mixture of Cudrania tricuspidata, Lonicera caerulea, and the Soybean According to Fermentation in vitro and in vivo"
ST000317,AN000503,114,19,Reversed phase POSITIVE ION MODE,Role of medium in bacterial growth
ST000317,AN000504,30,19,Reversed phase NEGATIVE ION MODE,Role of medium in bacterial growth
ST000318,AN000505,32,6,Reversed phase POSITIVE ION MODE,Allantoin differences in Synechococcus cells grown in high versus low lightgrowth
ST000318,AN000506,12,6,Reversed phase NEGATIVE ION MODE,Allantoin differences in Synechococcus cells grown in high versus low lightgrowth
ST000319,AN000507,53,1,Reversed phase POSITIVE ION MODE,Crude algae oil sample
ST000320,AN000508,37,17,Reversed phase POSITIVE ION MODE,Single treatment gene impact on Arabidopsis metabolites
ST000320,AN000509,7,17,Reversed phase NEGATIVE ION MODE,Single treatment gene impact on Arabidopsis metabolites
ST000321,AN000510,186,28,Reversed phase POSITIVE ION MODE,Effects of LGG on current drinkers gut metabolism
ST000321,AN000511,105,28,Reversed phase NEGATIVE ION MODE,Effects of LGG on current drinkers gut metabolism
ST000322,AN000512,180,80,Reversed phase POSITIVE ION MODE,"Progesterone level effects on primary metabolites in uterus, blood, and ovaries (Part 1:Plasma)"
ST000322,AN000513,12,80,Reversed phase NEGATIVE ION MODE,"Progesterone level effects on primary metabolites in uterus, blood, and ovaries (Part 1:Plasma)"
ST000323,AN000514,102,30,Reversed phase POSITIVE ION MODE,"Progesterone level effects on primary metabolites in uterus, blood, and ovaries (Part 2:Uterine flush)"
ST000323,AN000515,32,30,Reversed phase NEGATIVE ION MODE,"Progesterone level effects on primary metabolites in uterus, blood, and ovaries (Part 2:Uterine flush)"
ST000324,AN000516,194,10,Reversed phase POSITIVE ION MODE,"Progesterone level effects on primary metabolites in uterus, blood, and ovaries (Part 3:Ovaries)"
ST000324,AN000517,29,10,Reversed phase NEGATIVE ION MODE,"Progesterone level effects on primary metabolites in uterus, blood, and ovaries (Part 3:Ovaries)"
ST000325,AN000518,28,54,HILIC POSITIVE ION MODE,"Metabolomic effects of metformin on mouse liver, intestine, and serum"
ST000326,AN000519,22,19,HILIC POSITIVE ION MODE,Role of medium in bacterial growth (HILIC chromatography)
ST000326,AN000520,,19,HILIC NEGATIVE ION MODE,Role of medium in bacterial growth (HILIC chromatography)
ST000327,AN000521,27,24,HILIC POSITIVE ION MODE,Primary metabolites at different points along dog gastrointestinal tract (HILIC chromatography)
ST000327,AN000522,,24,HILIC NEGATIVE ION MODE,Primary metabolites at different points along dog gastrointestinal tract (HILIC chromatography)
ST000328,AN000523,312,24,Reversed phase POSITIVE ION MODE,Primary metabolites at different points along dog gastrointestinal tract (CSH chromatography)
ST000328,AN000524,203,24,Reversed phase NEGATIVE ION MODE,Primary metabolites at different points along dog gastrointestinal tract (CSH chromatography)
ST000329,AN000525,222,30,Reversed phase POSITIVE ION MODE,Minimal change disease and focal segmental sclerosis in urine
ST000329,AN000526,136,30,Reversed phase NEGATIVE ION MODE,Minimal change disease and focal segmental sclerosis in urine
ST000330,AN000527,289,24,Reversed phase POSITIVE ION MODE,Effects of Zinc on GI tract metabolites
ST000330,AN000528,196,24,Reversed phase NEGATIVE ION MODE,Effects of Zinc on GI tract metabolites
ST000331,AN000529,297,24,Reversed phase POSITIVE ION MODE,Effects of Zinc on GI tract metabolites (Part 2: Prostate)
ST000331,AN000530,193,24,Reversed phase NEGATIVE ION MODE,Effects of Zinc on GI tract metabolites (Part 2: Prostate)
ST000332,AN000531,201,14,Reversed phase POSITIVE ION MODE,Effects of Giardia intestinalis on mice GI tract
ST000332,AN000532,54,14,Reversed phase NEGATIVE ION MODE,Effects of Giardia intestinalis on mice GI tract
ST000335,AN000540,430,30,UHPLC HESI POSITIVE ION MODE,Metabolomics of bovine uterine fluid at the onset of conceptus elongation
ST000335,AN000541,373,30,UHPLC HESI NEGATIVE ION MODE,Metabolomics of bovine uterine fluid at the onset of conceptus elongation
ST000337,AN000544,23,25,Amino acid assay,Metabolomics Approach to Allograft Assessment in Liver Transplantation
ST000337,AN000545,2,25,CoA assay,Metabolomics Approach to Allograft Assessment in Liver Transplantation
ST000337,AN000546,3,25,NAD-ATP assay,Metabolomics Approach to Allograft Assessment in Liver Transplantation
ST000337,AN000547,5,25,NADH assay,Metabolomics Approach to Allograft Assessment in Liver Transplantation
ST000337,AN000548,8,25,Organic acid assay,Metabolomics Approach to Allograft Assessment in Liver Transplantation
ST000338,AN000549,,68,GC POSITIVE ION MODE,Unbiased profiling uncovers a crucial role for gut microbiome derived metabolites in modulating GI epithelial cell damage and mitigating GVHD.
ST000339,AN000550,133,12,UPLC POSITIVE ION MODE,Metabolites in peritoneal macrophages and bone marrow derived macrophages
ST000339,AN000551,70,12,UPLC NEGATIVE ION MODE,Metabolites in peritoneal macrophages and bone marrow derived macrophages
ST000340,AN000552,33,20,POSITIVE ION MODE,Metformin effects on liver and kidney tissue
ST000341,AN000553,2,24,HPLC POSITIVE ION MODE,Methylation in mouse lymphomas
ST000342,AN000554,87,33,RP NEGATIVE ION MODE,Renal metabolic pathways indicating ischemic or inflammatory changes
ST000343,AN000555,145,34,RP POSITIVE ION MODE,Modification of metabolites by gut microbiota in response to diet
ST000343,AN000556,66,34,RP NEGATIVE ION MODE,Modification of metabolites by gut microbiota in response to diet
ST000344,AN000557,58,12,RP POSITIVE ION MODE,Effects of dietary supplement on hamster metabolism
ST000344,AN000558,62,12,RP NEGATIVE ION MODE,Effects of dietary supplement on hamster metabolism
ST000346,AN000561,130,18,RP POSITIVE ION MODE,Metabolites detected from human bronchoalveolar lavage
ST000346,AN000562,46,18,RP NEGATIVE ION MODE,Metabolites detected from human bronchoalveolar lavage
ST000347,AN000563,134,16,GC POSITIVE ION MODE,Metabolomic analysis on samples from rats expressing human amylin (cardiac tissue).
ST000349,AN000565,159,20,GC POSITIVE ION MODE,Metabolomic analysis on samples from rats expressing human amylin (hepatic tissue).
ST000350,AN000566,161,20,GC POSITIVE ION MODE,Metabolomic analysis on samples from rats expressing human amylin (plasma).
ST000351,AN000567,21,33,Amino Acid method,"Determining the metabolic profile of wildtype, lrgAB, and atlA mutant Steptococcus mutans grown aerobically and anaerobically"
ST000351,AN000568,59,33,Acylcarnitine method,"Determining the metabolic profile of wildtype, lrgAB, and atlA mutant Steptococcus mutans grown aerobically and anaerobically"
ST000351,AN000569,8,33,Organic acid method,"Determining the metabolic profile of wildtype, lrgAB, and atlA mutant Steptococcus mutans grown aerobically and anaerobically"
ST000351,AN000570,9,33,NAD-ATP method,"Determining the metabolic profile of wildtype, lrgAB, and atlA mutant Steptococcus mutans grown aerobically and anaerobically"
ST000351,AN000571,2,33,CoA method,"Determining the metabolic profile of wildtype, lrgAB, and atlA mutant Steptococcus mutans grown aerobically and anaerobically"
ST000352,AN000572,102,32,UPLC POSITIVE ION MODE,Metabolic profiling reveals biochemical pathways and potential biomarkers associated with the pathogenesis of Krabbe disease
ST000352,AN000573,103,32,UPLC NEGATIVE ION MODE,Metabolic profiling reveals biochemical pathways and potential biomarkers associated with the pathogenesis of Krabbe disease
ST000352,AN000574,109,32,GC POSITIVE ION MODE,Metabolic profiling reveals biochemical pathways and potential biomarkers associated with the pathogenesis of Krabbe disease
ST000353,AN000575,621,42,UHPLC POSITIVE ION MODE,The Development of Metabolomic Markers in African Bermudagrass (C. transvaalensis) for Sting Nematode (Belonolaimus longicaudatus) Response
ST000353,AN000576,267,42,UHPLC NEGATIVE ION MODE,The Development of Metabolomic Markers in African Bermudagrass (C. transvaalensis) for Sting Nematode (Belonolaimus longicaudatus) Response
ST000354,AN000577,130,23,RP POSITIVE ION MODE,Metabolite comparison of mouse gastric tissue and glands
ST000354,AN000578,132,23,RP NEGATIVE ION MODE,Metabolite comparison of mouse gastric tissue and glands
ST000348,AN000579,144,20,GC POSITIVE ION MODE,Metabolomic analysis on samples from rats expressing human amylin (brain tissue).
ST000355,AN000580,128,211,GC POSITIVE ION MODE,GC/MS and LC/MS metabolomics profiling for breast cancer plasma data and control plasma data
ST000355,AN000581,99,211,Reversed phase,GC/MS and LC/MS metabolomics profiling for breast cancer plasma data and control plasma data
ST000356,AN000582,101,134,GC POSITIVE ION MODE,GC/MS and LC/MS metabolomics profiling for breast cancer serum data and control serum data
ST000356,AN000583,171,134,Reversed phase,GC/MS and LC/MS metabolomics profiling for breast cancer serum data and control serum data
ST000357,AN000584,1199,36,Reversed phase POSITIVE ION MODE,Broad Spectrum MS analysis of mouse hypothalmus from Anxiety Prone HSV-Latently Infected Obese Mice
ST000357,AN000585,139,36,Reversed phase NEGATIVE ION MODE,Broad Spectrum MS analysis of mouse hypothalmus from Anxiety Prone HSV-Latently Infected Obese Mice
ST000359,AN000588,945,35,Reversed phase POSITIVE ION MODE,Broad Spectrum MS analysis of mouse microglia cells from Anxiety Prone HSV-Latently Infected Obese Mice
ST000359,AN000589,46,35,Reversed phase NEGATIVE ION MODE,Broad Spectrum MS analysis of mouse microglia cells from Anxiety Prone HSV-Latently Infected Obese Mice
ST000361,AN000592,1238,23,Reversed phase POSITIVE ION MODE,Characterization and Plasticity of the Metabolome in Peripheral Cells in Bipolar I Disorder
ST000361,AN000593,1591,23,Reversed phase NEGATIVE ION MODE,Characterization and Plasticity of the Metabolome in Peripheral Cells in Bipolar I Disorder
ST000362,AN000594,69,129,Reversed phase POSITIVE ION MODE,"Associations between 69 Sphingolipids and Emphysema, Chronic Bronchitis, Exacerbations, and FEV1/FVC"
ST000363,AN000595,1950,35,Reversed phase POSITIVE ION MODE,Broad Spectrum MS analysis of mouse peripheral blood mononuclear cells (PBMC) from Anxiety Prone HSV-Latently Infected Obese Mice
ST000363,AN000596,1381,35,Reversed phase NEGATIVE ION MODE,Broad Spectrum MS analysis of mouse peripheral blood mononuclear cells (PBMC) from Anxiety Prone HSV-Latently Infected Obese Mice
ST000367,AN000600,317,12,Precellys homogenization (IC-FTMS1),Distinctly perturbed metabolic networks underlie differential tumor tissue damages induced by immune modulator b-glucan in a two-case ex vivo non-small cell lung cancer study
ST000367,AN000601,371,12,Retsch homogenization (IC-FTMS2),Distinctly perturbed metabolic networks underlie differential tumor tissue damages induced by immune modulator b-glucan in a two-case ex vivo non-small cell lung cancer study
ST000368,AN000602,152,192,GC POSITIVE ION MODE,Investigation of metabolomic blood biomarkers for detection of adenocarcinoma lung cancer
ST000369,AN000603,181,181,GC POSITIVE ION MODE,Investigation of metabolomic blood biomarkers for detection of adenocarcinoma lung cancer (part II)
ST000370,AN000604,9,16,GC POSITIVE ION MODE,Primary T Cell Noxa Knockdown (Donor 8) III
ST000371,AN000605,8,40,GC POSITIVE ION MODE,Colon cancer
ST000372,AN000606,11,18,GC POSITIVE ION MODE,Measure change in metabolites based on diet and feeding status
ST000373,AN000607,23,18,NEGATIVE ION MODE,Measure change in metabolites based on diet and feeding status (part II)
ST000374,AN000608,30,16,POSITIVE ION MODE,Mice exercise metabolomics
ST000375,AN000609,20,16,NEGATIVE ION MODE,Mice exercise metabolomics (part II)
ST000376,AN000610,5,25,POSITIVE ION MODE,Kidney choline acetyltransferase (ChAT)-3
ST000377,AN000611,5,18,POSITIVE ION MODE,Kidney choline acetyltransferase (ChAT)-(part II)
ST000378,AN000612,2,18,NEGATIVE ION MODE,2 hydroxiglutarate with with IDH1-R132H inhibitor in neurospheres
ST000379,AN000613,113,78,GC POSITIVE ION MODE,Temporal metabolomic responses of cultured HepG2 liver cells to high fructose and high glucose exposures
ST000380,AN000614,54,76,HILIC POSITIVE ION MODE,Temporal metabolomic responses of cultured HepG2 liver cells to high fructose and high glucose exposures (part II)
ST000381,AN000615,200,92,GC POSITIVE ION MODE,Urinary Metabolites in IC/PBS Diagnosis (part I)
ST000382,AN000616,,94,Reversed phase POSITIVE ION MODE,Urinary Metabolites in IC/PBS Diagnosis (part II)
ST000382,AN000617,,94,Reversed phase NEGATIVE ION MODE,Urinary Metabolites in IC/PBS Diagnosis (part II)
ST000383,AN000618,106,56,GC POSITIVE ION MODE,Plasma Metabolomic Profiles Reflective of Glucose Homeostasis in Non-Diabetic and Type 2 Diabetic Obese African-American Women
ST000384,AN000619,170,6,CE-TOF MS,Metabolomic profiles in P. gingivalis cells treated with pABA
ST000385,AN000620,152,192,GC POSITIVE ION MODE,Study1 Investigation of metabolomic blood biomarkers for detection of adenocarcinoma lung cancer (training set)
ST000386,AN000621,181,180,GC POSITIVE ION MODE,Study 2 Investigation of metabolomic blood biomarkers for detection of adenocarcinoma lung cancer (test/validation)
ST000387,AN000622,,276,RP POSITIVE ION MODE,Changes in the metabalome and lipidome in response to exercise training
ST000387,AN000623,,276,RP NEGATIVE ION MODE,Changes in the metabalome and lipidome in response to exercise training
ST000388,AN000624,53,95,HILIC POSITIVE ION MODE,Serum phosphatidylethanolamine levels distinguish benign from malignant solitary pulmonary nodules and represent a potential diagnostic biomarker for lung cancer (part I)
ST000389,AN000625,128,95,GC POSITIVE ION MODE,Serum phosphatidylethanolamine levels distinguish benign from malignant solitary pulmonary nodules and represent a potential diagnostic biomarker for lung cancer (part II)
ST000390,AN000626,183,87,GC POSITIVE ION MODE,Metabolomic markers of altered nucleotide metabolism in early stage adenocarcinoma (part I)
ST000391,AN000627,,87,HILIC POSITIVE ION MODE,Metabolomic markers of altered nucleotide metabolism in early stage adenocarcinoma (part II)
ST000392,AN000628,158,183,GC POSITIVE ION MODE,Systemic Metabolomic Changes in Blood Samples of Lung Cancer Patients Identified by Gas Chromatography Time-of-Flight Mass Spectrometry
ST000393,AN000629,68,68,GC POSITIVE ION MODE,Long-Chain Fatty Acid Combustion Rate Is Associated with Unique Metabolite Profiles in Skeletal Muscle Mitochondria
ST000394,AN000630,,4,Lipidomics POSITIVE ION MODE,The circadian oscillator in Synechococcus elongatus controls metabolite partitioning during diurnal growth
ST000394,AN000631,,4,Lipidomics NEGATIVE ION MODE,The circadian oscillator in Synechococcus elongatus controls metabolite partitioning during diurnal growth
ST000395,AN000632,130,12,GC POSITIVE ION MODE,The circadian oscillator in Synechococcus elongatus controls metabolite partitioning during diurnal growth (part II)
ST000396,AN000633,129,299,GC POSITIVE ION MODE,Lung Cancer Plasma Discovery
ST000397,AN000634,106,48,GC POSITIVE ION MODE,Long-term neural and physiological phenotyping of a single human
ST000399,AN000636,,9,HILIC POSITIVE ION MODE,E.coli effects on growth and substrate uptake of green algae (part I - HILIC)
ST000399,AN000637,,9,HILIC NEGATIVE ION MODE,E.coli effects on growth and substrate uptake of green algae (part I - HILIC)
ST000401,AN000640,163,40,GC POSITIVE ION MODE,Inhibition of diamine oxidase promotes uptake of putrescine from rat small intestine
ST000402,AN000641,116,71,GC POSITIVE ION MODE,Impact of glucose on the central metabolome of C. minutissima
ST000403,AN000642,590,18,HILIC POSITIVE ION MODE,Metabolomics-based elucidation of active metabolic pathways in erythrocytes and HSC-derived reticulocytes
ST000403,AN000643,541,18,HILIC NEGATIVE ION MODE,Metabolomics-based elucidation of active metabolic pathways in erythrocytes and HSC-derived reticulocytes
ST000404,AN000644,180,12,GC POSITIVE ION MODE,Role of HVCN1 in B cell malignancies
ST000405,AN000645,269,111,Biocrates P-180,Metabolomic Profiling in Early Pregnancy using Pre-Diagnostic Sera from Women Who Developed Placental Abruption
ST000410,AN000650,14,103,NMR analysis,Metabolomic analysis of oxytocin effects on social deficits in mice (part III)
ST000412,AN000652,155,96,GC POSITIVE ION MODE,Metabolic profiling during ex vivo machine perfusion of the human liver
ST000413,AN000653,,24,Lipidomics POSITIVE ION MODE,Metabolic profiling during ex vivo machine perfusion of the human liver (part III)
ST000413,AN000654,,24,Lipidomics NEGATIVE ION MODE,Metabolic profiling during ex vivo machine perfusion of the human liver (part III)
ST000414,AN000655,246,492,HILIC POSITIVE ION MODE,Metabolomics-based screening of the Malaria Box reveals both novel and established mechanisms of action
ST000414,AN000656,206,492,HILIC NEGATIVE ION MODE,Metabolomics-based screening of the Malaria Box reveals both novel and established mechanisms of action
ST000415,AN000657,72,28,GC POSITIVE ION MODE,Toxicokinetics and Metabolomic Disrupting of the Flame Retardant Mixture Firemaster 550
ST000416,AN000658,54,92,GC POSITIVE ION MODE,Armpit Biodiversity Metabolites and Odors
ST000418,AN000660,121,22,GC POSITIVE ION MODE,The role of CFTR in the regulation of intrinsic defense mechanisms of exocrine secretions
ST000419,AN000661,218,80,GC POSITIVE ION MODE,Impact Of High Sugar Diet On L-Arginine Metabolism In The Lung
ST000420,AN000662,126,20,GC POSITIVE ION MODE,NIST SRM Smoker non-Smoker Urine Comparison
ST000421,AN000663,1924,222,HILIC POSITIVE ION MODE,ms3076 T1D poor glycemic control and control samples
ST000421,AN000664,1010,222,HILIC NEGATIVE ION MODE,ms3076 T1D poor glycemic control and control samples
ST000421,AN000665,1296,222,Reversed phase POSITIVE ION MODE,ms3076 T1D poor glycemic control and control samples
ST000421,AN000666,387,222,Reversed phase NEGATIVE ION MODE,ms3076 T1D poor glycemic control and control samples
ST000422,AN000667,1770,180,HILIC POSITIVE ION MODE,Type 1 Diabetes good glycemic control and controls samples
ST000422,AN000668,1051,180,HILIC NEGATIVE ION MODE,Type 1 Diabetes good glycemic control and controls samples
ST000422,AN000669,2906,180,Reversed phase POSITIVE ION MODE,Type 1 Diabetes good glycemic control and controls samples
ST000422,AN000670,667,180,Reversed phase NEGATIVE ION MODE,Type 1 Diabetes good glycemic control and controls samples
ST000423,AN000671,132,12,UPLC POSITIVE ION MODE,Differences in mycoplasma growth due to different mediums
ST000423,AN000672,70,12,UPLC NEGATIVE ION MODE,Differences in mycoplasma growth due to different mediums
ST000424,AN000673,418,25,Reversed phase POSITIVE ION MODE,Metabolomics Approach to Allograft Assessment in Liver Transplantation (part II)
ST000424,AN000674,89,25,Reversed phase NEGATIVE ION MODE,Metabolomics Approach to Allograft Assessment in Liver Transplantation (part II)
ST000425,AN000675,93,20,GC POSITIVE ION MODE,Non targeted metabolomics of gastrocnemius tissue samples obtained from 20 month old (old) mice- Both Sham and after inducing lung injury
ST000426,AN000676,93,20,GC POSITIVE ION MODE,Non targeted metabolomics of gastrocnemius tissue samples obtained from 6 month old (adult) mice- Both Sham and after inducing lung injury
ST000427,AN000677,66,20,GC POSITIVE ION MODE,targeted metabolomics of gastrocnemius tissue samples obtained from 6 month old (adult) mice- Both Sham and after inducing lung injury
ST000428,AN000678,66,20,GC POSITIVE ION MODE,Targeted metabolomics of gastrocnemius tissue samples obtained from 20 month old (old) mice- Both Sham and after inducing lung injury (part II)
ST000429,AN000679,45,6,GC POSITIVE ION MODE,Targeted metabolomics of MuRF1 overexpressing cardiomyocytes compared to their wildtype controls (part I)
ST000430,AN000680,52,8,GC POSITIVE ION MODE,Targeted metabolomics of MuRF1 Knockdown cardiomyocytes compared to their wildtype controls (part 2)
ST000431,AN000681,102,22,GC POSITIVE ION MODE,C2C12 stretch cessation models muscle atrophy and anaplerotic changes in metabolism
ST000432,AN000682,3,54,UPLC POSITIVE ION MODE,"Quantitative measurements of vitamin D in T1D poor control, good control, and controls."
ST000433,AN000683,22,69,UPLC POSITIVE ION MODE,Plasma sphingolipid changes with autopsy-confirmed Lewy body or Alzheimer's pathology
ST000434,AN000684,9,58,HPLC-MS NEGATIVE ION MODE,"Quantitative measurements of free fatty acid in T1D poor control, good control, and controls."
ST000435,AN000685,44,49,UPLC POSITIVE ION MODE,"Quantitative measurements of amino acids in T1D poor control, good control, and controls."
ST000436,AN000686,,60,Reversed phase POSITIVE ION MODE,Metabolomic analysis of EE urine samples
ST000437,AN000687,19,55,HILIC POSITIVE ION MODE,Metabolomic analysis of human plasma samples spiked with unknown chemicals
ST000437,AN000688,1,55,Reversed phase POSITIVE ION MODE,Metabolomic analysis of human plasma samples spiked with unknown chemicals
ST000441,AN000692,113,189,Reversed phase NEGATIVE ION MODE,Metabolomic Profiling of the Malaria Box Reveals Antimalarial Target Pathways
ST000443,AN000694,12,58,GC POSITIVE ION MODE,"Quantitative measurements of TCA cycle metabolites in T1D poor control, good control, and controls."
ST000444,AN000695,170,4,Reversed phase POSITIVE ION MODE,Preconcentration of organic solutes in urine by bubble bursting
ST000445,AN000696,505,28,Reversed phase POSITIVE ION MODE,Follicular fluid lipidomics reveals lipid alterations by LH addition during IVF cycles
ST000446,AN000697,182,12,UHPLC POSITIVE ION MODE,Heterologous expression and detection of Apratoxins in E. coli
ST000446,AN000698,63,12,UHPLC NEGATIVE ION MODE,Heterologous expression and detection of Apratoxins in E. coli
ST000448,AN000701,205,61,HILIC POSITIVE ION MODE,Emory University high-resolution metabolomic profiling of ring trial samples
ST000448,AN000702,,61,Reversed phase NEGATIVE ION MODE,Emory University high-resolution metabolomic profiling of ring trial samples
ST000449,AN000703,22,4,NEGATIVE ION MODE,"Molecular Imaging of Growth, Metabolism, and Antibiotic Inhibition in Bacterial Colonies by Laser Ablation Electrospray Ionization Mass Spectrometry"
ST000449,AN000704,5,4,POSITIVE ION MODE,"Molecular Imaging of Growth, Metabolism, and Antibiotic Inhibition in Bacterial Colonies by Laser Ablation Electrospray Ionization Mass Spectrometry"
ST000450,AN000705,226,84,HILIC POSITIVE ION MODE,Metabolic features of chronic fatigue syndrome
ST000450,AN000706,223,84,HILIC NEGATIVE ION MODE,Metabolic features of chronic fatigue syndrome
ST000451,AN000707,518,16,GC POSITIVE ION MODE,The alpha-1A adrenergic receptor agonist A61603 reduces cardiac polyunsaturated fatty acid-Heart raw data
ST000452,AN000708,581,16,GC POSITIVE ION MODE,The alpha-1A adrenergic receptor agonist A61603 reduces cardiac polyunsaturated fatty acid-Serum raw data
ST000453,AN000709,,92,Reversed phase POSITIVE ION MODE,Metabolic Adaptation of Staphylococcus aureus to Host Immunity
ST000453,AN000710,,92,Reversed phase NEGATIVE ION MODE,Metabolic Adaptation of Staphylococcus aureus to Host Immunity
ST000456,AN000713,188,68,Reversed phase-1 POSITIVE ION MODE,Metabolomic changes during active immunization with anti-METH vaccines.
ST000456,AN000714,188,68,Reversed phase-2 POSITIVE ION MODE,Metabolomic changes during active immunization with anti-METH vaccines.
ST000456,AN000715,188,68,Reversed phase NEGATIVE ION MODE,Metabolomic changes during active immunization with anti-METH vaccines.
ST000457,AN000716,188,28,Reversed phase-1 POSITIVE ION MODE,Metabolomics of Mice Cohousing and Microbiota Transfer
ST000457,AN000717,188,28,Reversed phase-2 POSITIVE ION MODE,Metabolomics of Mice Cohousing and Microbiota Transfer
ST000457,AN000718,188,28,Reversed phase NEGATIVE ION MODE,Metabolomics of Mice Cohousing and Microbiota Transfer
ST000458,AN000719,20,21,HPLC POSITIVE ION MODE,Effect of BCAT1 knockdown on amino acid steady state levels of Raji cells
ST000459,AN000720,20,12,HPLC POSITIVE ION MODE,Effect of Odc knockout on amino acid steady state levels of Eμ-Myc lymphomas
ST000460,AN000721,18,15,HPLC POSITIVE ION MODE,Effect of ATG7 reconstitution in AGY571 cells
ST000461,AN000722,17,12,HPLC POSITIVE ION MODE,Effect of Odc knockout on amino acid homeostasis of Eu-Myc Lymphomas
ST000465,AN000726,287,16,HILIC NEGATIVE ION MODE,Uniquely Tumor-Selective Englerin A Profoundly Alters Lipid Metabolism in Renal Cell Carcinoma inducing ER-Stress and an Acute Inflammatory Response
ST000465,AN000727,295,16,HILIC POSITIVE ION MODE,Uniquely Tumor-Selective Englerin A Profoundly Alters Lipid Metabolism in Renal Cell Carcinoma inducing ER-Stress and an Acute Inflammatory Response
ST000466,AN000728,21,6,HPLC POSITIVE ION MODE/Amino acids,"Streptococcus mutans organic acids/amino acid profiles, effect of oxidative stress; pilot"
ST000466,AN000729,7,6,HPLC POSITIVE ION MODE/Organic acids,"Streptococcus mutans organic acids/amino acid profiles, effect of oxidative stress; pilot"
ST000467,AN000730,,50,Reversed phase POSITIVE ION MODE,Metabolomics of Saliva Samples Obtained from Subjects with Diabetes
ST000468,AN000731,12,9,HPLC POSITIVE ION MODE,Enterococcus faecalis nucleotide profiles following mupirocin or decoyinine
ST000469,AN000732,6,5,HPLC POSITIVE ION MODE/ATP,Enterococcus faecalis nucleotide profiles - pilot
ST000469,AN000733,9,5,"HPLC POSITIVE ION MODE/NAD, NADH",Enterococcus faecalis nucleotide profiles - pilot
ST000470,AN000734,12,180,HILIC NEGATIVE ION MODE,Exahustive degradation of nucleotide triphosphates
ST000473,AN000737,24,256,HILIC NEGATIVE ION MODE,Effect of the chemical environment on the degradation of nucleotide triphosphates
ST000474,AN000738,8,10,HPLC POSITIVE ION MODE,Metabolomic testing of a putative MDH inhibitor (targeted)
ST000475,AN000739,72,10,UHPLC POSITIVE ION MODE,Metabolomic testing of a putative MDH inhibitor (global)
ST000475,AN000740,41,10,UHPLC NEGATIVE ION MODE,Metabolomic testing of a putative MDH inhibitor (global)
ST000476,AN000741,,22,Reversed phase POSITIVE ION MODE,Metabolomic analysis of oxytocin effects on social deficits in mice (part IV)
ST000477,AN000742,,113,POSITIVE ION MODE,A metabolomics approach to document compliance with long-term almond consumption
ST000477,AN000743,,113,NEGATIVE ION MODE,A metabolomics approach to document compliance with long-term almond consumption
ST000478,AN000744,72,27,NMR analysis,NMR based Metabolomics Analysis of Liver from C57BL/6 Mouse Exposed to Ionizing Radiation
ST000479,AN000745,38,27,NMR analysis,NMR based quantitative metabolomics studies of heart and lung from mouse exposed to whole body high dose gamma and proton radiation
ST000480,AN000746,58,27,NMR analysis,NMR based quantitative metabolomics studies of heart and lung from mouse exposed to whole body high dose gamma and proton radiation (part II)
ST000482,AN000748,22,1,Reversed phase POSITIVE ION MODE,Free amino acids in CHEAR reference plasma
ST000483,AN000749,42,40,UPLC POSITIVE ION MODE,Amino Acid Quantifcation of obese patients on a 16 week caloric restriction from Plasma
ST000484,AN000750,42,40,UPLC POSITIVE ION MODE,Amino Acid Quantifcation of obese patients on a 16 week caloric restriction from muscle biopsy (part II)
ST000485,AN000751,1,560,GC POSITIVE ION MODE,D2 Glucose Quantifcation of obese patients on a 16 week caloric restriction from plasma
ST000488,AN000754,5,36,HILIC POSITIVE ION MODE,"Sleep apnea and cardiovascular metabiltes carnitine, tma, tmao, betain, choline in plasma"
ST000489,AN000755,11,36,Reversed phase POSITIVE ION MODE,Sleep apnea and cardiovascular samples plasma acyl carnitine panel
ST000490,AN000756,5,36,Reversed phase POSITIVE ION MODE,Sleep apnea and cardiovascular samples nueromodulators panel
ST000491,AN000757,42,36,Reversed phase POSITIVE ION MODE,Sleep apnea and cardiovascular samples amino acid metabolites
ST000492,AN000758,12,36,HILIC POSITIVE ION MODE,Sleep apnea and cardiovascular samples ceramide concentrations
ST000493,AN000759,6,36,GC POSITIVE ION MODE,"Sleep apnea and cardiovascular samples SCFA, short chain fatty acids panel"
ST000494,AN000760,17,16,Reversed phase,Timecourse of palmitate isotopomers in LNCaP Cells
ST000495,AN000761,199,24,GC POSITIVE ION MODE,Metabolomic profiles along the gastrointestinal tract of the healthy dog
ST000496,AN000762,69,100,GC POSITIVE ION MODE,Distinct signatures of dental plaque metabolic byproducts dictated by periodontal inflammatory status
ST000497,AN000763,62,48,Reversed phase POSITIVE ION MODE,M-CMV infected Nicotiana tabacum
ST000497,AN000764,30,48,Reversed phase NEGATIVE ION MODE,M-CMV infected Nicotiana tabacum
ST000497,AN000765,86,48,GC POSITIVE ION MODE,M-CMV infected Nicotiana tabacum
ST000498,AN000766,7,12,HPLC POSITIVE ION MODE,Cocaine administration and withdrawal
ST000499,AN000767,16,17,HPLC POSITIVE ION MODE,NAD+ in neurodegeneration
ST000486,AN000768,52,130,NMR data,Pollen metabolomics
ST000500,AN000769,75,27,NMR data,Metabolomics Analysis of Kidney from C57BL/6 Mouse Exposed to Ionizing Radiation
ST000501,AN000770,42,13,NMR data,NMR based Metabolomics Analysis of Mouse Exposed to Gamma Radiation
ST000502,AN000771,12,193,NMR data,Weight loss and weight maintenance obtained with or without GLP-1 analogue treatment decrease branched chain amino acid levels.
ST000504,AN000773,96,12,GC POSITIVE ION MODE,Timecourse of TCA isotopomers in LNCaP Cells and Media
ST000505,AN000774,42,14,Reversed phase POSITIVE ION MODE,Timecourse of Amino Acid Metabolites in LNCaP Cell pellets
ST000506,AN000775,10,14,GC POSITIVE ION MODE,Timecourse of TCA panel in LNCaP Cells
ST000507,AN000776,84,16,GC POSITIVE ION MODE,Timecourse of TCA isotopomers in LNCaP Cells
ST000508,AN000777,93,196,GC/MS POSITIVE ION MODE,Metabolic Profiling of Date Palm Fruits
ST000508,AN000778,233,196,UPLC/MS/MS POSITIVE ION MODE,Metabolic Profiling of Date Palm Fruits
ST000508,AN000779,101,196,UPLC/MS/MS NEGATIVE ION MODE,Metabolic Profiling of Date Palm Fruits
ST000509,AN000780,149,56,Reversed phase POSITIVE ION MODE,Metabolic changes to maternal rat liver tissue during and post-pregnancy
ST000509,AN000781,42,56,Reversed phase NEGATIVE ION MODE,Metabolic changes to maternal rat liver tissue during and post-pregnancy
ST000510,AN000782,133,39,Reversed phase POSITIVE ION MODE,Assessing metabolic changes to maternal rat liver tissue during and post-pregnancy (part II)
ST000510,AN000783,50,39,Reversed phase NEGATIVE ION MODE,Assessing metabolic changes to maternal rat liver tissue during and post-pregnancy (part II)
ST000511,AN000784,42,46,Reversed phase POSITIVE ION MODE,Determine how inhibition of autophagy/proteasome degradation or inhibition of protein synthesis in models of muscle insulin resistance affect amino acid metabolites
ST000512,AN000785,10,37,GC POSITIVE ION MODE,Investigating TCA concentrations in mice muscle tissue lacking insulin receptors and IGF-1 receptors
ST000513,AN000786,10,46,GC POSITIVE ION MODE,Inhibition of autophagy/proteasome degradation or inhibition of protein synthesis in models of muscle insulin resistance affect TCA cycle
ST000514,AN000787,38,36,Reversed phase POSITIVE ION MODE,Inhibition of autophagy/proteasome degradation or inhibition of protein synthesis in models of muscle insulin resistance affect amino acids metabolites in serum
ST000515,AN000788,,286,POSITIVE ION MODE,Metabolomics of longitudinal plasma samples from Macaca mulatta infected with Plasmodium cynomolgi B strain.
ST000515,AN000789,,286,NEGATIVE ION MODE,Metabolomics of longitudinal plasma samples from Macaca mulatta infected with Plasmodium cynomolgi B strain.
ST000516,AN000790,42,36,Reversed phase POSITIVE ION MODE,Measuring amino acid metabolites in insulin resistant and insulin deficient mouse tissue models
ST000517,AN000791,11,36,Reversed phase POSITIVE ION MODE,Measuring acylcarnitine concentrations in insulin resistant and insulin deficient mouse tissue models
ST000518,AN000792,12,36,Reversed phase POSITIVE ION MODE,Measuring ceramide concentrations in insulin resistant and insulin deficient mouse tissue models
ST000519,AN000793,12,27,Reversed phase POSITIVE ION MODE,Investigating ceremide concentrations in mice muscle tissue lacking insulin receptors and IGF-1 receptors
ST000520,AN000794,10,39,GC POSITIVE ION MODE,Measuring TCA cycle concentrations in insulin resistant and insulin deficient mouse tissue models
ST000521,AN000795,12,39,Reversed phase POSITIVE ION MODE,Measuring NEFA concentrations in insulin resistant and insulin deficient mouse tissue models
ST000522,AN000796,27,30,Reversed phase POSITIVE ION MODE,Plasma metabolomics profiling for fish maturation in blunt snout bream
ST000522,AN000797,10,30,Reversed phase NEGATIVE ION MODE,Plasma metabolomics profiling for fish maturation in blunt snout bream
ST000523,AN000798,141,174,POSITIVE ION MODE,Prenatal exposures and Metabolite and Lipid Profiles
ST000523,AN000799,120,174,NEGATIVE ION MODE,Prenatal exposures and Metabolite and Lipid Profiles
ST000523,AN000800,306,174,POSITIVE ION MODE/Lipids,Prenatal exposures and Metabolite and Lipid Profiles
ST000523,AN000801,165,174,NEGATIVE ION MODE/Lipids,Prenatal exposures and Metabolite and Lipid Profiles
ST000524,AN000802,42,74,Reversed phase POSITIVE ION MODE,Effects of Curcumin Supplementation on the Amino Acid Concentration of Older Adults: Relation to Vascular Function
ST000525,AN000803,12,74,Reversed phase POSITIVE ION MODE,Effects of Curcumin Supplementation on the Non‐Esterified Fatty Acids concentration of Older Adults: Relation to Vascular Function
ST000526,AN000804,12,74,HILIC POSITIVE ION MODE,Effects of Curcumin Supplementation on the Ceramides Concentration of Older Adults: Relation to Vascular Function
ST000527,AN000805,11,74,Reversed phase POSITIVE ION MODE,Effects of Curcumin Supplementation on the Acylcarnitine Concentration of Older Adults: Relation to Vascular Function
ST000528,AN000806,,26,Reversed phase POSITIVE ION MODE,Regulation of Metabolism by LSR
ST000529,AN000807,,18,Reversed phase NEGATIVE ION MODE,Regulation of Metabolism by LSR (part II)
ST000530,AN000808,,93,Reversed phase POSITIVE ION MODE,Effects of herb DG and KK01 on Type 2 Diabetes Mellitus (T2DM) through Lipidomics
ST000530,AN000809,,93,Reversed phase NEGATIVE ION MODE,Effects of herb DG and KK01 on Type 2 Diabetes Mellitus (T2DM) through Lipidomics
ST000531,AN000810,82,6,fluorescent detection,CHEAR Pooled Plasma Reference Material Proficiency Test
ST000532,AN000811,108,7,GC POSITIVE ION MODE,CHEAR Plasma Reference Material Plasma GC-MS
ST000533,AN000812,35,6,NMR data,CHEAR Plasma Dilution Reference Material Proficiency Test NMR (Part I)
ST000534,AN000813,30,6,NMR data,CHEAR Plasma Extraction Reference Material Proficiency Test NMR (Part I)
ST000535,AN000814,60,6,NMR data,CHEAR Urine Reference Material Proficiency Test NMR (Part I)
ST000536,AN000815,27,6,NMR data,CHEAR Plasma Dilution Reference Material Proficiency Test NMR (Part II)
ST000537,AN000816,25,6,NMR data,CHEAR Plasma Extraction Reference Material Proficiency Test NMR (Part II)
ST000538,AN000817,51,6,NMR data,CHEAR Urine Reference Material Proficiency Test NMR (Part II)
ST000539,AN000818,590,18,HILIC POSITIVE ION MODE,Metabolomics-based elucidation of active metabolic pathways in erythrocytes and HSC-derived reticulocytes (part II)
ST000539,AN000819,538,18,HILIC NEGATIVE ION MODE,Metabolomics-based elucidation of active metabolic pathways in erythrocytes and HSC-derived reticulocytes (part II)
ST000540,AN000820,,32,HILIC POSITIVE ION MODE,Kidney tissue metabolomic profiling of diabetic nephropathy in the steptozotocin induced type-1 diabetes mouse model.
ST000540,AN000821,,32,HILIC NEGATIVE ION MODE,Kidney tissue metabolomic profiling of diabetic nephropathy in the steptozotocin induced type-1 diabetes mouse model.
ST000541,AN000822,127,24,Reversed phase POSITIVE ION MODE,Canine Diabetes - Preliminary Evaluation of Testing Methods
ST000541,AN000823,117,24,Reversed phase NEGATIVE ION MODE,Canine Diabetes - Preliminary Evaluation of Testing Methods
ST000542,AN000824,1,44,HPLC POSITIVE ION MODE,Triple Quadrupole Mass Spectrometer to measure low abundance isotope enrichment in individual muscle proteins
ST000543,AN000825,1,44,UPLC POSITIVE ION MODE,High Resolution orbittrap Mass Spectrometer to measure low abundance isotope enrichment in individual muscle proteins
ST000544,AN000826,73,19,Reversed phase POSITIVE ION MODE,CHEAR Urine Reference Material Proficiency Test Biocrates
ST000544,AN000827,192,19,FIA POSITIVE ION MODE,CHEAR Urine Reference Material Proficiency Test Biocrates
ST000544,AN000828,1,19,FIA NEGATIVE ION MODE,CHEAR Urine Reference Material Proficiency Test Biocrates
ST000545,AN000829,75,19,Reversed phase POSITIVE ION MODE,CHEAR Plasma Reference Material Proficiency Test Biocrates
ST000545,AN000830,192,19,FIA POSITIVE ION MODE,CHEAR Plasma Reference Material Proficiency Test Biocrates
ST000545,AN000831,1,19,FIA NEGATIVE ION MODE,CHEAR Plasma Reference Material Proficiency Test Biocrates
ST000546,AN000832,366,13,HILIC POSITIVE ION MODE,Multi-omics based identification of specific biochemical changes associated with PfKelch13-mutant artemisinin resistant Plasmodium
ST000546,AN000833,217,13,HILIC NEGATIVE ION MODE,Multi-omics based identification of specific biochemical changes associated with PfKelch13-mutant artemisinin resistant Plasmodium
ST000547,AN000834,,82,Reversed phase POSITIVE ION MODE,Intergenerational murine gut microbiome variation
ST000547,AN000835,,82,Reversed phase NEGATIVE ION MODE,Intergenerational murine gut microbiome variation
ST000548,AN000836,8,86,GC POSITIVE ION MODE,Replication study: The common feature of leukemia-associated IDH1 and IDH2 mutations is a neomorphic enzyme activity converting alpha-ketoglutarate to 2-hydroxyglutarate
ST000549,AN000837,2278,148,HILIC POSITIVE ION MODE,Investigating large scale metabolomics in mice serum lacking insulin receptors and IGF-1 receptors
ST000549,AN000838,1162,148,HILIC NEGATIVE ION MODE,Investigating large scale metabolomics in mice serum lacking insulin receptors and IGF-1 receptors
ST000549,AN000839,153,148,Reversed phase POSITIVE ION MODE,Investigating large scale metabolomics in mice serum lacking insulin receptors and IGF-1 receptors
ST000550,AN000840,163,59,GC,Metabolomics marker of brown adipose tissue in men
ST000551,AN000841,443,148,HILIC POSITIVE ION MODE,Investigating large scale metabolomics in mice tissue lacking insulin receptors and IGF-1 receptors
ST000551,AN000842,282,148,Reversed phase POSITIVE ION MODE,Investigating large scale metabolomics in mice tissue lacking insulin receptors and IGF-1 receptors
ST000552,AN000843,235,40,Reversed phase POSITIVE ION MODE,Metabolite signatures in trauma patients with venous thromboembolism (VTE)
ST000552,AN000844,139,40,Reversed phase NEGATIVE ION MODE,Metabolite signatures in trauma patients with venous thromboembolism (VTE)
ST000553,AN000845,55,12,Reversed phase POSITIVE ION MODE,CHEAR UT Urine and Plasma Pool Characterization
ST000553,AN000846,66,12,Reversed phase NEGATIVE ION MODE,CHEAR UT Urine and Plasma Pool Characterization
ST000553,AN000847,108,12,HILIC POSITIVE ION MODE,CHEAR UT Urine and Plasma Pool Characterization
ST000553,AN000848,26,12,HILIC NEGATIVE ION MODE,CHEAR UT Urine and Plasma Pool Characterization
ST000554,AN000849,127,16,Reversed phase POSITIVE ION MODE,Metabolomics of aged iPSC
ST000554,AN000850,116,16,Reversed phase NEGATIVE ION MODE,Metabolomics of aged iPSC
ST000555,AN000851,143,12,UHPLC POSITIVE ION MODE,Cocaine administration and withdrawal (part II)
ST000555,AN000852,93,12,UHPLC NEGATIVE ION MODE,Cocaine administration and withdrawal (part II)
ST000556,AN000853,82,20,UHPLC POSITIVE ION MODE,IROA feasibility project; plasticizers as obesogens in zebrafish
ST000556,AN000854,57,20,UHPLC NEGATIVE ION MODE,IROA feasibility project; plasticizers as obesogens in zebrafish
ST000557,AN000855,38,2,Reversed phase POSITIVE ION MODE,Metabolites in CHEAR reference urine and plasma
ST000558,AN000856,,61,HILIC POSITIVE ION MODE,Plasma metabolomic profiling of diabetic nephropathy in the steptozotocin induced type-1 diabetes mouse model
ST000558,AN000857,,61,HILIC NEGATIVE ION MODE,Plasma metabolomic profiling of diabetic nephropathy in the steptozotocin induced type-1 diabetes mouse model
ST000559,AN000858,,54,HILIC POSITIVE ION MODE,Urine metabolomic profiling of diabetic nephropathy in the steptozotocin induced type-1 diabetes mouse model.
ST000559,AN000859,,54,HILIC NEGATIVE ION MODE,Urine metabolomic profiling of diabetic nephropathy in the steptozotocin induced type-1 diabetes mouse model.
ST000560,AN000860,,29,HILIC POSITIVE ION MODE,Metabolomics of immunoglobulin-producing cells in IgA nephropathy
ST000560,AN000861,,29,HILIC NEGATIVE ION MODE,Metabolomics of immunoglobulin-producing cells in IgA nephropathy
ST000561,AN000862,160,100,GC POSITIVE ION MODE/Metabolites set1,"Exploring the link between genotype, phenotype and metabolome for tomato seed quality attributes"
ST000561,AN000863,160,100,GC POSITIVE ION MODE/Metabolites set2,"Exploring the link between genotype, phenotype and metabolome for tomato seed quality attributes"
ST000562,AN000864,7,20,POSITIVE ION MODE,Brown vs White adipose tissue
ST000563,AN000865,7,13,GC POSITIVE ION MODE,Meat intake on stool metabolites
ST000564,AN000866,209,6,HPLC POSITIVE ION MODE,2014 Biotron Experiment Metabolites (part II)
ST000564,AN000867,171,6,HPLC NEGATIVE ION MODE,2014 Biotron Experiment Metabolites (part II)
ST000565,AN000868,14,112,POSITIVE ION MODE,Association of hemodialysis patient plasma trace metals with response to erythropoiesis stimulating agents
ST000566,AN000869,154,288,Reversed phase NEGATIVE ION MODE,Large Scale C18 Profiling of the Effects of Curcumin Supplementation of Older Adults: Relation to Vascular Function
ST000566,AN000870,145,288,Reversed phase POSITIVE ION MODE,Large Scale C18 Profiling of the Effects of Curcumin Supplementation of Older Adults: Relation to Vascular Function
ST000567,AN000871,234,288,HILIC NEGATIVE ION MODE,Large Scale HILIC Profiling of the Effects of Curcumin Supplementation of Older Adults: Relation to Vascular Function
ST000567,AN000872,274,288,HILIC POSITIVE ION MODE,Large Scale HILIC Profiling of the Effects of Curcumin Supplementation of Older Adults: Relation to Vascular Function
ST000568,AN000873,119,147,GC POSITIVE ION MODE,Metabolomic study on a schizophrenia and type 2 diabetes susceptibility gene
ST000568,AN000874,31,147,UPLC POSITIVE ION MODE,Metabolomic study on a schizophrenia and type 2 diabetes susceptibility gene
ST000568,AN000875,123,147,UPLC NEGATIVE ION MODE,Metabolomic study on a schizophrenia and type 2 diabetes susceptibility gene
ST000569,AN000876,120,24,GC POSITIVE ION MODE,Effect of minimal and complex media on the metabolite profiles
ST000570,AN000877,110,17,CE POSITIVE ION MODE,Metabolome analysis of the cecal contents of GF mice and GF mice colonized with dominant gut microbes present in the ceca of neonatal and adult mice
ST000570,AN000878,176,17,CE NEGATIVE ION MODE,Metabolome analysis of the cecal contents of GF mice and GF mice colonized with dominant gut microbes present in the ceca of neonatal and adult mice
ST000571,AN000879,111,15,UHPLC POSITIVE ION MODE,Metabolomics of uterine fluid of the cow
ST000571,AN000880,79,15,UHPLC NEGATIVE ION MODE,Metabolomics of uterine fluid of the cow
ST000572,AN000881,101,30,UHPLC POSITIVE ION MODE,Metabolomics of Shark Bay stromatolites
ST000572,AN000882,60,30,UHPLC NEGATIVE ION MODE,Metabolomics of Shark Bay stromatolites
ST000574,AN000884,86,20,GC POSITIVE ION MODE,Effects of the Kinase Inhibitor Sorafenib on Serum Metabolism In Vivo using Non-targeted Metabolomics Analysis tissue).
ST000575,AN000885,85,20,GC POSITIVE ION MODE,Effects of the Kinase Inhibitor Sorafenib on Muscle Metabolism In Vivo using Non-targeted Metabolomics Analysis tissue).
ST000576,AN000886,87,20,GC POSITIVE ION MODE,Effects of the Kinase Inhibitor Sorafenib on Heart Metabolism In Vivo using Non-targeted Metabolomics Analysis tissue).
ST000577,AN000887,90,20,GC POSITIVE ION MODE,Effects of the Kinase Inhibitor Sorafenib on Liver Metabolism In Vivo using Non-targeted Metabolomics Analysis tissue).
ST000578,AN000888,,273,Reversed phase POSITIVE ION MODE,Experiment HuA: Metabolomics of plasma samples from humans infected with Plasmodium vivax strain.
ST000578,AN000889,,273,Anion exchange POSITIVE ION MODE,Experiment HuA: Metabolomics of plasma samples from humans infected with Plasmodium vivax strain.
ST000579,AN000890,82,20,Other NEGATIVE ION MODE,DBA2J Phosphatidylethanolamine Analysis
ST000580,AN000891,97,20,None NEGATIVE ION MODE,DBA2J Phosphatidylethserine Analysis
ST000581,AN000892,98,20,None NEGATIVE ION MODE,DBA2J Phosphatidylinositol Analysis
ST000582,AN000893,163,20,Other POSITIVE ION MODE,DBA2J Phospholipid Analysis
ST000583,AN000894,127,61,UHPLC POSITIVE ION MODE,The Metabolomics of Oral Biofilms exposed to Arginine and Fluoride
ST000583,AN000895,123,61,UHPLC NEGATIVE ION MODE,The Metabolomics of Oral Biofilms exposed to Arginine and Fluoride
ST000584,AN000896,,836,HILIC POSITIVE ION MODE,"Fasting wildtype, tfeb -/- knockout, and lmna -/- knockout metabolite profiling of adult zebrafish"
ST000584,AN000897,,836,HILIC NEGATIVE ION MODE,"Fasting wildtype, tfeb -/- knockout, and lmna -/- knockout metabolite profiling of adult zebrafish"
ST000584,AN000898,,836,Reversed phase POSITIVE ION MODE,"Fasting wildtype, tfeb -/- knockout, and lmna -/- knockout metabolite profiling of adult zebrafish"
ST000584,AN000899,,836,Reversed phase NEGATIVE ION MODE,"Fasting wildtype, tfeb -/- knockout, and lmna -/- knockout metabolite profiling of adult zebrafish"
ST000585,AN000900,,92,Reversed phase POSITIVE ION MODE,METABOLOMIC PROFILING OF FOLLICULAR FLUID FROM PATIENTS WITH INFERTILITY-RELATED DEEP ENDOMETRIOSIS.
ST000586,AN000901,153,32,GC POSITIVE ION MODE,Evaluation of specific concentrations for use in experimental protocol
ST000587,AN000902,9,23,NMR data,Metabolomics of Exhaled Breath Condensate in Decompensated Heart Failure
ST000588,AN000903,48,24,NMR data,Metabolomics of Saliva in Decompensated Heart Failure
ST000589,AN000904,141,330,GC POSITIVE ION MODE,Effects of dilution on analyte identification and quantification
ST000591,AN000906,42,14,HILIC POSITIVE ION MODE,Metablomic profiling in acc1-5 mutant and wild type arabidiopsis
ST000592,AN000907,,31,untargeted C18 column POSITIVE ION MODE,"Uninfected Macaca mulatta exposed to pyrimethamine to produce and integrate clinical, hematological, and omics control measures."
ST000592,AN000908,,31,anion exchange POSITIVE ION MODE,"Uninfected Macaca mulatta exposed to pyrimethamine to produce and integrate clinical, hematological, and omics control measures."
ST000593,AN000909,24,16,Reversed phase POSITIVE ION MODE,PGD2 and other lipid mediator changes in mouse adipose associated with administration of an oral inhibitor of H-PGDS (HQL-79)
ST000594,AN000910,75,16,Reversed phase NEGATIVE ION MODE,PGD2 and other lipid mediator changes in mouse adipose associated with administration of an oral inhibitor of H-PGDS (HQL-79) (part II)
ST000597,AN000915,24,16,Reversed phase POSITIVE ION MODE,Dysfunctional lipid metabolism underlies the effect of the perinatal DDT exposure on the development of metabolic syndrome
ST000598,AN000916,76,16,Reversed phase NEGATIVE ION MODE,Dysfunctional lipid metabolism underlies the effect of the perinatal DDT exposure on the development of metabolic syndrome (part II)
ST000600,AN000919,23,29,GC POSITIVE ION MODE,NEFA Profile Response to Triphenyl Phosphate Exposure
ST000603,AN000923,47,20,GC POSITIVE ION MODE,"Urinary Volatile Compound, Associated with Chronic Inflammation In Interstitial Cystitis"
ST000605,AN000926,53,40,NMR data,Whole blood reveals more metabolic detail of the human metabolome than serum as measured by 1H-NMR spectroscopy: Implications for sepsis metabolomics
ST000606,AN000927,113,63,GC POSITIVE ION MODE,"Bioprospection of the aromatic potential of species from the Atlantic Rainforest in São Paulo: occurrence, taxonomy and chemical, genetic and physiological characterization of plant populations"
ST000607,AN000928,54,25,NMR data,1D-1H-Nuclear Magnetic Resonance Metabolomics Reveals Age-related Changes in Metabolites Associated with Experimental Venous Thrombosis
ST000608,AN000929,263,60,Reversed phase POSITIVE ION MODE,Comparing identified and statistically significant lipids and polar metabolites in 15-year old serum and dried blood spot samples for longitudinal studies
ST000608,AN000930,73,60,Reversed phase NEGATIVE ION MODE,Comparing identified and statistically significant lipids and polar metabolites in 15-year old serum and dried blood spot samples for longitudinal studies
ST000608,AN000931,86,60,GC POSITIVE ION MODE,Comparing identified and statistically significant lipids and polar metabolites in 15-year old serum and dried blood spot samples for longitudinal studies
ST000611,AN000936,2,259,Reversed phase POSITIVE ION MODE,Relative level of inosine/adenosine and sarcosine
ST000612,AN000937,210,40,Direct infusion,Sphingolipid Analysis of Human Aqueous Humor in Glaucomatous and Control eyes
ST000613,AN000938,205,40,Direct infusion,Human TM Sphingolipid Analysis (part II)
ST000614,AN000939,77,143,HILIC POSITIVE ION MODE/Waters XBridge amide column/Metabolites set 1,Tobacco-specific carcinogens in Bladder Cancer
ST000614,AN000940,31,143,HILIC NEGATIVE ION MODE/Waters XBridge amide column/Metabolites set 2,Tobacco-specific carcinogens in Bladder Cancer
ST000614,AN000941,18,143,HILIC POSITIVE ION MODE/Waters XBridge amide column/Metabolites set 3,Tobacco-specific carcinogens in Bladder Cancer
ST000614,AN000942,9,143,HILIC POSITIVE ION MODE/Waters XBridge amide column/Metabolites set 4,Tobacco-specific carcinogens in Bladder Cancer
ST000614,AN000943,39,143,HILIC POSITIVE ION MODE/Phenomenex Luna NH2 column,Tobacco-specific carcinogens in Bladder Cancer
ST000615,AN000944,1,76,GC POSITIVE ION MODE,GC/MS measurement of sarcosine in urine samples
ST000616,AN000945,696,40,Direct infusion,Human Aqueous Humor Phospholipids in Control and Glaucomatous eyes
ST000617,AN000946,189,38,HILIC NEGATIVE ION MODE,Validation of the application of targeted metabolomic appraoch in the diagnosis of CFS
ST000617,AN000947,194,38,HILIC POSITIVE ION MODE,Validation of the application of targeted metabolomic appraoch in the diagnosis of CFS
ST000620,AN000952,197,20,Direct infusion,Sphingolipid Analysis of hyper and normotensive DBA2J mice aqueous humor and trabecular meshwork
ST000624,AN000956,770,40,Direct infusion,Human trabecular meshowrk phospholipid profiles of control and glaucomatous eyes
ST000628,AN000960,9,40,GC POSITIVE ION MODE,TCA Cycle Metabolites of Dietary Salt Effects on Blood Pressure in Human Urine from 20 Participants of the DASH2 Clinical Trial
ST000629,AN000961,42,40,Reversed phase POSITIVE ION MODE,Amino Acd Metabolites of Dietary Salt Effects on Blood Pressure in Human Urine from 20 Participants of the DASH2 Clinical Trial (part II)
ST000630,AN000962,5,40,Reversed phase POSITIVE ION MODE,Neuromodulator Metabolites of Dietary Salt Effects on Blood Pressure in Human Urine from 20 Participants of the DASH2 Clinical Trial (part III)
ST000631,AN000963,9,36,GC POSITIVE ION MODE,TCA Cycle Metabolites of Dietary Salt Effects on Blood Pressure in Rat Urine (part IV)
ST000632,AN000964,42,36,Reversed phase POSITIVE ION MODE,Amino Acid Metabolites of Dietary Salt Effects on Blood Pressure in Rat Urine (part V)
ST000633,AN000965,5,36,Reversed phase POSITIVE ION MODE,Neuromodulator Metabolites of Dietary Salt Effects on Blood Pressure in Rat Urine (part VI)
ST000634,AN000966,10,166,GC POSITIVE ION MODE,TCA Cycle Metabolites of Dietary Salt Effects on Blood Pressure in Human Urine from DASH2 Clinical Trial (part VII)
ST000635,AN000967,42,166,Reversed phase POSITIVE ION MODE,Amino Acid Metabolites of Dietary Salt Effects on Blood Pressure in Human Urine from DASH2 Clinical Trial (part VIII)
ST000636,AN000968,5,166,Reversed phase POSITIVE ION MODE,Neuromodulator Metabolites of Dietary Salt Effects on Blood Pressure in Human Urine from DASH2 Clinical Trial (part IX)
ST000637,AN000969,10,24,GC POSITIVE ION MODE,TCA Cycle Metabolites of Dietary Salt Effects on Blood Pressure in Rat Urine and Kidney Tissue (part X)
ST000638,AN000970,42,24,Reversed phase POSITIVE ION MODE,Amino Acid Metabolites of Dietary Salt Effects on Blood Pressure in Rat Urine and Kidney Tissue (part XI)
ST000639,AN000971,5,8,Reversed phase POSITIVE ION MODE,Neuromodulator Metabolites of Dietary Salt Effects on Blood Pressure in Rat Urine and Kidney Tissue (part XII)
ST000640,AN000972,12,153,Reversed phase NEGATIVE ION MODE,Targeted NEFA in American Indian Adolescents (part I)
ST000641,AN000973,42,153,Reversed phase POSITIVE ION MODE,Targeted Amino Acids in American Indian Adolescents (part II)
ST000642,AN000974,77,18,Reversed phase POSITIVE ION MODE,"Trace 13C-glucose, 13C-glutamine, and 13C-serine in genetically engineered pancreatic cell lines through free fatty acids (part I)"
ST000643,AN000975,146,54,Reversed phase NEGATIVE ION MODE,"Trace 13C-glucose, 13C-glutamine, and 13C-serine in genetically engineered pancreatic cell lines through non-esterified fatty acids (part II)"
ST000644,AN000976,373,54,Reversed phase POSITIVE ION MODE,"Trace 13C-glucose, 13C-glutamine, and 13C-serine in genetically engineered pancreatic cell lines through ceramides (part III)"
ST000645,AN000977,42,30,Reversed phase POSITIVE ION MODE,Effects of Exercise on Dystrophic Mouse Muscle Amino Acids (part II)
ST000646,AN000978,10,30,GC POSITIVE ION MODE,Effects of Exercise on Dystrophic Mouse Muscle TCA Cycle (part II)
ST000647,AN000979,12,30,Reversed phase NEGATIVE ION MODE,Effects of Exercise on Dystrophic Mouse Muscle Non-Esterified Fatty Acids (part III)
ST000648,AN000980,42,30,Reversed phase POSITIVE ION MODE,Effects of NO Donor Therapy on the Dystrophic Mouse Muscle Amino Acids (part IV)
ST000649,AN000981,12,30,Reversed phase NEGATIVE ION MODE,Effects of NO Donor Therapy on the Dystrophic Mouse Muscle Non-Esterified Fatty Acids (part V)
ST000650,AN000982,10,30,GC POSITIVE ION MODE,Effects of NO Donor Therapy on the Dystrophic Mouse Muscle TCA Cycle (part VI)
ST000659,AN001005,14,158,Reversed phase POSITIVE ION MODE,Changes in metabolites and lipid mediators associated with supervised exercise training for peripheral
ST000659,AN001006,48,158,Reversed phase NEGATIVE ION MODE,Changes in metabolites and lipid mediators associated with supervised exercise training for peripheral
ST000661,AN001008,749,93,C18 NEGATIVE ION MODE,CHOICE clinical weight loss study
ST000661,AN001009,1288,93,C18 POSITIVE ION MODE,CHOICE clinical weight loss study
ST000662,AN001010,249,8,C18 NEGATIVE ION MODE,Lipidomics of hormone-sensitive lipase variants
ST000662,AN001011,564,8,C18 POSITIVE ION MODE,Lipidomics of hormone-sensitive lipase variants
ST000663,AN001012,173,40,C18 NEGATIVE ION MODE,Metabolic Syndrome Plasma Lipidomics
ST000663,AN001013,402,40,C18 POSITIVE ION MODE,Metabolic Syndrome Plasma Lipidomics
ST000664,AN001014,196,165,C18 NEGATIVE ION MODE,Nutritional Psychiatric Illness Studies
ST000664,AN001015,581,165,C18 POSITIVE ION MODE,Nutritional Psychiatric Illness Studies
ST000665,AN001016,380,22,C18 NEGATIVE ION MODE,Nonalcoholic fatty liver disease (NAFLD) Studies
ST000665,AN001017,585,22,C18 POSITIVE ION MODE,Nonalcoholic fatty liver disease (NAFLD) Studies
ST000666,AN001018,333,40,C18 NEGATIVE ION MODE,Rat Rotator Cuff Lipidomics
ST000666,AN001019,568,40,C18 POSITIVE ION MODE,Rat Rotator Cuff Lipidomics
ST000667,AN001020,325,28,C18 NEGATIVE ION MODE,Diabetic Microvascular Plasma/Tissue Lipidomics- Comparison
ST000667,AN001021,479,28,C18 POSITIVE ION MODE,Diabetic Microvascular Plasma/Tissue Lipidomics- Comparison
ST000668,AN001022,122,44,C18 NEGATIVE ION MODE,Diet manipulation on the lipidome
ST000668,AN001023,383,44,C18 POSITIVE ION MODE,Diet manipulation on the lipidome
ST000669,AN001024,149,5,C18 NEGATIVE ION MODE,Characterization of Retinal Exudates in Coats Disease - lipid profile
ST000669,AN001025,337,5,C18 POSITIVE ION MODE,Characterization of Retinal Exudates in Coats Disease - lipid profile
ST000670,AN001026,156,63,C18 NEGATIVE ION MODE,Exposure to high fat diets and bisphenol
ST000670,AN001027,384,63,C18 POSITIVE ION MODE,Exposure to high fat diets and bisphenol
ST000671,AN001028,170,12,C18 NEGATIVE ION MODE,LCR/HCR rat mitochondrial study
ST000671,AN001029,162,12,C18 POSITIVE ION MODE,LCR/HCR rat mitochondrial study
ST000672,AN001030,435,60,C18 NEGATIVE ION MODE,Diabetic Microvascular Plasma/Tissue Lipidomics- Comparison (part II)
ST000672,AN001031,657,60,C18 POSITIVE ION MODE,Diabetic Microvascular Plasma/Tissue Lipidomics- Comparison (part II)
ST000673,AN001032,133,33,C18 NEGATIVE ION MODE,Lipidomics in (SIDS) Sudden Infant Death Syndrome
ST000673,AN001033,285,33,C18 POSITIVE ION MODE,Lipidomics in (SIDS) Sudden Infant Death Syndrome
ST000674,AN001034,244,2,C18 NEGATIVE ION MODE,Bmal1-ethanol based diet and liver injury
ST000674,AN001035,374,2,C18 POSITIVE ION MODE,Bmal1-ethanol based diet and liver injury
ST000675,AN001036,118,16,C18 NEGATIVE ION MODE,Effects of rosiglitazone treatment on lipid composition
ST000675,AN001037,207,16,C18 POSITIVE ION MODE,Effects of rosiglitazone treatment on lipid composition
ST000676,AN001038,365,236,C18 NEGATIVE ION MODE,Effect of high fat diet and streptozotocin treatment on neuropathy
ST000676,AN001039,496,236,C18 POSITIVE ION MODE,Effect of high fat diet and streptozotocin treatment on neuropathy
ST000677,AN001040,119,21,C18 NEGATIVE ION MODE,Nonalcoholic steatohepatitis (NASH) changes with S.Q. Leptin administrations
ST000677,AN001041,216,21,C18 POSITIVE ION MODE,Nonalcoholic steatohepatitis (NASH) changes with S.Q. Leptin administrations
ST000678,AN001042,192,18,C18 NEGATIVE ION MODE,Functional genomics study on Non Alcoholic fatty liver disease (NAFLD)
ST000678,AN001043,259,18,C18 POSITIVE ION MODE,Functional genomics study on Non Alcoholic fatty liver disease (NAFLD)
ST000679,AN001044,264,24,C18 NEGATIVE ION MODE,Functional genomics study on Non Alcoholic fatty liver disease (NAFLD) - part II
ST000679,AN001045,240,24,C18 POSITIVE ION MODE,Functional genomics study on Non Alcoholic fatty liver disease (NAFLD) - part II
ST000680,AN001046,179,17,C18 NEGATIVE ION MODE,Functional genomics study on Non Alcoholic fatty liver disease (NAFLD) - part III
ST000680,AN001047,241,17,C18 POSITIVE ION MODE,Functional genomics study on Non Alcoholic fatty liver disease (NAFLD) - part III
ST000681,AN001048,125,16,C18 NEGATIVE ION MODE,ARetinal tissue knockout to study efflux of cholesterol (AGCA1/G1 double KO - TY and LysM cre)
ST000681,AN001049,174,16,C18 POSITIVE ION MODE,ARetinal tissue knockout to study efflux of cholesterol (AGCA1/G1 double KO - TY and LysM cre)
ST000682,AN001050,109,12,C18 NEGATIVE ION MODE,Retinal tissue knockout to study efflux of cholesterol (AGCA1/G1 double KO - TY and LysM cre) - part II
ST000682,AN001051,135,12,C18 POSITIVE ION MODE,Retinal tissue knockout to study efflux of cholesterol (AGCA1/G1 double KO - TY and LysM cre) - part II
ST000683,AN001052,207,2,C18 NEGATIVE ION MODE,Untargeted Lipidomics for hepatic lipid profile wild type versus knockout
ST000683,AN001053,292,2,C18 POSITIVE ION MODE,Untargeted Lipidomics for hepatic lipid profile wild type versus knockout
ST000684,AN001054,199,40,C18 NEGATIVE ION MODE,Effect of fatty acids on macrophage (wild type versus knockout) lipid levels
ST000684,AN001055,234,40,C18 POSITIVE ION MODE,Effect of fatty acids on macrophage (wild type versus knockout) lipid levels
ST000685,AN001056,215,17,C18 NEGATIVE ION MODE,Lipidomics analysis for human liver cell lines
ST000685,AN001057,235,17,C18 POSITIVE ION MODE,Lipidomics analysis for human liver cell lines
ST000686,AN001058,152,28,C18 NEGATIVE ION MODE,Lipodomics and Gestational bisphenol A (BPA) exposure
ST000686,AN001059,169,28,C18 POSITIVE ION MODE,Lipodomics and Gestational bisphenol A (BPA) exposure
ST000687,AN001060,17,10,"Amino, Aminopropyl HILIC NEGATIVE ION MODE",Nucleotide Analysis following Adenylate Kinase 4 knockdown
ST000688,AN001061,163,33,C18 NEGATIVE ION MODE,Biomarkers for different types of Multiple Scelerosis (MS) (BMS vs SPMS lipidomics)
ST000688,AN001062,231,33,C18 POSITIVE ION MODE,Biomarkers for different types of Multiple Scelerosis (MS) (BMS vs SPMS lipidomics)
ST000689,AN001063,259,7,Reversed phase NEGATIVE ION MODE,Influence of Noxa knockdown on cell metabolism
ST000689,AN001064,377,7,Reversed phase POSITIVE ION MODE,Influence of Noxa knockdown on cell metabolism
ST000690,AN001065,26,15,Reversed phase NEGATIVE ION MODE,Human oral keratinocytes growth and proliferation based on culture medium volume
ST000690,AN001066,33,15,Reversed phase POSITIVE ION MODE,Human oral keratinocytes growth and proliferation based on culture medium volume
ST000691,AN001067,35,17,Reversed phase NEGATIVE ION MODE,Metabolomics of diabetic nephropathy
ST000691,AN001068,30,17,Reversed phase POSITIVE ION MODE,Metabolomics of diabetic nephropathy
ST000692,AN001069,440,44,Reversed phase NEGATIVE ION MODE,Metabolites produced by strains associated with inflammation
ST000692,AN001070,565,44,Reversed phase POSITIVE ION MODE,Metabolites produced by strains associated with inflammation
ST000693,AN001071,314,21,Reversed phase NEGATIVE ION MODE,Lanthanide-mineral induced alteration of bile acid metabolism in a murine model of steatohepatitis (part II)
ST000693,AN001072,457,21,Reversed phase POSITIVE ION MODE,Lanthanide-mineral induced alteration of bile acid metabolism in a murine model of steatohepatitis (part II)
ST000694,AN001073,393,53,Reversed phase NEGATIVE ION MODE,Differences in bile acids composition between ASCL5 knockout and floxed mice.
ST000694,AN001074,505,53,Reversed phase POSITIVE ION MODE,Differences in bile acids composition between ASCL5 knockout and floxed mice.
ST000695,AN001075,263,101,Reversed phase NEGATIVE ION MODE,Pilot metabolomics study of aromatase inhibitor associated arthralgias
ST000695,AN001076,487,101,Reversed phase POSITIVE ION MODE,Pilot metabolomics study of aromatase inhibitor associated arthralgias
ST000695,AN001077,189,101,C18 NEGATIVE ION MODE,Pilot metabolomics study of aromatase inhibitor associated arthralgias
ST000695,AN001078,474,101,C18 POSITIVE ION MODE,Pilot metabolomics study of aromatase inhibitor associated arthralgias
ST000696,AN001079,299,16,Reversed phase NEGATIVE ION MODE,Brain-Immune system-Gut Interaction in Chronic Mild Stress (CMS +/- Lacto)
ST000696,AN001080,404,16,Reversed phase POSITIVE ION MODE,Brain-Immune system-Gut Interaction in Chronic Mild Stress (CMS +/- Lacto)
ST000697,AN001081,320,16,Reversed phase NEGATIVE ION MODE,Cytokines correlation with metabolomic profiling of psoriatic and normal skin
ST000697,AN001082,249,16,Reversed phase POSITIVE ION MODE,Cytokines correlation with metabolomic profiling of psoriatic and normal skin
ST000698,AN001083,226,31,Reversed phase NEGATIVE ION MODE,Metabolomics analysis of Sirt5 knockdown (KD) melanoma
ST000698,AN001084,247,31,Reversed phase POSITIVE ION MODE,Metabolomics analysis of Sirt5 knockdown (KD) melanoma
ST000699,AN001085,30,14,C18 NEGATIVE ION MODE,Human vitreous amino acid & lipid analysis
ST000699,AN001086,128,14,C18 POSITIVE ION MODE,Human vitreous amino acid & lipid analysis
ST000699,AN001087,22,14,GC POSITIVE ION MODE,Human vitreous amino acid & lipid analysis
ST000701,AN001089,71,13,Reversed phase NEGATIVE ION MODE,Differences in metabolism in mouse embryonic fibroblasts (control vs SCF-beta-TrCP knockout)
ST000701,AN001090,66,13,Reversed phase POSITIVE ION MODE,Differences in metabolism in mouse embryonic fibroblasts (control vs SCF-beta-TrCP knockout)
ST000702,AN001091,84,13,Reversed phase NEGATIVE ION MODE,NIH 3T3 fibroblast cells with Ceftriaxone Treatment
ST000702,AN001092,83,13,Reversed phase POSITIVE ION MODE,NIH 3T3 fibroblast cells with Ceftriaxone Treatment
ST000703,AN001093,8,213,GC POSITIVE ION MODE,Short chain Fatty Acid (SCFA) analysis in HIV patients
ST000704,AN001094,6,14,GC POSITIVE ION MODE,The effect of acetate on intestinal microorganisms
ST000705,AN001095,74,113,Reversed phase POSITIVE ION MODE,Slow Aging Mice Plasma Metabolomics
ST000705,AN001096,61,113,Reversed phase NEGATIVE ION MODE,Slow Aging Mice Plasma Metabolomics
ST000706,AN001097,7,15,GC POSITIVE ION MODE,Effect of DASH Diet on Gut Microbiome (SCFA from stool)
ST000707,AN001098,19,20,GC POSITIVE ION MODE,Amino Acid Analysis of hamster's gut contents
ST000708,AN001099,88,22,Reversed phase POSITIVE ION MODE,Metabolic effects of weight reduction of very low energy diet vs dietary counseling
ST000708,AN001100,50,22,Reversed phase NEGATIVE ION MODE,Metabolic effects of weight reduction of very low energy diet vs dietary counseling
ST000708,AN001101,105,22,C18 NEGATIVE ION MODE,Metabolic effects of weight reduction of very low energy diet vs dietary counseling
ST000708,AN001102,225,22,C18 POSITIVE ION MODE,Metabolic effects of weight reduction of very low energy diet vs dietary counseling
ST000710,AN001109,8,45,GC POSITIVE ION MODE,Influence of excercise and antiobitic on fecal SCFA
ST000711,AN001110,134,24,Reversed phase NEGATIVE ION MODE,Microbial ecology of nontuberculous mycobacteria (NTM) in cystic fibrosis (CF) sputum
ST000711,AN001111,124,24,Reversed phase POSITIVE ION MODE,Microbial ecology of nontuberculous mycobacteria (NTM) in cystic fibrosis (CF) sputum
ST000712,AN001112,23,29,"Amino, Aminopropyl HILIC NEGATIVE ION MODE","Diabetic heart adrenergic signaling and metabolism (STZ & Isoproterenol, High Fat)"
ST000713,AN001113,143,12,Reversed phase NEGATIVE ION MODE,Metabolic profiling of cyst fluid from patients with Intraductal Pancreatic Mucinous Neoplasm
ST000713,AN001114,189,12,Reversed phase POSITIVE ION MODE,Metabolic profiling of cyst fluid from patients with Intraductal Pancreatic Mucinous Neoplasm
ST000714,AN001117,130,8,Reversed phase NEGATIVE ION MODE,"Effect of genetic lesions on glioblastoma (NP, NPA, NPAI, NS)"
ST000714,AN001118,185,8,Reversed phase POSITIVE ION MODE,"Effect of genetic lesions on glioblastoma (NP, NPA, NPAI, NS)"
ST000715,AN001119,8,18,GC POSITIVE ION MODE,SCFA profile in infants dying of SIDS
ST000717,AN001121,3,12,GC POSITIVE ION MODE,Assessing influence of microbiota on enteric nervous system (ENS) with age
ST000718,AN001122,21,200,GC POSITIVE ION MODE,Targeted Metabolomics in Pediatric US Population Exposed to Low-Level Heavy Metals
ST000718,AN001123,19,200,"HILIC NEGATIVE ION MODE/Amino, Aminopropyl ",Targeted Metabolomics in Pediatric US Population Exposed to Low-Level Heavy Metals
ST000718,AN001124,6,200,HILIC NEGATIVE ION MODE/D4 steroids,Targeted Metabolomics in Pediatric US Population Exposed to Low-Level Heavy Metals
ST000720,AN001126,8,21,GC POSITIVE ION MODE,"Metabolomics of lean males given water, antibiotic cocktail (ANMV), or neomycin then exposed to ozone"
ST000721,AN001127,113,256,Reversed phase POSITIVE ION MODE,Metabolomic Profiles of Recovery from Traumatic Brain Injury
ST000721,AN001128,115,256,Reversed phase NEGATIVE ION MODE,Metabolomic Profiles of Recovery from Traumatic Brain Injury
ST000722,AN001129,241,16,Reversed phase POSITIVE ION MODE,Metabolomics of Diapause in Aedes albopictus
ST000722,AN001130,114,16,Reversed phase NEGATIVE ION MODE,Metabolomics of Diapause in Aedes albopictus
ST000722,AN001131,185,16,C18 NEGATIVE ION MODE,Metabolomics of Diapause in Aedes albopictus
ST000722,AN001132,163,16,C18 POSITIVE ION MODE,Metabolomics of Diapause in Aedes albopictus
ST000723,AN001133,8,22,GC POSITIVE ION MODE,Analysis of SCFA in the fecal matter of wt and Orai1kO mice
ST000724,AN001134,240,33,Reversed phase NEGATIVE ION MODE,Red squirrels age related changes
ST000724,AN001135,416,33,Reversed phase POSITIVE ION MODE,Red squirrels age related changes
ST000725,AN001136,139,11,Reversed phase NEGATIVE ION MODE,"Metabolome, body composition, and muscle performance in children"
ST000725,AN001137,207,11,Reversed phase POSITIVE ION MODE,"Metabolome, body composition, and muscle performance in children"
ST000726,AN001138,70,89,Reversed phase NEGATIVE ION MODE,Polycystic Ovarian Syndrome(PCOS) metabolomics
ST000726,AN001139,106,89,Reversed phase POSITIVE ION MODE,Polycystic Ovarian Syndrome(PCOS) metabolomics
ST000727,AN001140,8,27,GC POSITIVE ION MODE,Bariatric surgery and breast cancer
ST000728,AN001141,4,36,GC POSITIVE ION MODE,Effects of bariatric and antibiotic treatment surgery on mammary carcinogenesis
ST000729,AN001142,20,24,GC POSITIVE ION MODE,Metabolomics of rats after bariatric or sham surgery
ST000732,AN001146,27,14,Reversed phase POSITIVE ION MODE,Acylcarnitine profile in fast-refed livers
ST000733,AN001147,8,44,GC POSITIVE ION MODE,Microbial changes following fecal microbiota transplantation in patients with recurrent C. difficile infection
ST000734,AN001148,8,18,GC POSITIVE ION MODE,Measuring SCFA in mice gut following colonization by C. difficile
ST000735,AN001149,23,89,Reversed phase NEGATIVE ION MODE,Murine bile acid profiles during CDI R20291 infection
ST000736,AN001150,15,10,"Amino, Aminopropyl HILIC NEGATIVE ION MODE",Metabolic change in macrophages after efferocytosis
ST000737,AN001151,13,10,GC POSITIVE ION MODE,Metabolic change in macrophages after efferocytosis (part II)
ST000740,AN001154,20,10,GC POSITIVE ION MODE,Quantitating the baseline fatty acid composition in phospholipids in subgroups of tumor cells
ST000741,AN001155,289,19,Reversed phase NEGATIVE ION MODE,Metabolite-phenotype link in X-linked Adrenoleukodystrophy (fibroblast cell culture)
ST000741,AN001156,370,19,Reversed phase POSITIVE ION MODE,Metabolite-phenotype link in X-linked Adrenoleukodystrophy (fibroblast cell culture)
ST000742,AN001157,60,40,Reversed phase NEGATIVE ION MODE,Metabolite-phenotype link in X-linked Adrenoleukodystrophy (part II)
ST000742,AN001158,79,40,Reversed phase POSITIVE ION MODE,Metabolite-phenotype link in X-linked Adrenoleukodystrophy (part II)
ST000743,AN001159,151,14,Reversed phase POSITIVE ION MODE,Metabolomics of bariatric weight loss
ST000743,AN001160,87,14,Reversed phase NEGATIVE ION MODE,Metabolomics of bariatric weight loss
ST000743,AN001161,147,14,C18 NEGATIVE ION MODE,Metabolomics of bariatric weight loss
ST000743,AN001162,257,14,C18 POSITIVE ION MODE,Metabolomics of bariatric weight loss
ST000744,AN001163,141,26,Reversed phase POSITIVE ION MODE,Metabolomics of intensive weight management clinic (IWMC) weight loss
ST000744,AN001164,86,26,Reversed phase NEGATIVE ION MODE,Metabolomics of intensive weight management clinic (IWMC) weight loss
ST000744,AN001165,133,26,C18 NEGATIVE ION MODE,Metabolomics of intensive weight management clinic (IWMC) weight loss
ST000744,AN001166,183,26,C18 POSITIVE ION MODE,Metabolomics of intensive weight management clinic (IWMC) weight loss
ST000745,AN001167,61,47,Reversed phase NEGATIVE ION MODE,Metabolomics of mice inoculated with human microbiota
ST000745,AN001168,42,47,Reversed phase POSITIVE ION MODE,Metabolomics of mice inoculated with human microbiota
ST000746,AN001169,55,65,Reversed phase NEGATIVE ION MODE,Metabolomics of mice inoculated with human stool
ST000746,AN001170,62,65,Reversed phase POSITIVE ION MODE,Metabolomics of mice inoculated with human stool
ST000747,AN001171,8,43,GC POSITIVE ION MODE,Metabolomics of mice inoculated with human stool (part III).
ST000748,AN001172,97,18,Reversed phase NEGATIVE ION MODE,Placental cells (BeWo) phthalate exposure metabolomics
ST000748,AN001173,143,18,Reversed phase POSITIVE ION MODE,Placental cells (BeWo) phthalate exposure metabolomics
ST000749,AN001174,182,4,Reversed phase POSITIVE ION MODE,Rat amniotic fluid metabolomics
ST000749,AN001175,87,4,Reversed phase NEGATIVE ION MODE,Rat amniotic fluid metabolomics
ST000750,AN001176,145,10,Reversed phase NEGATIVE ION MODE,Rat amniotic fluid metabolomics (part II)
ST000750,AN001177,196,10,Reversed phase POSITIVE ION MODE,Rat amniotic fluid metabolomics (part II)
ST000751,AN001178,228,14,Reversed phase NEGATIVE ION MODE,Mouse placentas-DEHP exposure (part II)
ST000751,AN001179,353,14,Reversed phase POSITIVE ION MODE,Mouse placentas-DEHP exposure (part II)
ST000752,AN001180,66,16,"Amino, Aminopropyl HILIC NEGATIVE ION MODE",Effect of cooling on muscle tissue metabolism
ST000753,AN001181,178,12,C18 NEGATIVE ION MODE,Comparison of the metabolome and lipidome of wild type and mdx/mTR mice
ST000753,AN001182,274,12,C18 POSITIVE ION MODE,Comparison of the metabolome and lipidome of wild type and mdx/mTR mice
ST000753,AN001183,49,12,"Amino, Aminopropyl HILIC NEGATIVE ION MODE",Comparison of the metabolome and lipidome of wild type and mdx/mTR mice
ST000756,AN001186,306,10,Reversed phase NEGATIVE ION MODE,Metabolomics of cilia and modulation of renal microcirculation
ST000756,AN001187,262,10,Reversed phase POSITIVE ION MODE,Metabolomics of cilia and modulation of renal microcirculation
ST000757,AN001188,42,10,Reversed phase NEGATIVE ION MODE,Tubuloglomerular feedback and salt-sensitive hypertension
ST000757,AN001189,76,10,Reversed phase POSITIVE ION MODE,Tubuloglomerular feedback and salt-sensitive hypertension
ST000758,AN001190,327,47,Reversed phase NEGATIVE ION MODE,Effects of caloric restriction in HCR/LCR rats
ST000758,AN001191,452,47,Reversed phase POSITIVE ION MODE,Effects of caloric restriction in HCR/LCR rats
ST000758,AN001192,17,47,C18 NEGATIVE ION MODE,Effects of caloric restriction in HCR/LCR rats
ST000758,AN001193,186,47,C18 POSITIVE ION MODE,Effects of caloric restriction in HCR/LCR rats
ST000759,AN001194,97,46,Reversed phase NEGATIVE ION MODE,Age and exercise effect on metabolomics in rats
ST000759,AN001195,116,46,Reversed phase POSITIVE ION MODE,Age and exercise effect on metabolomics in rats
ST000759,AN001196,110,46,C18 NEGATIVE ION MODE,Age and exercise effect on metabolomics in rats
ST000759,AN001197,288,46,C18 POSITIVE ION MODE,Age and exercise effect on metabolomics in rats
ST000760,AN001198,11,6,GC POSITIVE ION MODE,MCFA and SCFA in fecal pellets from mice on different diets
ST000761,AN001199,11,9,GC POSITIVE ION MODE,Concentration of MCFA and SCFA in fecal pellets from mice on different diets (part II)
ST000762,AN001200,8,51,HILIC NEGATIVE ION MODE,Plasma Nucleotide/adenosine concentrations in patiens with scleroderma depending on exercise
ST000763,AN001201,138,218,Reversed phase NEGATIVE ION MODE,Untargeted metabolomics and lipidomics of scleroderma PAH discovery cohort
ST000763,AN001202,133,218,Reversed phase POSITIVE ION MODE,Untargeted metabolomics and lipidomics of scleroderma PAH discovery cohort
ST000763,AN001203,126,218,C18 NEGATIVE ION MODE,Untargeted metabolomics and lipidomics of scleroderma PAH discovery cohort
ST000763,AN001204,276,218,C18 POSITIVE ION MODE,Untargeted metabolomics and lipidomics of scleroderma PAH discovery cohort
ST000767,AN001213,20,4,"Amino, Aminopropyl HILIC NEGATIVE ION MODE",Metabolite analysis of regional neural stem/progenitor cells
ST000768,AN001214,132,4,Reversed phase NEGATIVE ION MODE,Metabolites of human neurons and stem cells (siNeuron metabolomics)
ST000768,AN001215,197,4,Reversed phase POSITIVE ION MODE,Metabolites of human neurons and stem cells (siNeuron metabolomics)
ST000769,AN001216,24,2,GC POSITIVE ION MODE,Metabolomics of Lin-Sca1+Kit+ (LSK) cells in NM mice
ST000770,AN001217,30,100,Reversed phase POSITIVE ION MODE,Intranasal oxytocin in lean and obese men
ST000771,AN001218,29,12,Reversed phase POSITIVE ION MODE,Looking for changes in lipid levels with knock out of ACADM (shACADM)
ST000774,AN001221,11,36,Reversed phase POSITIVE ION MODE,Metabolic effects of novel aldehyde dehydrogenase inhibitors (ALDH) inhibitors
ST000775,AN001222,233,33,Reversed phase NEGATIVE ION MODE,Michigan Biomarkers for Refractory Depression (Bluebird) metabolomics pilot study
ST000775,AN001223,295,33,Reversed phase POSITIVE ION MODE,Michigan Biomarkers for Refractory Depression (Bluebird) metabolomics pilot study
ST000775,AN001224,196,33,C18 NEGATIVE ION MODE,Michigan Biomarkers for Refractory Depression (Bluebird) metabolomics pilot study
ST000775,AN001225,581,33,C18 POSITIVE ION MODE,Michigan Biomarkers for Refractory Depression (Bluebird) metabolomics pilot study
ST000776,AN001226,251,12,C18 NEGATIVE ION MODE,Fish Oil distal colon from rats
ST000776,AN001227,298,12,C18 POSITIVE ION MODE,Fish Oil distal colon from rats
ST000777,AN001228,76,10,C18 NEGATIVE ION MODE,Metabolic Adaptations to Chronic and Acute Exercise in Overweight Adults (ATX-Study) preliminary data
ST000777,AN001229,201,10,C18 POSITIVE ION MODE,Metabolic Adaptations to Chronic and Acute Exercise in Overweight Adults (ATX-Study) preliminary data
ST000778,AN001230,250,16,C18 NEGATIVE ION MODE,Rat Colon Study effect of Effect of fish oil on azoxymethane (AOM)
ST000778,AN001231,273,16,C18 POSITIVE ION MODE,Rat Colon Study effect of Effect of fish oil on azoxymethane (AOM)
ST000779,AN001232,167,9,C18 NEGATIVE ION MODE,Lipidomics pilot project for mice exposure to bisphenol A and high fat diets
ST000779,AN001233,403,9,C18 POSITIVE ION MODE,Lipidomics pilot project for mice exposure to bisphenol A and high fat diets
ST000780,AN001234,389,48,C18 NEGATIVE ION MODE,High fat diet and sciatic nerves functions
ST000780,AN001235,579,48,C18 POSITIVE ION MODE,High fat diet and sciatic nerves functions
ST000781,AN001236,211,59,C18 NEGATIVE ION MODE,Rabbit Plasma Lipidomics with high fat diet and treatment
ST000781,AN001237,558,59,C18 POSITIVE ION MODE,Rabbit Plasma Lipidomics with high fat diet and treatment
ST000783,AN001239,186,94,Direct infusion POSITIVE ION MODE,Absolute Quantification of 180 metabolites in serum from african american and european american in prostate cancer and case control samples
ST000784,AN001240,110,92,HILIC POSITIVE ION MODE/Waters XBridge amide column,metabolome in a group of AA and EA matched pairs of prostate cancer (PCa) and benign adjacent tissues
ST000784,AN001241,41,92,HILIC NEGATIVE ION MODE/Waters XBridge amide  column,metabolome in a group of AA and EA matched pairs of prostate cancer (PCa) and benign adjacent tissues
ST000784,AN001242,23,92,HILIC POSITIVE ION MODE/Phenomenex Luna NH2 column,metabolome in a group of AA and EA matched pairs of prostate cancer (PCa) and benign adjacent tissues
ST000784,AN001243,14,92,HILIC NEGATIVE ION MODE/Phenomenex Luna NH2 column,metabolome in a group of AA and EA matched pairs of prostate cancer (PCa) and benign adjacent tissues
ST000785,AN001244,38,83,NMR data,Pharmacometabolomics of L-Carnitine Treatment Response Phenotypes in Patients with Septic Shock
ST000790,AN001258,12,50,Reversed phase POSITIVE ION MODE,Identifying metabolic adaptations characteristic of multiple myeloma cells via targeted sphingolipids concentrations from bone marrow and peripheral plasma
ST000791,AN001259,42,50,Reversed phase POSITIVE ION MODE,Identifying metabolic adaptations characteristic of multiple myeloma cells via amino acids concentrations from bone marrow plasma
ST000793,AN001264,12,20,HILIC NEGATIVE ION MODE,Targeted FFA Composition of Myelin to Enhance Recovery of Function after SCI
ST000794,AN001265,12,20,HILIC NEGATIVE ION MODE,Targeted NEFA Panel of Myelin to Enhance Recovery of Function after SCI
ST000795,AN001266,2,20,GC POSITIVE ION MODE,Targeted Cholesterol Profiling of Myelin to Enhance Recovery of Function after SCI
ST000796,AN001267,15,20,Reversed phase POSITIVE ION MODE,Targeted Sphingolipids Panel of Myelin to Enhance Recovery of Function after SCI
ST000797,AN001268,4,20,HILIC POSITIVE ION MODE,Targeted Galactosyl Sphingolipids Concentrations of Myelin to Enhance Recovery of Function after SCI
ST000798,AN001269,5,20,Reversed phase POSITIVE ION MODE,Targeted Sphinomyelin Panel of Myelin to Enhance Recovery of Function after SCI
ST000799,AN001270,12,19,GC POSITIVE ION MODE,Targeted TCA Panel of Myelin to Enhance Recovery of Function after SCI
ST000802,AN001274,86,100,Reversed phase NEGATIVE ION MODE,Insights into myalgic encephalomyelitis/chronic fatigue syndrome (ME/CFS) phenotypes through comprehensive metabolomics (part III))
ST000658,AN001287,129,32,GC POSITIVE ION MODE,Omega-6 and omega-3 oxylipins are implicated in soybean oil-induced obesity in mice (part IV)
ST000814,AN001288,45,28,C18 NEGATIVE ION MODE,Hormones & Cognition/Aging/Placebo
ST000814,AN001289,59,28,C18 POSITIVE ION MODE,Hormones & Cognition/Aging/Placebo
ST000815,AN001290,109,32,GC POSITIVE ION MODE,db/db WT ozone and air exposed mice
ST000815,AN001291,108,32,LCMS POSITIVE ION MODE,db/db WT ozone and air exposed mice
ST000815,AN001292,104,32,LCMS NEGATIVE ION MODE,db/db WT ozone and air exposed mice
ST000818,AN001296,95,450,C18 NEGATIVE ION MODE/QTOF,Integrated nutrigenomic and metabolomic analysis of Africans with variable diet
ST000818,AN001297,147,450,C18 POSITIVE ION MODE/QTOF,Integrated nutrigenomic and metabolomic analysis of Africans with variable diet
ST000818,AN001298,130,450,C18 NEGATIVE ION MODE/Triple TOF,Integrated nutrigenomic and metabolomic analysis of Africans with variable diet
ST000818,AN001299,260,450,C18 POSITIVE ION MODE/Triple TOF,Integrated nutrigenomic and metabolomic analysis of Africans with variable diet
ST000819,AN001300,165,12,C18 NEGATIVE ION MODE,Looking for changes in lipid levels with knock out of ACADM (shACADM) (part II)
ST000819,AN001301,255,12,C18 POSITIVE ION MODE,Looking for changes in lipid levels with knock out of ACADM (shACADM) (part II)
ST000819,AN001302,29,12,Reversed phase POSITIVE ION MODE,Looking for changes in lipid levels with knock out of ACADM (shACADM) (part II)
ST000820,AN001303,2,8,C18 NEGATIVE ION MODE,2 hydroxyglutarate prodution in neurospheres from IDH1 mouse glioma model #2
ST000821,AN001304,2,18,C18 NEGATIVE ION MODE,Metabolomic profiling of IDH1 mutation
ST000822,AN001305,2,9,C18 NEGATIVE ION MODE,Metabolomic profiling of IDH1 mutation (part II)
ST000823,AN001306,138,10,6530 Q-TOF/C18 NEGATIVE ION MODE,Metabolic profiling of cyst fluid from patients with Intraductal Pancreatic Mucinous Neoplasm (part II)
ST000823,AN001307,280,10,6530 Q-TOF/C18 POSITIVE ION MODE,Metabolic profiling of cyst fluid from patients with Intraductal Pancreatic Mucinous Neoplasm (part II)
ST000823,AN001308,181,10,TripleTOF 5600+/C18 NEGATIVE ION MODE,Metabolic profiling of cyst fluid from patients with Intraductal Pancreatic Mucinous Neoplasm (part II)
ST000823,AN001309,291,10,TripleTOF 5600+/C18 POSITIVE ION MODE,Metabolic profiling of cyst fluid from patients with Intraductal Pancreatic Mucinous Neoplasm (part II)
ST000824,AN001310,20,24,"Amino, Aminopropyl HILIC NEGATIVE ION MODE",2HG concentration in human IDH1m cells
ST000825,AN001311,75,281,Reversed phase POSITIVE ION MODE,CHEAR Christiani Biocrates
ST000825,AN001312,192,281,Isocratic POSITIVE ION MODE,CHEAR Christiani Biocrates
ST000825,AN001313,1,281,Isocratic NEGATIVE ION MODE,CHEAR Christiani Biocrates
ST000827,AN001315,3,30,Phenyl POSITIVE ION MODE/ Ceramides set1,Metabolic analysis of Normal Mouse Lung Fiboblasts with/without TGFbeta treatment
ST000827,AN001316,6,30,Phenyl POSITIVE ION MODE/Ceramides set2,Metabolic analysis of Normal Mouse Lung Fiboblasts with/without TGFbeta treatment
ST000829,AN001321,20,30,GC POSITIVE ION MODE/Amino acids set1,12 weeks control & STZ B6 mice retina & plasma amino acid analysis
ST000829,AN001322,19,30,GC POSITIVE ION MODE/Amino acids set2,12 weeks control & STZ B6 mice retina & plasma amino acid analysis
ST000830,AN001323,28,18,C18 POSITIVE ION MODE/Acyl carnitines set1,CD47 WT/KO muscle and serum acyl-carnitine assay
ST000830,AN001324,28,18,C18 POSITIVE ION MODE/Acyl carnitines set2,CD47 WT/KO muscle and serum acyl-carnitine assay
ST000831,AN001325,22,16,C18 NEGATIVE ION MODE,Bile acid analysis of the germ free mouse gut
ST000755,AN001329,18,54,"HILIC NEGATIVE ION MODE/Nucleotides, sugars",Rat Retinal Detachment Metabolomics Timecourse (part II)
ST000755,AN001330,47,54,"HILIC NEGATIVE ION MODE/Amino, Aminopropyl",Rat Retinal Detachment Metabolomics Timecourse (part II)
ST000835,AN001336,29,12,"HILIC NEGATIVE ION MODE/Amino, Aminopropyl",Deubiquitinase inhibitor compound C6 effect on cellular metabolism
ST000835,AN001337,19,12,"HILIC NEGATIVE ION MODE/Nucleotides, Sugars",Deubiquitinase inhibitor compound C6 effect on cellular metabolism
ST000836,AN001338,46,10,"HILIC NEGATIVE ION MODE/Amino, Aminopropyl",Pilot Human Muscle oral glucose tolerance test (OGTT)
ST000836,AN001339,16,10,"HILIC NEGATIVE ION MODE/Nucleotides, Sugars",Pilot Human Muscle oral glucose tolerance test (OGTT)
ST000837,AN001340,20,5,"HILIC NEGATIVE ION MODE/Nucleotides, Sugars",Hepatocyte Differentiation Metabolism
ST000837,AN001341,24,5,"HILIC NEGATIVE ION MODE/Amino, Aminopropyl",Hepatocyte Differentiation Metabolism
ST000838,AN001342,26,12,C18 POSITIVE ION MODE/Acyl carnitines,Obesity and marrow and marrow adipose tissue (MAT) metabolomics
ST000838,AN001343,18,12,"HILIC NEGATIVE ION MODE/Nucleotides, Sugars",Obesity and marrow and marrow adipose tissue (MAT) metabolomics
ST000838,AN001344,41,12,"HILIC NEGATIVE ION MODE/Amino, Aminopropyl",Obesity and marrow and marrow adipose tissue (MAT) metabolomics
ST000839,AN001345,18,16,"HILIC NEGATIVE ION MODE/Nucleotides, Sugars",Effect of cooling on muscle tissue metabolism (part II)
ST000839,AN001346,47,16,"HILIC NEGATIVE ION MODE/Amino, Aminopropyl",Effect of cooling on muscle tissue metabolism (part II)
ST000841,AN001349,81,28,C18 NEGATIVE ION MODE/QTOF,Metabolomics of muscle in insulin sensitive and resistant obese indivduals.
ST000841,AN001350,77,28,C18 POSITIVE ION MODE/QTOF,Metabolomics of muscle in insulin sensitive and resistant obese indivduals.
ST000841,AN001351,156,28,C18 NEGATIVE ION MODE/Triple TOF,Metabolomics of muscle in insulin sensitive and resistant obese indivduals.
ST000841,AN001352,231,28,C18 POSITIVE ION MODE/Triple TOF,Metabolomics of muscle in insulin sensitive and resistant obese indivduals.
ST000841,AN001353,27,28,C18 POSITIVE ION MODE/Triple quadrupole,Metabolomics of muscle in insulin sensitive and resistant obese indivduals.
ST000841,AN001354,7,28,"HILIC NEGATIVE ION MODE/Amino, Aminopropyl",Metabolomics of muscle in insulin sensitive and resistant obese indivduals.
ST000841,AN001355,23,28,"HILIC NEGATIVE ION MODE/Nucleotides, Sugars",Metabolomics of muscle in insulin sensitive and resistant obese indivduals.
ST000842,AN001356,100,62,C18 NEGATIVE ION MODE/QTOF,Muscle and plasma before and after exercise
ST000842,AN001357,116,62,C18 POSITIVE ION MODE/QTOF,Muscle and plasma before and after exercise
ST000842,AN001358,303,62,C18 NEGATIVE ION MODE/Triple TOF,Muscle and plasma before and after exercise
ST000842,AN001359,503,62,C18 POSITIVE ION MODE/Triple TOF,Muscle and plasma before and after exercise
ST000842,AN001360,27,62,C18 POSITIVE ION MODE/Triple quadrupole,Muscle and plasma before and after exercise
ST000842,AN001361,28,62,C18 POSITIVE ION MODE/Triple quadrupole,Muscle and plasma before and after exercise
ST000842,AN001362,8,62,"HILIC NEGATIVE ION MODE/Amino, Aminopropyl",Muscle and plasma before and after exercise
ST000842,AN001363,23,62,"HILIC NEGATIVE ION MODE/Nucleotides, Sugars",Muscle and plasma before and after exercise
ST000843,AN001364,66,67,Reversed phase NEGATIVE ION MODE,Statin Immuno-Metabolomics in Asthma (part I)
ST000843,AN001365,27,67,Reversed phase POSITIVE ION MODE,Statin Immuno-Metabolomics in Asthma (part I)
ST000844,AN001366,65,36,Reversed phase NEGATIVE ION MODE,Statin Immuno-Metabolomics in Asthma (part II)
ST000844,AN001367,20,36,Reversed phase POSITIVE ION MODE,Statin Immuno-Metabolomics in Asthma (part II)
ST000845,AN001368,14,36,Reversed phase NEGATIVE ION MODE,Statin Immuno-Metabolomics in Asthma (part III)
ST000846,AN001369,71,18,Reversed phase NEGATIVE ION MODE,Statin Immuno-Metabolomics in Asthma (part IV)
ST000846,AN001370,25,18,Reversed phase POSITIVE ION MODE,Statin Immuno-Metabolomics in Asthma (part IV)
ST000847,AN001371,30,18,Reversed phase NEGATIVE ION MODE,Statin Immuno-Metabolomics in Asthma (part V)
ST000848,AN001372,12,30,Reversed phase NEGATIVE ION MODE,Targeting Myelin NEFA of Kallikrein 6 Signals through PAR1 and PAR2 to Enchance Recovery of Function after SCI
ST000849,AN001373,12,30,Reversed phase NEGATIVE ION MODE,Targeting Myelin FFA Compostion of Kallikrein 6 Signals through PAR1 and PAR2 to Enchance Recovery of Function after SCI
ST000850,AN001374,3,30,GC POSITIVE ION MODE,Targeting Myelin Cholesterol of Kallikrein 6 Signals through PAR1 and PAR2 to Enchance Recovery of Function after SCI
ST000851,AN001375,15,30,Reversed phase POSITIVE ION MODE,Targeting Myelin Sphingolipids of Kallikrein 6 Signals through PAR1 and PAR2 to Enchance Recovery of Function after SCI
ST000852,AN001376,4,30,HILIC POSITIVE ION MODE,Targeting Myelin Galactosyl Sphingolipids of Kallikrein 6 Signals through PAR1 and PAR2 to Enchance Recovery of Function after SCI
ST000853,AN001377,5,30,Reversed phase POSITIVE ION MODE,Targeting Myelin Sphinomyelin concentrations of Kallikrein 6 Signals through PAR1 and PAR2 to Enchance Recovery of Function after SCI
ST000854,AN001378,12,20,HILIC NEGATIVE ION MODE,Targeted FFA Composition in Kallikrein 6 Mice after SCI
ST000856,AN001381,12,20,Reversed phase NEGATIVE ION MODE,Targeted NEFA in Kallikrein 6 Mice after SCI
ST000857,AN001382,2,20,GC POSITIVE ION MODE,Targeted Cholesterol Profiling of Myelin to Enhance Recovery of Function after SCI. Second Set of Samples
ST000858,AN001383,15,20,Reversed phase POSITIVE ION MODE,Targeted Sphingolipids in Kallikrein 6 Mice after SCI
ST000859,AN001384,4,20,HILIC POSITIVE ION MODE,Targeted Galactosyl Sphingolipid Concentration in Kallikrein 6 Mice after SCI
ST000860,AN001385,5,20,Reversed phase POSITIVE ION MODE,Targeted Sphingomyelin Concentrations in Kallikrein 6 Mice after SCI
ST000861,AN001386,12,30,Reversed phase NEGATIVE ION MODE,Targeting Myelin NEFA in PAR1 and PAR2 Mice after SCI
ST000862,AN001387,12,30,HILIC NEGATIVE ION MODE,Targeting Myelin FFA Compostion in PAR1 and PAR2 Mice after SCI
ST000863,AN001388,2,30,GC POSITIVE ION MODE,Targeting Myelin Cholesterol in PAR1 and PAR2 Mice after SCI
ST000864,AN001389,15,30,Reversed phase POSITIVE ION MODE,Targeting Myelin Ceramides in PAR1 and PAR2 Mice after SCI
ST000865,AN001390,56,140,GC POSITIVE ION MODE,Identification of Race-Associated Metabolite Biomarkers for Hepatocellular Carcinoma
ST000867,AN001395,93,196,GC/MS,Metabolic Profiling of Date Palm Fruits (part II)
ST000867,AN001396,233,196,UPLC/MS/MS POSITIVE ION MODE,Metabolic Profiling of Date Palm Fruits (part II)
ST000867,AN001397,101,196,UPLC/MS/MS NEGATIVE ION MODE,Metabolic Profiling of Date Palm Fruits (part II)
ST000872,AN001404,51,66,Reversed phase NEGATIVE ION MODE,"Maternal Hypoxemia and oxidative stress in the fetus, newborn, and adult. exercise training for peripheral artery disease"
ST000872,AN001405,14,66,Reversed phase POSITIVE ION MODE,"Maternal Hypoxemia and oxidative stress in the fetus, newborn, and adult. exercise training for peripheral artery disease"
ST000876,AN001413,111,13,Direct infusion POSITIVE ION MODE,Human serum for a patient with neuropathy being treated with L-serine.
ST000826,AN001414,51,229,NMR data,CHEAR Christiani NMR
ST000855,AN001422,49,390,C18 NEGATIVE ION MODE,Urine metabolic profiles of pregnant women in relation to environmental exposures
ST000855,AN001423,77,390,C18 POSITIVE ION MODE,Urine metabolic profiles of pregnant women in relation to environmental exposures
ST000834,AN001424,42,8,HILIC NEGATIVE ION MODE,Purine and TCA measurements in salt sensitive (SS) hypertension
ST000834,AN001425,16,8,GC POSITIVE ION MODE,Purine and TCA measurements in salt sensitive (SS) hypertension
ST000878,AN001428,177,14,GC POSITIVE ION MODE,Fatty Acid Oxidation is Impaired in An Orthologous Mouse Model of Autosomal Dominant Polycystic Kidney Disease
ST000879,AN001429,95,47,HILIC POSITIVE ION MODE,"Diet, genetics and gut microbiome drive dynamic changes in plasma metabolites [plasma]"
ST000879,AN001430,80,47,HILIC NEGATIVE ION MODE,"Diet, genetics and gut microbiome drive dynamic changes in plasma metabolites [plasma]"
ST000879,AN001431,41,47,Reversed phase NEGATIVE ION MODE,"Diet, genetics and gut microbiome drive dynamic changes in plasma metabolites [plasma]"
ST000879,AN001432,157,47,Reversed phase POSITIVE ION MODE,"Diet, genetics and gut microbiome drive dynamic changes in plasma metabolites [plasma]"
ST000880,AN001433,110,47,HILIC POSITIVE ION MODE,"Diet, genetics and gut microbiome drive dynamic changes in plasma metabolites [cecal]"
ST000880,AN001434,71,47,HILIC NEGATIVE ION MODE,"Diet, genetics and gut microbiome drive dynamic changes in plasma metabolites [cecal]"
ST000880,AN001435,39,47,Reversed phase NEGATIVE ION MODE,"Diet, genetics and gut microbiome drive dynamic changes in plasma metabolites [cecal]"
ST000880,AN001436,122,47,Reversed phase POSITIVE ION MODE,"Diet, genetics and gut microbiome drive dynamic changes in plasma metabolites [cecal]"
ST000881,AN001437,4,16,Reversed phase NEGATIVE ION MODE,Targeted metabolomics data of leprosy patients with type 1 reaction
ST000883,AN001440,147,35,GC POSITIVE ION MODE,Breathprinting Reveals Malaria-Associated Biomarkers and Mosquito Attractants
ST000884,AN001441,198,183,GC POSITIVE ION MODE,Evidence that COG0325 proteins are involved in PLP homeostasis
ST000885,AN001442,115,71,HILIC POSITIVE ION MODE,Gut Microbiota Modulate Brain Insulin Sensitivity and Neurobehavior
ST000886,AN001443,185,48,HILIC POSITIVE ION MODE,Mechanism Behind Stay Green Trait in Bread Wheat (Triticum aestivum L.)
ST000886,AN001444,121,48,HILIC NEGATIVE ION MODE,Mechanism Behind Stay Green Trait in Bread Wheat (Triticum aestivum L.)
ST000417,AN001448,73,81,GC POSITIVE ION MODE,Controlled Human Exposure to Particulate Matter (PM) and Gaseous Co-Pollutants
ST000481,AN001449,98,17,GC POSITIVE ION MODE,Metabolomics of Mice Cohousing and Microbiota Transfer (part II)
ST000889,AN001451,62,9,GC POSITIVE ION MODE,"GC-MS analysis of Quercus ilex organs (leaves, roots and acorns)"
ST000890,AN001452,23,129,Reversed phase POSITIVE ION MODE,Identification of RXR Ligands
ST000891,AN001453,,10,NMR data,NMR comparison of urine samples by 1D NOESY presat and PURGE
ST000892,AN001454,71,21,NMR data,Comparison of T2 filters for quantification of small molecules in plasma by 1D NMR
ST000893,AN001455,152,30,GC POSITIVE ION MODE,"Analysis of the effects of Tyrosine Kinase Inhibitors Sunitinib and Erlotinib on Heart, Metabolism In Vivo"
ST000894,AN001456,172,30,GC POSITIVE ION MODE,Analysis of the effects of Tyrosine Kinase Inhibitors Sunitinib and Erlotinib on Liver Metabolism In Vivo
ST000895,AN001457,206,50,GC POSITIVE ION MODE,Analysis of the effects of Tyrosine Kinase Inhibitors Sunitinib and Erlotinib on Serum Metabolism In Vivo using Non-Targeted Metabolomics Analysis
ST000896,AN001458,150,30,GC POSITIVE ION MODE,Analysis of the effects of Tyrosine Kinase Inhibitors Sunitinib and Erlotinib on Muscle Metabolism In Vivo
ST000897,AN001459,75,40,GC POSITIVE ION MODE,Untargeted metabolomics analysis of ischemia-reperfusion injured hearts ex vivo from sedentary and exercise trained rats.
ST000899,AN001462,160,60,Reversed phase POSITIVE ION MODE,"Alterations in Lipid, Amino Acid, and Energy Metabolism Distinguish Crohn Disease from Ulcerative Colitis and Control Subjects by Serum Metabolomic Profiling"
ST000899,AN001463,131,60,HILIC POSITIVE ION MODE,"Alterations in Lipid, Amino Acid, and Energy Metabolism Distinguish Crohn Disease from Ulcerative Colitis and Control Subjects by Serum Metabolomic Profiling"
ST000899,AN001464,311,60,Reversed phase NEGATIVE ION MODE,"Alterations in Lipid, Amino Acid, and Energy Metabolism Distinguish Crohn Disease from Ulcerative Colitis and Control Subjects by Serum Metabolomic Profiling"
ST000899,AN001465,69,60,HILIC NEGATIVE ION MODE,"Alterations in Lipid, Amino Acid, and Energy Metabolism Distinguish Crohn Disease from Ulcerative Colitis and Control Subjects by Serum Metabolomic Profiling"
ST000900,AN001466,109,18,GC POSITIVE ION MODE,Evidence that the metabolite repair enzyme NAD(P)HX epimerase has a moonlighting function
ST000901,AN001467,51,16,Reversed phase NEGATIVE ION MODE,Omega-6 and omega-3 oxylipins are implicated in soybean oil-induced obesity in mice - Plasma (part V)
ST000902,AN001468,60,18,Reversed phase NEGATIVE ION MODE,Omega-6 and omega-3 oxylipins are implicated in soybean oil-induced obesity in mice - Liver (part VI)
ST000903,AN001469,117,33,HILIC NEGATIVE ION MODE,Pharmacometabolomic analysis of rat hippocampus and plasma in response to chronic stress and albiflorin treament
ST000903,AN001470,121,33,HILIC POSITIVE ION MODE,Pharmacometabolomic analysis of rat hippocampus and plasma in response to chronic stress and albiflorin treament
ST000904,AN001471,2,59,GC POSITIVE ION MODE,Measurement of 2-hydroxyglutarate for reproducibility project
ST000905,AN001472,20,12,NMR data,Murine vitamin A deficiency results in a hypermetabolic state and alterations in bacterial community structure and metabolism. (Liver)
ST000906,AN001473,12,12,NMR data,Murine vitamin A deficiency results in a hypermetabolic state and alterations in bacterial community structure and metabolism. (Serum)
ST000907,AN001474,5,12,NMR data,Murine vitamin A deficiency results in a hypermetabolic state and alterations in bacterial community structure and metabolism.(Urine)
ST000908,AN001475,3,12,NMR data,Murine vitamin A deficiency results in a hypermetabolic state and alterations in bacterial community structure and metabolism. (Cecal contents)
ST000873,AN001478,70,95,Reversed phase NEGATIVE ION MODE,"Maternal Hypoxemia and oxidative stress in the fetus, newborn, and adult. exercise training for peripheral artery disease (part II)"
ST000873,AN001479,14,95,Reversed phase POSITIVE ION MODE,"Maternal Hypoxemia and oxidative stress in the fetus, newborn, and adult. exercise training for peripheral artery disease (part II)"
ST000910,AN001480,94,91,GC POSITIVE ION MODE,Insights into the pathogenesis of myalgic encephalomyelitis/chronic fatigue syndrome (ME/CFS) through metabolomic profiling of cerebrospinal fluid (part I)
ST000911,AN001481,54,91,Reversed phase POSITIVE ION MODE,Insights into the pathogenesis of myalgic encephalomyelitis/chronic fatigue syndrome (ME/CFS) through metabolomic profiling of cerebrospinal fluid (part II)
ST000912,AN001482,36,91,Reversed phase NEGATIVE ION MODE,Insights into the pathogenesis of myalgic encephalomyelitis/chronic fatigue syndrome (ME/CFS) through metabolomic profiling of cerebrospinal fluid
ST000913,AN001483,116,91,HILIC POSITIVE ION MODE,Insights into the pathogenesis of myalgic encephalomyelitis/chronic fatigue syndrome (ME/CFS) through metabolomic profiling of cerebrospinal fluid (part IV)
ST000914,AN001484,,32,NMR data,Metabolomic adaptation of a deep sea Microbacterium sediminis to prolonged low temperature under high pressure
ST000915,AN001485,97,88,Core G Fatty acids/Eicosanoids,Biomarkers of NAFLD progression: a lipidomics approach to an epidemic. Part 2:Liver
ST000915,AN001486,39,88,Core J Sterols,Biomarkers of NAFLD progression: a lipidomics approach to an epidemic. Part 2:Liver
ST000915,AN001487,10,88,Core K Prenols/Cardiolipins,Biomarkers of NAFLD progression: a lipidomics approach to an epidemic. Part 2:Liver
ST000915,AN001488,189,88,Core E Neutral Lipids,Biomarkers of NAFLD progression: a lipidomics approach to an epidemic. Part 2:Liver
ST000915,AN001489,97,88,Core I Sphingolipids,Biomarkers of NAFLD progression: a lipidomics approach to an epidemic. Part 2:Liver
ST000915,AN001490,110,88,Core H Phospholipids,Biomarkers of NAFLD progression: a lipidomics approach to an epidemic. Part 2:Liver
ST000916,AN001491,77,88,Core G Fatty acids/Eicosanoids,Biomarkers of NAFLD progression: a lipidomics approach to an epidemic. Part 2:Plasma
ST000916,AN001492,38,88,Core J Sterols,Biomarkers of NAFLD progression: a lipidomics approach to an epidemic. Part 2:Plasma
ST000916,AN001493,6,88,Core K Prenols/Cardiolipins,Biomarkers of NAFLD progression: a lipidomics approach to an epidemic. Part 2:Plasma
ST000916,AN001494,186,88,Core E Neutral Lipids,Biomarkers of NAFLD progression: a lipidomics approach to an epidemic. Part 2:Plasma
ST000916,AN001495,97,88,Core I Sphingolipids,Biomarkers of NAFLD progression: a lipidomics approach to an epidemic. Part 2:Plasma
ST000916,AN001496,71,88,Core H Phospholipids,Biomarkers of NAFLD progression: a lipidomics approach to an epidemic. Part 2:Plasma
ST000917,AN001497,47,88,Core G Fatty acids/Eicosanoids,Biomarkers of NAFLD progression: a lipidomics approach to an epidemic. Part 3:Urine
ST000917,AN001499,6,88,Core K Prenols/Cardiolipins,Biomarkers of NAFLD progression: a lipidomics approach to an epidemic. Part 3:Urine
ST000917,AN001500,185,88,Core E Neutral Lipids,Biomarkers of NAFLD progression: a lipidomics approach to an epidemic. Part 3:Urine
ST000917,AN001501,97,88,Core I Sphingolipids,Biomarkers of NAFLD progression: a lipidomics approach to an epidemic. Part 3:Urine
ST000918,AN001503,77,58,GC POSITIVE ION MODE,GC/MS metabolomic plasma analysis
ST000919,AN001506,160,140,Reversed phase POSITIVE ION MODE,Investigating Eicosanoids Implications on the Blood Pressure Response to Thiazide Diuretics
ST000919,AN001507,143,140,Reversed phase NEGATIVE ION MODE,Investigating Eicosanoids Implications on the Blood Pressure Response to Thiazide Diuretics
ST000922,AN001511,242,8,HILIC POSITIVE ION MODE,Crab Urine Study
ST000922,AN001512,43,8,HILIC NEGATIVE ION MODE,Crab Urine Study
ST000923,AN001513,177,546,HILIC POSITIVE ION MODE,Longitudinal Metabolomics of the Human Microbiome in Inflammatory Bowel Disease
ST000923,AN001514,115,546,HILIC NEGATIVE ION MODE,Longitudinal Metabolomics of the Human Microbiome in Inflammatory Bowel Disease
ST000923,AN001515,91,546,C18 NEGATIVE ION MODE,Longitudinal Metabolomics of the Human Microbiome in Inflammatory Bowel Disease
ST000923,AN001516,213,546,C8 POSITIVE ION MODE,Longitudinal Metabolomics of the Human Microbiome in Inflammatory Bowel Disease
ST000924,AN001517,92,24,GC POSITIVE ION MODE,MuRF1-Related Metabolic Alterations in HL-1 Cardiomyocyte Induced by Cyclic Stretch
ST000925,AN001518,118,72,GC POSITIVE ION MODE,MuRF1-Related Metabolomic Changes in Stretched and Unloaded HL-1 Cells
ST000926,AN001519,10,3,NMR data,Probing the metabolic phenotype of breast cancer cells by multiple tracer stable isotope resolved metabolomics (part I)
ST000927,AN001520,7,6,NMR data,Probing the metabolic phenotype of breast cancer cells by multiple tracer stable isotope resolved metabolomics (part II)
ST000928,AN001521,8,8,NMR data,Probing the metabolic phenotype of breast cancer cells by multiple tracer stable isotope resolved metabolomics (part III)
ST000660,AN001522,151,79,GC POSITIVE ION MODE,Omega-6 and omega-3 oxylipins are implicated in soybean oil-induced obesity in mice (part I)
ST000930,AN001524,639,31,Reversed phase,Define alterations in the gut metabolome of mice infected with C. difficile
ST000939,AN001540,28,90,NMR data,Predicting and Defining Steroid Resistance in Pediatric Nephrotic Syndrome using Plasma Metabolomics
ST000944,AN001549,22,208,GC POSITIVE ION MODE,"Amino Acids, Acylcarnitine, & Insulin for P20 Participants"
ST000944,AN001550,27,208,Other POSITIVE ION MODE,"Amino Acids, Acylcarnitine, & Insulin for P20 Participants"
ST000946,AN001552,88,207,Other NEGATIVE ION MODE,Untargeted Metabolomics of T1 Participants
ST000946,AN001553,180,207,Other POSITIVE ION MODE,Untargeted Metabolomics of T1 Participants
ST000947,AN001554,2,264,Reversed phase POSITIVE ION MODE,"Mechanisms for Insulin Resistance in Polycystic Ovary Syndrome: aminoadipic acid, lysine concentrations, and enrichment (part I)"
ST000947,AN001555,3,264,Reversed phase POSITIVE ION MODE/13C and 15N labeled metabolites,"Mechanisms for Insulin Resistance in Polycystic Ovary Syndrome: aminoadipic acid, lysine concentrations, and enrichment (part I)"
ST000948,AN001556,2,330,Reversed phase POSITIVE ION MODE,"Mechanisms for Insulin Resistance in Polycystic Ovary Syndrome: aminoadipic acid, lysine concentrations, and enrichment (part II)"
ST000948,AN001557,3,330,Reversed phase POSITIVE ION MODE/13C and 15N labeled metabolites,"Mechanisms for Insulin Resistance in Polycystic Ovary Syndrome: aminoadipic acid, lysine concentrations, and enrichment (part II)"
ST000949,AN001558,244,12,Targeted GC POSITIVE ION MODE,Human NK vs T cell metabolism using 13C-Glucose tracer (part I)
ST000950,AN001559,256,12,Targeted GC POSITIVE ION MODE,Human NK vs T cell metabolism using 13C-Glucose tracer with/out galactose (part II)
ST000951,AN001560,295,10,Targeted GC POSITIVE ION MODE,Human NK vs T cell metabolism using 13C-Glucose tracer with/out oligomycin (part III)
ST000952,AN001561,295,10,Targeted GC POSITIVE ION MODE,Human NK vs T cell metabolism using 13C-Glucose tracer with/out oligomycin and galactose (part IV)
ST000953,AN001562,189,12,Reversed phase POSITIVE ION MODE,Identification of putative cryoprotectant metabolites in Aphaenogaster picea
ST000953,AN001563,142,12,Reversed phase NEGATIVE ION MODE,Identification of putative cryoprotectant metabolites in Aphaenogaster picea
ST000954,AN001564,193,55,Reversed phase POSITIVE ION MODE,Explore Metabolites and Pathways Associated Increased Airway Hyperresponsiveness in Asthma
ST000954,AN001565,161,55,Reversed phase NEGATIVE ION MODE,Explore Metabolites and Pathways Associated Increased Airway Hyperresponsiveness in Asthma
ST000955,AN001566,92,48,Reversed phase POSITIVE ION MODE,Effects of ODC inhibition on T cell metabolism
ST000955,AN001567,59,48,Reversed phase NEGATIVE ION MODE,Effects of ODC inhibition on T cell metabolism
ST000956,AN001568,139,40,Reversed phase POSITIVE ION MODE,Determine metabolomics signatures important for the ability of Streptococus gallolyticus to promote colon cancer cell proliferation
ST000956,AN001569,100,40,Reversed phase NEGATIVE ION MODE,Determine metabolomics signatures important for the ability of Streptococus gallolyticus to promote colon cancer cell proliferation
ST000957,AN001570,164,12,Reversed phase POSITIVE ION MODE,Global metabolomics of human milk fractions
ST000957,AN001571,110,12,Reversed phase NEGATIVE ION MODE,Global metabolomics of human milk fractions
ST000958,AN001572,12,60,GC POSITIVE ION MODE,"The Influence of Sugar, Artificial Sweeteners, and the Microbiome on Rodent TCA Concentrations (part I)"
ST000959,AN001573,7,60,Reversed phase POSITIVE ION MODE,"The Influence of Sugar, Artificial Sweeteners, and the Microbiome on Rodent Diacylglycerols (part II)"
ST000960,AN001574,12,60,Reversed phase NEGATIVE ION MODE,"The Influence of Sugar, Artificial Sweeteners, and the Microbiome on Rodent Triglyceride Composition (part III)"
ST000961,AN001575,10,60,Reversed phase POSITIVE ION MODE,"The Influence of Sugar, Artificial Sweeteners, and the Microbiome on Rodent Amino Acids (part IV)"
ST000962,AN001576,47,102,GC POSITIVE ION MODE,Metabolomics Involved in Early-Life Single Pulse Antibiotic Exposures - Liver (part I)
ST000963,AN001577,888,47,Reversed phase,Lipidomics of inflammation-induced optic nerve regeneration
ST000964,AN001578,9,20,GC POSITIVE ION MODE,U13C Glucose Tracing of Young and Old Pancreatic Islets
ST000965,AN001579,8,27,GC POSITIVE ION MODE,Timecourse of U13C glucose labeling of pancreatic islets in young mice
ST000966,AN001580,12,24,Reversed phase POSITIVE ION MODE,Metabolite and gene expression profiles suggest a putative mechanism through which high dietary carbohydrates reduce the content of hepatic betaine in Megalobrama amblycephala
ST000967,AN001581,62,85,GC POSITIVE ION MODE,Metabolomics Involved in Early-Life Single Pulse Antibiotic Exposures - Serum (part II)
ST000968,AN001582,138,72,GC POSITIVE ION MODE,Impact of thiamine metabolites and spent medium from Chlorella sorokiniana on metabolism in the green algae Auxenochlorella prototheciodes (part I)
ST000969,AN001583,126,72,GC POSITIVE ION MODE,Impact of thiamine metabolites and spent medium from Chlorella sorokiniana on metabolism in the green algae Auxenochlorella prototheciodes (part II)
ST000972,AN001592,148,18,GCxGC TOF POSITIVE ION MODE,High Resolution GC-MS Metabolomics of Non-Human Primate Serum
ST000972,AN001593,77,18,GC Orbitrap POSITIVE ION MODE/Orbitrap,High Resolution GC-MS Metabolomics of Non-Human Primate Serum
ST000974,AN001595,699,366,GC POSITIVE ION MODE,GC6-74 matabolomic of TB (Part 1: Plasma)
ST000975,AN001596,681,340,GC POSITIVE ION MODE,GC6-74 metabolomics of TB vs healthy (Part 2: Serum)
ST000976,AN001597,535,45,GC POSITIVE ION MODE,GC6-74 matabolomic of TB (Part 3: Plasma_RPMI)
ST000977,AN001598,52,40,Reversed phase NEGATIVE ION MODE/Eicosanoids,Identification of unique metabolite networks between Latino and Caucasian patients with nonalcoholic fatty liver disease (NAFLD)
ST000977,AN001599,14,40,Reversed phase POSOTIVE ION MODE/Endocannabinoids,Identification of unique metabolite networks between Latino and Caucasian patients with nonalcoholic fatty liver disease (NAFLD)
ST000977,AN001600,3,40,Reversed phase NEGATIVE ION MODE,Identification of unique metabolite networks between Latino and Caucasian patients with nonalcoholic fatty liver disease (NAFLD)
ST000977,AN001601,5,40,Reversed phase POSITIVE ION MODE,Identification of unique metabolite networks between Latino and Caucasian patients with nonalcoholic fatty liver disease (NAFLD)
ST000978,AN001602,293,450,GC POSITIVE ION MODE,Metabolomics biomarkers and the risk of overall mortality and ESRD in CKD: results from the Progredir Cohort.
ST000979,AN001603,252,58,GC POSITIVE ION MODE,"Metabolomic profiles in healthy research cats receiving clindamycin with a synbiotic or a placebo: a randomized, controlled trial"
ST000980,AN001606,33,25,GC POSITIVE ION MODE,Metabolomic Analysis of plasma samples from Non-Allergic Subjects and Profilin-Allergic Patients overexposed to Grass Pollen
ST000981,AN001607,252,54,GC POSITIVE ION MODE,"Metabolomic profiles in healthy research cats receiving clindamycin with a synbiotic or a placebo: a randomized, controlled trial (Part II)"
ST000982,AN001608,16,24,Reversed phase POSITIVE ION MODE,"Analysis the concentration of betaine, choline, TMA, TMAO and amino acids in plasma in Megalobrama amblycephala."
ST000983,AN001609,689,154,Reversed phase POSITIVE ION MODE,Validating Quantitative Untargeted Lipidomics Across Nine Liquid Chromatography−High-Resolution Mass Spectrometry Platforms (Part I)
ST000984,AN001610,689,153,Reversed phase POSITIVE ION MODE,Validating Quantitative Untargeted Lipidomics Across Nine Liquid Chromatography−High-Resolution Mass Spectrometry Platforms (part II)
ST000985,AN001611,689,153,Reversed phase POSITIVE ION MODE,Validating Quantitative Untargeted Lipidomics Across Nine Liquid Chromatography−High-Resolution Mass Spectrometry Platforms (part III)
ST000986,AN001612,689,153,Reversed phase POSITIVE ION MODE,Validating Quantitative Untargeted Lipidomics Across Nine Liquid Chromatography−High-Resolution Mass Spectrometry Platforms (part IV)
ST000987,AN001613,689,153,Reversed phase POSITIVE ION MODE,Validating Quantitative Untargeted Lipidomics Across Nine Liquid Chromatography−High-Resolution Mass Spectrometry Platforms (part V)
ST000988,AN001614,689,153,Reversed phase POSITIVE ION MODE,Validating Quantitative Untargeted Lipidomics Across Nine Liquid Chromatography−High-Resolution Mass Spectrometry Platforms (part VI)
ST000989,AN001615,689,162,Reversed phase POSITIVE ION MODE,Validating Quantitative Untargeted Lipidomics Across Nine Liquid Chromatography−High-Resolution Mass Spectrometry Platforms (part VII)
ST000990,AN001616,689,153,Reversed phase POSITIVE ION MODE,Validating Quantitative Untargeted Lipidomics Across Nine Liquid Chromatography−High-Resolution Mass Spectrometry Platforms (part VIII)
ST000991,AN001617,689,153,Reversed phase POSITIVE ION MODE,Validating Quantitative Untargeted Lipidomics Across Nine Liquid Chromatography−High-Resolution Mass Spectrometry Platforms (part IX)
ST000992,AN001618,65,79,C18 HRMS NEGATIVE ION MODE,Metabolomic Markers of Dietary Patterns in the Costa Rica Study
ST000992,AN001619,81,79,C18 HRMS POSITIVE ION MODE,Metabolomic Markers of Dietary Patterns in the Costa Rica Study
ST000992,AN001620,191,79,C18 HRMSMS NEGATIVE ION MODE,Metabolomic Markers of Dietary Patterns in the Costa Rica Study
ST000992,AN001621,326,79,C18 HRMSMS POSITIVE ION MODE,Metabolomic Markers of Dietary Patterns in the Costa Rica Study
ST000995,AN001624,42,33,Reversed phase POSITIVE ION MODE,Amino Acid Concentrations of Primary Sclerosing Cholangitis (part I)
ST000996,AN001625,12,33,Reversed phase NEGATIVE ION MODE,Non-Esterified Fatty Acids of Primary Sclerosing Cholangitis (part II)
ST000997,AN001626,11,33,Reversed phase POSITIVE ION MODE,Acyl Carnitines Concentrations of Primary Sclerosing Cholangitis (part III)
ST000998,AN001627,15,33,HILIC POSITIVE ION MODE,Bile Acid of Primary Sclerosing Cholangitis (part IV)
ST000999,AN001628,63,467,Direct infusion NEGATIVE ION MODE,Natural genetic variation in C. elegans identified genomic loci controlling metabolite levels
ST001005,AN001647,42,30,Reversed phase POSITIVE ION MODE,Amino Acid Concentrations in Muscle Tissue of Muscle Wasting in Cancer Cachexia (part I)
ST001006,AN001648,12,30,GC POSITIVE ION MODE,TCA Concentrations in Muscle Tissue of Muscle Wasting in Cancer Cachexia (part II)
ST001007,AN001649,14,24,NMR data,Multi-Platform Physiologic and Metabolic Phenotyping Reveals Microbial Toxicity
ST001008,AN001650,79,30,Reversed phase NEGATIVE ION MODE,Multi-Platform Physiologic and Metabolic Phenotyping Reveals Microbial Toxicity (part II)
ST001009,AN001651,11,30,Reversed phase POSITIVE ION MODE,Acyl Carnitines Concentrations in Muscle Tissue of Muscle Wasting in Cancer Cachexia (part-IV)
ST001010,AN001652,12,30,Reversed phase NEGATIVE ION MODE,NEFA Panel in Muscle Tissue of Muscle Wasting in Cancer Cachexia (part-V)
ST001011,AN001653,12,30,Reversed phase NEGATIVE ION MODE,NEFA Panel in Serum for Muscle Wasting in Cancer Cachexia (part-VI)
ST001012,AN001654,42,30,Reversed phase POSITIVE ION MODE,Amino Acid Concentrations in Serum for Muscle Wasting in Cancer Cachexia (part-VII)
ST001013,AN001655,12,30,GC POSITIVE ION MODE,TCA Concentrations in Serum for Muscle Wasting in Cancer Cachexia (part-VIII)
ST001014,AN001656,12,30,Reversed phase POSITIVE ION MODE,Sphingolipid Concentrations in Serum for Muscle Wasting in Cancer Cachexia (part-IX)
ST001015,AN001657,11,30,Reversed phase POSITIVE ION MODE,Acyl Carnitines Concentration in Serum for Muscle Wasting in Cancer Cachexia (part-X)
ST001016,AN001658,11,30,Reversed phase POSITIVE ION MODE,Sphingolipid Concentrations in Muscle Tissue of Muscle Wasting in Cancer Cachexia (part-III)
ST001019,AN001667,586,58,Reversed phase POSITIVE ION MODE,Lipidomic profiling of heart and plasma of mice following swim training versus pressure overload
ST001023,AN001680,12,4,GC POSITIVE ION MODE,H3K27M cells and glutamine metabolomics 1 million cell test (part-I)
ST001024,AN001681,12,36,GC POSITIVE ION MODE,"TCA cycle metabolomics of H3K27M cells grown in regular glutamine media, glutamine free media, and glutamine free media with alpha-ketoglutarate (Part-II)"
ST001025,AN001682,71,114,GC POSITIVE ION MODE,"TCA Isotopmer metabolomics of H3K27M Cells grown in regular media, glutamine enriched regular media, and glucose encriched regular media (Part-III)"
ST001026,AN001683,12,36,GC POSITIVE ION MODE,TCA cycle metabolomics of H3K27M Cell Nucleus Fraction and Cell Mitonchonrdial Fraction (Part-IV)
ST001031,AN001691,277,362,GC POSITIVE ION MODE,Metabolome analysis on multi-connected biparental chromosome segment substitution line populations in rice
ST001032,AN001692,12,6,CE POSITIVE ION MODE,Single-cell Profiling of Cationic and Anionic Metabolites in Live Frog (Xenopus) Embryos using Microprobe Capillary Electrophoresis Mass Spectrometry
ST001032,AN001693,12,6,CE NEGATIVE ION MODE,Single-cell Profiling of Cationic and Anionic Metabolites in Live Frog (Xenopus) Embryos using Microprobe Capillary Electrophoresis Mass Spectrometry
ST001033,AN001694,470,36,HILIC,Determination of mode of action of anti-malalrial drugs using untargeted metabolomics
ST001034,AN001695,69,25,GC POSITIVE ION MODE,PAMP-triggered changes in the exometabolome of Arabidopsis suspension cells
ST001035,AN001696,53,108,GC POSITIVE ION MODE,TCA Isotopomers in Neuromyelitis Optica Patients (part - I)
ST001036,AN001697,13,51,GC POSITIVE ION MODE,TCA Concentrations in Neuromyelitis Optica Patients (part - II)
ST001037,AN001698,294,24,GC POSITIVE ION MODE,High Resolution GC-MS and FID Metabolomics of Human Serum
ST001038,AN001699,38,226,NMR data,Global Metabolomics of the Placenta Reveals Distinct Metabolic Profiles between Maternal and Fetal Placental Tissues Following Delivery in Non-Labored Women
ST001040,AN001702,188,34,HILIC POSITIVE ION MODE,"Maternal gut microbiome, pregnancy exposure to environmental contaminants, and child health outcomes: A pilot study exploring potential effect modifications by diet"
ST001040,AN001703,89,34,Reversed phase NEGATIVE ION MODE,"Maternal gut microbiome, pregnancy exposure to environmental contaminants, and child health outcomes: A pilot study exploring potential effect modifications by diet"
ST001041,AN001706,220,47,GC POSITIVE ION MODE,Development of a weaned pig model of enterotoxigenic E.coli-induced environmental enteropathy
ST001044,AN001708,295,8,Targeted GC POSITIVE ION MODE,PGC1-A effect on TCA enzymes
ST001045,AN001709,244,8,Targeted GC POSITIVE ION MODE,FASN effect on HCT116 metabolism probed by 13C6-glucose tracer
ST001046,AN001710,245,8,Targeted GC POSITIVE ION MODE,FASN effect on HCT116 metabolism probed by 13C6-glucose tracer (part II)
ST001047,AN001711,129,140,NMR data,1H-NMR urinary metabolomic profiling for diagnosis of gastric cancer (part II)
ST001039,AN001712,80,405,HILIC POSITIVE ION MODE,Denver Asthma Panel Study-CHEAR Ancillary Study (part II)
ST001039,AN001713,76,405,Reversed phase NEGATIVE ION MODE,Denver Asthma Panel Study-CHEAR Ancillary Study (part II)
ST001004,AN001714,85,168,HILIC POSITIVE ION MODE,Denver Asthma Panel Study-CHEAR Ancillary Study
ST001004,AN001715,58,168,Reversed phase NEGATIVE ION MODE,Denver Asthma Panel Study-CHEAR Ancillary Study
ST001048,AN001716,294,232,HILIC POSITIVE ION MODE,Pediatric Inner-City Environmental Exposures at School and Home and Asthma Study
ST001048,AN001717,85,232,Reversed phase NEGATIVE ION MODE,Pediatric Inner-City Environmental Exposures at School and Home and Asthma Study
ST001051,AN001720,148,18,GC POSITIVE ION MODE,High Salt Diet versus Low Salt Diet in rats
ST001052,AN001721,590,53,Reversed phase,Lipidomics for wildlife disease etiology and biomarker discovery: a case study of pansteatitis outbreak in South Africa (part-I)
ST001053,AN001722,51,24,NMR data,1H-NMR Analysis of Skin and Blubber of Nose Dolphin Metabolome Reveal the Functional Metabolomic Dichotomy of The Organs
ST001055,AN001724,23,50,GC POSITIVE ION MODE,Fatty acid profiling of liver tissue using GC-MS.
ST001057,AN001726,38,40,Reversed phase NEGATIVE ION MODE,Metabolite Extractions from Cyanobacteria
ST001060,AN001730,25,41,NMR data,NMR Metabolomics of Near-Term Fetal and Newborn Sheep Cardiac Tissue (part-I)
ST001061,AN001731,177,14,Normal phase POSITIVE ION MODE,Lipidomics of Near-Term Fetal and Newborn Sheep Cardiac Tissue
ST001061,AN001732,181,14,Normal phase NEGATIVE ION MODE,Lipidomics of Near-Term Fetal and Newborn Sheep Cardiac Tissue
ST001059,AN001733,962,31,Reversed phase,Lipidomics for wildlife disease etiology and biomarker discovery: a case study of pansteatitis outbreak in South Africa (part-II)
ST001058,AN001734,9,12,Reversed phase POSITIVE ION MODE,Total serum global lipid profiling by UPLC-MS.
ST001058,AN001735,8,12,Reversed phase NEGATIVE ION MODE,Total serum global lipid profiling by UPLC-MS.
ST001062,AN001736,264,46,HILIC POSITIVE ION MODE,Arabidopsis Nit1 knockout metabolomics
ST001062,AN001737,180,46,HILIC NEGATIVE ION MODE,Arabidopsis Nit1 knockout metabolomics
ST001062,AN001738,161,46,Reversed phase POSITIVE ION MODE,Arabidopsis Nit1 knockout metabolomics
ST001063,AN001739,457,40,Reversed phase POSITIVE ION MODE,Lipidomics analysis for aged mice organs
ST001063,AN001740,496,40,Reversed phase NEGATIVE ION MODE,Lipidomics analysis for aged mice organs
ST001065,AN001742,415,40,Reversed phase POSITIVE ION MODE,Lipidomics analysis for aged mice brain cortex (part-II)
ST001065,AN001743,534,40,Reversed phase NEGATIVE ION MODE,Lipidomics analysis for aged mice brain cortex (part-II)
ST001066,AN001744,496,40,Reversed phase POSITIVE ION MODE,Lipidomics analysis for aged mice liver (part-III)
ST001066,AN001745,530,40,Reversed phase NEGATIVE ION MODE,Lipidomics analysis for aged mice liver (part-III)
ST001067,AN001746,430,40,Reversed phase POSITIVE ION MODE,Lipidomics analysis for aged mice femoral muscle (part - IV)
ST001067,AN001747,545,40,Reversed phase NEGATIVE ION MODE,Lipidomics analysis for aged mice femoral muscle (part - IV)
ST001069,AN001750,1,229,Reversed phase POSITIVE ION MODE/TOF,Evaluation of Seryl-leucine core 1 O-glycosylated peptide (SLC1G) in TB patient urine
ST001069,AN001751,1,229,Reversed phase POSITIVE ION MODE/QTOF,Evaluation of Seryl-leucine core 1 O-glycosylated peptide (SLC1G) in TB patient urine
ST001070,AN001752,18,7,Reversed phase POSITIVE ION MODE,The global proteomic characterization of exercise-induced sweat - (part II)
ST001071,AN001753,194,32,GC POSITIVE ION MODE,Guinea Grass Untargeted Metabolomic Profiling
ST001072,AN001754,93,29,Reversed phase POSITIVE ION MODE,The in-gel proteomic characterization of exercise-induced sweat - (part III)
ST001073,AN001755,562,54,Reversed phase,Lipid profiling of Wnt3a-induced optic nerve regeneration
ST001074,AN001756,113,47,Normal phase NEGATIVE ION MODE,Open source discovery of starting points for next generation chemoprotective antimalarial drugs (Biofocus 1)
ST001076,AN001758,44,40,Reversed phase POSITIVE ION MODE,Multi-platform metabolomics data from Ndufs4-/- skeletal muscles (part - I)
ST001077,AN001759,45,40,Reversed phase POSITIVE ION MODE,Multi-platform metabolomics data from Ndufs4-/- skeletal muscles (part-II)
ST001078,AN001760,36,38,NMR data,Multi-platform metabolomics data from Ndufs4-/- skeletal muscles (part-V)
ST001079,AN001761,62,196,HILIC POSITIVE ION MODE,Environmental exposures and inflammation in young children with cystic fibrosis
ST001079,AN001762,54,196,Reversed phase NEGATIVE ION MODE,Environmental exposures and inflammation in young children with cystic fibrosis
ST001080,AN001763,18,10,Reversed phase NEGATIVE ION MODE,Dynamic labeling of intracellular metabolites in PCC 7002
ST001084,AN001769,48,40,GC POSITIVE ION MODE,Multi-platform metabolomics data from Ndufs4-/- skeletal muscles (part -III)
ST001085,AN001770,53,40,GC POSITIVE ION MODE,Multi-platform metabolomics data from Ndufs4-/- skeletal muscles (part-IV)
ST001086,AN001771,12,9,GC POSITIVE ION MODE,Targeted GC-MS of SETD2 isogenic cell lines
ST001088,AN001773,160,60,GC POSITIVE ION MODE,Physiological and metabolic response of crab megalopae and juveniles to ocean acidification
ST001089,AN001774,1,32,HILIC POSITIVE ION MODE,Host NLRP6 exacerbates graft-versus-host disease independent of microbial diversity
ST001091,AN001776,42,846,HILIC POSITIVE ION MODE,Aspirin Metabolomics in Colorectal Cancer Chemoprevention (part 1 - Colon)
ST001091,AN001777,71,846,Reversed phase NEGATIVE ION MODE,Aspirin Metabolomics in Colorectal Cancer Chemoprevention (part 1 - Colon)
ST001097,AN001785,38,114,NMR data,Metabolomics of Metabolic Risk in Patients Taking Atypical Antipsychotics
ST001098,AN001786,17,114,GC POSITIVE ION MODE,Metabolomics of Metabolic Risk in Patients Taking Atypical Antipsychotics (part II)
ST001101,AN001790,147,12,GC POSITIVE ION MODE,Identification of potential sepsis biomarkers in burn injury conditions.
ST001102,AN001791,188,60,Reversed phase POSITIVE ION MODE,Physiological and metabolic response of crab megalopae and juveniles to ocean acidification (part-II)
ST001102,AN001792,118,60,Reversed phase NEGATIVE ION MODE,Physiological and metabolic response of crab megalopae and juveniles to ocean acidification (part-II)
ST001104,AN001796,5,9,Reversed phase POSITIVE ION MODE/TOF,Seryl-leucine core 1 O-glycosylated peptide (SLC1G) identification
ST001105,AN001798,267,50,Reversed phase,Retinal ganglion cells lipid profiling
ST001106,AN001799,177,12,Normal phase POSITIVE ION MODE,Lipidomics of Newborn Heart Tissue Exposed to Excess Maternal Cortisol in Late Gestation (part-1)
ST001106,AN001800,181,12,Normal phase NEGATIVE ION MODE,Lipidomics of Newborn Heart Tissue Exposed to Excess Maternal Cortisol in Late Gestation (part-1)
ST001107,AN001801,27,36,NMR data,NMR Metabolomics of Newborn Heart Tissue Exposed to Excess Maternal Cortisol in Late Gestation (part -II)
ST001108,AN001802,38,178,NMR data,NMR Metabolomics of Newborn Heart Tissue Exposed to Excess Maternal Cortisol in Late Gestation - Fetal (part -III)
ST001109,AN001803,29,178,NMR data,NMR Metabolomics of Newborn Heart Tissue Exposed to Excess Maternal Cortisol in Late Gestation - Maternal (part -IV)
ST001110,AN001804,167,98,GC POSITIVE ION MODE,Investigating link between metabolism and circadian rhythm in Drosophila melanogaster
ST001111,AN001805,445,118,Reversed phase POSITIVE ION MODE,Breast Cancer Lipidomics Tissue
ST001111,AN001806,332,118,Reversed phase NEGATIVE ION MODE,Breast Cancer Lipidomics Tissue
ST001112,AN001807,19,40,LC-MS POSITIVE ION MODE,The nutrition value of fish fillet is related to fish maturation or fish age? Integrated analysis of transcriptomics and metabolomics in blunt snout bream (Megalobrama amblycephala)
ST001112,AN001808,17,40,LC-MS NEGATIVE ION MODE,The nutrition value of fish fillet is related to fish maturation or fish age? Integrated analysis of transcriptomics and metabolomics in blunt snout bream (Megalobrama amblycephala)
ST001113,AN001809,188,15,Direct infusion,Exposure to Oral Contraceptives Alters Human Endometrial Stem Cells Culture Media Metabolomics
ST001114,AN001810,230,57,Other POSITIVE ION MODE,Metabolomics profile of umbilical cord blood is associated with maternal pre-pregnant obesity in a perspective multi-ethnic cohort displaying health disparities
ST001115,AN001811,794,60,Reversed phase,Growth cone-enriched lipidome of embryonic to early postnatal mouse brain
ST001117,AN001813,122,15,GC POSITIVE ION MODE,A Metabolomic study of hibernating Syrian hamster brain: in search of neuroprotective agents
ST001118,AN001817,115,110,GC POSITIVE ION MODE,Metabolomics profiles of patients with Wilson disease reveal a distinct metabolic signature
ST000623,AN001820,78,20,GC POSITIVE ION MODE,"Non-targeted Metabolomics Analysis of Golden Retriever Muscular Dystrophy-Affected Muscles Reveals Alterations in Arginine and Proline Metabolism, and Elevations in Glutamic and Oleic Acid In Vivo"
ST000471,AN001822,24,192,HILIC NEGATIVE ION MODE,Effect of a complex matrix on the degradation of nucleotide triphosphates
ST000472,AN001823,24,32,HILIC NEGATIVE ION MODE,Effect of the culture medium on the degradation of nucleotide triphosphates
ST001119,AN001830,69,61,HILIC POSITIVE ION MODE,Quantification of microenvironmental metabolites in murine cancers reveals determinants of tumor nutrient availability
ST001119,AN001831,45,61,HILIC NEGATIVE ION MODE,Quantification of microenvironmental metabolites in murine cancers reveals determinants of tumor nutrient availability
ST000828,AN001834,2,16,Phenyl POSITIVE ION MODE/ Ceramides set1,Metabolic analysis of Parp1 ko/wt Saline & Bleo Mouse Lung Fiboblasts and Human IPF & Normal Lung Fiboblasts 3
ST000828,AN001835,6,16,Phenyl POSITIVE ION MODE/Ceramides set2,Metabolic analysis of Parp1 ko/wt Saline & Bleo Mouse Lung Fiboblasts and Human IPF & Normal Lung Fiboblasts 3
ST000828,AN001836,19,16,HILIC NEGATIVE ION MODE,Metabolic analysis of Parp1 ko/wt Saline & Bleo Mouse Lung Fiboblasts and Human IPF & Normal Lung Fiboblasts 3
ST000828,AN001837,9,16,GC POSITIVE ION MODE,Metabolic analysis of Parp1 ko/wt Saline & Bleo Mouse Lung Fiboblasts and Human IPF & Normal Lung Fiboblasts 3
ST000832,AN001838,17,42,"HILIC NEGATIVE ION MODE/Nucleotides, Organic acids",Rat Retinal Detachment Metabolomics Timecourse
ST000832,AN001839,3,42,GC POSITIVE ION MODE/Oganic acids,Rat Retinal Detachment Metabolomics Timecourse
ST000832,AN001840,61,42,"HILIC NEGATIVE ION MODE/Nucleotides, Amino acids",Rat Retinal Detachment Metabolomics Timecourse
ST000833,AN001841,14,6,"HILIC NEGATIVE ION MODE/Nucleotides, Organic acids",Influence of murine norovirus on cell metabolism
ST000833,AN001842,3,6,GC POSITIVE ION MODE/Organic acids,Influence of murine norovirus on cell metabolism
ST000833,AN001843,49,6,"HILIC NEGATIVE ION MODE/Nucleotides, Amino acids",Influence of murine norovirus on cell metabolism
ST000840,AN001844,20,29,HILIC NEGATIVE ION MODE,"Diabetic heart adrenergic signaling and metabolism (STZ & Isoproterenol, High Fat) - part II"
ST000840,AN001845,3,29,GC POSITIVE ION MODE,"Diabetic heart adrenergic signaling and metabolism (STZ & Isoproterenol, High Fat) - part II"
ST001121,AN001846,193,43,CSH POSITIVE ION MODE,Identification of urine metabolites in patients with interstitial cystitis using untargeted metabolomics (part I)
ST001122,AN001847,555,43,HILIC POSITIVE ION MODE,Identification of urine metabolites in patients with interstitial cystitis using untargeted metabolomics (part II)
ST001124,AN001849,40,80,Reversed phase NEGATIVE ION MODE,Early Mechanistic Events Induced by Secondhand Smoke Prevalent Low Molecular Weight Polycyclic Aromatic Hydrocarbons in Mouse Lung Epithelial Cells
ST001125,AN001850,266,8,Reversed phase POSITIVE ION MODE,WT and ΔSPT cultures of B. thetaiotaomicron and B. ovatus grown BHI liquid media (part I)
ST001126,AN001851,122,6,Reversed phase POSITIVE ION MODE,WT and ΔSPT cultures of B. thetaiotaomicron grown in Minimal Media (part II)
ST001127,AN001852,267,14,Reversed phase POSITIVE ION MODE,Lipid profiling of caecal samples from GF mice colonized with B. thetaiotaomicron WT or the ΔSPT mutants (part III)
ST001128,AN001853,88,9,Reversed phase POSITIVE ION MODE,WT and ΔSPT cultures of B. thetaiotaomicron grown in Minimal Media with or without d4-alanine (part IV)
ST001131,AN001856,134,12,GC POSITIVE ION MODE,Presentation of different serum metabolites in trauma patients versus healthy volunteers.
ST001133,AN001858,163,6,GC UNSPECIFIED ION MODE,Downregulation of CENPF epigenetically remodels prostate cancer cells and alters cellular metabolism
ST001134,AN001859,57,55,GC POSITIVE ION MODE,"GC-TOF-MS, Brassica nigra / MeJA + herbivory"
ST001135,AN001860,48,8,CE UNSPECIFIED ION MODE,Different dose exposure of OPC-163493 on HepG2 cells (part-I)
ST001135,AN001861,56,8,CE UNSPECIFIED ION MODE/Triple quadrupole,Different dose exposure of OPC-163493 on HepG2 cells (part-I)
ST001136,AN001862,52,24,CE UNSPECIFIED ION MODE,Metabolme analysis of OPC-163493 on the Liver of ZDF rats (part-II)
ST001136,AN001863,48,24,CE UNSPECIFIED ION MODE/Triple quadrupole,Metabolme analysis of OPC-163493 on the Liver of ZDF rats (part-II)
ST001049,AN001864,300,6,Targeted GC POSITIVE ION MODE,P4HA1 knockdown in the breast cell line MDA231 (part I)
ST001050,AN001865,308,8,Targeted GC POSITIVE ION MODE,P4HA1 knockdown in the breast cell line MDA231 Gln metabolism (part II)
ST001129,AN001866,175,6,NMR data,P4HA1 knockdown in the breast cell line MDA231 (part III)
ST001138,AN001868,187,8,NMR data,P4HA1 knockdown in the breast cell line MDA231 Gln metabolism (part V)
ST001139,AN001869,22,6,NMR data,P4HA1 knockdown in the breast cell line MDA231 Gln metabolism (part VI)
ST001140,AN001870,157,28,"Phospholipids, Chol. esters and Diacylglycerols",Changes in the Canine Plasma Lipidome after Short- and Long-Term Excess Glucocorticoid Exposure
ST001140,AN001871,66,28,Sphingolipids,Changes in the Canine Plasma Lipidome after Short- and Long-Term Excess Glucocorticoid Exposure
ST001140,AN001872,6,28,Derivatized Spingosine-1-phosphates,Changes in the Canine Plasma Lipidome after Short- and Long-Term Excess Glucocorticoid Exposure
ST001140,AN001873,33,28,Triacylglycerols,Changes in the Canine Plasma Lipidome after Short- and Long-Term Excess Glucocorticoid Exposure
ST001141,AN001874,73,25,GC POSITIVE ION MODE,Evaluation of metabolome sample preparation and extraction methodologies for oleaginous filamentous fungi Mortierella alpina
ST001142,AN001875,77,928,HILIC POSITIVE ION MODE,Cancer Cell Line Encyclopedia Metabolomics
ST001142,AN001876,59,928,HILIC NEGATIVE ION MODE,Cancer Cell Line Encyclopedia Metabolomics
ST001142,AN001877,89,928,Reversed phase POSITIVE ION MODE,Cancer Cell Line Encyclopedia Metabolomics
ST001000,AN001878,106,220,HILIC POSITIVE ION MODE,Gut microbiome structure and metabolic activity in inflammatory bowel disease
ST001000,AN001879,102,220,HILIC NEGATIVE ION MODE,Gut microbiome structure and metabolic activity in inflammatory bowel disease
ST001000,AN001880,56,220,Reversed phase NEGATIVE ION MODE,Gut microbiome structure and metabolic activity in inflammatory bowel disease
ST001000,AN001881,123,220,Reversed phase POSITIVE ION MODE,Gut microbiome structure and metabolic activity in inflammatory bowel disease
ST001143,AN001882,156,32,Reversed phase LC-MS Positive,Microbial depletion and ozone exposure - Lung tissue (part I)
ST001143,AN001883,213,32,Reversed phase LC-MS Negative,Microbial depletion and ozone exposure - Lung tissue (part I)
ST001143,AN001884,100,32,HILIC LC-MS Negative,Microbial depletion and ozone exposure - Lung tissue (part I)
ST001143,AN001885,30,32,GC-MS,Microbial depletion and ozone exposure - Lung tissue (part I)
ST001144,AN001886,191,32,Reversed phase LC-MS Positive,Microbial depletion and ozone exposure - serum (part II)
ST001144,AN001887,249,32,Reversed phase LC-MS Negative,Microbial depletion and ozone exposure - serum (part II)
ST001144,AN001888,93,32,HILIC LC-MS Negative,Microbial depletion and ozone exposure - serum (part II)
ST001144,AN001889,29,32,GC-MS,Microbial depletion and ozone exposure - serum (part II)
ST001148,AN001893,10,36,GC POSITIVE ION MODE,Effect of cell harvesting technique and storage on metabolic profiles in human skin fibroblasts
ST001148,AN001894,11,36,Reversed phase POSITIVE ION MODE/Acyl carnitines,Effect of cell harvesting technique and storage on metabolic profiles in human skin fibroblasts
ST001148,AN001895,36,36,Reversed phase POSITIVE ION MODE/Amino acids,Effect of cell harvesting technique and storage on metabolic profiles in human skin fibroblasts
ST001149,AN001896,156,14,Normal phase NEGATIVE ION MODE,Plasmodium Niemann-Pick Type C1-Related Protein is a Druggable Target Required for Parasite Membrane Homeostasis
ST001151,AN001899,170,40,Reversed phase NEGATIVE ION MODE,4-day dietary effect of fast food vs Mediterranean diet to HDL lipidome
ST001153,AN001903,218,11,GC UNSPECIFIED ION MODE,Erythrocyte adenosine A2B receptor-mediated AMPK activation: Counteracting CKD by promoting oxygen delivery
ST001157,AN001915,730,24,Reversed phase NEGATIVE ION MODE,The gut microbiota plays a central role to modulate the plasma metabolome in response to chronic Angiotensin II infusion (part-I)
ST001158,AN001916,793,24,Reversed phase NEGATIVE ION MODE,The gut microbiota plays a central role to modulate the plasma metabolome in response to chronic Angiotensin II infusion (part-II)
ST001159,AN001917,2,48,Reversed phase UNSPECIFIED ION MODE,Targeted NHP urine metabolomics (part-II)
ST001160,AN001918,3,48,Reversed phase UNSPECIFIED ION MODE,Targeted NHP serum metabolomics (part-III)
ST001163,AN001923,79,16,Reversed phase POSITIVE ION MODE,Variability in metabolomic profiles among unique genotypes of Acropora cervicornis (part-II)
ST001163,AN001924,58,16,Reversed phase NEGATIVE ION MODE,Variability in metabolomic profiles among unique genotypes of Acropora cervicornis (part-II)
ST001165,AN001926,76,60,Reversed phase POSITIVE ION MODE,Physiological and metabolic response of crab megalopae and juveniles to ocean acidification (part-III)
ST001165,AN001927,69,60,Reversed phase NEGATIVE ION MODE,Physiological and metabolic response of crab megalopae and juveniles to ocean acidification (part-III)
ST001166,AN001928,132,60,GC POSITIVE ION MODE,Physiological and metabolic response of pteropods to ocean acidification (part IV)
ST001167,AN001929,515,46,CE-MS POSITIVE ION MODE,Comprehensive Profiling by Non-targeted Stable Isotope Tracing Capillary Electrophoresis-Mass Spectrometry
ST001167,AN001930,1023,46,CE-MS NEGATIVE ION MODE,Comprehensive Profiling by Non-targeted Stable Isotope Tracing Capillary Electrophoresis-Mass Spectrometry
ST001170,AN001935,54,90,HILIC NEGATIVE ION MODE,Timecourse on MCF-7 cells treated with different concentration of doxorubicin
ST001154,AN001941,128,220,GC,A comprehensive plasma metabolomics dataset for a cohort of mouse knockouts within the International Mouse Phenotyping Consortium
ST001154,AN001942,329,220,Reversed phase POSITIVE ION MODE/Orbitrap,A comprehensive plasma metabolomics dataset for a cohort of mouse knockouts within the International Mouse Phenotyping Consortium
ST001154,AN001943,223,220,Reversed phase NEGATIVE ION MODE/Orbitrap,A comprehensive plasma metabolomics dataset for a cohort of mouse knockouts within the International Mouse Phenotyping Consortium
ST001154,AN001944,216,220,HILIC POSITIVE ION MODE/Orbitrap,A comprehensive plasma metabolomics dataset for a cohort of mouse knockouts within the International Mouse Phenotyping Consortium
ST001154,AN001945,156,220,HILIC NEGATIVE ION MODE/Orbitrap,A comprehensive plasma metabolomics dataset for a cohort of mouse knockouts within the International Mouse Phenotyping Consortium
ST001154,AN001946,91,220,Reversed phase UNSPECIFIED ION MODE/Ion trap,A comprehensive plasma metabolomics dataset for a cohort of mouse knockouts within the International Mouse Phenotyping Consortium
ST001154,AN001947,64,220,Reversed phase NEGATIVE ION MODE/Ion trap,A comprehensive plasma metabolomics dataset for a cohort of mouse knockouts within the International Mouse Phenotyping Consortium
ST001173,AN001948,36,3,None (Direct infusion) POSITIVE ION MODE,Combinatorial metabolic mixtures for encoding abstract digital data
ST001174,AN001949,38,16,NMR data,Role of ClpCP in respiratory and fermentative growth
ST001175,AN001950,320,54,HILIC POSITIVE ION MODE,"Multi-omics analysis demonstrates unique mode of action of a potent new antimalarial compound, JPC-3210, against Plasmodium falciparum"
ST001175,AN001951,215,54,HILIC NEGATIVE ION MODE,"Multi-omics analysis demonstrates unique mode of action of a potent new antimalarial compound, JPC-3210, against Plasmodium falciparum"
ST001176,AN001952,110,26,Other UNSPECIFIED ION MODE,Metabolite changes in human plasma before and after YF17D vaccination in symptomatic and asymptomatic subjects
ST001178,AN001954,96,6,None (Direct infusion) POSITIVE ION MODE,Metabolomic analysis of C2C12 myoblasts induced by the transcriptional factor FOXO1
ST001178,AN001955,118,6,None (Direct infusion) NEGATIVE ION MODE,Metabolomic analysis of C2C12 myoblasts induced by the transcriptional factor FOXO1
ST001179,AN001956,119,10,None (Direct infusion) POSITIVE ION MODE,Metabolomic analysis of skeletal muscle in young and aged mice
ST001179,AN001957,56,10,None (Direct infusion) NEGATIVE ION MODE,Metabolomic analysis of skeletal muscle in young and aged mice
ST001180,AN001958,21,6,Reversed phase NEGATIVE ION MODE,Metabolome Profiling of Synechococcus elogatus PCC 11802
ST001182,AN001960,78,29,None (Direct infusion) POSITIVE ION MODE,Correlations between LC-MS/MS-detected Glycomics and NMR-detected Metabolomics in Caenorhabditis (part -I) elegans Development.
ST001183,AN001961,,29,NMR data,Correlations between LC-MS/MS-detected Glycomics and NMR-detected Metabolomics in Caenorhabditis (part-II) elegans Development.
ST001185,AN001969,29,13,Reversed phase UNSPECIFIED ION MODE,Genetic and metabolic characterization of bioengineered human fatty liver tissue with modified SIRT1 expression
ST001184,AN001970,5,165,HILIC NEGATIVE ION MODE/Triple quadrupole,Sulfonates in marine plankton
ST001184,AN001971,5,165,HILIC NEGATIVE ION MODE/Triple quadrupole,Sulfonates in marine plankton
ST001188,AN001980,158,87,HILIC NEGATIVE ION MODE,P. falciparum infected erythrocytes
ST001189,AN001981,52,20,NMR data,1H NMR spectroscopy-based metabolic profiling of Ophiocordyceps sinensis and Cordyceps militaris of water-boiled and 50% ethanol-soaked extracts
ST001190,AN001982,762,110,GC POSITIVE ION MODE,"Sepsis-related metabolic changes in ileum, jejunum, skeletal muscle, liver and lung"
ST001191,AN001983,72,15,None (Direct infusion) NEGATIVE ION MODE,Metabonome of ginsenoside anti-tumor
ST001192,AN001984,153,180,HILIC POSITIVE ION MODE,A library of human gut bacterial isolates paired with longitudinal multiomics data enables mechanistic microbiome research
ST001192,AN001985,91,180,HILIC NEGATIVE ION MODE,A library of human gut bacterial isolates paired with longitudinal multiomics data enables mechanistic microbiome research
ST001192,AN001986,89,180,Reversed phase NEGATIVE ION MODE,A library of human gut bacterial isolates paired with longitudinal multiomics data enables mechanistic microbiome research
ST001192,AN001987,156,180,Reversed phase POSITIVE ION MODE,A library of human gut bacterial isolates paired with longitudinal multiomics data enables mechanistic microbiome research
ST001193,AN001988,44,181,HILIC POSITIVE ION MODE,MARBLES (Markers of Autism Risk in Babies: Learning Early Sign) Enriched Cohort Study:			 Internal Metabolomic Biomarker Exposome and Development Disorders (IMBEDD)
ST001193,AN001989,48,181,Reversed phase NEGATIVE ION MODE,MARBLES (Markers of Autism Risk in Babies: Learning Early Sign) Enriched Cohort Study:			 Internal Metabolomic Biomarker Exposome and Development Disorders (IMBEDD)
ST001197,AN001993,21,85,GC POSITIVE ION MODE,GC-MS Analysis of Insoluble/Polymeric Amino Acids (part-III)
ST001198,AN001994,137,85,HILIC UNSPECIFIED ION MODE,Targeted LC-MS/MS Analysis of Soluble Metabolites in the MeOH:H2O Phase (part-IV)
ST001200,AN001996,37,364,HILIC POSITIVE ION MODE,Biological Responses to Tobacco Smoke Exposure in III Children: Inflammatory Processes and the Oral Microbiome
ST001200,AN001997,24,364,Reversed phase NEGATIVE ION MODE,Biological Responses to Tobacco Smoke Exposure in III Children: Inflammatory Processes and the Oral Microbiome
ST001201,AN001998,391,192,pHILIC POSITIVE ION MODE,Peroxide antimalarial treatment timecourse on trophozoite-stage P. falciparum parasites
ST001201,AN001999,322,192,pHILIC NEGATIVE ION MODE,Peroxide antimalarial treatment timecourse on trophozoite-stage P. falciparum parasites
ST001202,AN002000,403,135,pHILIC POSITIVE ION MODE,Peroxide antimalarial treatment timecourse on ring-stage P. falciparum parasites
ST001202,AN002001,256,135,pHILIC NEGATIVE ION MODE,Peroxide antimalarial treatment timecourse on ring-stage P. falciparum parasites
ST001204,AN002004,389,96,pHILIC POSITIVE ION MODE,Peroxide antimalarial extended treatment timecourse on trophozoite-stage P. falciparum parasites
ST001204,AN002005,270,96,pHILIC NEGATIVE ION MODE,Peroxide antimalarial extended treatment timecourse on trophozoite-stage P. falciparum parasites
ST001205,AN002006,456,28,pHILIC POSITIVE ION MODE,Peroxide antimalarial treatment of K13-mutant and -wildtype P. falciparum parasites
ST001205,AN002007,316,28,pHILIC NEGATIVE ION MODE,Peroxide antimalarial treatment of K13-mutant and -wildtype P. falciparum parasites
ST001206,AN002008,113,33,UHPLC NEGATIVE ION MODE,Effects of cold exposure on serum lipidomic in mice
ST001207,AN002009,115,19,UHPLC NEGATIVE ION MODE,Lipidomics in the serum of cold exposed mice treated with 12-LOX inhibitor LOXBlock-1
ST001209,AN002012,45,326,HILIC POSITIVE ION MODE,MARBLES (Markers of Autism Risk in Babies: Learning Early Sign) Enriched Cohort Study:Internal Metabolomic Biomarker Exposome and Development Disorders (IMBEDD)
ST001209,AN002013,41,326,Reversed phase NEGATIVE ION MODE,MARBLES (Markers of Autism Risk in Babies: Learning Early Sign) Enriched Cohort Study:Internal Metabolomic Biomarker Exposome and Development Disorders (IMBEDD)
ST001210,AN002014,527,20,Reversed phase POSITIVE ION MODE,Comprehensive UHPLC-MS/MS lipidomics profiling to study effects of betulin on keratinocytes
ST001210,AN002015,413,20,Reversed phase NEGATIVE ION MODE,Comprehensive UHPLC-MS/MS lipidomics profiling to study effects of betulin on keratinocytes
ST001211,AN002016,178,20,GC,"Metabolomic Markers of Methotrexate Response, In Vitro"
ST001211,AN002017,215,20,HILIC POSITIVE ION MODE,"Metabolomic Markers of Methotrexate Response, In Vitro"
ST001211,AN002018,311,20,Reversed phase POSITIVE ION MODE,"Metabolomic Markers of Methotrexate Response, In Vitro"
ST001211,AN002019,230,20,Reversed phase NEGATIVE ION MODE,"Metabolomic Markers of Methotrexate Response, In Vitro"
ST001213,AN002024,113,24,UHPLC NEGATIVE ION MODE,Serum lipidomic profile of cold-exposed Ucp1cre/12-LOX KO mice
ST001214,AN002025,109,60,UHPLC NEGATIVE ION MODE,Lipidommics in the serum of human subjects
ST001215,AN002026,113,22,UHPLC NEGATIVE ION MODE,Effect of Mirabegron Treatment on serum lipidome
ST001218,AN002031,310,44,Normal phase UNSPECIFIED ION MODE,Wild type versus TRACK Mice on regular chow and Vitamin A deprived diet
ST001219,AN002032,6,63,NMR data,Vitamin D regulates the microbiota to induce RORgt/FoxP3+ regulatory T cells
ST001222,AN002035,55,16,Normal phase POSITIVE ION MODE,Effects of selenate and cadmium exposure on the honey bee metabolome (part-II)
ST001223,AN002036,26,518,Reversed phase POSITIVE ION MODE,Host Metabolic Response in Early Lyme Disease
ST001224,AN002037,58,49,None (Direct infusion) UNSPECIFIED ION MODE,Vaginal swab lipidome profiles at 48 h reflect the fat composition of neonatal diet during first two days postnatal
ST001225,AN002038,17,36,Reversed phase POSITIVE ION MODE,Targeted metabolomics
ST001226,AN002039,16,36,Reversed phase POSITIVE ION MODE,Aquamin and Prevention of Colon Cancer (part-II)
ST001227,AN002040,8,36,GC POSITIVE ION MODE,Aquamin and Prevention of Colon Cancer (part-III)
ST001228,AN002041,8,36,GC POSITIVE ION MODE,Aquamin and Prevention of Colon Cancer (part-IV)
ST001229,AN002042,20,108,HPLC NEGATIVE ION MODE,Aquamin and Prevention of Colon Cancer (part-V)
ST001230,AN002043,20,36,Reversed phase POSITIVE ION MODE,Aquamin and Prevention of Colon Cancer (part-VI)
ST001212,AN002044,200,577,Reversed phase POSITIVE ION MODE/Metabolites set1,"Fish-oil supplementation in pregnancy, child metabolomics and asthma risk"
ST001212,AN002045,136,577,Reversed phase POSITIVE ION MODE/Metabolites set2,"Fish-oil supplementation in pregnancy, child metabolomics and asthma risk"
ST001212,AN002046,257,577,Reversed phase NEGATIVE ION MODE/Metabolites set3,"Fish-oil supplementation in pregnancy, child metabolomics and asthma risk"
ST001212,AN002047,63,577,HILIC NEGATIVE ION MODE,"Fish-oil supplementation in pregnancy, child metabolomics and asthma risk"
ST001232,AN002050,205,71,Normal phase NEGATIVE ION MODE,Combining stage - specificity and metabolomic profiling to advance drug discovery for malaria
ST001234,AN002052,123,40,None (Direct infusion) POSITIVE ION MODE,"The effect of weaning stress, sex and temperament on fecal microbiota and metabolites in Brahman calves."
ST001235,AN002053,107,212,HILIC POSITIVE ION MODE,Metabolic responses to PD1 immune-checkpoint blockade and association with therapeutic benefits - Part I
ST001236,AN002054,205,244,HILIC POSITIVE ION MODE,Metabolic responses to PD1 immune-checkpoint blockade and association with therapeutic benefits - Part II
ST001237,AN002055,205,1221,HILIC POSITIVE ION MODE,Metabolic responses to PD1 immune-checkpoint blockade and association with therapeutic benefits - Part III
ST001238,AN002056,4,18,Reversed phase NEGATIVE ION MODE/Orbitrap,P falciparum asexual metabolomics following drug treatment (part-I)
ST001238,AN002057,4,18,Reversed phase NEGATIVE ION MODE/QTOF,P falciparum asexual metabolomics following drug treatment (part-I)
ST001239,AN002058,,13,NMR data,NMR assignment of synthetic pantothenamides (part-II)
ST001240,AN002059,25,194,Reversed phase NEGATIVE ION MODE,Global Metabolic Analysis Trisomy 21 - Cohort 2
ST001240,AN002060,35,194,Reversed phase POSITIVE ION MODE,Global Metabolic Analysis Trisomy 21 - Cohort 2
ST001241,AN002061,78,258,Reversed phase POSITIVE ION MODE,"Global Metabolic Analysis Trisomy 21 - Cohort 3, Plasma"
ST001241,AN002062,71,258,Reversed phase NEGATIVE ION MODE,"Global Metabolic Analysis Trisomy 21 - Cohort 3, Plasma"
ST001242,AN002063,62,200,Reversed phase POSITIVE ION MODE,"Global Metabolic Analysis Trisomy 21 - Cohort 3, CSF"
ST001242,AN002064,43,200,Reversed phase NEGATIVE ION MODE,"Global Metabolic Analysis Trisomy 21 - Cohort 3, CSF"
ST001243,AN002065,69,196,Reversed phase POSITIVE ION MODE,Global Metabolic Analysis Trisomy 21 - Cohort 1
ST001243,AN002066,22,196,Reversed phase NEGATIVE ION MODE,Global Metabolic Analysis Trisomy 21 - Cohort 1
ST001245,AN002068,15,35,Reversed phase POSITIVE ION MODE,Luteal lipids regulate progesterone production and may modulate immune cell function during the estrous cycle and pregnancy
ST001245,AN002069,64,35,Reversed phase NEGATIVE ION MODE,Luteal lipids regulate progesterone production and may modulate immune cell function during the estrous cycle and pregnancy
ST001246,AN002070,202,17,Reversed phase UNSPECIFIED ION MODE,TFPa/HADHA is required for fatty acid beta-oxidation and cardiolipin re-modeling in human cardiomyocytes (part-I)
ST001250,AN002075,158,10,Other POSITIVE ION MODE,Luminal metabolome profiles of mice developed dextran sulfate sodium (DSS) colitis
ST001250,AN002076,73,10,Other NEGATIVE ION MODE,Luminal metabolome profiles of mice developed dextran sulfate sodium (DSS) colitis
ST001251,AN002077,224,138,Reversed phase UNSPECIFIED ION MODE,"The effects of a training program encompassing cold exposure, breathing exercises, and meditation on plasma metabomics during experimental human endotoxemia"
ST001252,AN002078,22,48,Reversed phase NEGATIVE ION MODE,Eicosanoid profiles of dermal fibroblasts
ST001253,AN002079,180,15,Reversed phase (early) POSITIVE ION MODE ,Phenotyping Mouse blood metabolites in day and night in type 2 diabetes
ST001253,AN002080,176,15,Reversed phase (late) POSITIVE ION MODE,Phenotyping Mouse blood metabolites in day and night in type 2 diabetes
ST001253,AN002081,302,15,Reversed phase NEGATIVE ION MODE,Phenotyping Mouse blood metabolites in day and night in type 2 diabetes
ST001253,AN002082,89,15,HILIC NEGATIVE ION MODE,Phenotyping Mouse blood metabolites in day and night in type 2 diabetes
ST001254,AN002083,15,42,Reversed phase NEGATIVE ION MODE,Eicosanoid profiles of dermal fibroblasts (part-II)
ST001256,AN002085,172,9,HILIC UNSPECIFIED ION MODE,Metabolic landscape remodeling in dystrophic muscle through glucocorticoid steroid regimens
ST001259,AN002089,131,76,None (Direct infusion) POSITIVE ION MODE,"Targeted Metabolomic Analysis in Patients with Wilson Disease Reveals Dysregulated Choline, Methionine and Aromatic Amino Acid Metabolism: Implications for Hepatic and Neurological Phenotypes"
ST001260,AN002090,57,12,Other POSITIVE ION MODE,Metabolic changes of Fusobacterium nucleatum when co-cultured with other oral microbes (part-I)
ST001260,AN002091,28,12,Other NEGATIVE ION MODE,Metabolic changes of Fusobacterium nucleatum when co-cultured with other oral microbes (part-I)
ST001261,AN002092,80,12,Other POSITIVE ION MODE,Metabolic changes of culture supernatants of Fusobacterium nucleatum co-cultured with other oral microbes (part-II)
ST001261,AN002093,31,12,Other NEGATIVE ION MODE,Metabolic changes of culture supernatants of Fusobacterium nucleatum co-cultured with other oral microbes (part-II)
ST001262,AN002094,27,441,HILIC POSITIVE ION MODE,The impact of tobacco smoke exposure and environmental exposures on the pulmonary microbiome of critically ill children
ST001262,AN002095,48,441,Reversed phase NEGATIVE ION MODE,The impact of tobacco smoke exposure and environmental exposures on the pulmonary microbiome of critically ill children
ST001265,AN002102,109,5,GC UNSPECIFIED ION MODE,Comparative metabolomics of MCF-7 breast cancer cells using different extraction solvents assessed by mass spectroscopy
ST001267,AN002104,1370,20,None (Direct infusion) UNSPECIFIED ION MODE,Mass spectrometry-based lipidomics of oral squamous cell carcinoma tissue reveals aberrant cholesterol and glycerophospholipid metabolism
ST001269,AN002109,1320,95,None (Direct infusion) POSITIVE ION MODE,Exosomal lipids for classifying early and late stage non-small cell lung cancer
ST001270,AN002110,97,150,GC POSITIVE ION MODE,Necrotizing soft-tissue infections (NSTIs) metabolomics
ST001272,AN002112,1183,120,Reversed phase UNSPECIFIED ION MODE,Growth cone memebrane and growth cone particulate lipidomics
ST001273,AN002113,131,62,Reversed phase POSITIVE ION MODE,Lipidomics Dataset of Sonication-Induced Traumatic Optic Neuropathy in Mice
ST001273,AN002114,131,62,Reversed phase NEGATIVE ION MODE,Lipidomics Dataset of Sonication-Induced Traumatic Optic Neuropathy in Mice
ST001274,AN002115,637,68,HILIC UNSPECIFIED ION MODE,Metabolomics-based profiling of the mode of action of Pathogen Box compounds in Trypanosoma brucei (part-I)
ST001275,AN002116,394,72,Reversed phase UNSPECIFIED ION MODE,Metabolomics-based profiling of the mode of action of Pathogen Box compounds in Trypanosoma brucei (part-II)
ST001276,AN002117,585,36,HILIC UNSPECIFIED ION MODE,Development and Characterisation of a Novel Class of Aroyl Guanidine Containing Anti-Trypanosomal Compounds
ST001279,AN002120,96,63,Reversed phase NEGATIVE ION MODE,K13 mutations driving artemisinin resistance rewrite Plasmodium falciparum’s programmed intra-erythrocytic development and transform mitochondrial physiology
ST001280,AN002121,34,48,NMR data,Macrophage-Mediated Clofazimine Sequestration is Accompanied by a Shift in Host Energy Metabolism
ST001282,AN002126,189,16,GC POSITIVE ION MODE,Role of Hi1a in mitochondrial metabolic rewiring in M1 Macrophages
ST001283,AN002127,153,20,GC POSITIVE ION MODE,Nitric Oxide (NO) effect on mitochondrial metabolic rewiring in M1 Macrophages
ST001284,AN002128,38,31,NMR data,Pseudoexfoliation Aqueous Humor Metabolites from Veterans Affairs Patients NMR (part-II)
ST001285,AN002129,38,41,NMR data,POAG and Control Aqueous Humor IROA Metabolites from Veterans Affairs Patients NMR (part-II)
ST001286,AN002130,59,3,Reversed phase POSITIVE ION MODE/Fatty acyls,Lipid composition of isolated lipid droplets from the functional bovine corpus luteum
ST001286,AN002131,79,3,Reversed phase POSITIVE ION MODE/Glycerophosphocholines,Lipid composition of isolated lipid droplets from the functional bovine corpus luteum
ST001286,AN002132,57,3,Reversed phase POSITIVE ION MODE/Glycerophosphoethanolamines,Lipid composition of isolated lipid droplets from the functional bovine corpus luteum
ST001286,AN002133,34,3,Reversed phase NEGATIVE ION MODE/Glycerophosphoinositols,Lipid composition of isolated lipid droplets from the functional bovine corpus luteum
ST001286,AN002134,19,3,Reversed phase POSITIVE ION MODE/Glycerophosphoglycerols,Lipid composition of isolated lipid droplets from the functional bovine corpus luteum
ST001286,AN002135,30,3,Reversed phase NEGATIVE ION MODE/Glycerophosphoserines,Lipid composition of isolated lipid droplets from the functional bovine corpus luteum
ST001286,AN002136,16,3,Reversed phase POSITIVE ION MODE/Sphingomyelins,Lipid composition of isolated lipid droplets from the functional bovine corpus luteum
ST001286,AN002137,48,3,Reversed phase POSITIVE ION MODE/Ceramides,Lipid composition of isolated lipid droplets from the functional bovine corpus luteum
ST001286,AN002138,22,3,Reversed phase POSITIVE ION MODE/Cholesterol esters,Lipid composition of isolated lipid droplets from the functional bovine corpus luteum
ST001288,AN002141,229,42,Reversed phase and normal phase LC,Subcellular organelle lipidomics in TLR-4-activated macrophages
ST001289,AN002142,273,36,Several methods,Regulated accumulation of desmosterol integrates macrophage lipid metabolism and inflammatory responses
ST001056,AN002145,178,56,GC POSITIVE ION MODE,Evaluation of the short-term effects of the allelochemical umbelliferone on Triticum durum L. metabolism through GC-MS based untargeted metabolomics
ST001291,AN002146,50,73,NMR data,Metabolomic study of disease progression in scrapie prion infected (RML) mice
ST001287,AN002147,1,30,HILIC NEGATIVE ION MODE/Succinate set1,Luminal succinate in UC-HMA (human microbiota-associated) mice.
ST001287,AN002148,7,30,HILIC NEGATIVE ION MODE/Succinate set2,Luminal succinate in UC-HMA (human microbiota-associated) mice.
ST001292,AN002149,850,77,Reversed phase POSITIVE ION MODE,Metabolomics of blood plasma and kidney tissue from control (db/m) and diabetic (db/db) mice.
ST001292,AN002150,594,77,Reversed phase NEGATIVE ION MODE,Metabolomics of blood plasma and kidney tissue from control (db/m) and diabetic (db/db) mice.
ST001294,AN002155,19,39,NMR data,Estimating Platelet Mitochondrial Function in Patients with Sepsis - Platelet NMRs (part-I)
ST001295,AN002156,31,35,NMR data,Estimating Platelet Mitochondrial Function in Patients with Sepsis - WB NMRs (part-II)
ST001298,AN002162,50,45,Reversed phase NEGATIVE ION MODE,Metabolome Profiling of Synechococcus elongatus PCC 11801 strains engineered for Succinate Production
ST001299,AN002163,129,18,Reversed phase POSITIVE ION MODE,"Metatranscriptomic Analysis of the Mouse Gut Microbiome Response to the Persistent Organic Pollutant 2,3,7,8-Tetrachlorodibenzofuran"
ST001300,AN002164,126,18,Other POSITIVE ION MODE,Luminal metabolome profiles ofUC-HMA mice transplanted with a healthy human-derived fecal microbiota (FMT).
ST001300,AN002165,81,18,Other NEGATIVE ION MODE,Luminal metabolome profiles ofUC-HMA mice transplanted with a healthy human-derived fecal microbiota (FMT).
ST001301,AN002166,120,26,Other POSITIVE ION MODE,Luminal metabolome profiles of human microbiota-associated (HMA) mice treated with anti-IL-22 antibody or control antibody
ST001301,AN002167,62,26,Other NEGATIVE ION MODE,Luminal metabolome profiles of human microbiota-associated (HMA) mice treated with anti-IL-22 antibody or control antibody
ST001302,AN002168,58,45,Reversed phase NEGATIVE ION MODE,Metabolome Profiling of a Fast-growing Cyanobacterium Synechococcus elongatus PCC 11801 under Diurnal Cycle
ST001304,AN002172,418,18,HILIC POSITIVE ION MODE,Multi-omics analysis delineates the distinct functions of sub-cellular acetyl-CoA pools in Toxoplasma gondii
ST001304,AN002173,349,18,HILIC NEGATIVE ION MODE,Multi-omics analysis delineates the distinct functions of sub-cellular acetyl-CoA pools in Toxoplasma gondii
ST001305,AN002174,37,18,NMR data,Integrated Metabolomics and Transcriptomics Suggest the Global Metabolic Response to 2-Aminoacrylate Stress in Salmonella enterica
ST001306,AN002175,35,28,GC UNSPECIFIED ION MODE,Biomolecular analyses of hypospadias according to severity
ST001307,AN002176,15,76,GC UNSPECIFIED ION MODE,Colorectal cancer diagnostic model utilizing metagenomic and metabolomic data of stool microbial extracellular vesicles
ST001308,AN002177,21,120,NMR data,1H NMR metabolomics corroborates serine hydroxymethyltransferase as the primary target of 2-aminoacrylate in a ridA mutant of Salmonella enterica
ST001309,AN002178,88,10,HILIC POSITIVE ION MODE,Metabolite expression in liver after early life exposure to an endocrine disruptor at 240 days postnatal (part-I)
ST001309,AN002179,36,10,HILIC NEGATIVE ION MODE,Metabolite expression in liver after early life exposure to an endocrine disruptor at 240 days postnatal (part-I)
ST001309,AN002180,11,10,HILIC POSITIVE ION MODE,Metabolite expression in liver after early life exposure to an endocrine disruptor at 240 days postnatal (part-I)
ST001311,AN002182,172,10,Reversed phase POSITIVE ION MODE,Lipid expression in liver after early lifer exposure to an endocrine disruptor at 70 days postnatal in the liver (part-II)
ST001311,AN002183,107,10,Reversed phase NEGATIVE ION MODE,Lipid expression in liver after early lifer exposure to an endocrine disruptor at 70 days postnatal in the liver (part-II)
ST001312,AN002184,249,10,Reversed phase POSITIVE ION MODE,Lipid expression in serum after early lifer exposure to an endocrine disruptor at 70 days postnatal (part-III)
ST001312,AN002185,233,10,Reversed phase NEGATIVE ION MODE,Lipid expression in serum after early lifer exposure to an endocrine disruptor at 70 days postnatal (part-III)
ST001313,AN002186,249,10,Reversed phase POSITIVE ION MODE,Lipid expression in serum after early life exposure to an endocrine disruptor and a Western Diet at 240 days postnatal (part-IV)
ST001313,AN002187,233,10,Reversed phase NEGATIVE ION MODE,Lipid expression in serum after early life exposure to an endocrine disruptor and a Western Diet at 240 days postnatal (part-IV)
ST001315,AN002189,220,42,HILIC POSITIVE ION MODE,Retargeting azithromycin-like compounds as antimalarials with dual modality
ST001315,AN002190,216,42,HILIC NEGATIVE ION MODE,Retargeting azithromycin-like compounds as antimalarials with dual modality
ST001316,AN002191,40,6,GC POSITIVE ION MODE,Time-course experiment of Microchloropsis gaditana cells supplemented with CO2
ST001317,AN002192,112,448,HILIC POSITIVE ION MODE,"Dynamics of Exposure, Phthalates, and Asthma in a Randomized Trial (DEPART)"
ST001317,AN002193,91,448,Reversed phase NEGATIVE ION MODE,"Dynamics of Exposure, Phthalates, and Asthma in a Randomized Trial (DEPART)"
ST001318,AN002194,131,30,GC UNSPECIFIED ION MODE,Atg32-mediated mitophagy promotes heat stress tolerance in Saccharomyces cerevisiae by sustaining spermidine and nitric oxide levels
ST001319,AN002195,27,236,NMR data,Pre-treatment L-Carnitine Pharmacometabolomics in Sepsis (CaPS) Patients
ST001320,AN002196,66,12,HILIC UNSPECIFIED ION MODE,Examination of labeled glucose utilization in central carbon metabolism in HeLa cells post WNT stimulation
ST001321,AN002197,114,80, UNSPECIFIED ION MODE,Metabolomics in Escherichia coli mutant strains
ST001322,AN002198,124,386,GC UNSPECIFIED ION MODE,Maternal adiposity alters the human milk metabolome: a link between non-glucose monosaccharides and infant adiposity
ST001323,AN002199,93,58,HILIC UNSPECIFIED ION MODE,Effect of high-fat diet on serum lipidome in mice
ST001323,AN002200,83,58,HILIC POSITIVE ION MODE,Effect of high-fat diet on serum lipidome in mice
ST001323,AN002201,101,58,HILIC UNSPECIFIED ION MODE,Effect of high-fat diet on serum lipidome in mice
ST001324,AN002202,686,42,HILIC POSITIVE ION MODE,Metabolomics Adaptation of Juvenile Pacific Abalone Haliotis discus hannai to Heat Stress
ST001324,AN002203,253,42,HILIC NEGATIVE ION MODE,Metabolomics Adaptation of Juvenile Pacific Abalone Haliotis discus hannai to Heat Stress
ST001325,AN002206,178,256,Reversed Phase POSITIVE (Named metabolites),Obesity and Poor Diet as Susceptibility Factors for Secondhand Smoke in Childhood Asthma
ST001325,AN002207,113,256,Reversed Phase NEGATIVE (Named metabolites),Obesity and Poor Diet as Susceptibility Factors for Secondhand Smoke in Childhood Asthma
ST001327,AN002209,37,32,Reversed phase NEGATIVE ION MODE,Mitochondrial Lipid Profiles in Traumatic Optic Neuropathy
ST001327,AN002210,37,32,Reversed phase POSITIVE ION MODE,Mitochondrial Lipid Profiles in Traumatic Optic Neuropathy
ST001329,AN002215,187,53,HILIC UNSPECIFIED ION MODE,SS-31 and NMN: Two Paths to Improve Metabolism and Function in Aged Hearts
ST001332,AN002221,126,34,Reversed phase UNSPECIFIED ION MODE,LCMS lipid and acyl-carnitine analysis
ST001334,AN002223,83,80,Normal phase NEGATIVE ION MODE,"Deadly Duality of PEBP1: Shutting off Necroptosis, Turning on Ferroptosis"
ST001335,AN002224,46,530,HILIC POSITIVE ION MODE,"Air Pollution, Placenta Function, and Birth Outcomes in Los Angeles in the Placental Assessment in Response to ENvironmenTal pollution study (PARENTs) cohort"
ST001335,AN002225,48,530,Reversed phase NEGATIVE ION MODE,"Air Pollution, Placenta Function, and Birth Outcomes in Los Angeles in the Placental Assessment in Response to ENvironmenTal pollution study (PARENTs) cohort"
ST001336,AN002226,89,220,HILIC UNSPECIFIED ION MODE,Effect of high-fat diet and bile acid treatment on serum and tissue lipidomes in mice
ST001336,AN002227,91,220,HILIC POSITIVE ION MODE,Effect of high-fat diet and bile acid treatment on serum and tissue lipidomes in mice
ST001336,AN002228,93,220,HILIC UNSPECIFIED ION MODE,Effect of high-fat diet and bile acid treatment on serum and tissue lipidomes in mice
ST001336,AN002229,59,220,Reversed phase POSITIVE ION MODE,Effect of high-fat diet and bile acid treatment on serum and tissue lipidomes in mice
ST001336,AN002230,170,220,Reversed phase POSITIVE ION MODE,Effect of high-fat diet and bile acid treatment on serum and tissue lipidomes in mice
ST001339,AN002233,18,40,HILIC NEGATIVE ION MODE,Disruption of Redox Balance Enhances the Effects of BRAF-inhibitors in Melanoma
ST001341,AN002235,929,48,None (Direct infusion) UNSPECIFIED ION MODE,C56BL6 BMDM stimulated with different TLRs W/O acetylated LDL (part-II)
ST001342,AN002236,864,48,None (Direct infusion) UNSPECIFIED ION MODE,Timecourse of C56BL6 BMDM stimulated with different TLRs (part-I)
ST001343,AN002237,576,30,None (Direct infusion) UNSPECIFIED ION MODE,C56BL6 WT or TRIFKO BMDM stimulated with different TLRs (part-III)
ST001344,AN002238,772,48,None (Direct infusion) UNSPECIFIED ION MODE,C56BL6 WT or MyD88KO BMDM stimulated with different TLRs (part-IV)
ST001345,AN002239,751,48,None (Direct infusion) UNSPECIFIED ION MODE,C56BL6 WT or IFNARKO BMDM stimulated with different TLRs (part-V)
ST001349,AN002243,60,80,Reversed phase POSITIVE ION MODE,Multiparous and Primiparous Simmental Dairy Cows
ST001349,AN002244,34,80,Reversed phase NEGATIVE ION MODE,Multiparous and Primiparous Simmental Dairy Cows
ST001349,AN002245,301,80,None (Direct infusion) POSITIVE ION MODE,Multiparous and Primiparous Simmental Dairy Cows
ST001350,AN002246,63,107,Reversed phase POSITIVE ION MODE,Extraction of high-resolution Metabolomics data of the Yeast Metabolic Cycle
ST001351,AN002247,31,35,NMR data,NMR Metabolomic Analysis of Bacterial Resistance Pathways Using Multivalent Quaternary Ammonium Functionalized Macromolecules
ST001354,AN002253,27,180,NMR data,48 hours post-treatment L-Carnitine Pharmacometabolomics in Sepsis (CaPS) Patients
ST001355,AN002254,15,182,GC POSITIVE ION MODE,Influence of propylparaben in children
ST001356,AN002255,24,130,Reversed phase POSITIVE ION MODE,Diel Metabolites in the North Pacific Subtropical Gyre (KM1513)
ST001356,AN002256,3,130,Reversed phase POSITIVE ION MODE,Diel Metabolites in the North Pacific Subtropical Gyre (KM1513)
ST001356,AN002257,22,130,HILIC POSITIVE ION MODE,Diel Metabolites in the North Pacific Subtropical Gyre (KM1513)
ST001356,AN002258,21,130,HILIC NEGATIVE ION MODE,Diel Metabolites in the North Pacific Subtropical Gyre (KM1513)
ST001356,AN002259,9,130,HILIC POSITIVE ION MODE,Diel Metabolites in the North Pacific Subtropical Gyre (KM1513)
ST001359,AN002263,446,6,Reversed phase POSITIVE ION MODE,Monophasic lipidomics extraction in cancer cell line
ST001360,AN002264,698,64,HILIC UNSPECIFIED ION MODE,Maternal blood lipidomics associated with severe preeclampsia
ST001361,AN002265,9,26,Reversed phase POSITIVE ION MODE,Serum tryptophan metabolomics in CKD
ST001363,AN002269,558,18,Reversed phase POSITIVE ION MODE,Monophasic lipidomics extraction in cancer cell lines
ST001364,AN002270,62,44,HILIC POSITIVE ION MODE,Core Functional Nodes and Sex-Specific Pathways in Human Ischemic and Dilated Cardiomyopathy
ST001364,AN002271,64,44,HILIC NEGATIVE ION MODE,Core Functional Nodes and Sex-Specific Pathways in Human Ischemic and Dilated Cardiomyopathy
ST001365,AN002272,18,233,Reversed phase POSITIVE ION MODE,Antibiotics in Cystic Fibrosis Sputum
ST001373,AN002293,160,9,HILIC NEGATIVE ION MODE,Targeting Sirt2 reprograms T cell metabolism for effective immune response
ST001375,AN002295,24,20,NMR data,Fructosamine-3-kinase (FN3K) KO in HepG2 liver cancer cells
ST001376,AN002296,2,160,Reverse phase Negative ION MODE,"2,3,7,8 -Tetrachlorodibenzo-p-dioxin Mediated Effects on Hepatic Coenzyme A (CoA) and Acetyl-CoA Levels"
ST001377,AN002297,47,37,Reversed phase NEGATIVE ION MODE,Stirred suspension bioreactors maintain naïve pluripotency of human pluripotent stem cells (hPSCs)
ST001378,AN002298,9,168,Reversed phase NEGATIVE ION MODE,Global metabolomics of COPD2020
ST001381,AN002301,618,49,Reversed phase POSITIVE ION MODE,Lipid profile Dataset of optogenetics induced optic nerve regeneration
ST001381,AN002302,618,49,Reversed phase NEGATIVE ION MODE,Lipid profile Dataset of optogenetics induced optic nerve regeneration
ST001382,AN002303,112,23,Reversed phase NEGATIVE ION MODE,Distinct metabolic states of a cell guide alternate fates of mutational buffering through altered proteostasis
ST001383,AN002306,208,86,Reversed phase POSITIVE ION MODE,Investigating exposures and health impacts of endocrine disrupting chemicals among inner-city children.
ST001383,AN002307,157,86,Reversed phase NEGATIVE ION MODE,Investigating exposures and health impacts of endocrine disrupting chemicals among inner-city children.
ST001384,AN002309,146,37,Reversed phase NEGATIVE ION MODE,Plasmodium falciparum increased time in circulation underlies persistent asymptomatic infection in the dry season
ST001385,AN002312,96,438,Reversed phase NEGATIVE ION MODE,Urine Metabolomics
ST001385,AN002313,204,438,HILIC POSITIVE ION MODE,Urine Metabolomics
ST001386,AN002314,144,11560,GC-MS data,TEDDY Metabolomics Study
ST001388,AN002317,20,27,Reversed phase NEGATIVE ION MODE,Quantitative bile acids study on total murine liver tissue from mice at different age
ST001389,AN002318,41,28,Reversed phase POSITIVE ION MODE,Quantitative amino acids and biogenic amines study on total murine liver tissue from mice at different age
ST001390,AN002319,39,12,NMR data,Natural history of the systemic responses to a renal inoculation of uropathogenic E. coli in swine
ST001393,AN002323,38,20,HILIC POSITIVE ION MODE,Sea-ice diatom compatible solute shifts
ST001393,AN002324,43,20,HILIC POSITIVE ION MODE,Sea-ice diatom compatible solute shifts
ST001393,AN002325,22,20,HILIC NEGATIVE ION MODE,Sea-ice diatom compatible solute shifts
ST001393,AN002326,29,20,HILIC NEGATIVE ION MODE,Sea-ice diatom compatible solute shifts
ST001393,AN002327,6,20,HILIC POSITIVE ION MODE,Sea-ice diatom compatible solute shifts
ST001393,AN002328,9,20,HILIC POSITIVE ION MODE,Sea-ice diatom compatible solute shifts
ST001393,AN002329,1,20,HILIC NEGATIVE ION MODE,Sea-ice diatom compatible solute shifts
ST001393,AN002330,1,20,HILIC NEGATIVE ION MODE,Sea-ice diatom compatible solute shifts
ST001393,AN002331,17,20,Reversed phase POSITIVE ION MODE,Sea-ice diatom compatible solute shifts
ST001394,AN002332,21,42,HILIC POSITIVE ION MODE,Metabolomic study of Escherichia coli K-12 MG1655 and mutants
ST001394,AN002333,14,42,HILIC NEGATIVE ION MODE,Metabolomic study of Escherichia coli K-12 MG1655 and mutants
ST001395,AN002334,31,18,GC POSITIVE ION MODE,Time-course experiment of Microchloropsis gaditana cells supplemented with CO2 (part-II)
ST001396,AN002335,145,28,Reversed phase POSITIVE ION MODE,Quantitative Lipids study on total murine liver tissue from mice at different age
ST001397,AN002336,1,28,Reversed phase NEGATIVE ION MODE,Quantitative Hexose study on total murine liver tissue from mice at different age
ST001398,AN002337,26,20,HILIC NEGATIVE ION MODE,Mechanism of Trichloroethylene (TCE) toxicity in the placenta
ST001398,AN002338,49,20,HILIC NEGATIVE ION MODE,Mechanism of Trichloroethylene (TCE) toxicity in the placenta
ST001399,AN002339,83,31,GC POSITIVE ION MODE,"Activation of ectopic olfactory receptor 544 induces GLP-1 secretion, alters gut microbiome, and improves intestinal permeability."
ST001400,AN002340,263,199,Reversed phase POSITIVE ION MODE,Identification of distinct metabolic perturbations and associated immunomodulatory events during intra-erythrocytic development stage of pediatric Plasmodium falciparum malaria
ST001400,AN002341,322,199,Reversed phase NEGATIVE ION MODE,Identification of distinct metabolic perturbations and associated immunomodulatory events during intra-erythrocytic development stage of pediatric Plasmodium falciparum malaria
ST001400,AN002342,83,199,Reversed phase UNSPECIFIED ION MODE,Identification of distinct metabolic perturbations and associated immunomodulatory events during intra-erythrocytic development stage of pediatric Plasmodium falciparum malaria
ST001401,AN002343,122,95,GC POSITIVE ION MODE,Steady-state metabolomics time course of Saccharomyces cerevisiae mitochondrial fatty acid synthesis (mtFAS) mutants
ST001402,AN002344,427,48,UPLC UNSPECIFIED ION MODE,Ontogeny related changes in the pediatric liver metabolome
ST001403,AN002345,660,48,GC UNSPECIFIED ION MODE,Ontogeny related changes in the pediatric liver metabolome (part-II)
ST001404,AN002346,667,50,UPLC UNSPECIFIED ION MODE,Ontogeny related changes in the pediatric liver metabolome (part-III)
ST001405,AN002347,278,92,Reversed phase POSITIVE ION MODE,MDM2-Dependent Rewiring of Metabolomic and Lipidomic Profiles in Dedifferentiated Liposarcoma Models
ST001405,AN002348,203,92,Reversed phase NEGATIVE ION MODE,MDM2-Dependent Rewiring of Metabolomic and Lipidomic Profiles in Dedifferentiated Liposarcoma Models
ST001406,AN002349,20,33,GC POSITIVE ION MODE,Environmental chemical burden in metabolic tissues and systemic biological pathways in adolescent bariatric surgery patients: A pilot untargeted metabolomic approach (part-II)
ST001411,AN002361,991,106,HILIC POSITIVE ION MODE,Plasma metabolites of lipid metabolism associate with diabetic polyneuropathy in a cohort with screen-tested type 2 diabetes: ADDITION-Denmark
ST001412,AN002362,842,131,Reversed phase POSITIVE ION MODE,Metabolomics study in Plasma of Obese Patients with Neuropathy Identifies Potential Metabolomics Signatures
ST001413,AN002363,165,28,HILIC POSITIVE ION MODE,Metabolomic and Transcriptomic Signatures of Prenatal Excessive Methionine in Mice
ST001420,AN002375,600,750,HILIC UNSPECIFIED ION MODE,Metabolomic analysis of patients with recurrent angina
ST001421,AN002376,20,24,HILIC POSITIVE ION MODE,Metabolomic study of Escherichia coli K-12 MG1655 WT and its transcriptional regulator mutants under anaerobic fermentation conditions
ST001421,AN002377,13,24,HILIC NEGATIVE ION MODE,Metabolomic study of Escherichia coli K-12 MG1655 WT and its transcriptional regulator mutants under anaerobic fermentation conditions
ST001422,AN002378,5,692,HILIC POSITIVE ION MODE,Aspirin Metabolomics in Colorectal Cancer Chemoprevention - blood (part-II)
ST001428,AN002387,57,514,HILIC POSITIVE ION MODE,Role of environmental toxicants in modulating disease severity in children with NAFLD
ST001428,AN002388,46,514,Reversed phase NEGATIVE ION MODE,Role of environmental toxicants in modulating disease severity in children with NAFLD
ST001431,AN002393,9,162,Reversed phase POSITIVE ION MODE,A Compromised Developmental Trajectory of the Infant Gut Microbiome and Metabolome in Atopic Eczema -(targeted SCFAs profiling)
ST001432,AN002394,222,162,GC POSITIVE ION MODE,A Compromised Developmental Trajectory of the Infant Gut Microbiome and Metabolome in Atopic Eczema - (untargeted global metabolomics profiling) )
ST001433,AN002395,19,67,NMR data,Evidence for proline utilisation by oral bacterial biofilms grown in saliva
ST001435,AN002398,26,106,HILIC POSITIVE ION MODE,Maple Sap analysis from Ontario Canada
ST001439,AN002403,248,10,None (Direct infusion) UNSPECIFIED ION MODE,Metabolites in contents of small intestine in wild type and DAOG181R/G181R mice
ST001439,AN002404,207,10,None (Direct infusion) UNSPECIFIED ION MODE,Metabolites in contents of small intestine in wild type and DAOG181R/G181R mice
ST001441,AN002407,150,56,HILIC POSITIVE ION MODE,Metabolomics of patient-derived fibroblasts
ST001441,AN002408,192,56,HILIC NEGATIVE ION MODE,Metabolomics of patient-derived fibroblasts
ST001441,AN002409,7,56,Reversed phase POSITIVE ION MODE,Metabolomics of patient-derived fibroblasts
ST001442,AN002410,4098,23,None (Direct infusion) POSITIVE ION MODE,Human Optic Nerve Glaucoma and Control Lipidomes
ST001445,AN002416,215,15,NMR data,Metabolomics of lung injury after allogeneic hematopoietic cell transplantation - Colon NMR 1D
ST001446,AN002417,60,15,NMR data,Metabolomics of lung injury after allogeneic hematopoietic cell transplantation - Colon NMR HSQC
ST001447,AN002418,1150,15,Targeted IC NEGATIVE ION MODE,Metabolomics of lung injury after allogeneic hematopoietic cell transplantation - Colon ICMS
ST001448,AN002419,38,12,NMR data,Maternal Hypercortisolemia alters placental metabolism: NMR metabolomics
ST001449,AN002420,3115,15,None (Direct infusion) POSITIVE ION MODE,Metabolomics of lung injury after allogeneic hematopoietic cell transplantation - Colon DI-FTMS
ST001451,AN002425,553,47,Normal phase NEGATIVE ION MODE,Eleostearic acid effects on TAGs and oxLipids
ST001451,AN002426,108,47,Reversed phase POSITIVE ION MODE,Eleostearic acid effects on TAGs and oxLipids
ST001452,AN002427,7,72,HILIC NEGATIVE ION MODE,Targeted metabolomic analysis on hexosamine biosynthetic pathway in flies on time restricted feeding
ST001453,AN002428,1150,15,Targeted IC NEGATIVE ION MODE,Metabolomics of lung injury after allogeneic hematopoietic cell transplantation - Liver ICMS
ST001455,AN002430,222,15,NMR data,Metabolomics of lung injury after allogeneic hematopoietic cell transplantation - Liver NMR 1D
ST001456,AN002431,41,15,NMR data,Metabolomics of lung injury after allogeneic hematopoietic cell transplantation - Liver NMR HSQC
ST001459,AN002434,159,15,NMR data,Metabolomics of lung injury after allogeneic hematopoietic cell transplantation - Lung NMR 1D
ST001460,AN002435,56,15,NMR data,Metabolomics of lung injury after allogeneic hematopoietic cell transplantation - Lung NMR HSQC
ST001461,AN002436,92,15,NMR data,Metabolomics of lung injury after allogeneic hematopoietic cell transplantation - Plasma NMR 1D
ST001462,AN002437,17,15,NMR data,Metabolomics of lung injury after allogeneic hematopoietic cell transplantation - Plasma NMR HSQC
ST001463,AN002438,257,15,NMR data,Metabolomics of lung injury after allogeneic hematopoietic cell transplantation - Small Intenstines NMR 1D
ST001465,AN002440,258,15,NMR data,Metabolomics of lung injury after allogeneic hematopoietic cell transplantation - Spleen NMR 1D
ST001466,AN002441,47,15,NMR data,Metabolomics of lung injury after allogeneic hematopoietic cell transplantation Spleen - NMR HSQC
ST001467,AN002442,17,150,Reversed phase NEGATIVE ION MODE,Metabolites changes related to glucose-mediated energy production in chemotheraphy-induced cachexia
ST001467,AN002443,21,150,Reversed phase POSITIVE ION MODE,Metabolites changes related to glucose-mediated energy production in chemotheraphy-induced cachexia
ST001468,AN002444,58,15,NMR data,Metabolomics of lung injury after allogeneic hematopoietic cell transplantation - Small Intenstines NMR HSQC
ST001469,AN002445,1855,15,None (Direct infusion) POSITIVE ION MODE,Metabolomics of lung injury after allogeneic hematopoietic cell transplantation - Lung DI-FTMS
ST001470,AN002446,826,15,Targeted IC NEGATIVE ION MODE,Metabolomics of lung injury after allogeneic hematopoietic cell transplantation - Lung ICMS
ST001471,AN002447,2673,15,None (Direct infusion) POSITIVE ION MODE,Metabolomics of lung injury after allogeneic hematopoietic cell transplantation - Small Intestines DI-FTMS
ST001472,AN002448,1150,15,Targeted IC NEGATIVE ION MODE,Metabolomics of lung injury after allogeneic hematopoietic cell transplantation - Small Intestines ICMS
ST001473,AN002449,2525,15,None (Direct infusion) POSITIVE ION MODE,Metabolomics of lung injury after allogeneic hematopoietic cell transplantation - Spleen DI-FTMS
ST001475,AN002451,2086,15,None (Direct infusion) POSITIVE ION MODE,Metabolomics of lung injury after allogeneic hematopoietic cell transplantation - Liver DI-FTMS
ST001477,AN002453,1084,73,Reversed phase POSITIVE ION MODE,Lipidomics dataset of PTEN deletion-induced nerve regeneration mouse model
ST001478,AN002454,53,54,NMR data,NMR spectroscopy analysis reveals altered metabolic homeostasis in Arabidopsis seedlings treated with a cytokinesis inhibitor
ST001479,AN002455,53,44,Reversed phase POSITIVE ION MODE,Metabolomics of Ndufs4 KO brain regions (part - I)
ST001480,AN002456,43,21,HILIC POSITIVE ION MODE,Large diversity in nitrogen- and sulfur-containing compatible solute profiles in polar and temperate diatoms
ST001480,AN002457,8,21,HILIC NEGATIVE ION MODE,Large diversity in nitrogen- and sulfur-containing compatible solute profiles in polar and temperate diatoms
ST001483,AN002460,52,47,Reversed phase POSITIVE ION MODE,Metabolomics of Ndufs4 KO brain regions (part - III)
ST001485,AN002462,53,47,Reversed phase POSITIVE ION MODE,Metabolomics of Ndufs4 KO brain regions (part - V)
ST001487,AN002464,53,42,Reversed phase POSITIVE ION MODE,Metabolomics of Ndufs4 KO brain regions (part - VII)
ST001489,AN002466,50,33,Reversed phase POSITIVE ION MODE,Metabolomics by UHPLC-HRMS reveals the impact of heat stress on pathogen-elicited immunity in maize
ST001489,AN002467,9,33,Reversed phase NEGATIVE ION MODE,Metabolomics by UHPLC-HRMS reveals the impact of heat stress on pathogen-elicited immunity in maize
ST001490,AN002468,420,240,None (Direct infusion) UNSPECIFIED ION MODE,Plasma lipidomic profiles after a low and high glycemic load dietary pattern in a randomized controlled cross over feeding study
ST001490,AN002469,652,240,None (Direct infusion) UNSPECIFIED ION MODE,Plasma lipidomic profiles after a low and high glycemic load dietary pattern in a randomized controlled cross over feeding study
ST001493,AN002475,37,60,Reversed phase POSITIVE ION MODE,Dynamic binning peak detection and assessment of various lipidomics liquid chromatography-mass spectrometry pre-processing platforms
ST001495,AN002478,227,72,GC UNSPECIFIED ION MODE,Effects of Synbiotic Administration on Fecal Microbiome and Metabolomic Profiles of Dogs receiving Antibiotics
ST001496,AN002479,4,112,HILIC NEGATIVE ION MODE,Application of developed quantatation method
ST001497,AN002480,5,112,HILIC NEGATIVE ION MODE,Intraday validation of of developed quantatation method
ST001498,AN002481,5,112,HILIC NEGATIVE ION MODE,Interday validation of of developed quantatation method
ST001507,AN002498,302,119,HILIC UNSPECIFIED ION MODE,Hepatic [U-13C]Lactate tracing and metabolomics in young and old WT and SIRT6 overexpressing mice
ST001508,AN002499,42,20,HILIC UNSPECIFIED ION MODE,Liver metabolomics in old liver-specific SIRT6 overexpressing mice
ST001515,AN002511,177,187,Reversed phase POSITIVE ION MODE,A Metabolomic Signature of Glucagon Action in Healthy Individuals with Overweight/Obesity Humans
ST001515,AN002512,66,187,Reversed phase POSITIVE ION MODE,A Metabolomic Signature of Glucagon Action in Healthy Individuals with Overweight/Obesity Humans
ST001515,AN002513,297,187,Reversed phase NEGATIVE ION MODE,A Metabolomic Signature of Glucagon Action in Healthy Individuals with Overweight/Obesity Humans
ST001515,AN002514,109,187,HILIC NEGATIVE ION MODE,A Metabolomic Signature of Glucagon Action in Healthy Individuals with Overweight/Obesity Humans
ST001516,AN002515,263,199,Reversed phase POSITIVE ION MODE,Identification of distinct metabolic perturbations and associated immunomodulatory events during intra-erythrocytic development stage of pediatric Plasmodium falciparum malaria (part-II)
ST001516,AN002516,322,199,Reversed phase NEGATIVE ION MODE,Identification of distinct metabolic perturbations and associated immunomodulatory events during intra-erythrocytic development stage of pediatric Plasmodium falciparum malaria (part-II)
ST001516,AN002517,83,199,Reversed phase UNSPECIFIED ION MODE,Identification of distinct metabolic perturbations and associated immunomodulatory events during intra-erythrocytic development stage of pediatric Plasmodium falciparum malaria (part-II)
ST001517,AN002518,253,106,Reversed phase POSITIVE ION MODE,Identification of distinct metabolic perturbations and associated immunomodulatory events during intra-erythrocytic development stage of pediatric Plasmodium falciparum malaria (part-III)
ST001517,AN002519,318,106,Reversed phase NEGATIVE ION MODE,Identification of distinct metabolic perturbations and associated immunomodulatory events during intra-erythrocytic development stage of pediatric Plasmodium falciparum malaria (part-III)
ST001517,AN002520,81,106,Reversed phase UNSPECIFIED ION MODE,Identification of distinct metabolic perturbations and associated immunomodulatory events during intra-erythrocytic development stage of pediatric Plasmodium falciparum malaria (part-III)
ST001518,AN002521,42,14,GC POSITIVE ION MODE,Metabolome analysis in the diagnosis of childhood cerebellar ataxia
ST001519,AN002525,195,166,HILIC POSITIVE ION MODE,Stool metabolites of known identity profiled using hybrid nontargeted methods (part-I)
ST001519,AN002526,155,166,Reversed phase POSITIVE ION MODE,Stool metabolites of known identity profiled using hybrid nontargeted methods (part-I)
ST001519,AN002527,94,166,HILIC NEGATIVE ION MODE,Stool metabolites of known identity profiled using hybrid nontargeted methods (part-I)
ST001519,AN002528,93,166,Reversed phase NEGATIVE ION MODE,Stool metabolites of known identity profiled using hybrid nontargeted methods (part-I)
ST001521,AN002533,183,160,HILIC POSITIVE ION MODE,Plasma metabolites of known identity profiled using hybrid nontargeted methods (part-III)
ST001521,AN002534,224,160,Reversed phase POSITIVE ION MODE,Plasma metabolites of known identity profiled using hybrid nontargeted methods (part-III)
ST001521,AN002535,72,160,HILIC NEGATIVE ION MODE,Plasma metabolites of known identity profiled using hybrid nontargeted methods (part-III)
ST001521,AN002536,88,160,Reversed phase NEGATIVE ION MODE,Plasma metabolites of known identity profiled using hybrid nontargeted methods (part-III)
ST001523,AN002541,132,75,GC UNSPECIFIED ION MODE,The effect of fasting and sirtuin overexpression on serum metabolome.
ST001526,AN002547,243,185,GC UNSPECIFIED ION MODE,Mitochondrial health is enhanced in rats with higher vs. lower intrinsic exercise capacity and extended lifespan
ST001527,AN002548,412,72,Parallel 2DLC-MS NEGATIVE ION MODE,Lung cancer metabolomics analysis
ST001527,AN002549,412,72,Parallel 2DLC-MS POSITIVE ION MODE,Lung cancer metabolomics analysis
ST001547,AN002576,443,8,HILIC POSITIVE ION MODE,β-Adrenergic regulation of metabolism in macrophages
ST001547,AN002577,463,8,HILIC NEGATIVE ION MODE,β-Adrenergic regulation of metabolism in macrophages
ST001548,AN002578,339,8,HILIC POSITIVE ION MODE,β-Adrenergic regulation of metabolism in macrophages (part-II)
ST001548,AN002579,341,8,HILIC NEGATIVE ION MODE,β-Adrenergic regulation of metabolism in macrophages (part-II)
ST001549,AN002580,536,16,HILIC POSITIVE ION MODE,β-Adrenergic regulation of metabolism in macrophages (part-III)
ST001549,AN002581,394,16,HILIC NEGATIVE ION MODE,β-Adrenergic regulation of metabolism in macrophages (part-III)
ST001606,AN002639,225,38,GC UNSPECIFIED ION MODE,Aromatic amino acid metabolism by the anaerobic gut bacterium Clostridium sporogenes
ST001607,AN002640,6,400,Normal phase POSITIVE ION MODE,Genetic background shapes phenotypic response to diet for adiposity in the Collaborative Cross
ST001608,AN002641,256,275,GC UNSPECIFIED ION MODE,"Comparing gas chromatography with time-of-flight, quadrupole time-of-light and quadrupole mass spectrometry for stable isotope tracing"
ST001608,AN002642,256,275,GC UNSPECIFIED ION MODE,"Comparing gas chromatography with time-of-flight, quadrupole time-of-light and quadrupole mass spectrometry for stable isotope tracing"
ST001609,AN002643,1,26,GC UNSPECIFIED ION MODE,"Comparative metabolomics analysis of two Saccharomyces cerevisiae strains: the wild type and mtl1Δ, which carries a deletion of the mechanosensor Mtl1p."
ST001610,AN002644,67,18,Reversed phase POSITIVE ION MODE,Control (DMSO 0.1%; v/v) and 10 µM DRB18 treated A549 lung cancer cells in vitro for 48 hours
ST001611,AN002645,138,10,HILIC POSITIVE ION MODE,Mouse model of sarcoma (STS) to characterize tumor vulnerabilities and identify novel targets for anti-cancer treatment
ST001611,AN002646,175,10,HILIC NEGATIVE ION MODE,Mouse model of sarcoma (STS) to characterize tumor vulnerabilities and identify novel targets for anti-cancer treatment
ST001612,AN002647,45,14,GC UNSPECIFIED ION MODE,"Comparative metabolomics analysis of two Saccharomyces cerevisiae strains: the wild type and mtl1Δ, which carries a deletion of the mechanosensor Mtl1p (part-II)"
ST001613,AN002648,256,268,GC UNSPECIFIED ION MODE,"Comparing gas chromatography with time-of-flight, quadrupole time-of-light and quadrupole mass spectrometry for stable isotope tracing (part-II)"
ST001614,AN002649,60,107,NMR data,NMR metabolomics analysis of ricin-induced and fasting hypoglycemia (part-I)
ST001615,AN002650,21,24,NMR data,Unique metabolomic profile of skeletal muscle in chronic limb threatening ischemia (organic phase samples)
ST001616,AN002651,46,24,NMR data,Unique metabolomic profile of skeletal muscle in chronic limb threatening ischemia (aqueous phase samples )
ST001617,AN002652,25,25,NMR data,Unique metabolomic profile of skeletal muscle in chronic limb threatening ischemia (HR-MAS study)
ST001620,AN002655,147,7,Reversed phase UNSPECIFIED ION MODE,Dietary composition analysis of chow diet and purified diet using untargeted metabonomics
ST001621,AN002656,72,6,HILIC NEGATIVE ION MODE,Untargeted metabolomics of intestinal organoids treated with fructose
ST001622,AN002657,25,6,HILIC NEGATIVE ION MODE,Isotope Tracing Analysis in Intestinal Organoids with fructose
ST001623,AN002658,2,15,HILIC NEGATIVE ION MODE,Targeted metabolomics analysis with raffinose-rich diet in mouse ileum
ST001624,AN002659,71,13,NMR data,Tissue-specific 1H-NMR metabolomic profiling in mice with adenine-induced chronic kidney disease - aqueous phase Kidney (part-I)
ST001625,AN002660,19,13,NMR data,Tissue-specific 1H-NMR metabolomic profiling in mice with adenine-induced chronic kidney disease - organic phase Kidney (part-II)
ST001626,AN002661,68,14,NMR data,Tissue-specific 1H-NMR metabolomic profiling in mice with adenine-induced chronic kidney disease - aqueous phase Heart (part-III)
ST001627,AN002662,19,14,NMR data,Tissue-specific 1H-NMR metabolomic profiling in mice with adenine-induced chronic kidney disease - organic phase Heart (part-IV)
ST001628,AN002663,60,14,NMR data,Tissue-specific 1H-NMR metabolomic profiling in mice with adenine-induced chronic kidney disease - aqueous phase Liver (part-V)
ST001629,AN002664,19,14,NMR data,Tissue-specific 1H-NMR metabolomic profiling in mice with adenine-induced chronic kidney disease - organic phase Liver (part-VI)
ST001630,AN002665,74,14,NMR data,Tissue-specific 1H-NMR metabolomic profiling in mice with adenine-induced chronic kidney disease - aqueous phase Quadricep (part-VII)
ST001631,AN002666,19,14,NMR data,Tissue-specific 1H-NMR metabolomic profiling in mice with adenine-induced chronic kidney disease - organic phase Quadricep (part-VIII)
ST001632,AN002667,56,108,Reversed phase POSITIVE ION MODE,Lipidomics of Ginseng Total Secondary Saponins on Myocardial Ischemia Rat
ST001632,AN002668,188,108,Reversed phase UNSPECIFIED ION MODE,Lipidomics of Ginseng Total Secondary Saponins on Myocardial Ischemia Rat
ST001633,AN002669,179,51,Reversed phase UNSPECIFIED ION MODE,Aromatic amino acid metabolism by the anaerobic gut bacterium Clostridium sporogenes (part-II)
ST001636,AN002673,540,11560,Reversed phase POSITIVE ION MODE,TEDDY Lipidomics Study
ST001636,AN002674,444,11560,Reversed phase NEGATIVE ION MODE,TEDDY Lipidomics Study
ST001637,AN002675,276,521,HILIC POSITIVE ION MODE,A Metabolome Atlas of the Aging Mouse Brain
ST001637,AN002676,200,521,HILIC NEGATIVE ION MODE,A Metabolome Atlas of the Aging Mouse Brain
ST001637,AN002677,732,521,Reversed phase POSITIVE ION MODE,A Metabolome Atlas of the Aging Mouse Brain
ST001637,AN002678,375,521,Reversed phase NEGATIVE ION MODE,A Metabolome Atlas of the Aging Mouse Brain
ST001637,AN002679,126,521,GC POSITIVE ION MODE,A Metabolome Atlas of the Aging Mouse Brain
ST001638,AN002680,70,24,None (Direct infusion) POSITIVE ION MODE,Metabolomics analysis of Vehicle (DMSO/PBS; (1:1) v/v) and DRB18 (10 mg/kg) treated A549 xenograft tumors
ST001639,AN002681,258,649,Reversed phase POSITIVE ION MODE,Plasma Metabolomic signatures of COPD in a SPIROMICS cohort
ST001639,AN002682,232,649,Reversed phase POSITIVE ION MODE,Plasma Metabolomic signatures of COPD in a SPIROMICS cohort
ST001639,AN002683,588,649,Reversed phase NEGATIVE ION MODE,Plasma Metabolomic signatures of COPD in a SPIROMICS cohort
ST001639,AN002684,96,649,HILIC NEGATIVE ION MODE,Plasma Metabolomic signatures of COPD in a SPIROMICS cohort
ST001642,AN002687,57,9,Reversed phase POSITIVE ION MODE,Lipidomics in high-risk subjects for the identification of integrated biomarker signatures of type 1 diabetes
ST001643,AN002688,123,24,GC UNSPECIFIED ION MODE,Deletion of the diabetes candidate gene Slc16a13 in mice
ST001644,AN002689,71,160,Reversed phase NEGATIVE ION MODE,In Vitro Characterization and Metabolomic Analysis of Cold-Stored Platelets
ST001644,AN002690,92,160,Reversed phase POSITIVE ION MODE,In Vitro Characterization and Metabolomic Analysis of Cold-Stored Platelets
ST001648,AN002694,59,64,GC UNSPECIFIED ION MODE,Comprehensive dissection of primary metabolites in response to diverse abiotic stress in barley at seedling stage
ST001650,AN002696,220,14,GC UNSPECIFIED ION MODE,Changes to gut microbiota metabolism based on Clostridium difficile-induced inflammation
ST001652,AN002699,113,17,Reversed phase NEGATIVE ION MODE,Atypical Molecular Basis for Drug Resistance to Mitochondrial AQ: A Function Inhibitors in Plasmodium falciparum
ST001658,AN002706,264,3,Reversed phase POSITIVE ION MODE,Control of Topoisomerase II Activity and Chemotherapeutic Inhibition by TCA Cycle Metabolites
ST001658,AN002707,99,3,Reversed phase NEGATIVE ION MODE,Control of Topoisomerase II Activity and Chemotherapeutic Inhibition by TCA Cycle Metabolites
ST001658,AN002708,312,3,Normal phase POSITIVE ION MODE,Control of Topoisomerase II Activity and Chemotherapeutic Inhibition by TCA Cycle Metabolites
ST001658,AN002709,165,3,Normal phase NEGATIVE ION MODE,Control of Topoisomerase II Activity and Chemotherapeutic Inhibition by TCA Cycle Metabolites
ST001660,AN002711,96,54,Reversed phase NEGATIVE ION MODE,Plasmodium falciparum metabolomics as a result of treatment with putative acetyl-CoA synthetase inhibitors
ST001661,AN002712,12,4,Reversed phase POSITIVE ION MODE,Extension of Diagnostic Fragmentation Filtering for Automated Discovery in DNA Adductomics
ST001665,AN002717,4,15,GC UNSPECIFIED ION MODE,Branched-chain alpha-ketoacids are preferentially reaminated and activate protein synthesis in the rat heart
ST001666,AN002718,4,14,GC UNSPECIFIED ION MODE,Branched-chain alpha-ketoacids are preferentially reaminated and activate protein synthesis in the mouse heart
ST001668,AN002720,137,12,Other POSITIVE ION MODE,D-Allulose effects on hepatic metabolomics profile in rodents
ST001668,AN002721,133,12,Other NEGATIVE ION MODE,D-Allulose effects on hepatic metabolomics profile in rodents
ST001668,AN002722,37,12,Reversed phase POSITIVE ION MODE,D-Allulose effects on hepatic metabolomics profile in rodents
ST001668,AN002723,44,12,Reversed phase NEGATIVE ION MODE,D-Allulose effects on hepatic metabolomics profile in rodents
ST001669,AN002724,199,1014,UPLC UNSPECIFIED ION MODE,Serum metabolome of Guangzhou Nutrition and Health Study (GNHS)
ST001670,AN002725,4,21,Thermo Vanquish UHPLC UNSPECIFIED ION MODE,Metabolomics characterization of zebrafish larvae
ST001670,AN002726,3,21,Reversed phase UNSPECIFIED ION MODE,Metabolomics characterization of zebrafish larvae
ST001671,AN002727,285,1049,Reversed phase POSITIVE ION MODE,A gut microbe-focused metabolomics pipeline enables mechanistic interrogation of microbiome metabolism
ST001671,AN002728,267,1049,Reversed phase NEGATIVE ION MODE,A gut microbe-focused metabolomics pipeline enables mechanistic interrogation of microbiome metabolism
ST001671,AN002729,171,1049,HILIC POSITIVE ION MODE,A gut microbe-focused metabolomics pipeline enables mechanistic interrogation of microbiome metabolism
ST001672,AN002730,48,9,Normal phase POSITIVE ION MODE,Targeted Sphingolipid analysis of human Fibroblasts silenced for or overexpressing GOLPH3
ST001673,AN002731,48,15,Normal phase POSITIVE ION MODE,Targeted Sphingolipid analysis of HeLa silenced for or overexpressing GOLPH3 or LCS
ST001674,AN002732,130,6,HILIC POSITIVE ION MODE,Untargeted phospholipid analysis of HeLa silenced for or overexpressing GOLPH3
ST001675,AN002733,11,18,Reversed phase POSITIVE ION MODE,Quantitative measurements of ceramides and glycosphingolipids in Th17 and iTreg cells (part-II)
ST001676,AN002734,130,46,Reversed phase POSITIVE ION MODE,"Lipidomic analysis of CD4+ T-cell subsets (Th1,Th2,Th17 and iTreg cells) (part I)"
ST001677,AN002735,26,6,Reversed phase POSITIVE ION MODE,"Quantitative targeted measurements of sphingolipids in Th17 cells before and after the triple knockdown of SPTLC1,2,3 genes (SPT, de novo pathway: sphingolipid metabolism) (part-III)"
ST001678,AN002736,25,6,Reversed phase POSITIVE ION MODE,Quantitative measurements of sphingolipids in Th17 cells before and after the knockdown of UGCG gene (GCS pathway: sphingolipid metabolism) (part-IV)
ST001679,AN002737,17,6,Reversed phase POSITIVE ION MODE,Quantitative measurements of sphingomyelins in Th17 cells before and after the knockdown of UGCG gene (GCS pathway: sphingolipid metabolism) (part-V)
ST001680,AN002738,283,96,Normal phase POSITIVE ION MODE,Metabolome of NAFLD in high fat diet mouse model
ST001680,AN002739,261,96,Normal phase NEGATIVE ION MODE,Metabolome of NAFLD in high fat diet mouse model
ST001680,AN002740,164,96,Reversed phase POSITIVE ION MODE,Metabolome of NAFLD in high fat diet mouse model
ST001680,AN002741,45,96,Reversed phase NEGATIVE ION MODE,Metabolome of NAFLD in high fat diet mouse model
ST001683,AN002747,307,268,Reversed phase POSITIVE ION MODE,A gut microbe-focused metabolomics pipeline enables mechanistic interrogation of microbiome metabolism.
ST001683,AN002748,273,268,Reversed phase NEGATIVE ION MODE,A gut microbe-focused metabolomics pipeline enables mechanistic interrogation of microbiome metabolism.
ST001683,AN002749,179,268,HILIC POSITIVE ION MODE,A gut microbe-focused metabolomics pipeline enables mechanistic interrogation of microbiome metabolism.
ST001684,AN002750,60,18,Other POSITIVE ION MODE,An overexpression of lipoprotein lipase leads to an alteration in the skeletal muscle metabolome in transgenic rabbits
ST001684,AN002751,91,18,Other NEGATIVE ION MODE,An overexpression of lipoprotein lipase leads to an alteration in the skeletal muscle metabolome in transgenic rabbits
ST001685,AN002752,6,43,Reversed phase NEGATIVE ION MODE,Exposure to per- and polyfluoroalkyl substances associates with altered lipid profile of breast milk (Part 2)
ST001686,AN002753,178,38,Reversed phase NEGATIVE ION MODE,Exposure to per- and polyfluoroalkyl substances associates with altered lipid profile of breast milk (Part 3)
ST001687,AN002754,1037,16,HILIC POSITIVE ION MODE,Non-transformed cells respond to fat by inducing glucose metabolism
ST001687,AN002755,1183,16,HILIC NEGATIVE ION MODE,Non-transformed cells respond to fat by inducing glucose metabolism
ST001688,AN002756,285,1049,Reversed phase POSITIVE ION MODE,A gut microbe-focused metabolomics pipeline enables mechanistic interrogation of microbiome metabolism (part-II)
ST001688,AN002757,267,1049,Reversed phase NEGATIVE ION MODE,A gut microbe-focused metabolomics pipeline enables mechanistic interrogation of microbiome metabolism (part-II)
ST001688,AN002758,171,1049,HILIC POSITIVE ION MODE,A gut microbe-focused metabolomics pipeline enables mechanistic interrogation of microbiome metabolism (part-II)
ST001689,AN002759,261,88,Reversed phase NEGATIVE ION MODE,Exposure to per- and polyfluoroalkyl substances associates with altered lipid profile of breast milk (Part 1)
ST001690,AN002760,111,11,GC POSITIVE ION MODE,Untargeted metabolomic analysis of human blood samples via qualitative GC-MS for T1D biomarker identification
ST001692,AN002762,123,527,Reversed phase POSITIVE ION MODE,Perfluoroalkyl substances and lipid composition in human milk
ST001692,AN002763,78,527,Reversed phase NEGATIVE ION MODE,Perfluoroalkyl substances and lipid composition in human milk
ST001699,AN002770,133,30,GC UNSPECIFIED ION MODE,A cross-sectional study of functional and metabolic changes during aging through the lifespan in male mice (Muscle) part-I
ST001700,AN002771,157,30,GC UNSPECIFIED ION MODE,A cross-sectional study of functional and metabolic changes during aging through the lifespan in male mice (Serum) part-II
ST001701,AN002772,177,30,GC UNSPECIFIED ION MODE,A cross-sectional study of functional and metabolic changes during aging through the lifespan in male mice (Liver) part-III
ST001702,AN002773,177,30,GC UNSPECIFIED ION MODE,A cross-sectional study of functional and metabolic changes during aging through the lifespan in male mice (Heart) part-IV
ST001703,AN002774,133,29,GC UNSPECIFIED ION MODE,A cross-sectional study of functional and metabolic changes during aging through the lifespan in male mice (Brain) part-V
ST001706,AN002779,50,258,NMR data,Machine learning-enabled renal cell carcinoma status prediction using multi-platform urine-based metabolomics NMR (part-II)
ST001708,AN002782,192,4,Reversed phase NEGATIVE ION MODE,Oxylipin biosynthesis reinforces cellular senescence through a RAS/p53 feedback loop and allows detection of senolysis
ST001709,AN002783,325,42,HILIC POSITIVE ION MODE,SARS-CoV-2 infection rewires host cell metabolism and is potentially susceptible to mTORC1 inhibition
ST001709,AN002784,792,42,HILIC NEGATIVE ION MODE,SARS-CoV-2 infection rewires host cell metabolism and is potentially susceptible to mTORC1 inhibition
ST001710,AN002785,176,627,Normal phase POSITIVE ION MODE,Metabolic signatures of NAFLD - Lipidomics data (part 1 of 3)
ST001711,AN002786,36,627,GC UNSPECIFIED ION MODE,Metabolic signatures of NAFLD - Polar metabolomics data (part II)
ST001712,AN002787,100,40,HILIC NEGATIVE ION MODE,Metabolomics analysis of plasma from a mouse model of astrocytoma subjected to radiotherapy
ST001714,AN002789,136,33,Reversed phase NEGATIVE ION MODE,Metabolomic Profiling of Atovaquone and Atovaquone-like Resistance Lines
ST001714,AN002790,121,33,Reversed phase NEGATIVE ION MODE,Metabolomic Profiling of Atovaquone and Atovaquone-like Resistance Lines
ST001714,AN002791,186,33,Reversed phase NEGATIVE ION MODE,Metabolomic Profiling of Atovaquone and Atovaquone-like Resistance Lines
ST001719,AN002802,179,28,HILIC UNSPECIFIED ION MODE,Metabolomics Analysis of Philadelphia Cohort - Update (part-I)
ST001720,AN002803,226,81,HILIC UNSPECIFIED ION MODE,Metabolomics Analysis of ACTG Cohort -Update (part-II)
ST001721,AN002804,44,47,Reversed phase POSITIVE ION MODE,Detecting sex-related changes to the metabolome of a critically endangered freshwater crayfish during the mating season
ST001721,AN002805,14,47,Reversed phase NEGATIVE ION MODE,Detecting sex-related changes to the metabolome of a critically endangered freshwater crayfish during the mating season
ST001725,AN002810,2112,20,Reversed phase UNSPECIFIED ION MODE,Lipidomics dataset of Danio rerio optic nerve regeneration model
ST001726,AN002811,49,113,NMR data,Long term metabolomics refrence material
ST001727,AN002812,4,40,GC NEGATIVE ION MODE,Metabolomics and metagenomics of metformin (Plasma)
ST001728,AN002813,25,40,GC NEGATIVE ION MODE,Metabolomics and metagenomics of metformin (Urine)
ST001729,AN002814,10,40,GC NEGATIVE ION MODE,Metabolomics and metagenomics of metformin (Stool)
ST001730,AN002815,70,8,Reversed phase POSITIVE ION MODE,Mitochondrial ATP fuels ABC transporter-mediated drug efflux in cancer chemoresistance
ST001730,AN002816,109,8,Reversed phase NEGATIVE ION MODE,Mitochondrial ATP fuels ABC transporter-mediated drug efflux in cancer chemoresistance
ST001731,AN002817,66,8,Reversed phase POSITIVE ION MODE,Mitochondrial ATP fuels ABC transporter-mediated drug efflux in cancer chemoresistance (part-II)
ST001731,AN002818,67,8,Reversed phase NEGATIVE ION MODE,Mitochondrial ATP fuels ABC transporter-mediated drug efflux in cancer chemoresistance (part-II)
ST001732,AN002819,74,8,Reversed phase POSITIVE ION MODE,Mitochondrial ATP fuels ABC transporter-mediated drug efflux in cancer chemoresistance (part-III)
ST001732,AN002820,57,8,Reversed phase NEGATIVE ION MODE,Mitochondrial ATP fuels ABC transporter-mediated drug efflux in cancer chemoresistance (part-III)
ST001734,AN002823,4,6,HILIC NEGATIVE ION MODE,Understanding systemic and local inflammation induced by nasal polyposis: role of the allergic phenotype (part-II)
ST001735,AN002824,62,102,Reversed phase POSITIVE ION MODE,The COVIDome Explorer Researcher Portal (Red Blood Cells)
ST001735,AN002825,55,102,Reversed phase NEGATIVE ION MODE,The COVIDome Explorer Researcher Portal (Red Blood Cells)
ST001736,AN002826,61,102,Reversed phase POSITIVE ION MODE,The COVIDome Explorer Researcher Portal (blood plasma)
ST001736,AN002827,60,102,Reversed phase NEGATIVE ION MODE,The COVIDome Explorer Researcher Portal (blood plasma)
ST001738,AN002829,222,18,C30 Reversed Phase UNSPECIFIED ION MODE,AdipoAtlas: A Reference Lipidome for Human White Adipose Tissue
ST001738,AN002830,488,18,C18 Reversed Phase UNSPECIFIED ION MODE,AdipoAtlas: A Reference Lipidome for Human White Adipose Tissue
ST001738,AN002831,27,18,HILIC POSITIVE ION MODE,AdipoAtlas: A Reference Lipidome for Human White Adipose Tissue
ST001739,AN002832,326,30,Reversed phase UNSPECIFIED ION MODE,Differential Metabolites and Disturbed Metabolic Pathways Associated with chlorpromazine Poisoning
ST001740,AN002833,12,150,Reversed phase NEGATIVE ION MODE,Timecourse of NIH-3T3 cells treated with apoptotic inducers
ST001741,AN002834,47,88,Reversed phase NEGATIVE ION MODE,Phospholipid profiling of Scd1-defective mice
ST001742,AN002835,28,54,Reversed phase POSITIVE ION MODE,Metabolomic Analysis of Canine Diabetes (part-I)
ST001743,AN002836,24,23,Reversed phase NEGATIVE ION MODE,The Role of Intestinal-derived FGF15 and Vertical Sleeve Gastrectomy on Plasma Bile Acid Composition in Mice
ST001745,AN002838,207,52,Reversed phase POSITIVE ION MODE,Metabolomic profiling of the rat hippocampus across developmental ages and after learning
ST001745,AN002839,38,52,Reversed phase POSITIVE ION MODE,Metabolomic profiling of the rat hippocampus across developmental ages and after learning
ST001745,AN002840,116,52,Reversed phase NEGATIVE ION MODE,Metabolomic profiling of the rat hippocampus across developmental ages and after learning
ST001745,AN002841,93,52,HILIC NEGATIVE ION MODE,Metabolomic profiling of the rat hippocampus across developmental ages and after learning
ST001746,AN002842,328,80,Reversed phase UNSPECIFIED ION MODE,Examining the Identified Differential Metabolites in Other Antipsychotics with a High Fatality Frequency
ST001747,AN002843,51,65,Reversed phase NEGATIVE ION MODE,"Lung metabolomics after ischemic acute kidney injury reveals increased oxidative stress, altered energy production, and ATP depletion"
ST001747,AN002844,81,65,Reversed phase POSITIVE ION MODE,"Lung metabolomics after ischemic acute kidney injury reveals increased oxidative stress, altered energy production, and ATP depletion"
ST001748,AN002845,2,287,GC POSITIVE ION MODE,Rationally designed bacterial consortia to treat chronic immune-mediated colitis and restore intestinal homeostasis
ST001748,AN002846,3,287,Reversed phase POSITIVE ION MODE,Rationally designed bacterial consortia to treat chronic immune-mediated colitis and restore intestinal homeostasis
ST001748,AN002847,7,287,Reversed phase NEGATIVE ION MODE,Rationally designed bacterial consortia to treat chronic immune-mediated colitis and restore intestinal homeostasis
ST001749,AN002848,210,46,Reversed phase POSITIVE ION MODE,REACH Metabolomics Study
ST001749,AN002849,231,46,Reversed phase POSITIVE ION MODE,REACH Metabolomics Study
ST001749,AN002850,369,46,Reversed phase NEGATIVE ION MODE,REACH Metabolomics Study
ST001749,AN002851,71,46,HILIC NEGATIVE ION MODE,REACH Metabolomics Study
ST001751,AN002854,10,33,Reversed phase NEGATIVE ION MODE,Free fatty acid analysis of NIH-3T3 cells treated with apoptotic inducers
ST001752,AN002855,18,36,Ion pair chromatography NEGATIVE ION MODE,Dual RNA regulator VcdRP in V. cholerae modulates central metabolism
ST001753,AN002856,449,8,HILIC POSITIVE ION MODE,Modifying Chromatography Conditions for Improved Unknown Feature Identification in Untargeted Metabolomics
ST001754,AN002857,193,30,Reversed phase POSITIVE ION MODE,Metabolomic Analysis of Canine Diabetes (part-II)
ST001754,AN002858,211,30,Reversed phase NEGATIVE ION MODE,Metabolomic Analysis of Canine Diabetes (part-II)
ST001755,AN002859,33,10,GC POSITIVE ION MODE,A reductionist approach using primary and metastatic cell-derived extracellular vesicles reveals hub proteins associated with oral cancer prognosis
ST001759,AN002866,213,21,HILIC UNSPECIFIED ION MODE,Application of the redox metabolite detection method for mouse liver
ST001760,AN002867,214,22,HILIC UNSPECIFIED ION MODE,Application of the redox metabolite detection method for mouse kidney
ST001761,AN002868,213,27,HILIC UNSPECIFIED ION MODE,Application of the redox metabolite detection method for mouse biofluids
ST001762,AN002869,213,22,HILIC UNSPECIFIED ION MODE,Application of the redox metabolite detection method for mouse kidney (part II)
ST001763,AN002870,214,22,HILIC UNSPECIFIED ION MODE,Application of the redox metabolite detection method for mouse liver (part II)
ST001764,AN002871,214,40,HILIC UNSPECIFIED ION MODE,Application of the redox metabolite detection method for profiling redox state following pharmacologic perturbation with methotrexate
ST001765,AN002872,214,35,HILIC UNSPECIFIED ION MODE,Optimization of redox metabolite detection in mammalian cells (part I)
ST001766,AN002873,217,16,LUNA-NH2 UNSPECIFIED ION MODE,Application of the redox metabolite detection method for mammalian tissues (part I)
ST001767,AN002874,209,16,ACC-HILIC UNSPECIFIED ION MODE,Application of the redox metabolite detection method for mammalian tissues (part II)
ST001768,AN002875,216,14,HILIC UNSPECIFIED ION MODE,Application of the redox metabolite detection method for mammalian tissues (part III)
ST001769,AN002876,216,22,HILIC UNSPECIFIED ION MODE,Application of the redox metabolite detection method for profiling redox state following pharmacologic perturbations of redox balance in cells (part I)
ST001770,AN002877,216,29,HILIC UNSPECIFIED ION MODE,Application of the redox metabolite detection method for profiling redox state following pharmacologic perturbations of redox balance in cells (part II)
ST001771,AN002878,229,30,HILIC UNSPECIFIED ION MODE,Application of the redox metabolite detection method for profiling redox state following pharmacologic perturbations of redox balance in cells (part III)
ST001772,AN002879,217,37,HILIC UNSPECIFIED ION MODE,Optimization of redox metabolite detection in mammalian cells (part II)
ST001773,AN002880,222,24,HILIC UNSPECIFIED ION MODE,Application of the redox metabolite detection method for mouse biofluids (part II)
ST001774,AN002881,31,50,HILIC NEGATIVE ION MODE,Timecourse on primary human highly differentiated airway epithelial cells infected with HRV-C15
ST001775,AN002882,773,369,Other POSITIVE ION MODE,Plasma metabolomics of diverse mouse strains infected with Plasmodium chabaudi
ST001777,AN002884,104,36,HILIC POSITIVE ION MODE,Comparison of High-Resolution Fourier Transform Mass Spectrometry Platforms for Metabolite Annotation - C. elegans
ST001777,AN002885,104,36,HILIC NEGATIVE ION MODE,Comparison of High-Resolution Fourier Transform Mass Spectrometry Platforms for Metabolite Annotation - C. elegans
ST001778,AN002886,104,11,None (Direct infusion) POSITIVE ION MODE,Comparison of High-Resolution Fourier Transform Mass Spectrometry Platforms for Metabolite Annotation
ST001778,AN002887,104,11,None (Direct infusion) NEGATIVE ION MODE,Comparison of High-Resolution Fourier Transform Mass Spectrometry Platforms for Metabolite Annotation
ST001779,AN002888,20,36,Reversed phase POSITIVE ION MODE,Untargeted Metabolomics analysis of A549 treated with 0.5 mM extracellular ATP and 10 ng/ml TGF-beta
ST001779,AN002889,20,36,Reversed phase NEGATIVE ION MODE,Untargeted Metabolomics analysis of A549 treated with 0.5 mM extracellular ATP and 10 ng/ml TGF-beta
ST001780,AN002890,603,38,HILIC UNSPECIFIED ION MODE,Comparative analysis of metabolomic profiles in cerebrospinal fluid before and after endurance exercise
ST001780,AN002891,86,38,Reversed phase UNSPECIFIED ION MODE,Comparative analysis of metabolomic profiles in cerebrospinal fluid before and after endurance exercise
ST001781,AN002892,366,60,Reversed phase UNSPECIFIED ION MODE,Identifying Candidate Differential Metabolites in lethal chlorpromazine poisoning Relative to non-drug related deaths (part III)
ST001782,AN002893,328,80,Reversed phase UNSPECIFIED ION MODE,Examining the Identified Differential Metabolites in Other Antipsychotics with a High Fatality Frequency (part IV)
ST001783,AN002894,717,96,Reversed phase UNSPECIFIED ION MODE,Performance of Three Differential Metabolites at Different TSS within 20 days
ST001784,AN002895,159,40,Reversed phase UNSPECIFIED ION MODE,Validation of the classifying model by OLA and CLO therapy cases
ST001785,AN002896,28,844,NMR data,The human lipidome via NMR
ST001788,AN002899,556,16,HILIC POSITIVE ION MODE,β-Adrenergic regulation of metabolism in macrophages (part-IV)
ST001788,AN002900,557,16,HILIC NEGATIVE ION MODE,β-Adrenergic regulation of metabolism in macrophages (part-IV)
ST001789,AN002901,603,57,HILIC UNSPECIFIED ION MODE,Acute metabolomic changes of plasma in response to endurance exercise
ST001789,AN002902,86,57,Reversed phase UNSPECIFIED ION MODE,Acute metabolomic changes of plasma in response to endurance exercise
ST001794,AN002911,339,24,HILIC POSITIVE ION MODE,Metabolomics Analysis of Time-Series Gastrointestinal Lumen Samples
ST001794,AN002912,242,24,HILIC NEGATIVE ION MODE,Metabolomics Analysis of Time-Series Gastrointestinal Lumen Samples
ST001794,AN002913,204,24,Reversed phase POSITIVE ION MODE,Metabolomics Analysis of Time-Series Gastrointestinal Lumen Samples
ST001794,AN002914,56,24,Reversed phase NEGATIVE ION MODE,Metabolomics Analysis of Time-Series Gastrointestinal Lumen Samples
ST001795,AN002915,287,26,Reversed phase POSITIVE ION MODE,Changes in mesenteric lymph lipid profile of mice upon high-fat diet with and without Celecoxib (part I)
ST001795,AN002916,218,26,Reversed phase NEGATIVE ION MODE,Changes in mesenteric lymph lipid profile of mice upon high-fat diet with and without Celecoxib (part I)
ST001796,AN002917,507,19,Reversed phase POSITIVE ION MODE,Changes in mesenteric lymph lipid profile of mice upon high-fat diet with and without Celecoxib
ST001796,AN002918,154,19,Reversed phase NEGATIVE ION MODE,Changes in mesenteric lymph lipid profile of mice upon high-fat diet with and without Celecoxib
ST001797,AN002919,28,9,GC POSITIVE ION MODE,SRM1957 validation using GC-XLE
ST001798,AN002920,64,9,GC POSITIVE ION MODE,SRM1957 validation using GC-XLE (2)
ST001799,AN002921,11,57,GC POSITIVE ION MODE,Recovery of internal std in SRM-1957
ST001805,AN002927,539,12,GC POSITIVE ION MODE,Metabolic responses of two pioneer wood decay fungi to diurnally cycling temperature
ST001808,AN002931,175,108,GC UNSPECIFIED ION MODE,Impact of high intensity and moderate exercise on genomic and metabolic remodeling with age in male mice
ST001809,AN002932,194,196,GC UNSPECIFIED ION MODE,The Metabolic Benefits of Short Cycles of Very Low Caloric Intake are Dependent on Diet Composition in Middle-Aged Mice
ST001811,AN002935,3,60,HILIC POSITIVE ION MODE,"Evidence that class I glutamine amidotransferase, GAT1_2.1, acts as a glutaminase in roots of Arabidopsis thaliana"
ST001811,AN002936,2,60,HILIC NEGATIVE ION MODE,"Evidence that class I glutamine amidotransferase, GAT1_2.1, acts as a glutaminase in roots of Arabidopsis thaliana"
ST001813,AN002939,36,517,NMR data,Associations between the gut microbiome and metabolome in early life
ST001814,AN002942,60,79,GC UNSPECIFIED ION MODE,Searching for prognostic biomarkers of Parkinson´s Disease development in the Spanish EPIC cohort through a multiplatform metabolomics approach
ST001815,AN002944,118,60,GC NEGATIVE ION MODE,Metabolic Markers of Methotrexate Response in Juvenile Idiopathic Arthritis
ST001815,AN002945,196,60,HILIC POSITIVE ION MODE,Metabolic Markers of Methotrexate Response in Juvenile Idiopathic Arthritis
ST001815,AN002946,297,60,Reversed phase POSITIVE ION MODE,Metabolic Markers of Methotrexate Response in Juvenile Idiopathic Arthritis
ST001815,AN002947,220,60,Reversed phase NEGATIVE ION MODE,Metabolic Markers of Methotrexate Response in Juvenile Idiopathic Arthritis
ST001816,AN002948,184,39,Other POSITIVE ION MODE,Quantification of PIPs species in mouse tissues.
ST001817,AN002949,138,24,Other POSITIVE ION MODE,Quantification of PIPs species in LPIAT1 KO mouse embryonic fibroblasts (MEFs).
ST001818,AN002950,69,24,Other POSITIVE ION MODE,Quantification of PIPs species in mouse embryonic fibroblasts (MEFs) during autophagosome formation.
ST001819,AN002951,155,44,Reversed phase NEGATIVE ION MODE,"EC and PVC from 14-15 month-old APOE3/3, APOE3/4 and APOE4/4 mice"
ST001819,AN002952,102,44,Reversed phase POSITIVE ION MODE,"EC and PVC from 14-15 month-old APOE3/3, APOE3/4 and APOE4/4 mice"
ST001819,AN002953,80,44,Normal phase POSITIVE ION MODE,"EC and PVC from 14-15 month-old APOE3/3, APOE3/4 and APOE4/4 mice"
ST001820,AN002954,150,18,Reversed phase NEGATIVE ION MODE,WT neurons treated with APOE3/3 and APOE4/4 ACM
ST001820,AN002955,116,18,Reversed phase POSITIVE ION MODE,WT neurons treated with APOE3/3 and APOE4/4 ACM
ST001820,AN002956,82,18,Normal phase POSITIVE ION MODE,WT neurons treated with APOE3/3 and APOE4/4 ACM
ST001822,AN002958,138,8,HILIC NEGATIVE ION MODE,The RNA-binding protein RBP42 regulates cellular energy metabolism in mammalian-infective Trypanosoma brucei
ST001823,AN002959,106,62,Reversed phase POSITIVE ION MODE,Alterations in the fecal microbiome and metabolome of horses with antimicrobial-associated diarrhea compared to antibiotic-treated and non-treated healthy case controls
ST001827,AN002963,1110,410,Other UNSPECIFIED ION MODE,The pregnancy metabolome from a multi-ethnic pregnancy cohort
ST001828,AN002965,167,100,Reversed phase POSITIVE ION MODE,Nested case–control study of environmental exposure within the ongoing Puerto Rico Testsite for Exploring Contamination Threats (PROTECT) pregnancy cohort.
ST001828,AN002967,170,100,Reversed phase NEGATIVE ION MODE,Nested case–control study of environmental exposure within the ongoing Puerto Rico Testsite for Exploring Contamination Threats (PROTECT) pregnancy cohort.
ST001829,AN002968,40,124,Reversed phase POSITIVE ION MODE,Analysis and annotation of oxidized PCs generated in vitro.
ST001829,AN002969,38,124,Reversed phase NEGATIVE ION MODE,Analysis and annotation of oxidized PCs generated in vitro.
ST001830,AN002970,88,232,Reversed phase POSITIVE ION MODE,Exhaustive analysis of endogenous oxPCs in APAP-treated mice.
ST001830,AN002971,70,232,Reversed phase NEGATIVE ION MODE,Exhaustive analysis of endogenous oxPCs in APAP-treated mice.
ST001831,AN002972,495,100,Reversed phase POSITIVE ION MODE,Nested case–control study of environmental exposure within the ongoing Puerto Rico Testsite for Exploring Contamination Threats (PROTECT) pregnancy cohort (part II)
ST001831,AN002973,363,100,Reversed phase NEGATIVE ION MODE,Nested case–control study of environmental exposure within the ongoing Puerto Rico Testsite for Exploring Contamination Threats (PROTECT) pregnancy cohort (part II)
ST001832,AN002974,20,134,Reversed phase NEGATIVE ION MODE,Quantitative bile acids study on blood serum and ceacal content of rat models (part I)
ST001833,AN002975,41,143,Reversed phase NEGATIVE ION MODE,Quantitative bile acids study on blood serum and ceacal content of rat models (part II)
ST001834,AN002976,190,36,GC NEGATIVE ION MODE,A metabolomics comparison of plant-based meat and grass-fed meat indicates large nutritional differences despite comparable nutrition facts labels
ST001835,AN002977,498,36,Reversed phase POSITIVE ION MODE,"Use of Integrated Metabolomics, Transcriptomics, and Signal Protein Profile to Characterize the Effector Function and Associated Metabotype of Polarized Macrophage Phenotypes"
ST001836,AN002978,145,143,Reversed phase POSITIVE ION MODE,Quantitative lipids study on blood serum and ceacal content of rat models
ST001837,AN002979,1,143,Reversed phase NEGATIVE ION MODE,Quantitative total hexose study on blood serum and ceacal content of rat models
ST001838,AN002980,1,125,HILIC POSITIVE ION MODE,Reversing Epigenetic Gene Silencing to Overcome Immune Evasion in CNS Malignancies
ST001839,AN002981,36,11,Reversed phase POSITIVE ION MODE,Metabolite profiling of Malaysian Gracilaria edulis reveals Eplerenone as novel antibacterial compound for drug repurposing against MDR Bacteria
ST001839,AN002982,27,11,GC UNSPECIFIED ION MODE,Metabolite profiling of Malaysian Gracilaria edulis reveals Eplerenone as novel antibacterial compound for drug repurposing against MDR Bacteria
ST001840,AN002983,307,178,CSH UNSPECIFIED ION MODE,Metabolomics of lung microdissections reveals region- and sex-specific metabolic effects of acute naphthalene exposure in mice (part I)
ST001841,AN002984,270,178,HILIC UNSPECIFIED ION MODE,Metabolomics of lung microdissections reveals region- and sex-specific metabolic effects of acute naphthalene exposure in mice (part II)
ST001842,AN002985,157,60,GC UNSPECIFIED ION MODE,Identification of unique metabolite networks between Latino and Caucasian patients with nonalcoholic fatty liver disease (NAFLD) (part I)
ST001843,AN002986,427,60,CSH UNSPECIFIED ION MODE,Identification of unique metabolite networks between Latino and Caucasian patients with nonalcoholic fatty liver disease (NAFLD) (part II)
ST001844,AN002987,356,61,HILIC UNSPECIFIED ION MODE,Identification of unique metabolite networks between Latino and Caucasian patients with nonalcoholic fatty liver disease (NAFLD) (part III)
ST001845,AN002988,71,21,Other UNSPECIFIED ION MODE,Identification of unique metabolite networks between Latino and Caucasian patients with nonalcoholic fatty liver disease (NAFLD) (part IV)
ST001847,AN002991,62,234,NMR data,Standardized gnotobiotic mouse model for NMR based phenotyping
ST001849,AN002993,105,700,HILIC POSITIVE ION MODE,Longitudinal Metabolomics of Human Plasma Reveals Robust Prognostic Markers of COVID-19 Disease Severity (part I)
ST001849,AN002994,130,700,HILIC NEGATIVE ION MODE,Longitudinal Metabolomics of Human Plasma Reveals Robust Prognostic Markers of COVID-19 Disease Severity (part I)
ST001849,AN002995,314,700,Reversed phase POSITIVE ION MODE,Longitudinal Metabolomics of Human Plasma Reveals Robust Prognostic Markers of COVID-19 Disease Severity (part I)
ST001849,AN002996,158,700,Reversed phase NEGATIVE ION MODE,Longitudinal Metabolomics of Human Plasma Reveals Robust Prognostic Markers of COVID-19 Disease Severity (part I)
ST001850,AN002997,127,18,Other NEGATIVE ION MODE,Unbiased LC-MS-based metabolomics analysis for both whole cell and mitochondria metabolites to gain an insight into the role of Tug1/PGC1 axis on metabolite profiles in podocytes
ST001850,AN002998,29,18,HILIC POSITIVE ION MODE,Unbiased LC-MS-based metabolomics analysis for both whole cell and mitochondria metabolites to gain an insight into the role of Tug1/PGC1 axis on metabolite profiles in podocytes
ST001851,AN002999,52,387,Reversed phase UNSPECIFIED ION MODE,"Quantitative analysis of bile acids in fecal samples from centenarians, elderly and young subjects."
ST001852,AN003000,14,1044,Reversed phase UNSPECIFIED ION MODE,Screening of unique bile acid metabolizing bacteria
ST001853,AN003001,1,56,HILIC POSITIVE ION MODE,Longitudinal Metabolomics of Human Plasma Reveals Robust Prognostic Markers of COVID-19 Disease Severity (Part 2)
ST001853,AN003002,2,56,HILIC NEGATIVE ION MODE,Longitudinal Metabolomics of Human Plasma Reveals Robust Prognostic Markers of COVID-19 Disease Severity (Part 2)
ST001853,AN003003,15,56,Reversed phase POSITIVE ION MODE,Longitudinal Metabolomics of Human Plasma Reveals Robust Prognostic Markers of COVID-19 Disease Severity (Part 2)
ST001853,AN003004,3,56,Reversed phase NEGATIVE ION MODE,Longitudinal Metabolomics of Human Plasma Reveals Robust Prognostic Markers of COVID-19 Disease Severity (Part 2)
ST001855,AN003006,172,12,Reversed phase POSITIVE ION MODE,The metabolomic resetting effect of FG4592 in AKI to CKD transition-day 21 (Part 1)
ST001855,AN003007,90,12,Reversed phase NEGATIVE ION MODE,The metabolomic resetting effect of FG4592 in AKI to CKD transition-day 21 (Part 1)
ST001856,AN003008,136,12,Reversed phase POSITIVE ION MODE,The metabolomic resetting effect of FG4592 in AKI to CKD transition-day 21 (Part 2)
ST001856,AN003009,81,12,Reversed phase NEGATIVE ION MODE,The metabolomic resetting effect of FG4592 in AKI to CKD transition-day 21 (Part 2)
ST001859,AN003013,254,21,None (Direct infusion) POSITIVE ION MODE,"dTor affects the fat body lipidome via Nep1r1, Ctdnep1 and Lipin"
ST001859,AN003014,254,21,None (Direct infusion) NEGATIVE ION MODE,"dTor affects the fat body lipidome via Nep1r1, Ctdnep1 and Lipin"
ST001860,AN003015,68,9,HILIC NEGATIVE ION MODE,Spontaneous hydrolysis and spurious metabolic properties of α-ketoglutarate esters
ST001860,AN003016,79,9,HILIC POSITIVE ION MODE,Spontaneous hydrolysis and spurious metabolic properties of α-ketoglutarate esters
ST001862,AN003018,16,55,Normal phase NEGATIVE ION MODE,Cross-feeding between intestinal pathobionts promotes their overgrowth during undernutrition
ST001862,AN003019,4,55,Reversed phase POSITIVE ION MODE,Cross-feeding between intestinal pathobionts promotes their overgrowth during undernutrition
ST001863,AN003020,187,12,HILIC POSITIVE ION MODE,Analysis of Bxa induced metabolic changes in epithelial cells
ST001864,AN003021,58,36,Reversed phase NEGATIVE ION MODE,Targeting host glycolysis as a strategy for antimalarial development
ST001864,AN003022,66,36,Reversed phase POSITIVE ION MODE,Targeting host glycolysis as a strategy for antimalarial development
ST001865,AN003023,112,16,GC POSITIVE ION MODE,Systemic metabolite changes due to Hypoxia
ST001865,AN003024,108,16,LC/MS POSITIVE ION MODE,Systemic metabolite changes due to Hypoxia
ST001865,AN003025,142,16,LC/MS NEGATIVE ION MODE,Systemic metabolite changes due to Hypoxia
ST001866,AN003026,119,14,GC POSITIVE ION MODE,Systemic metabolite changes due to PHD inhibition
ST001866,AN003027,124,14,LC/MS POSITIVE ION MODE,Systemic metabolite changes due to PHD inhibition
ST001866,AN003028,126,14,LC/MS NEGATIVE ION MODE,Systemic metabolite changes due to PHD inhibition
ST001869,AN003031,715,33,Reversed phase POSITIVE ION MODE,WNK463 Inhibition on Right Ventricular metabolomics
ST001870,AN003032,767,30,Reversed phase POSITIVE ION MODE,Effects of GP130 Antagonism on Right Ventricular Metabolism in Monocrotaline Rats
ST001873,AN003035,736,12,Reversed phase POSITIVE ION MODE,Metabolomics analysis of multiple samples on AB 5600-Part 1
ST001874,AN003036,594,54,Reversed phase POSITIVE ION MODE,Metabolomics analysis of multiple samples on Agilent 6546-Part 1
ST001875,AN003037,34,6,Reversed phase NEGATIVE ION MODE,Metabolomics analysis of multiple samples on AB 5600-Part 2
ST001876,AN003038,53,36,Reversed phase NEGATIVE ION MODE,Metabolomics analysis of multiple samples on Agilent 6546-Part 2
ST001879,AN003039,68,12,GC UNSPECIFIED ION MODE,Proteomics reveals an increase in the abundance of glycolytic and ethanolic fermentation enzymes in developing sugarcane culms during sucrose accumulation
ST001884,AN003048,44,56,Reversed phase POSITIVE ION MODE,Metabolomics of Ndufs4 KO urine (part - II)
ST001888,AN003057,238,175,HILIC POSITIVE ION MODE,A Metabolome Atlas of the Aging Mouse Brain (Study part II)
ST001888,AN003058,163,175,HILIC NEGATIVE ION MODE,A Metabolome Atlas of the Aging Mouse Brain (Study part II)
ST001888,AN003059,700,175,Reversed phase POSITIVE ION MODE,A Metabolome Atlas of the Aging Mouse Brain (Study part II)
ST001888,AN003060,323,175,Reversed phase NEGATIVE ION MODE,A Metabolome Atlas of the Aging Mouse Brain (Study part II)
ST001888,AN003061,123,175,GC POSITIVE ION MODE,A Metabolome Atlas of the Aging Mouse Brain (Study part II)
ST001893,AN003074,118,8,Reversed phase NEGATIVE ION MODE,Involvement of Mieap in Cardiolipin metabolism (part I)
ST001894,AN003075,134,8,Reversed phase NEGATIVE ION MODE,Involvement of Mieap in cardiolipin metabolism (part II)
ST001897,AN003078,284,50,Reversed phase POSITIVE ION MODE,A local source of insulin in the eye governed by phagocytosis and starvation
ST001897,AN003079,45,50,Reversed phase NEGATIVE ION MODE,A local source of insulin in the eye governed by phagocytosis and starvation
ST001901,AN003089,148,120,GC POSITIVE ION MODE,Mitochondrial-Derived Compartments Facilitate Cellular Adaptation to Amino Acid Stress
ST001901,AN003090,149,120,GC POSITIVE ION MODE,Mitochondrial-Derived Compartments Facilitate Cellular Adaptation to Amino Acid Stress
ST001901,AN003091,180,120,GC POSITIVE ION MODE,Mitochondrial-Derived Compartments Facilitate Cellular Adaptation to Amino Acid Stress
ST001901,AN003092,181,120,GC POSITIVE ION MODE,Mitochondrial-Derived Compartments Facilitate Cellular Adaptation to Amino Acid Stress
ST001902,AN003093,91,6,Normal phase POSITIVE ION MODE,Metabolomics analysis of AsPC-1 PDAC cells treated with Porcupine inhibitor (LGK974)
ST001902,AN003094,113,6,Normal phase NEGATIVE ION MODE,Metabolomics analysis of AsPC-1 PDAC cells treated with Porcupine inhibitor (LGK974)
ST001905,AN003102,143,61,GC POSITIVE ION MODE,Metabolomic profiling of saliva in diabetes patients
ST001906,AN003103,78,61,GC POSITIVE ION MODE,Metabolomic profiling of plasma in diabetes patients
ST001907,AN003104,750,40,Reversed phase POSITIVE ION MODE,Training-induced bioenergetic improvement in human skeletal muscle is associated with non-stoichiometric changes in the mitochondrial proteome without reorganisation of respiratory chain content
ST001908,AN003105,102,100,HILIC POSITIVE ION MODE,Post Acute Myocardial Infarction Left Ventricular Remodeling Bio marker Analysis (PAMILA)
ST001909,AN003106,23,24,GC UNSPECIFIED ION MODE,ATF3 regulation of serine metabolism
ST001910,AN003107,2,31,Reversed phase NEGATIVE ION MODE,Impact of host dietary BCAA to gut symbiont-derived lipid profile
ST001915,AN003113,1941,12,GC UNSPECIFIED ION MODE,Myocardial Rev-erb-mediated diurnal metabolic rhythm( Part1/3)
ST001916,AN003114,62,12,GC POSITIVE ION MODE,Myocardial Rev-erb-mediated diurnal metabolic rhythm (Part 2/3)
ST001917,AN003115,67,12,GC POSITIVE ION MODE,Myocardial Rev-erb-mediated diurnal metabolic rhythm (Part 3/3)
ST001919,AN003118,271,41,Normal phase UNSPECIFIED ION MODE,Exposure to environmental contaminants is associated with alterations in hepatic lipid metabolism in non-alcoholic fatty liver disease
ST001920,AN003119,34,36,GC POSITIVE ION MODE,Metabolic and lipidomic characterization of radioresistant MDA-MB-231 human breast cancer cells to investigate potential therapeutic targets
ST001920,AN003120,27,36,None (Direct infusion) POSITIVE ION MODE,Metabolic and lipidomic characterization of radioresistant MDA-MB-231 human breast cancer cells to investigate potential therapeutic targets
ST001920,AN003121,25,36,None (Direct infusion) NEGATIVE ION MODE,Metabolic and lipidomic characterization of radioresistant MDA-MB-231 human breast cancer cells to investigate potential therapeutic targets
ST001921,AN003122,92,17,GC POSITIVE ION MODE,An Airway Organoid-Based Screen Identifies a Role for the HIF1α-Glycolysis Axis in SARS-CoV-2 Infection
ST001922,AN003123,258,12,HILIC UNSPECIFIED ION MODE,Sublytic membrane attack complex drives glycolysis and mitochondrial dysfunction with inflammatory consequences in human monocyte-derived macrophages
ST001922,AN003124,258,12,Reversed phase POSITIVE ION MODE,Sublytic membrane attack complex drives glycolysis and mitochondrial dysfunction with inflammatory consequences in human monocyte-derived macrophages
ST001924,AN003127,50,84,NMR data,Urine-Based Metabolomics and Machine Learning Reveals Metabolites Associated with Renal Cell Carcinoma Progression NMR (part-I)
ST001926,AN003130,116,261,HILIC UNSPECIFIED ION MODE,Modular evolution of the Drosophila metabolome
ST001927,AN003133,132,15,GC UNSPECIFIED ION MODE,"Fungal consortium of two Beauveria bassiana strains increases their virulence, growth, and resistance to stress: a metabolomic approach."
ST001928,AN003136,305,73,HILIC UNSPECIFIED ION MODE,Metabolomics profiles of premenopausal women are different based on O-desmethylangolensin metabotype
ST001929,AN003137,92,61,GC POSITIVE ION MODE,Metabolomics profiles of premenopausal women are different based on O-desmethylangolensin metabotype (Part 2)
ST001931,AN003139,71,633,HILIC POSITIVE ION MODE,"Pesticides, Perfluorinated compounds and the development of adolescents in agricultural communities"
ST001931,AN003140,58,633,Reversed phase NEGATIVE ION MODE,"Pesticides, Perfluorinated compounds and the development of adolescents in agricultural communities"
ST001932,AN003141,39,2158,HILIC POSITIVE ION MODE,Perfluorinated compounds and high fat diet in relation to CVD-relevant metabolomic pathways in the SEARCH for Diabetes in Youth study
ST001932,AN003142,48,2158,Reversed phase NEGATIVE ION MODE,Perfluorinated compounds and high fat diet in relation to CVD-relevant metabolomic pathways in the SEARCH for Diabetes in Youth study
ST001933,AN003143,187,82,Reversed phase UNSPECIFIED ION MODE,Absolute quantification of plasma cytokines and metabolome reveals the glycylproline regulating antibody-fading in convalescent COVID-19 patients
ST001935,AN003145,243,27,Reversed phase POSITIVE ION MODE,Metabolomic profiling of spontaneous macaque model for diabetes mellitus
ST001935,AN003146,267,27,Reversed phase NEGATIVE ION MODE,Metabolomic profiling of spontaneous macaque model for diabetes mellitus
ST001935,AN003147,447,27,Reversed phase POSITIVE ION MODE,Metabolomic profiling of spontaneous macaque model for diabetes mellitus
ST001935,AN003148,125,27,Reversed phase NEGATIVE ION MODE,Metabolomic profiling of spontaneous macaque model for diabetes mellitus
ST001937,AN003150,545,1160,GC/LC POSITIVE ION MODE,Comprehensive plasma metabolomics and lipidomics based management of benign and malignant solitary pulmonary nodules
ST001938,AN003151,21,28,Reversed phase NEGATIVE ION MODE,Metabolomics characterized concentration-dependent metabolic influence of magnesium on biofilm formation in Escherichia coli (Part1)
ST001938,AN003152,80,28,Reversed phase POSITIVE ION MODE,Metabolomics characterized concentration-dependent metabolic influence of magnesium on biofilm formation in Escherichia coli (Part1)
ST001939,AN003153,17,30,Reversed phase NEGATIVE ION MODE,Metabolomics characterized concentration-dependent metabolic influence of magnesium on biofilm formation in Escherichia coli (Part 2)
ST001939,AN003154,79,30,Reversed phase POSITIVE ION MODE,Metabolomics characterized concentration-dependent metabolic influence of magnesium on biofilm formation in Escherichia coli (Part 2)
ST001940,AN003155,872,68,Reversed phase POSITIVE ION MODE,Cognitive Behavioral Therapy for Irritable Bowel Syndrome Induces Bidirectional Alterations in the Brain-Gut-Microbiome Axis Associated with Gastrointestinal Symptom Improvement
ST001940,AN003156,872,68,Reversed phase POSITIVE ION MODE,Cognitive Behavioral Therapy for Irritable Bowel Syndrome Induces Bidirectional Alterations in the Brain-Gut-Microbiome Axis Associated with Gastrointestinal Symptom Improvement
ST001940,AN003157,872,68,Reversed phase NEGATIVE ION MODE,Cognitive Behavioral Therapy for Irritable Bowel Syndrome Induces Bidirectional Alterations in the Brain-Gut-Microbiome Axis Associated with Gastrointestinal Symptom Improvement
ST001940,AN003158,872,68,HILIC NEGATIVE ION MODE,Cognitive Behavioral Therapy for Irritable Bowel Syndrome Induces Bidirectional Alterations in the Brain-Gut-Microbiome Axis Associated with Gastrointestinal Symptom Improvement
ST001945,AN003167,49,32,NMR data,Capybara gut microbiome
ST001946,AN003168,69,28,GC UNSPECIFIED ION MODE,Bipolar disorder metabolomics analysis using FiehnLib and GMD for curation
ST001947,AN003169,66,265,GC POSITIVE ION MODE,Metabolite profiling of shoots of juvenile maize plants
ST001948,AN003170,41,68,Normal phase NEGATIVE ION MODE,Metabolites Associated with Gestational Diabetes in Plasma
ST001948,AN003171,71,68,HILIC POSITIVE ION MODE,Metabolites Associated with Gestational Diabetes in Plasma
ST001948,AN003172,17,68,Reversed phase POSITIVE ION MODE,Metabolites Associated with Gestational Diabetes in Plasma
ST001949,AN003173,,60,GC POSITIVE ION MODE,Plasma Metabolome Normalization in Rheumatoid Arthritis following initiation of Methotrexate and the Identification of Metabolic Biomarkers of Efficacy
ST001950,AN003174,584,114,Reversed phase POSITIVE ION MODE,Lipidome Alterations Following Mild Traumatic Brain Injury.
ST001950,AN003175,219,114,Reversed phase NEGATIVE ION MODE,Lipidome Alterations Following Mild Traumatic Brain Injury.
ST001951,AN003176,51,12,Reversed phase NEGATIVE ION MODE,Quantification of ω-3 fatty acids and their derivatives in lungs from hypoxia-induced pulmonary hypertension (PH) mice.
ST001952,AN003177,3,6,Other NEGATIVE ION MODE,GLS2KO vs WT mouse hepatocytes
ST001953,AN003178,212,32,None (Direct infusion) NEGATIVE ION MODE,Identifying metabolite changes in human islets treated with Phospho-BAD mimicry and Inflammatory cytokines
ST001954,AN003179,124,20,HILIC UNSPECIFIED ION MODE,A pathogenic role for histone H3 copper reductase activity in a yeast model of Friedreich’s Ataxia
ST001955,AN003180,262,12,HILIC NEGATIVE ION MODE,Metabonomics analysis reveals the physiological mechanism of promoting maize shoots growth under negative pressure to stabilize soil water content
ST001955,AN003181,376,12,HILIC POSITIVE ION MODE,Metabonomics analysis reveals the physiological mechanism of promoting maize shoots growth under negative pressure to stabilize soil water content
ST001942,AN003184,103,150,HILIC POSITIVE ION MODE,Lipidomics of esophageal adenocarcinoma
ST001942,AN003185,76,150,HILIC POSITIVE ION MODE,Lipidomics of esophageal adenocarcinoma
ST001942,AN003186,80,150,HILIC NEGATIVE ION MODE,Lipidomics of esophageal adenocarcinoma
ST001956,AN003188,157,18,GC UNSPECIFIED ION MODE,Timecourse exometabolome analysis of glucose grown Rubrivivax benzoatilyticus cells
ST001958,AN003193,309,15,Reversed phase UNSPECIFIED ION MODE,Data on changes in lipid profiles during differentiation and maturation of human subcutaneous white adipocytes analyzed using chromatographic and bioinformatics tools
ST001960,AN003195,154,16,None (Direct infusion) POSITIVE ION MODE,Lipidomics of brown adipocytes treated with d9-choline
ST001961,AN003196,239,11,None (Direct infusion) NEGATIVE ION MODE,Metabolomics of brown adipose tissue in murine heart failure model
ST001961,AN003197,275,11,None (Direct infusion) POSITIVE ION MODE,Metabolomics of brown adipose tissue in murine heart failure model
ST001963,AN003200,541,27,Reversed phase POSITIVE ION MODE,THEM6-mediated lipid remodelling sustains stress resistance in cancer
ST001963,AN003201,541,27,Reversed phase NEGATIVE ION MODE,THEM6-mediated lipid remodelling sustains stress resistance in cancer
ST001964,AN003202,21,41,GC UNSPECIFIED ION MODE,Quantitative genome-scale analysis of human liver reveals dysregulation of glycosphingolipid pathways in progressive nonalcoholic fatty liver disease
ST001965,AN003203,36,18,GC POSITIVE ION MODE,Integration of Metabolomics and Proteomics to Unveil Orchestration of Photorespiration and Central Carbon Pathway in Microchloropsis gaditana NIES 2587
ST001966,AN003204,37,45,NMR data,NMR Hydrophilic Metabolomic Analysis of Bacterial Resistance Pathways using Multivalent Antimicrobials with Challenged and Unchallenged Wild Type and Mutated Gram Positive Bacteria
ST001967,AN003205,40,30,NMR data,"Analytical methodology for a metabolome atlas of goat’s plasma, milk and feces using 1H-NMR and UHPLC-HRMS:NMR/plasma"
ST001968,AN003206,132,30,Reversed phase POSITIVE ION MODE,"Analytical methodology for a metabolome atlas of goat’s plasma, milk and feces using 1H-NMR and UHPLC-HRMS:MS/plasma"
ST001968,AN003207,85,30,Reversed phase NEGATIVE ION MODE,"Analytical methodology for a metabolome atlas of goat’s plasma, milk and feces using 1H-NMR and UHPLC-HRMS:MS/plasma"
ST001968,AN003208,102,30,HILIC POSITIVE ION MODE,"Analytical methodology for a metabolome atlas of goat’s plasma, milk and feces using 1H-NMR and UHPLC-HRMS:MS/plasma"
ST001968,AN003209,124,30,HILIC NEGATIVE ION MODE,"Analytical methodology for a metabolome atlas of goat’s plasma, milk and feces using 1H-NMR and UHPLC-HRMS:MS/plasma"
ST001969,AN003210,35,30,NMR data,"Analytical methodology for a metabolome atlas of goat’s plasma, milk and feces using 1H-NMR and UHPLC-HRMS:NMR/milk"
ST001970,AN003211,126,29,Reversed phase POSITIVE ION MODE,"Analytical methodology for a metabolome atlas of goat’s plasma, milk and feces using 1H-NMR and UHPLC-HRMS:MS/milk"
ST001970,AN003212,80,29,Reversed phase NEGATIVE ION MODE,"Analytical methodology for a metabolome atlas of goat’s plasma, milk and feces using 1H-NMR and UHPLC-HRMS:MS/milk"
ST001970,AN003213,132,29,HILIC POSITIVE ION MODE,"Analytical methodology for a metabolome atlas of goat’s plasma, milk and feces using 1H-NMR and UHPLC-HRMS:MS/milk"
ST001970,AN003214,141,29,HILIC NEGATIVE ION MODE,"Analytical methodology for a metabolome atlas of goat’s plasma, milk and feces using 1H-NMR and UHPLC-HRMS:MS/milk"
ST001971,AN003215,277,96,Reversed phase POSITIVE ION MODE,Lipid Profiling in African-American Men with Prostate Cancer
ST001971,AN003216,152,96,Reversed phase NEGATIVE ION MODE,Lipid Profiling in African-American Men with Prostate Cancer
ST001972,AN003217,28,50,NMR data,"Analytical methodology for a metabolome atlas of goat’s plasma, milk and feces using 1H-NMR and UHPLC-HRMS:NMR/feces"
ST001973,AN003218,128,50,Reversed phase POSITIVE ION MODE,"Analytical methodology for a metabolome atlas of goat’s plasma, milk and feces using 1H-NMR and UHPLC-HRMS:MS/feces"
ST001973,AN003219,86,50,Reversed phase NEGATIVE ION MODE,"Analytical methodology for a metabolome atlas of goat’s plasma, milk and feces using 1H-NMR and UHPLC-HRMS:MS/feces"
ST001973,AN003220,90,50,HILIC POSITIVE ION MODE,"Analytical methodology for a metabolome atlas of goat’s plasma, milk and feces using 1H-NMR and UHPLC-HRMS:MS/feces"
ST001973,AN003221,65,50,HILIC NEGATIVE ION MODE,"Analytical methodology for a metabolome atlas of goat’s plasma, milk and feces using 1H-NMR and UHPLC-HRMS:MS/feces"
ST001974,AN003222,218,40,HILIC UNSPECIFIED ION MODE,Anti-oxidative metabolism measurement in mammalian cells and tissues by quantitative LC/MS method (I)
ST001975,AN003223,215,48,HILIC UNSPECIFIED ION MODE,Anti-oxidative metabolism measurement in mammalian cells and tissues by quantitative LC/MS method (II)
ST001976,AN003224,215,40,HILIC UNSPECIFIED ION MODE,Anti-oxidation metabolism measurement in mammalian cells and tissues by quantitative LC/MS method (III)
ST001977,AN003225,216,37,HILIC UNSPECIFIED ION MODE,Anti-oxidative metabolism measurement in mammalian cells and tissues by quantitative LC/MS method (IV)
ST001978,AN003226,217,80,HILIC UNSPECIFIED ION MODE,Anti-oxidation metabolism measurement in mammalian cells and tissues by quantitative LC/MS method (V)
ST001978,AN003227,54,80,HILIC UNSPECIFIED ION MODE,Anti-oxidation metabolism measurement in mammalian cells and tissues by quantitative LC/MS method (V)
ST001979,AN003228,225,49,HILIC UNSPECIFIED ION MODE,Anti-oxidation metabolism measurement in mammalian cells and tissues by quantitative LC/MS method (VI)
ST001979,AN003229,5,49,HILIC UNSPECIFIED ION MODE,Anti-oxidation metabolism measurement in mammalian cells and tissues by quantitative LC/MS method (VI)
ST001980,AN003230,153,24,GC POSITIVE ION MODE,"Metabolomic profiles in S. mutans, S. gordonii, and S. oralis cells treated with D-tagatose"
ST001981,AN003231,50,9,NMR data,Non-destructive characterization of Mesenchymal stem cells
ST001983,AN003234,731,30,UPLC UNSPECIFIED ION MODE,Metabolomic Fingerprinting of Human High Grade Serous Ovarian Carcinoma Cell Lines
ST001984,AN003235,37,66,NMR data,Metabolic adaptations in an endocrine-related breast cancer mouse model unveil potential markers of tumor response to hormonal therapy
ST001985,AN003236,196,72,Reversed phase NEGATIVE ION MODE,Profiling Plasmodium falciparum parasites and human red blood cells after treatment with MMV693183
ST001986,AN003237,141,12,HILIC UNSPECIFIED ION MODE,Fbxo7 promotes Cdk6 activity to inhibit PFKP and glycolysis in T cells
ST001988,AN003240,764,27,Reversed phase POSITIVE ION MODE,THEM6-mediated lipid remodelling sustains stress resistance in cancer (Part 2)
ST001989,AN003241,726,18,Reversed phase POSITIVE ION MODE,THEM6-mediated lipid remodelling sustains stress resistance in cancer (Part 3)
ST001990,AN003242,141,35,GC UNSPECIFIED ION MODE,METABOLOMICS OF THE INTERACTION BETWEEN A CONSORTIUM OF ENTOMOPATHOGENIC FUNGI AND THEIR TARGET INSECT: MECHANISMS OF ATTACK AND SURVIVAL.
ST001990,AN003243,135,35,GC UNSPECIFIED ION MODE,METABOLOMICS OF THE INTERACTION BETWEEN A CONSORTIUM OF ENTOMOPATHOGENIC FUNGI AND THEIR TARGET INSECT: MECHANISMS OF ATTACK AND SURVIVAL.
ST001991,AN003248,29,333,Reversed phase NEGATIVE ION MODE,Dynamics of bile acid metabolism between the host and gut microbiome in progression to islet autoimmunity (Blood)
ST001992,AN003249,31,304,Reversed phase NEGATIVE ION MODE,Dynamics of bile acid metabolism between the host and gut microbiome in progression to islet autoimmunity (Feces)
ST001994,AN003251,1,6,NMR data,Mutasynthetic production and antimicrobial characterisation of Darobactin darobactin analogs (NMR analysis)
ST001995,AN003252,6,6,Reversed phase POSITIVE ION MODE,Mutasynthetic production and antimicrobial characterisation of Darobactin darobactin analogs (MS analysis)
ST001995,AN003253,1,6,Reversed phase POSITIVE ION MODE,Mutasynthetic production and antimicrobial characterisation of Darobactin darobactin analogs (MS analysis)
ST001995,AN003254,4,6,Reversed phase POSITIVE ION MODE,Mutasynthetic production and antimicrobial characterisation of Darobactin darobactin analogs (MS analysis)
ST001996,AN003255,59,18,Reversed phase POSITIVE ION MODE,Polyamine import and accumulation causes immunomodulation in macrophages engulfing apoptotic cells (Part 1)
ST001996,AN003256,34,18,Reversed phase NEGATIVE ION MODE,Polyamine import and accumulation causes immunomodulation in macrophages engulfing apoptotic cells (Part 1)
ST001997,AN003257,51,18,Reversed phase POSITIVE ION MODE,Polyamine import and accumulation causes immunomodulation in macrophages engulfing apoptotic cells (Part 2)
ST001997,AN003258,49,18,Reversed phase NEGATIVE ION MODE,Polyamine import and accumulation causes immunomodulation in macrophages engulfing apoptotic cells (Part 2)
ST001998,AN003259,64,9,Reversed phase POSITIVE ION MODE,Polyamine import and accumulation causes immunomodulation in macrophages engulfing apoptotic cells (Part 3)
ST001998,AN003260,28,9,Reversed phase NEGATIVE ION MODE,Polyamine import and accumulation causes immunomodulation in macrophages engulfing apoptotic cells (Part 3)
ST001999,AN003261,56,9,Reversed phase POSITIVE ION MODE,Polyamine import and accumulation causes immunomodulation in macrophages engulfing apoptotic cells (Part 4)
ST001999,AN003262,72,9,Reversed phase NEGATIVE ION MODE,Polyamine import and accumulation causes immunomodulation in macrophages engulfing apoptotic cells (Part 4)
ST002000,AN003263,99,197,GC UNSPECIFIED ION MODE,A case-control study on plasma metabolomics analysis in Myalgic encephalomyelitis/chronic fatigue syndrome (ME/CFS) (Part 1)
ST002001,AN003264,71,197,Other UNSPECIFIED ION MODE,A case-control study on plasma metabolomics analysis in Myalgic encephalomyelitis/chronic fatigue syndrome (ME/CFS) (Part 2)
ST002002,AN003265,477,197,Other UNSPECIFIED ION MODE,A case-control study on plasma metabolomics analysis in Myalgic encephalomyelitis/chronic fatigue syndrome (ME/CFS) (Part 3)
ST002003,AN003266,237,197,HILIC POSITIVE ION MODE,A case-control study on plasma metabolomics analysis in Myalgic encephalomyelitis/chronic fatigue syndrome (ME/CFS) (Part 4)
ST002007,AN003270,364,25,Reversed phase NEGATIVE ION MODE,Isotope tracing analysis of stress erythroid progenitors
ST002008,AN003271,2,433,HILIC POSITIVE ION MODE,Glycine betaine uptake and metabolism in marine microbial communities
ST002008,AN003272,177,433,HILIC POSITIVE ION MODE,Glycine betaine uptake and metabolism in marine microbial communities
ST002008,AN003273,166,433,HILIC NEGATIVE ION MODE,Glycine betaine uptake and metabolism in marine microbial communities
ST002008,AN003274,20,433,Reversed phase POSITIVE ION MODE,Glycine betaine uptake and metabolism in marine microbial communities
ST002009,AN003275,148,15,Reversed phase NEGATIVE ION MODE,Metabolomics analysis of stress erythroid progenitors
ST002010,AN003276,425,22,HILIC POSITIVE ION MODE,Chemoresistant Ovarian Cancer Global Metabolomics
ST002011,AN003277,147,27,Reversed phase NEGATIVE ION MODE,The anticancer human mTOR inhibitor MLN0128/Sapanisertib with potent multistage in vitro antiplasmodium activity and in vivo antimalarial efficacy in a humanised mouse model is an inhibitor of multiple Plasmodium falciparum kinases.
ST002011,AN003278,179,27,Reversed phase NEGATIVE ION MODE,The anticancer human mTOR inhibitor MLN0128/Sapanisertib with potent multistage in vitro antiplasmodium activity and in vivo antimalarial efficacy in a humanised mouse model is an inhibitor of multiple Plasmodium falciparum kinases.
ST002011,AN003279,173,27,Reversed phase NEGATIVE ION MODE,The anticancer human mTOR inhibitor MLN0128/Sapanisertib with potent multistage in vitro antiplasmodium activity and in vivo antimalarial efficacy in a humanised mouse model is an inhibitor of multiple Plasmodium falciparum kinases.
ST002016,AN003284,603,322,Reversed phase POSITIVE ION MODE,Metabolomics of COVID patients
ST002016,AN003285,87,322,Reversed phase NEGATIVE ION MODE,Metabolomics of COVID patients
ST002012,AN003286,211,72,GC UNSPECIFIED ION MODE,Untargeted primary metabolite profiling in Arabidopsis thaliana
ST002017,AN003287,812,75,None (Direct infusion) UNSPECIFIED ION MODE,Multi-omic analysis of the microbiome and metabolome in healthy subjects (blood)
ST002018,AN003288,770,75,None (Direct infusion) UNSPECIFIED ION MODE,Multi-omic analysis of the microbiome and metabolome in healthy subjects (feces)
ST002019,AN003289,736,70,None (Direct infusion) UNSPECIFIED ION MODE,TIPs Metabolomics (blood)
ST002020,AN003290,835,70,None (Direct infusion) UNSPECIFIED ION MODE,TIPs Metabolomics (urine)
ST002022,AN003292,31,36,NMR data,A Sentinel Serum Quality Management Program for NMR Metabolomics
ST002023,AN003293,594,149,Other UNSPECIFIED ION MODE,A targeted metabolomics study for assessing rodent thyroid toxicity
ST002024,AN003294,363,146,Reversed phase NEGATIVE ION MODE,Plasmodium falciparum stable-isotope carbon labeling to explore metabolic consequences of keto–acid dehydrogenase disruption
ST002025,AN003295,164,356,GC UNSPECIFIED ION MODE,Metabolomics Analysis of Blood Plasma and Stool from Six Week Flaxseed Dietary Intervention in Postmenopausal Women (Serum/GC)
ST002026,AN003296,216,149,GC UNSPECIFIED ION MODE,Metabolomics Analysis of Blood Plasma and Stool from Six Week Flaxseed Dietary Intervention in Postmenopausal Women (Stool/GC)
ST002027,AN003297,312,356,HILIC POSITIVE ION MODE,Metabolomics Analysis of Blood Plasma and Stool from Six Week Flaxseed Dietary Intervention in Postmenopausal Women (Serum/HILIC)
ST002028,AN003298,475,149,HILIC POSITIVE ION MODE,Metabolomics Analysis of Blood Plasma and Stool from Six Week Flaxseed Dietary Intervention in Postmenopausal Women (Stool/HILIC)
ST002029,AN003299,22,356,Reversed phase NEGATIVE ION MODE,Metabolomics Analysis of Blood Plasma and Stool from Six Week Flaxseed Dietary Intervention in Postmenopausal Women (Serum/Bile acids)
ST002030,AN003300,23,149,Reversed phase NEGATIVE ION MODE,Metabolomics Analysis of Blood Plasma and Stool from Six Week Flaxseed Dietary Intervention in Postmenopausal Women (Stool/Bile acids)
ST002031,AN003301,98,58,Reversed phase POSITIVE ION MODE,"Irradiation causes alterations of polyamine, purine and sulfur metabolism in red blood cells and multiple organs (Whole blood)"
ST002031,AN003302,94,58,Reversed phase NEGATIVE ION MODE,"Irradiation causes alterations of polyamine, purine and sulfur metabolism in red blood cells and multiple organs (Whole blood)"
ST002032,AN003303,79,58,Reversed phase POSITIVE ION MODE,"Irradiation causes alterations of polyamine, purine and sulfur metabolism in red blood cells and multiple organs (Blood plasma)"
ST002032,AN003304,81,58,Reversed phase NEGATIVE ION MODE,"Irradiation causes alterations of polyamine, purine and sulfur metabolism in red blood cells and multiple organs (Blood plasma)"
ST002033,AN003305,93,57,Reversed phase POSITIVE ION MODE,"Irradiation causes alterations of polyamine, purine and sulfur metabolism in red blood cells and multiple organs (Feces-part1)"
ST002033,AN003306,84,57,Reversed phase NEGATIVE ION MODE,"Irradiation causes alterations of polyamine, purine and sulfur metabolism in red blood cells and multiple organs (Feces-part1)"
ST002034,AN003307,65,58,Reversed phase POSITIVE ION MODE,"Irradiation causes alterations of polyamine, purine and sulfur metabolism in red blood cells and multiple organs (Feces-part2)"
ST002034,AN003308,98,58,Reversed phase NEGATIVE ION MODE,"Irradiation causes alterations of polyamine, purine and sulfur metabolism in red blood cells and multiple organs (Feces-part2)"
ST002035,AN003309,98,58,Reversed phase POSITIVE ION MODE,"Irradiation causes alterations of polyamine, purine and sulfur metabolism in red blood cells and multiple organs (Heart)"
ST002035,AN003310,82,58,Reversed phase NEGATIVE ION MODE,"Irradiation causes alterations of polyamine, purine and sulfur metabolism in red blood cells and multiple organs (Heart)"
ST002036,AN003311,102,58,Reversed phase POSITIVE ION MODE,"Irradiation causes alterations of polyamine, purine and sulfur metabolism in red blood cells and multiple organs (Kidney)"
ST002036,AN003312,107,58,Reversed phase NEGATIVE ION MODE,"Irradiation causes alterations of polyamine, purine and sulfur metabolism in red blood cells and multiple organs (Kidney)"
ST002037,AN003313,104,58,Reversed phase POSITIVE ION MODE,"Irradiation causes alterations of polyamine, purine and sulfur metabolism in red blood cells and multiple organs (Liver)"
ST002037,AN003314,97,58,Reversed phase NEGATIVE ION MODE,"Irradiation causes alterations of polyamine, purine and sulfur metabolism in red blood cells and multiple organs (Liver)"
ST002038,AN003315,96,58,Reversed phase POSITIVE ION MODE,"Irradiation causes alterations of polyamine, purine and sulfur metabolism in red blood cells and multiple organs (Duodenum)"
ST002038,AN003316,93,58,Reversed phase NEGATIVE ION MODE,"Irradiation causes alterations of polyamine, purine and sulfur metabolism in red blood cells and multiple organs (Duodenum)"
ST002039,AN003317,91,58,Reversed phase POSITIVE ION MODE,"Irradiation causes alterations of polyamine, purine and sulfur metabolism in red blood cells and multiple organs (Brain)"
ST002039,AN003318,102,58,Reversed phase NEGATIVE ION MODE,"Irradiation causes alterations of polyamine, purine and sulfur metabolism in red blood cells and multiple organs (Brain)"
ST002040,AN003319,106,57,Reversed phase POSITIVE ION MODE,"Irradiation causes alterations of polyamine, purine and sulfur metabolism in red blood cells and multiple organs (Colon)"
ST002040,AN003320,91,57,Reversed phase NEGATIVE ION MODE,"Irradiation causes alterations of polyamine, purine and sulfur metabolism in red blood cells and multiple organs (Colon)"
ST002041,AN003321,100,58,Reversed phase POSITIVE ION MODE,"Irradiation causes alterations of polyamine, purine and sulfur metabolism in red blood cells and multiple organs (Spleen)"
ST002041,AN003322,86,58,Reversed phase NEGATIVE ION MODE,"Irradiation causes alterations of polyamine, purine and sulfur metabolism in red blood cells and multiple organs (Spleen)"
ST002043,AN003324,124,94,GC UNSPECIFIED ION MODE,Maternal Hypoxemia and Oxidative Stress
ST002047,AN003334,427,55,Reversed phase UNSPECIFIED ION MODE,Lyso-lipid induced oligodendrocytes maturation underlie restoration of optic nerve function
ST002051,AN003338,267,108,HILIC UNSPECIFIED ION MODE,The apicomplexan parasite Toxoplasma gondii forms bradyzoite-containing tissue cysts that cause chronic and drug-tolerant infections.
ST002053,AN003343,81,46,HILIC UNSPECIFIED ION MODE,Resistance to NaFAc of in vitro maturated Toxoplasma gondii bradyzoites in human myotubes.
ST002054,AN003344,80,28,Reversed phase POSITIVE ION MODE,Reduced ER-mitochondria connectivity promotes neuroblastoma multidrug resistance
ST002054,AN003345,65,28,Reversed phase NEGATIVE ION MODE,Reduced ER-mitochondria connectivity promotes neuroblastoma multidrug resistance
ST002055,AN003346,42,64,Reversed phase POSITIVE ION MODE,Metabolomic Profiling of Human Pluripotent Stem Cell Differentiation into Lung Progenitors
ST002055,AN003347,146,64,None (Direct infusion) UNSPECIFIED ION MODE,Metabolomic Profiling of Human Pluripotent Stem Cell Differentiation into Lung Progenitors
ST002056,AN003348,127,8,GC UNSPECIFIED ION MODE,"Integrated Multilayer Omics Reveals the Genomic, Proteomic and Metabolic Influences of the Histidyl Dipeptides on Heart"
ST002057,AN003349,374,103,Reversed phase UNSPECIFIED ION MODE,Distinct Human Hepatocyte Lipidomics Profiles for Nonalcoholic Steatohepatitis and In Vitro-Induced Steatosis
ST002058,AN003350,150,32,Reversed phase POSITIVE ION MODE,Muscle/Lung/Tumor metabolomics
ST002058,AN003351,128,32,Reversed phase NEGATIVE ION MODE,Muscle/Lung/Tumor metabolomics
ST002059,AN003352,71,12,Reversed phase POSITIVE ION MODE,4T1 and SkM cells
ST002059,AN003353,69,12,Reversed phase NEGATIVE ION MODE,4T1 and SkM cells
ST002061,AN003360,139,16,HILIC NEGATIVE ION MODE,Glutamine flux in macrophages treated with stable-isotope labeled analog 4 mM (U-13C5) glutamine
ST002063,AN003362,284,103,Reversed phase UNSPECIFIED ION MODE,Intravenous lipopolysaccharide infusion and the bovine metabolome
ST002068,AN003370,219,32,HILIC POSITIVE ION MODE,Mutant CHCHD10 causes an extensive metabolic rewiring that precedes OXPHOS dysfunction in a murine model of mitochondrial cardiomyopathy
ST002068,AN003371,219,32,HILIC NEGATIVE ION MODE,Mutant CHCHD10 causes an extensive metabolic rewiring that precedes OXPHOS dysfunction in a murine model of mitochondrial cardiomyopathy
ST002070,AN003374,259,59,Reversed phase POSITIVE ION MODE,Lipidomic Comparison of 2D and 3D Colon Cancer Cell Culture Models
ST002070,AN003375,150,59,Reversed phase NEGATIVE ION MODE,Lipidomic Comparison of 2D and 3D Colon Cancer Cell Culture Models
ST002071,AN003376,21,11,HILIC NEGATIVE ION MODE,Metabolic profiling of mouse CD27+ and CD27- gammadelta T cells
ST002072,AN003377,7,3,None (Direct infusion) NEGATIVE ION MODE,A non-dividing population with high pyruvate dehydrogenase kinase activity drives metabolic heterogeneity and tumorigenesis in the intestine
ST002069,AN003378,34,24,HILIC POSITIVE ION MODE,Systemic impact of the expression of the mitochondrial alternative oxidase on Drosophila development
ST002069,AN003379,40,24,HILIC NEGATIVE ION MODE,Systemic impact of the expression of the mitochondrial alternative oxidase on Drosophila development
ST002073,AN003380,17,818,Reversed phase NEGATIVE ION MODE,Profiling of the human intestinal microbiome and bile acids under physiologic conditions using an ingestible sampling device
ST002075,AN003382,411,331,HILIC POSITIVE ION MODE,Profiling of the human intestinal microbiome and bile acids under physiologic conditions using an ingestible sampling device (Part 2)
ST002076,AN003383,21,24,HILIC POSITIVE ION MODE,Metabolomic study of Escherichia coli K-12 MG1655 WT and its transcriptional regulator double mutants under anaerobic fermentation conditions
ST002076,AN003384,13,24,HILIC NEGATIVE ION MODE,Metabolomic study of Escherichia coli K-12 MG1655 WT and its transcriptional regulator double mutants under anaerobic fermentation conditions
ST002077,AN003385,21,52,HILIC POSITIVE ION MODE,Dynamic Phaeodactylum tricornutum exometabolites
ST002077,AN003386,37,52,HILIC NEGATIVE ION MODE,Dynamic Phaeodactylum tricornutum exometabolites
ST002078,AN003387,134,27,Reversed phase NEGATIVE ION MODE,Multiple modes of interfering with the activity of Plasmodium falciparum cytoplasmic isoleucyl-tRNA synthetase illustrate the enzyme is a promising antimalarial target.
ST002078,AN003388,152,27,Reversed phase NEGATIVE ION MODE,Multiple modes of interfering with the activity of Plasmodium falciparum cytoplasmic isoleucyl-tRNA synthetase illustrate the enzyme is a promising antimalarial target.
ST002078,AN003389,130,27,Reversed phase NEGATIVE ION MODE,Multiple modes of interfering with the activity of Plasmodium falciparum cytoplasmic isoleucyl-tRNA synthetase illustrate the enzyme is a promising antimalarial target.
ST002078,AN003390,137,27,Reversed phase NEGATIVE ION MODE,Multiple modes of interfering with the activity of Plasmodium falciparum cytoplasmic isoleucyl-tRNA synthetase illustrate the enzyme is a promising antimalarial target.
ST002079,AN003391,1455,48,Reversed phase POSITIVE ION MODE,Defining the mammalian coactivation of hepatic 12-hour clock and lipid metabolism
ST002079,AN003392,2097,48,Reversed phase NEGATIVE ION MODE,Defining the mammalian coactivation of hepatic 12-hour clock and lipid metabolism
ST002042,AN003393,44,57,Normal phase NEGATIVE ION MODE,Long-term metabolic profiling in transient middle cerebral artery occlusion (tMCAO) mouse model
ST002080,AN003394,52,44,GC POSITIVE ION MODE,Effects of Ferroptosis on the Metabolome in Cardiac Cells: The Role of Glutaminolysis
ST002082,AN003396,275,112,Reversed phase NEGATIVE ION MODE,Predicting dying: a study of the metabolic changes and the dying process in patients with lung cancer
ST002082,AN003397,261,112,Reversed phase POSITIVE ION MODE,Predicting dying: a study of the metabolic changes and the dying process in patients with lung cancer
ST002082,AN003398,137,112,Normal phase NEGATIVE ION MODE,Predicting dying: a study of the metabolic changes and the dying process in patients with lung cancer
ST002082,AN003399,146,112,Normal phase POSITIVE ION MODE,Predicting dying: a study of the metabolic changes and the dying process in patients with lung cancer
ST002084,AN003401,75,10,HILIC POSITIVE ION MODE,A genome-scale gain-of-function CRISPR screen in CD8 T cells identifies proline metabolism as a means to enhance CAR-T therapy(Part 2)
ST002085,AN003402,44,10,HILIC POSITIVE ION MODE,A genome-scale gain-of-function CRISPR screen in CD8 T cells identifies proline metabolism as a means to enhance CAR-T therapy(Part 1)
ST002085,AN003403,44,10,HILIC POSITIVE ION MODE,A genome-scale gain-of-function CRISPR screen in CD8 T cells identifies proline metabolism as a means to enhance CAR-T therapy(Part 1)
ST002086,AN003404,114,116,NMR data,Serum NMR profiling reveals differential alterations in the lipoproteome induced by Pfizer-BioNTech vaccine in COVID-19–recovered subjects and naïve subjects
ST002087,AN003405,139,368,NMR data,"Profiling metabolites and lipoproteins in COMETA, an Italian cohort of COVID-19 patients"
ST002088,AN003406,258,648,Reversed phase POSITIVE ION MODE,Plasma Metabolomic signatures of COPD in a SPIROMICS cohort: A metabolomic severity score for airflow obstructions and emphysema
ST002088,AN003407,232,648,Reversed phase POSITIVE ION MODE,Plasma Metabolomic signatures of COPD in a SPIROMICS cohort: A metabolomic severity score for airflow obstructions and emphysema
ST002088,AN003408,588,648,Reversed phase NEGATIVE ION MODE,Plasma Metabolomic signatures of COPD in a SPIROMICS cohort: A metabolomic severity score for airflow obstructions and emphysema
ST002088,AN003409,96,648,HILIC NEGATIVE ION MODE,Plasma Metabolomic signatures of COPD in a SPIROMICS cohort: A metabolomic severity score for airflow obstructions and emphysema
ST002089,AN003410,319,1125,Reversed phase POSITIVE ION MODE,Plasma metabolomic signatures of COPD: A metabolomic severity score for airflow obstruction and emphysema.
ST002089,AN003411,251,1125,Reversed phase POSITIVE ION MODE,Plasma metabolomic signatures of COPD: A metabolomic severity score for airflow obstruction and emphysema.
ST002089,AN003412,739,1125,Reversed phase NEGATIVE ION MODE,Plasma metabolomic signatures of COPD: A metabolomic severity score for airflow obstruction and emphysema.
ST002089,AN003413,83,1125,Reversed phase NEGATIVE ION MODE,Plasma metabolomic signatures of COPD: A metabolomic severity score for airflow obstruction and emphysema.
ST002090,AN003414,1128,4,Reversed phase POSITIVE ION MODE,Commensal intestinal microbiota regulates host luminal proteolytic activity and intestinal barrier integrity through β-glucuronidase activity (Part 2)
ST002091,AN003415,727,200,None (Direct infusion) POSITIVE ION MODE,Serum lipids are associated with nonalcoholic fatty liver disease: a pilot case-control study in Mexico
ST002093,AN003419,1738,13,Reversed phase POSITIVE ION MODE,Lipidomics of High Fat vs Control Mice
ST002094,AN003420,11992,7,Reversed phase POSITIVE ION MODE,Commensal intestinal microbiota regulates host luminal proteolytic activity and intestinal barrier integrity through β-glucuronidase activity (Part 1)
ST002094,AN003421,4367,7,HILIC POSITIVE ION MODE,Commensal intestinal microbiota regulates host luminal proteolytic activity and intestinal barrier integrity through β-glucuronidase activity (Part 1)
ST002094,AN003422,3834,7,HILIC NEGATIVE ION MODE,Commensal intestinal microbiota regulates host luminal proteolytic activity and intestinal barrier integrity through β-glucuronidase activity (Part 1)
ST002095,AN003423,16,128,NMR data,Addressing batch effects in large-scale metabolomics with augmented experimental design and meta-analysis (Part 1)
ST002097,AN003425,132,12,Reversed phase NEGATIVE ION MODE,Functional metabolomics-based molecular profiling of acute and chronic hepatitis (Liver Metabolomics)
ST002097,AN003426,87,36,Reversed phase POSITIVE ION MODE,Functional metabolomics-based molecular profiling of acute and chronic hepatitis (Liver Metabolomics)
ST002097,AN003427,27,36,Reversed phase NEGATIVE ION MODE,Functional metabolomics-based molecular profiling of acute and chronic hepatitis (Liver Metabolomics)
ST002098,AN003428,78,36,Reversed phase POSITIVE ION MODE,Functional metabolomics-based molecular profiling of acute and chronic hepatitis (Serum Metabolomics)
ST002098,AN003429,23,36,Reversed phase NEGATIVE ION MODE,Functional metabolomics-based molecular profiling of acute and chronic hepatitis (Serum Metabolomics)
ST002099,AN003430,68,36,Reversed phase POSITIVE ION MODE,Functional metabolomics-based molecular profiling of acute and chronic hepatitis (Stool Metabolomics)
ST002099,AN003431,16,36,Reversed phase NEGATIVE ION MODE,Functional metabolomics-based molecular profiling of acute and chronic hepatitis (Stool Metabolomics)
ST002100,AN003432,57,57,Reversed phase POSITIVE ION MODE,Functional metabolomics-based molecular profiling of acute and chronic hepatitis (Human Serum Metabolomics)
ST002100,AN003433,13,57,Reversed phase NEGATIVE ION MODE,Functional metabolomics-based molecular profiling of acute and chronic hepatitis (Human Serum Metabolomics)
ST002101,AN003434,558,36,Reversed phase POSITIVE ION MODE,Functional metabolomics-based molecular profiling of acute and chronic hepatitis (Liver Lipidomics)
ST002101,AN003435,406,36,Reversed phase NEGATIVE ION MODE,Functional metabolomics-based molecular profiling of acute and chronic hepatitis (Liver Lipidomics)
ST002102,AN003436,69,36,GC UNSPECIFIED ION MODE,Volatilomic compound identification in several Indonesian underutilized Zingiberaceae spices using SPME-GC/MS
ST002104,AN003439,286,22,HILIC POSITIVE ION MODE,"Chemoresistant Cancer Cell Lines are Characterized by Migratory, Amino Acid Metabolism, Protein Catabolism and IFN1 Signalling Perturbations"
ST002104,AN003440,139,22,HILIC NEGATIVE ION MODE,"Chemoresistant Cancer Cell Lines are Characterized by Migratory, Amino Acid Metabolism, Protein Catabolism and IFN1 Signalling Perturbations"
ST002106,AN003444,179,15,HILIC POSITIVE ION MODE,Genetic and chemical validation of Plasmodium falciparum aminopeptidase PfA-M17 as a drug target in the hemoglobin digestion pathway (Part 1)
ST002106,AN003445,318,15,HILIC NEGATIVE ION MODE,Genetic and chemical validation of Plasmodium falciparum aminopeptidase PfA-M17 as a drug target in the hemoglobin digestion pathway (Part 1)
ST002107,AN003446,521,12,HILIC POSITIVE ION MODE,Genetic and chemical validation of Plasmodium falciparum aminopeptidase PfA-M17 as a drug target in the hemoglobin digestion pathway (Part 2)
ST002107,AN003447,381,12,HILIC NEGATIVE ION MODE,Genetic and chemical validation of Plasmodium falciparum aminopeptidase PfA-M17 as a drug target in the hemoglobin digestion pathway (Part 2)
ST002108,AN003448,558,13,HILIC POSITIVE ION MODE,Genetic and chemical validation of Plasmodium falciparum aminopeptidase PfA-M17 as a drug target in the hemoglobin digestion pathway (Part 3)
ST002108,AN003449,439,13,HILIC NEGATIVE ION MODE,Genetic and chemical validation of Plasmodium falciparum aminopeptidase PfA-M17 as a drug target in the hemoglobin digestion pathway (Part 3)
ST002109,AN003450,76,41,Reversed phase NEGATIVE ION MODE,Towards a mechanistic understanding of patient response to neoadjuvant SBRT with anti-PDL1 in human HPV-unrelated locally advanced HNSCC: Phase I/Ib trial results (Part 1)
ST002109,AN003451,67,41,Reversed phase POSITIVE ION MODE,Towards a mechanistic understanding of patient response to neoadjuvant SBRT with anti-PDL1 in human HPV-unrelated locally advanced HNSCC: Phase I/Ib trial results (Part 1)
ST002110,AN003452,63,40,Reversed phase NEGATIVE ION MODE,Towards a mechanistic understanding of patient response to neoadjuvant SBRT with anti-PDL1 in human HPV-unrelated locally advanced HNSCC: Phase I/Ib trial results (Part 2)
ST002110,AN003453,79,40,Reversed phase POSITIVE ION MODE,Towards a mechanistic understanding of patient response to neoadjuvant SBRT with anti-PDL1 in human HPV-unrelated locally advanced HNSCC: Phase I/Ib trial results (Part 2)
ST002111,AN003454,202,66,Reversed phase POSITIVE ION MODE,Metabolomics dataset of optogenetic axon regenerative mouse model post optic nerve crush
ST002111,AN003455,177,66,Reversed phase NEGATIVE ION MODE,Metabolomics dataset of optogenetic axon regenerative mouse model post optic nerve crush
ST002113,AN003460,62,106,NMR data,Metabolomic analyses redefine the biological classification of pancreatic cancer: From clinical stage to metabolic subtype
ST002114,AN003461,132,20,Reversed phase NEGATIVE ION MODE,Involvement of Mieap in Cardiolipin metabolism (part I-revised)
ST002117,AN003465,5,100,Reversed phase POSITIVE ION MODE,Microbial Toll/interleukin-1 domain NADase activities
ST002119,AN003467,154,36,HILIC POSITIVE ION MODE,Metabolomics analysis of zebrafish response to CID661578 treatment
ST002119,AN003468,213,36,HILIC NEGATIVE ION MODE,Metabolomics analysis of zebrafish response to CID661578 treatment
ST002119,AN003469,9,36,HILIC POSITIVE ION MODE,Metabolomics analysis of zebrafish response to CID661578 treatment
ST002119,AN003470,1,36,HILIC NEGATIVE ION MODE,Metabolomics analysis of zebrafish response to CID661578 treatment
ST002121,AN003472,116,12,Reversed phase POSITIVE ION MODE,Functional metabolic molecule were identified as novel therapeutic targets to facilitate gemcitabine treatment against pancreatic cancer (Tumor tissues metabolomics)
ST002121,AN003473,38,12,Reversed phase NEGATIVE ION MODE,Functional metabolic molecule were identified as novel therapeutic targets to facilitate gemcitabine treatment against pancreatic cancer (Tumor tissues metabolomics)
ST002122,AN003474,8,15,Reversed phase POSITIVE ION MODE,Functional metabolic molecules were identified as novel therapeutic targets to facilitate gemcitabine treatment against pancreatic cancer (Cells metabolomics)
ST002122,AN003475,1,15,Reversed phase NEGATIVE ION MODE,Functional metabolic molecules were identified as novel therapeutic targets to facilitate gemcitabine treatment against pancreatic cancer (Cells metabolomics)
ST002123,AN003476,273,12,UPLC UNSPECIFIED ION MODE,GCN2 regulates mitochondrial OXPHOS in HSPCs under proliferation conditions.
ST002124,AN003477,43,48,GC POSITIVE ION MODE,Amino acids and TCA substrates in hematopoietic cells (Part1)
ST002125,AN003478,43,42,GC POSITIVE ION MODE,Amino acids and TCA substrates in hematopoietic cells (Part2)
ST002126,AN003479,43,30,GC POSITIVE ION MODE,Amino acids and TCA substrates in hematopoietic cells (Part3)
ST002127,AN003480,20,24,GC POSITIVE ION MODE,Amino acids and TCA substrates in hematopoietic cells (Part4)
ST002128,AN003481,6,24,Reversed phase POSITIVE ION MODE,Discovery and characterization of virulence associated functional metabolites in Escherichia coli based on functional metabolomics strategy(siderophores metabolomics-1)
ST002129,AN003482,8,24,Reversed phase POSITIVE ION MODE,Discovery and characterization of virulence associated functional metabolites in Escherichia coli based on functional metabolomics strategy(siderophores metabolomics-2)
ST002130,AN003483,37,48,Reversed phase POSITIVE ION MODE,Discovery and characterization of virulence associated functional metabolites in Escherichia coli based on functional metabolomics strategy（pellets metabolomics-1）
ST002130,AN003484,5,48,Reversed phase NEGATIVE ION MODE,Discovery and characterization of virulence associated functional metabolites in Escherichia coli based on functional metabolomics strategy（pellets metabolomics-1）
ST002131,AN003485,16,24,Reversed phase POSITIVE ION MODE,Discovery and characterization of virulence associated functional metabolites in Escherichia coli based on functional metabolomics strategy（pellets metabolomics-2）
ST002131,AN003486,2,24,Reversed phase NEGATIVE ION MODE,Discovery and characterization of virulence associated functional metabolites in Escherichia coli based on functional metabolomics strategy（pellets metabolomics-2）
ST002132,AN003487,455,242,GC POSITIVE ION MODE,Optimization of Imputation Strategies for High-Resolution Gas Chromatography-Mass Spectrometry (HR GC-MS) Metabolomics Data
ST002134,AN003491,371,199,Reversed phase NEGATIVE ION MODE,Alignment and Analysis of a Disparately Acquired Multi-Batch Metabolomics Study of Maternal Pregnancy Samples (Part 1)
ST002134,AN003492,517,199,Reversed phase POSITIVE ION MODE,Alignment and Analysis of a Disparately Acquired Multi-Batch Metabolomics Study of Maternal Pregnancy Samples (Part 1)
ST002135,AN003495,371,186,Reversed phase NEGATIVE ION MODE,Alignment and Analysis of a Disparately Acquired Multi-Batch Metabolomics Study of Maternal Pregnancy Samples. (Part 2)
ST002135,AN003496,517,186,Reversed phase POSITIVE ION MODE,Alignment and Analysis of a Disparately Acquired Multi-Batch Metabolomics Study of Maternal Pregnancy Samples. (Part 2)
ST002136,AN003497,40,42,CE POSITIVE ION MODE,Targeted Microchip Capillary Electrophoresis-Orbitrap Mass Spectrometry Metabolomics to Monitor Ovarian Cancer Progression (calibration standards)
ST002137,AN003498,30,71,CE POSITIVE ION MODE,Targeted Microchip Capillary Electrophoresis-Orbitrap Mass Spectrometry Metabolomics to Monitor Ovarian Cancer Progression. (Ovarian cancer mouse data)
ST002138,AN003499,5,61,HILIC POSITIVE ION MODE,Investigation of Gastrolobium bilobum metabolism in formation of fluoroacetate
ST002139,AN003500,5,61,HILIC NEGATIVE ION MODE,Untargeted analysis of Gastrolobium bilobum
ST002140,AN003501,20,29,Ion Chromatography NEGATIVE ION MODE,Mitochondrial respiration in B lymphocytes is essential for humoral immunity by controlling flux of the TCA cycle
ST002140,AN003502,131,29,None (Direct infusion) POSITIVE ION MODE,Mitochondrial respiration in B lymphocytes is essential for humoral immunity by controlling flux of the TCA cycle
ST002145,AN003511,2759,10,Reversed phase POSITIVE ION MODE,The Carbohydrate Sensing Transcription Factor ChREBP Links Mitochondrial Lipidomes to Mitochondrial Dynamics and Progression of Diabetic Nephropathy
ST002145,AN003512,2759,10,Reversed phase NEGATIVE ION MODE,The Carbohydrate Sensing Transcription Factor ChREBP Links Mitochondrial Lipidomes to Mitochondrial Dynamics and Progression of Diabetic Nephropathy
ST002115,AN003513,71,12,Reversed phase NEGATIVE ION MODE,LC-MS analysis of metabolic changes induced by GPX4 inhibitor treatment in cultured HT1080 cells
ST002115,AN003514,20,12,HILIC NEGATIVE ION MODE,LC-MS analysis of metabolic changes induced by GPX4 inhibitor treatment in cultured HT1080 cells
ST002149,AN003519,945,48,Unspecified UNSPECIFIED ION MODE,In vivo commensal control of Clostridioides difficile virulence
ST002150,AN003520,21,27,Reversed phase POSITIVE ION MODE,Sphingomyelin depletion inhibits CXCR4 dynamics and CXCL12-mediated directed cell migration in human T cells
ST002150,AN003521,20,27,Reversed phase NEGATIVE ION MODE,Sphingomyelin depletion inhibits CXCR4 dynamics and CXCL12-mediated directed cell migration in human T cells
ST002152,AN003523,152,32,HILIC POSITIVE ION MODE,Metabolomics analysis of mouse liver with or without SIRT5 deficiency
ST002152,AN003524,204,32,HILIC NEGATIVE ION MODE,Metabolomics analysis of mouse liver with or without SIRT5 deficiency
ST002152,AN003525,11,32,Reversed phase POSITIVE ION MODE,Metabolomics analysis of mouse liver with or without SIRT5 deficiency
ST002153,AN003526,400,16,Normal phase UNSPECIFIED ION MODE,Data from plasma metabolome analysis of APP-KI and Wild type mice treated with B. breve MCC1274
ST002153,AN003527,212,16,Reversed phase UNSPECIFIED ION MODE,Data from plasma metabolome analysis of APP-KI and Wild type mice treated with B. breve MCC1274
ST002155,AN003530,1288,250,Unspecified UNSPECIFIED ION MODE,Longitudinal metabolomic stool dynamics in primary C. difficile infections
ST002157,AN003532,56,71,Ion pairing NEGATIVE ION MODE,Effect of long-term exposure to graphene on skin cell metabolism
ST002159,AN003535,102,157,HILIC UNSPECIFIED ION MODE,Chemotaxonomic patterns in intracellular metabolites of marine microbial plankton
ST002159,AN003536,16,157,HILIC POSITIVE ION MODE,Chemotaxonomic patterns in intracellular metabolites of marine microbial plankton
ST002159,AN003537,2,157,HILIC NEGATIVE ION MODE,Chemotaxonomic patterns in intracellular metabolites of marine microbial plankton
ST002159,AN003538,4,157,Reversed phase POSITIVE ION MODE,Chemotaxonomic patterns in intracellular metabolites of marine microbial plankton
ST002160,AN003539,166,10,HILIC UNSPECIFIED ION MODE,Global metabolomics analysis of neutrophils isolated from tumor
ST002161,AN003540,18,316,HILIC NEGATIVE ION MODE,Glycerate Production from Intestinal Fructose Metabolism Elevated by Dietary Fat Induces Glucose Intolerance Through β-cell Damage
ST002161,AN003541,1,316,IR-MALD NEGATIVE ION MODE,Glycerate Production from Intestinal Fructose Metabolism Elevated by Dietary Fat Induces Glucose Intolerance Through β-cell Damage
ST002162,AN003542,408,44,Reversed phase POSITIVE ION MODE,CFAP418 participates in membrane-associated cellular processes through binding lipids during ciliogenesis
ST002162,AN003543,408,44,Reversed phase NEGATIVE ION MODE,CFAP418 participates in membrane-associated cellular processes through binding lipids during ciliogenesis
ST002163,AN003544,101,37,Other NEGATIVE ION MODE,Remote solid cancers rewire hepatic nitrogen metabolism via host nicotinamide-N-methyltransferase
ST002163,AN003545,90,37,Reversed phase POSITIVE ION MODE,Remote solid cancers rewire hepatic nitrogen metabolism via host nicotinamide-N-methyltransferase
ST002167,AN003550,4,17,Other NEGATIVE ION MODE,Remote solid cancers rewire hepatic nitrogen metabolism via host nicotinamide-N-methyltransferase (AML cells)
ST002167,AN003551,14,17,Reversed phase POSITIVE ION MODE,Remote solid cancers rewire hepatic nitrogen metabolism via host nicotinamide-N-methyltransferase (AML cells)
ST002170,AN003555,276,20,Other POSITIVE ION MODE,Cecal metabolome of specific-pathogen-free mice fed with five distinct rodent diets with varying fiber content and source.
ST002170,AN003556,236,20,Other NEGATIVE ION MODE,Cecal metabolome of specific-pathogen-free mice fed with five distinct rodent diets with varying fiber content and source.
ST002171,AN003557,276,20,Other POSITIVE ION MODE,Serum metabolome of specific-pathogen-free mice fed with five distinct rodent diets with varying fiber content and source.
ST002171,AN003558,235,20,Other NEGATIVE ION MODE,Serum metabolome of specific-pathogen-free mice fed with five distinct rodent diets with varying fiber content and source.
ST002172,AN003559,276,16,Other POSITIVE ION MODE,"Cecal metabolome of gnotobiotic (containing a 14-member synthetic human gut microbiota), and germ-free mice fed with two distinct rodent diets with varying fiber content."
ST002172,AN003560,237,16,Other NEGATIVE ION MODE,"Cecal metabolome of gnotobiotic (containing a 14-member synthetic human gut microbiota), and germ-free mice fed with two distinct rodent diets with varying fiber content."
ST002173,AN003561,124,30,Reversed phase POSITIVE ION MODE,Unveiling the mechanism of action of nature-inspired anti-cancer compounds using a multi-Omics approach
ST002174,AN003562,147,12,HILIC UNSPECIFIED ION MODE,Identifying a tryptophan derivative in hydrogen peroxide-treated cell culture medium
ST002178,AN003566,180,122,HILIC POSITIVE ION MODE,Age-independent Cardiac Protection by Pharmacological Activation of Beclin-1 During Endotoxemia and Its Association with Energy Metabolic Reprograming in Myocardium — A Targeted Metabolomics Study
ST002178,AN003567,213,122,HILIC NEGATIVE ION MODE,Age-independent Cardiac Protection by Pharmacological Activation of Beclin-1 During Endotoxemia and Its Association with Energy Metabolic Reprograming in Myocardium — A Targeted Metabolomics Study
ST002179,AN003568,174,33,Reversed phase POSITIVE ION MODE,Impact of nitisinone on the cerebrospinal fluid metabolome of a murine model of alkaptonuria
ST002179,AN003569,135,33,Reversed phase NEGATIVE ION MODE,Impact of nitisinone on the cerebrospinal fluid metabolome of a murine model of alkaptonuria
ST002180,AN003570,254,335,Flow induction analysis UNSPECIFIED ION MODE,"Global, distinctive and personal changes in molecular and microbial profiles induced by specific fibers in humans (Targeted)"
ST002180,AN003571,638,335,Flow induction analysis UNSPECIFIED ION MODE,"Global, distinctive and personal changes in molecular and microbial profiles induced by specific fibers in humans (Targeted)"
ST002182,AN003574,73,9,Reversed phase UNSPECIFIED ION MODE,Amelioration of developmental programming of NAFLD in weanling liver using PQQ
ST002184,AN003577,240,138,HILIC UNSPECIFIED ION MODE,Metabolic effect of the loss of mitochondrial-specific aspartyl-tRNA synthetase Das2 on mouse intestinal epithelial cells
ST002187,AN003581,114,24,HILIC UNSPECIFIED ION MODE,Interplay of CodY and CcpA in regulating central metabolism and biofilm formation in S. aureus
ST002188,AN003582,20,35,NMR data,Metabolomic profiling reveals muscle metabolic changes following iliac arteriovenous fistula creation in mice (Lipid)
ST002189,AN003583,37,35,NMR data,Metabolomic profiling reveals muscle metabolic changes following iliac arteriovenous fistula creation in mice (Aqueous)
ST002191,AN003586,73,9,Reversed phase UNSPECIFIED ION MODE,Amelioration of developmental programming of NAFLD in fetal liver using PQQ
ST002194,AN003592,67,144,GC UNSPECIFIED ION MODE,Metabolic profiling at COVID-19 onset shows disease severity and sex-specific dysregulation
ST002195,AN003593,490,54,Reversed phase NEGATIVE ION MODE,Untargeted lipidomics studies in the course of dermatitis onset and progression
ST002195,AN003594,359,54,Reversed phase POSITIVE ION MODE,Untargeted lipidomics studies in the course of dermatitis onset and progression
ST002196,AN003595,150,90,Reversed phase POSITIVE ION MODE,Metabolic signature of idiopathic inflammatory myopathy
ST002197,AN003596,68,15,Reversed phase POSITIVE ION MODE,Metabolic signature of C-protein induced myositis mouse model
ST002199,AN003599,236,30,HILIC UNSPECIFIED ION MODE,FOXA2 controls the anti-oxidant response in FH-deficient cells independent of NRF2
ST002200,AN003600,54,419,Reversed phase NEGATIVE ION MODE,Human Trisome Project Plasma Metabolomics v1
ST002200,AN003601,72,419,Reversed phase POSITIVE ION MODE,Human Trisome Project Plasma Metabolomics v1
ST002200,AN003602,43,419,Reversed phase NEGATIVE ION MODE,Human Trisome Project Plasma Metabolomics v1
ST002200,AN003603,9,419,Reversed phase POSITIVE ION MODE,Human Trisome Project Plasma Metabolomics v1
ST002201,AN003604,136,163,GC POSITIVE ION MODE,Multi-omics profiling of 5 Arabidopsis accessions in response to combined water and nitrogen deficiencies.
ST002203,AN003606,8,2,None (Direct infusion) NEGATIVE ION MODE,Single Cell Spatial Analysis Reveals the Topology of Immunomodulatory Purinergic Signaling in Glioblastoma
ST002204,AN003607,91,9,GC POSITIVE ION MODE,Endothelial Sirtuin1 Suppresses Whole-body Insulin Sensitivity by Modulating the Secretome
ST002205,AN003608,176,12,HILIC UNSPECIFIED ION MODE,Effect of Hira loss in the metabolic landscape of Fh1-deficient cells
ST002206,AN003609,279,9,Liquid chromatography time-of-flight mass spectometry POSITIVE ION MODE,Lipolysis-derived Lipids Determine Autophagy Initiation during Fasting
ST002208,AN003611,33,80,NMR data,Metabolomic analysis to assess response to immunotherapy for malignant brain tumors: Part 2
ST002211,AN003615,107,120,Reversed phase POSITIVE ION MODE,Effects of Medwakh Smoking on Oxidative Stress and Inflammation Among Youth in UAE using Liquid chromatography-mass spectrometry
ST002212,AN003616,155,176,CE POSITIVE ION MODE,Human fecal metabolome profiles under 3 different dietary terms
ST002212,AN003617,104,176,CE NEGATIVE ION MODE,Human fecal metabolome profiles under 3 different dietary terms
ST002213,AN003618,127,36,Reversed phase NEGATIVE ION MODE,Metabolic changes in Alzheimer patient-derived induced neurons versus non-demented controls
ST002213,AN003619,86,36,Reversed phase POSITIVE ION MODE,Metabolic changes in Alzheimer patient-derived induced neurons versus non-demented controls
ST002213,AN003620,122,36,Reversed phase NEGATIVE ION MODE,Metabolic changes in Alzheimer patient-derived induced neurons versus non-demented controls
ST002213,AN003621,95,36,Reversed phase POSITIVE ION MODE,Metabolic changes in Alzheimer patient-derived induced neurons versus non-demented controls
ST002214,AN003622,47,16,Reversed phase NEGATIVE ION MODE,The effects of PKM2 modulation and hypoxia on the metabolic landscape of Alzheimer patient-derived induced neurons
ST002214,AN003623,79,16,Reversed phase POSITIVE ION MODE,The effects of PKM2 modulation and hypoxia on the metabolic landscape of Alzheimer patient-derived induced neurons
ST002215,AN003624,58,15,GC POSITIVE ION MODE,Time course GCMS based untargeted metabolomics in the presence of glucose and glycerol
ST002216,AN003625,207,18,HILIC UNSPECIFIED ION MODE,"Non-targeted metabolomics screen comparing metabolite profiles of serum from PDAC-bearing mice that received metronidazole using high-resolution, high-performance LC-MS/MS analysis."
ST002217,AN003626,198,20,HILIC UNSPECIFIED ION MODE,"Non-targeted metabolomics screen comparing metabolite profiles of serum from PDAC-bearing mice that received 1% choline supplementation or control diet using high-resolution, high-performance LC-MS/MS analysis."
ST002218,AN003627,157,12,HILIC UNSPECIFIED ION MODE,Effect of Hira loss in the metabolic landscape of Fh1-deficient cells Part 2
ST002220,AN003629,161,20,HILIC UNSPECIFIED ION MODE,Cataboslim of branched-chain amino acids (BCAAs) in renal cells HK2 and 786-O
ST002221,AN003630,376,45,HILIC UNSPECIFIED ION MODE,Glutaminolysis contribution to the carbon backbone of aspartate through ATP Citrate Lyase (ACLY) in ccRCC
ST002222,AN003631,376,60,HILIC UNSPECIFIED ION MODE,Glutaminolysis contribution to the carbon backbone of aspartate and glutamate in ccRCC
ST002223,AN003632,201,63,HILIC UNSPECIFIED ION MODE,Metabolic profiling of mouse tissues and tissue interstitial fluids
ST002224,AN003633,163,48,HILIC UNSPECIFIED ION MODE,Intracellular metabolic profile of renal cells cultured in Plasmax
ST002225,AN003634,156,108,HILIC UNSPECIFIED ION MODE,"Time sensitive contribution of the BCAA catabolism to the TCA cycle carbons in HK2, 786-O, OS-RC-2 and RFX-631"
ST002226,AN003635,62,39,HILIC UNSPECIFIED ION MODE,"Exometabolomics of HK2, 786-O cells cultured in Plasmax media"
ST002227,AN003636,20,20,HILIC UNSPECIFIED ION MODE,Assessing the contribution of branched-chain amino acid (BCAA)-derived nitrogen to amino acid biosynthesis in renal cell lines HK2 and 786-O.
ST002228,AN003637,178,75,GC POSITIVE ION MODE,Estrogen receptor a deficiency in cardiac myocytes reprograms heart-derived extracellular vesicle proteome and induces obesity in female mice (Part 2)
ST002229,AN003638,858,124,Reversed phase POSITIVE ION MODE,Estrogen receptor α deficiency in cardiac myocytes reprograms heart-derived extracellular vesicle proteome and induces obesity in female mice (Part 1)
ST002231,AN003640,189,67,HILIC POSITIVE ION MODE,Metabolomics Analysis of HOG-EV and HOG-R132H Cells with and without BAY 2402234 Treatment
ST002231,AN003641,179,67,HILIC NEGATIVE ION MODE,Metabolomics Analysis of HOG-EV and HOG-R132H Cells with and without BAY 2402234 Treatment
ST002232,AN003642,31,24,HILIC UNSPECIFIED ION MODE,Steady-state metabolomics Saccharomyces cerevisiae mitochondrial fatty acid synthesis (mtFAS) mutants and CTP1 overexpression
ST002234,AN003644,198,30,Normal phase NEGATIVE ION MODE,A metabolic map of the DNA damage response identifies PRDX1 in nuclear ROS scavenging and aspartate synthesis
ST002235,AN003645,43,88,Reversed phase POSITIVE ION MODE,Application of Artificial Intelligence to Plasma Metabolomics Profiles to Predict Response to Neoadjuvant Chemotherapy in Triple-Negative Breast Cancer
ST002236,AN003646,23,58,Reversed phase POSITIVE ION MODE,The impact of IgE in gut and serum metabolomes in a murine experimental model of allergic enteritis
ST002236,AN003647,22,58,Reversed phase NEGATIVE ION MODE,The impact of IgE in gut and serum metabolomes in a murine experimental model of allergic enteritis
ST002236,AN003648,40,58,CE POSITIVE ION MODE,The impact of IgE in gut and serum metabolomes in a murine experimental model of allergic enteritis
ST002236,AN003649,37,58,GC POSITIVE ION MODE,The impact of IgE in gut and serum metabolomes in a murine experimental model of allergic enteritis
ST002237,AN003650,244,40,HILIC UNSPECIFIED ION MODE,Metabolomic analysis of brain cortex from neuronal specific Depdc5 knockout in fed and fasting state
ST002242,AN003660,161,24,HILIC UNSPECIFIED ION MODE,Hypoxia promotes osteogenesis via regulating the acetyl-CoA-mediated mito-nuclear communication.
ST002243,AN003661,299,224,Reversed phase POSITIVE ION MODE,Lipidomics analysis of Friedreich's ataxia (FRDA) (part II)
ST002243,AN003662,105,224,Reversed phase NEGATIVE ION MODE,Lipidomics analysis of Friedreich's ataxia (FRDA) (part II)
ST002244,AN003663,76,224,HILIC POSITIVE ION MODE,Metabolomics analysis of Friedreich's ataxia (FRDA) (part I)
ST002244,AN003664,58,224,HILIC NEGATIVE ION MODE,Metabolomics analysis of Friedreich's ataxia (FRDA) (part I)
ST002245,AN003665,57,18,Reversed phase NEGATIVE ION MODE,"Deciphering the metabolomic differences between two fast-growing cyanobacteria, S.elongatus PCC 11801 and 11802 via metabolite profiling"
ST002246,AN003666,254,192,HILIC POSITIVE ION MODE,Longitudinal fecal metabolomic profiles from mothers and their infants in the EDIA study
ST002246,AN003667,172,192,Reversed phase POSITIVE ION MODE,Longitudinal fecal metabolomic profiles from mothers and their infants in the EDIA study
ST002246,AN003668,106,192,HILIC NEGATIVE ION MODE,Longitudinal fecal metabolomic profiles from mothers and their infants in the EDIA study
ST002246,AN003669,107,192,Reversed phase NEGATIVE ION MODE,Longitudinal fecal metabolomic profiles from mothers and their infants in the EDIA study
ST002247,AN003670,420,1368,HILIC POSITIVE ION MODE,"Microbiota and Health Study (Dhaka, Bangladesh)"
ST002247,AN003671,179,1368,Reversed phase POSITIVE ION MODE,"Microbiota and Health Study (Dhaka, Bangladesh)"
ST002247,AN003672,103,1368,HILIC NEGATIVE ION MODE,"Microbiota and Health Study (Dhaka, Bangladesh)"
ST002247,AN003673,106,1368,Reversed phase NEGATIVE ION MODE,"Microbiota and Health Study (Dhaka, Bangladesh)"
ST002248,AN003674,161,32,Reversed phase POSITIVE ION MODE,Quantitative multi-Omics analysis of paclitaxel-loaded Poly(lactide-co-glycolide) nanoparticles for identification of potential biomarkers for head and neck cancer
ST002250,AN003676,89,100,Reversed phase POSITIVE ION MODE,Ramadan diurnal intermittent fasting is associated with significant plasma metabolomics changes in overweight and obese subjects: A prospective cohort study
ST002252,AN003679,169,50,None (Direct infusion) POSITIVE ION MODE,Lipidomics analysis on Arabidopsis autophagy mutants
ST002254,AN003682,350,102,GC POSITIVE ION MODE,Maternal obesity alters offspring liver and skeletal muscle metabolism in early post-puberty despite maintaining a normal post-weaning dietary lifestyle
ST002255,AN003683,8,10,Reversed phase POSITIVE ION MODE,Functional metabolic molecules were identified as novel therapeutic targets to facilitate gemcitabine treatment against pancreatic cancer (Cells metabolomics with ATP)
ST002255,AN003684,1,10,Reversed phase NEGATIVE ION MODE,Functional metabolic molecules were identified as novel therapeutic targets to facilitate gemcitabine treatment against pancreatic cancer (Cells metabolomics with ATP)
ST002256,AN003685,8,57,GC NEGATIVE ION MODE,Metabolomics and metagenomics of pediatric obesity (Serum)
ST002261,AN003694,7,58,GC NEGATIVE ION MODE,Investigating metabolic pathways of pediatric obesity (urine)
ST002262,AN003695,2,58,GC NEGATIVE ION MODE,Metabolomics and metagenomics of pediatric obesity (Feces)
ST002263,AN003696,178,23,HILIC POSITIVE ION MODE,Intermittent fasting induces rapid hepatocyte proliferation to maintain the hepatostat
ST002263,AN003697,188,23,HILIC NEGATIVE ION MODE,Intermittent fasting induces rapid hepatocyte proliferation to maintain the hepatostat
ST002264,AN003698,85,56,HILIC POSITIVE ION MODE,Transcriptomic-Metabolomic Profiling in Mouse Lung Tissues Reveals Sex- and Strain-Based Differences
ST002264,AN003699,67,56,Reversed phase NEGATIVE ION MODE,Transcriptomic-Metabolomic Profiling in Mouse Lung Tissues Reveals Sex- and Strain-Based Differences
ST002265,AN003700,16,34,NMR data,Multi-omic analysis reveals bacteria may have a role in dental erosion
ST002266,AN003701,53,29,HILIC POSITIVE ION MODE,Kīlauea lava fuels phytoplankton bloom in the North Pacific Ocean - study of particulate metabolites
ST002266,AN003702,24,29,HILIC NEGATIVE ION MODE,Kīlauea lava fuels phytoplankton bloom in the North Pacific Ocean - study of particulate metabolites
ST002266,AN003703,6,29,GC POSITIVE ION MODE,Kīlauea lava fuels phytoplankton bloom in the North Pacific Ocean - study of particulate metabolites
ST002269,AN003706,33,174,Reversed phase POSITIVE ION MODE,Targeted plasma metabolomics in pediatric NAFLD patients
ST002269,AN003707,1,174,Reversed phase POSITIVE ION MODE,Targeted plasma metabolomics in pediatric NAFLD patients
ST002269,AN003708,277,174,None (Direct infusion) POSITIVE ION MODE,Targeted plasma metabolomics in pediatric NAFLD patients
ST002269,AN003709,31,174,None (Direct infusion) POSITIVE ION MODE,Targeted plasma metabolomics in pediatric NAFLD patients
ST002270,AN003710,180,20,HILIC POSITIVE ION MODE,Xenopus tropicalis glycolysis and PPP inhibition
ST002270,AN003711,213,20,HILIC NEGATIVE ION MODE,Xenopus tropicalis glycolysis and PPP inhibition
ST002271,AN003712,180,38,HILIC POSITIVE ION MODE,Xenopus tropicalis regeneration timecourse
ST002271,AN003713,213,38,HILIC NEGATIVE ION MODE,Xenopus tropicalis regeneration timecourse
ST002272,AN003714,173,18,GC POSITIVE ION MODE,Metabolic changes in seeds of malting barley produced under drought or elevated temperature
ST002273,AN003715,133,12,Reversed phase POSITIVE ION MODE,Multi-Omics analysis revealed a significant alteration of critical metabolic pathways due to sorafenib-resistance in Hep3B cell lines
ST002274,AN003716,6,18,Reversed phase POSITIVE ION MODE,1-deoxysphingolipid synthesis compromises anchorage-independent growth and plasma membrane endocytosis in cancer cells
ST002277,AN003721,43,23,NMR data,Skin-to-blood pH shift triggers metabolome and proteome global remodelling in Staphylococcus epidermidis
ST002278,AN003722,146,50,Reversed phase POSITIVE ION MODE,Modulation of blood metabolites by dietary β–glucan in rainbow trout (Oncorhynchus mykiss) - Serum lipid concentrations
ST002279,AN003723,42,50,Reversed phase POSITIVE ION MODE,Modulation of blood metabolites by dietary β–glucan in rainbow trout (Oncorhynchus mykiss) - Serum amino acids and biogenic amines concentrations
ST002280,AN003724,36,11,GC POSITIVE ION MODE,Oxidative phosphorylation selectively orchestrates tissue macrophage homeostasis
ST002281,AN003725,458,20,UHPLC POSITIVE ION MODE,Metabolite patterns between isogenic normal hiPSCs and Trisomy hiPSC
ST002281,AN003726,320,20,UHPLC NEGATIVE ION MODE,Metabolite patterns between isogenic normal hiPSCs and Trisomy hiPSC
ST002282,AN003727,1,20,GC UNSPECIFIED ION MODE,Detection of Methyl jasmonate (MeJA) in Plant root VOCs
ST002283,AN003728,122,160,HILIC POSITIVE ION MODE,"The “ForensOMICS” approach to forensic post-mortem interval estimation: combining metabolomics, lipidomics and proteomics for the analysis human skeletal remains"
ST002283,AN003729,88,160,HILIC NEGATIVE ION MODE,"The “ForensOMICS” approach to forensic post-mortem interval estimation: combining metabolomics, lipidomics and proteomics for the analysis human skeletal remains"
ST002283,AN003730,826,160,Reversed phase POSITIVE ION MODE,"The “ForensOMICS” approach to forensic post-mortem interval estimation: combining metabolomics, lipidomics and proteomics for the analysis human skeletal remains"
ST002283,AN003731,186,160,Reversed phase NEGATIVE ION MODE,"The “ForensOMICS” approach to forensic post-mortem interval estimation: combining metabolomics, lipidomics and proteomics for the analysis human skeletal remains"
ST002284,AN003732,273,180,HILIC POSITIVE ION MODE,Genetically defined human GBM organoids reveal principles of GBM development and actionable targets
ST002284,AN003733,223,180,HILIC NEGATIVE ION MODE,Genetically defined human GBM organoids reveal principles of GBM development and actionable targets
ST002285,AN003737,43,247,Reversed phase NEGATIVE ION MODE,Multiplatform mass spectrometry-based analysis of Leishmania donovani infected macrophages at different time points after infection
ST002286,AN003738,68,48,HILIC UNSPECIFIED ION MODE,"PolyI:C Metabolome changes in liver, CSF, serum, and embryonic CSF and liver"
ST002287,AN003739,91,36,HILIC NEGATIVE ION MODE,Enhanced systemic commensal E. coli immunogenicity through minor alteration of the metabolic profile
ST002289,AN003741,118,52,HILIC NEGATIVE ION MODE,Map of microbially induced metabolic changes across diverse body sites in mice - Bacterial culture data
ST002292,AN003744,97,42,HILIC POSITIVE ION MODE,Quantification of Dissolved Metabolites in Environmental Samples through Cation-Exchange Solid Phase Extraction (CX-SPE) paired with Liquid Chromatography-Mass Spectrometry
ST002292,AN003745,57,42,HILIC NEGATIVE ION MODE,Quantification of Dissolved Metabolites in Environmental Samples through Cation-Exchange Solid Phase Extraction (CX-SPE) paired with Liquid Chromatography-Mass Spectrometry
ST002292,AN003746,38,42,Reversed phase POSITIVE ION MODE,Quantification of Dissolved Metabolites in Environmental Samples through Cation-Exchange Solid Phase Extraction (CX-SPE) paired with Liquid Chromatography-Mass Spectrometry
ST002296,AN003750,3,276,Reversed phase NEGATIVE ION MODE,Comprehensive biotransformation analysis of phenylalanine-tyrosine metabolism reveals alternative routes of metabolite clearance in nitisinone-treated alkaptonuria (Serum metabolomic analysis)
ST002296,AN003751,5,276,Reversed phase POSITIVE ION MODE,Comprehensive biotransformation analysis of phenylalanine-tyrosine metabolism reveals alternative routes of metabolite clearance in nitisinone-treated alkaptonuria (Serum metabolomic analysis)
ST002297,AN003752,14,309,Reversed phase NEGATIVE ION MODE,Comprehensive biotransformation analysis of phenylalanine-tyrosine metabolism reveals alternative routes of metabolite clearance in nitisinone-treated alkaptonuria (Urine metabolomic analysis)
ST002297,AN003753,9,309,Reversed phase POSITIVE ION MODE,Comprehensive biotransformation analysis of phenylalanine-tyrosine metabolism reveals alternative routes of metabolite clearance in nitisinone-treated alkaptonuria (Urine metabolomic analysis)
ST002301,AN003757,99,170,Reversed phase POSITIVE ION MODE,Serum metabolomics profiling identifies new predictive biomarkers for disease severity in COVID-19 patients
ST002303,AN003763,432,12,Reversed phase POSITIVE ION MODE,Fitm2 is required for ER homeostasis and normal function of murine liver
ST002303,AN003764,339,12,Reversed phase NEGATIVE ION MODE,Fitm2 is required for ER homeostasis and normal function of murine liver
ST002304,AN003765,289,23,Reversed phase UNSPECIFIED ION MODE,White-nose syndrome disrupts the splenic lipidome of little brown bats (Myotis lucifugus) at early disease stages
ST002306,AN003768,497,6,Reversed phase POSITIVE ION MODE,Metabolomics profiling of full extracts of bacterial culture supernatants.
ST002307,AN003769,491,12,Reversed phase POSITIVE ION MODE,Metabolomics profiling of the secondary fractions 4 of bacterial culture supernatants.
ST002308,AN003770,10,234,Reversed phase POSITIVE ION MODE,Metabolomics profiling of full extracts and fractions of bacterial culture supernatants.
ST002309,AN003771,213,6,HILIC POSITIVE ION MODE,Targeting malaria parasites with novel derivatives of azithromycin
ST002309,AN003772,213,6,HILIC NEGATIVE ION MODE,Targeting malaria parasites with novel derivatives of azithromycin
ST002313,AN003779,61,78,Reversed phase POSITIVE ION MODE,"Dietary inclusion of nitrite-containing frankfurter exacerbates colorectal cancer pathology, increases oxidative stress, alters metabolism and causes gut dybiosis in APCmin mice"
ST002313,AN003780,21,78,Reversed phase NEGATIVE ION MODE,"Dietary inclusion of nitrite-containing frankfurter exacerbates colorectal cancer pathology, increases oxidative stress, alters metabolism and causes gut dybiosis in APCmin mice"
ST002314,AN003781,31,18,GC POSITIVE ION MODE,Differential requirements for mitochondrial electron transport chain components in the adult murine liver - Lactate/Pyruvate Tolerance Test
ST002315,AN003782,160,60,GC POSITIVE ION MODE,Differential requirements for mitochondrial electron transport chain components in the adult murine liver - in vivo glucose tracing
ST002316,AN003783,287,23,Reversed phase UNSPECIFIED ION MODE,Differential requirements for mitochondrial electron transport chain components in the adult murine liver - Untargeted Metabolomics (qTOF)
ST002317,AN003784,46,12,Reversed phase LC POSITIVE ION MODE,Mass spectroscopy‑based proteomics and metabolomics analysis of triple‑positive breast cancer cells treated with tamoxifen
ST002318,AN003785,35,14,Reversed phase LC POSITIVE ION MODE,Mass spectroscopy‑based proteomics and metabolomics analysis of triple‑positive breast cancer cells treated with trastuzumab
ST002319,AN003786,42,12,Reversed phase LC POSITIVE ION MODE,Mass spectroscopy‑based proteomics and metabolomics analysis of triple‑positive breast cancer cells treated with tamoxifen and trastuzumab
ST002322,AN003789,404,40,Reversed phase/HILIC UNSPECIFIED ION MODE,Metabolomics study comparing SCAP KO and WT B cells
ST002081,AN003790,845,1643,None (Direct infusion) UNSPECIFIED ION MODE,"Dynamic Lipidome Alterations Associated with Human Health, Disease, and Aging"
ST002323,AN003791,272,12,CE POSITIVE ION MODE,SETD1A regulates transcriptional pause release of heme biosynthesis genes in leukemia
ST002323,AN003792,237,12,CE NEGATIVE ION MODE,SETD1A regulates transcriptional pause release of heme biosynthesis genes in leukemia
ST002324,AN003793,102,225,Reversed phase NEGATIVE ION MODE,Exploration of age-dependent changes of phospholipid profiles in C. elegans depleted of tif-IA and ncl-1
ST002325,AN003794,6,45,Reversed phase NEGATIVE ION MODE,Determination of changes in free fatty acid levels in C. elegans depleted of tif-IA and ncl-1
ST002326,AN003795,49,90,Reversed phase POSITIVE ION MODE,Analysis of age-dependent changes of triacylglycerol species in C. elegans depleted of tif-IA and ncl-1
ST002327,AN003796,147,58,HILIC POSITIVE ION MODE,Effect of PARK7 gene KO on midbrain organoids
ST002328,AN003797,162,66,HILIC POSITIVE ION MODE,Metabolome and transcriptome analysis of oral mucosa of HIV+ patients reveal a role for polyamine metabolic pathway in T cell dysfunction
ST002328,AN003798,200,66,HILIC NEGATIVE ION MODE,Metabolome and transcriptome analysis of oral mucosa of HIV+ patients reveal a role for polyamine metabolic pathway in T cell dysfunction
ST002330,AN003801,22,144,HILIC POSITIVE ION MODE,Early-stage responses to Plasmodiophora brassicae at the metabolome levels in clubroot resistant and susceptible oilseed Brassica napus
ST002330,AN003802,18,144,HILIC NEGATIVE ION MODE,Early-stage responses to Plasmodiophora brassicae at the metabolome levels in clubroot resistant and susceptible oilseed Brassica napus
ST002330,AN003803,6,144,Reversed phase NEGATIVE ION MODE,Early-stage responses to Plasmodiophora brassicae at the metabolome levels in clubroot resistant and susceptible oilseed Brassica napus
ST002334,AN003810,1016,24,HILIC POSITIVE ION MODE,Phospholipase D3 impact on the endolysosomal lipidome
ST002334,AN003811,1183,24,HILIC NEGATIVE ION MODE,Phospholipase D3 impact on the endolysosomal lipidome
ST002335,AN003814,154,32,None (Direct infusion) POSITIVE ION MODE,Pathogenic Auxilin mutations affect lipids that are critical to Synaptojanin function
ST001903,AN003815,79,248,Reversed phase POSITIVE ION MODE,Effect of ketogenic diet on the plasma and tumor metabolome of melanoma-bearing mice
ST001903,AN003816,378,248,None (Direct infusion) UNSPECIFIED ION MODE,Effect of ketogenic diet on the plasma and tumor metabolome of melanoma-bearing mice
ST001903,AN003817,32,248,Reversed phase POSITIVE ION MODE,Effect of ketogenic diet on the plasma and tumor metabolome of melanoma-bearing mice
ST002337,AN003819,204,1092,UPLC UNSPECIFIED ION MODE,Guangzhou Nutrition and Health Study (GNHS)
ST002339,AN003822,89,47,Reversed phase POSITIVE ION MODE,Myriocin rescue of serine-associated hepatic lipid diversity
ST002340,AN003823,44,32,Reversed phase POSITIVE ION MODE,Serine supplementation and hepatic and skin sphingolipid diversity
ST002343,AN003827,47,47,Reversed phase POSITIVE ION MODE,The impact of myriocin and dietary serine restriction on paw skin sphingolipid diversity
ST002344,AN003828,47,78,Reversed phase POSITIVE ION MODE,The impact of dietary serine/glycine restriction and myriocin treatment on hepatic sphingolipid diversity during prolonged high fat diet feeding.
ST002345,AN003829,10,37,Ion exchange UNSPECIFIED ION MODE,Stress-Induced Mucosal Layer Disruption Drives Gut Dysbiosis and Depressive-like Behaviors
ST002346,AN003830,75,116,Reversed phase POSITIVE ION MODE,Lipidomics study of the cells defective in peroxisome division
ST002346,AN003831,67,116,Reversed phase POSITIVE ION MODE,Lipidomics study of the cells defective in peroxisome division
ST002348,AN003833,161,16,GC UNSPECIFIED ION MODE,Comparative metabolite profiling of glycolytic and sulfoglycolytic E. coli
ST002354,AN003842,31,224,None (Direct infusion) NEGATIVE ION MODE,Combination of TP-252 and Naproxen elicit tumor protective Eicosanoid changes.
ST002354,AN003843,140,224,None (Direct infusion) NEGATIVE ION MODE,Combination of TP-252 and Naproxen elicit tumor protective Eicosanoid changes.
ST002354,AN003844,31,224,None (Direct infusion) NEGATIVE ION MODE,Combination of TP-252 and Naproxen elicit tumor protective Eicosanoid changes.
ST002354,AN003845,140,224,None (Direct infusion) NEGATIVE ION MODE,Combination of TP-252 and Naproxen elicit tumor protective Eicosanoid changes.
ST002355,AN003846,14,150,Reversed phase POSITIVE ION MODE,Stool short chain fatty acid (SCFA) levels in peanut allergy
ST002356,AN003847,11,14,NMR data,Isolated murine skeletal muscles utilize pyruvate over glucose for oxidation-Part 1
ST002360,AN003854,146,14,None (Direct infusion) POSITIVE ION MODE,Quantitative lipidomics of TFG-deficient B cells
ST002361,AN003855,193,8,Reversed phase POSITIVE ION MODE,UCP2-dependent redox-sensing in POMC neurons regulates feeding
ST002361,AN003856,133,8,Other NEGATIVE ION MODE,UCP2-dependent redox-sensing in POMC neurons regulates feeding
ST002362,AN003857,6,6,Ion pair NEGATIVE ION MODE,[U-13C]glucose tracing in naïve vs. activated CD8+ T cells
ST002363,AN003858,6,9,Ion pair NEGATIVE ION MODE,"[U-13C]glucose tracing in NT, AOA or EGCG treated activated CD8+ T cells"
ST002364,AN003859,16,12,Ion pair NEGATIVE ION MODE,"[U-13C]glucose tracing in activated WT, GOT1 or GLUD1 knockout CD8+ T cells"
ST002365,AN003860,12,12,Ion pair NEGATIVE ION MODE,"[U-13C]glutamine tracing in activated WT, GOT1 or GLUD1 knockout CD8+ T cells"
ST002366,AN003861,59,104,None (Direct infusion) POSITIVE ION MODE,Single cell lipidome analysis of phosphatidylcholines and spingomyelins from HepG2 and C2C12 cells
ST002367,AN003862,58,87,None (Direct infusion) POSITIVE ION MODE,Single cell lipidome analysis of phosphatidylcholines and spingomyelins from prostate cells
ST002369,AN003864,165,26,None (Direct infusion) UNSPECIFIED ION MODE,The impact of acute Colony Stimulating Factor 1 treatment on serum and liver metabolites in fed and fasted mice LIVER
ST002370,AN003865,192,23,None (Direct infusion) UNSPECIFIED ION MODE,The impact of acute Colony Stimulating Factor 1 treatment on serum and liver metabolites in fed and fasted mice – SERUM
ST002371,AN003866,236,12,HILIC UNSPECIFIED ION MODE,High-resolution metabolomics analysis of NLRP3 inflammasome activated macrophages
ST002372,AN003867,4,6,Ion pair NEGATIVE ION MODE,Extracellular pyruvate secretion by activated CD8+ T cells revealed by [U-13C]glucose tracing
ST002373,AN003868,168,18,HILIC UNSPECIFIED ION MODE,Extracellular metabolome of activated CD8+ T cells
ST002374,AN003869,160,6,HILIC UNSPECIFIED ION MODE,Metabolomics analysis of WT vs. GOT1 knockout CD8+ T cells
ST002375,AN003870,147,12,HILIC UNSPECIFIED ION MODE,Metabolomics analysis of WT or GOT1 knockout CD8+ T cells cultured in serine-replete or serine-free media
ST002376,AN003871,187,12,CE POSITIVE ION MODE,Hepatic Phosphatidylcholine Catabolism Driven by PNPLA7 and PNPLA8 Supplies Endogenous Choline to Replenish the Methionine Cycle with Methyl Groups(Pnpla8-knockout)
ST002376,AN003872,113,12,CE NEGATIVE ION MODE,Hepatic Phosphatidylcholine Catabolism Driven by PNPLA7 and PNPLA8 Supplies Endogenous Choline to Replenish the Methionine Cycle with Methyl Groups(Pnpla8-knockout)
ST002377,AN003873,132,12,CE POSITIVE ION MODE,Hepatic Phosphatidylcholine Catabolism Driven by PNPLA7 and PNPLA8 Supplies Endogenous Choline to Replenish the Methionine Cycle with Methyl Groups (Pnpla7-knockout)
ST002377,AN003874,92,12,CE NEGATIVE ION MODE,Hepatic Phosphatidylcholine Catabolism Driven by PNPLA7 and PNPLA8 Supplies Endogenous Choline to Replenish the Methionine Cycle with Methyl Groups (Pnpla7-knockout)
ST002378,AN003875,8,32,Ion pair NEGATIVE ION MODE,Targeted metabolomics analysis of WT and GSDMDKO macrophages
ST002378,AN003876,5,32,Other NEGATIVE ION MODE,Targeted metabolomics analysis of WT and GSDMDKO macrophages
ST002379,AN003877,224,12,HILIC POSITIVE ION MODE,Glucose flux analysis of NLRP3 inflammasome activated macrophages
ST002379,AN003878,298,12,HILIC NEGATIVE ION MODE,Glucose flux analysis of NLRP3 inflammasome activated macrophages
ST002380,AN003879,183,24,GC POSITIVE ION MODE,"Metabolomic and Cultivation Insights into the Tolerance of the Spacecraft-Associated Acinetobacter Towards Kleenol 30, a Cleanroom Floor Detergent"
ST002381,AN003880,21,316,NMR data,Ruegeria pomeroyi transporter mutant substrate drawdown
ST002382,AN003881,246,60,GC UNSPECIFIED ION MODE,Deep multi-omic profiling reveals extensive mitochondrial remodeling driven by glycemia in early diabetic kidney disease
ST002383,AN003882,126,55,HILIC POSITIVE ION MODE,Metabolomics of B-cell Acute Lymphoblastic Leukemia in Response to Adipocyte Conditioned Media
ST002389,AN003893,89,78,GC POSITIVE ION MODE,Alterations in SHH signal transduction introduce a state of hypometabolism in sporadic Parkinson's disease
ST002391,AN003896,83,40,Reversed phase POSITIVE ION MODE,Evaluation of Two Simultaneous Metabolomic and Proteomic Extraction Protocols Assessed by Ultra-High-Performance Liq-uid Chromatography Tandem Mass Spectrometry
ST002392,AN003897,40,642,NMR data,Candida albicans NMR exometabolome
ST002394,AN003900,9,48,Reversed phase NEGATIVE ION MODE,Short-chain fatty acid (SCFA) analysis of DSS-treated murine intestinal microbiota using continuous cultivation in bioreactors
ST002397,AN003904,10,9,Reversed phase NEGATIVE ION MODE,System-level analysis of flux regulation of yeast show that glycolytic flux is controlled by allosteric regulation and enzyme phosphorylation
ST002398,AN003905,2545,10,Reversed phase POSITIVE ION MODE,Lipidomics of Tango2 Deficient and Wildtype Zebrafish Muscle Tissue
ST002399,AN003906,167,48,HILIC POSITIVE ION MODE,Metabolomics of Adipocyte-Conditioned Media Compared to Stromal Cell- and Un-conditioned Media
ST002400,AN003907,50,10,HILIC POSITIVE ION MODE,Alcohol dehydrogenase 1B is crucial for adipocyte homeostasis
ST002400,AN003908,173,10,HILIC POSITIVE ION MODE,Alcohol dehydrogenase 1B is crucial for adipocyte homeostasis
ST002400,AN003909,74,10,HILIC POSITIVE ION MODE,Alcohol dehydrogenase 1B is crucial for adipocyte homeostasis
ST002400,AN003910,43,10,Reversed phase POSITIVE ION MODE,Alcohol dehydrogenase 1B is crucial for adipocyte homeostasis
ST002400,AN003911,58,10,Reversed phase POSITIVE ION MODE,Alcohol dehydrogenase 1B is crucial for adipocyte homeostasis
ST002403,AN003917,720,36,Reversed phase POSITIVE ION MODE,Deep multi-omic profiling reveals extensive mitochondrial remodeling driven by glycemia in early diabetic kidney disease (Mitochondria)
ST002404,AN003918,139,605,NMR data,"Profiling Metabolites and Lipoproteins in COMETA, an Italian Cohort of COVID-19 patients-part 2"
ST002405,AN003919,2189,40,HILIC UNSPECIFIED ION MODE,Stool global metabolite levels in peanut allergy (Part 2)
ST002406,AN003920,8,108,Normal phase POSITIVE ION MODE,Silicon ameliorates clubroot responses in canola (Brassica napus): A “multi-omics”-based investigation into possible mechanisms
ST002406,AN003921,11,108,Normal phase NEGATIVE ION MODE,Silicon ameliorates clubroot responses in canola (Brassica napus): A “multi-omics”-based investigation into possible mechanisms
ST002406,AN003922,8,108,Reversed phase POSITIVE ION MODE,Silicon ameliorates clubroot responses in canola (Brassica napus): A “multi-omics”-based investigation into possible mechanisms
ST002406,AN003923,10,108,Reversed phase NEGATIVE ION MODE,Silicon ameliorates clubroot responses in canola (Brassica napus): A “multi-omics”-based investigation into possible mechanisms
ST002407,AN003924,413,331,HILIC NEGATIVE ION MODE,"Spatial, temporal, and inter-subject variation of the metabolome along the human upper intestinal tract"
ST002409,AN003926,312,331,Reversed phase POSITIVE ION MODE,"Spatial, temporal, and inter-subject variation of the metabolome along the human upper intestinal tract (MS RP positive data)"
ST002411,AN003930,498,331,Reversed phase NEGATIVE ION MODE,"Spatial, temporal, and inter-subject variation of the metabolome along the human upper intestinal tract (MS RP negative data)"
ST002412,AN003931,201,19,HILIC POSITIVE ION MODE,Metabolic effects of the protein kinase R
ST002412,AN003932,121,19,HILIC NEGATIVE ION MODE,Metabolic effects of the protein kinase R
ST002413,AN003933,130,9,Reversed phase NEGATIVE ION MODE,IFN-inducible phospholipid levels govern endosomal antiviral immunity
ST002413,AN003934,48,9,Reversed phase POSITIVE ION MODE,IFN-inducible phospholipid levels govern endosomal antiviral immunity
ST002414,AN003935,3432,85,Reversed phase UNSPECIFIED ION MODE,Mass spectrometry dataset of LC-MS Lipidomics Analysis of Xenopus Laevis Optic Nerve
ST002415,AN003936,80,14,Reversed phase POSITIVE ION MODE,Proteomics and metabolomics of multiple sclerosis
ST002416,AN003937,153,36,Reversed phase POSITIVE ION MODE,Proteomics and metabolomics of multiple sclerosis (Part 2)
ST002417,AN003938,42,86,NMR data,Serum metabolomics and lipidomics profiling in iliac arteriovenous fistula creation in clinical patients: part 1
ST002418,AN003939,19,86,NMR data,Serum metabolomics and lipidomics profiling in iliac arteriovenous fistula creation in clinical patients: part 2
ST002419,AN003940,141,24,Normal phase POSITIVE ION MODE,Metabolomic changes in growth of E. colik at four timespoints in MOPS rich and minimum medium
ST002420,AN003941,40,66,Reversed phase POSITIVE ION MODE,Colorectal cancer isobaric labeling for metabolite quantification
ST002421,AN003942,234,32,Reversed phase POSITIVE ION MODE,UBXD8 lipidomics from whole cells (Part 1)
ST002421,AN003943,10,32,Reversed phase NEGATIVE ION MODE,UBXD8 lipidomics from whole cells (Part 1)
ST002422,AN003944,143,36,Reversed phase POSITIVE ION MODE,UBXD8 lipidomics from whole cells (Part 2)
ST002422,AN003945,75,36,Reversed phase NEGATIVE ION MODE,UBXD8 lipidomics from whole cells (Part 2)
ST002426,AN003949,2,14,NMR data,Isolated murine skeletal muscles utilize pyruvate over glucose for oxidation:Part 2
ST002427,AN003950,95,30,Reversed phase POSITIVE ION MODE,Dansylated Human Plasma at Known Light-Heavy Mixing Ratios
ST002428,AN003951,69,50,Reversed phase POSITIVE ION MODE,Mass Spectrometry-based Proteomic and Metabolomic profiling of serum samples for discovery and validation of Tuberculosis diagnostic biomarker signature
ST002428,AN003952,32,50,Reversed phase NEGATIVE ION MODE,Mass Spectrometry-based Proteomic and Metabolomic profiling of serum samples for discovery and validation of Tuberculosis diagnostic biomarker signature
ST002431,AN003957,158,56,HILIC POSITIVE ION MODE,MS profiling of the Long Term Evolution Experiment
ST002431,AN003958,157,56,HILIC NEGATIVE ION MODE,MS profiling of the Long Term Evolution Experiment
ST002433,AN003963,4,20,NMR data,Elucidating dynamic anaerobe metabolism with HRMAS 13C NMR and genome-scale modeling
ST002434,AN003964,78,29,HILIC POSITIVE ION MODE,Metabolomics analysis of heart from CHCHD10S59L/+ KI mice
ST002434,AN003965,92,29,Reversed phase POSITIVE ION MODE,Metabolomics analysis of heart from CHCHD10S59L/+ KI mice
ST002434,AN003966,70,29,Reversed phase NEGATIVE ION MODE,Metabolomics analysis of heart from CHCHD10S59L/+ KI mice
ST002435,AN003967,150,28,HILIC POSITIVE ION MODE,Metabolomics analysis of plasma from CHCHD10S59L/+ KI mice
ST002435,AN003968,73,28,Reversed phase NEGATIVE ION MODE,Metabolomics analysis of plasma from CHCHD10S59L/+ KI mice
ST002438,AN003972,408,85,Reversed phase POSITIVE ION MODE,Ozone alters glycosphingolipid metabolism and exacerbates characteristics of asthma in mice
ST002438,AN003973,261,85,Reversed phase NEGATIVE ION MODE,Ozone alters glycosphingolipid metabolism and exacerbates characteristics of asthma in mice
ST002438,AN003974,161,85,HILIC POSITIVE ION MODE,Ozone alters glycosphingolipid metabolism and exacerbates characteristics of asthma in mice
ST002438,AN003975,182,85,HILIC NEGATIVE ION MODE,Ozone alters glycosphingolipid metabolism and exacerbates characteristics of asthma in mice
ST002444,AN003981,544,41,HILIC POSITIVE ION MODE,Zebrafish Optic Nerve Regeneration Metabolomics - 3 Days Post Crush
ST002444,AN003982,286,41,HILIC NEGATIVE ION MODE,Zebrafish Optic Nerve Regeneration Metabolomics - 3 Days Post Crush
ST002445,AN003983,4,32,Reversed phase NEGATIVE ION MODE,The interaction of ceramide-1-phosphate with group IVA cytosolic phospholipase A2 modulates neutrophil polarization during inflammatory responses
ST002447,AN003988,363,6,Reversed phase POSITIVE ION MODE,Bioactive molecule(s) of gut bacteria of Crocodile (Crocodylus palustris) as potential pharmaceuticals
ST002450,AN003998,33,43,GC POSITIVE ION MODE,"APOE modulates microglial immunometabolism in response to age, amyloid pathology, and inflammatory challenge (Part II)"
ST002451,AN003999,85,30,GC POSITIVE ION MODE,"APOE modulates microglial immunometabolism in response to age, amyloid pathology, and inflammatory challenge (Part 2 of 3)"
ST002453,AN004002,40,162,None (Direct infusion) NEGATIVE ION MODE,"APOE modulates microglial immunometabolism in response to age, amyloid pathology, and inflammatory challenge (Part 3 of 3)"
ST002455,AN004005,230,64,Reversed phase UNSPECIFIED ION MODE,Organism-Wide Analysis of Sepsis Reveals Mechanisms of Systemic Inflammation
ST002452,AN004007,525,224,Reversed phase POSITIVE ION MODE,Lipidomic analysis of human brain from frontotemporal dementia cases of with GRN and C9orf72 mutations
ST002452,AN004008,296,224,Reversed phase NEGATIVE ION MODE,Lipidomic analysis of human brain from frontotemporal dementia cases of with GRN and C9orf72 mutations
ST002457,AN004009,298,26,HILIC UNSPECIFIED ION MODE,Mouse kidney metabolomics (Whole kidney)
ST002458,AN004010,57,9,HILIC UNSPECIFIED ION MODE,Mouse kidney metabolomics (Proximal tubular cells)
ST002459,AN004011,148,187,Reversed phase POSITIVE ION MODE,"Comparison of metabolite profiles from matched whole blood microsamplers, whole blood dried blood spots, and plasma."
ST002459,AN004012,208,187,Reversed phase NEGATIVE ION MODE,"Comparison of metabolite profiles from matched whole blood microsamplers, whole blood dried blood spots, and plasma."
ST002459,AN004013,232,187,HILIC POSITIVE ION MODE,"Comparison of metabolite profiles from matched whole blood microsamplers, whole blood dried blood spots, and plasma."
ST002460,AN004014,84,100,Reversed phase POSITIVE ION MODE,Paleamon metabolomics
ST002461,AN004015,140,12,Normal phase POSITIVE ION MODE,Untargeted metabolomics of HUVECs subjected to hypoxia-reoxygenation
ST002461,AN004016,168,12,Normal phase NEGATIVE ION MODE,Untargeted metabolomics of HUVECs subjected to hypoxia-reoxygenation
ST002462,AN004017,6,50,Reversed phase POSITIVE ION MODE,Tryptophan metabolites in human sera on a defined diet
ST002463,AN004018,9,60,Reversed phase POSITIVE ION MODE,Tryptophan metabolites in mouse serum
ST002465,AN004021,141,602,HILIC NEGATIVE ION MODE,Map of microbially induced metabolic changes across diverse body sites in mice - Mouse Data
ST002466,AN004022,26,231,Reversed phase NEGATIVE ION MODE,"Deciphering the metabolomic differences between two fast-growing cyanobacteria, S.elongatus PCC 11801 and 11802 via 13C-metabolic flux analysis"
ST002467,AN004023,259,6,HILIC UNSPECIFIED ION MODE,Nano-hijacked myeloid cells potentiate antitumor immunity and radiotherapy for glioblastoma
ST002468,AN004024,14,131,Reversed phase POSITIVE ION MODE,First approach on the use of samples from fecal occult blood screening kits for metabolomic analysis. Application in colorectal cancer population.
ST002470,AN004029,290,89,HILIC POSITIVE ION MODE,Linking bacterial metabolites to disease-associated microbes to uncover mechanisms of host-microbial interactions in intestinal inflammation. Human plasma profiling
ST002470,AN004030,224,89,Reversed phase POSITIVE ION MODE,Linking bacterial metabolites to disease-associated microbes to uncover mechanisms of host-microbial interactions in intestinal inflammation. Human plasma profiling
ST002470,AN004031,111,89,HILIC NEGATIVE ION MODE,Linking bacterial metabolites to disease-associated microbes to uncover mechanisms of host-microbial interactions in intestinal inflammation. Human plasma profiling
ST002470,AN004032,103,89,Reversed phase NEGATIVE ION MODE,Linking bacterial metabolites to disease-associated microbes to uncover mechanisms of host-microbial interactions in intestinal inflammation. Human plasma profiling
ST002471,AN004033,415,91,HILIC POSITIVE ION MODE,Linking bacterial metabolites to disease-associated microbes to uncover mechanisms of host-microbial interactions in intestinal inflammation. Human stool profiling
ST002471,AN004034,207,91,Reversed phase POSITIVE ION MODE,Linking bacterial metabolites to disease-associated microbes to uncover mechanisms of host-microbial interactions in intestinal inflammation. Human stool profiling
ST002471,AN004035,121,91,HILIC NEGATIVE ION MODE,Linking bacterial metabolites to disease-associated microbes to uncover mechanisms of host-microbial interactions in intestinal inflammation. Human stool profiling
ST002471,AN004036,141,91,Reversed phase NEGATIVE ION MODE,Linking bacterial metabolites to disease-associated microbes to uncover mechanisms of host-microbial interactions in intestinal inflammation. Human stool profiling
ST002472,AN004037,161,37,HILIC POSITIVE ION MODE,Linking bacterial metabolites to disease-associated microbes to uncover mechanisms of host-microbial interactions in intestinal inflammation. Veillonella parvula cell and media profiling
ST002472,AN004038,70,37,Reversed phase POSITIVE ION MODE,Linking bacterial metabolites to disease-associated microbes to uncover mechanisms of host-microbial interactions in intestinal inflammation. Veillonella parvula cell and media profiling
ST002473,AN004039,139,48,HILIC POSITIVE ION MODE,Linking bacterial metabolites to disease-associated microbes to uncover mechanisms of host-microbial interactions in intestinal inflammation. Veillonella parvula media profiling of IBD drug metabolites
ST002473,AN004040,95,48,HILIC NEGATIVE ION MODE,Linking bacterial metabolites to disease-associated microbes to uncover mechanisms of host-microbial interactions in intestinal inflammation. Veillonella parvula media profiling of IBD drug metabolites
ST002474,AN004041,2,30,Reversed phase POSITIVE ION MODE,Retinol Dehydrogenase 10 Reduction Mediated Retinol Metabolism Disorder Promotes Diabetic Cardiomyopathy in Male Mice.
ST002475,AN004042,82,124,HILIC POSITIVE ION MODE,"Psychobiotic Lactobacillus plantarum JYLP-326 relieves anxiety, depression, and insomnia symptoms in test anxious college students via modulating the gut microbiota and its metabolism"
ST002475,AN004043,71,124,HILIC NEGATIVE ION MODE,"Psychobiotic Lactobacillus plantarum JYLP-326 relieves anxiety, depression, and insomnia symptoms in test anxious college students via modulating the gut microbiota and its metabolism"
ST002477,AN004046,287,89,HILIC UNSPECIFIED ION MODE,Neutrophil metabolomics in COVID-19
ST002481,AN004051,4,54,Reversed phase UNSPECIFIED ION MODE,Urolithin A (UroA) acts at CYP1A1/1B1 substrates leading to enhanced aryl hydrocarbon receptor (AHR) activity in vivo
ST002485,AN004056,88,12,Reversed phase NEGATIVE ION MODE,Simultaneous targeting of PD-1 and IL2Rβγ with radiation therapy to inhibit pancreatic cancer growth and metastasis - mouse serum metabolomics
ST002485,AN004057,81,12,Reversed phase POSITIVE ION MODE,Simultaneous targeting of PD-1 and IL2Rβγ with radiation therapy to inhibit pancreatic cancer growth and metastasis - mouse serum metabolomics
ST002486,AN004058,73,15,Reversed phase NEGATIVE ION MODE,Simultaneous targeting of PD-1 and IL2Rβγ with radiation therapy to inhibit pancreatic cancer growth and metastasis - mouse blood T-cell metabolomics
ST002486,AN004059,57,15,Reversed phase POSITIVE ION MODE,Simultaneous targeting of PD-1 and IL2Rβγ with radiation therapy to inhibit pancreatic cancer growth and metastasis - mouse blood T-cell metabolomics
ST002487,AN004060,50,15,Reversed phase NEGATIVE ION MODE,Simultaneous targeting of PD-1 and IL2Rβγ with radiation therapy to inhibit pancreatic cancer growth and metastasis - mouse spleen and lymph node T-cell metabolomics
ST002487,AN004061,69,15,Reversed phase POSITIVE ION MODE,Simultaneous targeting of PD-1 and IL2Rβγ with radiation therapy to inhibit pancreatic cancer growth and metastasis - mouse spleen and lymph node T-cell metabolomics
ST002488,AN004062,26,60,Reversed phase NEGATIVE ION MODE,Simultaneous targeting of PD-1 and IL2Rβγ with radiation therapy to inhibit pancreatic cancer growth and metastasis - T-cell tracing supernatants
ST002489,AN004063,27,15,Reversed phase NEGATIVE ION MODE,Simultaneous targeting of PD-1 and IL2Rβγ with radiation therapy to inhibit pancreatic cancer growth and metastasis
ST002490,AN004064,3,35,Reversed phase POSITIVE ION MODE,Simultaneous targeting of PD-1 and IL2Rβγ with radiation therapy to inhibit pancreatic cancer growth and metastasis - human plasma metabolomics
ST002491,AN004065,6,56,Reversed phase POSITIVE ION MODE,Six tryptophan metabolites in mouse serum
ST002476,AN004077,276,30,CE POSITIVE ION MODE,High body temperature increases gut microbiota-dependent host resistance to influenza A virus and SARS-CoV-2 infection (Mouse)
ST002476,AN004078,236,30,CE NEGATIVE ION MODE,High body temperature increases gut microbiota-dependent host resistance to influenza A virus and SARS-CoV-2 infection (Mouse)
ST002479,AN004079,267,20,CE POSITIVE ION MODE,High body temperature increases gut microbiota-dependent host resistance to influenza A virus and SARS-CoV-2 infection (Hamster)
ST002479,AN004080,246,20,CE NEGATIVE ION MODE,High body temperature increases gut microbiota-dependent host resistance to influenza A virus and SARS-CoV-2 infection (Hamster)
ST002492,AN004081,204,60,Reversed phase POSITIVE ION MODE,Composition of raw plant-based food items
ST002492,AN004082,69,60,Reversed phase POSITIVE ION MODE,Composition of raw plant-based food items
ST002492,AN004083,267,60,Reversed phase NEGATIVE ION MODE,Composition of raw plant-based food items
ST002492,AN004084,103,60,HILIC NEGATIVE ION MODE,Composition of raw plant-based food items
ST002493,AN004085,168,6,GC UNSPECIFIED ION MODE,Composition of raw plant-based food items Pilot Study
ST002493,AN004086,410,6,HILIC POSITIVE ION MODE,Composition of raw plant-based food items Pilot Study
ST002493,AN004087,284,6,HILIC NEGATIVE ION MODE,Composition of raw plant-based food items Pilot Study
ST002493,AN004088,389,6,Reversed phase POSITIVE ION MODE,Composition of raw plant-based food items Pilot Study
ST002493,AN004089,275,6,Reversed phase NEGATIVE ION MODE,Composition of raw plant-based food items Pilot Study
ST002493,AN004090,617,6,Normal phase POSITIVE ION MODE,Composition of raw plant-based food items Pilot Study
ST002493,AN004091,325,6,Normal phase NEGATIVE ION MODE,Composition of raw plant-based food items Pilot Study
ST002494,AN004092,28,148,Reversed phase NEGATIVE ION MODE,Disrupted intestinal microbiota contributes to the pathogenesis of anorexia nervosa (Part 1)
ST002349,AN004095,147,39,Normal phase POSITIVE ION MODE,Biomolecular condensates create phospholipid-enriched microenvironments (Part 1)
ST002349,AN004096,196,39,Normal phase NEGATIVE ION MODE,Biomolecular condensates create phospholipid-enriched microenvironments (Part 1)
ST002352,AN004097,86,18,Normal phase POSITIVE ION MODE,Biomolecular condensates create phospholipid-enriched microenvironments (Part 2)
ST002352,AN004098,192,18,Normal phase NEGATIVE ION MODE,Biomolecular condensates create phospholipid-enriched microenvironments (Part 2)
ST002353,AN004099,8,27,Normal phase POSITIVE ION MODE,Biomolecular condensates create phospholipid-enriched microenvironments (Part 3)
ST002353,AN004100,5,27,Normal phase NEGATIVE ION MODE,Biomolecular condensates create phospholipid-enriched microenvironments (Part 3)
ST002497,AN004101,147,12,HILIC UNSPECIFIED ION MODE,Postnatal hyperglycemia alters amino acid profile in retinas
ST002499,AN004106,107,20,Reversed phase NEGATIVE ION MODE,Metabolomics analysis of stress erythroid progenitors (Part 2)
ST002500,AN004107,210,216,GC UNSPECIFIED ION MODE,Plasma metabolomic signatures from patients following high-dose total body irradiation
ST002500,AN004108,71,216,Reversed phase POSITIVE ION MODE,Plasma metabolomic signatures from patients following high-dose total body irradiation
ST002500,AN004109,30,216,Reversed phase NEGATIVE ION MODE,Plasma metabolomic signatures from patients following high-dose total body irradiation
ST002503,AN004112,130,48,Reversed phase POSITIVE ION MODE,"Endothelial Cell CD36 Regulates Membrane Ceramide Formation, Exosome Fatty Acid Delivery to Tissues and Circulating Fatty Acid Levels"
ST002503,AN004113,9,48,HILIC POSITIVE ION MODE,"Endothelial Cell CD36 Regulates Membrane Ceramide Formation, Exosome Fatty Acid Delivery to Tissues and Circulating Fatty Acid Levels"
ST002503,AN004114,9,48,HILIC NEGATIVE ION MODE,"Endothelial Cell CD36 Regulates Membrane Ceramide Formation, Exosome Fatty Acid Delivery to Tissues and Circulating Fatty Acid Levels"
ST002395,AN004119,137,6,HILIC POSITIVE ION MODE,A Mammalian Conserved Circular RNA CircLARP2 Regulates Hepatocellular Carcinoma Metastasis and Lipid Metabolism
ST002505,AN004126,2778,40,HILIC POSITIVE ION MODE,A Mammalian Conserved Circular RNA CircLARP2 Regulates Hepatocellular Carcinoma Metastasis and Lipid Metabolism (Part 1)
ST002505,AN004127,2296,40,HILIC NEGATIVE ION MODE,A Mammalian Conserved Circular RNA CircLARP2 Regulates Hepatocellular Carcinoma Metastasis and Lipid Metabolism (Part 1)
ST002506,AN004128,372,3,HILIC UNSPECIFIED ION MODE,Natural abundance of isotopic metabolite detection in mouse eye orgnaoids.
ST002507,AN004129,367,8,HILIC UNSPECIFIED ION MODE,Time-course analysis of C13 labeling in mouse eye organoids.
ST002508,AN004130,372,9,HILIC UNSPECIFIED ION MODE,13C-isotopic labeling of mouse eye organoids under three conditions.
ST002509,AN004131,99,302,HILIC POSITIVE ION MODE,Time course 1: Growth of Eggerthella lenta in defined media
ST002509,AN004132,60,302,HILIC NEGATIVE ION MODE,Time course 1: Growth of Eggerthella lenta in defined media
ST002510,AN004133,160,152,HILIC POSITIVE ION MODE,Strain supernatants: Strain diversity of Eggerthella lenta metabolites in defined media
ST002510,AN004134,135,152,HILIC NEGATIVE ION MODE,Strain supernatants: Strain diversity of Eggerthella lenta metabolites in defined media
ST002512,AN004136,472,110,HILIC POSITIVE ION MODE,Gnotobiotic mice: Metabolites in intestinal contents of germ-free mice colonized with strains of gut bacterium Eggerthella lenta
ST002512,AN004137,373,110,HILIC NEGATIVE ION MODE,Gnotobiotic mice: Metabolites in intestinal contents of germ-free mice colonized with strains of gut bacterium Eggerthella lenta
ST002513,AN004138,243,21,HILIC POSITIVE ION MODE,Gnotobiotic mice: Metabolites in serum of germ-free mice colonized with strains of gut bacterium Eggerthella lenta
ST002513,AN004139,193,21,HILIC NEGATIVE ION MODE,Gnotobiotic mice: Metabolites in serum of germ-free mice colonized with strains of gut bacterium Eggerthella lenta
ST002515,AN004142,20,114,Other NEGATIVE ION MODE,Time course 2: Acetate quantification from growth of Eggerthella lenta in defined media
ST002516,AN004143,921,576,HILIC POSITIVE ION MODE,Time course 2: Growth of Eggerthella lenta in defined media with some samples receiving 13C2 stable isotope labeled acetate
ST002516,AN004144,674,576,HILIC NEGATIVE ION MODE,Time course 2: Growth of Eggerthella lenta in defined media with some samples receiving 13C2 stable isotope labeled acetate
ST002517,AN004145,126,123,HILIC POSITIVE ION MODE,Time course 2: Growth of Eggerthella lenta in defined media with some samples receiving 13C2 stable isotope labeled acetate (intracellular samples)
ST002517,AN004146,95,123,HILIC NEGATIVE ION MODE,Time course 2: Growth of Eggerthella lenta in defined media with some samples receiving 13C2 stable isotope labeled acetate (intracellular samples)
ST002518,AN004147,,78,HILIC POSITIVE ION MODE,Time course 3: Growth of Eggerthella lenta in defined media with some samples receiving 13C6 stable isotope labeled arginine
ST002518,AN004148,,78,HILIC NEGATIVE ION MODE,Time course 3: Growth of Eggerthella lenta in defined media with some samples receiving 13C6 stable isotope labeled arginine
ST002519,AN004149,,32,HILIC POSITIVE ION MODE,Time course 3: Growth of Eggerthella lenta in defined media with some samples receiving 13C6 stable isotope labeled arginine (intracellular samples)
ST002519,AN004150,,32,HILIC NEGATIVE ION MODE,Time course 3: Growth of Eggerthella lenta in defined media with some samples receiving 13C6 stable isotope labeled arginine (intracellular samples)
ST002522,AN004155,3318,18,Reversed phase POSITIVE ION MODE,Lipidomics study on the effect of LBP protein on hepatic lipid composition in mice
ST002522,AN004156,1978,18,Reversed phase NEGATIVE ION MODE,Lipidomics study on the effect of LBP protein on hepatic lipid composition in mice
ST002524,AN004158,58,18,GC POSITIVE ION MODE,In situ microwave fixation provides an instantaneous snapshot of the brain metabolome - Part 1
ST002525,AN004159,53,46,GC POSITIVE ION MODE,In situ microwave fixation provides an instantaneous snapshot of the brain metabolome - Part 2
ST002526,AN004160,20,28,HILIC POSITIVE ION MODE,Stable isotope tracing of 15N2-glutamine in orthotopic pancreatic ductal adenocarcinoma tumor bearing mice and non tumor-bearing controls
ST002527,AN004161,34,21,HILIC UNSPECIFIED ION MODE,HPLC-MS-MS analysis amino acid levels in PDAC IF samples upon arginase inhibition
ST002528,AN004162,16,7,HILIC UNSPECIFIED ION MODE,"Concentrations of amino acids in interstitial fluid and whole tumor samples of a murine PDAC orthotopic tumor model, measured by LC-MS"
ST002529,AN004163,44,55,HILIC UNSPECIFIED ION MODE,In vivo 15N2-glutamine tracing by jugular vein infusion in PDAC-tumor bearing Lyz2-Arg1 and control mice
ST002530,AN004164,36,22,HILIC UNSPECIFIED ION MODE,LCMS analysis of amino acid levels in PDAC interstitial fluid samples upon ass1 cancer cell knock out
ST002531,AN004165,315,24,HILIC UNSPECIFIED ION MODE,Cellular consumption/release of polar metabolites by mPDAC cells cultured in different culture media conditions
ST002534,AN004169,9,22,HILIC UNSPECIFIED ION MODE,Using Mass Spectrometry Imaging to Map Fluxes Quantitatively in the Tumor Ecosystem
ST002535,AN004170,184,47,HILIC NEGATIVE ION MODE,Relationships between the gut microbiome and cognitive impairment in residents of long-term aged care.
ST002536,AN004171,259,48,HILIC POSITIVE ION MODE,Effectors enabling adaptation to mitochondrial complex I loss in Hürthle cell carcinoma
ST002536,AN004172,128,48,HILIC NEGATIVE ION MODE,Effectors enabling adaptation to mitochondrial complex I loss in Hürthle cell carcinoma
ST002536,AN004173,302,48,Reversed phase POSITIVE ION MODE,Effectors enabling adaptation to mitochondrial complex I loss in Hürthle cell carcinoma
ST002536,AN004174,76,48,Reversed phase NEGATIVE ION MODE,Effectors enabling adaptation to mitochondrial complex I loss in Hürthle cell carcinoma
ST002539,AN004181,70,71,HILIC POSITIVE ION MODE,Microbial metabolomic responses to changes in temperature and salinity along the western Antarctic Peninsula.
ST002539,AN004182,37,71,HILIC NEGATIVE ION MODE,Microbial metabolomic responses to changes in temperature and salinity along the western Antarctic Peninsula.
ST002539,AN004183,27,71,Reversed phase POSITIVE ION MODE,Microbial metabolomic responses to changes in temperature and salinity along the western Antarctic Peninsula.
ST002539,AN004184,3,71,Reversed phase NEGATIVE ION MODE,Microbial metabolomic responses to changes in temperature and salinity along the western Antarctic Peninsula.
ST002540,AN004185,82,14,GC UNSPECIFIED ION MODE,Deriving Schwann Cells from hPSCs Enables Disease Modeling and Drug Discovery for Diabetic Peripheral Neuropathy
ST002541,AN004186,146,15,HILIC POSITIVE ION MODE,Methionine restriction constrains lipoylation and activates mitochondria for nitrogenic synthesis of amino acids (Part 1)
ST002541,AN004187,165,15,HILIC NEGATIVE ION MODE,Methionine restriction constrains lipoylation and activates mitochondria for nitrogenic synthesis of amino acids (Part 1)
ST002542,AN004188,146,27,HILIC POSITIVE ION MODE,Methionine restriction constrains lipoylation and activates mitochondria for nitrogenic synthesis of amino acids (Part 2)
ST002542,AN004189,165,27,HILIC NEGATIVE ION MODE,Methionine restriction constrains lipoylation and activates mitochondria for nitrogenic synthesis of amino acids (Part 2)
ST002543,AN004190,11,24,GC POSITIVE ION MODE,GC/MS analysis of hypoxic volatile metabolic markers in the MDA-MB-231 breast cancer cell line
ST002544,AN004191,146,16,GC POSITIVE ION MODE,Metabolomic study on the chronic Toxoplasma gondii infection in mice.
ST002545,AN004192,220,16,Reversed phase POSITIVE ION MODE,Lipidomic profile of Toxoplasma gondii-infected mice (Positive mode MS)
ST002546,AN004193,141,16,Reversed phase NEGATIVE ION MODE,Lipidomic profile of Toxplasma gondii-infected mice (Negative mode MS)
ST002547,AN004194,23,10,HILIC NEGATIVE ION MODE,C57bl/6 mice subjected to either PBS or bleomycin treatment to develop fibrosis
ST002549,AN004197,34,18,Reversed phase UNSPECIFIED ION MODE,Lipidomic analysis of serum from mice with Toxoplasma gondii infection
ST002550,AN004198,14,90,Reversed phase POSITIVE ION MODE,Targeted metabolomics for ARDS
ST002550,AN004199,14,90,Reversed phase POSITIVE ION MODE,Targeted metabolomics for ARDS
ST002551,AN004200,645,76,HILIC POSITIVE ION MODE,Metabolomics dataset of CNTF induced axon regeneration in mice post optic nerve crush
ST002551,AN004201,363,76,HILIC NEGATIVE ION MODE,Metabolomics dataset of CNTF induced axon regeneration in mice post optic nerve crush
ST002553,AN004204,102,176,Reversed phase POSITIVE ION MODE,Exploring the Impact of Oral Arabic Gum Consumption on Sphingolipid Metabolism and human metabolites in Chronic Kidney Disease: A Mass Spectrometry Analysis
ST002496,AN004206,58,264,Reversed phase NEGATIVE ION MODE,Study of environmental toxicants and gut microbiome in relation to obesity and insulin resistance
ST002555,AN004207,614,48,Combined Metabolon analyses,Ethnicity-Specific Differences in Ovarian Cancer Metabolic Signatures
ST002555,AN004208,,48,No data,Ethnicity-Specific Differences in Ovarian Cancer Metabolic Signatures
ST002555,AN004209,,48,No data,Ethnicity-Specific Differences in Ovarian Cancer Metabolic Signatures
ST002555,AN004210,,48,No data,Ethnicity-Specific Differences in Ovarian Cancer Metabolic Signatures
ST002556,AN004211,265,312,GC POSITIVE ION MODE,Blood metabolomics and impacted cellular mechanisms during transition into lactation in dairy cows that develop metritis
ST002561,AN004221,2,92,Reversed phase NEGATIVE ION MODE,Metabolomic profiling of PMM2-CDG zebrafish in presence and absence of epalrestat
ST002561,AN004222,2,92,HILIC NEGATIVE ION MODE,Metabolomic profiling of PMM2-CDG zebrafish in presence and absence of epalrestat
ST002562,AN004223,2,88,Reversed phase NEGATIVE ION MODE,metabolomic profiling of PMM2-CDG patient fibroblasts in presence and absence of epalrestat
ST002563,AN004224,2,80,Reversed phase NEGATIVE ION MODE,Metabolomic profiling of PMM2-CDG after siRNA mediated KD of AKR1b1
ST002564,AN004225,1,16,Reversed phase NEGATIVE ION MODE,Metabolomic profiling of PMM2-CDG after siRNA mediated KD of AKR1b1 and neuraminidase treatment
ST002565,AN004226,2,24,Reversed phase NEGATIVE ION MODE,Metabolomic profiling of PMM2-CDG after siRNA mediated KD of AKR1b1 - 13C6 glucose and fructose study
ST002566,AN004227,1,72,Reversed phase NEGATIVE ION MODE,Metabolomic profiling of PMM2-CDG patient fibroblasts
ST002567,AN004228,52,72,Reversed phase NEGATIVE ION MODE,Metabolomics of Human islets treated with DHT and high-glucose challenge
ST002569,AN004233,67,39,Reversed phase POSITIVE ION MODE,Lipidomic analysis in very-long chain acyl-CoA dehydrogenase null mice
ST002571,AN004236,7,11,Reversed phase POSITIVE ION MODE,Quantification of cytokinins in ap1 cal AP1-GR and drmy1 ap1 cal AP1-GR inflorescences using LC-MS
ST002572,AN004237,16,6,HILIC POSITIVE ION MODE,Steady State and Cysteine Flux Metabolomics Study in PTEN WT and PTEN KO MEFs
ST002573,AN004238,8,10,HILIC POSITIVE ION MODE,Steady State and Cystine Flux Metabolomics Study in PTEN WT and PTEN KO MEFs
ST002575,AN004240,2,99,GC NEGATIVE ION MODE,Metabolomic profiling of PMM2-CDG patient fibroblasts by GC/MS
ST002578,AN004249,99,36,GC POSITIVE ION MODE,Steady State Metabolomics Study in SMARCA4 mutant(BIN-67) cells cultured in the absence of glucose or glutamine
ST002579,AN004250,39,50,Reversed phase positive ION MODE,"MoTrPAC: Endurance exercise training study in young adult rats, Rat Plasma - Targeted Amines"
ST002580,AN004251,2,79,Reversed phase positive ION MODE,"MoTrPAC: Endurance exercise training study in young adult rats, Rat Plasma - Targeted Ethanolamides"
ST002581,AN004252,3,58,RP POSITIVE ION MODE,"MoTrPAC: Endurance exercise training study in young adult rats, Rat Plasma - Targeted Keto Acids"
ST002582,AN004253,25,79,Reversed phase NEGATIVE ION MODE,"MoTrPAC: Endurance exercise training study in young adult rats, Rat Plasma - Targeted Oxylipins"
ST002583,AN004254,12,50,gas phase POSITIVE ION MODE,"MoTrPAC: Endurance exercise training study in young adult rats, Rat Plasma - Targeted Tricarboxylic Acid Cycle"
ST002584,AN004255,144,6,CE POSITIVE ION MODE,Metabolomics analysis of ALDH1L1-expressing HuH7 cell lines.
ST002584,AN004256,125,6,CE NEGATIVE ION MODE,Metabolomics analysis of ALDH1L1-expressing HuH7 cell lines.
ST002585,AN004257,174,22,GC POSITIVE ION MODE,Zinc treatment reverses and anti-Zn-regulated miRs suppress esophageal carcinomas in vivo
ST002586,AN004258,507,25,GC POSITIVE ION MODE,Stable isotope tracer analysis (SITA) using 13C6-glucose and 13C5-glutamine measured by GC/MS in BIN-67 cells ± SMARCA4 restoration
ST002587,AN004259,483,45,GC POSITIVE ION MODE,Stable isotope tracer analysis (SITA) using 13C6-glucose and 13C5-glutamine measured by GC/MS in H1703 cells ± SMARCA4/A2 restoration
ST002588,AN004260,39,47,Reversed phase POSITIVE ION MODE,"MoTrPAC: Endurance exercise training study in young adult rats, Rat Hippocampus Powder - Targeted Amines"
ST002589,AN004261,2,73,Reversed phase POSITIVE ION MODE,"MoTrPAC: Endurance exercise training study in young adult rats, Rat Hippocampus Powder - Targeted Ethanolamides"
ST002590,AN004262,16,73,Reversed phase NEGATIVE ION MODE,"MoTrPAC: Endurance exercise training study in young adult rats, Rat Hippocampus Powder - Targeted Oxylipins"
ST002591,AN004263,12,45,gas phase POSITIVE ION MODE,"MoTrPAC: Endurance exercise training study in young adult rats, Rat Hippocampus Powder - Targeted Tricarboxylic Acid Cycle"
ST002592,AN004264,39,50,Reversed phase POSITIVE ION MODE,"MoTrPAC: Endurance exercise training study in young adult rats, Rat Gastrocnemius Powder - Targeted Amines"
ST002593,AN004265,4,79,Reversed phase POSITIVE ION MODE,"MoTrPAC: Endurance exercise training study in young adult rats, Rat Gastrocnemius Powder - Targeted Ethanolamides"
ST002594,AN004266,3,58,RP POSITIVE ION MODE,"MoTrPAC: Endurance exercise training study in young adult rats, Rat Gastrocnemius Powder - Targeted Keto Acids"
ST002595,AN004267,36,58,Reversed phase NEGATIVE ION MODE,"MoTrPAC: Endurance exercise training study in young adult rats, Rat Gastrocnemius Powder - Targeted Nucleotides"
ST002596,AN004268,19,79,Reversed phase NEGATIVE ION MODE,"MoTrPAC: Endurance exercise training study in young adult rats, Rat Gastrocnemius Powder - Targeted Oxylipins"
ST002597,AN004269,12,50,GC POSITIVE ION MODE,"MoTrPAC: Endurance exercise training study in young adult rats, Rat Gastrocnemius Powder - Targeted Tricarboxylic Acid Cycle"
ST002598,AN004270,39,50,Reversed phase POSITIVE ION MODE,"MoTrPAC: Endurance exercise training study in young adult rats, Rat Heart Powder - Targeted Amines"
ST002599,AN004271,5,90,Reversed phase POSITIVE ION MODE,"MoTrPAC: Endurance exercise training study in young adult rats, Rat Heart Powder - Targeted Ethanolamides"
ST002600,AN004272,3,58,RP positive ION MODE,"MoTrPAC: Endurance exercise training study in young adult rats, Rat Heart Powder - Targeted Keto Acids"
ST002601,AN004273,36,58,RP NEGATIVE ION MODE,"MoTrPAC: Endurance exercise training study in young adult rats, Rat Heart Powder - Targeted Nucleotides"
ST002602,AN004274,21,90,Reversed phase NEGATIVE ION MODE,"MoTrPAC: Endurance exercise training study in young adult rats, Rat Heart Powder - Targeted Oxylipins"
ST002603,AN004275,12,50,gas phase POSITIVE ION MODE,"MoTrPAC: Endurance exercise training study in young adult rats, Rat Heart Powder - Targeted Tricarboxylic Acid Cycle"
ST002604,AN004276,39,50,Reversed phase POSITIVE ION MODE,"MoTrPAC: Endurance exercise training study in young adult rats, Rat Kidney Powder - Targeted Amines"
ST002605,AN004277,3,77,Reversed phase POSITIVE ION MODE,"MoTrPAC: Endurance exercise training study in young adult rats, Rat Kidney Powder - Targeted Ethanolamides"
ST002606,AN004278,22,77,Reversed phase NEGATIVE ION MODE,"MoTrPAC: Endurance exercise training study in young adult rats, Rat Kidney Powder - Targeted Oxylipins"
ST002607,AN004279,12,50,gas phase POSITIVE ION MODE,"MoTrPAC: Endurance exercise training study in young adult rats, Rat Kidney Powder - Targeted Tricarboxylic Acid Cycle"
ST002608,AN004280,39,50,Reversed phase POSITIVE ION MODE,"MoTrPAC: Endurance exercise training study in young adult rats, Rat Lung Powder - Targeted Amines"
ST002609,AN004281,8,78,Reversed phase POSITIVE ION MODE,"MoTrPAC: Endurance exercise training study in young adult rats, Rat Lung Powder - Targeted Ethanolamides"
ST002610,AN004282,27,79,Reversed phase NEGATIVE ION MODE,"MoTrPAC: Endurance exercise training study in young adult rats, Rat Lung Powder - Targeted Oxylipins"
ST002611,AN004283,12,50,gas phase POSITIVE ION MODE,"MoTrPAC: Endurance exercise training study in young adult rats, Rat Lung Powder - Targeted Tricarboxylic Acid Cycle"
ST002612,AN004284,39,50,Reversed phase POSITIVE ION MODE,"MoTrPAC: Endurance exercise training study in young adult rats, Rat Liver Powder - Targeted Amines"
ST002613,AN004285,4,79,Reversed phase POSITIVE ION MODE,"MoTrPAC: Endurance exercise training study in young adult rats, Rat Liver Powder - Targeted Ethanolamides"
ST002614,AN004286,3,58,RP POSITIVE ION MODE,"MoTrPAC: Endurance exercise training study in young adult rats, Rat Liver Powder - Targeted Keto Acids"
ST002615,AN004287,36,58,RP NEGATIVE ION MODE,"MoTrPAC: Endurance exercise training study in young adult rats, Rat Liver Powder - Targeted Nucleotides"
ST002616,AN004288,22,79,Reversed phase NEGATIVE ION MODE,"MoTrPAC: Endurance exercise training study in young adult rats, Rat Liver Powder - Targeted Oxylipins"
ST002617,AN004289,12,50,gas phase POSITIVE ION MODE,"MoTrPAC: Endurance exercise training study in young adult rats, Rat Liver Powder - Targeted Tricarboxylic Acid Cycle"
ST002618,AN004290,39,25,Reversed phase POSITIVE ION MODE,"MoTrPAC: Endurance exercise training study in young adult rats, Rat Brown Adipose Powder - Targeted Amines"
ST002619,AN004291,3,60,Reversed phase POSITIVE ION MODE,"MoTrPAC: Endurance exercise training study in young adult rats, Rat Brown Adipose Powder - Targeted Ethanolamides"
ST002620,AN004292,17,60,Reversed phase POSITIVE ION MODE,"MoTrPAC: Endurance exercise training study in young adult rats, Rat Brown Adipose Powder - Targeted Oxylipins"
ST002621,AN004293,12,26,GC POSITIVE ION MODE,"MoTrPAC: Endurance exercise training study in young adult rats, Rat Brown Adipose Powder - Targeted Tricarboxylic Acid Cycle"
ST002622,AN004294,39,44,Reversed phase POSITIVE ION MODE,"MoTrPAC: Endurance exercise training study in young adult rats, Rat White Adipose Powder - Targeted Amines"
ST002623,AN004295,3,79,Reversed phase POSITIVE ION MODE,"MoTrPAC: Endurance exercise training study in young adult rats, Rat White Adipose Powder - Targeted Ethanolamides"
ST002624,AN004296,3,57,RP POSITIVE ION MODE,"MoTrPAC: Endurance exercise training study in young adult rats, Rat White Adipose Powder - Targeted Keto Acids"
ST002625,AN004297,36,58,Reversed phase NEGATIVE ION MODE,"MoTrPAC: Endurance exercise training study in young adult rats, Rat White Adipose Powder - Targeted Nucleotides"
ST002626,AN004298,23,79,Reversed phase NEGATIVE ION MODE,"MoTrPAC: Endurance exercise training study in young adult rats, Rat White Adipose Powder - Targeted Oxylipins"
ST002627,AN004299,12,44,GC POSITIVE ION MODE,"MoTrPAC: Endurance exercise training study in young adult rats, Rat White Adipose Powder - Targeted Tricarboxylic Acid Cycle"
ST002628,AN004300,219,66,HILIC POSITIVE ION MODE,"MoTrPAC: Endurance exercise training study in young adult rats, Rat Plasma - Untargeted HILIC-Positive"
ST002629,AN004301,42,89,Reversed phase NEGATIVE ION MODE,"MoTrPAC: Endurance exercise training study in young adult rats, Rat Plasma - Untargeted Ion-Pair Negative"
ST002630,AN004302,142,69,Reversed phase NEGATIVE ION MODE,"MoTrPAC: Endurance exercise training study in young adult rats, Rat Plasma - Untargeted Lipidomics, Reversed-Phase Negative"
ST002631,AN004303,548,69,Reversed phase NEGATIVE ION MODE,"MoTrPAC: Endurance exercise training study in young adult rats, Rat Plasma - Untargeted Lipidomics, Reversed-Phase Positive"
ST002632,AN004304,101,80,Reversed phase NEGATIVE ION MODE,"MoTrPAC: Endurance exercise training study in young adult rats, Rat Plasma - Untargeted Reversed-Phase Negative"
ST002633,AN004305,150,78,Reversed phase POSITIVE ION MODE,"MoTrPAC: Endurance exercise training study in young adult rats, Rat Plasma - Untargeted Reversed-Phase Positive"
ST002634,AN004306,206,66,HILIC POSITIVE ION MODE,"MoTrPAC: Endurance exercise training study in young adult rats, Rat Hippocampus Powder - Untargeted HILIC-Positive"
ST002635,AN004307,50,89,Reversed phase NEGATIVE ION MODE,"MoTrPAC: Endurance exercise training study in young adult rats, Rat Hippocampus Powder - Untargeted Ion-Pair Negative"
ST002636,AN004308,262,68,Reversed phase NEGATIVE ION MODE,"MoTrPAC: Endurance exercise training study in young adult rats, Rat Hippocampus Powder - Untargeted Lipidomics, Reversed-Phase Negative"
ST002637,AN004309,467,68,Reversed phase POSITIVE ION MODE,"MoTrPAC: Endurance exercise training study in young adult rats, Rat Hippocampus Powder - Untargeted Lipidomics, Reversed-Phase Positive"
ST002638,AN004310,81,89,Reversed phase NEGATIVE ION MODE,"MoTrPAC: Endurance exercise training study in young adult rats, Rat Hippocampus Powder - Untargeted Reversed-Phase Negative"
ST002639,AN004311,138,89,Reversed phase POSITIVE ION MODE,"MoTrPAC: Endurance exercise training study in young adult rats, Rat Hippocampus Powder - Untargeted Reversed-Phase Positive"
ST002640,AN004312,209,66,HILIC POSITIVE ION MODE,"MoTrPAC: Endurance exercise training study in young adult rats, Rat Cortex Powder - Untargeted HILIC-Positive"
ST002641,AN004313,218,62,HILIC POSITIVE ION MODE,"MoTrPAC: Endurance exercise training study in young adult rats, Rat Hypothalamus Powder - Untargeted HILIC-Positive"
ST002642,AN004314,208,66,HILIC POSITIVE ION MODE,"MoTrPAC: Endurance exercise training study in young adult rats, Rat Gastrocnemius Powder - Untargeted HILIC-Positive"
ST002643,AN004315,76,88,Reversed phase NEGATIVE ION MODE,"MoTrPAC: Endurance exercise training study in young adult rats, Rat Gastrocnemius Powder - Untargeted Ion-Pair Negative"
ST002644,AN004316,143,68,Reversed phase NEGATIVE ION MODE,"MoTrPAC: Endurance exercise training study in young adult rats, Rat Gastrocnemius Powder - Untargeted Lipidomics, Reversed-Phase Negative"
ST002645,AN004317,442,68,Reversed phase POSITIVE ION MODE,"MoTrPAC: Endurance exercise training study in young adult rats, Rat Gastrocnemius Powder - Untargeted Lipidomics, Reversed-Phase Positive"
ST002646,AN004318,69,89,Reversed phase NEGATIVE ION MODE,"MoTrPAC: Endurance exercise training study in young adult rats, Rat Gastrocnemius Powder - Untargeted Reversed-Phase Negative"
ST002647,AN004319,143,90,Reversed phase POSITIVE ION MODE,"MoTrPAC: Endurance exercise training study in young adult rats, Rat Gastrocnemius Powder - Untargeted Reversed-Phase Positive"
ST002648,AN004320,198,66,HILIC POSITIVE ION MODE,"MoTrPAC: Endurance exercise training study in young adult rats, Rat Vastus Lateralis Powder - Untargeted HILIC-Positive"
ST002649,AN004321,215,66,HILIC POSITIVE ION MODE,"MoTrPAC: Endurance exercise training study in young adult rats, Rat Heart Powder - Untargeted HILIC-Positive"
ST002650,AN004322,80,90,Reversed phase NEGATIVE ION MODE,"MoTrPAC: Endurance exercise training study in young adult rats, Rat Heart Powder - Untargeted Ion-Pair Negative"
ST002651,AN004323,168,68,Reversed phase NEGATIVE ION MODE,"MoTrPAC: Endurance exercise training study in young adult rats, Rat Heart Powder - Untargeted Lipidomics, Reversed-Phase Negative"
ST002652,AN004324,521,69,Reversed phase POSITIVE ION MODE,"MoTrPAC: Endurance exercise training study in young adult rats, Rat Heart Powder - Untargeted Lipidomics, Reversed-Phase Positive"
ST002653,AN004325,148,86,Reversed phase POSITIVE ION MODE,"MoTrPAC: Endurance exercise training study in young adult rats, Rat Heart Powder - Untargeted Reversed-Phase Positive"
ST002654,AN004326,245,66,HILIC POSITIVE ION MODE,"MoTrPAC: Endurance exercise training study in young adult rats, Rat Kidney Powder - Untargeted HILIC-Positive"
ST002655,AN004327,78,90,Reversed phase NEGATIVE ION MODE,"MoTrPAC: Endurance exercise training study in young adult rats, Rat Kidney Powder - Untargeted Ion-Pair Negative"
ST002656,AN004328,200,69,Reversed phase NEGATIVE ION MODE,"MoTrPAC: Endurance exercise training study in young adult rats, Rat Kidney Powder - Untargeted Lipidomics, Reversed-Phase Negative"
ST002657,AN004329,607,69,Reversed phase POSITIVE ION MODE,"MoTrPAC: Endurance exercise training study in young adult rats, Rat Kidney Powder - Untargeted Lipidomics, Reversed-Phase Positive"
ST002658,AN004330,171,92,Reversed phase Negative ION MODE,"MoTrPAC: Endurance exercise training study in young adult rats, Rat Kidney Powder - Untargeted Reversed-Phase Positive"
ST002659,AN004331,222,66,HILIC POSITIVE ION MODE,"MoTrPAC: Endurance exercise training study in young adult rats, Rat Adrenal Powder - Untargeted HILIC-Positive"
ST002660,AN004332,67,58,Flow induction analysis POSITIVE ION MODE,"MoTrPAC: Endurance exercise training study in young adult rats, Rat Gastrocnemius Powder - Targeted Acyl-CoA"
ST002661,AN004333,67,58,Flow induction analysis POSITIVE ION MODE,"MoTrPAC: Endurance exercise training study in young adult rats, Rat Heart Powder - Targeted Acyl-CoA"
ST002662,AN004334,67,58,Flow induction analysis POSITIVE ION MODE,"MoTrPAC: Endurance exercise training study in young adult rats, Rat Liver Powder - Targeted Acyl-CoA"
ST002663,AN004335,67,55,Flow induction analysis POSITIVE ION MODE,"MoTrPAC: Endurance exercise training study in young adult rats, Rat White Adipose Powder - Targeted Acyl-CoA"
ST002664,AN004336,238,66,HILIC POSITIVE ION MODE,"MoTrPAC: Endurance exercise training study in young adult rats, Rat Colon Powder - Untargeted HILIC-Positive"
ST002665,AN004337,227,66,HILIC POSITIVE ION MODE,"MoTrPAC: Endurance exercise training study in young adult rats, Rat Spleen Powder - Untargeted HILIC-Positive"
ST002666,AN004338,219,39,HILIC POSITIVE ION MODE,"MoTrPAC: Endurance exercise training study in young adult rats, Rat Testes Powder - Untargeted HILIC-Positive"
ST002667,AN004339,229,31,HILIC POSITIVE ION MODE,"MoTrPAC: Endurance exercise training study in young adult rats, Rat Ovaries Powder - Untargeted HILIC-Positive"
ST002668,AN004340,222,66,HILIC POSITIVE ION MODE,"MoTrPAC: Endurance exercise training study in young adult rats, Rat Lung Powder - Untargeted HILIC-Positive"
ST002669,AN004341,78,91,Reversed phase NEGATIVE ION MODE,"MoTrPAC: Endurance exercise training study in young adult rats, Rat Lung Powder - Untargeted Ion-Pair Negative"
ST002670,AN004342,210,69,Reversed phase NEGATIVE ION MODE,"MoTrPAC: Endurance exercise training study in young adult rats, Rat Lung Powder - Untargeted Lipidomics, Reversed-Phase Negative"
ST002671,AN004343,608,69,Reversed phase POSITIVE ION MODE,"MoTrPAC: Endurance exercise training study in young adult rats, Rat Lung Powder - Untargeted Lipidomics, Reversed-Phase Positive"
ST002672,AN004344,106,91,Reversed phase NEGATIVE ION MODE,"MoTrPAC: Endurance exercise training study in young adult rats, Rat Lung Powder - Untargeted Reversed-Phase Negative"
ST002673,AN004345,161,90,Reversed phase POSITIVE ION MODE,"MoTrPAC: Endurance exercise training study in young adult rats, Rat Lung Powder - Untargeted Reversed-Phase Positive"
ST002674,AN004346,226,66,HILIC POSITIVE ION MODE,"MoTrPAC: Endurance exercise training study in young adult rats, Rat Small Intestine Powder - Untargeted HILIC-Positive"
ST002675,AN004347,233,66,HILIC POSITIVE ION MODE,"MoTrPAC: Endurance exercise training study in young adult rats, Rat Liver Powder - Untargeted HILIC-Positive"
ST002676,AN004348,79,91,Reversed phase NEGATIVE ION MODE,"MoTrPAC: Endurance exercise training study in young adult rats, Rat Liver Powder - Untargeted Ion-Pair Negative"
ST002677,AN004349,162,69,Reversed phase NEGATIVE ION MODE,"MoTrPAC: Endurance exercise training study in young adult rats, Rat Liver Powder - Untargeted Lipidomics, Reversed-Phase Negative"
ST002678,AN004350,564,69,Reversed phase POSITIVE ION MODE,"MoTrPAC: Endurance exercise training study in young adult rats, Rat Liver Powder - Untargeted Lipidomics, Reversed-Phase Positive"
ST002679,AN004351,106,91,Reversed phase NEGATIVE ION MODE,"MoTrPAC: Endurance exercise training study in young adult rats, Rat Liver Powder - Untargeted Reversed-Phase Negative"
ST002680,AN004352,168,91,Reversed phase POSITIVE ION MODE,"MoTrPAC: Endurance exercise training study in young adult rats, Rat Liver Powder - Untargeted Reversed-Phase Positive"
ST002681,AN004353,119,130,Reversed phase POSITIVE ION MODE,Non-T2D vs T2D
ST002681,AN004354,88,130,Reversed phase NEGATIVE ION MODE,Non-T2D vs T2D
ST002682,AN004355,206,65,HILIC POSITIVE ION MODE,"MoTrPAC: Endurance exercise training study in young adult rats, Rat Brown Adipose Powder - Untargeted HILIC-Positive"
ST002683,AN004356,73,82,Reversed phase NEGATIVE ION MODE,"MoTrPAC: Endurance exercise training study in young adult rats, Rat Brown Adipose Powder - Untargeted Ion-Pair Negative"
ST002684,AN004357,154,56,Reversed phase NEGATIVE ION MODE,"MoTrPAC: Endurance exercise training study in young adult rats, Rat Brown Adipose Powder - Untargeted Lipidomics, Reversed-Phase Negative"
ST002685,AN004358,577,57,Reversed phase POSITIVE ION MODE,"MoTrPAC: Endurance exercise training study in young adult rats, Rat Brown Adipose Powder - Untargeted Lipidomics, Reversed-Phase Positive"
ST002686,AN004359,96,86,Reversed phase NEGATIVE ION MODE,"MoTrPAC: Endurance exercise training study in young adult rats, Rat Brown Adipose Powder - Untargeted Reversed-Phase Negative"
ST002687,AN004360,143,86,Reversed phase POSITIVE ION MODE,"MoTrPAC: Endurance exercise training study in young adult rats, Rat Brown Adipose Powder - Untargeted Reversed-Phase Positive"
ST002688,AN004361,215,66,HILIC POSITIVE ION MODE,"MoTrPAC: Endurance exercise training study in young adult rats, Rat White Adipose Powder - Untargeted HILIC-Positive"
ST002689,AN004362,70,90,Reversed phase NEGATIVE ION MODE,"MoTrPAC: Endurance exercise training study in young adult rats, Rat White Adipose Powder - Untargeted Ion-Pair Negative"
ST002690,AN004363,120,69,Reversed phase NEGATIVE ION MODE,"MoTrPAC: Endurance exercise training study in young adult rats, Rat White Adipose Powder - Untargeted Lipidomics, Reversed-Phase Negative"
ST002691,AN004364,461,69,Reversed phase POSITIVE ION MODE,"MoTrPAC: Endurance exercise training study in young adult rats, Rat White Adipose Powder - Untargeted Lipidomics, Reversed-Phase Positive"
ST002693,AN004366,93,83,Reversed phase NEGATIVE ION MODE,"MoTrPAC: Endurance exercise training study in young adult rats, Rat White Adipose Powder - Untargeted Reversed-Phase Negative"
ST002694,AN004367,150,90,Reversed phase POSITIVE ION MODE,"MoTrPAC: Endurance exercise training study in young adult rats, Rat White Adipose Powder - Untargeted Reversed-Phase Positive"
ST002695,AN004368,215,40,HILIC POSITIVE ION MODE,"MoTrPAC: Endurance exercise training study in young adult rats, Rat Vena Cava Powder - Untargeted HILIC-Positive"
ST002697,AN004371,123,32,Reversed phase POSITIVE ION MODE,Employing Hindlimb Unloading Model for The Identification of Serum Biomarkers Associated with Cardiovascular and Skeletal Muscle Deconditioning.
ST002698,AN004372,256,31,HILIC POSITIVE ION MODE,Systemic host inflammation induces stage-specific transcriptomic modification and slower maturation in malaria parasites
ST002698,AN004373,175,31,HILIC NEGATIVE ION MODE,Systemic host inflammation induces stage-specific transcriptomic modification and slower maturation in malaria parasites
ST002484,AN004375,146,918,GC POSITIVE ION MODE,Metabolomic analysis of maternal mid-gestation plasma and cord blood: primary metabolism
ST002700,AN004376,339,1089,Reversed phase POSITIVE ION MODE,Metabolomic analysis of maternal mid-gestation plasma and cord blood: lipidomics
ST002700,AN004377,236,1089,Reversed phase NEGATIVE ION MODE,Metabolomic analysis of maternal mid-gestation plasma and cord blood: lipidomics
ST002701,AN004378,109,24,Reversed phase NEGATIVE ION MODE,Mouse serum metabolomics
ST002702,AN004379,16,360,Reversed phase NEGATIVE ION MODE,A targeted metabolomics approach for sepsis-induced ARDS and its subphenotypes
ST002702,AN004380,30,360,Reversed phase POSITIVE ION MODE,A targeted metabolomics approach for sepsis-induced ARDS and its subphenotypes
ST002702,AN004381,1,360,Reversed phase NEGATIVE ION MODE,A targeted metabolomics approach for sepsis-induced ARDS and its subphenotypes
ST002702,AN004382,8,360,GC POSITIVE ION MODE,A targeted metabolomics approach for sepsis-induced ARDS and its subphenotypes
ST002703,AN004383,84,12,Reversed phase POSITIVE ION MODE,Multi-Omics Analysis Revealed a Significant Molecular Changes in Doxorubicin-Resistant Lung Cancer Cells.
ST002707,AN004389,2,106,Reversed phase POSITIVE ION MODE,Levels of T3 (triiodothyronine) and T4 (thyroxine) in CSF (cerebrospinal fluid) and plasma as part of natural diurnal variation
ST002708,AN004390,228,80,HILIC UNSPECIFIED ION MODE,Levels of central carbon metabolites in choroid plexus as part of natural diurnal variation
ST002709,AN004391,146,24,HILIC UNSPECIFIED ION MODE,FH variant pathogenicity promotes purine salvage pathway dependence in kidney cancer
ST002711,AN004393,210,1088,HILIC POSITIVE ION MODE,Metabolomic analysis of maternal mid-gestation plasma and cord blood: biogenic amines
ST002711,AN004394,290,1088,HILIC NEGATIVE ION MODE,Metabolomic analysis of maternal mid-gestation plasma and cord blood: biogenic amines
ST002712,AN004395,80,12,Reversed phase NEGATIVE ION MODE,Ranolazine induced metabolic rewiring improves melanoma responses to targeted therapy and immunotherapy - metabolomics
ST002712,AN004396,66,12,Reversed phase POSITIVE ION MODE,Ranolazine induced metabolic rewiring improves melanoma responses to targeted therapy and immunotherapy - metabolomics
ST002713,AN004397,242,12,Reversed phase NEGATIVE ION MODE,Ranolazine induced metabolic rewiring improves melanoma responses to targeted therapy and immunotherapy - lipidomics
ST002713,AN004398,567,12,Reversed phase POSITIVE ION MODE,Ranolazine induced metabolic rewiring improves melanoma responses to targeted therapy and immunotherapy - lipidomics
ST002714,AN004399,78,20,Reversed phase NEGATIVE ION MODE,Loss of microglial MCT4 leads to defective synaptic pruning and anxiety-like behavior in mice
ST002714,AN004400,71,20,Reversed phase POSITIVE ION MODE,Loss of microglial MCT4 leads to defective synaptic pruning and anxiety-like behavior in mice
ST002716,AN004403,65,64,HILIC POSITIVE ION MODE,"Ventricle-specific myocardial protein and metabolite characterisation in healthy humans, with differential regulation in end-stage cardiomyopathies (Part 1)"
ST002716,AN004404,46,64,HILIC POSITIVE ION MODE,"Ventricle-specific myocardial protein and metabolite characterisation in healthy humans, with differential regulation in end-stage cardiomyopathies (Part 1)"
ST002717,AN004405,59,62,HILIC POSITIVE ION MODE,"Ventricle-specific myocardial protein and metabolite characterisation in healthy humans, with differential regulation in end-stage cardiomyopathies (Part 2)"
ST002717,AN004406,41,62,HILIC POSITIVE ION MODE,"Ventricle-specific myocardial protein and metabolite characterisation in healthy humans, with differential regulation in end-stage cardiomyopathies (Part 2)"
ST002719,AN004408,65,6,HILIC POSITIVE ION MODE,Comparison of metabolic of A549 cells before and after Gossypol acetate (GAA) treatment
ST001474,AN004409,832,15,Targeted IC NEGATIVE ION MODE,Metabolomics of lung injury after allogeneic hematopoietic cell transplantation - Spleen ICMS
ST002721,AN004411,65,32,HILIC POSITIVE ION MODE,Repeated Exposure to Wood Smoke Alters Pulmonary Gene and Metabolic Profiles
ST002721,AN004412,69,32,Reversed phase NEGATIVE ION MODE,Repeated Exposure to Wood Smoke Alters Pulmonary Gene and Metabolic Profiles
ST002724,AN004415,13,6,Reversed phase POSITIVE ION MODE,Ceramides profile in HeLa overexpressing nSMase2 (SMPD3)
ST002725,AN004416,71,29,Reversed phase NEGATIVE ION MODE,Metabolic and Proteomic Divergence is Present in Circulating Monocytes and Tissue Resident Macrophages from Berkeley Sickle Cell Anemia and B-thalassemia mice (PBMC's)
ST002725,AN004417,65,29,Reversed phase POSITIVE ION MODE,Metabolic and Proteomic Divergence is Present in Circulating Monocytes and Tissue Resident Macrophages from Berkeley Sickle Cell Anemia and B-thalassemia mice (PBMC's)
ST002726,AN004418,68,31,Reversed phase NEGATIVE ION MODE,Metabolic and Proteomic Divergence is Present in Circulating Monocytes and Tissue Resident Macrophages from Berkeley Sickle Cell Anemia and B-thalassemia mice (Spleen)
ST002726,AN004419,70,31,Reversed phase POSITIVE ION MODE,Metabolic and Proteomic Divergence is Present in Circulating Monocytes and Tissue Resident Macrophages from Berkeley Sickle Cell Anemia and B-thalassemia mice (Spleen)
ST002727,AN004420,65,32,Reversed phase NEGATIVE ION MODE,Metabolic and Proteomic Divergence is Present in Circulating Monocytes and Tissue Resident Macrophages from Berkeley Sickle Cell Anemia and B-thalassemia mice (Liver)
ST002727,AN004421,66,32,Reversed phase POSITIVE ION MODE,Metabolic and Proteomic Divergence is Present in Circulating Monocytes and Tissue Resident Macrophages from Berkeley Sickle Cell Anemia and B-thalassemia mice (Liver)
ST002729,AN004423,127,36,Ion exchange UNSPECIFIED ION MODE,"Improved Endurance Capacity of Diabetic Mice during SGLT2 Inhibition: Potential Role of AICARP, an Endogenous AMPK Activator."
ST002729,AN004424,95,36,Reversed phase UNSPECIFIED ION MODE,"Improved Endurance Capacity of Diabetic Mice during SGLT2 Inhibition: Potential Role of AICARP, an Endogenous AMPK Activator."
ST002729,AN004425,21,36,Reversed phase POSITIVE ION MODE,"Improved Endurance Capacity of Diabetic Mice during SGLT2 Inhibition: Potential Role of AICARP, an Endogenous AMPK Activator."
ST002729,AN004426,211,36,Normal phase UNSPECIFIED ION MODE,"Improved Endurance Capacity of Diabetic Mice during SGLT2 Inhibition: Potential Role of AICARP, an Endogenous AMPK Activator."
ST002730,AN004427,192,12,Reversed phase POSITIVE ION MODE,Multi-Omics profiling of Candida albicans from agar plate and suspension media
ST002731,AN004428,99,24,Reversed phase POSITIVE ION MODE,Untargeted Multi-Omics of LNCaP Cell-line Treated with Novel DNA Minor Groove Binder and /or Doxorubicin Using Mass-Spectrometry
ST002732,AN004429,105,207,HILIC POSITIVE ION MODE,Impaired metabolism predicts coronary artery calcification in women with systemic lupus erythematosus
ST002732,AN004430,39,207,HILIC POSITIVE ION MODE,Impaired metabolism predicts coronary artery calcification in women with systemic lupus erythematosus
ST000336,AN004436,23,58,Other POSITIVE ION MODE,Targeted LC/MS of urine from boys with DMD and controls
ST000336,AN004437,8,58,Reversed phase POSITIVE ION MODE,Targeted LC/MS of urine from boys with DMD and controls
ST002736,AN004438,245,61,HILIC UNSPECIFIED ION MODE,Assessing mitochondrial bioenergetics in coronary artery disease: A translational multiomic tissue study in humans (The AMBITION study).
ST002740,AN004443,27,42,HILIC UNSPECIFIED ION MODE,Non-targeted metabolomics screen comparing 13C2-acetate labeling of metabolites in CD8+ T cells and NK cells from mouse spleens.
ST002743,AN004447,52,6,CE POSITIVE ION MODE,Metabolomics comparison of lung fibroblasts from Pteropus alecto and Homo sapiens
ST002743,AN004448,64,6,CE NEGATIVE ION MODE,Metabolomics comparison of lung fibroblasts from Pteropus alecto and Homo sapiens
ST002744,AN004449,49,18,Reversed phase POSITIVE ION MODE,Biomolecular condensates create phospholipid-enriched microenvironments (Part 4)
ST002744,AN004450,133,18,Reversed phase NEGATIVE ION MODE,Biomolecular condensates create phospholipid-enriched microenvironments (Part 4)
ST002745,AN004451,20,27,Reversed phase POSITIVE ION MODE,Biomolecular condensates create phospholipid-enriched microenvironments (Part 6)
ST002745,AN004452,4,27,Reversed phase POSITIVE ION MODE,Biomolecular condensates create phospholipid-enriched microenvironments (Part 6)
ST002746,AN004453,101,47,GC POSITIVE ION MODE,Fibroblast growth factor-21 treatment induces skeletal muscle atrophy and increases plasma amino acids in female mice: a potential role for glucocorticoids.
ST002747,AN004454,292,52,HILIC POSITIVE ION MODE,Evolutionary genomics identifies host-directed therapeutics to treat intracellular bacterial infections
ST002747,AN004455,163,52,HILIC NEGATIVE ION MODE,Evolutionary genomics identifies host-directed therapeutics to treat intracellular bacterial infections
ST002747,AN004456,238,52,Reversed phase POSITIVE ION MODE,Evolutionary genomics identifies host-directed therapeutics to treat intracellular bacterial infections
ST002747,AN004457,450,52,Reversed phase NEGATIVE ION MODE,Evolutionary genomics identifies host-directed therapeutics to treat intracellular bacterial infections
ST002751,AN004463,45,8,Normal phase POSITIVE ION MODE,Biomolecular condensates create phospholipid-enriched microenvironments (Part 5)
ST002751,AN004464,113,8,Normal phase NEGATIVE ION MODE,Biomolecular condensates create phospholipid-enriched microenvironments (Part 5)
ST002752,AN004465,4,10,Reversed phase POSITIVE ION MODE,Biomolecular condensates create phospholipid-enriched microenvironments (Part 7 - reversed phase experiment set 2)
ST002752,AN004466,6,10,Reversed phase NEGATIVE ION MODE,Biomolecular condensates create phospholipid-enriched microenvironments (Part 7 - reversed phase experiment set 2)
ST002754,AN004468,239,42,Reversed phase POSITIVE ION MODE,Metabolomics analysis of maternal obesity model
ST002754,AN004469,219,42,Reversed phase POSITIVE ION MODE,Metabolomics analysis of maternal obesity model
ST002754,AN004470,351,42,Reversed phase NEGATIVE ION MODE,Metabolomics analysis of maternal obesity model
ST002754,AN004471,102,42,HILIC NEGATIVE ION MODE,Metabolomics analysis of maternal obesity model
ST002755,AN004472,127,24,Reversed phase POSITIVE ION MODE,"Metabolomics Profiling of the Antiproliferative, Anti-migratory and Anti-invasive Potential of Amlodipine in Lung Cancer Cells"
ST002756,AN004473,1,30,Reversed phase POSITIVE ION MODE,Prj171_Mm_TCDD_RDDR-28D_Male
ST002758,AN004475,516,416,Reversed phase POSITIVE ION MODE,Metabolic responses of normal rat kidneys to a high salt intake (Plasma)
ST002758,AN004476,175,416,Reversed phase NEGATIVE ION MODE,Metabolic responses of normal rat kidneys to a high salt intake (Plasma)
ST002758,AN004477,332,416,HILIC POSITIVE ION MODE,Metabolic responses of normal rat kidneys to a high salt intake (Plasma)
ST002758,AN004478,80,416,HILIC NEGATIVE ION MODE,Metabolic responses of normal rat kidneys to a high salt intake (Plasma)
ST002759,AN004479,690,164,Reversed phase POSITIVE ION MODE,Metabolic responses of normal rat kidneys to a high salt intake (Kidney cortex)
ST002759,AN004480,337,164,Reversed phase NEGATIVE ION MODE,Metabolic responses of normal rat kidneys to a high salt intake (Kidney cortex)
ST002759,AN004481,489,164,HILIC POSITIVE ION MODE,Metabolic responses of normal rat kidneys to a high salt intake (Kidney cortex)
ST002759,AN004482,292,164,HILIC NEGATIVE ION MODE,Metabolic responses of normal rat kidneys to a high salt intake (Kidney cortex)
ST002760,AN004483,633,152,Reversed phase POSITIVE ION MODE,Metabolic responses of normal rat kidneys to a high salt intake (Kidney outer medulla)
ST002760,AN004484,288,152,Reversed phase NEGATIVE ION MODE,Metabolic responses of normal rat kidneys to a high salt intake (Kidney outer medulla)
ST002760,AN004485,500,152,HILIC POSITIVE ION MODE,Metabolic responses of normal rat kidneys to a high salt intake (Kidney outer medulla)
ST002760,AN004486,250,152,HILIC NEGATIVE ION MODE,Metabolic responses of normal rat kidneys to a high salt intake (Kidney outer medulla)
ST002761,AN004487,1556,232,Reversed phase POSITIVE ION MODE,Metabolic responses of normal rat kidneys to a high salt intake (Urine)
ST002761,AN004488,396,232,Reversed phase NEGATIVE ION MODE,Metabolic responses of normal rat kidneys to a high salt intake (Urine)
ST002761,AN004489,541,232,HILIC POSITIVE ION MODE,Metabolic responses of normal rat kidneys to a high salt intake (Urine)
ST002761,AN004490,188,232,HILIC NEGATIVE ION MODE,Metabolic responses of normal rat kidneys to a high salt intake (Urine)
ST002763,AN004492,79,132,GC UNSPECIFIED ION MODE,Metabolomic and lipidomic characterization of Haemophilus influenzae Rd KW20
ST002764,AN004498,193,438,Reversed phase NEGATIVE ION MODE,Identification of pre-diagnostic lipid sets associated with liver cancer risk using untargeted lipidomics and chemical set analysis – a nested case-control study within the ATBC cohort
ST002764,AN004499,383,438,Reversed phase POSITIVE ION MODE,Identification of pre-diagnostic lipid sets associated with liver cancer risk using untargeted lipidomics and chemical set analysis – a nested case-control study within the ATBC cohort
ST002767,AN004503,69,783,Reversed phase NEGATIVE ION MODE,Metabolomic analysis of maternal mid-gestation plasma and cord blood: oxylipins
ST002772,AN004512,136,32,Reversed phase UNSPECIFIED ION MODE,Day-night fluctuations in Cerebrospinal fluid metabolomics
ST002774,AN004515,68,12,HILIC POSITIVE ION MODE,Metabolomics studies on L4-5 Dorsal Root Ganglia of Ctrl and cKO mice
ST002774,AN004516,145,12,HILIC NEGATIVE ION MODE,Metabolomics studies on L4-5 Dorsal Root Ganglia of Ctrl and cKO mice
ST002775,AN004517,804,24,HILIC POSITIVE ION MODE,Zebrafish Retina Regeneration Metabolomics - 3 Days Post Crush
ST002775,AN004518,469,24,HILIC NEGATIVE ION MODE,Zebrafish Retina Regeneration Metabolomics - 3 Days Post Crush
ST002776,AN004519,551,24,HILIC POSITIVE ION MODE,"Zebrafish Optic Nerve Regeneration, Tectum Metabolomics - 3 Days Post Crush"
ST002776,AN004520,327,24,HILIC NEGATIVE ION MODE,"Zebrafish Optic Nerve Regeneration, Tectum Metabolomics - 3 Days Post Crush"
ST002778,AN004522,5,144,Ion exchange NEGATIVE ION MODE,Cell Lineage-Guided Microanalytical Mass Spectrometry Reveals Increased Energy Metabolism and Reactive Oxygen Species in the Vertebrate Organizer
ST002778,AN004523,4,144,Ion exchange NEGATIVE ION MODE,Cell Lineage-Guided Microanalytical Mass Spectrometry Reveals Increased Energy Metabolism and Reactive Oxygen Species in the Vertebrate Organizer
ST002778,AN004524,2,144,HILIC POSITIVE ION MODE,Cell Lineage-Guided Microanalytical Mass Spectrometry Reveals Increased Energy Metabolism and Reactive Oxygen Species in the Vertebrate Organizer
ST002779,AN004525,47,77,GC POSITIVE ION MODE,Contribution of sugar transporters to spatial microbiota colonization along the longitudinal root axis of Arabidopsis
ST002779,AN004526,43,77,GC POSITIVE ION MODE,Contribution of sugar transporters to spatial microbiota colonization along the longitudinal root axis of Arabidopsis
ST002781,AN004528,653,28,None (Direct infusion) POSITIVE ION MODE,Lipidomics analysis of maternal obesity model - wild type
ST002782,AN004529,590,43,None (Direct infusion) POSITIVE ION MODE,Lipidomics analysis of maternal obesity model - knock out
ST002783,AN004530,20,144,HILIC NEGATIVE ION MODE,Metabolic changes of the pig kidney during isolated normothermic perfusion with autologous whole blood - perfusate
ST002784,AN004531,19,80,HILIC NEGATIVE ION MODE,Metabolic changes of the pig kidney during isolated normothermic perfusion with red blood cell based perfusate - perfusate
ST002785,AN004532,18,48,HILIC NEGATIVE ION MODE,Metabolic changes of the human kidney during isolated normothermic perfusion with red blood cell based perfusate - perfusate
ST002786,AN004533,18,48,Reversed phase NEGATIVE ION MODE,Metabolic changes of the pig kidney during isolated normothermic perfusion with autologous whole blood - urine
ST002787,AN004534,1074,102,Reversed phase POSITIVE ION MODE,Metabolomic analysis of gut metabolites in colorectal cancer patients: correlation with disease development and outcome
ST002787,AN004535,567,102,Reversed phase NEGATIVE ION MODE,Metabolomic analysis of gut metabolites in colorectal cancer patients: correlation with disease development and outcome
ST002788,AN004536,59,41,HILIC POSITIVE ION MODE,Metabolomic analysis of particulate matter in the NPSG during a 2018 cruise on the R/V Falkor
ST002788,AN004537,8,41,HILIC NEGATIVE ION MODE,Metabolomic analysis of particulate matter in the NPSG during a 2018 cruise on the R/V Falkor
ST002789,AN004538,59,168,HILIC POSITIVE ION MODE,Metabolomic analysis of particulate matter in the NPSG during a 2017 cruise on the R/V Kilo Moana as part of the MESOSCOPE program
ST002789,AN004539,8,168,HILIC NEGATIVE ION MODE,Metabolomic analysis of particulate matter in the NPSG during a 2017 cruise on the R/V Kilo Moana as part of the MESOSCOPE program
ST002791,AN004541,12,16,Reversed phase NEGATIVE ION MODE,Nucleotide metabolism in pancreatic cancer cells
ST002792,AN004542,503,13,HILIC POSITIVE ION MODE,Chemoproteomics validates selective targeting of Plasmodium M1 alanyl aminopeptidase as a cross-species strategy to treat malaria
ST002792,AN004543,351,13,HILIC NEGATIVE ION MODE,Chemoproteomics validates selective targeting of Plasmodium M1 alanyl aminopeptidase as a cross-species strategy to treat malaria
ST002793,AN004544,36,15,CE POSITIVE ION MODE,Interspecies metabolite transfer fuels methionine metabolism of Fusobacterium nucleatum to stimulate volatile methyl mercaptan production
ST002794,AN004545,66,535,Reversed phase NEGATIVE ION MODE,Metabolomics Study on Plasma and Lung Tissue of Rats Exposed to Whole Thorax Irradiation.
ST002794,AN004546,117,535,Reversed phase POSITIVE ION MODE,Metabolomics Study on Plasma and Lung Tissue of Rats Exposed to Whole Thorax Irradiation.
ST002795,AN004547,36,71,Reversed phase UNSPECIFIED ION MODE,Functional divergence of CYP76AKs shapes the chemodiversity of abietane-type diterpenoids in genus Salvia
ST002797,AN004550,165,32,Normal phase POSITIVE ION MODE,Fetal metabolic adaptations to cardiovascular stress in twin-twin transfusion syndrome
ST002797,AN004551,155,32,Normal phase NEGATIVE ION MODE,Fetal metabolic adaptations to cardiovascular stress in twin-twin transfusion syndrome
ST002800,AN004556,69,30,Reversed phase UNSPECIFIED ION MODE,Hepatic oxylipin profiles in mouse models of Wilson disease: new insights into early hepatic manifestations.
ST002801,AN004557,163,32,GC POSITIVE ION MODE,Investigation of metabolism in hypertrophic cardiomyopathy
ST002803,AN004559,122,20,GC POSITIVE ION MODE,Early life metabolic abnormalities in the bone marrow of the offspring of obese mothers
ST002805,AN004561,295,6,HILIC UNSPECIFIED ION MODE,IL-1β-mediated adaptive re-programming of endogenous human cardiac fibroblasts to cells with immune features during fibrotic remodeling
ST002809,AN004566,241,36,Reversed phase POSITIVE ION MODE,Role of cilia in mitochondrial function
ST002809,AN004567,195,36,Reversed phase POSITIVE ION MODE,Role of cilia in mitochondrial function
ST002809,AN004568,188,36,Reversed phase NEGATIVE ION MODE,Role of cilia in mitochondrial function
ST002809,AN004569,81,36,HILIC NEGATIVE ION MODE,Role of cilia in mitochondrial function
ST002810,AN004570,12,35,GC POSITIVE ION MODE,GAS2 encodes a 2-oxoglutarate dependent dioxygenase involved in ABA catabolism
ST002741,AN004571,99,20,GC POSITIVE ION MODE,Integration of Meta-Multi-Omics Data Using Probabilistic Graphs and External Knowledge
ST002813,AN004575,16,236,HILIC POSITIVE ION MODE,Effects of acute cold exposure on mouse metabolome
ST002813,AN004576,534,236,HILIC NEGATIVE ION MODE,Effects of acute cold exposure on mouse metabolome
ST002813,AN004577,353,236,Reversed phase POSITIVE ION MODE,Effects of acute cold exposure on mouse metabolome
ST002813,AN004578,81,236,Reversed phase NEGATIVE ION MODE,Effects of acute cold exposure on mouse metabolome
ST002812,AN004579,8,17,Reversed phase NEGATIVE ION MODE,Metabolomic profiling of PMM2-CDG brain organoids - Part 1
ST002815,AN004582,184,46,HILIC POSITIVE ION MODE,Investigation of metabolism in hypertrophic cardiomyopathy - HILIC
ST002816,AN004583,8,21,Reversed phase NEGATIVE ION MODE,Metabolomic profiling of PMM2-CDG brain organoids - Part 2
ST002817,AN004584,267,56,Reversed phase POSITIVE ION MODE,Investigation of metabolism in hypertrophic cardiomyopathy - Lipidomics
ST002817,AN004585,315,56,Reversed phase NEGATIVE ION MODE,Investigation of metabolism in hypertrophic cardiomyopathy - Lipidomics
ST002817,AN004586,217,56,Reversed phase POSITIVE ION MODE,Investigation of metabolism in hypertrophic cardiomyopathy - Lipidomics
ST002818,AN004587,182,289,Reversed phase POSITIVE ION MODE,Evaluation of Novel Candidate Filtration Markers from a Global Metabolomics Discovery for Glomerular Filtration Rate Estimation (ALTOLD)
ST002818,AN004588,491,289,Reversed phase NEGATIVE ION MODE,Evaluation of Novel Candidate Filtration Markers from a Global Metabolomics Discovery for Glomerular Filtration Rate Estimation (ALTOLD)
ST002818,AN004589,77,289,HILIC NEGATIVE ION MODE,Evaluation of Novel Candidate Filtration Markers from a Global Metabolomics Discovery for Glomerular Filtration Rate Estimation (ALTOLD)
ST002819,AN004590,214,751,Reversed phase POSITIVE ION MODE,Evaluation of Novel Candidate Filtration Markers from a Global Metabolomics Discovery for Glomerular Filtration Rate Estimation (MDRD)
ST002819,AN004591,125,751,Reversed phase POSITIVE ION MODE,Evaluation of Novel Candidate Filtration Markers from a Global Metabolomics Discovery for Glomerular Filtration Rate Estimation (MDRD)
ST002819,AN004592,374,751,Reversed phase NEGATIVE ION MODE,Evaluation of Novel Candidate Filtration Markers from a Global Metabolomics Discovery for Glomerular Filtration Rate Estimation (MDRD)
ST002819,AN004593,53,751,HILIC NEGATIVE ION MODE,Evaluation of Novel Candidate Filtration Markers from a Global Metabolomics Discovery for Glomerular Filtration Rate Estimation (MDRD)
ST002820,AN004594,211,1002,Reversed phase POSITIVE ION MODE,Evaluation of Novel Candidate Filtration Markers from a Global Metabolomics Discovery for Glomerular Filtration Rate Estimation (AASKG1)
ST002820,AN004595,158,1002,Reversed phase POSITIVE ION MODE,Evaluation of Novel Candidate Filtration Markers from a Global Metabolomics Discovery for Glomerular Filtration Rate Estimation (AASKG1)
ST002820,AN004596,387,1002,Reversed phase NEGATIVE ION MODE,Evaluation of Novel Candidate Filtration Markers from a Global Metabolomics Discovery for Glomerular Filtration Rate Estimation (AASKG1)
ST002820,AN004597,77,1002,HILIC NEGATIVE ION MODE,Evaluation of Novel Candidate Filtration Markers from a Global Metabolomics Discovery for Glomerular Filtration Rate Estimation (AASKG1)
ST002822,AN004599,201,21,Reversed phase POSITIVE ION MODE,Effect of ERR Agonist in Mouse Heart Post Pressure Overload
ST002822,AN004600,225,21,Reversed phase POSITIVE ION MODE,Effect of ERR Agonist in Mouse Heart Post Pressure Overload
ST002822,AN004601,324,21,Reversed phase NEGATIVE ION MODE,Effect of ERR Agonist in Mouse Heart Post Pressure Overload
ST002822,AN004602,105,21,HILIC NEGATIVE ION MODE,Effect of ERR Agonist in Mouse Heart Post Pressure Overload
ST002823,AN004603,514,29,HILIC POSITIVE ION MODE,Smoking Induced Gut Microbial Dysbiosis Mediates Cancer Progression Through Adaptive Immune System Modulation
ST002823,AN004604,269,29,HILIC NEGATIVE ION MODE,Smoking Induced Gut Microbial Dysbiosis Mediates Cancer Progression Through Adaptive Immune System Modulation
ST002824,AN004605,112,32,HILIC NEGATIVE ION MODE,Leukemia inhibitory factor suppresses hepatic de novo lipogenesis and induces cachexia
ST002824,AN004606,82,32,HILIC POSITIVE ION MODE,Leukemia inhibitory factor suppresses hepatic de novo lipogenesis and induces cachexia
ST002824,AN004607,42,32,Reversed phase NEGATIVE ION MODE,Leukemia inhibitory factor suppresses hepatic de novo lipogenesis and induces cachexia
ST002824,AN004608,251,32,Reversed phase POSITIVE ION MODE,Leukemia inhibitory factor suppresses hepatic de novo lipogenesis and induces cachexia
ST002825,AN004609,171,82,GC POSITIVE ION MODE,Brain Metabolomics in Fragile X-Associated Tremor/Ataxia Syndrome (FXTAS)
ST002827,AN004614,33,10,HILIC NEGATIVE ION MODE,Multi-assay nutritional metabolomics profiling of low vitamin A status versus adequacy is characterized by reduced plasma lipid mediators among lactating women in the Philippines: A pilot study.
ST002827,AN004615,61,10,HILIC POSITIVE ION MODE,Multi-assay nutritional metabolomics profiling of low vitamin A status versus adequacy is characterized by reduced plasma lipid mediators among lactating women in the Philippines: A pilot study.
ST002827,AN004616,51,10,Reversed phase POSITIVE ION MODE,Multi-assay nutritional metabolomics profiling of low vitamin A status versus adequacy is characterized by reduced plasma lipid mediators among lactating women in the Philippines: A pilot study.
ST002828,AN004617,51,22,Reversed phase NEGATIVE ION MODE,Role of the Afferent Lymph as an Immunological Conduit to Analyze Tissue Antigenic and Inflammatory Load - metabolomics
ST002828,AN004618,59,22,Reversed phase POSITIVE ION MODE,Role of the Afferent Lymph as an Immunological Conduit to Analyze Tissue Antigenic and Inflammatory Load - metabolomics
ST002829,AN004619,253,609,Reversed phase POSITIVE ION MODE,"Nucleotide, phospholipid, and kynurenine metabolites are robustly associated with COVID-19 severity and time of plasma sample collection in a prospective cohort study"
ST002829,AN004620,218,609,Reversed phase POSITIVE ION MODE,"Nucleotide, phospholipid, and kynurenine metabolites are robustly associated with COVID-19 severity and time of plasma sample collection in a prospective cohort study"
ST002829,AN004621,560,609,Reversed phase NEGATIVE ION MODE,"Nucleotide, phospholipid, and kynurenine metabolites are robustly associated with COVID-19 severity and time of plasma sample collection in a prospective cohort study"
ST002829,AN004622,77,609,HILIC NEGATIVE ION MODE,"Nucleotide, phospholipid, and kynurenine metabolites are robustly associated with COVID-19 severity and time of plasma sample collection in a prospective cohort study"
ST002830,AN004623,147,15,HILIC UNSPECIFIED ION MODE,L-isoleucine in P10 STZ
ST002831,AN004624,138,8,HILIC UNSPECIFIED ION MODE,Folate depletion upregulates heme synthesis
ST002832,AN004625,442,402,HILIC POSITIVE ION MODE,Resource competition predicts assembly of in vitro gut bacterial communities- HILIC
ST002832,AN004626,406,402,HILIC NEGATIVE ION MODE,Resource competition predicts assembly of in vitro gut bacterial communities- HILIC
ST002835,AN004631,104,30,HILIC POSITIVE ION MODE,Investigation of FGFR signaling controlled metabolism in FGFR2-fusion+ intrahepatic cholangiocarcinoma
ST002835,AN004632,104,30,HILIC NEGATIVE ION MODE,Investigation of FGFR signaling controlled metabolism in FGFR2-fusion+ intrahepatic cholangiocarcinoma
ST002836,AN004633,230,12,Reversed phase POSITIVE ION MODE,Bacterial tryptophan metabolites increased by prebiotic galactooligosaccharide reduce microglial reactivity and are associated with lower anxiety-like behavior (Intestine)
ST002836,AN004634,131,12,Reversed phase POSITIVE ION MODE,Bacterial tryptophan metabolites increased by prebiotic galactooligosaccharide reduce microglial reactivity and are associated with lower anxiety-like behavior (Intestine)
ST002836,AN004635,294,12,Reversed phase NEGATIVE ION MODE,Bacterial tryptophan metabolites increased by prebiotic galactooligosaccharide reduce microglial reactivity and are associated with lower anxiety-like behavior (Intestine)
ST002836,AN004636,74,12,HILIC NEGATIVE ION MODE,Bacterial tryptophan metabolites increased by prebiotic galactooligosaccharide reduce microglial reactivity and are associated with lower anxiety-like behavior (Intestine)
ST002837,AN004637,228,11,Reversed phase POSITIVE ION MODE,Bacterial tryptophan metabolites increased by prebiotic galactooligosaccharide reduce microglial reactivity and are associated with lower anxiety-like behavior (Blood)
ST002837,AN004638,171,11,Reversed phase POSITIVE ION MODE,Bacterial tryptophan metabolites increased by prebiotic galactooligosaccharide reduce microglial reactivity and are associated with lower anxiety-like behavior (Blood)
ST002837,AN004639,308,11,Reversed phase NEGATIVE ION MODE,Bacterial tryptophan metabolites increased by prebiotic galactooligosaccharide reduce microglial reactivity and are associated with lower anxiety-like behavior (Blood)
ST002837,AN004640,95,11,HILIC NEGATIVE ION MODE,Bacterial tryptophan metabolites increased by prebiotic galactooligosaccharide reduce microglial reactivity and are associated with lower anxiety-like behavior (Blood)
ST002840,AN004647,70,30,Normal phase NEGATIVE ION MODE,Collaborative role of YqgC and superoxide dismutase (MnSOD) in manganese intoxication: Replicate Experiment 1
ST002840,AN004648,66,30,Normal phase POSITIVE ION MODE,Collaborative role of YqgC and superoxide dismutase (MnSOD) in manganese intoxication: Replicate Experiment 1
ST002841,AN004649,70,30,Normal phase NEGATIVE ION MODE,Collaborative role of YqgC and superoxide dismutase (MnSOD) in manganese intoxication: Replicate Experiment 2
ST002841,AN004650,66,30,Normal phase POSITIVE ION MODE,Collaborative role of YqgC and superoxide dismutase (MnSOD) in manganese intoxication: Replicate Experiment 2
ST002842,AN004651,575,28,Reversed phase POSITIVE ION MODE,Leukemia inhibitory factor suppresses hepatic de novo lipogenesis and induces cachexia (Fenofibrate)
ST002843,AN004652,211,76,Reversed phase POSITIVE ION MODE,Leukemia inhibitory factor suppresses hepatic de novo lipogenesis and induces cachexia (Tamoxifen)
ST002843,AN004653,584,76,Reversed phase POSITIVE ION MODE,Leukemia inhibitory factor suppresses hepatic de novo lipogenesis and induces cachexia (Tamoxifen)
ST002498,AN004654,349,580,Reversed phase POSITIVE ION MODE,Plasma Metabolomics Profiling of 580 Patients from the Weill Cornell Medicine Early Detection Research Network Prostate Cancer Cohort
ST002498,AN004655,235,580,Reversed phase POSITIVE ION MODE,Plasma Metabolomics Profiling of 580 Patients from the Weill Cornell Medicine Early Detection Research Network Prostate Cancer Cohort
ST002498,AN004656,787,580,Reversed phase NEGATIVE ION MODE,Plasma Metabolomics Profiling of 580 Patients from the Weill Cornell Medicine Early Detection Research Network Prostate Cancer Cohort
ST002498,AN004657,111,580,HILIC NEGATIVE ION MODE,Plasma Metabolomics Profiling of 580 Patients from the Weill Cornell Medicine Early Detection Research Network Prostate Cancer Cohort
ST002844,AN004658,268,2,Reversed phase POSITIVE ION MODE,Identification of fatty acids which form triglycerides in TgLC mouse serum
ST002846,AN004664,265,12,HILIC UNSPECIFIED ION MODE,Apolipoprotein E suppresses hyperlipidemia-driven hematopoiesis & inflammation by controlling mitochondrial metabolism
ST002847,AN004665,147,9,HILIC UNSPECIFIED ION MODE,Targeting Pancreatic Cancer Metabolic Dependencies through Glutamine Antagonism.
ST002852,AN004672,42,16,HILIC POSITIVE ION MODE,MYC is a regulator of androgen receptor inhibition-induced metabolic requirements in prostate cancer
ST002852,AN004673,94,16,HILIC NEGATIVE ION MODE,MYC is a regulator of androgen receptor inhibition-induced metabolic requirements in prostate cancer
ST002856,AN004678,166,12,GC POSITIVE ION MODE,Validation of on-target effect of IACS-010759 in vehicle- and Enzalutamide-treated 16D cells
ST002857,AN004679,93,62,Reversed phase POSITIVE ION MODE,Intracerebroventricular Transplantation of Foetal Allogeneic Neural Stem Cells in Patients with Secondary Progressive Multiple Sclerosis (hNSC-SPMS): a phase I dose-escalation clinical trial - Metabolomics Analysis of Human CSF and Serum
ST002857,AN004680,107,62,Reversed phase NEGATIVE ION MODE,Intracerebroventricular Transplantation of Foetal Allogeneic Neural Stem Cells in Patients with Secondary Progressive Multiple Sclerosis (hNSC-SPMS): a phase I dose-escalation clinical trial - Metabolomics Analysis of Human CSF and Serum
ST002857,AN004681,7,62,Reversed phase NEGATIVE ION MODE,Intracerebroventricular Transplantation of Foetal Allogeneic Neural Stem Cells in Patients with Secondary Progressive Multiple Sclerosis (hNSC-SPMS): a phase I dose-escalation clinical trial - Metabolomics Analysis of Human CSF and Serum
ST002857,AN004682,31,62,Reversed phase POSITIVE ION MODE,Intracerebroventricular Transplantation of Foetal Allogeneic Neural Stem Cells in Patients with Secondary Progressive Multiple Sclerosis (hNSC-SPMS): a phase I dose-escalation clinical trial - Metabolomics Analysis of Human CSF and Serum
ST002857,AN004683,48,62,Reversed phase NEGATIVE ION MODE,Intracerebroventricular Transplantation of Foetal Allogeneic Neural Stem Cells in Patients with Secondary Progressive Multiple Sclerosis (hNSC-SPMS): a phase I dose-escalation clinical trial - Metabolomics Analysis of Human CSF and Serum
ST002858,AN004684,93,94,Reversed phase POSITIVE ION MODE,Intracerebroventricular Transplantation of Foetal Allogeneic Neural Stem Cells in Patients with Secondary Progressive Multiple Sclerosis (hNSC-SPMS): a phase I dose-escalation clinical trial - Metabolomics Analysis of Human Serum
ST002858,AN004685,107,94,Reversed phase NEGATIVE ION MODE,Intracerebroventricular Transplantation of Foetal Allogeneic Neural Stem Cells in Patients with Secondary Progressive Multiple Sclerosis (hNSC-SPMS): a phase I dose-escalation clinical trial - Metabolomics Analysis of Human Serum
ST002858,AN004686,249,94,Reversed phase POSITIVE ION MODE,Intracerebroventricular Transplantation of Foetal Allogeneic Neural Stem Cells in Patients with Secondary Progressive Multiple Sclerosis (hNSC-SPMS): a phase I dose-escalation clinical trial - Metabolomics Analysis of Human Serum
ST002858,AN004687,99,94,Reversed phase NEGATIVE ION MODE,Intracerebroventricular Transplantation of Foetal Allogeneic Neural Stem Cells in Patients with Secondary Progressive Multiple Sclerosis (hNSC-SPMS): a phase I dose-escalation clinical trial - Metabolomics Analysis of Human Serum
ST002858,AN004688,48,94,Reversed phase NEGATIVE ION MODE,Intracerebroventricular Transplantation of Foetal Allogeneic Neural Stem Cells in Patients with Secondary Progressive Multiple Sclerosis (hNSC-SPMS): a phase I dose-escalation clinical trial - Metabolomics Analysis of Human Serum
ST002859,AN004689,154,6,GC POSITIVE ION MODE,Glucose tracing in vehicle- and Enzalutamide-treated 16D prostate cancer cells
ST002860,AN004690,154,12,GC POSITIVE ION MODE,Glucose tracing in vehicle- and Enzalutamide-treated 16D prostate cancer cells (replicates 2 and 3)
ST002861,AN004691,102,230,Reversed phase POSITIVE ION MODE,Gut Microbiota-associated Metabolites Affected the Susceptibility to Heart Health Abnormality in Young Migrants at High-altitude-Human Serum Metabolomics
ST002861,AN004692,29,230,Reversed phase NEGATIVE ION MODE,Gut Microbiota-associated Metabolites Affected the Susceptibility to Heart Health Abnormality in Young Migrants at High-altitude-Human Serum Metabolomics
ST002862,AN004693,123,230,Reversed phase POSITIVE ION MODE,Gut Microbiota-associated Metabolites Affected the Susceptibility to Heart Health Abnormality in Young Migrants at High-altitude-Human Faeces Metabolomics
ST002862,AN004694,49,230,Reversed phase NEGATIVE ION MODE,Gut Microbiota-associated Metabolites Affected the Susceptibility to Heart Health Abnormality in Young Migrants at High-altitude-Human Faeces Metabolomics
ST002863,AN004695,473,14,HILIC UNSPECIFIED ION MODE,Metabolic profiling and glucose tracing in naive and Enzalutamide-treated 16D prostate cancer cells
ST002864,AN004696,502,27,HILIC UNSPECIFIED ION MODE,"Metabolic profiling, glucose tracing and glutamine tracing in naive and Enzalutamide-treated 16D prostate cancer cells expressing RFP or MYC"
ST002865,AN004697,517,27,HILIC UNSPECIFIED ION MODE,"Metabolic profiling, glucose tracing and glutamine tracing in 16D prostate cancer cells treated with vehicle, AR inhibitor Enzalutamide, AR inhibitor Apalutamide, or AR degrader/PROTAC ARCC-4"
ST002867,AN004700,23,35,GC POSITIVE ION MODE,Root VOCs of Arabidopsis thaliana and its mutants
ST002868,AN004701,43,23,NMR data,Pathogenic Staphylococcus epidermidis ICE25 response to skin and blood pH
ST002869,AN004702,171,25,HILIC POSITIVE ION MODE,"Identifying Biodegradation Pathways of Cetrimonium Bromide (CTAB) Using Metagenome, Metatranscriptome, and Metabolome Tri-omics Integration"
ST002869,AN004703,132,25,HILIC NEGATIVE ION MODE,"Identifying Biodegradation Pathways of Cetrimonium Bromide (CTAB) Using Metagenome, Metatranscriptome, and Metabolome Tri-omics Integration"
ST002870,AN004704,6,74,HILIC POSITIVE ION MODE,A carbon-nitrogen negative feedback loop underlies the repeated evolution of cnidarian-Symbiodiniaceae symbioses across &gt;700 Myr
ST002814,AN004705,44,514,HILIC POSITIVE ION MODE,Atlas of fetal metabolism during mid-to-late gestation and diabetic pregnancy
ST002814,AN004706,98,514,HILIC NEGATIVE ION MODE,Atlas of fetal metabolism during mid-to-late gestation and diabetic pregnancy
ST002872,AN004708,167,26,HILIC POSITIVE ION MODE,Comparative multi-omics analyses of cardiac mitochondrial stress in three mouse models of frataxin deficiency
ST002873,AN004709,52,400,Reversed phase POSITIVE ION MODE,The ganglioside GM3 protects against abdominal aortic aneurysm (AAA) by suppressing ferroptosis
ST002873,AN004710,11,400,Reversed phase NEGATIVE ION MODE,The ganglioside GM3 protects against abdominal aortic aneurysm (AAA) by suppressing ferroptosis
ST002874,AN004711,8,117,Normal phase POSITIVE ION MODE,Quantification of metabolites in kynurenine pathway
ST002876,AN004713,187,18,HILIC UNSPECIFIED ION MODE,High Level Expression of NSD2 Creates a Metabolic Dependency in Multiple Myeloma
ST002878,AN004715,50,173,HILIC POSITIVE ION MODE,Atlas of fetal metabolism during mid-to-late gestation and diabetic pregnancy. Dynamic Labelling experiment.
ST002878,AN004716,106,173,HILIC NEGATIVE ION MODE,Atlas of fetal metabolism during mid-to-late gestation and diabetic pregnancy. Dynamic Labelling experiment.
ST002879,AN004717,162,6,CE POSITIVE ION MODE,Metabolomic profiles in P. gingivalis treated with curcumin
ST002879,AN004718,105,6,CE NEGATIVE ION MODE,Metabolomic profiles in P. gingivalis treated with curcumin
ST002880,AN004719,884,72,Reversed phase POSITIVE ION MODE,Hypoxia-driven dynamics of tomato root lipidome
ST002880,AN004720,295,72,Reversed phase NEGATIVE ION MODE,Hypoxia-driven dynamics of tomato root lipidome
ST002881,AN004721,287,162,HILIC POSITIVE ION MODE,Metabolic profiling plasma in mice during cachexia.
ST002881,AN004722,85,162,HILIC NEGATIVE ION MODE,Metabolic profiling plasma in mice during cachexia.
ST002881,AN004723,184,162,Reversed phase POSITIVE ION MODE,Metabolic profiling plasma in mice during cachexia.
ST002882,AN004724,283,94,HILIC POSITIVE ION MODE,Metabolic profiling interstitial fluid in mice during cachexia.
ST002882,AN004725,96,94,HILIC NEGATIVE ION MODE,Metabolic profiling interstitial fluid in mice during cachexia.
ST002882,AN004726,184,94,Reversed phase POSITIVE ION MODE,Metabolic profiling interstitial fluid in mice during cachexia.
ST002883,AN004727,312,54,HILIC POSITIVE ION MODE,Metabolic profiling brown adipose tissue in mice during cachexia.
ST002883,AN004728,92,54,HILIC NEGATIVE ION MODE,Metabolic profiling brown adipose tissue in mice during cachexia.
ST002883,AN004729,232,54,Reversed phase POSITIVE ION MODE,Metabolic profiling brown adipose tissue in mice during cachexia.
ST002884,AN004730,267,54,HILIC POSITIVE ION MODE,Metabolic profiling Epididymal white adipose tissue in mice during cachexia.
ST002884,AN004731,80,54,HILIC NEGATIVE ION MODE,Metabolic profiling Epididymal white adipose tissue in mice during cachexia.
ST002884,AN004732,206,54,Reversed phase POSITIVE ION MODE,Metabolic profiling Epididymal white adipose tissue in mice during cachexia.
ST002885,AN004733,295,54,HILIC POSITIVE ION MODE,Metabolic profiling gastrocnemius tissue in mice during cachexia.
ST002885,AN004734,93,54,HILIC NEGATIVE ION MODE,Metabolic profiling gastrocnemius tissue in mice during cachexia.
ST002885,AN004735,239,54,Reversed phase POSITIVE ION MODE,Metabolic profiling gastrocnemius tissue in mice during cachexia.
ST002886,AN004736,327,54,HILIC POSITIVE ION MODE,Metabolic profiling Inguinal adipose tissue in mice during cachexia.
ST002886,AN004737,82,54,HILIC NEGATIVE ION MODE,Metabolic profiling Inguinal adipose tissue in mice during cachexia.
ST002886,AN004738,220,54,Reversed phase POSITIVE ION MODE,Metabolic profiling Inguinal adipose tissue in mice during cachexia.
ST002887,AN004739,322,54,HILIC POSITIVE ION MODE,Metabolic profiling liver tissue in mice during cachexia.
ST002887,AN004740,87,54,HILIC NEGATIVE ION MODE,Metabolic profiling liver tissue in mice during cachexia.
ST002887,AN004741,268,54,Reversed phase POSITIVE ION MODE,Metabolic profiling liver tissue in mice during cachexia.
ST002888,AN004742,380,54,HILIC POSITIVE ION MODE,Metabolic profiling Pancreas tissue in mice during cachexia.
ST002888,AN004743,88,54,HILIC NEGATIVE ION MODE,Metabolic profiling Pancreas tissue in mice during cachexia.
ST002888,AN004744,264,54,Reversed phase POSITIVE ION MODE,Metabolic profiling Pancreas tissue in mice during cachexia.
ST002889,AN004745,285,54,HILIC POSITIVE ION MODE,Metabolic profiling Quadriceps tissue in mice during cachexia.
ST002889,AN004746,92,54,HILIC NEGATIVE ION MODE,Metabolic profiling Quadriceps tissue in mice during cachexia.
ST002889,AN004747,239,54,Reversed phase POSITIVE ION MODE,Metabolic profiling Quadriceps tissue in mice during cachexia.
ST002890,AN004748,12,75,Reversed phase NEGATIVE ION MODE,Characterization of the in vivo deuteration of native phospholipids by mass spectrometry yields guidelines for their regiospecific customization
ST002890,AN004749,24,75,Reversed phase POSITIVE ION MODE,Characterization of the in vivo deuteration of native phospholipids by mass spectrometry yields guidelines for their regiospecific customization
ST002892,AN004751,6,23,Reversed phase UNSPECIFIED ION MODE,Folate levels in K562 cells following folate depletion
ST002893,AN004752,3,21,Reversed phase POSITIVE ION MODE,Folate depletion time-course in MEL cells with analysis for porphyrin metabolites
ST002894,AN004753,6,22,Reversed phase UNSPECIFIED ION MODE,Folate levels in MEL cells following folate depletion
ST002895,AN004754,93,12,HILIC UNSPECIFIED ION MODE,Polar metabolite levels in K562 cells following folate depletion and inosine supplementation
ST002896,AN004755,93,12,HILIC UNSPECIFIED ION MODE,Polar metabolite levels in MEL cells following folate depletion and inosine supplementation
ST002897,AN004756,107,12,HILIC UNSPECIFIED ION MODE,"Polar metabolite levels in K562 cells following folate depletion, SHIN1 or AICAR treatment"
ST002898,AN004757,107,12,HILIC UNSPECIFIED ION MODE,"Polar metabolite levels in MEL cells following folate depletion, SHIN1 or AICAR treatment"
ST002899,AN004758,79,12,HILIC UNSPECIFIED ION MODE,Polar metabolite levels in erythroid progenitor cells following SHIN1 and inosine treatment
ST002900,AN004759,2,12,Reversed phase UNSPECIFIED ION MODE,Folate metabolite levels in erythroid progenitor cells following SHIN1 and inosine treatment
ST002901,AN004760,102,32,HILIC UNSPECIFIED ION MODE,Potential serum metabolite markers and predictive features of depressive-like behavior and effective fluoxetine treatment in chronically socially isolated rats
ST002902,AN004761,16,118,GC POSITIVE ION MODE,Quantitative analysis of fatty acid compositions of retail cow’s milk and milk alternatives in Thailand using GC-MS
ST002903,AN004762,223,43,HILIC POSITIVE ION MODE,Identification and targeting of microbial putrescine acetylation in bloodstream infections
ST002903,AN004763,94,43,HILIC NEGATIVE ION MODE,Identification and targeting of microbial putrescine acetylation in bloodstream infections
ST002903,AN004764,330,43,Reversed phase POSITIVE ION MODE,Identification and targeting of microbial putrescine acetylation in bloodstream infections
ST002904,AN004765,299,114,HILIC POSITIVE ION MODE,Metabolic profiling Soleus tissue in mice during cachexia.
ST002904,AN004766,93,114,HILIC NEGATIVE ION MODE,Metabolic profiling Soleus tissue in mice during cachexia.
ST002904,AN004767,222,114,Reversed phase POSITIVE ION MODE,Metabolic profiling Soleus tissue in mice during cachexia.
ST002905,AN004768,11,24,Reversed phase POSITIVE ION MODE,Porphyrin analysis of K562 cells following C13-Serine and C13-Glycine tracing during folate depletion.
ST002906,AN004769,158,15,HILIC UNSPECIFIED ION MODE,Polar metabolite levels in K562 cells following short-term folate depletion
ST002907,AN004770,5,15,Reversed phase UNSPECIFIED ION MODE,Folate levels in K562 cells following short-term folate depletion
ST002908,AN004771,194,16,Reversed phase POSITIVE ION MODE,Rumenomics: Evaluation of rumen metabolites content on phenotypical features of sheep
ST002908,AN004772,12,16,Reversed phase POSITIVE ION MODE,Rumenomics: Evaluation of rumen metabolites content on phenotypical features of sheep
ST002908,AN004773,213,16,Reversed phase NEGATIVE ION MODE,Rumenomics: Evaluation of rumen metabolites content on phenotypical features of sheep
ST002908,AN004774,91,16,HILIC NEGATIVE ION MODE,Rumenomics: Evaluation of rumen metabolites content on phenotypical features of sheep
ST002909,AN004775,266,300,Reversed phase POSITIVE ION MODE,Plasma metabolomics reveals distinct biological and diagnostic signatures for melioidosis
ST002909,AN004776,232,300,Reversed phase POSITIVE ION MODE,Plasma metabolomics reveals distinct biological and diagnostic signatures for melioidosis
ST002909,AN004777,480,300,Reversed phase NEGATIVE ION MODE,Plasma metabolomics reveals distinct biological and diagnostic signatures for melioidosis
ST002909,AN004778,91,300,HILIC NEGATIVE ION MODE,Plasma metabolomics reveals distinct biological and diagnostic signatures for melioidosis
ST002910,AN004779,123,12,Reversed phase POSITIVE ION MODE,Identifying the impact of RelA overexpression in triple negative breast cancer cells using mass spectroscopy-based proteomics and metabolomics analysis
ST002911,AN004780,795,17,Reversed phase POSITIVE ION MODE,LiLA: Lipid Lung-based ATLAS built Through a Comprehensive Workflow Designed for an Accurate Lipid Annotation
ST002911,AN004781,435,17,Reversed phase NEGATIVE ION MODE,LiLA: Lipid Lung-based ATLAS built Through a Comprehensive Workflow Designed for an Accurate Lipid Annotation
ST002912,AN004782,141,22,HILIC UNSPECIFIED ION MODE,Polar metabolite levels in MEL cells following folate depletion
ST002913,AN004783,118,23,HILIC UNSPECIFIED ION MODE,Polar metabolite levels in K562 cells following folate depletion
ST002914,AN004784,15,60,Reversed phase NEGATIVE ION MODE,Untangling the Dynamics of Lysine Acetylation and Phosphorylation in Adipogenesis in the Established Human and Mouse Adipocyte Cell Lines SGBS and 3T3L1
ST002915,AN004785,160,91,Reversed phase NEGATIVE ION MODE,"MoTrPAC: Endurance exercise training study in young adult rats, Rat Kidney Powder - Untargeted Reversed-Phase Negative"
ST002916,AN004786,160,90,Reversed phase NEGATIVE ION MODE,"MoTrPAC: Endurance exercise training study in young adult rats, Rat Heart Powder - Untargeted Reversed-Phase Negative"
ST002917,AN004787,79,60,GC POSITIVE ION MODE,Transporter-mediated depletion of apoplastic proline directly contributes to plant pattern-triggered immunity against a bacterial pathogen
ST002919,AN004789,11,100,Reversed phase NEGATIVE ION MODE,Short-term metabolic insulin response of DINCH- and MINCH-treated cells
ST002920,AN004790,26,32,Reversed phase NEGATIVE ION MODE,Possible PPARG-independent effects of DINCH and MINCH on central carbon metabolism
ST002922,AN004792,26,87,Reversed phase NEGATIVE ION MODE,Effects of DINCH and MINCH on adipocyte metabolism of human SGBS cells.
ST002923,AN004793,1,159,Reversed phase NEGATIVE ION MODE,Gut sphingolipid metabolites in infants with atopic dermatitis associated with food allergy - Part 1
ST002924,AN004794,14,318,Reversed phase POSITIVE ION MODE,Gut sphingolipid metabolites in infants with atopic dermatitis associated with food allergy - Part 2
ST002924,AN004795,6,318,Reversed phase POSITIVE ION MODE,Gut sphingolipid metabolites in infants with atopic dermatitis associated with food allergy - Part 2
ST002925,AN004796,21,19,HILIC POSITIVE ION MODE,Metabolite analysis of hepatic Pptc7-ko mice under fed or fasting conditions
ST002925,AN004797,23,19,HILIC NEGATIVE ION MODE,Metabolite analysis of hepatic Pptc7-ko mice under fed or fasting conditions
ST002926,AN004798,391,12,HILIC POSITIVE ION MODE,Multi-“omics” analysis reveals the orphan P. falciparum protein kinase PfPK8 regulates multi-gene family expression
ST002926,AN004799,242,12,HILIC NEGATIVE ION MODE,Multi-“omics” analysis reveals the orphan P. falciparum protein kinase PfPK8 regulates multi-gene family expression
ST002927,AN004800,34,21,HILIC POSITIVE ION MODE,O-GlcNAcase activity maintains stress granules for proximity-enhanced ATP production to ensure recovery from stress
ST002927,AN004801,37,21,HILIC NEGATIVE ION MODE,O-GlcNAcase activity maintains stress granules for proximity-enhanced ATP production to ensure recovery from stress
ST002928,AN004802,234,76,Reversed phase UNSPECIFIED ION MODE,"The major TMEM106B dementia risk allele affects TMEM106B protein levels, fibril formation, and myelin lipid homeostasis in the ageing human hippocampus"
ST002931,AN004809,77,90,GC POSITIVE ION MODE,"Analyzing Metabolic Alterations in the Gut, Blood, and Brain of Mice Induced by Running Exercise Through Gas Chromatography Mass Spectrometry."
ST002933,AN004811,64,20,GC POSITIVE ION MODE,Coral endosymbiont growth is enhanced by metabolic interactions with bacteria
ST002935,AN004814,202,10,HILIC UNSPECIFIED ION MODE,Title: Myeloid cell-derived creatine in the hypoxic niche promotes glioblastoma growth
ST002936,AN004815,187,21,HILIC POSITIVE ION MODE,O-GlcNAcase activity maintains stress granules for proximity-enhanced ATP production to ensure recovery from stress (Part 2)
ST002936,AN004816,175,21,HILIC NEGATIVE ION MODE,O-GlcNAcase activity maintains stress granules for proximity-enhanced ATP production to ensure recovery from stress (Part 2)
ST002937,AN004821,87,962,None (Direct infusion) POSITIVE ION MODE,Deep Metabolic Phenotyping of Newborn Cord Blood Reveals Maternal-Fetal Interactions and Disease Risk
ST002937,AN004822,544,962,None (Direct infusion) NEGATIVE ION MODE,Deep Metabolic Phenotyping of Newborn Cord Blood Reveals Maternal-Fetal Interactions and Disease Risk
ST002938,AN004823,772,78,Reversed phase POSITIVE ION MODE,"Role of PI3K in Atrial Myopathy: Insights from Transgenic Mouse Models and Identification of a Dysregulated PI3K Lipid Profile in Individuals with Atrial Fibrillation - part 1 of 2, human plasma"
ST002939,AN004824,823,209,Reversed phase POSITIVE ION MODE,"Role of PI3K in Atrial Myopathy: Insights from Transgenic Mouse Models and Identification of a Dysregulated PI3K Lipid Profile in Individuals with Atrial Fibrillation - Part 2 of 2, Mus musculus"
ST002941,AN004826,6,135,Reversed phase NEGATIVE ION MODE,Targeted analyses of microbial metabolites of xanthohumol
ST002942,AN004827,8,135,Reversed phase NEGATIVE ION MODE,Targeted analysis of short chain fatty acids for the XMaS clinical trial.
ST002943,AN004828,25,135,Reversed phase NEGATIVE ION MODE,Targeted bile acid analysis for the XMaS trial.
ST002948,AN004834,19,162,HILIC POSITIVE ION MODE,Multi-omics Approach Reveals a Specific Profile in Severe Asthmatic Patients Treated with Mepolizumab or Omalizumab
ST002948,AN004835,22,162,Reversed phase UNSPECIFIED ION MODE,Multi-omics Approach Reveals a Specific Profile in Severe Asthmatic Patients Treated with Mepolizumab or Omalizumab
ST002949,AN004836,20,268,Reversed phase POSITIVE ION MODE,Serum metabolomics reveals metabolic profile and potential biomarkers of ankylosing spondylitis
ST002949,AN004837,6,268,Reversed phase NEGATIVE ION MODE,Serum metabolomics reveals metabolic profile and potential biomarkers of ankylosing spondylitis
ST002950,AN004838,110,88,HILIC POSITIVE ION MODE,Investigate the impact of feeding time on the hexosamine biosynthetic pathway (HBP) in the mouse liver and heart using targeted metabolomics: biogenic amines
ST002950,AN004839,73,88,HILIC NEGATIVE ION MODE,Investigate the impact of feeding time on the hexosamine biosynthetic pathway (HBP) in the mouse liver and heart using targeted metabolomics: biogenic amines
ST002952,AN004848,3,78,GC POSITIVE ION MODE,Investigate the impact of feeding time on the hexosamine biosynthetic pathway (HBP) in the mouse liver and heart using targeted metabolomics: primary metabolism
ST002952,AN004849,215,78,GC POSITIVE ION MODE,Investigate the impact of feeding time on the hexosamine biosynthetic pathway (HBP) in the mouse liver and heart using targeted metabolomics: primary metabolism
ST002953,AN004850,38,6,GC POSITIVE ION MODE,Comparisons of hepatic medium & long chain fatty acids expression between wild type and Cgref1-depleted mice of C57BL/6 strain by targeted GC-MS/MS
ST002954,AN004851,16,23,NMR data,Metabolite flux from temperature-acclimated diatom strains (drawdown experiment)
ST002955,AN004852,190,51,HILIC UNSPECIFIED ION MODE,"Untargeted metabolomics analysis of plasma from viremic non-progressors (VNP), progressors, and healthy control (HC) patients using high-resolution, high-performance LC-MS/MS analysis."
ST002956,AN004853,1433,90,Reversed phase POSITIVE ION MODE,"An application of automated LLE extraction in determine the age and HFD effects in adult mice in metabolomic, lipidomic, and proteomic"
ST002956,AN004854,120,90,Reversed phase NEGATIVE ION MODE,"An application of automated LLE extraction in determine the age and HFD effects in adult mice in metabolomic, lipidomic, and proteomic"
ST002956,AN004855,125,90,HILIC POSITIVE ION MODE,"An application of automated LLE extraction in determine the age and HFD effects in adult mice in metabolomic, lipidomic, and proteomic"
ST002956,AN004856,120,90,Ion pair NEGATIVE ION MODE,"An application of automated LLE extraction in determine the age and HFD effects in adult mice in metabolomic, lipidomic, and proteomic"
ST002957,AN004857,16,24,NMR data,Metabolite flux from temperature-acclimated diatom strains (main experiment)
ST002958,AN004858,316,305,None (Direct infusion) POSITIVE ION MODE,Lipidomic analysis of demyelination and remyelination in the Plp1-iCKO-Myrf mouse model of demyelination
ST002959,AN004859,18,48,Reversed phase POSITIVE ION MODE,Transcriptional regulation of amino acid metabolism by KDM2B
ST002959,AN004860,18,48,Reversed phase NEGATIVE ION MODE,Transcriptional regulation of amino acid metabolism by KDM2B
ST002962,AN004863,2,33,Reversed phase NEGATIVE ION MODE,"LC/MS detection for NADPH and NADP+ levels in KRAS-driven lung tumors with LKB1 or p53 deficiency, comparing cases with G6PD wild-type and G6PD knockout"
ST002963,AN004864,2,33,Reversed phase NEGATIVE ION MODE,"LC/MS detection for GSH and GSSG levels in KRAS-driven lung tumors with LKB1 or p53 deficiency, comparing cases with G6PD wild-type and G6PD knockout"
ST002966,AN004873,419,12,HILIC POSITIVE ION MODE,Metabolomics reveal the pathway of benzylisoquinoline alkaloids in Corydalis yanhusuo bulbs
ST002966,AN004874,283,12,HILIC NEGATIVE ION MODE,Metabolomics reveal the pathway of benzylisoquinoline alkaloids in Corydalis yanhusuo bulbs
ST002967,AN004875,573,38,Reversed phase UNSPECIFIED ION MODE,Lipidomics study of FASN inhibition in HT-29 and HCT 116 spheroids
ST002968,AN004876,122,30,Reversed phase POSITIVE ION MODE,Untargeted metabolomic studies of the PSD95-nNOS uncoupling agent against post-stroke depression in rats
ST002968,AN004877,194,30,Reversed phase NEGATIVE ION MODE,Untargeted metabolomic studies of the PSD95-nNOS uncoupling agent against post-stroke depression in rats
ST002969,AN004878,136,15,HILIC UNSPECIFIED ION MODE,Polar metabolites in cecal tissue of mice treated with or without ampicillin and tributyrin
ST002970,AN004879,91,8,HILIC NEGATIVE ION MODE,Untargeted metabolomics of fatty alcohol production at time 90 min of bioconversion
ST002971,AN004880,93,10,HILIC NEGATIVE ION MODE,Untargeted metabolomics of bioluminescent cell at T24h
ST002972,AN004881,30,8,HILIC NEGATIVE ION MODE,Untargeted metabolomics of alkane producing strains at time 5 h of bioconversion
ST002975,AN004885,93,56,Reversed phase POSITIVE ION MODE,Metabolomics Insights into Doxorubicin and 5-Fluorouracil Combination Therapy in Triple-Negative Breast Cancer: A Xenograft Model Study (Part 1)
ST002976,AN004886,205,44,Reversed phase POSITIVE ION MODE,Metabolomics Insights into Doxorubicin and 5-Fluorouracil Combination Therapy in Triple-Negative Breast Cancer: A Xenograft Model Study (Part 2)
ST002977,AN004887,2098,76,HILIC POSITIVE ION MODE,Offline Two-dimensional Liquid Chromatography-Mass Spectrometry for Deep Annotation of the Fecal Metabolome following Fecal Microbiota Transplant
ST002977,AN004888,903,76,HILIC NEGATIVE ION MODE,Offline Two-dimensional Liquid Chromatography-Mass Spectrometry for Deep Annotation of the Fecal Metabolome following Fecal Microbiota Transplant
ST002977,AN004889,1860,76,Reversed phase POSITIVE ION MODE,Offline Two-dimensional Liquid Chromatography-Mass Spectrometry for Deep Annotation of the Fecal Metabolome following Fecal Microbiota Transplant
ST002977,AN004890,667,76,Reversed phase NEGATIVE ION MODE,Offline Two-dimensional Liquid Chromatography-Mass Spectrometry for Deep Annotation of the Fecal Metabolome following Fecal Microbiota Transplant
ST002978,AN004891,224,30,Reversed phase POSITIVE ION MODE,Metabolite Profiling Of Vaginal Microbes In Suspension And Biofilm Cultures: Potential Target Against Bacterial Vaginosis
ST002978,AN004892,29,30,Reversed phase POSITIVE ION MODE,Metabolite Profiling Of Vaginal Microbes In Suspension And Biofilm Cultures: Potential Target Against Bacterial Vaginosis
ST002978,AN004893,210,30,Reversed phase NEGATIVE ION MODE,Metabolite Profiling Of Vaginal Microbes In Suspension And Biofilm Cultures: Potential Target Against Bacterial Vaginosis
ST002978,AN004894,94,30,HILIC NEGATIVE ION MODE,Metabolite Profiling Of Vaginal Microbes In Suspension And Biofilm Cultures: Potential Target Against Bacterial Vaginosis
ST002984,AN004903,204,71,Ion exchange UNSPECIFIED ION MODE,Amino acid catabolite markers for early prognostication of pneumonia in patients with COVID-19
ST002984,AN004904,74,71,Reversed phase UNSPECIFIED ION MODE,Amino acid catabolite markers for early prognostication of pneumonia in patients with COVID-19
ST002987,AN004907,125,242,Reversed phase NEGATIVE ION MODE,Activation induces shift in nutrient utilization that differentially impacts cell functions in human neutrophils
ST002989,AN004909,48,16,Ion exchange UNSPECIFIED ION MODE,Targeting NPM1 Epigenetically Promotes Post-infarction Cardiac Repair by Reprogramming Reparative Macrophage Metabolism
ST002990,AN004910,2,20,Reversed phase POSITIVE ION MODE,Folate depletion time-course in K562 cells with analysis for porphyrin metabolites
ST002991,AN004911,130,24,HILIC NEGATIVE ION MODE,Metabolomics studies on human colorectal cancer cell lines
ST002992,AN004912,11,24,HILIC UNSPECIFIED ION MODE,Polar metabolite levels in K562 cells following C13-Serine and C13-Glycine tracing
ST002993,AN004915,42,111,GC POSITIVE ION MODE,Identifying subgroups of childhood obesity by using multiplatform metabotyping
ST002994,AN004918,265,208,GC POSITIVE ION MODE,Integrating uterine metabolome and microbiome data to advance the understanding of metritis development in dairy cows
ST002998,AN004924,253,12,LC-MS NEGATIVE ION MODE,"The role of gut microbiota in muscle mitochondria function, colon health, and sarcopenia: from clinical to bench"
ST002998,AN004925,518,12,LC-MS POSITIVE ION MODE,"The role of gut microbiota in muscle mitochondria function, colon health, and sarcopenia: from clinical to bench"
ST002999,AN004926,16,56,HILIC NEGATIVE ION MODE,Metabolomics and glucose and glutamine labeled isotope tracing analysis in murine lung adenocarcinoma cells in the context of normal or active NRF2 pathway as well as HDAC and glutaminase inhibitor treatment.
ST003002,AN004930,974,51,Reversed phase NEGATIVE ION MODE,"The role of gut microbiota in muscle mitochondria function, colon health, and sarcopenia: from clinical to bench (2)"
ST003002,AN004931,1077,51,Reversed phase POSITIVE ION MODE,"The role of gut microbiota in muscle mitochondria function, colon health, and sarcopenia: from clinical to bench (2)"
ST001936,AN004932,548,65,Reversed phase UNSPECIFIED ION MODE,Pseudoexfoliation aqueous humor lipidome suggests enrichment of specific pathways
ST003012,AN004944,65,50,Reversed phase NEGATIVE ION MODE,A High-Fat Eucaloric Diet Induces Reprometabolic Syndrome of Obesity in Normal Weight Women - metabolomics
ST003012,AN004945,64,50,Reversed phase POSITIVE ION MODE,A High-Fat Eucaloric Diet Induces Reprometabolic Syndrome of Obesity in Normal Weight Women - metabolomics
ST003018,AN004952,112,16,HILIC UNSPECIFIED ION MODE,"Polar metabolite levels in K562 cells following PKC inhibition in 2,000 nM or 100 nM FA conditions"
ST003019,AN004953,6,6,GC POSITIVE ION MODE,Metabolomic profiling of PMM2-CDG brain organoids by GC/MS
ST003020,AN004954,83,16,HILIC UNSPECIFIED ION MODE,"Polar metabolite levels in MEL cells following PKC inhibition in 2,000 nM or 100 nM FA conditions"
ST003021,AN004955,2,16,Reversed phase POSITIVE ION MODE,"Porphyrin metabolite levels in K562 cells following PKC inhibition in 2,000 nM or 100 nM FA conditions"
ST003022,AN004956,2,16,Reversed phase POSITIVE ION MODE,"Porphyrin metabolite levels in MEL cells following PKC inhibition in 2,000 nM or 100 nM FA conditions"
ST003023,AN004957,3,8,Reversed phase POSITIVE ION MODE,"Porphyrin metabolite levels in K562 cells following 6 day culture in 2,000 nM or 100 nM folic acid"
ST003024,AN004958,408,134,HILIC POSITIVE ION MODE,Identifying and mathematically modeling the time-course of extracellular metabolic markers associated with resistance to ceftolozane/tazobactam in Pseudomonas aeruginosa - Part 1
ST003024,AN004959,157,134,HILIC NEGATIVE ION MODE,Identifying and mathematically modeling the time-course of extracellular metabolic markers associated with resistance to ceftolozane/tazobactam in Pseudomonas aeruginosa - Part 1
ST003025,AN004960,11,32,GC POSITIVE ION MODE,NMR- and MS-based omics reveal characteristic metabolome atlas and optimize biofluid earlydiagnostic biomarkers for esophageal squamous cell carcinoma (part-Ⅴ)
ST003026,AN004961,82,148,Reversed phase POSITIVE ION MODE,Untargeted Metabolomics Reveals Unique Biomolecular Signatures in Overweight and Obesity Using UHPLC-ESI-QTOF-MS Analysis
ST003027,AN004962,269,32,Normal phase POSITIVE ION MODE,NMR- and MS-based omics reveal characteristic metabolome atlas and optimize biofluid earlydiagnostic biomarkers for esophageal squamous cell carcinoma (part-Ⅳ)
ST003027,AN004963,222,32,Reversed phase NEGATIVE ION MODE,NMR- and MS-based omics reveal characteristic metabolome atlas and optimize biofluid earlydiagnostic biomarkers for esophageal squamous cell carcinoma (part-Ⅳ)
ST003028,AN004964,346,10,Reversed phase NEGATIVE ION MODE,Chronic stress dampens Lactobacillus johnsonii-mediated tumor suppression to enhance colorectal cancer progression
ST003028,AN004965,367,10,Reversed phase POSITIVE ION MODE,Chronic stress dampens Lactobacillus johnsonii-mediated tumor suppression to enhance colorectal cancer progression
ST003029,AN004966,117,12,Reversed phase POSITIVE ION MODE,Estrogen-mediated inhibition of purine metabolism and cell cycle arrest as a novel therapeutic approach in colorectal cancer cells
ST003031,AN004968,69,88,HILIC NEGATIVE ION MODE,Early time-restricted eating improves markers of cardiometabolic health but has no impact on nutrient absorption in healthy adults
ST003032,AN004969,235,416,Reversed phase POSITIVE ION MODE,Effects of Preanalytical Sample Collection and Handling on Comprehensive Metabolite Measurements in Human Urine Biospecimens
ST003032,AN004970,18,416,Reversed phase POSITIVE ION MODE,Effects of Preanalytical Sample Collection and Handling on Comprehensive Metabolite Measurements in Human Urine Biospecimens
ST003032,AN004971,320,416,Reversed phase NEGATIVE ION MODE,Effects of Preanalytical Sample Collection and Handling on Comprehensive Metabolite Measurements in Human Urine Biospecimens
ST003032,AN004972,98,416,HILIC NEGATIVE ION MODE,Effects of Preanalytical Sample Collection and Handling on Comprehensive Metabolite Measurements in Human Urine Biospecimens
ST003033,AN004973,221,14,HILIC POSITIVE ION MODE,OGDH metabolomics upon glucose starvation
ST003033,AN004974,257,14,HILIC NEGATIVE ION MODE,OGDH metabolomics upon glucose starvation
ST003034,AN004975,3,96,Reversed phase NEGATIVE ION MODE,Short chain fatty acid (SCFA) analysis in a bioreactor model system exposed to PFAS and bisphenols.
ST003035,AN004976,168,54,HILIC NEGATIVE ION MODE,Central Transcriptional Regulator Controls Growth and Carbon Storage under High Light Stress in Photosynthetic Microalgae Model Strains
ST003036,AN004977,1167,69,HILIC POSITIVE ION MODE,Identifying and mathematically modeling the time-course of extracellular metabolic markers associated with resistance to ceftolozane/tazobactam in Pseudomonas aeruginosa - Part 2
ST003036,AN004978,619,69,HILIC NEGATIVE ION MODE,Identifying and mathematically modeling the time-course of extracellular metabolic markers associated with resistance to ceftolozane/tazobactam in Pseudomonas aeruginosa - Part 2
ST003038,AN004984,870,20,Reversed phase POSITIVE ION MODE,Untargeted lipidomics of WT and Cyp2c44(-/-) mice liver.
ST003038,AN004985,859,20,Reversed phase NEGATIVE ION MODE,Untargeted lipidomics of WT and Cyp2c44(-/-) mice liver.
ST003039,AN004986,116,349,Reversed phase POSITIVE ION MODE,"A Non-Targeted Metabolomics Comparative Study on Plasma of Pfizer and Sinopharm COVID- 19 Vaccinated individuals, Assessed by (TIMS-QTOF) Mass Spectrometry."
ST003040,AN004987,6188,39,None (Direct infusion) UNSPECIFIED ION MODE,MM.1S Myeloma tumor cells and tumors made by subcutaneously injecting 1M Luc+/GFP+ MM.1S cells treated with 50 μM BMS309403 and Vehicle (PBS with a matched concentration of 5% DMSO)
ST003043,AN004992,3,54,HILIC UNSPECIFIED ION MODE,RETINOIC ACID RECEPTOR alpha ACTIVITY IN PROXIMAL TUBULES PREVENTS KIDNEY INJURY AND FIBROSIS
ST003044,AN004993,226,50,Reversed phase NEGATIVE ION MODE,A High-Fat Eucaloric Diet Induces Reprometabolic Syndrome of Obesity in Normal Weight Women - lipidomics
ST003044,AN004994,1130,50,Reversed phase POSITIVE ION MODE,A High-Fat Eucaloric Diet Induces Reprometabolic Syndrome of Obesity in Normal Weight Women - lipidomics
ST003045,AN004995,131,18,GC POSITIVE ION MODE,Proteomic and metabolomic signatures of rectal tumor discriminate patients with different responses to preoperative radiotherapy
ST003046,AN004996,27,324,Reversed phase NEGATIVE ION MODE,Multi-Omics Plasma Signatures of Severe Injury with Influence of REBOA Intervention in a Swine Model.
ST003046,AN004997,98,324,Reversed phase POSITIVE ION MODE,Multi-Omics Plasma Signatures of Severe Injury with Influence of REBOA Intervention in a Swine Model.
ST003047,AN004998,18,6,GC POSITIVE ION MODE,Defective mitochondria remodelling in B cells leads to an aged immune response
ST003049,AN005000,43,48,Reversed phase NEGATIVE ION MODE,Plasma instead of serum avoids critical confounding of clinical metabolomics studies by platelets
ST003050,AN005001,72,120,Reversed phase NEGATIVE ION MODE,Plasma instead of serum avoids critical confounding of clinical metabolomics studies by platelets (Part 1)
ST003051,AN005002,668,8,Reversed phase POSITIVE ION MODE,Shotgun lipidomics of breast cancer endocrine therapy persisters
ST003051,AN005003,466,8,Reversed phase NEGATIVE ION MODE,Shotgun lipidomics of breast cancer endocrine therapy persisters
ST003053,AN005006,847,30,HILIC POSITIVE ION MODE,Providing insight into the mechanism of action of Cationic Lipidated Oligomers (CLOs) using metabolomics
ST003053,AN005007,730,30,HILIC NEGATIVE ION MODE,Providing insight into the mechanism of action of Cationic Lipidated Oligomers (CLOs) using metabolomics
ST003054,AN005008,22,50,NMR data,Integrated metabolomics and proteomics of symptomatic and early pre-symptomatic states of colitis
ST003055,AN005009,285,36,Reversed phase UNSPECIFIED ION MODE,Lipidomics analysis of the liver of THRB deficient (THRBKO) mice under normal chow conditions
ST003057,AN005012,233,90,Reversed phase POSITIVE ION MODE,Spatiotemporal mapping of lipid disturbance in heart injury - Part 1
ST003058,AN005013,259,29,Reversed phase POSITIVE ION MODE,Spatiotemporal mapping of lipid disturbance in heart injury - Part 2
ST003059,AN005014,129,30,Reversed phase POSITIVE ION MODE,Spatiotemporal mapping of lipid disturbance in heart injury - Part 3
ST003060,AN005015,251,18,Ion pair NEGATIVE ION MODE,Fluxomics of hormone deprivation in ER+ breast cancer cell lines
ST003062,AN005017,9,88,HILIC UNSPECIFIED ION MODE,Identification of Plasma Metabolites and Peptides as Diagnostic Biomarkers for Psoriasis Vulgaris through HILIC-HRMS-Based Metabolomics
ST003063,AN005018,176,13,HILIC POSITIVE ION MODE,Uncoupling Metabolic Health from Thermogenesis via BCAA Nitrogen Flux in Brown Fat - Serum metabolomics from control and MBC UCP1-KO
ST003064,AN005019,21,18,GC POSITIVE ION MODE,Metabolic responses of Amaranthus caudatus roots and leaves to zinc stress
ST003064,AN005020,417,18,GC POSITIVE ION MODE,Metabolic responses of Amaranthus caudatus roots and leaves to zinc stress
ST003065,AN005021,151,1,None (Direct infusion) NEGATIVE ION MODE,Investigative needle core biopsies for multi-omics in Glioblastoma
ST003066,AN005022,330,36,Combined GC/LC UNSPECIFIED ION MODE,Heritability of RBC metabolites: baseline correlation of metabolites and markers of RBC health and stability
ST003069,AN005026,21,72,Reversed phase NEGATIVE ION MODE,Plasma instead of serum avoids critical confounding of clinical metabolomics studies by platelets (Part 3/3 - Plasma and serum metabolomics)
ST003069,AN005027,51,72,Reversed phase POSITIVE ION MODE,Plasma instead of serum avoids critical confounding of clinical metabolomics studies by platelets (Part 3/3 - Plasma and serum metabolomics)
ST003072,AN005030,101,36,HILIC UNSPECIFIED ION MODE,Investigation of polar metabolites by targeted LC-MS analysis from mouse adult or embryonic CSF and from adult serum.
ST003073,AN005031,2,36,Reversed phase POSITIVE ION MODE,"Investigation of 3,5,3’-L-triiodothyronine (T3) and 3,5,3’5’-L-tetraiodothyronine (T4) by targeted LC-MS analysis from mouse adult or embryonic CSF and from adult serum."
ST003076,AN005034,239,63,HILIC UNSPECIFIED ION MODE,Data-dependent and -independent acquisition lipidomics analysis reveals the tissue-dependent effect of metformin on lipid metabolism
ST003077,AN005035,428,74,Reversed phase UNSPECIFIED ION MODE,Data-dependent and -independent acquisition lipidomics analysis reveals the tissue-dependent effect of metformin on lipid metabolism (Adipose tissue measurements)
ST003078,AN005036,47,97,NMR data,Dynamic exometabolomics reveals metabolic adaptations of Staphylococcus epidermidis to pH-mimicking skin and bloodstream
ST003079,AN005037,68,48,HILIC POSITIVE ION MODE,Metabolome changes in embryonic CSF (Part 1)
ST003080,AN005038,238,27,HILIC UNSPECIFIED ION MODE,Metabolome changes in embryonic CSF (Part 2)
ST003081,AN005039,260,22,HILIC UNSPECIFIED ION MODE,Metabolome changes in embryonic CSF (Part 3)
ST003082,AN005040,260,48,HILIC UNSPECIFIED ION MODE,Metabolome changes in embryonic CSF (Part 4)
ST003083,AN005041,260,40,HILIC UNSPECIFIED ION MODE,Metabolome changes in embryonic CSF (Part 5)
ST003084,AN005042,370,10,HILIC POSITIVE ION MODE,Metabolic changes in embryonic CSF (Part 6)
ST003084,AN005043,246,10,HILIC NEGATIVE ION MODE,Metabolic changes in embryonic CSF (Part 6)
ST003085,AN005044,966,11,HILIC POSITIVE ION MODE,Metabolome changes in embryonic CSF (Part 7)
ST003085,AN005045,639,11,HILIC NEGATIVE ION MODE,Metabolome changes in embryonic CSF (Part 7)
ST003086,AN005046,451,14,HILIC POSITIVE ION MODE,Metabolome changes in embryonic CSF (Part 8)
ST003086,AN005047,343,14,HILIC NEGATIVE ION MODE,Metabolome changes in embryonic CSF (Part 8)
ST003087,AN005048,831,9,HILIC POSITIVE ION MODE,Metabolome changes in embryonic CSF (Part 9)
ST003087,AN005049,499,9,HILIC NEGATIVE ION MODE,Metabolome changes in embryonic CSF (Part 9)
ST003088,AN005050,268,41,HILIC POSITIVE ION MODE,Metabolome changes in embryonic CSF (Part 10)
ST003088,AN005051,209,41,HILIC NEGATIVE ION MODE,Metabolome changes in embryonic CSF (Part 10)
ST003089,AN005052,421,10,HILIC POSITIVE ION MODE,Metabolome changes in embryonic CSF (Part 11)
ST003089,AN005053,262,10,HILIC NEGATIVE ION MODE,Metabolome changes in embryonic CSF (Part 11)
ST003090,AN005054,993,9,Reversed phase POSITIVE ION MODE,"Analysis of lipid profiles of N2A-Pz1-KO cells expressing tdTOMATO-vector (mock), TMEM120A, or TMEM120B"
ST003090,AN005055,224,9,Reversed phase NEGATIVE ION MODE,"Analysis of lipid profiles of N2A-Pz1-KO cells expressing tdTOMATO-vector (mock), TMEM120A, or TMEM120B"
ST003095,AN005066,5,10,LC POSITIVE ION MODE,Lactiplantibacillus plantarum intervention on serum choline derivatives of gestational fecal microbiome transplant germ-free mice
ST003096,AN005067,7,10,GC UNSPECIFIED ION MODE,Lactiplantibacillus plantarum intervention on cecum short-chain fatty acids of gestational fecal microbiome transplant germ-free mice
ST003097,AN005068,29,10,LC NEGATIVE ION MODE,Lactiplantibacillus plantarum intervention on cecum bile acids of gestational fecal microbiome transplant germ-free mice
ST003098,AN005069,30,10,LC POSITIVE ION MODE,Lactiplantibacillus plantarum intervention on cecum tryptophans of gestational fecal microbiome transplant germ-free mice
ST003099,AN005070,7,50,GC UNSPECIFIED ION MODE,Lactiplantibacillus plantarum intervention on fecal short-chain fatty acids of gestational fecal microbiome transplant germ-free mice
ST003100,AN005071,33,50,LC NEGATIVE ION MODE,Lactiplantibacillus plantarum intervention on fecal bile acids of gestational fecal microbiome transplant germ-free mice
ST003101,AN005072,100,40,Reversed phase POSITIVE ION MODE,"Parallel pheromonal, metabolite, and lipid analyses reveal patterns associated with early life transitions and ovary activation in honey bee (Apis mellifera) queens"
ST003101,AN005073,138,40,Reversed phase NEGATIVE ION MODE,"Parallel pheromonal, metabolite, and lipid analyses reveal patterns associated with early life transitions and ovary activation in honey bee (Apis mellifera) queens"
ST003101,AN005074,112,40,Reversed phase POSITIVE ION MODE,"Parallel pheromonal, metabolite, and lipid analyses reveal patterns associated with early life transitions and ovary activation in honey bee (Apis mellifera) queens"
ST003101,AN005075,146,40,Reversed phase NEGATIVE ION MODE,"Parallel pheromonal, metabolite, and lipid analyses reveal patterns associated with early life transitions and ovary activation in honey bee (Apis mellifera) queens"
ST003102,AN005076,147,12,HILIC UNSPECIFIED ION MODE,Cellular adaptation to cancer therapy occurs by progressive state transitions along a resistance continuum
ST003103,AN005077,422,92,Reversed phase POSITIVE ION MODE,Reinforcing the Evidence of Mitochondrial Dysfunction in Long COVID Patients using a Multiplatform Mass Spectrometry-based Metabolomics Approach
ST003103,AN005078,107,92,Reversed phase NEGATIVE ION MODE,Reinforcing the Evidence of Mitochondrial Dysfunction in Long COVID Patients using a Multiplatform Mass Spectrometry-based Metabolomics Approach
ST003103,AN005079,76,92,GC UNSPECIFIED ION MODE,Reinforcing the Evidence of Mitochondrial Dysfunction in Long COVID Patients using a Multiplatform Mass Spectrometry-based Metabolomics Approach
ST003103,AN005080,,92,CE POSITIVE ION MODE,Reinforcing the Evidence of Mitochondrial Dysfunction in Long COVID Patients using a Multiplatform Mass Spectrometry-based Metabolomics Approach
ST003103,AN005081,,92,CE NEGATIVE ION MODE,Reinforcing the Evidence of Mitochondrial Dysfunction in Long COVID Patients using a Multiplatform Mass Spectrometry-based Metabolomics Approach
ST003104,AN005082,80,25,HILIC POSITIVE ION MODE,Metabolomics studies on human cardiac samples
ST003104,AN005083,76,25,HILIC NEGATIVE ION MODE,Metabolomics studies on human cardiac samples
ST003105,AN005084,49,32,NMR data,Activation of GFRAL+ Neurons Induces Hypothermia and Glucoregulatory Responses Associated with Nausea and Torpor
ST003106,AN005085,9,6,HILIC UNSPECIFIED ION MODE,13C-palmitate labeling experiment in ICC13-7 treated with DMSO or Infigratinib
ST003107,AN005086,105,6,HILIC UNSPECIFIED ION MODE,Characterization of metabolic changes upon FGFR inhibition in ICC13-7 Xenograft
ST003108,AN005087,80,72,Reversed phase POSITIVE ION MODE,Complete absence of GLUT1 does not impair human terminal erythroid differentiation
ST003108,AN005088,48,72,Reversed phase NEGATIVE ION MODE,Complete absence of GLUT1 does not impair human terminal erythroid differentiation
ST003108,AN005089,408,72,Reversed phase POSITIVE ION MODE,Complete absence of GLUT1 does not impair human terminal erythroid differentiation
ST003108,AN005090,201,72,Reversed phase NEGATIVE ION MODE,Complete absence of GLUT1 does not impair human terminal erythroid differentiation
ST003111,AN005094,141,18,Reversed phase POSITIVE ION MODE,"Inhibition of Asparagine Synthetase Effectively Retards Polycystic Kidney Disease Progression, investigated with targeted metabolomics in Tam-Cre;Pkd1ΔC/flox mouse model kidneys."
ST003111,AN005095,120,18,Reversed phase NEGATIVE ION MODE,"Inhibition of Asparagine Synthetase Effectively Retards Polycystic Kidney Disease Progression, investigated with targeted metabolomics in Tam-Cre;Pkd1ΔC/flox mouse model kidneys."
ST003113,AN005098,204,10,HILIC POSITIVE ION MODE,"Inhibition of Asparagine Synthetase Effectively Retards Polycystic Kidney Disease Progression, investigated with targeted tracing metabolomics analysis in MEF cells using 15N2-glutamine."
ST003113,AN005099,204,10,HILIC NEGATIVE ION MODE,"Inhibition of Asparagine Synthetase Effectively Retards Polycystic Kidney Disease Progression, investigated with targeted tracing metabolomics analysis in MEF cells using 15N2-glutamine."
ST003113,AN005100,16,36,Reversed phase POSITIVE ION MODE,"Inhibition of Asparagine Synthetase Effectively Retards Polycystic Kidney Disease Progression, investigated with targeted tracing metabolomics analysis in MEF cells using 15N2-glutamine."
ST003113,AN005101,8,36,Reversed phase NEGATIVE ION MODE,"Inhibition of Asparagine Synthetase Effectively Retards Polycystic Kidney Disease Progression, investigated with targeted tracing metabolomics analysis in MEF cells using 15N2-glutamine."
ST003114,AN005102,178,40,None (Direct infusion) POSITIVE ION MODE,"Lipidomics analyses in model membranes, isolated mitochondria and cellular systems to study how the local lipid environment affects BAX and BAK function during apoptosis."
ST003114,AN005103,26,40,Normal phase POSITIVE ION MODE,"Lipidomics analyses in model membranes, isolated mitochondria and cellular systems to study how the local lipid environment affects BAX and BAK function during apoptosis."
ST003114,AN005104,4,40,Reversed phase POSITIVE ION MODE,"Lipidomics analyses in model membranes, isolated mitochondria and cellular systems to study how the local lipid environment affects BAX and BAK function during apoptosis."
ST003114,AN005105,16,40,Reversed phase NEGATIVE ION MODE,"Lipidomics analyses in model membranes, isolated mitochondria and cellular systems to study how the local lipid environment affects BAX and BAK function during apoptosis."
ST003112,AN005111,205,20,HILIC UNSPECIFIED ION MODE,Glucose Hypometabolism Prompts RAN Translation and Exacerbates C9orf72-related ALS/FTD Phenotypes
ST003118,AN005112,204,10,HILIC UNSPECIFIED ION MODE,Glucose Hypometabolism Prompts RAN Translation and Exacerbates C9orf72-related ALS/FTD Phenotypes - Study 2
ST003121,AN005115,90,6,Reversed phase NEGATIVE ION MODE,Metabolomic profiling of ALG13-CDG brain organoids
ST003122,AN005116,37,22,NMR data,Characterizing Metabolic Profiles in Human Hypophysis Tissue According to Hormone Secretion Patterns through NMR Metabolomics
ST003123,AN005117,189,23,HILIC NEGATIVE ION MODE,OMM1.3 uveal melanoma cells fed with [U-13C6] glucose and treated with Fasnall for 4 h
ST003123,AN005118,206,23,HILIC POSITIVE ION MODE,OMM1.3 uveal melanoma cells fed with [U-13C6] glucose and treated with Fasnall for 4 h
ST003125,AN005123,634,107,Reversed phase POSITIVE ION MODE,Pulmonary maternal immune activation does not extend through the placenta but leads to fetal metabolic adaptation - Fetal liver
ST003125,AN005124,477,107,Reversed phase NEGATIVE ION MODE,Pulmonary maternal immune activation does not extend through the placenta but leads to fetal metabolic adaptation - Fetal liver
ST003126,AN005125,568,40,HILIC UNSPECIFIED ION MODE,Effect of high fat diet on heart metabolome of CHCHD10 mutant mice
ST003127,AN005126,270,40,Reversed phase POSITIVE ION MODE,Effect of High Fat Diet on Heart Lipidome in CHCHD10 Mutant Mice
ST003127,AN005127,37,40,Reversed phase NEGATIVE ION MODE,Effect of High Fat Diet on Heart Lipidome in CHCHD10 Mutant Mice
ST003128,AN005128,636,72,HILIC UNSPECIFIED ION MODE,Effect of high fat diet on serum lipidome and metabolome in CHCHD10 Mutant Mice
ST003128,AN005129,40,72,Reversed phase NEGATIVE ION MODE,Effect of high fat diet on serum lipidome and metabolome in CHCHD10 Mutant Mice
ST003128,AN005130,211,72,Reversed phase POSITIVE ION MODE,Effect of high fat diet on serum lipidome and metabolome in CHCHD10 Mutant Mice
ST003129,AN005131,1170,72,Reversed phase POSITIVE ION MODE,Pulmonary maternal immune activation does not extend through the placenta but leads to fetal metabolic adaptation - Maternal liver
ST003129,AN005132,627,72,Reversed phase NEGATIVE ION MODE,Pulmonary maternal immune activation does not extend through the placenta but leads to fetal metabolic adaptation - Maternal liver
ST003130,AN005133,1015,65,Reversed phase POSITIVE ION MODE,Pulmonary maternal immune activation does not extend through the placenta but leads to fetal metabolic adaptation - Maternal blood
ST003130,AN005134,681,65,Reversed phase NEGATIVE ION MODE,Pulmonary maternal immune activation does not extend through the placenta but leads to fetal metabolic adaptation - Maternal blood
ST003131,AN005135,263,63,Reversed phase POSITIVE ION MODE,Untargeted Metabolomics on mouse caecal contents
ST003131,AN005136,153,63,Reversed phase POSITIVE ION MODE,Untargeted Metabolomics on mouse caecal contents
ST003131,AN005137,361,63,Reversed phase NEGATIVE ION MODE,Untargeted Metabolomics on mouse caecal contents
ST003131,AN005138,112,63,HILIC NEGATIVE ION MODE,Untargeted Metabolomics on mouse caecal contents
ST003132,AN005139,255,63,Reversed phase POSITIVE ION MODE,Untargeted Metabolomics on Mouse colonic mucosa
ST003132,AN005140,140,63,Reversed phase POSITIVE ION MODE,Untargeted Metabolomics on Mouse colonic mucosa
ST003132,AN005141,370,63,Reversed phase NEGATIVE ION MODE,Untargeted Metabolomics on Mouse colonic mucosa
ST003132,AN005142,95,63,HILIC NEGATIVE ION MODE,Untargeted Metabolomics on Mouse colonic mucosa
ST003136,AN005149,159,98,HILIC UNSPECIFIED ION MODE,Circulating N-lactoyl-amino acids and N-formyl-methionine reflect mitochondrial dysfunction and predict mortality in septic shock
ST003137,AN005150,109,599,Reversed phase NEGATIVE ION MODE,"Lipid class-specific kinetics of plasma fatty acids, oxylipins, endocannabinoids, lysophospholipids and bile acids upon a lipopolysaccharide challenge of healthy humans and their modulation by anti-oxidative supplements (Part 1/2 - negative mode)"
ST003138,AN005151,9,299,Reversed phase POSITIVE ION MODE,"Lipid class-specific kinetics of plasma fatty acids, oxylipins, endocannabinoids, lysophospholipids and bile acids upon a lipopolysaccharide challenge of healthy humans and their modulation by anti-oxidative supplements (Part 2/2 - positive mode)"
ST003143,AN005157,384,59,Reversed phase POSITIVE ION MODE,Mitochondrial complex I promotes kidney cancer metastasis
ST003143,AN005158,384,59,Reversed phase NEGATIVE ION MODE,Mitochondrial complex I promotes kidney cancer metastasis
ST003144,AN005159,503,4,HILIC POSITIVE ION MODE,"On-target, dual aminopeptidase inhibition provides cross-species antimalarial activity"
ST003144,AN005160,351,4,HILIC NEGATIVE ION MODE,"On-target, dual aminopeptidase inhibition provides cross-species antimalarial activity"
ST003145,AN005161,227,25,HILIC UNSPECIFIED ION MODE,Muscle-type specific stress responses explain the onset of external ophthalmoplegia in mitochondrial disease
ST003146,AN005162,88,24,Reversed phase POSITIVE ION MODE,Exploring The Impact of Two Novel DNA Minor Groove Binders on HCT-116 Cells: A Comprehensive Multi-Omics Analysis Using Mass Spectrometry
ST003147,AN005163,101,13,HILIC NEGATIVE ION MODE,BT-474 cells fed with [13C2] acetate and treated with 1 uM Fasnall or 1 uM GSK2194069 for 24 h
ST003147,AN005164,134,13,HILIC POSITIVE ION MODE,BT-474 cells fed with [13C2] acetate and treated with 1 uM Fasnall or 1 uM GSK2194069 for 24 h
ST003148,AN005165,307,22,HILIC NEGATIVE ION MODE,BT-474 cells fed with [U-13C6] D-glucose or [U-13C5] L-glutamine and treated with Fasnall and GSK2194069 for 24 h
ST003148,AN005166,277,22,HILIC POSITIVE ION MODE,BT-474 cells fed with [U-13C6] D-glucose or [U-13C5] L-glutamine and treated with Fasnall and GSK2194069 for 24 h
ST003149,AN005167,20,142,NMR data,Impact of early-life exposure to a potent aryl hydrocarbon receptor ligand on gut microbiota and host glucose homeostasis in C57BL/6J male mice (Part I)
ST003150,AN005168,13,36,GC POSITIVE ION MODE,Impact of early-life exposure to a potent aryl hydrocarbon receptor ligand on gut microbiota and host glucose homeostasis in C57BL/6J male mice (Part II)
ST003151,AN005169,80,27,Reversed phase NEGATIVE ION MODE,BT474 breast cancer cell line grown in 20% D2O-containing RPMI-1640 medium treated with Fasnall and GSK2194069
ST003151,AN005170,45,27,Reversed phase POSITIVE ION MODE,BT474 breast cancer cell line grown in 20% D2O-containing RPMI-1640 medium treated with Fasnall and GSK2194069
ST003152,AN005171,65,19,HILIC NEGATIVE ION MODE,Metabolomics analysis of murine xenograft tumors derived from human breast cancer cell line MCF7 1 h after isotopic glucose bolus
ST003152,AN005172,69,19,HILIC POSITIVE ION MODE,Metabolomics analysis of murine xenograft tumors derived from human breast cancer cell line MCF7 1 h after isotopic glucose bolus
ST003154,AN005174,6,71,Reversed phase NEGATIVE ION MODE,Nucleotide metabolism of tumor interstitial fluid in one murine model of pancreatic cancer
ST003154,AN005175,2,71,GC POSITIVE ION MODE,Nucleotide metabolism of tumor interstitial fluid in one murine model of pancreatic cancer
ST003156,AN005178,91,57,HILIC UNSPECIFIED ION MODE,Diet modulates the protective effects of dimethyl fumarate mediated by the immunometabolic neutrophil receptor HCA2 - Metabolomics
ST003157,AN005179,656,56,Reversed phase UNSPECIFIED ION MODE,Diet modulates the protective effects of dimethyl fumarate mediated by the immunometabolic neutrophil receptor HCA2 - Lipidomics
ST002871,AN005183,24,246,GC POSITIVE ION MODE,Role of environmental toxicants in obesity-related cardiovascular disease- Part 2 GC-MS analysis of plasma
ST003160,AN005184,341,20,HILIC POSITIVE ION MODE,New class of heterospirocyclic compounds present strong and rapid activity against artemisinin- and multidrug-resistant P. falciparum parasites
ST003160,AN005185,401,20,HILIC NEGATIVE ION MODE,New class of heterospirocyclic compounds present strong and rapid activity against artemisinin- and multidrug-resistant P. falciparum parasites
ST003161,AN005186,405,37,HILIC UNSPECIFIED ION MODE,Diet-omics in the Study of Urban and Rural Crohn disease Evolution (SOURCE) cohort
ST003162,AN005187,51,40,HILIC NEGATIVE ION MODE,Loss of dihydroceramide desaturase drives neurodegeneration by disrupting endoplasmic reticulum and lipid droplet homeostasis in glial cells
ST003162,AN005188,75,40,HILIC NEGATIVE ION MODE,Loss of dihydroceramide desaturase drives neurodegeneration by disrupting endoplasmic reticulum and lipid droplet homeostasis in glial cells
ST003162,AN005189,55,40,Reversed phase POSITIVE ION MODE,Loss of dihydroceramide desaturase drives neurodegeneration by disrupting endoplasmic reticulum and lipid droplet homeostasis in glial cells
ST003162,AN005190,59,40,Reversed phase POSITIVE ION MODE,Loss of dihydroceramide desaturase drives neurodegeneration by disrupting endoplasmic reticulum and lipid droplet homeostasis in glial cells
ST003165,AN005193,4,11,None (Direct infusion) POSITIVE ION MODE,Spatial Lipidomics Maps Brain Alterations Associated with Mild Traumatic Brain Injury.
ST003166,AN005194,31,8,Reversed phase NEGATIVE ION MODE,Metabolomics of Murine WT or MCJ KO CD19-BBz CD8 CAR-T cells
ST003166,AN005195,93,8,Reversed phase POSITIVE ION MODE,Metabolomics of Murine WT or MCJ KO CD19-BBz CD8 CAR-T cells
ST003167,AN005196,27,6,Reversed phase NEGATIVE ION MODE,Metabolomics of Human CD19-BBz CD8 CAR-T cells with low and high MCJ expression
ST003167,AN005197,66,6,Reversed phase POSITIVE ION MODE,Metabolomics of Human CD19-BBz CD8 CAR-T cells with low and high MCJ expression
ST003168,AN005198,208,23,Reversed phase POSITIVE ION MODE,Lipidomic analysis of cryopreserved human cardiac tissue from young and ageing adults
ST003168,AN005199,133,23,Reversed phase NEGATIVE ION MODE,Lipidomic analysis of cryopreserved human cardiac tissue from young and ageing adults
ST003169,AN005200,44,6,Reversed phase NEGATIVE ION MODE,Metabolomics of infused Murine WT or MCJ KO CD19-BBz CD8 CAR-T cells from Leukemia-bearing Mice
ST003169,AN005201,59,6,Reversed phase POSITIVE ION MODE,Metabolomics of infused Murine WT or MCJ KO CD19-BBz CD8 CAR-T cells from Leukemia-bearing Mice
ST003170,AN005202,55,6,Reversed phase NEGATIVE ION MODE,Metabolomics of Murine WT or MCJ KO CD19-BBz CD8 CAR-T cells rest in medium
ST003170,AN005203,62,6,Reversed phase POSITIVE ION MODE,Metabolomics of Murine WT or MCJ KO CD19-BBz CD8 CAR-T cells rest in medium
ST003172,AN005206,1126,48,Reversed phase UNSPECIFIED ION MODE,Untargeted Metabolomic Profile Of Chili Pepper (Capsicum Chinensed) Developmental Cycle
ST003173,AN005207,11,39,Reversed phase POSITIVE ION MODE,Assessment and partial characterization of candidate genes in dihydrochalcone and arbutin biosynthesis in an apple-pear hybrid by de novo transcriptome assembly
ST003173,AN005208,19,39,Reversed phase NEGATIVE ION MODE,Assessment and partial characterization of candidate genes in dihydrochalcone and arbutin biosynthesis in an apple-pear hybrid by de novo transcriptome assembly
ST003174,AN005209,5,12,HILIC POSITIVE ION MODE,O-GlcNAcase activity maintains stress granules for proximity-enhanced ATP production to ensure recovery from stress (Part 3)
ST003174,AN005210,77,12,HILIC NEGATIVE ION MODE,O-GlcNAcase activity maintains stress granules for proximity-enhanced ATP production to ensure recovery from stress (Part 3)
ST003175,AN005211,195,8,Reversed phase POSITIVE ION MODE,Inactivation of mitochondrial MUL1 E3 ubiquitin ligase inhibits lipogenesis and prevents diet-induced obesity in mice
ST003175,AN005212,214,8,Reversed phase NEGATIVE ION MODE,Inactivation of mitochondrial MUL1 E3 ubiquitin ligase inhibits lipogenesis and prevents diet-induced obesity in mice
ST003177,AN005215,102,2492,HILIC POSITIVE ION MODE,"A Longitudinal Study in Rheumatoid Arthritis Unveils Metabolomic Biomarkers Preceding Clinical Onset, Assessing Disease Severity, and Anticipating Treatment Response to csDMARDs"
ST003177,AN005216,120,2492,HILIC NEGATIVE ION MODE,"A Longitudinal Study in Rheumatoid Arthritis Unveils Metabolomic Biomarkers Preceding Clinical Onset, Assessing Disease Severity, and Anticipating Treatment Response to csDMARDs"
ST003178,AN005217,195,38,Reversed phase POSITIVE ION MODE,Post-Infectious MECFS at the NIH
ST003178,AN005218,36,38,Reversed phase POSITIVE ION MODE,Post-Infectious MECFS at the NIH
ST003178,AN005219,131,38,Reversed phase NEGATIVE ION MODE,Post-Infectious MECFS at the NIH
ST003178,AN005220,83,38,HILIC NEGATIVE ION MODE,Post-Infectious MECFS at the NIH
ST003179,AN005221,868,13,HILIC POSITIVE ION MODE,Property and Activity Refinement of Dihydroquinazolinone-3-carboxamides as Orally Efficacious Antimalarials that Target PfATP4
ST003179,AN005222,718,13,HILIC NEGATIVE ION MODE,Property and Activity Refinement of Dihydroquinazolinone-3-carboxamides as Orally Efficacious Antimalarials that Target PfATP4
ST003181,AN005225,121,401,Reversed phase UNSPECIFIED ION MODE,Depression symptoms modifies differently plasma metabolites in pre- and post-menopausal women
ST003182,AN005226,86,15,HILIC UNSPECIFIED ION MODE,METTL3-mediated chromatin contacts promote stress granule phase separation through metabolic reprogramming during senescence
ST003183,AN005227,34,39,Reversed phase NEGATIVE ION MODE,Campylobacter infection of young children in Colombia and its impact on the gastrointestinal metabolome
ST003184,AN005228,279,20,Reversed phase NEGATIVE ION MODE,A multimodal drug-diet-immunotherapy combination restrains melanoma progression and metastasis - tumor lipidomics
ST003184,AN005229,618,20,Reversed phase POSITIVE ION MODE,A multimodal drug-diet-immunotherapy combination restrains melanoma progression and metastasis - tumor lipidomics
ST003184,AN005230,9,20,Reversed phase NEGATIVE ION MODE,A multimodal drug-diet-immunotherapy combination restrains melanoma progression and metastasis - tumor lipidomics
ST003185,AN005231,115,24,Reversed phase NEGATIVE ION MODE,A multimodal drug-diet-immunotherapy combination restrains melanoma progression and metastasis - plasma lipidomics
ST003185,AN005232,413,24,Reversed phase POSITIVE ION MODE,A multimodal drug-diet-immunotherapy combination restrains melanoma progression and metastasis - plasma lipidomics
ST003185,AN005233,9,24,Reversed phase NEGATIVE ION MODE,A multimodal drug-diet-immunotherapy combination restrains melanoma progression and metastasis - plasma lipidomics
ST003188,AN005236,190,903,Reversed phase NEGATIVE ION MODE,A metabolic atlas of mouse aging
ST003190,AN005238,6,24,HILIC POSITIVE ION MODE,A clade of receptor-like cytoplasmic kinases and 14-3-3 proteins coordinate the inositol hexaphosphate accumulation
ST003191,AN005239,1,12,Reversed phase NEGATIVE ION MODE,"Fructose 1,6-bisphosphate quantification in HepG2 liver cancer cell line."
ST003192,AN005240,8,9,HILIC NEGATIVE ION MODE,Aspartate tracing in Wildtype and UQCRC2 Knockout 143B Cells
ST003193,AN005241,135,26,HILIC UNSPECIFIED ION MODE,Metabolomics study on frozen tissue derived from the tumor and adjacent non-malignant liver tissue (NML) of patient afflicted with fibrolamellar carinoma (FLC)
ST003194,AN005242,111,16,Reversed phase POSITIVE ION MODE,Multi-Omics Analysis Revealed Significant Metabolic Changes in Brain Cancer Cells Treated with Paclitaxel and/or Topotecan
ST003199,AN005249,272,6,HILIC UNSPECIFIED ION MODE,Metabolite profiling in the liver from fasted eIF4ES209A (S209A) mice compared to fasted wild type (WT) mice
ST003200,AN005250,12,504,None (Direct infusion) POSITIVE ION MODE,A study of 9 common breath VOCs in 504 healthy subjects using PTR-TOF-MS
ST003201,AN005251,152,44,Reversed phase POSITIVE ION MODE,Molecular signatures of xenograft colon cancer models treated with topotecan: A Mass Spectrometry-Based Study
ST003202,AN005252,62,29,NMR data,"Integrated multi-omics unveil the impact of the phosphinic compounds, desmethylphosphinothricin and its keto-analogue, on Escherichia coli metabolism"
ST003203,AN005253,52,78,Reversed phase POSITIVE ION MODE,Metabolomic investigation of tear fluid biomarkers obtained from participants enrolled in the BiZiFED nutrition study
ST003203,AN005254,14,78,Reversed phase NEGATIVE ION MODE,Metabolomic investigation of tear fluid biomarkers obtained from participants enrolled in the BiZiFED nutrition study
ST003204,AN005255,126,24,HILIC POSITIVE ION MODE,Glutamine Tracing Assay on Caki1 WT and 769P WT versus Caki1 RquA and 769P RquA
ST003204,AN005256,244,24,HILIC NEGATIVE ION MODE,Glutamine Tracing Assay on Caki1 WT and 769P WT versus Caki1 RquA and 769P RquA
ST003206,AN005258,86,828,GC POSITIVE ION MODE,"Dynamics of Gut Metabolome and Microbiome Maturation during Early Life - untargeted GC, LECO tof MS"
ST003207,AN005259,6,828,GC POSITIVE ION MODE,Dynamics of Gut Metabolome and Microbiome Maturation during Early Life - Short chain fatty acid (SCFA) data (targeted GC)
ST003208,AN005260,18,828,Reversed phase NEGATIVE ION MODE,Dynamics of Gut Metabolome and Microbiome Maturation during Early Life - Bile acid data (targeted LCMS)
ST003211,AN005266,157,85,GC POSITIVE ION MODE,Fetal growth delay caused by loss of non-canonical imprinting is resolved late in pregnancy and culminates in offspring overgrowth
ST003213,AN005269,1215,6,Reversed phase UNSPECIFIED ION MODE,The central role of creatine and polyamines in fetal growth restriction
ST003214,AN005270,146,21,HILIC POSITIVE ION MODE,Glutamine Tracing Assay in RquA AAV Injected Mice with a Standard Curve
ST003214,AN005271,225,21,HILIC NEGATIVE ION MODE,Glutamine Tracing Assay in RquA AAV Injected Mice with a Standard Curve
ST003215,AN005272,38,40,Reversed phase POSITIVE ION MODE,Protein restriction slows the development and progression of Alzheimer's disease in mice
ST003216,AN005273,88,28,HILIC POSITIVE ION MODE,Balancing brain metabolic states during sickness and recovery sleep
ST003216,AN005274,64,28,HILIC NEGATIVE ION MODE,Balancing brain metabolic states during sickness and recovery sleep
ST003218,AN005276,2,18,HILIC POSITIVE ION MODE,Glutamine Tracing Assay in WT and SDHB KO 143B cells Treated with HKJS003
ST003218,AN005277,16,18,HILIC NEGATIVE ION MODE,Glutamine Tracing Assay in WT and SDHB KO 143B cells Treated with HKJS003
ST003220,AN005280,527,60,Reversed phase POSITIVE ION MODE,"Obesity, sex, and depot drive distinct lipid profiles in murine white adipose tissue"
ST003220,AN005281,147,60,Reversed phase NEGATIVE ION MODE,"Obesity, sex, and depot drive distinct lipid profiles in murine white adipose tissue"
ST003221,AN005282,25,21,NMR data,"Untargeted NMR-lipidomic study in R7, R7sgRON, R7shDEK cells"
ST003222,AN005283,1584,48,Reversed phase UNSPECIFIED ION MODE,A small molecule macrophage migration inhibitory factor agonist ameliorates age-related myocardial intolerance to ischemia-reperfusion insults via metabolic regulation - Part 1
ST003224,AN005286,195,15,Reversed phase NEGATIVE ION MODE,The Ataxia-Telangiectasia Mutated Kinase Inhibitor AZD0156 is a Potent Inhibitor of Plasmodium Phosphatidylinositol 4-Kinase and is an Attractive Candidate for Repositioning Against Malaria
ST003225,AN005287,1014,6,Reversed phase POSITIVE ION MODE,Lipidomic analysis of Axon Regeneration in Xenopus laevis Chiasm
ST003225,AN005288,247,6,Reversed phase NEGATIVE ION MODE,Lipidomic analysis of Axon Regeneration in Xenopus laevis Chiasm
ST003226,AN005289,1948,14,Reversed phase POSITIVE ION MODE,Lipidomic analysis of Axon Regeneration in Xenopus laevis Retina
ST003226,AN005290,437,14,Reversed phase NEGATIVE ION MODE,Lipidomic analysis of Axon Regeneration in Xenopus laevis Retina
ST003238,AN005303,632,8,Reversed phase POSITIVE ION MODE,Lipidomic analysis of serum from Gclc WT and whole-body Gclc KO mice.
ST003238,AN005304,313,8,Reversed phase NEGATIVE ION MODE,Lipidomic analysis of serum from Gclc WT and whole-body Gclc KO mice.
ST003239,AN005305,678,7,Reversed phase POSITIVE ION MODE,Lipidomic analysis of adipose from Gclc WT and whole-body Gclc KO mice.
ST003239,AN005306,497,7,Reversed phase NEGATIVE ION MODE,Lipidomic analysis of adipose from Gclc WT and whole-body Gclc KO mice.
ST003240,AN005307,586,8,Reversed phase POSITIVE ION MODE,Lipidomic analysis of liver from Gclc WT and whole-body Gclc KO mice.
ST003240,AN005308,232,8,Reversed phase NEGATIVE ION MODE,Lipidomic analysis of liver from Gclc WT and whole-body Gclc KO mice.
ST003241,AN005309,1665,8,Reversed phase POSITIVE ION MODE,Lipidomic analysis of lung from Gclc WT and whole-body Gclc KO mice.
ST003241,AN005310,647,8,Reversed phase NEGATIVE ION MODE,Lipidomic analysis of lung from Gclc WT and whole-body Gclc KO mice.
ST003242,AN005311,1349,8,Reversed phase POSITIVE ION MODE,Lipidomic analysis of kidney from Gclc WT and whole-body Gclc KO mice.
ST003242,AN005312,435,8,Reversed phase NEGATIVE ION MODE,Lipidomic analysis of kidney from Gclc WT and whole-body Gclc KO mice.
ST003243,AN005313,370,18,Reversed phase POSITIVE ION MODE,"Lipidomic analysis of serum from WT, liver-specific Gclc KO, liver-specific Nrf2 KO, and liver-specific Gclc-Nrf2 DKO mice."
ST003244,AN005314,25,27,Reversed phase NEGATIVE ION MODE,Suppression of prostaglandin I2–type I interferon axis induces extramedullary hematopoiesis to promote cardiac repair after myocardial infarction
ST003245,AN005315,140,48,Reversed phase NEGATIVE ION MODE,Exploration of Zeb1-dependent changes in the lipidome of MDA-MB-231 cells
ST003246,AN005316,285,10,Reversed phase POSITIVE ION MODE,Effects of mitoregulin loss on cardiac and mitochondrial lipids in aged male mice
ST003246,AN005317,220,10,Reversed phase NEGATIVE ION MODE,Effects of mitoregulin loss on cardiac and mitochondrial lipids in aged male mice
ST003247,AN005318,192,10,Reversed phase POSITIVE ION MODE,Effects of mitoregulin loss in aged female mice
ST003247,AN005319,79,10,Reversed phase NEGATIVE ION MODE,Effects of mitoregulin loss in aged female mice
ST003248,AN005320,285,12,Reversed phase POSITIVE ION MODE,Effects of acute mitoregulin loss on cardiac mitochondrial lipids in mice
ST003248,AN005321,253,12,Reversed phase NEGATIVE ION MODE,Effects of acute mitoregulin loss on cardiac mitochondrial lipids in mice
ST003249,AN005322,294,15,HILIC UNSPECIFIED ION MODE,Mitochondrial respiration impairment in microglia dampens response to demyelinating injury but is not sufficient to induce an aging phenotype
ST003250,AN005323,967,13,Reversed phase POSITIVE ION MODE,Lipidomic analysis of Axon Regeneration in Xenopus laevis Tectum
ST003250,AN005324,631,13,Reversed phase NEGATIVE ION MODE,Lipidomic analysis of Axon Regeneration in Xenopus laevis Tectum
ST003251,AN005325,108,34,None (Direct infusion) POSITIVE ION MODE,Temperature change elicits lipidome adaptation in the simple organisms Mycoplasma mycoides and JCVI-syn3B
ST003251,AN005326,493,34,None (Direct infusion) NEGATIVE ION MODE,Temperature change elicits lipidome adaptation in the simple organisms Mycoplasma mycoides and JCVI-syn3B
ST003252,AN005327,101,35,Reversed phase POSITIVE ION MODE,Metabolomics studies on mouse cardiac samples on a Western diet
ST003252,AN005328,109,35,HILIC NEGATIVE ION MODE,Metabolomics studies on mouse cardiac samples on a Western diet
ST003252,AN005329,64,35,HILIC NEGATIVE ION MODE,Metabolomics studies on mouse cardiac samples on a Western diet
ST003253,AN005330,101,31,Reversed phase POSITIVE ION MODE,Metabolomics studies on mouse liver samples on a Western diet
ST003253,AN005331,109,31,HILIC NEGATIVE ION MODE,Metabolomics studies on mouse liver samples on a Western diet
ST003253,AN005332,64,31,HILIC NEGATIVE ION MODE,Metabolomics studies on mouse liver samples on a Western diet
ST003254,AN005333,233,36,Reversed phase POSITIVE ION MODE,The impact of grass- and grain-finishing on metabolomic profiles of North American Black Angus Beef cattle.
ST003254,AN005334,53,36,Reversed phase POSITIVE ION MODE,The impact of grass- and grain-finishing on metabolomic profiles of North American Black Angus Beef cattle.
ST003254,AN005335,168,36,Reversed phase NEGATIVE ION MODE,The impact of grass- and grain-finishing on metabolomic profiles of North American Black Angus Beef cattle.
ST003254,AN005336,97,36,HILIC NEGATIVE ION MODE,The impact of grass- and grain-finishing on metabolomic profiles of North American Black Angus Beef cattle.
ST003255,AN005337,188,286,Reversed phase POSITIVE ION MODE,Metabolomics study to identify cause-specific biomarkers for Chronic Kidney Disease occurrence and progression in the Korean population
ST003256,AN005338,38,69,Reversed phase NEGATIVE ION MODE,Exploration of Zeb1-dependent changes in the redox-lipidome of MDA-MB-231 cells
ST003258,AN005340,19,12,Reversed phase NEGATIVE ION MODE,Rev-erb's Role in Muscle Metabolism: Mass Spectrometry Analysis in WT and Rev-erb skeletal muscle specific knockout Mice
ST003258,AN005341,32,12,Reversed phase POSITIVE ION MODE,Rev-erb's Role in Muscle Metabolism: Mass Spectrometry Analysis in WT and Rev-erb skeletal muscle specific knockout Mice
ST003257,AN005342,149,27,Reversed phase NEGATIVE ION MODE,Exploration of EMT-dependent changes in the lipidome of KPC cells
ST003259,AN005343,39,6,Reversed phase NEGATIVE ION MODE,Exploration of EMT-dependent changes of phosphatidylethanolamine profiles in KPC allografts
ST003260,AN005344,78,72,Reversed phase NEGATIVE ION MODE,"Exploration of RSL3-induced and Chlorido[N,N’-disalicylidene-1,2-phenylenediamine]iron(III) complex-induced changes in the lipidome of MDA-MB-231 breast cancer cells"
ST003261,AN005345,40,72,Reversed phase NEGATIVE ION MODE,"Exploration of RSL3 or Chlorido[N,N’-disalicylidene-1,2-phenylenediamine]iron(III) complex-induced changes in the phospholipid oxidation of MDA-MB-231 breast cancer cells"
ST003262,AN005346,162,12,HILIC UNSPECIFIED ION MODE,A Covalent Creatine Kinase Inhibitor Ablates Glioblastoma Migration and Sensitizes Tumors to Oxidative Stress.
ST003264,AN005348,117,16,HILIC UNSPECIFIED ION MODE,SLC25A48 controls mitochondrial choline import and metabolism
ST003265,AN005349,16,16,HILIC POSITIVE ION MODE,Malic Enzyme 2 maintains metabolic state and anti-tumor immunity of CD8+ T cells
ST003266,AN005350,324,61,HILIC POSITIVE ION MODE,Metabolomics analysis of human spermatozoa reveals impaired metabolic pathways in asthenozoospermia
ST003266,AN005351,324,61,HILIC NEGATIVE ION MODE,Metabolomics analysis of human spermatozoa reveals impaired metabolic pathways in asthenozoospermia
ST003267,AN005352,72,8,CE POSITIVE ION MODE,FDX2-KO induces global down-regulation of iron-sulfur cluster-containing proteins and senescence-like growth arrest or death in ovarian cancer cells
ST003267,AN005353,63,8,CE NEGATIVE ION MODE,FDX2-KO induces global down-regulation of iron-sulfur cluster-containing proteins and senescence-like growth arrest or death in ovarian cancer cells
ST003268,AN005354,40,21,Reversed phase POSITIVE ION MODE,WT and PHGDH(+/-) mice fed control or -SG diet: Plasma
ST003269,AN005355,35,20,Reversed phase POSITIVE ION MODE,WT and PHGDH(+/-) mice fed control or -SG diet: Retina samples
ST003270,AN005356,41,20,Reversed phase POSITIVE ION MODE,WT and PHGDH(+/-) mice fed control or -SG diet: Back of eye
ST003271,AN005357,35,20,Reversed phase POSITIVE ION MODE,Impact of serine supplementation following treatment with serine/glycine-depleted diet: Paw skin
ST003272,AN005358,40,40,Reversed phase POSITIVE ION MODE,Impact of serine supplementation following treatment with serine/glycine-depleted diet: Retina and back of eye samples
ST003273,AN005359,40,20,Reversed phase POSITIVE ION MODE,Impact of serine supplementation following treatment with serine/glycine-depleted diet: Plasma
ST003274,AN005360,81,77,HILIC POSITIVE ION MODE,Metabolomics analysis within healthy donors and end-stage heart failure with a focus on ischaemic cardiomyopathy with diabetes
ST003274,AN005361,73,77,HILIC NEGATIVE ION MODE,Metabolomics analysis within healthy donors and end-stage heart failure with a focus on ischaemic cardiomyopathy with diabetes
ST003275,AN005362,216,75,Reversed phase POSITIVE ION MODE,Lipidomics analysis within healthy donors and end-stage heart failure with a focus on ischaemic cardiomyopathy with diabetes
ST003275,AN005363,138,75,Reversed phase NEGATIVE ION MODE,Lipidomics analysis within healthy donors and end-stage heart failure with a focus on ischaemic cardiomyopathy with diabetes
ST003276,AN005364,23,57,NMR data,Metabolomics analysis of human spermatozoa reveals impaired metabolic pathways in asthenozoospermia (NMR data)
ST003277,AN005365,279,84,Reversed phase POSITIVE ION MODE,LC-MS/MS spatial analysis of mouse GI
ST003277,AN005366,230,84,Reversed phase POSITIVE ION MODE,LC-MS/MS spatial analysis of mouse GI
ST003277,AN005367,477,84,Reversed phase NEGATIVE ION MODE,LC-MS/MS spatial analysis of mouse GI
ST003277,AN005368,106,84,HILIC NEGATIVE ION MODE,LC-MS/MS spatial analysis of mouse GI
ST003278,AN005369,333,98,HILIC POSITIVE ION MODE,Metabolomic analysis of Axon Regeneration in Xenopus laevis Retina
ST003278,AN005370,13,98,HILIC NEGATIVE ION MODE,Metabolomic analysis of Axon Regeneration in Xenopus laevis Retina
ST003279,AN005371,339,100,HILIC POSITIVE ION MODE,Metabolomic analysis of Axon Regeneration in Xenopus laevis Tectum
ST003279,AN005372,31,100,HILIC NEGATIVE ION MODE,Metabolomic analysis of Axon Regeneration in Xenopus laevis Tectum
ST003280,AN005373,512,164,HILIC POSITIVE ION MODE,Metabolomic analysis of Axon Regeneration in Xenopus laevis Optic Nerve
ST003280,AN005374,32,164,HILIC NEGATIVE ION MODE,Metabolomic analysis of Axon Regeneration in Xenopus laevis Optic Nerve
ST003281,AN005375,90,44,HILIC NEGATIVE ION MODE,"Phosphate availability conditions caspofungin tolerance, capsule attachment and titan cell formation in Cryptococcus neoformans"
ST003281,AN005376,25,44,Reversed phase NEGATIVE ION MODE,"Phosphate availability conditions caspofungin tolerance, capsule attachment and titan cell formation in Cryptococcus neoformans"
ST003282,AN005377,30,84,HILIC POSITIVE ION MODE,96-plex metabolomics studies on nutrient-deprived endothelial cells
ST003283,AN005378,77,872,HILIC NEGATIVE ION MODE,Systematic evaluation of the hepatic de novo lipogenic substrate supply network reveals a hierarchical mitochondrial-cytosolic control structure
ST003283,AN005379,3,872,HILIC NEGATIVE ION MODE,Systematic evaluation of the hepatic de novo lipogenic substrate supply network reveals a hierarchical mitochondrial-cytosolic control structure
ST003284,AN005380,20,48,Reversed phase NEGATIVE ION MODE,Quantification of bile acids in amoxicillin treated mice
ST003285,AN005381,625,23,Reversed phase POSITIVE ION MODE,Human dermal interstitial fluid metabolomics LC-MS/MS
ST003285,AN005382,135,23,Reversed phase NEGATIVE ION MODE,Human dermal interstitial fluid metabolomics LC-MS/MS
ST003286,AN005383,28,81,NMR data,"Interaction between NSCLC cells, CD8+ T cells and immune checkpoint inhibitors potentiates coagulation and promotes metabolic remodeling- new cues on CAT-VTE"
ST003287,AN005384,46,22,NMR data,Metabolic profiling and synergistic therapeutic strategies unveil the cytotoxic potential of selenium-chrysin (SeChry) in NSCLC cells
ST003288,AN005385,1,49,Reversed phase POSITIVE ION MODE,Quantification of amoxicillin in mouse intestinal contents
ST003290,AN005388,387,24,Reversed phase POSITIVE ION MODE,High expression of oleoyl-ACP-hydrolase underpins life-threatening respiratory viral diseases
ST003290,AN005389,568,24,Reversed phase NEGATIVE ION MODE,High expression of oleoyl-ACP-hydrolase underpins life-threatening respiratory viral diseases
ST003291,AN005390,430,114,None (Direct infusion) POSITIVE ION MODE,Atopic dermatitis and STAT3 double null mutant skin biopsies during healing.
ST003292,AN005391,19,179,GC POSITIVE ION MODE,Season-dependent variation in the contents of glucosinolates and S-methyl-L-cysteine sulfoxide and their hydrolysis in Brassica oleracea
ST003293,AN005392,472,58,Reversed phase POSITIVE ION MODE,High Fat Feeding Alters Circulating Triglyceride Profile by Decreasing SCD Activity and Depleting omega-3 Fatty Acids
ST003293,AN005393,268,58,Reversed phase NEGATIVE ION MODE,High Fat Feeding Alters Circulating Triglyceride Profile by Decreasing SCD Activity and Depleting omega-3 Fatty Acids
ST003295,AN005396,141,36,GC POSITIVE ION MODE,TRACING DIVERSION OF WASTE DERIVED CARBON TO OMEGA FATTY ACID: A COMPARATIVE METABOLOMICS APPROACH
ST003297,AN005401,186,75,Reversed phase NEGATIVE ION MODE,Metabolomic profiling of cultured TRAMP-C2 cells in the presence or absence of PD-L1.
ST003298,AN005402,216,9,CE POSITIVE ION MODE,Annual changes on metabolomics profile in latex
ST003298,AN005403,94,9,CE NEGATIVE ION MODE,Annual changes on metabolomics profile in latex
ST003298,AN005404,78,9,Reversed phase POSITIVE ION MODE,Annual changes on metabolomics profile in latex
ST003298,AN005405,54,9,Reversed phase NEGATIVE ION MODE,Annual changes on metabolomics profile in latex
ST003299,AN005406,21,50,LC POSITIVE ION MODE,Lactiplantibacillus plantarum intervention on fecal tryptophans of gestational fecal microbiome transplant germ-free mice
ST003301,AN005408,9,396,Reversed phase NEGATIVE ION MODE,Short chain fatty acid (SCFA) analysis of human stool samples under different sample logistics
ST003302,AN005409,415,18,Reversed phase POSITIVE ION MODE,Untargeted Dialysate Metabolomics Identification and Detection of Novel Neurochemicals via Benzoyl Chloride Derivatization
ST003302,AN005410,100,18,Reversed phase NEGATIVE ION MODE,Untargeted Dialysate Metabolomics Identification and Detection of Novel Neurochemicals via Benzoyl Chloride Derivatization
ST003302,AN005411,189,18,HILIC POSITIVE ION MODE,Untargeted Dialysate Metabolomics Identification and Detection of Novel Neurochemicals via Benzoyl Chloride Derivatization
ST003302,AN005412,27,18,HILIC NEGATIVE ION MODE,Untargeted Dialysate Metabolomics Identification and Detection of Novel Neurochemicals via Benzoyl Chloride Derivatization
ST003304,AN005414,13,27,NMR data,PyINETA: Open-source platform for INADEQUATE-JRES integration in NMR metabolomics
ST003306,AN005417,25,21,GC POSITIVE ION MODE,ASCT2 is a major contributor to serine uptake in cancer cells
ST003307,AN005418,568,42,Reversed phase POSITIVE ION MODE,Untargeted metabolomics of rhizosphere soil from 4-years Panax ginseng that was treated with endo-borneol under field condition
ST003307,AN005419,295,42,Reversed phase NEGATIVE ION MODE,Untargeted metabolomics of rhizosphere soil from 4-years Panax ginseng that was treated with endo-borneol under field condition
ST003309,AN005421,795,17,GC POSITIVE ION MODE,Needle leachates of Pinus koraiensis from May to September
ST003310,AN005422,1,24,GC POSITIVE ION MODE,Determination the concentration of endo-borneol from needle leachates of Pinus koraiensis flushed by precipitation via indoor simulated leaching)
ST003311,AN005423,222,35,GC POSITIVE ION MODE,Complementary Omics Analyses of The Brain Of A Kainic Acid Epilepsy Model Reveal Alterations In Purine And Energy Metabolism With Metabolic Implications for miRNA Cargos Within Milk-Exosomes
ST003312,AN005424,308,202,HILIC UNSPECIFIED ION MODE,Integrative analysis of serum and fecal metabolome and the microbiome that herald Crohn Disease flare - serum
ST003313,AN005425,398,294,HILIC UNSPECIFIED ION MODE,Integrative analysis of serum and fecal metabolome and the microbiome that herald Crohn Disease flare - feces
ST003315,AN005428,66,111,Reversed phase NEGATIVE ION MODE,Randomized phase II trial of pre-operative fulvestrant with or without enzalutamide for ER+/Her2- primary breast cancer: effects on tumor immune microenvironment and clinical outcomes.
ST003315,AN005429,59,111,Reversed phase POSITIVE ION MODE,Randomized phase II trial of pre-operative fulvestrant with or without enzalutamide for ER+/Her2- primary breast cancer: effects on tumor immune microenvironment and clinical outcomes.
ST003318,AN005432,74,684,Reversed phase NEGATIVE ION MODE,Kinetic changes in the phospholipid composition of fibroblasts induced by cytotoxic stress
ST003319,AN005433,24,12,Reversed phase NEGATIVE ION MODE,Changes in the phosphatidylcholine fatty acid composition in subcellular fractions of fibroblasts induced by valinomycin
ST003320,AN005434,13,61,Reversed phase NEGATIVE ION MODE,Time-dependent changes in the phosphatidylcholine fatty acid composition of fibroblasts treated with acetyl-CoA carboxylase inhibitors
ST003321,AN005435,22,30,Reversed phase NEGATIVE ION MODE,Effect of ACC inhibition on the proportion of PUFAs in phosphatidylcholines in stressed fibroblasts
ST003323,AN005438,118,60,Reversed phase NEGATIVE ION MODE,Global Metabolomics and U-13C6-Glucose Tracing in Bone Marrow Derived Macrophages (BMDM)
ST003323,AN005439,88,60,Reversed phase POSITIVE ION MODE,Global Metabolomics and U-13C6-Glucose Tracing in Bone Marrow Derived Macrophages (BMDM)
ST003326,AN005448,678,290,Reversed phase NEGATIVE ION MODE,Lipidome profiling in non-alcoholic steatohepatitis identifies phosphatidylserine synthase 1 as a regulator of hepatic lipoprotein metabolism
ST003326,AN005449,829,290,Reversed phase POSITIVE ION MODE,Lipidome profiling in non-alcoholic steatohepatitis identifies phosphatidylserine synthase 1 as a regulator of hepatic lipoprotein metabolism
ST003327,AN005450,77,726,Reversed phase NEGATIVE ION MODE,Control Of Major Bleeding After Trauma (COMBAT) Clinical Research Trial Metabolomics
ST003327,AN005451,301,726,Reversed phase POSITIVE ION MODE,Control Of Major Bleeding After Trauma (COMBAT) Clinical Research Trial Metabolomics
ST003328,AN005452,217,42,Reversed phase NEGATIVE ION MODE,Increased Cholesterol Synthesis Drives Neurotoxicity in Patient Stem Cell-Derived Model of Multiple Sclerosis - cellular lipidomics
ST003328,AN005453,425,42,Reversed phase POSITIVE ION MODE,Increased Cholesterol Synthesis Drives Neurotoxicity in Patient Stem Cell-Derived Model of Multiple Sclerosis - cellular lipidomics
ST003329,AN005454,96,12,HILIC NEGATIVE ION MODE,Effect of the serine/arginine-rich (SR) protein RSP-6 overexpression (OE) under the low mTORC1 activity on metabolism in Caenorhabditis elegans
ST003330,AN005455,66,24,Reversed phase POSITIVE ION MODE,Increased Cholesterol Synthesis Drives Neurotoxicity in Patient Stem Cell-Derived Model of Multiple Sclerosis - media lipidomics
ST003331,AN005456,112,21,Reversed phase NEGATIVE ION MODE,Increased Cholesterol Synthesis Drives Neurotoxicity in Patient Stem Cell-Derived Model of Multiple Sclerosis - cellular metabolomics
ST003331,AN005457,69,21,Reversed phase POSITIVE ION MODE,Increased Cholesterol Synthesis Drives Neurotoxicity in Patient Stem Cell-Derived Model of Multiple Sclerosis - cellular metabolomics
ST003332,AN005458,79,24,Reversed phase NEGATIVE ION MODE,Increased Cholesterol Synthesis Drives Neurotoxicity in Patient Stem Cell-Derived Model of Multiple Sclerosis - media metabolomics
ST003332,AN005459,57,24,Reversed phase POSITIVE ION MODE,Increased Cholesterol Synthesis Drives Neurotoxicity in Patient Stem Cell-Derived Model of Multiple Sclerosis - media metabolomics
ST003333,AN005460,352,76,Reversed phase POSITIVE ION MODE,Urine Metabolite Profiling in Indian Male Population at High Altitude using Liquid Chromatography – Mass Spectrometry: A Longitudinal Pilot Study
ST003333,AN005461,284,76,Reversed phase NEGATIVE ION MODE,Urine Metabolite Profiling in Indian Male Population at High Altitude using Liquid Chromatography – Mass Spectrometry: A Longitudinal Pilot Study
ST003335,AN005464,26,48,Reversed phase POSITIVE ION MODE,Biological stress metabolomics in Duchenne muscular dystrophy rodent model
ST003335,AN005465,11,48,Reversed phase POSITIVE ION MODE,Biological stress metabolomics in Duchenne muscular dystrophy rodent model
ST003335,AN005466,27,48,Reversed phase NEGATIVE ION MODE,Biological stress metabolomics in Duchenne muscular dystrophy rodent model
ST003335,AN005467,11,48,HILIC NEGATIVE ION MODE,Biological stress metabolomics in Duchenne muscular dystrophy rodent model
ST003336,AN005468,52,30,Reversed phase NEGATIVE ION MODE,Differentiation between cytotoxic stress-induced PUFA biosynthesis and PUFA incorporation into phospholipids by metabolic flux studies in fibroblasts
ST003337,AN005469,5,7,Reversed phase NEGATIVE ION MODE,Analysis of oxidized arachidonoyl-phosphatidylethanolamine in valinomycin-treated fibroblasts
ST003339,AN005472,1,427,Reversed phase POSITIVE ION MODE,DINCH and MINCH reach adipose and liver tissues and levels are partially retained during recovery period
ST003339,AN005473,4,427,Reversed phase NEGATIVE ION MODE,DINCH and MINCH reach adipose and liver tissues and levels are partially retained during recovery period
ST003340,AN005474,280,9,HILIC NEGATIVE ION MODE,Effect of feeding and the mTORC1 activity on metabolism in Caenorhabditis elegans
ST003341,AN005475,318,62,Reversed phase POSITIVE ION MODE,Untargeted Lipidomic Profiling of Canine Cancer Cell Lines
ST003341,AN005476,441,62,Reversed phase NEGATIVE ION MODE,Untargeted Lipidomic Profiling of Canine Cancer Cell Lines
ST003342,AN005477,12,90,GC POSITIVE ION MODE,Glucosinolate profile and specifier protein activity determine the glucosinolate hydrolysis product formation in kohlrabi (Brassica oleracea var. gongylodes) in a tissue-specific way
ST003343,AN005478,146,16,Reversed phase POSITIVE ION MODE,Proteomic and metabolomic profiling of methicillin resistant versus methicillin sensitive Staphylococcus aureus using a simultaneous extraction protocol
ST003344,AN005479,6,216,Reversed phase POSITIVE ION MODE,Fast Targeted Metabolomics for Analyzing Metabolic Diversity of Bacterial Indole Derivatives - gut bacterial cultures
ST003345,AN005480,1,34,HILIC POSITIVE ION MODE,OGDH (2-oxoglutarate dehydrogenase complex component E1) knockout A375 cells' succinyl-CoA level upon glucose starvation
ST003346,AN005481,5,180,Reversed phase POSITIVE ION MODE,Fast Targeted Metabolomics for Analyzing Metabolic Diversity of Bacterial Indole Derivatives - fecal samples
ST003347,AN005482,147,35,HILIC UNSPECIFIED ION MODE,ADSL deficiency drives mitochondrial dysfunction and ERK2 dysregulation in a linear genotype to phenotype correlation
ST003348,AN005483,319,76,Reversed phase POSITIVE ION MODE,An integrated LC-MS analysis of the biometric characteristics of different time cohorts of race walkers - untargeted
ST003348,AN005484,274,76,Reversed phase NEGATIVE ION MODE,An integrated LC-MS analysis of the biometric characteristics of different time cohorts of race walkers - untargeted
ST003349,AN005485,111,76,HILIC UNSPECIFIED ION MODE,An integrated LC-MS analysis of the biometric characteristics of different time cohorts of race walkers - targeted
ST003349,AN005486,83,76,Reversed phase UNSPECIFIED ION MODE,An integrated LC-MS analysis of the biometric characteristics of different time cohorts of race walkers - targeted
ST003349,AN005487,63,76,Reversed phase UNSPECIFIED ION MODE,An integrated LC-MS analysis of the biometric characteristics of different time cohorts of race walkers - targeted
ST003349,AN005488,60,76,Reversed phase UNSPECIFIED ION MODE,An integrated LC-MS analysis of the biometric characteristics of different time cohorts of race walkers - targeted
ST003349,AN005489,148,76,Reversed phase UNSPECIFIED ION MODE,An integrated LC-MS analysis of the biometric characteristics of different time cohorts of race walkers - targeted
ST003349,AN005490,411,76,Reversed phase UNSPECIFIED ION MODE,An integrated LC-MS analysis of the biometric characteristics of different time cohorts of race walkers - targeted
ST003350,AN005491,469,320,Reversed phase POSITIVE ION MODE,Dissecting the Genetic Basis of UV-B Responsive Metabolites in Rice
ST003351,AN005492,18,24,Reversed phase POSITIVE ION MODE,Incorporation of various fatty acids in long-chain base of sphingolipids in Huh7 cells
ST003353,AN005494,6,12,Reversed phase POSITIVE ION MODE,Incorporation of oleate-d9 and elaidate-d17 in long-chain base of sphingolipids in Huh7 cells.
ST003354,AN005495,6,3,Reversed phase POSITIVE ION MODE,Incorporation of co-treated oleate-d9 and elaidate-d17 in long-chain base of sphingolipids in Huh7 cells.
ST003355,AN005496,6,15,Reversed phase POSITIVE ION MODE,Incorporation of two types of cis and trans fatty acids in long-chain base of sphingolipids in Huh7 cells
ST003356,AN005497,383,52,HILIC POSITIVE ION MODE,Noninvasive multiomic measurement of cell type repertoires in human urine
ST003356,AN005498,375,52,HILIC NEGATIVE ION MODE,Noninvasive multiomic measurement of cell type repertoires in human urine
ST003357,AN005499,39,12,Reversed phase POSITIVE ION MODE,Incorporation of oleate-d9 and elaidate-d17 in sphingolipids in Huh7 cells.
ST003358,AN005500,44,24,Reversed phase POSITIVE ION MODE,Secretion of sphingomyelin from Huh7 cells treated with various fatty acids including of oleate-d9 and elaidate-d17.
ST003359,AN005501,21,12,Reversed phase POSITIVE ION MODE,Secretion of phosphatidylcholine from Huh7 cells treated with oleate-d9 or elaidate-d17
ST003360,AN005502,16,15,Reversed phase POSITIVE ION MODE,Secretion of sphingomyelin from Huh7 cells treated with oleate-d9 or elaidate-d17 while modulating SPT flux.
ST003361,AN005503,16,48,Reversed phase NEGATIVE ION MODE,Bile acid–induced gut mitochondrial dysfunction promotes Enterobacteriaceae colonization and associates with dysbiosis in Crohn's disease
ST003362,AN005504,449,28,Reversed phase POSITIVE ION MODE,Metabolomics analysis of Glioblastoma (GBM) cell line U251 labeled by 13C-glutamine after treatment with pimozide
ST003362,AN005505,438,28,Reversed phase NEGATIVE ION MODE,Metabolomics analysis of Glioblastoma (GBM) cell line U251 labeled by 13C-glutamine after treatment with pimozide
ST003362,AN005506,449,28,HILIC POSITIVE ION MODE,Metabolomics analysis of Glioblastoma (GBM) cell line U251 labeled by 13C-glutamine after treatment with pimozide
ST003362,AN005507,438,28,HILIC NEGATIVE ION MODE,Metabolomics analysis of Glioblastoma (GBM) cell line U251 labeled by 13C-glutamine after treatment with pimozide
ST003362,AN005508,74,28,Reversed phase NEGATIVE ION MODE,Metabolomics analysis of Glioblastoma (GBM) cell line U251 labeled by 13C-glutamine after treatment with pimozide
ST003363,AN005509,1,71,NMR data,Human milk microbiome across lactation stages and free glutamate concentrations in healthy Ecuadorian women
ST003364,AN005510,2,431,Reversed phase(C30) NEGATIVE ION MODE,Deep lipidomic profiling reveals sex dimorphism of lipid metabolism in fibro-calcific aortic valve disease
ST003364,AN005511,1073,431,Reversed phase(C30) UNSPECIFIED ION MODE,Deep lipidomic profiling reveals sex dimorphism of lipid metabolism in fibro-calcific aortic valve disease
ST003364,AN005512,475,431,Reversed phase(C30) POSITIVE ION MODE,Deep lipidomic profiling reveals sex dimorphism of lipid metabolism in fibro-calcific aortic valve disease
ST003364,AN005513,69,431,Reversed phase(C18) NEGATIVE ION MODE,Deep lipidomic profiling reveals sex dimorphism of lipid metabolism in fibro-calcific aortic valve disease
ST003365,AN005514,56,54,HILIC NEGATIVE ION MODE,Intracellular and medium metabolomics for BT-474 breast cancer cells treated with a range of Fasnall and GSK2194069 concentrations for 24 h
ST003365,AN005515,52,54,HILIC POSITIVE ION MODE,Intracellular and medium metabolomics for BT-474 breast cancer cells treated with a range of Fasnall and GSK2194069 concentrations for 24 h
ST003366,AN005516,78,53,HILIC NEGATIVE ION MODE,Malate dehydrogenase (MDH) inhibition assay: Fasnall does not affect MDH activity in vitro
ST003366,AN005517,60,53,HILIC POSITIVE ION MODE,Malate dehydrogenase (MDH) inhibition assay: Fasnall does not affect MDH activity in vitro
ST003367,AN005518,78,52,HILIC NEGATIVE ION MODE,Intracellular and medium metabolomics for BT-474 cells treated with a range of C75 concentrations for 24 h
ST003367,AN005519,60,52,HILIC POSITIVE ION MODE,Intracellular and medium metabolomics for BT-474 cells treated with a range of C75 concentrations for 24 h
ST003371,AN005523,34,6,Reversed phase POSITIVE ION MODE,Incorporation of oleate-d9 and elaidate-d17 into membrane lipids of Huh7 cells.
ST003372,AN005524,23,6,Reversed phase POSITIVE ION MODE,Incorporation of oleate-d9 and elaidate-d17 into neutral lipids of Huh7 cells.
ST003373,AN005525,11,12,Reversed phase POSITIVE ION MODE,Incorporation of oleate-d9 and elaidate-d17 in sphingolipids in Huh7 cells while modulating SPT flux.
ST003374,AN005526,20,12,Reversed phase POSITIVE ION MODE,Incorporation of oleate-d9 and elaidate-d17 into complex sphingolipids in Huh7 cells while modulating SPT flux.
ST003375,AN005527,262,119,HILIC UNSPECIFIED ION MODE,Structural and systems characterization of phosphorylation on metabolic enzymes identifies sex-specific metabolic reprogramming in obesity
ST003376,AN005528,118,25,Reversed phase POSITIVE ION MODE,Bempedoic acid improves diet-induced steatosis independent of hepatic ACLY
ST003377,AN005529,13,14,Reversed phase POSITIVE ION MODE,Sphingolipid secretory flux from Huh7 SPTLC3 KO cells
ST003378,AN005530,350,84,Reversed phase POSITIVE ION MODE,Effects of Aldehydes on lipid metabolism in mice
ST003378,AN005531,412,84,Reversed phase NEGATIVE ION MODE,Effects of Aldehydes on lipid metabolism in mice
ST003378,AN005532,264,84,Reversed phase POSITIVE ION MODE,Effects of Aldehydes on lipid metabolism in mice
ST003378,AN005533,295,84,Reversed phase NEGATIVE ION MODE,Effects of Aldehydes on lipid metabolism in mice
ST003379,AN005534,155,40,Reversed phase POSITIVE ION MODE,Impact of high-fat diet enriched in cis or trans fatty acids and myriocin on hepatic lipidome in Ldlr-/- mice
ST003381,AN005539,28,23,Reversed phase POSITIVE ION MODE,Impact of high-fat diet enriched in cis or trans fatty acids and myriocin on newly synthesized sphingolipids from D2O in circulation in Ldlr-/- mice
ST003382,AN005540,52,11,Reversed phase POSITIVE ION MODE,Sphingolipid biosynthetic flux in Huh7 SPTLC3 KO cells
ST003383,AN005541,21,264,Reversed phase POSITIVE ION MODE,Impact of high-fat diet enriched in cis or trans fatty acids and myriocin on the plasma lipoprotein profile of sphingolipids in Ldlr-/- mice
ST003384,AN005542,176,40,Reversed phase POSITIVE ION MODE,Impact of high-fat diet enriched in cis or trans fatty acids and myriocin on plasma lipidome in Ldlr-/- mice
ST003388,AN005555,126,4,Reversed phase POSITIVE ION MODE,"RMC-113 (dual-lipid kinase inhibitor, PIKfyve, PIP4K2C) alters the phosphoinositide regioisomer signature by advanced lipidomics analysis"
ST003389,AN005557,21,12,HILIC NEGATIVE ION MODE,Disruption of Glucose Homeostasis by Bacterial Infection Orchestrates Host Innate Immunity Through NAD+/NADH Balance
ST003389,AN005558,21,12,HILIC NEGATIVE ION MODE,Disruption of Glucose Homeostasis by Bacterial Infection Orchestrates Host Innate Immunity Through NAD+/NADH Balance
ST003390,AN005559,103,300,HILIC UNSPECIFIED ION MODE,In-depth profiling of biosignatures for Type 2 diabetes mellitus cohort utilizing an integrated targeted LC-MS platform
ST003390,AN005560,98,300,Reversed phase UNSPECIFIED ION MODE,In-depth profiling of biosignatures for Type 2 diabetes mellitus cohort utilizing an integrated targeted LC-MS platform
ST003390,AN005561,71,300,Reversed phase UNSPECIFIED ION MODE,In-depth profiling of biosignatures for Type 2 diabetes mellitus cohort utilizing an integrated targeted LC-MS platform
ST003390,AN005562,76,300,Reversed phase UNSPECIFIED ION MODE,In-depth profiling of biosignatures for Type 2 diabetes mellitus cohort utilizing an integrated targeted LC-MS platform
ST003390,AN005563,166,300,Reversed phase UNSPECIFIED ION MODE,In-depth profiling of biosignatures for Type 2 diabetes mellitus cohort utilizing an integrated targeted LC-MS platform
ST003390,AN005564,829,300,Reversed phase UNSPECIFIED ION MODE,In-depth profiling of biosignatures for Type 2 diabetes mellitus cohort utilizing an integrated targeted LC-MS platform
ST003391,AN005565,62,39,Reversed phase POSITIVE ION MODE,Impact of high-fat diet enriched in cis or trans fatty acids and myriocin on plasma sphingolipids in Ldlr-/- mice
ST003392,AN005566,61,38,Reversed phase POSITIVE ION MODE,Impact of high-fat diet enriched in cis or trans fatty acids and myriocin on hepatic sphingolipids in Ldlr-/- mice
ST003393,AN005567,41,83,Reversed phase NEGATIVE ION MODE,Free fatty acid and lysophospholipids analysis of colon in Pla2g10 knockout mice.
ST003394,AN005568,90,31,Reversed phase NEGATIVE ION MODE,Fatty acid oxygenated metabolites analysis of colon in Pla2g10 knockout mice.
ST003395,AN005569,12,110,Reversed phase POSITIVE ION MODE,Short chain fatty acids analysis of Feces and Plasma in Pla2g10 knockout mice.
ST003369,AN005574,22,6,Reversed phase POSITIVE ION MODE,Incorporation of oleate-d9 and elaidate-d17 in Lac-Cer and SM in Huh7 cells.
ST003397,AN005575,3,23,HILIC POSITIVE ION MODE,Glutamine Tracing in Mice injected with HKJS001 and Malonic Acid
ST003397,AN005576,24,23,HILIC NEGATIVE ION MODE,Glutamine Tracing in Mice injected with HKJS001 and Malonic Acid
ST003398,AN005577,756,20,Reversed phase POSITIVE ION MODE,Specific activation of the integrated stress response (ISR) uncovers regulation of lipid droplet biogenesis
ST003398,AN005578,350,20,Reversed phase NEGATIVE ION MODE,Specific activation of the integrated stress response (ISR) uncovers regulation of lipid droplet biogenesis
ST003401,AN005582,58,16,Normal phase NEGATIVE ION MODE,The double-edged role of FASII regulator FabT in Streptococcus pyogenes infection - Lipidomics
ST003403,AN005584,95,18,Reversed phase UNSPECIFIED ION MODE,The double-edged role of FASII regulator FabT in Streptococcus pyogenes infection - Metabolomics
ST003403,AN005585,535,18,FIA UNSPECIFIED ION MODE,The double-edged role of FASII regulator FabT in Streptococcus pyogenes infection - Metabolomics
ST003404,AN005586,2,18,HILIC POSITIVE ION MODE,Aspartate Tracing in SDHB KO RquA 143B Cells
ST003404,AN005587,13,18,HILIC NEGATIVE ION MODE,Aspartate Tracing in SDHB KO RquA 143B Cells
ST003405,AN005588,140,30,HILIC POSITIVE ION MODE,Specific activation of the integrated stress response uncovers regulation of central carbon metabolism and lipid droplet biogenesis
ST003405,AN005589,182,30,HILIC NEGATIVE ION MODE,Specific activation of the integrated stress response uncovers regulation of central carbon metabolism and lipid droplet biogenesis
ST003407,AN005591,88,24,Reversed phase NEGATIVE ION MODE,Deficiency in glutathione peroxidase 4 (GPX4) results in abnormal lens development and newborn cataract
ST003409,AN005596,405,28,None (Direct infusion) NEGATIVE ION MODE,Impact of giredestrant on the lipid profile of MCF-7 breast cancer cells
ST003409,AN005597,12,28,None (Direct infusion) POSITIVE ION MODE,Impact of giredestrant on the lipid profile of MCF-7 breast cancer cells
ST003409,AN005598,192,28,None (Direct infusion) POSITIVE ION MODE,Impact of giredestrant on the lipid profile of MCF-7 breast cancer cells
ST003410,AN005599,252,32,None (Direct infusion) NEGATIVE ION MODE,Lipidomics Analysis of ER+ Breast Cancer Cells Treated with Giredestrant and Palbociclib
ST003410,AN005600,12,32,None (Direct infusion) POSITIVE ION MODE,Lipidomics Analysis of ER+ Breast Cancer Cells Treated with Giredestrant and Palbociclib
ST003410,AN005601,461,32,None (Direct infusion) POSITIVE ION MODE,Lipidomics Analysis of ER+ Breast Cancer Cells Treated with Giredestrant and Palbociclib
ST003411,AN005602,87,52,HILIC NEGATIVE ION MODE,Intracellular and medium metabolomics for BT-474 cells treated with a range of C75 concentrations for 24 h (C75 MRM included)
ST003411,AN005603,73,52,HILIC POSITIVE ION MODE,Intracellular and medium metabolomics for BT-474 cells treated with a range of C75 concentrations for 24 h (C75 MRM included)
ST003412,AN005604,87,147,HILIC NEGATIVE ION MODE,"Intracellular and medium metabolomics for BT-474 cells treated with cerulenin, TVB-2640, and TVB-3166 for 24 h"
ST003412,AN005605,73,147,HILIC POSITIVE ION MODE,"Intracellular and medium metabolomics for BT-474 cells treated with cerulenin, TVB-2640, and TVB-3166 for 24 h"
ST002576,AN005610,237,176,Reversed phase POSITIVE ION MODE,Role of environmental toxicants in obesity-related cardiovascular disease: Plasma untargeted LC-HRMS analysis (part 1 of 3)
ST002576,AN005611,165,176,Reversed phase NEGATIVE ION MODE,Role of environmental toxicants in obesity-related cardiovascular disease: Plasma untargeted LC-HRMS analysis (part 1 of 3)
ST002576,AN005612,333,176,HILIC POSITIVE ION MODE,Role of environmental toxicants in obesity-related cardiovascular disease: Plasma untargeted LC-HRMS analysis (part 1 of 3)
ST002576,AN005613,282,176,HILIC NEGATIVE ION MODE,Role of environmental toxicants in obesity-related cardiovascular disease: Plasma untargeted LC-HRMS analysis (part 1 of 3)
ST003415,AN005614,37,528,GC POSITIVE ION MODE,Role of environmental toxicants in obesity-related cardiovascular disease- Part 3 GC-MS analysis of adipose tissue
ST003416,AN005615,45,259,NMR data,The “metabolic fingerprint” of cytotoxic gold drugs in cancer cells disclosed by NMR
ST003417,AN005616,24,42,HILIC POSITIVE ION MODE,Relative concentrations of acylcarnitines in BT-474 cells treated with FASN inhibitors TVB-2640 and TVB-3166
ST003418,AN005617,12,31,Reversed phase UNSPECIFIED ION MODE,Analysis of lipid composition of TLCD1 KO cultured cells
ST003419,AN005618,66,37,Reversed phase UNSPECIFIED ION MODE,Analysis of lipid composition of the mitochondria isolated from TLCD1 KO cell models
ST003420,AN005619,15,10,Reversed phase UNSPECIFIED ION MODE,"Analysis of lipid composition of control, YPR114w and YJR116w yeast mutants grown under exponential phase"
ST003421,AN005620,1,25,Reversed phase POSITIVE ION MODE,BPA regulates the abundance of endogenous PPARa ligands and fatty acid oxidation
ST003422,AN005621,1,36,Reversed phase POSITIVE ION MODE,Impact of ACLY and ACSS2 on the development of MASLD and phosphatidylcholines levels on longterm Western diet
ST003423,AN005622,56,36,Reversed phase POSITIVE ION MODE,Impact of ACLY and ACSS2 on the development of MASLD on longterm Western diet
ST003424,AN005623,15,25,Reversed phase UNSPECIFIED ION MODE,Analysis of lipid composition of HeLa and U2OS CLN8 KO cultured cells
ST003425,AN005624,49,8,GC POSITIVE ION MODE,"Targeted free fatty acids metabolomics studies on serum, cecal content, cecum tissue, chow diet, and Tritrichomonas mu cells"
ST003426,AN005625,106,24,Other POSITIVE ION MODE,Metabolomic and transcriptomic remodeling of bone marrow myeloid cells in response to maternal obesity
ST003426,AN005626,59,24,Other NEGATIVE ION MODE,Metabolomic and transcriptomic remodeling of bone marrow myeloid cells in response to maternal obesity
ST003427,AN005627,160,54,HILIC NEGATIVE ION MODE,Intracellular and medium metabolomics of BT-474 cells treated with dimethylmalonate
ST003427,AN005628,73,54,HILIC POSITIVE ION MODE,Intracellular and medium metabolomics of BT-474 cells treated with dimethylmalonate
ST003428,AN005629,160,55,HILIC NEGATIVE ION MODE,Intracellular and medium metabolomics of BT-474 cells treated with rotenone
ST003428,AN005630,73,55,HILIC POSITIVE ION MODE,Intracellular and medium metabolomics of BT-474 cells treated with rotenone
ST003429,AN005631,87,49,HILIC NEGATIVE ION MODE,Intracellular and medium metabolomics of BT-474 cells treated with Fasnall that was manufactured by Enamine
ST003429,AN005632,73,49,HILIC POSITIVE ION MODE,Intracellular and medium metabolomics of BT-474 cells treated with Fasnall that was manufactured by Enamine
ST003430,AN005633,87,49,HILIC NEGATIVE ION MODE,Intracellular and medium metabolomics of BT-474 cells treated with GSK2194069
ST003430,AN005634,73,49,HILIC POSITIVE ION MODE,Intracellular and medium metabolomics of BT-474 cells treated with GSK2194069
ST003431,AN005635,116,46,HILIC NEGATIVE ION MODE,"Metabolomics analysis of breast cancer cell lines treated with dimethylmalonate (DMM), GSK2194069, and their combination."
ST003431,AN005636,126,46,HILIC POSITIVE ION MODE,"Metabolomics analysis of breast cancer cell lines treated with dimethylmalonate (DMM), GSK2194069, and their combination."
ST003432,AN005637,117,50,HILIC NEGATIVE ION MODE,Intracellular and medium metabolomics of BT-474 cells treated with LW6
ST003432,AN005638,126,50,HILIC POSITIVE ION MODE,Intracellular and medium metabolomics of BT-474 cells treated with LW6
ST003433,AN005639,148,43,HILIC NEGATIVE ION MODE,"Intracellular and medium metabolomics of BT-474 cells treated with dimethylmalonate, Fasnall, and GSK2194069"
ST003433,AN005640,140,43,HILIC POSITIVE ION MODE,"Intracellular and medium metabolomics of BT-474 cells treated with dimethylmalonate, Fasnall, and GSK2194069"
ST003434,AN005641,185,66,HILIC NEGATIVE ION MODE,Plasma concentrations of Fasnall in mice after a bolus of 10 mg/kg administered intraperitoneally.
ST003434,AN005642,178,66,HILIC POSITIVE ION MODE,Plasma concentrations of Fasnall in mice after a bolus of 10 mg/kg administered intraperitoneally.
ST003435,AN005643,185,49,HILIC NEGATIVE ION MODE,"Metabolomics analysis of zebrafish embryos treated with rotenone, Fasnall, TVB-2640, and GSK2194069"
ST003435,AN005644,178,49,HILIC POSITIVE ION MODE,"Metabolomics analysis of zebrafish embryos treated with rotenone, Fasnall, TVB-2640, and GSK2194069"
ST003436,AN005645,185,128,HILIC NEGATIVE ION MODE,Pharmacokinetics of Fasnall in NSG mice
ST003436,AN005646,178,128,HILIC POSITIVE ION MODE,Pharmacokinetics of Fasnall in NSG mice
ST003437,AN005647,368,25,HILIC POSITIVE ION MODE,White adipose tissue remodeling in Little Brown Myotis (Myotis lucifugus) with white-nose syndrome
ST003437,AN005648,341,25,HILIC NEGATIVE ION MODE,White adipose tissue remodeling in Little Brown Myotis (Myotis lucifugus) with white-nose syndrome
ST003438,AN005649,271,12,HILIC POSITIVE ION MODE,Unbiased genetic screening and metabolomics identifies glial adenosine metabolism as a therapeutic target in Parkinson’s disease
ST003438,AN005650,139,12,Reversed phase POSITIVE ION MODE,Unbiased genetic screening and metabolomics identifies glial adenosine metabolism as a therapeutic target in Parkinson’s disease
ST003438,AN005651,74,12,HILIC NEGATIVE ION MODE,Unbiased genetic screening and metabolomics identifies glial adenosine metabolism as a therapeutic target in Parkinson’s disease
ST003438,AN005652,84,12,Reversed phase NEGATIVE ION MODE,Unbiased genetic screening and metabolomics identifies glial adenosine metabolism as a therapeutic target in Parkinson’s disease
ST003441,AN005657,260,36,HILIC UNSPECIFIED ION MODE,Metabolomic analysis of plasma samples from mice fed low-folate or folate-replete diets
ST003442,AN005658,2,40,Reversed phase NEGATIVE ION MODE,Effect of α-garcinoic acid (aGA (2)) on 15-LOX-1 product formation in homogenates of human M2 macrophages
ST003443,AN005659,2,18,Reversed phase NEGATIVE ION MODE,Cellular uptake of α-garcinoic acid (aGA (2)) by human M1 and M2 macrophages
ST003444,AN005660,54,1082,Reversed phase NEGATIVE ION MODE,Effect of LCMs on the lipid mediator profile of human macrophages
ST003445,AN005661,1,144,Reversed phase NEGATIVE ION MODE,Impact of α-garcinoic acid on sphingosine-1-phosphate (S1P) levels in zymosan-induced peritonitis in mice
ST003446,AN005662,55,151,Reversed phase NEGATIVE ION MODE,Effect of α-garcinoic acid (aGA (2)) on the plasma and peritoneal exudate lipid mediator profile in a mouse model of zymosan-induced peritonitis
ST003447,AN005663,7,128,Reversed phase NEGATIVE ION MODE,Effect of LCMs on protectin formation in acetylsalicylic acid (ASA)-treated M2 macrophages
ST003448,AN005664,10,152,Reversed phase NEGATIVE ION MODE,Influence of exogenous docosahexaenoic acid on the effect of LCMs on protectin formation in activated human M2 macrophages
ST003449,AN005665,12,90,Reversed phase NEGATIVE ION MODE,Time-dependent effect of α-garcinoic acid (aGA (2)) on the production of lipoxygenase-derived lipid mediators in activated M2 macrophages
ST003450,AN005666,15,45,Reversed phase NEGATIVE ION MODE,Effects of LCMs on the lipid mediator profile of activated human whole blood
ST003451,AN005667,37,144,Reversed phase NEGATIVE ION MODE,Effect of α-garcinoic acid (aGA (2)) on the plasma and peritoneal exudate sphingolipid profile in a mouse model of zymosan-induced peritonitis
ST003452,AN005668,331,18,Reversed phase POSITIVE ION MODE,Integrated Proteomic and Lipidomic Analysis
ST003452,AN005669,35,18,Reversed phase NEGATIVE ION MODE,Integrated Proteomic and Lipidomic Analysis
ST003439,AN005670,500,573,Reversed phase POSITIVE ION MODE,Metabolomics of human serum to support understanding of early metabolic shift in presymptomatic sepsis patients. (Part1 human metabolites)
ST003439,AN005671,98,573,Reversed phase NEGATIVE ION MODE,Metabolomics of human serum to support understanding of early metabolic shift in presymptomatic sepsis patients. (Part1 human metabolites)
ST003453,AN005672,18,480,Reverse Phase NEGATIVE ION MODE,Integration of Metabolomics and Transcriptomics Reveals Metabolic Characteristics and Potential Biomarker Involved in Radiation-Induced Liver Injury in a Rat Model.
ST003453,AN005673,38,480,Normal phase POSITIVE ION MODE,Integration of Metabolomics and Transcriptomics Reveals Metabolic Characteristics and Potential Biomarker Involved in Radiation-Induced Liver Injury in a Rat Model.
ST003453,AN005674,45,480,GC POSITIVE ION MODE,Integration of Metabolomics and Transcriptomics Reveals Metabolic Characteristics and Potential Biomarker Involved in Radiation-Induced Liver Injury in a Rat Model.
ST003454,AN005675,139,12,HILIC UNSPECIFIED ION MODE,Branched chain alpha-ketoacids impact pulmonary artery smooth muscle cell metabolism
ST003455,AN005676,139,10,HILIC UNSPECIFIED ION MODE,Metabolic alterations in pulmonary artery smooth muscle cells of idiopathic pulmonary arterial hypertension (IPAH) patients.
ST003456,AN005677,443,581,Reversed phase POSITIVE ION MODE,Lipidomics of human serum to support understanding of early metabolic shift in presymptomatic sepsis patients. (Part2 human lipids)
ST003456,AN005678,54,581,Reversed phase NEGATIVE ION MODE,Lipidomics of human serum to support understanding of early metabolic shift in presymptomatic sepsis patients. (Part2 human lipids)
ST003457,AN005679,82,34,Reversed phase POSITIVE ION MODE,Metabolomics of mice heart to support understanding of early metabolic shift in presymptomatic sepsis patients. (Part3 mice heart metabolite)
ST003457,AN005680,40,34,Reversed phase NEGATIVE ION MODE,Metabolomics of mice heart to support understanding of early metabolic shift in presymptomatic sepsis patients. (Part3 mice heart metabolite)
ST003458,AN005681,134,34,Reversed phase POSITIVE ION MODE,Metabolomics of mice kidney to support understanding of early metabolic shift in presymptomatic sepsis patients. (Part4 mice kidney metabolite)
ST003458,AN005682,71,34,Reversed phase NEGATIVE ION MODE,Metabolomics of mice kidney to support understanding of early metabolic shift in presymptomatic sepsis patients. (Part4 mice kidney metabolite)
ST003459,AN005683,106,34,Reversed phase POSITIVE ION MODE,Metabolomics of mice liver to support understanding of early metabolic shift in presymptomatic sepsis patients. (Part5 mice liver metabolite)
ST003459,AN005684,48,34,Reversed phase NEGATIVE ION MODE,Metabolomics of mice liver to support understanding of early metabolic shift in presymptomatic sepsis patients. (Part5 mice liver metabolite)
ST003460,AN005685,116,33,Reversed phase POSITIVE ION MODE,Metabolomics of mice serum to support understanding of early metabolic shift in presymptomatic sepsis patients. (Part6 mice serum metabolite)
ST003460,AN005686,49,33,Reversed phase NEGATIVE ION MODE,Metabolomics of mice serum to support understanding of early metabolic shift in presymptomatic sepsis patients. (Part6 mice serum metabolite)
ST003461,AN005687,121,34,Reversed phase POSITIVE ION MODE,Metabolomics of mice spleen to support understanding of early metabolic shift in presymptomatic sepsis patients. (Part7 mice spleen metabolite)
ST003461,AN005688,73,34,Reversed phase NEGATIVE ION MODE,Metabolomics of mice spleen to support understanding of early metabolic shift in presymptomatic sepsis patients. (Part7 mice spleen metabolite)
ST003462,AN005689,79,34,Reversed phase POSITIVE ION MODE,Metabolomics of mice white adipose tissue to support understanding of early metabolic shift in presymptomatic sepsis patients. (Part8 mice white adipose tissue metabolite)
ST003462,AN005690,37,34,Reversed phase NEGATIVE ION MODE,Metabolomics of mice white adipose tissue to support understanding of early metabolic shift in presymptomatic sepsis patients. (Part8 mice white adipose tissue metabolite)
ST003464,AN005693,212,34,Reversed phase POSITIVE ION MODE,Lipidomics of mice heart to support understanding of early metabolic shift in presymptomatic sepsis patients. (Part9 mice heart lipid)
ST003464,AN005694,65,34,Reversed phase NEGATIVE ION MODE,Lipidomics of mice heart to support understanding of early metabolic shift in presymptomatic sepsis patients. (Part9 mice heart lipid)
ST003465,AN005695,252,34,Reversed phase POSITIVE ION MODE,Lipidomics of mice kidney to support understanding of early metabolic shift in presymptomatic sepsis patients. (Part10 mice kidney lipid)
ST003465,AN005696,76,34,Reversed phase NEGATIVE ION MODE,Lipidomics of mice kidney to support understanding of early metabolic shift in presymptomatic sepsis patients. (Part10 mice kidney lipid)
ST003466,AN005697,199,34,Reversed phase POSITIVE ION MODE,Lipidomics of mice liver to support understanding of early metabolic shift in presymptomatic sepsis patients. (Part11 mice liver lipid)
ST003466,AN005698,65,34,Reversed phase NEGATIVE ION MODE,Lipidomics of mice liver to support understanding of early metabolic shift in presymptomatic sepsis patients. (Part11 mice liver lipid)
ST003467,AN005699,173,33,Reversed phase POSITIVE ION MODE,Lipidomics of mice serum to support understanding of early metabolic shift in presymptomatic sepsis patients. (Part12 mice serum lipid)
ST003467,AN005700,42,33,Reversed phase NEGATIVE ION MODE,Lipidomics of mice serum to support understanding of early metabolic shift in presymptomatic sepsis patients. (Part12 mice serum lipid)
ST003468,AN005701,192,34,Reversed phase POSITIVE ION MODE,Lipidomics of mice spleen to support understanding of early metabolic shift in presymptomatic sepsis patients. (Part13 mice spleen lipid)
ST003468,AN005702,87,34,Reversed phase NEGATIVE ION MODE,Lipidomics of mice spleen to support understanding of early metabolic shift in presymptomatic sepsis patients. (Part13 mice spleen lipid)
ST003469,AN005703,146,34,Reversed phase POSITIVE ION MODE,Lipidomics of mice white adipose tissue to support understanding of early metabolic shift in presymptomatic sepsis patients. (Part14 mice white adipose tissue lipid)
ST003469,AN005704,55,34,Reversed phase NEGATIVE ION MODE,Lipidomics of mice white adipose tissue to support understanding of early metabolic shift in presymptomatic sepsis patients. (Part14 mice white adipose tissue lipid)
ST003470,AN005705,106,92,Reversed phase NEGATIVE ION MODE,Gut Microbiota Regulates Stress Responsivity via the Circadian System - Mice Amygdala
ST003471,AN005706,112,94,Reversed phase NEGATIVE ION MODE,Gut Microbiota Regulates Stress Responsivity via the Circadian System - Mice Hippocampus
ST003472,AN005707,875,143,Reversed phase POSITIVE ION MODE,"An Optimized Plasmalogen Dietary Supplement Remodels the Cardiac Lipidome and Proteome, Providing Greater Protection in a Male Mouse Model of Dilated Cardiomyopathy Over Females"
ST003475,AN005710,20,3,GC POSITIVE ION MODE,Intracellular metabolome and Intracellular metabolic pathway prediction
ST003476,AN005711,6,50,GC POSITIVE ION MODE,"Gas chromatography - mass spectrometry (GC-MS) of liver hepatic extracts from adult male C57BL/6NCrl mice exposed to 2,3,7,8-tetrachlorodibenzo-p-dioxin"
ST003477,AN005712,630,9,Other UNSPECIFIED ION MODE,Biocrates Test
ST003478,AN005713,15,7,GC UNSPECIFIED ION MODE,Fatty acid analysis of differently sized MC38 tumors harvested 3 weeks post implantation from control-diet- or high-fat-diet-fed C57BL/6 mice revealed an increase in tumoral oleic acid in high-fat-diet-fed mice.
ST003479,AN005714,15,17,GC UNSPECIFIED ION MODE,Fatty acid analysis of similarly sized MC38 tumors from control-diet- or high-fat-diet-fed C57BL/6 mice revealed an increase in tumoral oleic acid in high-fat-diet-fed mice.
ST003480,AN005715,15,29,GC UNSPECIFIED ION MODE,Fatty acid analysis of human colorectal adenocarcinoma tumors of normal weight (BMI&lt;25) and obese (BMI&gt;30) patients revealed an increase in oleic acid in obese patients.
ST003481,AN005716,232,18,Reversed phase NEGATIVE ION MODE,Therapeutic potential of galactooligosachaccharides and Lactobacillus reuteri supplementation on dextran sulfate sodium-induced gut inflammation
ST003482,AN005717,54,30,HILIC NEGATIVE ION MODE,Tissue niche influences immune and metabolic profiles to Staphylococcus aureus biofilm infection (Intracellular data)
ST003482,AN005718,81,30,HILIC POSITIVE ION MODE,Tissue niche influences immune and metabolic profiles to Staphylococcus aureus biofilm infection (Intracellular data)
ST003483,AN005719,72,45,HILIC NEGATIVE ION MODE,Tissue niche influences immune and metabolic profiles to Staphylococcus aureus biofilm infection (Extracellular data)
ST003483,AN005720,139,45,HILIC POSITIVE ION MODE,Tissue niche influences immune and metabolic profiles to Staphylococcus aureus biofilm infection (Extracellular data)
ST003484,AN005721,53,90,Reversed phase NEGATIVE ION MODE,"Metabolism of TNBC cell line MDA-MB-453 is altered by cytokines, TDO2 inhibition, or suspension growth conditions - cellular steady state metabolome and in vitro tracing with 13C11 tryptophan"
ST003484,AN005722,84,90,Reversed phase POSITIVE ION MODE,"Metabolism of TNBC cell line MDA-MB-453 is altered by cytokines, TDO2 inhibition, or suspension growth conditions - cellular steady state metabolome and in vitro tracing with 13C11 tryptophan"
ST003485,AN005723,13,21,Reversed phase POSITIVE ION MODE,Tryptophan metabolite profiling of cell supernatants (culture media) from TNBC cell lines with either overexpression or stable knockdown of TDO2.
ST003486,AN005724,18,12,Reversed phase POSITIVE ION MODE,Tryptophan metabolite profiling of cell supernatants (culture media) from TNBC cell line BT549 grown in suspension with TDO inhibition.
ST003487,AN005725,18,12,Reversed phase POSITIVE ION MODE,Tryptophan metabolite profiling of TNBC cell line BT549 grown in suspension with TDO inhibition.
ST003488,AN005726,15,30,Reversed phase POSITIVE ION MODE,Tryptophan metabolite profiling of cell supernatants (culture media) from TNBC cell line BT549 grown in suspension with TDO2 knockdown and IDO1 compensation.
ST003489,AN005727,4,9,Reversed phase NEGATIVE ION MODE,Tryptophan pathway profiling of culture media from TNBC cell line MDA-MB-231 +/- inhibitors of the TDO/IDO pathway.
ST003489,AN005728,13,9,Reversed phase POSITIVE ION MODE,Tryptophan pathway profiling of culture media from TNBC cell line MDA-MB-231 +/- inhibitors of the TDO/IDO pathway.
ST003490,AN005729,45,18,Reversed phase NEGATIVE ION MODE,Metabolomics of culture media from TNBC cell line MDA-MB-453 +/- TDO2/IDO1 dual inhibition
ST003490,AN005730,68,18,Reversed phase POSITIVE ION MODE,Metabolomics of culture media from TNBC cell line MDA-MB-453 +/- TDO2/IDO1 dual inhibition
ST003491,AN005731,16,6,Reversed phase POSITIVE ION MODE,Tryptophan/indole profiling of culture media from TNBC cell line SUM159PT with stable TDO2 overexpression.
ST003492,AN005732,148,6,HILIC UNSPECIFIED ION MODE,Metabolomic profiling of the secretome in normal primary human pulmonary artery smooth muscle cells
ST003495,AN005735,43,34,HILIC POSITIVE ION MODE,Hepatocyte Period 1 dictates oxidative substrate selection independent of the core circadian clock
ST003495,AN005736,40,34,HILIC NEGATIVE ION MODE,Hepatocyte Period 1 dictates oxidative substrate selection independent of the core circadian clock
ST003496,AN005737,214,70,HILIC POSITIVE ION MODE,Dose-dependent CHCHD10 dysregulation dictates motor neuron disease severity and alters creatine metabolism - murine serum and muscle
ST003496,AN005738,224,70,HILIC NEGATIVE ION MODE,Dose-dependent CHCHD10 dysregulation dictates motor neuron disease severity and alters creatine metabolism - murine serum and muscle
ST003497,AN005739,214,30,HILIC POSITIVE ION MODE,Dose-dependent CHCHD10 dysregulation dictates motor neuron disease severity and alters creatine metabolism - human skin fibroblasts
ST003497,AN005740,224,30,HILIC NEGATIVE ION MODE,Dose-dependent CHCHD10 dysregulation dictates motor neuron disease severity and alters creatine metabolism - human skin fibroblasts
ST003498,AN005741,214,75,HILIC POSITIVE ION MODE,Dose-dependent CHCHD10 dysregulation dictates motor neuron disease severity and alters creatine metabolism - human iPSC cell lines
ST003498,AN005742,224,75,HILIC NEGATIVE ION MODE,Dose-dependent CHCHD10 dysregulation dictates motor neuron disease severity and alters creatine metabolism - human iPSC cell lines
ST003499,AN005743,173,15,HILIC UNSPECIFIED ION MODE,Metabolic analysis of ADSL deficiency patients' EBV-LCLs.
ST003499,AN005744,173,15,HILIC UNSPECIFIED ION MODE,Metabolic analysis of ADSL deficiency patients' EBV-LCLs.
ST003501,AN005746,140,29,Reversed phase POSITIVE ION MODE,"TREM2 expression level is critical for microglial state, metabolic capacity and efficacy of TREM2 agonism"
ST003501,AN005747,13,29,Reversed phase POSITIVE ION MODE,"TREM2 expression level is critical for microglial state, metabolic capacity and efficacy of TREM2 agonism"
ST003501,AN005748,216,29,HILIC POSITIVE ION MODE,"TREM2 expression level is critical for microglial state, metabolic capacity and efficacy of TREM2 agonism"
ST003501,AN005749,59,29,Ion exchange NEGATIVE ION MODE,"TREM2 expression level is critical for microglial state, metabolic capacity and efficacy of TREM2 agonism"
ST003502,AN005750,25,12,Reversed phase POSITIVE ION MODE,Quantifying acyl-chain diversity in isobaric compound lipids containing monomethyl branched-chain fatty acids
ST003504,AN005752,108,9,Reversed phase POSITIVE ION MODE,Methionine-SAM metabolism-dependent ubiquinone synthesis is crucial for ROS accumulation in ferroptosis induction
ST003506,AN005756,49,43,NMR data,Comparison of serum and interstitial fluid from patients with breast cancer-related lymphedema and healthy control subjects with NMR-based metabolomics
ST003512,AN005766,483,15,HILIC UNSPECIFIED ION MODE,Exogenous L-serine supply protects against retinopathy of prematurity in a murine model
ST003514,AN005769,506,61,Reversed phase POSITIVE ION MODE,Highly reliable LC-MS lipidomics database for efficient human plasma profiling based on NIST SRM 1950
ST003514,AN005770,94,61,Reversed phase NEGATIVE ION MODE,Highly reliable LC-MS lipidomics database for efficient human plasma profiling based on NIST SRM 1950
ST003516,AN005773,22,57,Reversed phase NEGATIVE ION MODE,Macrophages are activated towards phagocytic Lymphoma Cell Clearance by Pentose Phosphate Pathway Inhibition
ST003517,AN005774,81,9,Reversed phase POSITIVE ION MODE,Identify key lipid species in CAF-PDAC crosstalk under hypoxia
ST003518,AN005775,67,60,Reversed phase POSITIVE ION MODE,Wheat-based protein slows cyst growth in Pkd1 knockout mice
ST003518,AN005776,65,60,Reversed phase NEGATIVE ION MODE,Wheat-based protein slows cyst growth in Pkd1 knockout mice
ST003519,AN005777,119,10,Ion exchange NEGATIVE ION MODE,Effect of insluin on metabolism of ex vivo ischemia heart
ST003520,AN005778,274,210,Reversed phase POSITIVE ION MODE,Identification of Plasma Metabolomic Biomarkers of Juvenile Idiopathic Arthritis
ST003520,AN005779,241,210,Reversed phase POSITIVE ION MODE,Identification of Plasma Metabolomic Biomarkers of Juvenile Idiopathic Arthritis
ST003520,AN005780,311,210,Reversed phase NEGATIVE ION MODE,Identification of Plasma Metabolomic Biomarkers of Juvenile Idiopathic Arthritis
ST003520,AN005781,105,210,HILIC NEGATIVE ION MODE,Identification of Plasma Metabolomic Biomarkers of Juvenile Idiopathic Arthritis
ST003521,AN005782,513,58,HILIC POSITIVE ION MODE,Metabolic Profiling Unveils Enhanced Antibacterial Synergy of Polymyxin B and Teixobactin against Multi-Drug Resistant Acinetobacter baumannii
ST003521,AN005783,497,58,HILIC NEGATIVE ION MODE,Metabolic Profiling Unveils Enhanced Antibacterial Synergy of Polymyxin B and Teixobactin against Multi-Drug Resistant Acinetobacter baumannii
ST003522,AN005784,96,20,Reversed phase POSITIVE ION MODE,Untargeted mass spectrometry analysis of neutral lipids in MC38 tumors and visceral adipose tissues of control-diet and high fat diet-fed C57BL/6 mice
ST003523,AN005785,300,90,HILIC POSITIVE ION MODE,Hypermetabolism induced pantothenate depletion in MT-ATP6 neuropathy
ST003523,AN005786,406,90,HILIC NEGATIVE ION MODE,Hypermetabolism induced pantothenate depletion in MT-ATP6 neuropathy
ST003524,AN005787,31,272,Reversed phase NEGATIVE ION MODE,Arachidonic acid fuels inflammation by unlocking 5-LOX in macrophages after myocardial infarction
ST003525,AN005788,93,27,Reversed phase NEGATIVE ION MODE,Metabolic and Proteomic Divergence is Present in Spleens and Livers from Berkeley Sickle Cell Anemia and beta-thalassemia mice
ST003525,AN005789,121,27,Reversed phase POSITIVE ION MODE,Metabolic and Proteomic Divergence is Present in Spleens and Livers from Berkeley Sickle Cell Anemia and beta-thalassemia mice
ST003526,AN005790,104,26,Reversed phase NEGATIVE ION MODE,Metabolic and Proteomic Divergence is Present in Spleens from Berkeley Sickle Cell Anemia and beta-thalassemia mice
ST003526,AN005791,120,26,Reversed phase POSITIVE ION MODE,Metabolic and Proteomic Divergence is Present in Spleens from Berkeley Sickle Cell Anemia and beta-thalassemia mice
ST003527,AN005792,6,47,GC POSITIVE ION MODE,Combining antibiotics alters the longitudinal maturation of gut microbiota and its short chain fatty acid metabolites in extremely and very preterm infants
ST003527,AN005793,95,47,Reversed phase UNSPECIFIED ION MODE,Combining antibiotics alters the longitudinal maturation of gut microbiota and its short chain fatty acid metabolites in extremely and very preterm infants
ST003527,AN005794,508,47,None (Direct infusion) UNSPECIFIED ION MODE,Combining antibiotics alters the longitudinal maturation of gut microbiota and its short chain fatty acid metabolites in extremely and very preterm infants
ST003528,AN005795,359,28,Reversed phase POSITIVE ION MODE,Lipidomics profiling of livers from Alb-Cre +/- SART-/- (KO) versus age matched wild type WT mouse littermates to characterize progression to hepatic steatosis and hepatocellular carcinoma
ST003528,AN005796,500,28,Reversed phase NEGATIVE ION MODE,Lipidomics profiling of livers from Alb-Cre +/- SART-/- (KO) versus age matched wild type WT mouse littermates to characterize progression to hepatic steatosis and hepatocellular carcinoma
ST003529,AN005797,1,20,Reversed phase NEGATIVE ION MODE,Measurement of itaconic acid in liver of male mice treated with TCDD
ST003530,AN005798,5,40,GC POSITIVE ION MODE,Microbiome and metabolome association network analysis identifies Clostridium_sensu_stricto_1 and Paraprevotella as putative keystone genera in the gut of common marmosets
ST003530,AN005799,14,40,Reversed phase NEGATIVE ION MODE,Microbiome and metabolome association network analysis identifies Clostridium_sensu_stricto_1 and Paraprevotella as putative keystone genera in the gut of common marmosets
ST003531,AN005800,86,12,HILIC POSITIVE ION MODE,"Micropeptide hSPAR, a glutamine regulator, suppresses tumor growth via TRIM21-P27KIP1-mTOR pathway - human MDA-MB-231 breast cancer cell"
ST003531,AN005801,8,12,HILIC NEGATIVE ION MODE,"Micropeptide hSPAR, a glutamine regulator, suppresses tumor growth via TRIM21-P27KIP1-mTOR pathway - human MDA-MB-231 breast cancer cell"
ST003532,AN005802,94,9,HILIC POSITIVE ION MODE,"Micropeptide hSPAR, a glutamine regulator, suppresses tumor growth via TRIM21-P27KIP1-mTOR pathway - HEK293T human embryonic kidney cells"
ST003532,AN005803,8,9,HILIC NEGATIVE ION MODE,"Micropeptide hSPAR, a glutamine regulator, suppresses tumor growth via TRIM21-P27KIP1-mTOR pathway - HEK293T human embryonic kidney cells"
ST003533,AN005804,471,15,HILIC UNSPECIFIED ION MODE,Nutrient intervention protects against retinal dysfunction from disrupted peroxisomal fatty acid oxidation
ST003534,AN005805,72,70,Reversed phase NEGATIVE ION MODE,Metabolomic analysis of altered arachidonic acid metabolism in mouse heart tissue after myocardial infarction
ST003537,AN005809,261,12,HILIC POSITIVE ION MODE,Metabolomic analysis of fluorescent hairy roots overexpressing the Gretchen Hagen 3_3 genes enhancing soybean resistance to cyst nematodes
ST003538,AN005810,236,12,HILIC POSITIVE ION MODE,Metabolomic analysis of fluorescent hairy roots overexpressing the Gretchen Hagen 3_2 genes enhancing soybean resistance to cyst nematodes
ST003539,AN005811,153,12,HILIC POSITIVE ION MODE,Metabolomic analysis of fluorescent hairy roots overexpressing the Gretchen Hagen 3_1 genes enhancing soybean resistance to cyst nematodes
ST003540,AN005812,261,12,HILIC POSITIVE ION MODE,Metabolomic analysis of fluorescent hairy roots overexpressing the Gretchen Hagen 3_61 genes enhancing soybean resistance to cyst nematodes
ST003541,AN005813,204,12,HILIC POSITIVE ION MODE,Metabolomic analysis of fluorescent hairy roots overexpressing the Gretchen Hagen 3_62 genes enhancing soybean resistance to cyst nematodes
ST003544,AN005820,42,10,Reversed phase POSITIVE ION MODE,Metabolomics of Ndufs4 KO human induced pluripotent stem cells (iPSCs)
ST003544,AN005821,16,10,GC POSITIVE ION MODE,Metabolomics of Ndufs4 KO human induced pluripotent stem cells (iPSCs)
ST003546,AN005825,377,33,Reversed phase POSITIVE ION MODE,Improved Soil Health and Pasture Phytochemical Richness Underlies Improved Beef Nutrient Density in Southern US Grass-Finished Beef Systems
ST003546,AN005826,264,33,Reversed phase POSITIVE ION MODE,Improved Soil Health and Pasture Phytochemical Richness Underlies Improved Beef Nutrient Density in Southern US Grass-Finished Beef Systems
ST003546,AN005827,491,33,Reversed phase NEGATIVE ION MODE,Improved Soil Health and Pasture Phytochemical Richness Underlies Improved Beef Nutrient Density in Southern US Grass-Finished Beef Systems
ST003546,AN005828,175,33,HILIC NEGATIVE ION MODE,Improved Soil Health and Pasture Phytochemical Richness Underlies Improved Beef Nutrient Density in Southern US Grass-Finished Beef Systems
ST003547,AN005829,658,8,HILIC POSITIVE ION MODE,Analysis of the fate of docosahexaenoic acid in HCT116 colorectal cancer cells cultured at pH 7.4 or 6.5.
ST003547,AN005830,1008,8,HILIC NEGATIVE ION MODE,Analysis of the fate of docosahexaenoic acid in HCT116 colorectal cancer cells cultured at pH 7.4 or 6.5.
ST003548,AN005831,47,18,HILIC POSITIVE ION MODE,Metabolomics of Aldh7a1-/- mice treated with lysine alpha-oxidase from Trichoderma viride
ST003548,AN005832,47,18,HILIC NEGATIVE ION MODE,Metabolomics of Aldh7a1-/- mice treated with lysine alpha-oxidase from Trichoderma viride
ST003549,AN005833,207,24,HILIC POSITIVE ION MODE,"Metabolomics analysis of kidney, brain, liver, and plasma from Aldh7a1-/- and Aldh7a1+/+ mice."
ST003549,AN005834,207,24,HILIC NEGATIVE ION MODE,"Metabolomics analysis of kidney, brain, liver, and plasma from Aldh7a1-/- and Aldh7a1+/+ mice."
ST003550,AN005835,131,60,HILIC POSITIVE ION MODE,Stable-isotope lysine tracing in primary mouse astrocytes and HEK293 cells.
ST003550,AN005836,131,60,HILIC NEGATIVE ION MODE,Stable-isotope lysine tracing in primary mouse astrocytes and HEK293 cells.
ST003551,AN005837,178,31,HILIC POSITIVE ION MODE,Metabolomics analysis of N-methyl-arginine-treated HEK293 control (sgTomato) and ALDH7A1-deficient (sgALDH7A1) cells.
ST003551,AN005838,178,31,HILIC NEGATIVE ION MODE,Metabolomics analysis of N-methyl-arginine-treated HEK293 control (sgTomato) and ALDH7A1-deficient (sgALDH7A1) cells.
ST003552,AN005839,7,194,Reversed phase NEGATIVE ION MODE,Investigation of age-dependent changes in the gut of honeybee workers using targeted metabolomics for SCFA determination
ST003553,AN005840,23,194,Reversed phase POSITIVE ION MODE,Investigation of age-dependent changes in the gut of honeybee workers using targeted metabolomics for amino acid and biogenic amine determination
ST003553,AN005841,3,194,Reversed phase POSITIVE ION MODE,Investigation of age-dependent changes in the gut of honeybee workers using targeted metabolomics for amino acid and biogenic amine determination
ST003554,AN005842,21,194,Reversed phase POSITIVE ION MODE,Investigation of age-dependent changes in the brain of honeybee workers using targeted metabolomics for amino acid and biogenic amine determination
ST003554,AN005843,6,194,Reversed phase POSITIVE ION MODE,Investigation of age-dependent changes in the brain of honeybee workers using targeted metabolomics for amino acid and biogenic amine determination
ST003555,AN005844,91,16,Reversed phase NEGATIVE ION MODE,Mitochondrial dysfunction is a driver of cardiac complications in PGM1-CDG with implications for therapy
ST003556,AN005845,37,48,HILIC POSITIVE ION MODE,Metabolomics analysis of conditioned media from N-methyl-arginine-treated HEK293 control (sgTomato) and ALDH7A1-deficient (sgALDH7A1) cells.
ST003556,AN005846,37,48,HILIC NEGATIVE ION MODE,Metabolomics analysis of conditioned media from N-methyl-arginine-treated HEK293 control (sgTomato) and ALDH7A1-deficient (sgALDH7A1) cells.
ST003557,AN005847,5,39,HILIC POSITIVE ION MODE,"Metabolomics analysis of kidney, brain, liver, and plasma from Aldh7a1-/- mice administered PBS or N-methyl-arginine (80 mg/kg) via a single intraperitoneal injection."
ST003557,AN005848,1,39,HILIC NEGATIVE ION MODE,"Metabolomics analysis of kidney, brain, liver, and plasma from Aldh7a1-/- mice administered PBS or N-methyl-arginine (80 mg/kg) via a single intraperitoneal injection."
ST003558,AN005849,1,60,HILIC POSITIVE ION MODE,Competitive inhibition of N-methyl-arginine uptake in HEK293 cells treated with cationic and neutral amino acids.
ST003559,AN005850,5,64,HILIC POSITIVE ION MODE,Metabolomics and N-methyl-arginine uptake in control (siNTC) and cationic amino acid transporter knockdown HEK293 cells.
ST003561,AN005852,35,299,GC POSITIVE ION MODE,High serum pesticide levels are associated with increased odds of inflammatory bowel disease in a nested case-control study
ST003562,AN005853,44,164,Reversed phase NEGATIVE ION MODE,"MULTIPLE, REDUNDANT CARBOXYLIC ACID TRANSPORTERS SUPPORT MITOCHONDRIAL METABOLISM IN PLASMODIUM FALCIPARUM"
ST003563,AN005854,154,27,GC POSITIVE ION MODE,Metabolic changes in imbibed seeds of malting barley produced under drought or elevated temperature
ST003565,AN005857,868,13,HILIC POSITIVE ION MODE,Metaboloomics analysis of the antimalarial compound WEHI-1888504 (aka compound 59) in Plasmodium falciparum (3D7) infected red blood cells
ST003565,AN005858,718,13,HILIC NEGATIVE ION MODE,Metaboloomics analysis of the antimalarial compound WEHI-1888504 (aka compound 59) in Plasmodium falciparum (3D7) infected red blood cells
ST003567,AN005860,70,21,GC POSITIVE ION MODE,Enoyl-acyl carrier protein reductase (ZmENR1) expression level is critical for de novo fatty acid biosynthesis and anther cuticle and pollen exine formation in maize.
ST003570,AN005865,18,6,HILIC NEGATIVE ION MODE,Hepatocytes transform fructose into polar metabolites that are selectively utilized by cancer cells
ST003571,AN005866,22,13,Reversed phase POSITIVE ION MODE,Hepatocytes transform fructose into lipids that can metabolized by cancer cells
ST003572,AN005867,128,19,Reversed phase POSITIVE ION MODE,Dietary sugar supplementation in mice enhances the availability of many circulating lipids including lysophosphatidylcholines
ST003575,AN005870,813,17,Reversed phase POSITIVE ION MODE,Lipidomic Profiling of a Preclinical Model of Streptozotocin induced Diabetic Cardiomyopathy
ST003577,AN005873,74,12,Reversed phase NEGATIVE ION MODE,Multi ‘omics indicate depth-discrete partitioning of nitrogen metabolism in a toxic Planktothrix rubescens bloom in the winter water column
ST003578,AN005874,334,24,Flow injection analysis NEGATIVE ION MODE,NRF2 supports non-small cell lung cancer growth independently of CBP/p300-enhanced glutathione synthesis
ST003578,AN005875,12,24,Flow injection analysis POSITIVE ION MODE,NRF2 supports non-small cell lung cancer growth independently of CBP/p300-enhanced glutathione synthesis
ST003578,AN005876,496,24,Flow injection analysis POSITIVE ION MODE,NRF2 supports non-small cell lung cancer growth independently of CBP/p300-enhanced glutathione synthesis
ST003580,AN005879,117,24,Reversed phase POSITIVE ION MODE,Metabolomic profiling of normal and fibrotic mouse lungs
ST003580,AN005880,99,24,Reversed phase POSITIVE ION MODE,Metabolomic profiling of normal and fibrotic mouse lungs
ST003580,AN005881,104,24,Reversed phase NEGATIVE ION MODE,Metabolomic profiling of normal and fibrotic mouse lungs
ST003580,AN005882,58,24,HILIC NEGATIVE ION MODE,Metabolomic profiling of normal and fibrotic mouse lungs
ST003583,AN005886,188,18,HILIC NEGATIVE ION MODE,Unraveling metabolism underpinning biomass composition shift in algae under simulated outdoor conditions using 13C fluxomics
ST003584,AN005887,29,36,NMR data,Glucagon is a major controller of metabolism and malignancy in pancreatic neuroendocrine tumour (pNET) cells
ST003585,AN005888,39,16,NMR data,Glutaminase 1 (GLS1)-based therapy targets glutamine reliance in glioblastoma (GBM)- cell line assays supernants
ST003586,AN005889,202,8,CE POSITIVE ION MODE,Metabolomics of the murine liver
ST003586,AN005890,127,8,CE NEGATIVE ION MODE,Metabolomics of the murine liver
ST003587,AN005891,175,150,Reversed phase POSITIVE ION MODE,Comparison of Machine Learning Models for Metabolomic-Based Clinical Prediction of Preterm Birth
ST003588,AN005892,371,55,HILIC UNSPECIFIED ION MODE,Mitochondria complex III is essential for IL-10 secretion in macrophages independent of respiration
ST003595,AN005903,17,20,Reversed phase POSITIVE ION MODE,Trifluoroacetate reduces plasma lipid levels and the development of atherosclerosis in mice
ST003595,AN005904,10,20,Reversed phase NEGATIVE ION MODE,Trifluoroacetate reduces plasma lipid levels and the development of atherosclerosis in mice
ST003596,AN005905,9,442,HILIC NEGATIVE ION MODE,An Organism-Level Quantitative Flux Model of Energy Metabolism in Mice
ST003596,AN005906,1,442,HILIC NEGATIVE ION MODE,An Organism-Level Quantitative Flux Model of Energy Metabolism in Mice
ST003596,AN005907,9,442,Reversed phase POSITIVE ION MODE,An Organism-Level Quantitative Flux Model of Energy Metabolism in Mice
ST003597,AN005908,203,12,HILIC POSITIVE ION MODE,Metabolic regulation of RNA methylation by the m6A-reader IGF2BP3
ST003597,AN005909,247,12,HILIC NEGATIVE ION MODE,Metabolic regulation of RNA methylation by the m6A-reader IGF2BP3
ST003598,AN005910,9,48,HILIC NEGATIVE ION MODE,Nuclear Factor I A (NFIA) Regulates Articular Chondrocyte Fatty Acid Metabolism and Joint Homeostasis
ST003598,AN005911,9,48,HILIC NEGATIVE ION MODE,Nuclear Factor I A (NFIA) Regulates Articular Chondrocyte Fatty Acid Metabolism and Joint Homeostasis
ST003598,AN005912,9,48,HILIC NEGATIVE ION MODE,Nuclear Factor I A (NFIA) Regulates Articular Chondrocyte Fatty Acid Metabolism and Joint Homeostasis
ST003598,AN005913,10,48,Reversed phase POSITIVE ION MODE,Nuclear Factor I A (NFIA) Regulates Articular Chondrocyte Fatty Acid Metabolism and Joint Homeostasis
ST003599,AN005914,139,73,HILIC UNSPECIFIED ION MODE,Multi-omic profiling of squamous cell lung cancer identifies metabolites and related genes associated with squamous cell carcinoma
ST003600,AN005915,321,18,Reversed phase POSITIVE ION MODE,Development of Food Material Source Technology for Future Alternative Meats (Including Cultured Meat)
ST003600,AN005916,121,18,Reversed phase NEGATIVE ION MODE,Development of Food Material Source Technology for Future Alternative Meats (Including Cultured Meat)
ST003602,AN005918,28,15,NMR data,Metabolic effects of cellular necrosis caused by exfoliative toxin C (ExhC) from Mammaliccocus sciuri
ST003603,AN005919,96,27,Reversed phase NEGATIVE ION MODE,Comparison of metabolic responses in murine bone marrow derived macrophages upon LPS treatment versus following the engulfment of live or dead E coli.
ST003603,AN005920,157,27,Reversed phase POSITIVE ION MODE,Comparison of metabolic responses in murine bone marrow derived macrophages upon LPS treatment versus following the engulfment of live or dead E coli.
ST003604,AN005921,94,44,Reversed phase NEGATIVE ION MODE,Investigation of global metabolites and E coli-derived metabolites following engulfment of dead bacteria by wild type or RagAGTP-expressing bone marrow derived macrophages.
ST003604,AN005922,118,44,Reversed phase POSITIVE ION MODE,Investigation of global metabolites and E coli-derived metabolites following engulfment of dead bacteria by wild type or RagAGTP-expressing bone marrow derived macrophages.
ST003605,AN005923,89,36,Reversed phase NEGATIVE ION MODE,Global metabolomics and tracing of E coli-derived metabolites following engulfment of heat-killed bacteria by wild type or RagAGTP-deficient bone marrow derived macrophages.
ST003605,AN005924,79,36,Reversed phase POSITIVE ION MODE,Global metabolomics and tracing of E coli-derived metabolites following engulfment of heat-killed bacteria by wild type or RagAGTP-deficient bone marrow derived macrophages.
ST003606,AN005925,77,76,Reversed phase NEGATIVE ION MODE,Global metabolomics and tracing of E coli-derived metabolites following engulfment of live or heat-killed bacteria by bone marrow derived macrophages expressing constitutively active mutants of Kras or Hras
ST003606,AN005926,60,76,Reversed phase POSITIVE ION MODE,Global metabolomics and tracing of E coli-derived metabolites following engulfment of live or heat-killed bacteria by bone marrow derived macrophages expressing constitutively active mutants of Kras or Hras
ST003607,AN005927,102,20,Reversed phase NEGATIVE ION MODE,"Global metabolomics and tracing of 13C-labeled metabolites of bone marrow derived macrophages following engulfment of dead 13C-labeled Citrobacter rodentium, Listeria innocua, Staphilococcus aureus, or Pseudomonas aeruginosa."
ST003607,AN005928,83,20,Reversed phase POSITIVE ION MODE,"Global metabolomics and tracing of 13C-labeled metabolites of bone marrow derived macrophages following engulfment of dead 13C-labeled Citrobacter rodentium, Listeria innocua, Staphilococcus aureus, or Pseudomonas aeruginosa."
ST003608,AN005929,73,6,Reversed phase NEGATIVE ION MODE,Global metabolomics to compare metabolic profiles of live vs heat-killed thymidine-auxotrophe E. Coli
ST003608,AN005930,34,6,Reversed phase POSITIVE ION MODE,Global metabolomics to compare metabolic profiles of live vs heat-killed thymidine-auxotrophe E. Coli
ST003609,AN005931,60,6,Reversed phase NEGATIVE ION MODE,13C-tracing of central energy metabolism in thymidine-auxotroph E. Coli
ST003609,AN005932,34,6,Reversed phase POSITIVE ION MODE,13C-tracing of central energy metabolism in thymidine-auxotroph E. Coli
ST003610,AN005933,31,19,Reversed phase NEGATIVE ION MODE,13C-tracing metabolomics of peritoneal macrophages 1hour and 2hours after engulfment of 13C-labeled heat-killed E coli
ST003610,AN005934,38,19,Reversed phase POSITIVE ION MODE,13C-tracing metabolomics of peritoneal macrophages 1hour and 2hours after engulfment of 13C-labeled heat-killed E coli
ST003611,AN005935,31,10,Reversed phase NEGATIVE ION MODE,13C-tracing metabolomics of peritoneal macrophages 1hour after engulfment of 13C-labeled heat-killed E coli vs untreated peritoneal macrophages
ST003611,AN005936,44,10,Reversed phase POSITIVE ION MODE,13C-tracing metabolomics of peritoneal macrophages 1hour after engulfment of 13C-labeled heat-killed E coli vs untreated peritoneal macrophages
ST003612,AN005937,83,2,GC POSITIVE ION MODE,Candida auris planktonic and dispersed cells Chromatographic analysis using GC-MS
ST003614,AN005939,682,10,None (Direct infusion) POSITIVE ION MODE,Kupffer cells control neonatal hepatic glucose metabolism via Igf1 signaling - lipidomics analysis of postnatal day 0 murine livers after macropahges depletion
ST003615,AN005940,35,24,GC POSITIVE ION MODE,Kupffer cells control neonatal hepatic glucose metabolism via Igf1 signaling - C13 glucose traced metabolites analysis of postnatal day 0 livers after macropahges depletion
ST003617,AN005943,60,116,NMR data,Metabolic adaptations in pancreatic ductal adenocarcinoma-patient derived xenograft models across serial passages
ST003622,AN005949,59,34,Reversed phase POSITIVE ION MODE,A multi-omic census reveals obesity-associated microRNA miR-let-7 as novel instigator of adipose mitochondrial dysfunction and of intergenerational metabolic decline.
ST003622,AN005950,86,34,Reversed phase NEGATIVE ION MODE,A multi-omic census reveals obesity-associated microRNA miR-let-7 as novel instigator of adipose mitochondrial dysfunction and of intergenerational metabolic decline.
ST003622,AN005951,553,34,Reversed phase POSITIVE ION MODE,A multi-omic census reveals obesity-associated microRNA miR-let-7 as novel instigator of adipose mitochondrial dysfunction and of intergenerational metabolic decline.
ST003622,AN005952,584,34,Reversed phase NEGATIVE ION MODE,A multi-omic census reveals obesity-associated microRNA miR-let-7 as novel instigator of adipose mitochondrial dysfunction and of intergenerational metabolic decline.
ST003623,AN005953,243,32,HILIC UNSPECIFIED ION MODE,NRF2 supports non-small cell lung cancer growth independently of CBP/p300-enhanced glutathione synthesis: Global metabolomics analysis on A549 cells at different NRF2 status (Part 1 of 3)
ST003624,AN005954,2,16,HILIC NEGATIVE ION MODE,NRF2 supports non-small cell lung cancer growth independently of CBP/p300-enhanced glutathione synthesis: Absolute Quantification of NADP+ and NADPH in A549 cells (Part 2 of 3)
ST003625,AN005955,5,60,HILIC NEGATIVE ION MODE,"NRF2 supports non-small cell lung cancer growth independently of CBP/p300-enhanced glutathione synthesis: Using 1,2-13C-glucose to measure PPP Flux in A549 cells (Part 3 of 3)"
ST003626,AN005956,148,12,CE POSITIVE ION MODE,Metabolomic profile of human regulatory T cells.
ST003626,AN005957,55,12,CE NEGATIVE ION MODE,Metabolomic profile of human regulatory T cells.
ST003627,AN005958,363,12,Reversed phase POSITIVE ION MODE,Lipidomic analysis of human regulatory T cells.
ST003627,AN005959,248,12,Reversed phase NEGATIVE ION MODE,Lipidomic analysis of human regulatory T cells.
ST003629,AN005961,510,44,Reversed phase NEGATIVE ION MODE,Impact of human PSMC5 gene mutations on neuronal development: Lipid profiling of PSMC5 mutant T cells
ST003629,AN005962,2212,44,Reversed phase POSITIVE ION MODE,Impact of human PSMC5 gene mutations on neuronal development: Lipid profiling of PSMC5 mutant T cells
ST003630,AN005963,652,113,None (Direct infusion) UNSPECIFIED ION MODE,Individual glycemic responses to carbohydrates vary and reflect underlying metabolic physiology (Lipidomics)
ST003632,AN005965,1866,32,Reversed phase UNSPECIFIED ION MODE,Dysregulated Lipid Metabolism in African American Women Who Experienced Cardiometabolic Complications of Pregnancy
ST003633,AN005966,38,12,NMR data,1H-NMR-based Metabolomic Analysis of Hypersalinity-Induced Oviparity in Brine Shrimp
ST003634,AN005967,68,36,NMR data,NMR metabolomics confirms PRPS homooligomerization in PRPS2/PRPSAP1/PRPSAP2 triple knockout mouse embryonic fibroblasts decreases flux through the nucleotide biosynthesis pathways
ST003635,AN005968,127,124,HILIC UNSPECIFIED ION MODE,Intracellular and supernatant metabolomes of ferroptotic Pfa1 cells using HPLC-MS/MS
ST003636,AN005969,309,113,HILIC POSITIVE ION MODE,Individual glycemic responses to carbohydrates vary and reflect underlying metabolic physiology (metabolomics)
ST003636,AN005970,210,113,HILIC NEGATIVE ION MODE,Individual glycemic responses to carbohydrates vary and reflect underlying metabolic physiology (metabolomics)
ST003636,AN005971,280,113,Reversed phase POSITIVE ION MODE,Individual glycemic responses to carbohydrates vary and reflect underlying metabolic physiology (metabolomics)
ST003636,AN005972,175,113,Reversed phase NEGATIVE ION MODE,Individual glycemic responses to carbohydrates vary and reflect underlying metabolic physiology (metabolomics)
ST003637,AN005973,908,6,Reversed phase POSITIVE ION MODE,lomitapide effects on lipidomics
ST003637,AN005974,615,6,Reversed phase NEGATIVE ION MODE,lomitapide effects on lipidomics
ST003638,AN005975,293,6,HILIC UNSPECIFIED ION MODE,The effects of cystine limitation stress adaptation (CLSA) on metabolomics changes in pancreatic cancer cells (MiaPaCa-2)
ST003639,AN005976,416,12,Reversed phase POSITIVE ION MODE,Multilevel Plasticity and Altered Glycosylation Drive Aggressiveness in Hypoxic and Glucose-Deprived Bladder Cancer Cells
ST003639,AN005977,298,12,Reversed phase NEGATIVE ION MODE,Multilevel Plasticity and Altered Glycosylation Drive Aggressiveness in Hypoxic and Glucose-Deprived Bladder Cancer Cells
ST003641,AN005979,20,48,Reversed phase NEGATIVE ION MODE,The Spatial Transcriptional Activity of Hepatic TCF7L2 Regulates Zonated Metabolic Pathways that Contribute to Liver Fibrosis
ST003641,AN005980,1,48,Reversed phase POSITIVE ION MODE,The Spatial Transcriptional Activity of Hepatic TCF7L2 Regulates Zonated Metabolic Pathways that Contribute to Liver Fibrosis
ST003642,AN005981,128,20,Reversed phase NEGATIVE ION MODE,Hexosamine Biosynthesis Disruption Impairs GPI Production and Arrests Plasmodium falciparum Growth at Schizont Stages
ST003643,AN005982,152,19,Reversed phase POSITIVE ION MODE,Metabolite analysis for WT and BnaMYB52 mutants by LC-MS/MS
ST003645,AN005984,998,17,HILIC POSITIVE ION MODE,Targeting the c-MYC/ELOVL6 Pathway Alters Cell Membrane Mechanics and Enhances Chemotherapeutic Efficacy in Pancreatic Cancer
ST003645,AN005985,1183,17,HILIC NEGATIVE ION MODE,Targeting the c-MYC/ELOVL6 Pathway Alters Cell Membrane Mechanics and Enhances Chemotherapeutic Efficacy in Pancreatic Cancer
ST003647,AN005988,3,15,Reversed phase POSITIVE ION MODE,Targeted mass spec-based metabolomic and clinical analyte analyses of liver and plasma samples from rats with and without hepatic knockdown of ChREBP expression.
ST003647,AN005989,7,15,Reversed phase POSITIVE ION MODE,Targeted mass spec-based metabolomic and clinical analyte analyses of liver and plasma samples from rats with and without hepatic knockdown of ChREBP expression.
ST003647,AN005990,19,15,Reversed phase NEGATIVE ION MODE,Targeted mass spec-based metabolomic and clinical analyte analyses of liver and plasma samples from rats with and without hepatic knockdown of ChREBP expression.
ST003647,AN005991,2,15,Reversed phase NEGATIVE ION MODE,Targeted mass spec-based metabolomic and clinical analyte analyses of liver and plasma samples from rats with and without hepatic knockdown of ChREBP expression.
ST003647,AN005992,6,15,Reversed phase POSITIVE ION MODE,Targeted mass spec-based metabolomic and clinical analyte analyses of liver and plasma samples from rats with and without hepatic knockdown of ChREBP expression.
ST003647,AN005993,77,15,None (Direct infusion) POSITIVE ION MODE,Targeted mass spec-based metabolomic and clinical analyte analyses of liver and plasma samples from rats with and without hepatic knockdown of ChREBP expression.
ST003648,AN005994,9,8,HILIC POSITIVE ION MODE,Analysis of the role of PNPLA6 in the mouse retina
ST003649,AN005995,182,74,GC POSITIVE ION MODE,Untargeted metabolomics of Human embryonic kidney cells (HEK293) infected by Human adenovirus serotype 5 during early and late infection.
ST003651,AN005997,18,16,Reversed phase POSITIVE ION MODE,Biguanides antithetically regulate tumor properties by the dose-dependent mitochondrial reprogramming-driven c-Src pathway
ST003653,AN006001,47,81,HILIC POSITIVE ION MODE,Marine community metabolomes in the eastern tropical North Pacific Oxygen Deficient Zone
ST003653,AN006002,31,81,HILIC NEGATIVE ION MODE,Marine community metabolomes in the eastern tropical North Pacific Oxygen Deficient Zone
ST003653,AN006003,9,81,Reversed phase POSITIVE ION MODE,Marine community metabolomes in the eastern tropical North Pacific Oxygen Deficient Zone
ST003655,AN006005,1755,73,Reversed phase NEGATIVE ION MODE,Bacteria-derived 3-hydroxydodecanoic acid induces a potent anti-tumor immune response via GPR84 receptor
ST003656,AN006006,1244,10,None (Direct infusion) NEGATIVE ION MODE,Profiling the human beta cell's molecular metabolic response to glucose
ST003657,AN006007,40,109,NMR data,Lactate-coated polyurea-siRNA dendriplex: a gene therapy-directed and metabolism-based strategy to impair glioblastoma (GBM)
ST003658,AN006008,13,16,HILIC POSITIVE ION MODE,Functional analysis of retinal pigment epithelial cells with PNPLA6 knockdown
ST003660,AN006011,45,62,Reversed phase NEGATIVE ION MODE,Kingdom-specific lipid unsaturation calibrates sequence evolution in membrane arm subunits of eukaryotic respiratory complexes
ST003601,AN006012,89,42,HILIC UNSPECIFIED ION MODE,Rapid modulation of gut microbiota composition by hypothalamic circuits in mice
ST003662,AN006015,94,352,HILIC UNSPECIFIED ION MODE,Metabolome trajectory of exercise physiology- a comprehensive study of healthy male and female athletes
ST003662,AN006016,84,352,Reversed phase UNSPECIFIED ION MODE,Metabolome trajectory of exercise physiology- a comprehensive study of healthy male and female athletes
ST003661,AN006017,385,63,Normal phase POSITIVE ION MODE,Lipidomics facilitates the discovery of diagnostic biomarkers in patients with chronic total occlusion during the perioperative period
ST003661,AN006018,227,63,Normal phase NEGATIVE ION MODE,Lipidomics facilitates the discovery of diagnostic biomarkers in patients with chronic total occlusion during the perioperative period
ST003663,AN006019,215,206,GC POSITIVE ION MODE,Metabolic and Morphometric Analysis of Allometric and Total Liver Growth in Post-Hatch Chickens
ST003664,AN006020,444,100,Reversed phase POSITIVE ION MODE,Tumour interstitial fluid-enriched phosphoethanolamine suppresses T cell function.
ST003664,AN006021,65,100,Reversed phase NEGATIVE ION MODE,Tumour interstitial fluid-enriched phosphoethanolamine suppresses T cell function.
ST003665,AN006022,299,6,HILIC UNSPECIFIED ION MODE,The effects of cystine limitation stress adaptation (CLSA) on metabolomics changes in pancreatic cancer cells (PANC1)
ST003666,AN006023,1927,8,Reversed phase POSITIVE ION MODE,TGFB1-mediated intercellular signaling fuels cooperative cellular invasion
ST003671,AN006028,108,52,Reversed phase POSITIVE ION MODE,Discovery of Metabolic Biomarkers for Gestational Diabetes Mellitus: An In-Depth Metabolomics Investigation Utilizing Mass Spectrometry  
ST003672,AN006029,156,19,Reversed phase POSITIVE ION MODE,Advanced Lipidomics Using UHPLC-ESI-QTOF-MS/MS Reveals Novel Lipids in Hibernating Syrian Hamsters
ST003672,AN006030,190,19,Reversed phase NEGATIVE ION MODE,Advanced Lipidomics Using UHPLC-ESI-QTOF-MS/MS Reveals Novel Lipids in Hibernating Syrian Hamsters
ST003673,AN006031,225,31,Reversed phase POSITIVE ION MODE,Identification of plasma metabolites responding to oxycodone exposure in rats
ST003673,AN006032,218,31,Reversed phase POSITIVE ION MODE,Identification of plasma metabolites responding to oxycodone exposure in rats
ST003673,AN006033,391,31,Reversed phase NEGATIVE ION MODE,Identification of plasma metabolites responding to oxycodone exposure in rats
ST003673,AN006034,107,31,HILIC NEGATIVE ION MODE,Identification of plasma metabolites responding to oxycodone exposure in rats
ST003674,AN006035,139,45,NMR data,Metabolomic and lipoproteomic differences and similarities among different types of pneumonia
ST003675,AN006036,47,398,NMR data,Polar Metabolite Profiles Distinguish Between Early and Severe Sub-maintenance Nutritional States of Wild Bighorn Sheep
ST003678,AN006039,2094,6,Reversed phase UNSPECIFIED ION MODE,The effects of cystine limitation stress adaptation (CLSA) on lipidomics changes in pancreatic cancer cells
ST003679,AN006040,81,17,HILIC UNSPECIFIED ION MODE,Ketogenic diet suppresses colorectal cancer through the gut microbiome long chain fatty acid stearate - untargeted LCMS data from SPF experiment
ST003680,AN006041,175,16,HILIC UNSPECIFIED ION MODE,Ketogenic diet suppresses colorectal cancer through the gut microbiome long chain fatty acid stearate - untargeted LCMS data from CMT experiment
ST003681,AN006042,40,5,HILIC UNSPECIFIED ION MODE,Ketogenic diet suppresses colorectal cancer through the gut microbiome long chain fatty acid stearate - untargeted LCMS data from human fecal samples
ST003683,AN006045,87,16,HILIC UNSPECIFIED ION MODE,Ketogenic diet suppresses colorectal cancer through the gut microbiome long chain fatty acid stearate - untargeted LCMS data from mouse plasma samples
ST003685,AN006048,3,38,Reversed phase NEGATIVE ION MODE,Investigation of C. elegans adah-1 gene for potential adenosine demainaseme activity via quantification of predicted substrate and product in control animals and animals with knockdown in expression of adah-1
ST003686,AN006049,68,468,Reversed phase NEGATIVE ION MODE,Characterization of the transpulmonary metabolome at the intersection of pulmonary vascular disease and exercise
ST003686,AN006050,117,468,Reversed phase POSITIVE ION MODE,Characterization of the transpulmonary metabolome at the intersection of pulmonary vascular disease and exercise
ST003691,AN006057,24,10,NMR data,"Beneficial effects of Glucose-1,6-bisphosphate modulation on mutant phosphomannomutase-2"
ST003694,AN006060,602,6,Reversed phase NEGATIVE ION MODE,FOLFIRINOX effects on lipidomics in pancreatic cancer cells
ST003694,AN006061,551,6,Reversed phase POSITIVE ION MODE,FOLFIRINOX effects on lipidomics in pancreatic cancer cells
ST003695,AN006062,101,35,HILIC POSITIVE ION MODE,Metabolomics studies on mouse cecum samples on a Western diet
ST003695,AN006063,108,35,AMIDE NEGATIVE ION MODE,Metabolomics studies on mouse cecum samples on a Western diet
ST003700,AN006070,296,30,HILIC POSITIVE ION MODE,Untargeted metabolomics investigating the role of aconitate decarboxylase 1 during colitis
ST003700,AN006071,1024,30,HILIC NEGATIVE ION MODE,Untargeted metabolomics investigating the role of aconitate decarboxylase 1 during colitis
ST003701,AN006072,56,60,HILIC POSITIVE ION MODE,Targeted metabolomics investigating the role of aconitate decarboxylase 1 during colitis
ST003701,AN006073,59,60,HILIC NEGATIVE ION MODE,Targeted metabolomics investigating the role of aconitate decarboxylase 1 during colitis
ST003702,AN006074,652,12,None (Direct infusion) POSITIVE ION MODE,Kupffer cells control neonatal hepatic glucose metabolism via Igf1 signaling - lipidomics analysis of postnatal day 0 murine livers after macropahges depletion using Csf1r conditional KO
ST003703,AN006075,705,51,Reversed phase POSITIVE ION MODE,NAD Depletion in Skeletal Muscle does not Compromise Muscle Function or Accelerate Aging
ST003703,AN006076,682,51,Reversed phase NEGATIVE ION MODE,NAD Depletion in Skeletal Muscle does not Compromise Muscle Function or Accelerate Aging
ST003704,AN006077,52,49,HILIC NEGATIVE ION MODE,"Hyperglycemia leads to BMSC(bone marrow mesenchymal stromal cells) impaired osteogenesis, enhanced adipogenesis, and altered metabolism"
ST003705,AN006078,463,333,HILIC POSITIVE ION MODE,Lipid Metabolite Profiling of nontuberculous mycobacterial pulmonary disease
ST003705,AN006079,166,333,HILIC NEGATIVE ION MODE,Lipid Metabolite Profiling of nontuberculous mycobacterial pulmonary disease
ST003710,AN006087,170,42,Reversed phase POSITIVE ION MODE,Integrating Metagenomics and Metabolomics to Study the Gut Microbiome and Host Relationships in Sports Across Different Energy Systems
ST003712,AN006092,193,6,HILIC POSITIVE ION MODE,"ndufs2-/- mitochondrial Leigh syndrome zebrafish model has shortened lifespan, morphologic anomalies, and altered one-carbon metabolism"
ST003712,AN006093,196,6,HILIC NEGATIVE ION MODE,"ndufs2-/- mitochondrial Leigh syndrome zebrafish model has shortened lifespan, morphologic anomalies, and altered one-carbon metabolism"
ST003714,AN006095,787,18,Reversed phase POSITIVE ION MODE,Lipidomics analysis of mouse PDAC cell lines treated with alpha-eleostearic acid
ST003715,AN006096,787,18,Reversed phase POSITIVE ION MODE,Lipidomics analysis of mouse PDAC cell lines treated with tung oil
ST003716,AN006097,260,24,Reversed phase POSITIVE ION MODE,Lipidomics analysis of mice treated with tung or safflower oil by oral gavage.
ST003717,AN006098,787,18,Reversed phase POSITIVE ION MODE,"Lipidomics analysis of mouse pancreatic cancer cells cultured RPMI, TIFM, or TIFM + arginine under lipid deprivation"
ST003718,AN006099,2,22,HILIC POSITIVE ION MODE,Metabolomics of plasma and tumor interstitial fluid (TIF) of tumors from Lyz2-Cre(+/+);Arg1(fl/fl) mice.
ST003720,AN006101,256,12,Reversed phase POSITIVE ION MODE,CD9-dependent extracellular vesicles mediate the propagation of ferroptosis
ST003720,AN006102,277,12,Reversed phase NEGATIVE ION MODE,CD9-dependent extracellular vesicles mediate the propagation of ferroptosis
ST003725,AN006111,98,196,Reversed phase POSITIVE ION MODE,Identification of temperature-sensitive modifications in Thermococcus kodakarensis
ST003726,AN006112,100,45,Reversed phase POSITIVE ION MODE,RNA modification profiles in archaeal and non-archaeal species
ST003727,AN006113,10,42,Reversed phase POSITIVE ION MODE,Identification of modified nucleosides in mRNA-enriched archaeal samples
ST003727,AN006114,3,42,Reversed phase POSITIVE ION MODE,Identification of modified nucleosides in mRNA-enriched archaeal samples
ST003728,AN006115,98,58,Reversed phase POSITIVE ION MODE,Identification and quantification of a m7G modification in T. kodakarensis ribosomal RNA
ST003728,AN006116,11,58,Reversed phase POSITIVE ION MODE,Identification and quantification of a m7G modification in T. kodakarensis ribosomal RNA
ST003729,AN006117,86,84,Reversed phase POSITIVE ION MODE,Honey bee egg composition changes seasonally and after acute maternal virus infection.
ST003729,AN006118,87,84,Reversed phase NEGATIVE ION MODE,Honey bee egg composition changes seasonally and after acute maternal virus infection.
ST003729,AN006119,72,84,Reversed phase POSITIVE ION MODE,Honey bee egg composition changes seasonally and after acute maternal virus infection.
ST003730,AN006120,243,56,Reversed phase POSITIVE ION MODE,Virus infection of honey bee queens alters lipid profiles and indirectly suppresses a retinue pheromone component via reducing ovary mass
ST003730,AN006121,103,56,Reversed phase NEGATIVE ION MODE,Virus infection of honey bee queens alters lipid profiles and indirectly suppresses a retinue pheromone component via reducing ovary mass
ST003731,AN006122,18,10,HILIC POSITIVE ION MODE,Gut neurotransmitter targeting metabolome in sleep-deprived mice
ST003732,AN006123,46,18,Reversed phase POSITIVE ION MODE,"Lipidomic assessment of sphingomyelinase, cholesterol oxidase and cyclodextrin effect in Jurkat Paris"
ST003734,AN006126,27,52,Reversed phase POSITIVE ION MODE,Altered Omega-6/Omega-3 PUFA Ratios and Phospholipid Profiles in CFTR-Mutant PANC-1 Cells Reveal Novel Links Between CFTR Function and Lipid Metabolism
ST003734,AN006127,516,52,Reversed phase NEGATIVE ION MODE,Altered Omega-6/Omega-3 PUFA Ratios and Phospholipid Profiles in CFTR-Mutant PANC-1 Cells Reveal Novel Links Between CFTR Function and Lipid Metabolism
ST003735,AN006128,93,256,HILIC NEGATIVE ION MODE,Evaluation of in vitro pharmacodynamic drug interactions of ceftazidime-avibactam with tigecycline in ESBL- (extended spectrum beta-lactamase) and carbapenemase producing Escherichia coli
ST003735,AN006129,57,256,HILIC POSITIVE ION MODE,Evaluation of in vitro pharmacodynamic drug interactions of ceftazidime-avibactam with tigecycline in ESBL- (extended spectrum beta-lactamase) and carbapenemase producing Escherichia coli
ST003736,AN006130,1182,12,HILIC POSITIVE ION MODE,The Chromosome-Scale Assembly and Multi-Omics Analysis Reveal Adaptive Evolution and Nitrogen Utilization Mechanisms in Edible Grass (Rumex patientia L.× Rumex tianschanicus A. LOS)
ST003736,AN006131,705,12,HILIC NEGATIVE ION MODE,The Chromosome-Scale Assembly and Multi-Omics Analysis Reveal Adaptive Evolution and Nitrogen Utilization Mechanisms in Edible Grass (Rumex patientia L.× Rumex tianschanicus A. LOS)
ST003737,AN006132,216,24,HILIC POSITIVE ION MODE,PILRA regulates microglial neuroinflammation and lipid metabolism as a candidate therapeutic target for Alzheimer’s disease
ST003737,AN006133,59,24,Ion exchange NEGATIVE ION MODE,PILRA regulates microglial neuroinflammation and lipid metabolism as a candidate therapeutic target for Alzheimer’s disease
ST003737,AN006134,140,24,Reversed phase POSITIVE ION MODE,PILRA regulates microglial neuroinflammation and lipid metabolism as a candidate therapeutic target for Alzheimer’s disease
ST003737,AN006135,119,24,Reversed phase NEGATIVE ION MODE,PILRA regulates microglial neuroinflammation and lipid metabolism as a candidate therapeutic target for Alzheimer’s disease
ST003739,AN006139,17,10,HILIC POSITIVE ION MODE,Serum neurotransmitter targeted metabolome in sleep-deprived (SD) mice
ST003740,AN006140,15,115,HILIC POSITIVE ION MODE,Distinct metabolic signatures in non-small cell lung cancer subtype: metabolomics and lipidomics for accurate differentiation of adenocarcinoma and squamous cell carcinoma
ST003740,AN006141,25,115,HILIC NEGATIVE ION MODE,Distinct metabolic signatures in non-small cell lung cancer subtype: metabolomics and lipidomics for accurate differentiation of adenocarcinoma and squamous cell carcinoma
ST003741,AN006142,97,112,HILIC NEGATIVE ION MODE,A Metabolite-Based Resistance Mechanism Against Malaria
ST003741,AN006143,86,112,HILIC POSITIVE ION MODE,A Metabolite-Based Resistance Mechanism Against Malaria
ST003743,AN006147,49,40,NMR data,Hepato-cardiac interorgan communication controls cardiac hypertrophy via combined endocrine-autocrine FGF21 signaling.
ST003744,AN006148,1,12,GC-MS POSITIVE ION MODE,A study exploring the epoxidation function of ODD enzymes (2-oxoglutarate/Fe(II)-dependent dioxygenases)
ST003745,AN006150,1112,24,Reversed phase POSITIVE ION MODE,Screen potential marker proteins influencing spermatogenesis in the testes of Shandong Black Cattle bulls via multi-omics integrated analysis.
ST003745,AN006151,459,24,Reversed phase NEGATIVE ION MODE,Screen potential marker proteins influencing spermatogenesis in the testes of Shandong Black Cattle bulls via multi-omics integrated analysis.
ST003746,AN006152,12,10,HILIC POSITIVE ION MODE,Serum hormone-targeted metabolome of sleep-deprived mice
ST003747,AN006153,30,52,HILIC NEGATIVE ION MODE,Phosphatidylinositol remodeling by lysophospholipid acyltransferase 11 ensures embryonic radial glial cell integrity - part 1
ST003747,AN006154,28,52,HILIC POSITIVE ION MODE,Phosphatidylinositol remodeling by lysophospholipid acyltransferase 11 ensures embryonic radial glial cell integrity - part 1
ST003749,AN006156,38,22,Supercritical fluid chromatography POSITIVE ION MODE,Phosphatidylinositol remodeling by lysophospholipid acyltransferase 11 ensures embryonic radial glial cell integrity - part 3
ST003751,AN006158,672,241,Reversed phase POSITIVE ION MODE,Comprehensive Lipidomic Analysis Identifies Critical Lipid and Metabolic Pathway Shifts in Alport Syndrome
ST003751,AN006159,437,241,Reversed phase NEGATIVE ION MODE,Comprehensive Lipidomic Analysis Identifies Critical Lipid and Metabolic Pathway Shifts in Alport Syndrome
ST003751,AN006160,186,241,Reversed phase POSITIVE ION MODE,Comprehensive Lipidomic Analysis Identifies Critical Lipid and Metabolic Pathway Shifts in Alport Syndrome
ST003751,AN006161,91,241,Reversed phase NEGATIVE ION MODE,Comprehensive Lipidomic Analysis Identifies Critical Lipid and Metabolic Pathway Shifts in Alport Syndrome
ST003753,AN006163,419,9,GC POSITIVE ION MODE,Effects of UV-C treatment on volatile organic compounds in fresh tomato
ST003757,AN006168,204,20,Reversed phase POSITIVE ION MODE,Untargeted lipidomics of gemcitabine-resistant PDAC cells
ST003757,AN006169,205,20,Reversed phase NEGATIVE ION MODE,Untargeted lipidomics of gemcitabine-resistant PDAC cells
ST003758,AN006170,289,20,Reversed phase POSITIVE ION MODE,Untargeted lipidomics of gemcitabine-resistant cells
ST003758,AN006171,198,20,Reversed phase NEGATIVE ION MODE,Untargeted lipidomics of gemcitabine-resistant cells
ST003759,AN006172,84,12,HILIC POSITIVE ION MODE,Analysis of metabolite levels in the circulation of pancreatic tumor bearing mice with or without depletion of myeloid cells
ST003759,AN006173,58,12,HILIC NEGATIVE ION MODE,Analysis of metabolite levels in the circulation of pancreatic tumor bearing mice with or without depletion of myeloid cells
ST003760,AN006174,233,32,Reversed phase POSITIVE ION MODE,Untargeted lipidomics of combination gemcitabine/paclitaxel attenuated (CombAT) PDAC cells
ST003760,AN006175,168,32,Reversed phase NEGATIVE ION MODE,Untargeted lipidomics of combination gemcitabine/paclitaxel attenuated (CombAT) PDAC cells
ST003761,AN006176,37,17,Reversed phase POSITIVE ION MODE,Fatty acids profiling of gemcitabine based chemotherapy resistant PDAC cells
ST003762,AN006177,9,52,Reversed phase POSITIVE ION MODE,Stable-label palmitate tracing of gemcitabine-based chemotherapy in PDAC cells
ST003763,AN006178,38,46,Reversed phase POSITIVE ION MODE,Effect of SCD1 or FADS2 knockdown on fatty acid profile of PDAC cells.
ST003764,AN006179,22,12,Reversed phase POSITIVE ION MODE,Profiling of fatty acid double bond positing ing gemcitabine-resistant pancreatic ductal adenocarcinoma cells
ST003766,AN006181,49,39,Reversed phase POSITIVE ION MODE,Hepatic bioenergetics and metabolism in mitochondrial disease: Insights from the Ndufs4 KO mouse model
ST003768,AN006185,4671,24,HILIC POSITIVE ION MODE,The Chromosome-Scale Assembly and Multi-Omics Analysis Reveal Adaptive Evolution and Nitrogen Utilization Mechanisms in Edible Grass
ST003768,AN006186,4730,24,HILIC NEGATIVE ION MODE,The Chromosome-Scale Assembly and Multi-Omics Analysis Reveal Adaptive Evolution and Nitrogen Utilization Mechanisms in Edible Grass
ST003769,AN006187,48,32,None (Direct infusion) POSITIVE ION MODE,Characterization of brain‐derived extracellular vesicle lipids in Alzheimer's disease
ST003769,AN006188,98,32,None (Direct infusion) NEGATIVE ION MODE,Characterization of brain‐derived extracellular vesicle lipids in Alzheimer's disease
ST003769,AN006189,546,32,None (Direct infusion) POSITIVE ION MODE,Characterization of brain‐derived extracellular vesicle lipids in Alzheimer's disease
ST003566,AN006190,147,102,HILIC UNSPECIFIED ION MODE,Unraveling cysteine deficiency-associated rapid weight loss
ST003770,AN006191,259,90,HILIC NEGATIVE ION MODE,"Metabolomics profiling of ovarian cancer ascites, patient plasma, and healthy donor plasma"
ST003776,AN006202,463,28,None (Direct infusion) POSITIVE ION MODE,Investigation of Hepatic Lipid Alterations Following Micro- and Nanoplastic-Ingestion
ST003778,AN006205,368,49,HILIC POSITIVE ION MODE,Human to mouse microbiota transfer model demonstrates disease-modifying effects of the short-chain fatty acid biotherapy modified microbiota
ST003778,AN006206,276,49,HILIC NEGATIVE ION MODE,Human to mouse microbiota transfer model demonstrates disease-modifying effects of the short-chain fatty acid biotherapy modified microbiota
ST003779,AN006207,116,15,HILIC UNSPECIFIED ION MODE,Overcoming resistance to immunotherapy by targeting CD38 in human tumor explants - Intracellular metabolomics of B7.H3 human CAR-T cells
ST003782,AN006211,4,356,Reversed phase POSITIVE ION MODE,Biomonitoring of (pseudo)pregnancy in giant panda urine using polar metabolomics
ST003783,AN006213,7,389,Reversed phase POSITIVE ION MODE,Biomonitoring of (pseudo)pregnancy in giant panda urine using steroidomics
ST003783,AN006215,1,389,Reversed phase POSITIVE ION MODE,Biomonitoring of (pseudo)pregnancy in giant panda urine using steroidomics
ST003783,AN006216,1,389,Reversed phase NEGATIVE ION MODE,Biomonitoring of (pseudo)pregnancy in giant panda urine using steroidomics
ST003784,AN006217,1,101,HILIC POSITIVE ION MODE,Muscle-specific Ryanodine Receptor 1 Properties Underlie Limb-Girdle Muscular Dystrophy 2B/R2 Progression
ST003784,AN006218,3,101,HILIC NEGATIVE ION MODE,Muscle-specific Ryanodine Receptor 1 Properties Underlie Limb-Girdle Muscular Dystrophy 2B/R2 Progression
ST003785,AN006219,435,24,Reversed phase NEGATIVE ION MODE,Sex differences in lipid profiles of visceral adipose tissue with obesity and gonadectomy
ST003785,AN006220,301,24,Reversed phase POSITIVE ION MODE,Sex differences in lipid profiles of visceral adipose tissue with obesity and gonadectomy
ST003786,AN006221,104,74,Reversed phase NEGATIVE ION MODE,Molecular fingerprint inference reveals bioactive lipids and microbial metabolites in colitis
ST003789,AN006228,327,46,HILIC NEGATIVE ION MODE,Serum metabolomics of B16-OVA tumor-bearing mice fed chow or low and high fiber purified diets and treated with isotype control or anti-PD-1 antibody
ST003789,AN006229,266,46,HILIC POSITIVE ION MODE,Serum metabolomics of B16-OVA tumor-bearing mice fed chow or low and high fiber purified diets and treated with isotype control or anti-PD-1 antibody
ST003790,AN006230,524,38,HILIC NEGATIVE ION MODE,Fecal metabolomics of B16-OVA tumor-bearing mice fed chow or low and high fiber purified diets and treated with isotype control or anti-PD-1 antibody
ST003790,AN006231,253,38,HILIC POSITIVE ION MODE,Fecal metabolomics of B16-OVA tumor-bearing mice fed chow or low and high fiber purified diets and treated with isotype control or anti-PD-1 antibody
ST003791,AN006232,112,474,NMR data,Associations between lipoprotein subclasses and cardiovascular health in ageing
ST003792,AN006233,207,12,Reversed phase NEGATIVE ION MODE,Untargeted lipidomics characterization of blood samples from patients with maple syrup urine disease (MSUD) in comparison to healthy controls
ST003792,AN006234,460,12,Reversed phase POSITIVE ION MODE,Untargeted lipidomics characterization of blood samples from patients with maple syrup urine disease (MSUD) in comparison to healthy controls
ST003793,AN006235,52,12,Reversed phase NEGATIVE ION MODE,Oxylipins in blood samples from patients with maple syrup urine disease (MSUD) in comparison to healthy controls
ST003794,AN006236,77,12,Reversed phase NEGATIVE ION MODE,Metabolomics characterization of blood samples from patients with maple syrup urine disease (MSUD) in comparison to healthy controls
ST003794,AN006237,126,12,Reversed phase POSITIVE ION MODE,Metabolomics characterization of blood samples from patients with maple syrup urine disease (MSUD) in comparison to healthy controls
ST003795,AN006238,52,12,CE POSITIVE ION MODE,lysine-specific demethylase 7A (KDM7A) regulates fibrotic macrophage polarization to suppress lung fibrosis progression - Metabolome Analysis of RAW264.7 Cells
ST003795,AN006239,42,12,CE POSITIVE ION MODE,lysine-specific demethylase 7A (KDM7A) regulates fibrotic macrophage polarization to suppress lung fibrosis progression - Metabolome Analysis of RAW264.7 Cells
ST003795,AN006240,22,12,CE NEGATIVE ION MODE,lysine-specific demethylase 7A (KDM7A) regulates fibrotic macrophage polarization to suppress lung fibrosis progression - Metabolome Analysis of RAW264.7 Cells
ST003797,AN006242,85,2706,GC POSITIVE ION MODE,Genetic architecture for maize leaf and kernel metabolome in CUBIC population
ST003798,AN006243,127,211,Reversed phase POSITIVE ION MODE,Metabolic signature in combination with fecal immunochemical test as a non-invasive tool for advanced colorectal neoplasia diagnosis
ST003799,AN006244,199,248,HILIC POSITIVE ION MODE,Molecular fingerprint inference reveals bioactive lipids and microbial metabolites in colitis. Study 2.
ST003799,AN006245,36,248,Reversed phase POSITIVE ION MODE,Molecular fingerprint inference reveals bioactive lipids and microbial metabolites in colitis. Study 2.
ST003799,AN006246,91,248,HILIC NEGATIVE ION MODE,Molecular fingerprint inference reveals bioactive lipids and microbial metabolites in colitis. Study 2.
ST003799,AN006247,59,248,Reversed phase NEGATIVE ION MODE,Molecular fingerprint inference reveals bioactive lipids and microbial metabolites in colitis. Study 2.
ST003800,AN006248,74,104,Reversed phase POSITIVE ION MODE,Salivary Metabolome Profiling in Smokeless Tobacco Users: A Comparative Study.
ST003801,AN006249,176,84,Reversed phase POSITIVE ION MODE,Salivary Metabolome Profiling in Oral Cancer Patients: A Comparative Study.
ST003802,AN006250,823,96,HILIC POSITIVE ION MODE,Integrated Metabolomic and Transcriptomic Analysis via WGCNA Uncovers Regulatory Networks for Capsinoid and Ascorbic Acid Biosynthesis in Pepper Species.
ST003802,AN006251,788,96,HILIC NEGATIVE ION MODE,Integrated Metabolomic and Transcriptomic Analysis via WGCNA Uncovers Regulatory Networks for Capsinoid and Ascorbic Acid Biosynthesis in Pepper Species.
ST003803,AN006252,43,29,NMR data,metabolomics of skeletal muscle of disused muscle atrophy mice
ST003804,AN006253,117,62,HILIC NEGATIVE ION MODE,Metabolomics Analysis of Zebrafish Liver Under Long-Term BPF Exposure
ST003805,AN006254,329,10,HILIC POSITIVE ION MODE,"Epigenetic changes, neuronal dysregulation and behavioral abnormalities in Zmym2+/- mutant mice, a genetic animal model of schizophrenia and neurodevelopmental disorders"
ST003805,AN006255,390,10,Reversed phase POSITIVE ION MODE,"Epigenetic changes, neuronal dysregulation and behavioral abnormalities in Zmym2+/- mutant mice, a genetic animal model of schizophrenia and neurodevelopmental disorders"
ST003805,AN006256,82,10,HILIC NEGATIVE ION MODE,"Epigenetic changes, neuronal dysregulation and behavioral abnormalities in Zmym2+/- mutant mice, a genetic animal model of schizophrenia and neurodevelopmental disorders"
ST003805,AN006257,82,10,Reversed phase NEGATIVE ION MODE,"Epigenetic changes, neuronal dysregulation and behavioral abnormalities in Zmym2+/- mutant mice, a genetic animal model of schizophrenia and neurodevelopmental disorders"
ST003808,AN006261,55,16,GC POSITIVE ION MODE,Glucose-6-phosphate-dehydrogenase on old peroxisomes maintains self-renewal of epithelial stem cells after asymmetric cell division
ST003808,AN006262,7,16,Reversed phase NEGATIVE ION MODE,Glucose-6-phosphate-dehydrogenase on old peroxisomes maintains self-renewal of epithelial stem cells after asymmetric cell division
ST003812,AN006267,233,81,HILIC POSITIVE ION MODE,Sulfur Amino Acid Restriction Enhances Exercise Capacity in Mice by Boosting Fat Oxidation in Muscle - metabolomics from CD36 x PdgfBcre vs WT mice on control or SAAR diet
ST003812,AN006268,324,81,HILIC NEGATIVE ION MODE,Sulfur Amino Acid Restriction Enhances Exercise Capacity in Mice by Boosting Fat Oxidation in Muscle - metabolomics from CD36 x PdgfBcre vs WT mice on control or SAAR diet
ST003813,AN006269,225,27,HILIC POSITIVE ION MODE,Sulfur Amino Acid Restriction Enhances Exercise Capacity in Mice by Boosting Fat Oxidation in Muscle - extensor digitorum longus (EDL) versus soleus (Sol) on Con and SAAR diet metabolomics
ST003813,AN006270,305,27,HILIC NEGATIVE ION MODE,Sulfur Amino Acid Restriction Enhances Exercise Capacity in Mice by Boosting Fat Oxidation in Muscle - extensor digitorum longus (EDL) versus soleus (Sol) on Con and SAAR diet metabolomics
ST003814,AN006271,557,27,Reversed phase POSITIVE ION MODE,Sulfur Amino Acid Restriction Enhances Exercise Capacity in Mice by Boosting Fat Oxidation in Muscle - extensor digitorum longus (EDL) versus soleus (Sol) on Con and SAAR diet lipidomics
ST003814,AN006272,129,27,Reversed phase NEGATIVE ION MODE,Sulfur Amino Acid Restriction Enhances Exercise Capacity in Mice by Boosting Fat Oxidation in Muscle - extensor digitorum longus (EDL) versus soleus (Sol) on Con and SAAR diet lipidomics
ST003817,AN006275,1592,24,Reversed phase POSITIVE ION MODE,Irisin promotes bone tissue repair and intestinal protection in osteoporotic mice
ST003817,AN006276,1118,24,Reversed phase NEGATIVE ION MODE,Irisin promotes bone tissue repair and intestinal protection in osteoporotic mice
ST003818,AN006277,331,24,Reversed phase POSITIVE ION MODE,Irisin Attenuates Postmenopausal Osteoporosis by Upregulating Phosphatidylcholine Metabolism via the Wnt/β-catenin Pathway
ST003818,AN006278,223,24,Reversed phase NEGATIVE ION MODE,Irisin Attenuates Postmenopausal Osteoporosis by Upregulating Phosphatidylcholine Metabolism via the Wnt/β-catenin Pathway
ST003819,AN006279,95,12,HILIC UNSPECIFIED ION MODE,Polar metabolite profiling of SLC31A1 knockout cells compared to intergenic sgRNA containing cells
ST003828,AN006288,20,18,HILIC NEGATIVE ION MODE,An integrated analysis of behavioral and metabolic modulations under a chronobiotic treatment in Drosophila melanogaster
ST003829,AN006289,47,92,HILIC POSITIVE ION MODE,Urinary metabolomics for noninvasive biomarker identification in neonatal sepsis
ST003829,AN006290,10,92,HILIC NEGATIVE ION MODE,Urinary metabolomics for noninvasive biomarker identification in neonatal sepsis
ST003830,AN006291,141,27,HILIC UNSPECIFIED ION MODE,Overcoming resistance to immunotherapy by targeting CD38 in human tumor explants - Extracellular metabolomics of B7.H3 human CAR-T cells
ST003833,AN006294,60,12,Reversed phase POSITIVE ION MODE,Lactate activates trained immunity by fueling the tricarboxylic acid cycle and regulating histone lactylation
ST003833,AN006295,38,12,Reversed phase NEGATIVE ION MODE,Lactate activates trained immunity by fueling the tricarboxylic acid cycle and regulating histone lactylation
ST003836,AN006299,132,10,HILIC NEGATIVE ION MODE,13C taurine tracing in K562 human leukemia cells
ST003836,AN006300,117,10,HILIC POSITIVE ION MODE,13C taurine tracing in K562 human leukemia cells
ST003837,AN006301,55,60,Reversed phase NEGATIVE ION MODE,Unsupervised Multi-Omics Analysis Reveals Diagnostic Opportunities and Unseen Interactions in Equine Pituitary Pars Intermedia Dysfunction
ST003837,AN006302,69,60,Reversed phase POSITIVE ION MODE,Unsupervised Multi-Omics Analysis Reveals Diagnostic Opportunities and Unseen Interactions in Equine Pituitary Pars Intermedia Dysfunction
ST003837,AN006303,38,60,Reversed phase NEGATIVE ION MODE,Unsupervised Multi-Omics Analysis Reveals Diagnostic Opportunities and Unseen Interactions in Equine Pituitary Pars Intermedia Dysfunction
ST003837,AN006304,595,60,Reversed phase POSITIVE ION MODE,Unsupervised Multi-Omics Analysis Reveals Diagnostic Opportunities and Unseen Interactions in Equine Pituitary Pars Intermedia Dysfunction
ST003841,AN006313,307,20,Reversed phase UNSPECIFIED ION MODE,Metformin inhibits mitochondrial complex I to drive intestinal glucose uptake
ST003842,AN006314,628,100,Reversed phase POSITIVE ION MODE,Lipidomics analysis of Bombyx mori cocoon shell in positive and negative mode
ST003842,AN006315,527,100,Reversed phase NEGATIVE ION MODE,Lipidomics analysis of Bombyx mori cocoon shell in positive and negative mode
ST003843,AN006316,115,100,HILIC POSITIVE ION MODE,Metabolomic analysis of Bombyx mori cocoon shell in positive and negative mode
ST003843,AN006317,89,100,HILIC NEGATIVE ION MODE,Metabolomic analysis of Bombyx mori cocoon shell in positive and negative mode
ST003845,AN006319,111,40,NMR data,"Shift in the urinary metabolome associated with 2,3,7,8-tetrachlorodibenzo-p-dioxin activation of the hepatic aryl hydrocarbon receptor"
ST003846,AN006320,138,36,HILIC NEGATIVE ION MODE,Hepatic Coenzyme Q (CoQ) Deficiency Drives Reverse Electron Transport and Disrupts Hepatic Metabolic Homeostasis in Obesity
ST003846,AN006321,37,36,HILIC POSITIVE ION MODE,Hepatic Coenzyme Q (CoQ) Deficiency Drives Reverse Electron Transport and Disrupts Hepatic Metabolic Homeostasis in Obesity
ST003847,AN006322,2,33,Reversed phase POSITIVE ION MODE,Differential acquisition of extracellular lipid correlates with pancreatic cancer subtype and metastatic tropism
ST003848,AN006323,775,108,Reversed phase POSITIVE ION MODE,Occurrence of white flesh color and refreshing flavor following phytoene synthase 2A gene variation in loquat fruit
ST003848,AN006324,645,108,Reversed phase NEGATIVE ION MODE,Occurrence of white flesh color and refreshing flavor following phytoene synthase 2A gene variation in loquat fruit
ST003850,AN006327,3,24,Reversed phase POSITIVE ION MODE,Microprotein SMIM26 drives Oxidative Metabolism via Serine-responsive Mitochondrial Translation
ST003853,AN006331,111,40,Reversed phase POSITIVE ION MODE,Exploring Metabolomic Profiles in Vitamin D Deficient and Obese Individuals
ST003857,AN006338,39,6,None (Direct infusion) POSITIVE ION MODE,Spatial lipidomics with in situ segmentation for profiling the effect of the drug doxorubicin on hepatoma carcinoma cell spheroids
ST003858,AN006339,189,32,HILIC POSITIVE ION MODE,Metabolomics study on Xenopus tropicalis tadpoles overexpressing human IMPDH2 pathogenic variant
ST003858,AN006340,215,32,HILIC NEGATIVE ION MODE,Metabolomics study on Xenopus tropicalis tadpoles overexpressing human IMPDH2 pathogenic variant
ST003859,AN006341,145,9,Reversed phase POSITIVE ION MODE,Evaluation of FASP protocol for a mass spectrometry based multiomics analysis of urine sample
ST003861,AN006347,13,9,GC POSITIVE ION MODE,Comparative effects of nano urea and equimolar urea on the metabolome profile of Arabidopsis thaliana seedlings
ST003863,AN006349,51,65,GC POSITIVE ION MODE,GC-MS analysis of bone metabolomics of the mandible for postmortem interval estimation
ST003867,AN006355,188,18,HILIC POSITIVE ION MODE,Fatty-acid oxidation is a metabolic hallmark of human proliferative retinopathy
ST003867,AN006356,63,18,HILIC NEGATIVE ION MODE,Fatty-acid oxidation is a metabolic hallmark of human proliferative retinopathy
ST003868,AN006357,120,27,Reversed phase POSITIVE ION MODE,Commensal Human Gut Microbes Produce Unique Patterns of Neuro-active Compounds
ST003869,AN006358,31,78,Reversed phase NEGATIVE ION MODE,A long non-coding RNA (lncRNA}-mediated metabolic rewiring of cell senescence
ST003871,AN006361,50,27,HILIC NEGATIVE ION MODE,Commensal Human Gut Microbes Produce Unique Patterns of Neuro-active Compounds - Study 2
ST003872,AN006362,25,40,Reversed phase NEGATIVE ION MODE,Cesarean section-induced dysbiosis facilitates metabolic disease in high-fat diet-induced obese mice
ST003872,AN006363,15,40,Reversed phase POSITIVE ION MODE,Cesarean section-induced dysbiosis facilitates metabolic disease in high-fat diet-induced obese mice
ST003873,AN006364,59,27,HILIC POSITIVE ION MODE,Commensal Human Gut Microbes Produce Unique Patterns of Neuro-active Compounds - Study 3
ST003876,AN006368,29,153,Reversed phase NEGATIVE ION MODE,"Exploration of AGMO-dependent changes in the lipid mediator profile of polarized BMDM cells (M0, M1 and M2 phenoptypes)"
ST003877,AN006369,245,20,Reversed phase NEGATIVE ION MODE,Intestinal permeability of N-acetylcysteine is driven by gut microbiota-dependent cysteine palmitoylation
ST003879,AN006372,76,12,Reversed phase NEGATIVE ION MODE,Establishing an insulin-sensitive human adipocyte culture model
ST003880,AN006373,3187,61,Reversed phase UNSPECIFIED ION MODE,Untargeted metabolome analysis of control and disease intervertebral disc tissue
ST003883,AN006377,227,219,HILIC POSITIVE ION MODE,Respiration defects limit serine synthesis required for lung cancer growth and survival - Effect of Polg mutation in NSCLC Tissues
ST003883,AN006378,325,219,HILIC NEGATIVE ION MODE,Respiration defects limit serine synthesis required for lung cancer growth and survival - Effect of Polg mutation in NSCLC Tissues
ST003884,AN006379,158,108,HILIC POSITIVE ION MODE,Respiration defects limit serine synthesis required for lung cancer growth and survival - Effect of Polg mutation in NSCLC Em tumor derived cell lines (TDCLs)
ST003884,AN006380,163,108,HILIC NEGATIVE ION MODE,Respiration defects limit serine synthesis required for lung cancer growth and survival - Effect of Polg mutation in NSCLC Em tumor derived cell lines (TDCLs)
ST003885,AN006381,75,34,HILIC POSITIVE ION MODE,Respiration defects limit serine synthesis required for lung cancer growth and survival - Effect of Polg mutation in NSCLC tumor derived lines (TDCLs)
ST003886,AN006382,264,48,HILIC POSITIVE ION MODE,Respiration defects limit serine synthesis required for lung cancer growth and survival - Effect of Polg mutation in NSCLC TDCLs
ST003886,AN006383,338,48,HILIC NEGATIVE ION MODE,Respiration defects limit serine synthesis required for lung cancer growth and survival - Effect of Polg mutation in NSCLC TDCLs
ST003887,AN006384,157,148,HILIC POSITIVE ION MODE,Respiration defects limit serine synthesis required for lung cancer growth and survival - Effect of Polg mutation in NSCLC conditioned medium
ST003887,AN006385,153,148,HILIC NEGATIVE ION MODE,Respiration defects limit serine synthesis required for lung cancer growth and survival - Effect of Polg mutation in NSCLC conditioned medium
ST003888,AN006386,258,51,HILIC POSITIVE ION MODE,Respiration defects limit serine synthesis required for lung cancer growth and survival - Effect of Polg mutation in NSCLC Tissues_Muscle
ST003888,AN006387,407,51,HILIC NEGATIVE ION MODE,Respiration defects limit serine synthesis required for lung cancer growth and survival - Effect of Polg mutation in NSCLC Tissues_Muscle
ST003889,AN006388,291,49,HILIC POSITIVE ION MODE,Respiration defects limit serine synthesis required for lung cancer growth and survival - Effect of Polg mutation in NSCLC Tissues_Lung
ST003889,AN006389,358,49,HILIC NEGATIVE ION MODE,Respiration defects limit serine synthesis required for lung cancer growth and survival - Effect of Polg mutation in NSCLC Tissues_Lung
ST003890,AN006390,419,51,HILIC POSITIVE ION MODE,Respiration defects limit serine synthesis required for lung cancer growth and survival - Effect of Polg mutation in NSCLC Tissues_Liver
ST003890,AN006391,523,51,HILIC NEGATIVE ION MODE,Respiration defects limit serine synthesis required for lung cancer growth and survival - Effect of Polg mutation in NSCLC Tissues_Liver
ST003891,AN006392,116,51,HILIC POSITIVE ION MODE,Respiration defects limit serine synthesis required for lung cancer growth and survival - Effect of Polg mutation in NSCLC Tissues_Plasma
ST003891,AN006393,315,51,HILIC NEGATIVE ION MODE,Respiration defects limit serine synthesis required for lung cancer growth and survival - Effect of Polg mutation in NSCLC Tissues_Plasma
ST003892,AN006394,2,27,GC POSITIVE ION MODE,13C-glucose tracing into serine and glycine in OT-1 CD8+ T cells and E0771-OVA co-cultures analyzed by GC-MS
ST003893,AN006395,300,47,HILIC POSITIVE ION MODE,Respiration defects limit serine synthesis required for lung cancer growth and survival - NSCLC rewires glycolytic metabolism to synthesize more serine from glucose (Tumors)
ST003893,AN006396,567,47,HILIC NEGATIVE ION MODE,Respiration defects limit serine synthesis required for lung cancer growth and survival - NSCLC rewires glycolytic metabolism to synthesize more serine from glucose (Tumors)
ST003894,AN006397,436,480,Reversed phase POSITIVE ION MODE,Postprandial Plasma Lipidomic Changes in 24 Metabolically Healthy Individuals Following Ingestion of Four Different Isocaloric Macronutrients
ST003895,AN006398,423,480,Reversed phase POSITIVE ION MODE,Postprandial Plasma Metabolomic Changes in 24 Metabolically Healthy Individuals Following Ingestion of Four Different Isocaloric Macronutrients
ST003896,AN006399,423,441,Reversed phase POSITIVE ION MODE,Postprandial Plasma Metabolomic Changes in 147 Individuals Following Ingestion of a Standard Mixed Meal
ST003897,AN006400,436,441,Reversed phase POSITIVE ION MODE,Postprandial Plasma Lipidomic Changes in 147 Individuals Following Ingestion of a Standard Mixed Meal
ST003898,AN006401,3,40,Reversed phase POSITIVE ION MODE,Glycosaminoglycan-mediated lipoprotein uptake protects cancer cells from ferroptosis
ST003899,AN006402,123,8,Reversed phase POSITIVE ION MODE,Lipidome profiling of fly head tissues from wild-type and tty mutant flies (cohort 1)
ST003900,AN006403,353,6,Reversed phase POSITIVE ION MODE,Lipidome profiling of fly head tissues from wild-type and tty mutant flies (cohort 2)
ST003902,AN006406,476,84,Reversed phase POSITIVE ION MODE,Plasmodium falciparum plasmepsin copy number and piperaquine treatment have no effect of hemoglobin digestion
ST003904,AN006409,152,84,Reversed phase NEGATIVE ION MODE,Plasmodium falciparum plasmepsin copy number and piperaquine treatment have no effect of hemoglobin digestion - Negative Mode
ST003905,AN006410,6,72,Reversed phase POSITIVE ION MODE,Lysosomal dysfunction impairs lipid peroxidation and ferroptosis in senescent cells
ST003906,AN006411,163,62,Reversed phase NEGATIVE ION MODE,Neither Plasmodium falciparum Plasmepsin Copy Number Nor Piperaquine Treatment Impact Hemoglobin Digestion
ST003910,AN006418,338,185,HILIC POSITIVE ION MODE,Molecular fingerprint inference reveals bioactive lipids and microbial metabolites in colitis. Study 3.
ST003910,AN006419,72,185,Reversed phase POSITIVE ION MODE,Molecular fingerprint inference reveals bioactive lipids and microbial metabolites in colitis. Study 3.
ST003910,AN006420,86,185,Reversed phase NEGATIVE ION MODE,Molecular fingerprint inference reveals bioactive lipids and microbial metabolites in colitis. Study 3.
ST003911,AN006421,338,168,HILIC POSITIVE ION MODE,Molecular fingerprint inference reveals bioactive lipids and microbial metabolites in colitis. Study 4
ST003911,AN006422,72,168,Reversed phase POSITIVE ION MODE,Molecular fingerprint inference reveals bioactive lipids and microbial metabolites in colitis. Study 4
ST003911,AN006423,83,168,Reversed phase NEGATIVE ION MODE,Molecular fingerprint inference reveals bioactive lipids and microbial metabolites in colitis. Study 4
ST003912,AN006424,41,10,Reversed phase NEGATIVE ION MODE,TANGO2 binds crystallin alpha B and its loss causes desminopathy
ST003913,AN006425,1256,80,None (Direct infusion) POSITIVE ION MODE,Altered Metabolomics and Inflammatory Transcriptomics in Human Bone Marrow Adipocytes After Acute High Calorie Diet and Acute Fasting
ST003913,AN006426,3270,80,None (Direct infusion) NEGATIVE ION MODE,Altered Metabolomics and Inflammatory Transcriptomics in Human Bone Marrow Adipocytes After Acute High Calorie Diet and Acute Fasting
ST003914,AN006427,13,182,HILIC NEGATIVE ION MODE,G1P promotes pentose phosphate pathway in CD8+ memory T cells via glycogen-G6PD phase separation and compartmentalization
ST003917,AN006430,403,177,Reversed phase POSITIVE ION MODE,Gut Microbial Bile and Amino Acid Metabolism Associate with Peanut Oral Immunotherapy Failure
ST003917,AN006431,163,177,Reversed phase POSITIVE ION MODE,Gut Microbial Bile and Amino Acid Metabolism Associate with Peanut Oral Immunotherapy Failure
ST003917,AN006432,824,177,Reversed phase NEGATIVE ION MODE,Gut Microbial Bile and Amino Acid Metabolism Associate with Peanut Oral Immunotherapy Failure
ST003917,AN006433,140,177,HILIC NEGATIVE ION MODE,Gut Microbial Bile and Amino Acid Metabolism Associate with Peanut Oral Immunotherapy Failure
ST003918,AN006434,244,33,GC POSITIVE ION MODE,Metabolomic Insights into the Impact of Germination Conditions on Nutritional Quality of Cowpea (Vigna unguiculata) Seeds
ST003920,AN006436,13,144,HILIC POSITIVE ION MODE,Mitochondrial control of fuel switching through de novo carnitine synthesis
ST003920,AN006437,31,144,Reversed phase POSITIVE ION MODE,Mitochondrial control of fuel switching through de novo carnitine synthesis
ST003922,AN006439,40,32,NMR data,Time-series metabolomic profiling of SARS-CoV-2 infection: Possible prognostic biomarkers in patients in the ICU by ¹H-NMR analysis
ST003923,AN006440,51,20,CE POSITIVE ION MODE,Sex difference in BAT thermogenesis depends on PGC-1α–mediated phospholipid synthesis in mice
ST003923,AN006441,64,20,CE NEGATIVE ION MODE,Sex difference in BAT thermogenesis depends on PGC-1α–mediated phospholipid synthesis in mice
ST003924,AN006442,45,65,NMR data,"NMR-based Urinary Biomarkers in Pediatric Primary Mitochondrial Disorders and Chronic Kidney Disease: Shared Mitochondrial Dysfunction, Diverging Biosignatures"
ST003788,AN006443,333,1233,HILIC POSITIVE ION MODE,Pre-treatment untargeted cerebrospinal fluid metabolomic profiling in tuberculous meningitis reveals multiple pathways associated with mortality
ST003788,AN006444,238,1233,Reversed phase POSITIVE ION MODE,Pre-treatment untargeted cerebrospinal fluid metabolomic profiling in tuberculous meningitis reveals multiple pathways associated with mortality
ST003788,AN006445,74,1233,HILIC NEGATIVE ION MODE,Pre-treatment untargeted cerebrospinal fluid metabolomic profiling in tuberculous meningitis reveals multiple pathways associated with mortality
ST003788,AN006446,92,1233,Reversed phase NEGATIVE ION MODE,Pre-treatment untargeted cerebrospinal fluid metabolomic profiling in tuberculous meningitis reveals multiple pathways associated with mortality
ST003925,AN006447,5,54,Reversed phase POSITIVE ION MODE,Assessing the impact of SLC7A11 silencing on oxidative stress in amoeboid disseminating cancer cells
ST003926,AN006448,68,62,GC POSITIVE ION MODE,Somatic CRISPR tumorigenesis and multi-omic analysis reveal a pentose phosphate pathway disruption vulnerability in Malignant Peripheral Nerve Sheath Tumors (MPNSTs)
ST003926,AN006449,73,62,HILIC UNSPECIFIED ION MODE,Somatic CRISPR tumorigenesis and multi-omic analysis reveal a pentose phosphate pathway disruption vulnerability in Malignant Peripheral Nerve Sheath Tumors (MPNSTs)
ST003927,AN006450,847,25,Reversed phase POSITIVE ION MODE,Histidine decarboxylase inhibition attenuates cancer-associated muscle wasting
ST003929,AN006452,3,400,HILIC POSITIVE ION MODE,Imidazole propionate is a driver and therapeutic target in atherosclerosis (study 1)
ST003930,AN006453,226,28,HILIC POSITIVE ION MODE,Acylated putrescine therapeutic discovery for Inflammatory Bowel Diseases: HILIC-pos profiling of mouse fecal samples
ST003931,AN006454,107,21,Reversed phase NEGATIVE ION MODE,"Acylated putrescine therapeutic discovery for Inflammatory Bowel Diseases: HILIC-neg, C8-pos and C18-neg profiling of mouse fecal samples"
ST003931,AN006455,383,21,Reversed phase POSITIVE ION MODE,"Acylated putrescine therapeutic discovery for Inflammatory Bowel Diseases: HILIC-neg, C8-pos and C18-neg profiling of mouse fecal samples"
ST003931,AN006456,82,21,HILIC NEGATIVE ION MODE,"Acylated putrescine therapeutic discovery for Inflammatory Bowel Diseases: HILIC-neg, C8-pos and C18-neg profiling of mouse fecal samples"
ST003932,AN006457,1,80,HILIC POSITIVE ION MODE,Imidazole propionate is a driver and therapeutic target in atherosclerosis (study 2)
ST003934,AN006459,1,236,GC POSITIVE ION MODE,Benchmarking Data for Untargeted Mass Spectrometry-Based Metabolomics Data Processing: GC-MS
ST003935,AN006460,36,33,Reversed phase POSITIVE ION MODE,Energy metabolism under stress: late-stage Leigh syndrome reveals profound cardiometabolic perturbations in Ndufs4 KO mice
ST003937,AN006465,73,240,Reversed phase NEGATIVE ION MODE,"Post-transfusion recovery, quality and metabolism of short and long-term stored platelets during controlled inflammation"
ST003937,AN006466,38,240,Reversed phase POSITIVE ION MODE,"Post-transfusion recovery, quality and metabolism of short and long-term stored platelets during controlled inflammation"
ST003938,AN006467,3,1844,Reversed phase POSITIVE ION MODE,Host sensing of microbially produced imidazole propionate is a driver and therapeutic target in atherosclerosis
ST003939,AN006468,13,95,GC POSITIVE ION MODE,Plasma amino acids of treated metabolic syndrome patients with and without mild cognitive impairment
ST003936,AN006479,99,72,GC POSITIVE ION MODE,Metabolomic analysis of breast cancer in Colombian patients: Exploring molecular signatures in different subtypes and stages
ST003936,AN006480,19,72,HILIC POSITIVE ION MODE,Metabolomic analysis of breast cancer in Colombian patients: Exploring molecular signatures in different subtypes and stages
ST003942,AN006481,5,95,Reversed phase POSITIVE ION MODE,Tryptophan metabolite concentrations in plasma of treated metabolic syndrome patients with and without mild cognitive impairment
ST003943,AN006482,84,48,GC POSITIVE ION MODE,"Fluctuations in the metabolome of Haloxylon salicornicum under environmental, seasonal, and diurnal variations in a desert environment"
ST003944,AN006483,76,128,Reversed phase NEGATIVE ION MODE,The time-dependence of ranolazine effects on metabolism in A375 and A375-VR cells
ST003944,AN006484,64,128,Reversed phase POSITIVE ION MODE,The time-dependence of ranolazine effects on metabolism in A375 and A375-VR cells
ST003945,AN006485,158,128,Reversed phase NEGATIVE ION MODE,Lipidomics characterization of A375 and A375-VR melanoma cells treated with ranolazine and sampled longitudinally.
ST003945,AN006486,369,128,Reversed phase POSITIVE ION MODE,Lipidomics characterization of A375 and A375-VR melanoma cells treated with ranolazine and sampled longitudinally.
ST003946,AN006487,1,95,Reversed phase POSITIVE ION MODE,Plasma tryptophan concentrations in treated metabolic syndrome patients with and without mild cognitive impairment
ST003947,AN006488,10,95,GC POSITIVE ION MODE,Total fatty acids in plasma of treated metabolic syndrome patients with and without mild cognitive impairment
ST003949,AN006491,27,36,Reversed phase NEGATIVE ION MODE,RIPK1 inhibition reduces biliary 1 injury and fibrosis in primary sclerosing cholangitis
ST003950,AN006492,8,78,HILIC POSITIVE ION MODE,Plasma Phospholipids Analysis in Thai EGFR-mutated Non-Small Cell Lung Cancer Patients
ST003951,AN006493,178,6,Reversed phase POSITIVE ION MODE,Effect of IGF2BP3 inhibition on the cellular metabolism of B-Acute Lymphoblastic Leukemia
ST003951,AN006494,222,6,Reversed phase NEGATIVE ION MODE,Effect of IGF2BP3 inhibition on the cellular metabolism of B-Acute Lymphoblastic Leukemia
ST003954,AN006499,86,71,Reversed phase POSITIVE ION MODE,Integrated analysis of irritable bowel syndrome comorbid with psychological disorders based on microbiomics and metabolomics
ST003954,AN006500,8,71,Reversed phase NEGATIVE ION MODE,Integrated analysis of irritable bowel syndrome comorbid with psychological disorders based on microbiomics and metabolomics
ST003955,AN006501,962,18,HILIC POSITIVE ION MODE,"effects of NO treatment on ripening and senescence of apricot fruits,"
ST003955,AN006502,852,18,HILIC NEGATIVE ION MODE,"effects of NO treatment on ripening and senescence of apricot fruits,"
ST003958,AN006505,45,18,Reversed phase POSITIVE ION MODE,Comprehensive lipidomic analysis of six Hevea species and varieties related to latex biosynthesis
ST003958,AN006506,10,18,Reversed phase NEGATIVE ION MODE,Comprehensive lipidomic analysis of six Hevea species and varieties related to latex biosynthesis
ST003959,AN006507,195,18,GC POSITIVE ION MODE,"Steady state levels of polar metabolites HEK293T, SDHBKO and UQCRC1KO compared to WT cells."
ST003960,AN006508,3,12,GC POSITIVE ION MODE,Relative quantification of lactic acid secreted in media from cell lines treated with or without Antimycin A.
ST003961,AN006509,5,18,GC POSITIVE ION MODE,Measuring carbon flux into TCA cycle using 13C5-glutamine tracer metabolomics
ST003962,AN006510,10,42,GC POSITIVE ION MODE,Measuring TCA cycle directional fluxes using 13C5-glutamine
ST003967,AN006527,74,6,Reversed phase NEGATIVE ION MODE,Metabolomics data of MCF7 ER Y537S breast cancer cells +/- treatment with enzalutamide
ST003967,AN006528,69,6,Reversed phase POSITIVE ION MODE,Metabolomics data of MCF7 ER Y537S breast cancer cells +/- treatment with enzalutamide
ST003968,AN006529,481,27,HILIC NEGATIVE ION MODE,Measuring TCA cycle directional fluxes using 13C6-glucose
ST003969,AN006530,7,90,HILIC NEGATIVE ION MODE,Effect of Desiccation of Mycobacterium tuberculosis metabolism
ST003970,AN006531,52,103,GC POSITIVE ION MODE,Comprehensive multiplatform mass spectrometry-based metabolomics unveils insights into Babesia divergens metabolism.
ST003970,AN006532,81,103,CE POSITIVE ION MODE,Comprehensive multiplatform mass spectrometry-based metabolomics unveils insights into Babesia divergens metabolism.
ST003970,AN006533,29,103,Reversed phase POSITIVE ION MODE,Comprehensive multiplatform mass spectrometry-based metabolomics unveils insights into Babesia divergens metabolism.
ST003970,AN006534,16,103,Reversed phase NEGATIVE ION MODE,Comprehensive multiplatform mass spectrometry-based metabolomics unveils insights into Babesia divergens metabolism.
ST003970,AN006535,62,103,Ion pair NEGATIVE ION MODE,Comprehensive multiplatform mass spectrometry-based metabolomics unveils insights into Babesia divergens metabolism.
ST003970,AN006536,31,103,Ion pair NEGATIVE ION MODE,Comprehensive multiplatform mass spectrometry-based metabolomics unveils insights into Babesia divergens metabolism.
ST003972,AN006539,103,40,None (Direct infusion) POSITIVE ION MODE,Lipid cargo profiling of human brain-derived extracellular vesicles by APOE genotype in Alzheimer’s Disease
ST003972,AN006540,34,40,None (Direct infusion) NEGATIVE ION MODE,Lipid cargo profiling of human brain-derived extracellular vesicles by APOE genotype in Alzheimer’s Disease
ST003972,AN006541,33,40,None (Direct infusion) NEGATIVE ION MODE,Lipid cargo profiling of human brain-derived extracellular vesicles by APOE genotype in Alzheimer’s Disease
ST003973,AN006542,66,900,Reversed phase NEGATIVE ION MODE,Trehalose catalytic shift inherently enhances phenotypic heterogeneity and multidrug resistance in Mycobacterium tuberculosis
ST003973,AN006543,89,900,Reversed phase POSITIVE ION MODE,Trehalose catalytic shift inherently enhances phenotypic heterogeneity and multidrug resistance in Mycobacterium tuberculosis
ST003976,AN006548,102,15,CE NEGATIVE ION MODE,Glucose-activated JMJD1A drives visceral adipogenesis via α-ketoglutarate-dependent chromatin remodeling (Study part 6 of 1)
ST003976,AN006549,105,15,CE POSITIVE ION MODE,Glucose-activated JMJD1A drives visceral adipogenesis via α-ketoglutarate-dependent chromatin remodeling (Study part 6 of 1)
ST003977,AN006550,102,10,CE NEGATIVE ION MODE,Glucose-activated JMJD1A drives visceral adipogenesis via α-ketoglutarate-dependent chromatin remodeling (Study part 6 of 2)
ST003977,AN006551,79,10,CE POSITIVE ION MODE,Glucose-activated JMJD1A drives visceral adipogenesis via α-ketoglutarate-dependent chromatin remodeling (Study part 6 of 2)
ST003978,AN006552,120,10,CE NEGATIVE ION MODE,Glucose-activated JMJD1A drives visceral adipogenesis via α-ketoglutarate-dependent chromatin remodeling (Study part 6 of 3)
ST003978,AN006553,127,10,CE POSITIVE ION MODE,Glucose-activated JMJD1A drives visceral adipogenesis via α-ketoglutarate-dependent chromatin remodeling (Study part 6 of 3)
ST003979,AN006554,105,18,CE NEGATIVE ION MODE,Glucose-activated JMJD1A drives visceral adipogenesis via α-ketoglutarate-dependent chromatin remodeling (Study part 6 of 4)
ST003979,AN006555,75,18,CE POSITIVE ION MODE,Glucose-activated JMJD1A drives visceral adipogenesis via α-ketoglutarate-dependent chromatin remodeling (Study part 6 of 4)
ST003980,AN006556,542,11,HILIC NEGATIVE ION MODE,Glutamate-mediated TCA anaplerosis is increased in septic mitochondria
ST003981,AN006557,239,22,HILIC NEGATIVE ION MODE,Mitochondrial pyruvate metabolism is disturbed in sepsis
ST003982,AN006558,67,36,HILIC NEGATIVE ION MODE,"Mitochondrial pyruvate metabolism is disturbed and contributes to hyperlactatemia and lethality in sepsis - Liver, Plasma, Skeletal muscle"
ST003983,AN006559,71,60,HILIC NEGATIVE ION MODE,"Mitochondrial pyruvate metabolism is disturbed and contributes to hyperlactatemia and lethality in sepsis - Lung, Heart, Spleen, Kidney, RBC"
ST003984,AN006560,42,197,Reversed phase POSITIVE ION MODE,Metabolome analysis as a potential source of endometriosis biomarkers with the use of multiomics approach in its diagnosis
ST003984,AN006561,142,197,Flow induction analysis POSITIVE ION MODE,Metabolome analysis as a potential source of endometriosis biomarkers with the use of multiomics approach in its diagnosis
ST003984,AN006562,1,197,Flow induction analysis NEGATIVE ION MODE,Metabolome analysis as a potential source of endometriosis biomarkers with the use of multiomics approach in its diagnosis
ST003985,AN006563,161,4,CE NEGATIVE ION MODE,Glucose-activated JMJD1A drives visceral adipogenesis via α-ketoglutarate-dependent chromatin remodeling (Study part 6 of 5)
ST003985,AN006564,66,4,CE POSITIVE ION MODE,Glucose-activated JMJD1A drives visceral adipogenesis via α-ketoglutarate-dependent chromatin remodeling (Study part 6 of 5)
ST003985,AN006565,6,4,CE NEGATIVE ION MODE,Glucose-activated JMJD1A drives visceral adipogenesis via α-ketoglutarate-dependent chromatin remodeling (Study part 6 of 5)
ST003987,AN006568,85,4,Reversed phase POSITIVE ION MODE,Glucose-activated JMJD1A drives visceral adipogenesis via α-ketoglutarate-dependent chromatin remodeling (Study part 6 of 6)
ST003988,AN006569,1322,149,Reversed phase POSITIVE ION MODE,Lipid and cell cycling perturbations driven by the HDAC inhibitor romidepsin render liver cancer vulnerable to RTK targeting and immunologically active
ST003989,AN006570,21,78,GC POSITIVE ION MODE,Plasma Amino Acids Analysis in Thai EGFR-mutated Non-Small Cell Lung Cancer Patients
ST003991,AN006575,1,6118,HILIC POSITIVE ION MODE,PharmMet: Pharmaco-metabolomics database for high throughput drug detection
ST003991,AN006576,1,6118,HILIC NEGATIVE ION MODE,PharmMet: Pharmaco-metabolomics database for high throughput drug detection
ST003991,AN006577,1,6118,Reversed phase POSITIVE ION MODE,PharmMet: Pharmaco-metabolomics database for high throughput drug detection
ST003991,AN006578,1,6118,Reversed phase NEGATIVE ION MODE,PharmMet: Pharmaco-metabolomics database for high throughput drug detection
ST003995,AN006584,51,25,HILIC NEGATIVE ION MODE,A machine learning framework to predict cancer metabolomics from gene expression data
ST003996,AN006585,60,47,HILIC POSITIVE ION MODE,Metabolomics analysis of MMTC/57E or MeAIB treated SNAT2-expressing cells relative to SNAT2-knockout cells or those treated with vehicle.
ST003996,AN006586,60,47,HILIC NEGATIVE ION MODE,Metabolomics analysis of MMTC/57E or MeAIB treated SNAT2-expressing cells relative to SNAT2-knockout cells or those treated with vehicle.
ST003997,AN006587,9,2,Reversed phase POSITIVE ION MODE,Untargeted LC-MS-Based Metabolomic Profiling of Tamarix-Derived Honey for Identification of Bioactive Compounds
ST003997,AN006588,6,2,Reversed phase NEGATIVE ION MODE,Untargeted LC-MS-Based Metabolomic Profiling of Tamarix-Derived Honey for Identification of Bioactive Compounds
ST003998,AN006589,37,25,GC POSITIVE ION MODE,Untargeted Metabolomics and In silico Screening of Sisymbrium officinale: Identification of Flavonoid Glycosides as Potential Anti-Inflammatory Agents
ST003998,AN006590,50,25,Reversed phase POSITIVE ION MODE,Untargeted Metabolomics and In silico Screening of Sisymbrium officinale: Identification of Flavonoid Glycosides as Potential Anti-Inflammatory Agents
ST003998,AN006591,20,25,Reversed phase NEGATIVE ION MODE,Untargeted Metabolomics and In silico Screening of Sisymbrium officinale: Identification of Flavonoid Glycosides as Potential Anti-Inflammatory Agents
ST003998,AN006592,56,25,Reversed phase POSITIVE ION MODE,Untargeted Metabolomics and In silico Screening of Sisymbrium officinale: Identification of Flavonoid Glycosides as Potential Anti-Inflammatory Agents
ST003999,AN006593,216,44,Reversed phase POSITIVE ION MODE,Measuring PEMT activity in HCMV infected fibroblasts using 13C-methionine.
ST003999,AN006594,216,44,Reversed phase POSITIVE ION MODE,Measuring PEMT activity in HCMV infected fibroblasts using 13C-methionine.
ST004000,AN006595,49,12,Reversed phase POSITIVE ION MODE,Measuring PC lipids in HCMV infected fibroblasts treated with phosphonoacetic acid (PAA).
ST004002,AN006600,332,50,Reversed phase POSITIVE ION MODE,"A deep, quantitative lipid atlas of extracellular vesicles across multiple cell lines"
ST004002,AN006601,279,50,Reversed phase NEGATIVE ION MODE,"A deep, quantitative lipid atlas of extracellular vesicles across multiple cell lines"
ST004003,AN006602,276,36,Reversed phase POSITIVE ION MODE,Measuring de novo PC synthesis in HCMV infected fibroblasts using 13C-choline.
ST004004,AN006603,1290,48,Reversed phase POSITIVE ION MODE,Measuring PC synthesis via Land Cycle in HCMV infected fibroblasts using labeled LPC(17:0).
ST004005,AN006604,857,26,Reversed phase POSITIVE ION MODE,Adipocyte-specific ATGL deletion reshapes the plasma lipidome during sepsis in mice
ST004005,AN006605,691,26,Reversed phase NEGATIVE ION MODE,Adipocyte-specific ATGL deletion reshapes the plasma lipidome during sepsis in mice
ST004006,AN006606,1012,16,Reversed phase POSITIVE ION MODE,Plasma lipidomic profiling reveals sepsis-induced metabolic reprogramming in mice
ST004006,AN006607,716,16,Reversed phase NEGATIVE ION MODE,Plasma lipidomic profiling reveals sepsis-induced metabolic reprogramming in mice
ST004007,AN006608,102,26,HILIC POSITIVE ION MODE,Cardiac metabolic remodeling in septic mice lacking adipocyte ATGL
ST004007,AN006609,112,26,HILIC NEGATIVE ION MODE,Cardiac metabolic remodeling in septic mice lacking adipocyte ATGL
ST004008,AN006610,121,26,HILIC POSITIVE ION MODE,Hepatic metabolic reprogramming in adipocyte ATGL-deficient septic mice
ST004008,AN006611,134,26,HILIC NEGATIVE ION MODE,Hepatic metabolic reprogramming in adipocyte ATGL-deficient septic mice
ST004009,AN006612,106,26,HILIC POSITIVE ION MODE,Brain metabolic profile remains stable despite adipocyte ATGL deficiency during sepsis
ST004009,AN006613,114,26,HILIC NEGATIVE ION MODE,Brain metabolic profile remains stable despite adipocyte ATGL deficiency during sepsis
ST004010,AN006614,65,72,Reversed phase POSITIVE ION MODE,Measuring the shift in the PC lipididome in HCMV infection timecourse.
ST004012,AN006617,43,66,Reversed phase POSITIVE ION MODE,Measuring PC lipids in HCMV lytic infection.
ST004013,AN006618,1,116,HILIC POSITIVE ION MODE,Aqueous solubility of MMTC/57E in phosphate-buffered saline at room temperature.
ST004014,AN006619,4,36,GC POSITIVE ION MODE,Competitive inhibition of SNAT2-dependent MeAIB uptake by saturating concentrations of L-alanine.
ST004016,AN006621,4,54,GC POSITIVE ION MODE,Evaluation of SNAT2-dependent and sodium-dependent MeAIB uptake using GCMS
ST004017,AN006622,153,31,Reversed phase NEGATIVE ION MODE,Collateral hypersensitivity between ZY19489 and piperaquine neutralizes PfCRT-mediated drug efflux and Plasmodium falciparum resistance
ST004017,AN006623,159,31,Reversed phase NEGATIVE ION MODE,Collateral hypersensitivity between ZY19489 and piperaquine neutralizes PfCRT-mediated drug efflux and Plasmodium falciparum resistance
ST004018,AN006624,4,71,GC POSITIVE ION MODE,Evaluation of SNAT1-dependent MeAIB uptake using GCMS
ST004019,AN006625,123,144,Reversed phase NEGATIVE ION MODE,Analysis of the effects of MINCH on the metabolism of human preadipocytes and mature adipocytes by 13C metabolic tracing with [U-13C]glucose
ST004020,AN006626,123,144,Reversed phase NEGATIVE ION MODE,"Analysis of the effects of MINCH on the metabolism of human preadipocytes and mature adipocytes by 13C metabolic tracing with [1,2-13C]glucose"
ST004021,AN006627,123,144,Reversed phase NEGATIVE ION MODE,Analysis of the effects of MINCH on the metabolism of human preadipocytes and mature adipocytes by 13C metabolic tracing with [U-13C]glutamine
ST004022,AN006628,4,21,GC POSITIVE ION MODE,Evaluating competitive inhibition of SNAT2-dependent MeAIB uptake by SNAT2 knockout or treatment with L-alanine or 57E.
ST003721,AN006638,94,12,CE POSITIVE ION MODE,"Metabolomic analysis of skeletal muscle from control, immobilized and FoxO1-Tg mice."
ST003721,AN006639,63,12,CE NEGATIVE ION MODE,"Metabolomic analysis of skeletal muscle from control, immobilized and FoxO1-Tg mice."
ST003722,AN006640,102,12,CE POSITIVE ION MODE,"Metabolomic analysis of plasma from control, immobilized and FoxO1-Tg mice."
ST003722,AN006641,40,12,CE NEGATIVE ION MODE,"Metabolomic analysis of plasma from control, immobilized and FoxO1-Tg mice."
ST003723,AN006642,184,13,CE POSITIVE ION MODE,"Metabolomic analysis of skeletal muscle from fed, starved and tumor-bearing mice."
ST003723,AN006643,106,13,CE NEGATIVE ION MODE,"Metabolomic analysis of skeletal muscle from fed, starved and tumor-bearing mice."
ST003724,AN006644,154,18,CE POSITIVE ION MODE,"Metabolomic analysis of skeletal muscle from control WT, immobilized WT, control mFoxO1,3,4-/- and immobilized mFoxO1,3,4-/- mice."
ST003724,AN006645,68,18,CE NEGATIVE ION MODE,"Metabolomic analysis of skeletal muscle from control WT, immobilized WT, control mFoxO1,3,4-/- and immobilized mFoxO1,3,4-/- mice."
ST004026,AN006652,290,6,Reversed phase POSITIVE ION MODE,Cysteine biosynthesis and uptake are sub-functionally redundant for metabolic homeostasis and virulence of Acinetobacter baumannii
ST004027,AN006653,27,12,HILIC POSITIVE ION MODE,Species-specific serine metabolism differentially controls natural killer cell functions
ST004027,AN006654,55,12,HILIC NEGATIVE ION MODE,Species-specific serine metabolism differentially controls natural killer cell functions
ST004028,AN006655,18,69,HILIC POSITIVE ION MODE,Bacterial consumption of nutrients in blood environment
ST004028,AN006656,2,69,HILIC NEGATIVE ION MODE,Bacterial consumption of nutrients in blood environment
ST004029,AN006657,198,32,Reversed phase POSITIVE ION MODE,ACC1 (Acetyl-CoA carboxylase 1) regulates plasma membrane cholesterol levels by controlling lipid droplet catabolism
ST004029,AN006658,265,32,Reversed phase POSITIVE ION MODE,ACC1 (Acetyl-CoA carboxylase 1) regulates plasma membrane cholesterol levels by controlling lipid droplet catabolism
ST004029,AN006659,240,32,Reversed phase NEGATIVE ION MODE,ACC1 (Acetyl-CoA carboxylase 1) regulates plasma membrane cholesterol levels by controlling lipid droplet catabolism
ST004029,AN006660,89,32,HILIC NEGATIVE ION MODE,ACC1 (Acetyl-CoA carboxylase 1) regulates plasma membrane cholesterol levels by controlling lipid droplet catabolism
ST004030,AN006661,19,27,Reversed phase POSITIVE ION MODE,StAR-MS for indole derivative discovery in mice feces
ST004032,AN006668,212,24,Reversed phase POSITIVE ION MODE,SIRT3 induces cell senescence via regulating deacetylation of SLC25A13 in colorectal cancer
ST004032,AN006669,212,24,Reversed phase NEGATIVE ION MODE,SIRT3 induces cell senescence via regulating deacetylation of SLC25A13 in colorectal cancer
ST004033,AN006670,14,279,HILIC POSITIVE ION MODE,A pilot metabolomics study across the continuum of interstitial lung disease fibrosis severity
ST004035,AN006673,978,40,HILIC POSITIVE ION MODE,Serum Metabolites at Defined Stages of Liver Disease
ST004036,AN006674,285,62,GC POSITIVE ION MODE,Metabolome Changes of Megachile rotundata Across Pupal Stages Measured by Mass Spectrometry-Based Untargeted Metabolomics
ST004038,AN006676,96,68,HILIC NEGATIVE ION MODE,"Targeted Stable Isotope Labeling (SIL) LCMS/MS Methods for Uniformly Labeled Glucose and Glutamine through Glycolysis, TCA Cycle, Hexosamine Biosynthetic Pathway, and Glutaminolysis"
ST004039,AN006677,1527,18,Reversed phase POSITIVE ION MODE,Soma to neuron communication links stress adaptation to stress avoidance behavior
ST004039,AN006678,1181,18,Reversed phase NEGATIVE ION MODE,Soma to neuron communication links stress adaptation to stress avoidance behavior
ST004040,AN006679,300,15,GC POSITIVE ION MODE,Metabolic transitions during germination sensu stricto in Lentil (Lens culinaris cv. Anicia) seeds under two temparature regimes.
ST004042,AN006681,356,6,Reversed phase POSITIVE ION MODE,Untargeted Metabolomics Identifies Oncometabolites Induced by P2-HNF4α Overexpression in Hepatocytes
ST004049,AN006694,1216,20,Reversed phase POSITIVE ION MODE,Comparison of lipidome from phagosomes containing Pam3csk4-beads vs. uncoupled-beads
ST004049,AN006695,640,20,Reversed phase NEGATIVE ION MODE,Comparison of lipidome from phagosomes containing Pam3csk4-beads vs. uncoupled-beads
ST004054,AN006701,3,6,HILIC UNSPECIFIED ION MODE,Machine learning identifies SLC25A45 as necessary for transport of mitochondrial methylated amino acids and carnitine synthesis
ST004055,AN006702,10,1239,HILIC POSITIVE ION MODE,Genes govern metabolism—Enzymes define pathways and metabolic relationships
ST004056,AN006703,25,12,GC POSITIVE ION MODE,Analysis of volatile oxidized lipids released during ferroptosis
ST004057,AN006704,118,108,None (Direct infusion) POSITIVE ION MODE,Microglial and Non-Microglial Regulation of Lipid Metabolism in Alzheimer's Revealed by Genetic and Pharmacological Depletion
ST004057,AN006705,31,108,None (Direct infusion) NEGATIVE ION MODE,Microglial and Non-Microglial Regulation of Lipid Metabolism in Alzheimer's Revealed by Genetic and Pharmacological Depletion
ST004057,AN006706,133,108,None (Direct infusion) NEGATIVE ION MODE,Microglial and Non-Microglial Regulation of Lipid Metabolism in Alzheimer's Revealed by Genetic and Pharmacological Depletion
ST004058,AN006707,60,97,Ion exchange NEGATIVE ION MODE,Targeted Lipid and Metabolite Profiling in ATP13A2 knockout (KO) in HAP1 cells
ST004058,AN006708,216,97,HILIC POSITIVE ION MODE,Targeted Lipid and Metabolite Profiling in ATP13A2 knockout (KO) in HAP1 cells
ST004058,AN006709,39,97,HILIC POSITIVE ION MODE,Targeted Lipid and Metabolite Profiling in ATP13A2 knockout (KO) in HAP1 cells
ST004058,AN006710,119,97,Reversed phase NEGATIVE ION MODE,Targeted Lipid and Metabolite Profiling in ATP13A2 knockout (KO) in HAP1 cells
ST004058,AN006711,15,97,Reversed phase POSITIVE ION MODE,Targeted Lipid and Metabolite Profiling in ATP13A2 knockout (KO) in HAP1 cells
ST004059,AN006712,59,78,Ion exchange NEGATIVE ION MODE,Targeted Lipid and Metabolite Profiling in Brains of ATP13A2 Knockout Mice
ST004059,AN006713,216,78,HILIC POSITIVE ION MODE,Targeted Lipid and Metabolite Profiling in Brains of ATP13A2 Knockout Mice
ST004059,AN006714,140,78,Reversed phase POSITIVE ION MODE,Targeted Lipid and Metabolite Profiling in Brains of ATP13A2 Knockout Mice
ST004059,AN006715,119,78,Reversed phase NEGATIVE ION MODE,Targeted Lipid and Metabolite Profiling in Brains of ATP13A2 Knockout Mice
ST004059,AN006716,15,78,Reversed phase NEGATIVE ION MODE,Targeted Lipid and Metabolite Profiling in Brains of ATP13A2 Knockout Mice
ST004059,AN006717,58,78,Reversed phase POSITIVE ION MODE,Targeted Lipid and Metabolite Profiling in Brains of ATP13A2 Knockout Mice
ST004059,AN006718,39,78,HILIC POSITIVE ION MODE,Targeted Lipid and Metabolite Profiling in Brains of ATP13A2 Knockout Mice
ST004060,AN006719,5,55,HILIC UNSPECIFIED ION MODE,Serum profiling of SLC25A45 mice under different diet/fasting conditions
ST004061,AN006720,31,24,HILIC NEGATIVE ION MODE,"In Vitro Method Demonstrating Trained Immunity as a Distinctive Functional Program: Implications for Biomarker Discovery, Adaptive Immune Responses, Sample Cryopreservation, and Mouse Genetics"
ST004065,AN006726,115,10,Reversed phase POSITIVE ION MODE,LC-TOFMS-based metabolomic analysis of serum from Normal and High-fat diet-fed mice
ST004065,AN006727,95,10,Reversed phase NEGATIVE ION MODE,LC-TOFMS-based metabolomic analysis of serum from Normal and High-fat diet-fed mice
ST004070,AN006736,208,3,None (Direct infusion) NEGATIVE ION MODE,Metabolic perturbation in ependymal cells leads to local and distant neurodegeneration and cognitive decline - Study 1 of 3 (12-month Glut1KO against Ctrl)
ST004071,AN006737,149,5,None (Direct infusion) NEGATIVE ION MODE,Metabolic perturbation in ependymal cells leads to local and distant neurodegeneration and cognitive decline - Study 2 of 3 (12-month Glut1KO against Ctrl)
ST004072,AN006738,87,6,None (Direct infusion) NEGATIVE ION MODE,Metabolic perturbation in ependymal cells leads to local and distant neurodegeneration and cognitive decline - Study 3 of 3 (1-month Glut1KO against Ctrl)
ST004073,AN006739,12,344,Reversed phase POSITIVE ION MODE,Development of Novel Pancreatic Cancer Diagnostic Biomarkers via Lipidomic Profiling - targeted metabolomics of human plasma
ST004073,AN006740,64,344,Reversed phase POSITIVE ION MODE,Development of Novel Pancreatic Cancer Diagnostic Biomarkers via Lipidomic Profiling - targeted metabolomics of human plasma
ST004073,AN006741,13,344,HILIC POSITIVE ION MODE,Development of Novel Pancreatic Cancer Diagnostic Biomarkers via Lipidomic Profiling - targeted metabolomics of human plasma
ST004073,AN006742,13,344,Reversed phase POSITIVE ION MODE,Development of Novel Pancreatic Cancer Diagnostic Biomarkers via Lipidomic Profiling - targeted metabolomics of human plasma
ST004074,AN006743,172,288,HILIC NEGATIVE ION MODE,Metabolite Pools in Adult Zebrafish Treated with Antimicrobials or Control
ST004074,AN006744,42,288,HILIC POSITIVE ION MODE,Metabolite Pools in Adult Zebrafish Treated with Antimicrobials or Control
ST004075,AN006745,36,44,HILIC NEGATIVE ION MODE,[U-13C]Glucose Labeling in Adult Zebrafish Treated with Antimicrobials or Control
ST004076,AN006746,45,22,HILIC NEGATIVE ION MODE,[U-13C]Sorbitol Labeling in Adult Zebrafish Treated with Antimicrobials or Control
ST004077,AN006747,54,6,CE POSITIVE ION MODE,PDE7A Inhibition Suppresses Triple-Negative Breast Cancer by Attenuating de novo Pyrimidine Biosynthesis
ST004077,AN006748,56,6,CE NEGATIVE ION MODE,PDE7A Inhibition Suppresses Triple-Negative Breast Cancer by Attenuating de novo Pyrimidine Biosynthesis
ST004078,AN006749,743,34,Reversed phase POSITIVE ION MODE,Analysis of metabolic substances in the muscle tissue of dairy cows
ST004078,AN006750,509,34,Reversed phase NEGATIVE ION MODE,Analysis of metabolic substances in the muscle tissue of dairy cows
ST004081,AN006755,14,57,Reversed phase POSITIVE ION MODE,Remodeling of Prochlorococcus metabolism during viral infection
ST004081,AN006756,40,57,HILIC POSITIVE ION MODE,Remodeling of Prochlorococcus metabolism during viral infection
ST004081,AN006757,17,57,HILIC NEGATIVE ION MODE,Remodeling of Prochlorococcus metabolism during viral infection
ST004081,AN006758,3,57,Reversed phase POSITIVE ION MODE,Remodeling of Prochlorococcus metabolism during viral infection
ST004082,AN006759,271,6,CE POSITIVE ION MODE,The secreted metabolite sensor CtBP2 links metabolism to healthy lifespan
ST004082,AN006760,237,6,CE NEGATIVE ION MODE,The secreted metabolite sensor CtBP2 links metabolism to healthy lifespan
ST004086,AN006773,65,32,HILIC NEGATIVE ION MODE,Quantification of Levels of EETs and DHETs in murine plasma in Abdominal aortic constriction (AAC)-induced cardiac hypertrophy model using LC-MS
ST004088,AN006776,762,18,Reversed phase POSITIVE ION MODE,Maternal Vitamin D Status Influences Neuroactive Metabolites in Breast Milk and Shapes the Infant Gut Metabolome
ST004088,AN006777,1509,18,Reversed phase NEGATIVE ION MODE,Maternal Vitamin D Status Influences Neuroactive Metabolites in Breast Milk and Shapes the Infant Gut Metabolome
ST004088,AN006778,2121,18,Reversed phase POSITIVE ION MODE,Maternal Vitamin D Status Influences Neuroactive Metabolites in Breast Milk and Shapes the Infant Gut Metabolome
ST004089,AN006779,7,5,GC POSITIVE ION MODE,Molecular basis for multidrug efflux by an anaerobic RND transporter
ST004090,AN006780,689,16,Reversed phase UNSPECIFIED ION MODE,Impaired hepatic circadian clock selectively disrupts cholesterol metabolism and exacerbates the progression of metabolic dysfunction-associated steatohepatitis (MASH)
ST004092,AN006782,87,23,HILIC POSITIVE ION MODE,SLC45A4 Knockout cells have lowered GABA production
ST004093,AN006783,279,16,HILIC POSITIVE ION MODE,Autoimmune Disease Risk Gene ANKRD55 Promotes T Cell Proliferation and Th17 2 Effector Function Through Metabolic Modulation
ST004093,AN006784,197,16,Reversed phase POSITIVE ION MODE,Autoimmune Disease Risk Gene ANKRD55 Promotes T Cell Proliferation and Th17 2 Effector Function Through Metabolic Modulation
ST004093,AN006785,64,16,HILIC NEGATIVE ION MODE,Autoimmune Disease Risk Gene ANKRD55 Promotes T Cell Proliferation and Th17 2 Effector Function Through Metabolic Modulation
ST004093,AN006786,54,16,Reversed phase NEGATIVE ION MODE,Autoimmune Disease Risk Gene ANKRD55 Promotes T Cell Proliferation and Th17 2 Effector Function Through Metabolic Modulation
ST004094,AN006787,35,36,HILIC POSITIVE ION MODE,ODC1 overexpression enhances GABA production but does not fully rescue the effect of SLC45A4 KO.
ST004095,AN006788,684,48,Reversed phase UNSPECIFIED ION MODE,Hep3B PNPLA3 wild type and PNPLA3(I148M) lipidomics
ST004096,AN006789,100,48,Reversed phase POSITIVE ION MODE,The loss of Peroxiredoxin 2 in mice leads to a disrupted biochemical aging phenotype in erythrocytes
ST004096,AN006790,42,48,Reversed phase NEGATIVE ION MODE,The loss of Peroxiredoxin 2 in mice leads to a disrupted biochemical aging phenotype in erythrocytes
ST004096,AN006791,40,48,GC POSITIVE ION MODE,The loss of Peroxiredoxin 2 in mice leads to a disrupted biochemical aging phenotype in erythrocytes
ST004097,AN006792,19,24,HILIC POSITIVE ION MODE,ODC1 overexpression increased the extracellular putrescine concentration in both WT and SLC45A4 KO cells
ST004098,AN006794,135,65,Reversed phase POSITIVE ION MODE,Metabolic-Immuno-Hormonal Crosstalk in Breast Cancer
ST004103,AN006804,238,124,Reversed phase POSITIVE ION MODE,Evaluating the Molecular Effects of Two Quinoline-Containing Anti-Proliferative Compounds Using a Multi-Omics Approach
ST004105,AN006807,234,60,Reversed phase POSITIVE ION MODE,Untargeted LC-MS/MS- Based Metabolomics Profiling of Colorectal Cancer Cell Lines Reveals Potential Hypoxia-Associated Biomarkers
ST004106,AN006808,203,16,HILIC UNSPECIFIED ION MODE,Mitochondrial complex III-derived reactive oxygen species amplify immunometabolic changes in astrocytes and promote dementia pathology
ST004107,AN006809,44,25,Reversed phase POSITIVE ION MODE,Pesticide metabolite characterization by human liver S9 fractions
ST004108,AN006810,1636,12,Reversed phase POSITIVE ION MODE,Mechanism for oil-phase separation by the lipid droplet assembly complex
ST004109,AN006811,56,11,Reversed phase NEGATIVE ION MODE,Early adipose tissue wasting in a preclinical model of human lung cancer cachexia - Serum metabolomics from WT and KRAS knockout mice
ST004109,AN006812,74,11,Reversed phase POSITIVE ION MODE,Early adipose tissue wasting in a preclinical model of human lung cancer cachexia - Serum metabolomics from WT and KRAS knockout mice
ST004110,AN006813,227,52,Reversed phase UNSPECIFIED ION MODE,Lipidomics characterization from plasma VLDL fractions isolated from human PNPLA3 wild type and human PNPLA3(I148M) knock in mice.
ST004116,AN006824,354,19,Reversed phase POSITIVE ION MODE,Lipidomic profiling reveals age-dependent changes in complex plasma membrane lipids that regulate neural stem cell aging (Part 5)
ST004116,AN006825,354,19,Reversed phase NEGATIVE ION MODE,Lipidomic profiling reveals age-dependent changes in complex plasma membrane lipids that regulate neural stem cell aging (Part 5)
ST004117,AN006826,273,40,Reversed phase POSITIVE ION MODE,Lipidomic profiling reveals age-dependent changes in complex plasma membrane lipids that regulate neural stem cell aging (Part 6)
ST004117,AN006827,273,40,Reversed phase NEGATIVE ION MODE,Lipidomic profiling reveals age-dependent changes in complex plasma membrane lipids that regulate neural stem cell aging (Part 6)
ST004118,AN006828,132,18,Reversed phase POSITIVE ION MODE,Lipidomics on Hep3B Cells Overexpressing CGI-158 and PNPLA2
ST004118,AN006829,131,18,Reversed phase NEGATIVE ION MODE,Lipidomics on Hep3B Cells Overexpressing CGI-158 and PNPLA2
ST004119,AN006830,4,38,Reversed phase POSITIVE ION MODE,Bashaga Mongolian medicine anti-liver based on ' intestinal flora-tryptophan metabolism-liver axis ' Study on the mechanism of fiber action
ST004119,AN006831,15,38,Reversed phase NEGATIVE ION MODE,Bashaga Mongolian medicine anti-liver based on ' intestinal flora-tryptophan metabolism-liver axis ' Study on the mechanism of fiber action
ST004120,AN006832,274,11,HILIC UNSPECIFIED ION MODE,Assessing the dependence of murine WT and Crebbp-/- tumour B cells on glucose to fuel Oxidative Phosphorylation.
ST004121,AN006833,261,11,HILIC UNSPECIFIED ION MODE,Assessing the dependence of murine WT and Crebbp-/- tumour B cells on palmitate to fuel Oxidative Phosphorylation.
ST004122,AN006834,137,12,Reversed phase POSITIVE ION MODE,Untargeted rhizosphere metabolomics of Artemisia argyi under cadmium stress with synthetic microbial community inoculation
ST004122,AN006835,48,12,Reversed phase NEGATIVE ION MODE,Untargeted rhizosphere metabolomics of Artemisia argyi under cadmium stress with synthetic microbial community inoculation
ST004123,AN006836,1613,6,GC POSITIVE ION MODE,Targeted volatile metabolomics of Artemisia argyi leaves under cadmium stress with synthetic microbial community inoculation
ST004124,AN006837,36,96,HILIC UNSPECIFIED ION MODE,Dietary cysteine enhances intestinal stemness via CD8+ T cell-derived IL22
ST004125,AN006838,137,12,HILIC UNSPECIFIED ION MODE,"Metabolite profiling in the glycerol kinase (GK), GPD1 and GAPDH genes into the reconstituted ChREBPα-MLX HEK293T system alongside green fluorescent protein (GFP)."
ST004126,AN006839,3,35,Reversed phase NEGATIVE ION MODE,"Glyc3P, hexose phosphates, and pentose phosphates measurements in citrin deficiency."
ST004127,AN006840,313,18,HILIC NEGATIVE ION MODE,Metabolomic analysis of supernatants from ovarian cancer ascites fluid with pre-activated T cells.
ST004129,AN006843,9,15,Reversed phase POSITIVE ION MODE,Metabolomic analysis of TCA cycle intermediates in Mycobacterium tuberculosis-infected BMDMs.
ST004132,AN006846,145,54,HILIC POSITIVE ION MODE,"Metabolite profiling of portal plasma, cardiac puncture plasma, and cecal contents of 129 T, 129 J, C57Bl6 mice."
ST004132,AN006847,227,54,Reversed phase POSITIVE ION MODE,"Metabolite profiling of portal plasma, cardiac puncture plasma, and cecal contents of 129 T, 129 J, C57Bl6 mice."
ST004132,AN006848,101,54,HILIC NEGATIVE ION MODE,"Metabolite profiling of portal plasma, cardiac puncture plasma, and cecal contents of 129 T, 129 J, C57Bl6 mice."
ST004132,AN006849,111,54,Reversed phase NEGATIVE ION MODE,"Metabolite profiling of portal plasma, cardiac puncture plasma, and cecal contents of 129 T, 129 J, C57Bl6 mice."
ST004133,AN006850,135,62,HILIC POSITIVE ION MODE,Metabolite profiling of portal and cardiac puncture plasma in C57Bl6 mice treated with Vancomycin or Metronidazole under a regular or high fat diet.
ST004133,AN006851,288,62,Reversed phase POSITIVE ION MODE,Metabolite profiling of portal and cardiac puncture plasma in C57Bl6 mice treated with Vancomycin or Metronidazole under a regular or high fat diet.
ST004133,AN006852,126,62,HILIC NEGATIVE ION MODE,Metabolite profiling of portal and cardiac puncture plasma in C57Bl6 mice treated with Vancomycin or Metronidazole under a regular or high fat diet.
ST004133,AN006853,98,62,Reversed phase NEGATIVE ION MODE,Metabolite profiling of portal and cardiac puncture plasma in C57Bl6 mice treated with Vancomycin or Metronidazole under a regular or high fat diet.
ST004134,AN006854,11,13,Reversed phase NEGATIVE ION MODE,Metabolomic analysis of glycolytic intermediates in Mycobacterium tuberculosis-infected BMDMs (Bone marrow-derived macrophages)
ST004135,AN006855,314,24,HILIC UNSPECIFIED ION MODE,The SLC1A1/EAAT3 Dicarboxylic Amino Acid Transporter is an Epigenetically Dysregulated Nutrient Carrier that Sustains Oncogenic Metabolic Programs
ST004136,AN006857,7,40,GC POSITIVE ION MODE,Bifidobacterium animalis subsp. lactis secretes acetate to delay the progression of epithelial ovarian cancer via regulating the NRF2-HO-1-ferroptosis pathway
ST004138,AN006860,1037,117,Reversed phase POSITIVE ION MODE,Variation in microbiome and metabolites are associated with advantageous effects of cholestyramine on primary biliary cholangitis with pruritus
ST004138,AN006861,691,117,Reversed phase NEGATIVE ION MODE,Variation in microbiome and metabolites are associated with advantageous effects of cholestyramine on primary biliary cholangitis with pruritus
ST004143,AN006867,4,33,HILIC POSITIVE ION MODE,Lineage-Specific Thermal Tolerance Mechanisms in Stony and Soft Corals: Insights from Photophysiology and Metabolomics
ST004143,AN006868,7,33,HILIC NEGATIVE ION MODE,Lineage-Specific Thermal Tolerance Mechanisms in Stony and Soft Corals: Insights from Photophysiology and Metabolomics
ST004144,AN006869,885,294,HILIC UNSPECIFIED ION MODE,Metabolic rewiring in isogenic SW48 colorectal cancer cells with different oncogenic KRAS G12 point mutations
ST004145,AN006870,11,356,Reversed phase POSITIVE ION MODE,Multi-Omic Analysis Links Neighborhood Disadvantage to Inflammatory Proteins and Tumorigenic Markers in ER+ Breast Cancer Plasma and Tumor Samples
ST004145,AN006871,1,356,Reversed phase NEGATIVE ION MODE,Multi-Omic Analysis Links Neighborhood Disadvantage to Inflammatory Proteins and Tumorigenic Markers in ER+ Breast Cancer Plasma and Tumor Samples
ST004147,AN006876,53,78,NMR data,Urinary Multi-Omics Signatures of Preterm Premature Rupture of Membranes: Insights into Microbial and Metabolic Biomarkers
ST004148,AN006877,74,42,Reversed phase NEGATIVE ION MODE,Surface Acoustic Wave Hemolysis Assay for Evaluating Stored Red Blood Cells
ST004148,AN006878,93,42,Reversed phase POSITIVE ION MODE,Surface Acoustic Wave Hemolysis Assay for Evaluating Stored Red Blood Cells
ST004153,AN006894,5703,54,Reversed phase POSITIVE ION MODE,Multi-omics Study of Small Intestine Adaptation After Total Colectomy in a Rat model
ST004153,AN006895,3699,54,Reversed phase NEGATIVE ION MODE,Multi-omics Study of Small Intestine Adaptation After Total Colectomy in a Rat model
ST004159,AN006903,153,22,Reversed phase NEGATIVE ION MODE,A new class of phenylglycine-benzoxaborole conjugates with antimalarial activity
ST004160,AN006904,39,32,GC POSITIVE ION MODE,Cytosolic Acetyl-Coenzyme A is a signaling metabolite to control mitophagy
ST004161,AN006905,206,88,HILIC NEGATIVE ION MODE,"Distinct plasma metabolomic alterations are associated with physical function, weight loss, and muscle mass in men with cancer"
ST004161,AN006906,153,88,HILIC POSITIVE ION MODE,"Distinct plasma metabolomic alterations are associated with physical function, weight loss, and muscle mass in men with cancer"
ST004162,AN006907,39,33,HILIC POSITIVE ION MODE,Targeted Lipid Profiling of Mouse Brains with GBA1 E326K Loss-of-Function
ST004163,AN006908,140,169,Reversed phase POSITIVE ION MODE,Targeted Lipid Profiling of HEK and iPSC derived iMG Cell Models with GBA1 Loss-of-Function
ST004163,AN006909,118,169,Reversed phase NEGATIVE ION MODE,Targeted Lipid Profiling of HEK and iPSC derived iMG Cell Models with GBA1 Loss-of-Function
ST004163,AN006910,15,169,Reversed phase NEGATIVE ION MODE,Targeted Lipid Profiling of HEK and iPSC derived iMG Cell Models with GBA1 Loss-of-Function
ST004163,AN006911,39,169,HILIC POSITIVE ION MODE,Targeted Lipid Profiling of HEK and iPSC derived iMG Cell Models with GBA1 Loss-of-Function
ST004164,AN006912,31,80,HILIC POSITIVE ION MODE,Equilibrative Nucleoside Transporter 2 Modulates Inosine Catabolism to Influence Astrocyte Metabolism and Reactivity
ST004164,AN006913,66,80,HILIC NEGATIVE ION MODE,Equilibrative Nucleoside Transporter 2 Modulates Inosine Catabolism to Influence Astrocyte Metabolism and Reactivity
ST004165,AN006914,31,15,UPLC UNSPECIFIED ION MODE,Targeted Metabolomic Analysis of Neurotransmitters in Serum from 15q11-13 Duplication (15q dup) mice and Wild-Type (WT) Mice
ST004166,AN006915,203,79,HILIC NEGATIVE ION MODE,"Distinct skeletal muscle metabolomic alterations are associated with physical function, weight loss, and muscle mass in men with cancer"
ST004166,AN006916,154,79,HILIC POSITIVE ION MODE,"Distinct skeletal muscle metabolomic alterations are associated with physical function, weight loss, and muscle mass in men with cancer"
ST004167,AN006917,901,26,Reversed phase POSITIVE ION MODE,Targeted Lipidomic Profiling of STBD1 Knockdown in Clear Cell Renal Carcinoma Cells
ST004167,AN006918,848,26,Reversed phase NEGATIVE ION MODE,Targeted Lipidomic Profiling of STBD1 Knockdown in Clear Cell Renal Carcinoma Cells
ST004168,AN006919,343,316,Reversed phase POSITIVE ION MODE,Integrative brain omics approach highlights sn-1 lysophosphatidylethanolamine in Alzheimer's dementia
ST004169,AN006920,86,21,HILIC POSITIVE ION MODE,Alanine catabolism as a targetable vulnerability for MYC-driven liver cancer
ST004169,AN006921,340,21,HILIC NEGATIVE ION MODE,Alanine catabolism as a targetable vulnerability for MYC-driven liver cancer
ST004173,AN006927,20,12,Reversed phase POSITIVE ION MODE,Study on the metabolic pathways of evolutionary Lacticaseibacillus casei and wild-type Lacticaseibacillus casei under oxidative stress
ST004173,AN006928,17,12,Reversed phase NEGATIVE ION MODE,Study on the metabolic pathways of evolutionary Lacticaseibacillus casei and wild-type Lacticaseibacillus casei under oxidative stress
ST004174,AN006929,791,88,HILIC UNSPECIFIED ION MODE,"Metabolomic analysis of supernatants from ovarian cancer ascites fluid with activated T cells, unactivated T cells, and T cells stimulated in ovarian cancer ascites fluid"
ST004175,AN006930,21,20,HILIC POSITIVE ION MODE,The influence of implants on the amino acid metabolism of mesenchymal stem cells (MSCs)
ST004176,AN006931,49,12,Reversed phase POSITIVE ION MODE,The influence of implants on the central carbon metabolism of mesenchymal stem cells
ST004177,AN006932,11,78,GC POSITIVE ION MODE,Plasma Organic acids Analysis in Thai EGFR-mutated Non-Small Cell Lung Cancer Patients
ST004179,AN006937,1299,48,HILIC POSITIVE ION MODE,PBT2-mediated dual metal stress: uncovering metabolic vulnerabilities and overcoming resistance in methicillin resistant Staphylococcus aureus
ST004179,AN006938,547,48,HILIC NEGATIVE ION MODE,PBT2-mediated dual metal stress: uncovering metabolic vulnerabilities and overcoming resistance in methicillin resistant Staphylococcus aureus
ST004182,AN006944,224,20,HILIC POSITIVE ION MODE,Metabolomics of ASCL1-high and ASCL1-low SCLC cells in mouse models
ST004182,AN006945,224,20,HILIC NEGATIVE ION MODE,Metabolomics of ASCL1-high and ASCL1-low SCLC cells in mouse models
ST004184,AN006947,8,78,GC POSITIVE ION MODE,Plasma Sugar and Sugar Alcohols Analysis in Thai EGFR-mutated Non-Small Cell Lung Cancer Patients
ST004187,AN006953,84,96,HILIC UNSPECIFIED ION MODE,Discovery and Validation of Metabolic Biomarkers for 'Liver Qi Stagnation' and 'Liver-Gallbladder Damp-Heat' Syndromes in Cholelithiasis: Blood targeted
ST004187,AN006954,94,96,Reversed phase UNSPECIFIED ION MODE,Discovery and Validation of Metabolic Biomarkers for 'Liver Qi Stagnation' and 'Liver-Gallbladder Damp-Heat' Syndromes in Cholelithiasis: Blood targeted
ST004187,AN006955,31,96,Reversed phase UNSPECIFIED ION MODE,Discovery and Validation of Metabolic Biomarkers for 'Liver Qi Stagnation' and 'Liver-Gallbladder Damp-Heat' Syndromes in Cholelithiasis: Blood targeted
ST004188,AN006956,111,96,HILIC UNSPECIFIED ION MODE,Discovery and Validation of Metabolic Biomarkers for 'Liver Qi Stagnation' and 'Liver-Gallbladder Damp-Heat' Syndromes in Cholelithiasis: Urine targeted
ST004188,AN006957,53,96,Reversed phase UNSPECIFIED ION MODE,Discovery and Validation of Metabolic Biomarkers for 'Liver Qi Stagnation' and 'Liver-Gallbladder Damp-Heat' Syndromes in Cholelithiasis: Urine targeted
ST004188,AN006958,40,96,Reversed phase UNSPECIFIED ION MODE,Discovery and Validation of Metabolic Biomarkers for 'Liver Qi Stagnation' and 'Liver-Gallbladder Damp-Heat' Syndromes in Cholelithiasis: Urine targeted
ST004190,AN006961,1942,28,HILIC NEGATIVE ION MODE,Comparative Analysis of the Metabolic Profiles of Alix−/− and Ozz−/− Soleus Skeletal Muscle
ST004190,AN006962,2419,28,HILIC POSITIVE ION MODE,Comparative Analysis of the Metabolic Profiles of Alix−/− and Ozz−/− Soleus Skeletal Muscle
ST004194,AN006966,244,12,HILIC POSITIVE ION MODE,"PfK13-associated artemisinin resistance slows drug activation and enhances antioxidant defence, which can be overcome with sulforaphane"
ST004194,AN006967,227,12,HILIC NEGATIVE ION MODE,"PfK13-associated artemisinin resistance slows drug activation and enhances antioxidant defence, which can be overcome with sulforaphane"
ST004195,AN006968,93,45,GC POSITIVE ION MODE,Untargeted metabolomics profiling of HBEpCs infected with wild-type or deISGylation-deficient mutant SARS-CoV-2
ST004195,AN006969,271,45,Reversed phase POSITIVE ION MODE,Untargeted metabolomics profiling of HBEpCs infected with wild-type or deISGylation-deficient mutant SARS-CoV-2
ST004195,AN006970,206,45,Reversed phase NEGATIVE ION MODE,Untargeted metabolomics profiling of HBEpCs infected with wild-type or deISGylation-deficient mutant SARS-CoV-2
ST004195,AN006971,150,45,HILIC POSITIVE ION MODE,Untargeted metabolomics profiling of HBEpCs infected with wild-type or deISGylation-deficient mutant SARS-CoV-2
ST004195,AN006972,88,45,HILIC NEGATIVE ION MODE,Untargeted metabolomics profiling of HBEpCs infected with wild-type or deISGylation-deficient mutant SARS-CoV-2
ST004200,AN006985,1437,30,HILIC POSITIVE ION MODE,untargeted metabolomics in serum of microplastics exposed mice - Untargeted LC/MS
ST004200,AN006986,1437,30,HILIC NEGATIVE ION MODE,untargeted metabolomics in serum of microplastics exposed mice - Untargeted LC/MS
ST004201,AN006987,20,39,GC POSITIVE ION MODE,SCFA quantification of blood serum in microplastic exposed mice - Targeted GC/MS
ST004202,AN006988,737,18,Normal phase POSITIVE ION MODE,Targeted lipidomics of PHACTR1 overexpressing and knockdown HT1080 stable cell lines
ST004203,AN006989,1296,6,HILIC POSITIVE ION MODE,RPR2 NE nonNE comparison
ST004204,AN006990,609,16,Reversed phase POSITIVE ION MODE,The growth and virulence of S. aureus is inhibited by C. striatum by inhibiting its arginine biosynthesis pathway
ST004204,AN006991,480,16,Reversed phase NEGATIVE ION MODE,The growth and virulence of S. aureus is inhibited by C. striatum by inhibiting its arginine biosynthesis pathway
ST004205,AN006992,140,36,Reversed phase POSITIVE ION MODE,"Lipidomic/Metabolomic Characterization of GPR34 KO, WT, TREM2 KO, and GPR34/TREM2 dKO iPSC1-derived microglia"
ST004205,AN006993,119,36,Reversed phase NEGATIVE ION MODE,"Lipidomic/Metabolomic Characterization of GPR34 KO, WT, TREM2 KO, and GPR34/TREM2 dKO iPSC1-derived microglia"
ST004205,AN006994,216,36,HILIC POSITIVE ION MODE,"Lipidomic/Metabolomic Characterization of GPR34 KO, WT, TREM2 KO, and GPR34/TREM2 dKO iPSC1-derived microglia"
ST004206,AN006995,140,138,Reversed phase POSITIVE ION MODE,"Lipidomic Profiling of Sorted Microglia in GPR34-KO/APP-KI Mice Across 4, 8, 16, and 24 Months"
ST004206,AN006996,118,138,Reversed phase NEGATIVE ION MODE,"Lipidomic Profiling of Sorted Microglia in GPR34-KO/APP-KI Mice Across 4, 8, 16, and 24 Months"
ST004207,AN006997,406,111,HILIC UNSPECIFIED ION MODE,Tumour sampling conditions perturb the metabolic landscape of clear cell renal cell carcinoma
ST004212,AN007006,18,248,Reversed phase POSITIVE ION MODE,Unraveling the Role of Polyamine Metabolism in Post-Operative Delirium: Insights into Biochemical Mechanisms and Biomarker Potential
ST004215,AN007013,301,8,HILIC UNSPECIFIED ION MODE,Intra-tumoral hypoxia promotes CD8+ T cell dysfunction via chronic activation of integrated stress response transcription factor ATF4
ST004216,AN007014,802,8,Reversed phase POSITIVE ION MODE,Paracrine stimulation of brown adipose tissue vascularization by adipocyte O-GlcNAc signaling
ST004216,AN007015,237,8,Reversed phase NEGATIVE ION MODE,Paracrine stimulation of brown adipose tissue vascularization by adipocyte O-GlcNAc signaling
ST004217,AN007016,749,54,Reversed phase POSITIVE ION MODE,Lipid Alterations in ASAH1-Deficient Cells: Insights into Ceramide Accumulation and Lysosomal Dysfunction
ST004219,AN007021,926,39,Reversed phase NEGATIVE ION MODE,The Effects of NAA and GA₃ Applications at Pre-flowering and Pre-veraison Stages on Sugar-Acid Metabolism and Wine Quality in Marselan Grapes: Integrated Insights from Transcriptomic and Metabolomic Analyses
ST004221,AN007024,1,13,Reversed phase POSITIVE ION MODE,Targeted Detection of Cystathionine in NCI-H1299 Cells Transfected with siRNA Targeting MAT2A or Treated with MAT2A Inhibitor AG270 For 48h
ST004222,AN007025,127,7,HILIC POSITIVE ION MODE,Elucidating the source of elevated proline in APR parasites
ST004223,AN007026,97,101,None (Direct infusion) POSITIVE ION MODE,Sulfatide deficiency-induced astrogliosis and myelin lipid dyshomeostasis are independent of Trem2-mediated microglial activation
ST004223,AN007027,49,101,None (Direct infusion) NEGATIVE ION MODE,Sulfatide deficiency-induced astrogliosis and myelin lipid dyshomeostasis are independent of Trem2-mediated microglial activation
ST004223,AN007028,102,101,None (Direct infusion) NEGATIVE ION MODE,Sulfatide deficiency-induced astrogliosis and myelin lipid dyshomeostasis are independent of Trem2-mediated microglial activation
ST004224,AN007029,5,6,Reversed phase POSITIVE ION MODE,DNA Damage induced PKD activation affects GOLPH3 mediated chemoresistance
ST004225,AN007030,4,13,Reversed phase POSITIVE ION MODE,"Targeted Detection of Cholesterol, Lanosterol, 7-Dehydrocholesterol and Squalene in NCI-H1299 Cells Transfected with siRNA Targeting MAT2A or Treated with MAT2A inhibitor AG270 for 48h"
ST004226,AN007031,283,30,Reversed phase POSITIVE ION MODE,Mouse placenta metabolomics across healthy pregnancy: embryonic days e13.5-e18.5
ST004226,AN007032,221,30,Reversed phase POSITIVE ION MODE,Mouse placenta metabolomics across healthy pregnancy: embryonic days e13.5-e18.5
ST004226,AN007033,306,30,Reversed phase NEGATIVE ION MODE,Mouse placenta metabolomics across healthy pregnancy: embryonic days e13.5-e18.5
ST004226,AN007034,118,30,HILIC NEGATIVE ION MODE,Mouse placenta metabolomics across healthy pregnancy: embryonic days e13.5-e18.5
ST004227,AN007035,1883,24,Reversed phase POSITIVE ION MODE,Comparative untargeted metabolomics analysis the wheat grains in cultivars zhengmai 7698 and zhoumai 22
ST004227,AN007036,1265,24,Reversed phase NEGATIVE ION MODE,Comparative untargeted metabolomics analysis the wheat grains in cultivars zhengmai 7698 and zhoumai 22
ST004228,AN007037,95,14,HILIC POSITIVE ION MODE,Aromatic Microbial Metabolite Hippuric Acid Potentiates Pro-Inflammatory Responses in Macrophages through TLR-MyD88 Signaling and Lipid Remodeling - Non-targeted metabolomics of C57BL/6 mice infected with Escherichia coli
ST004228,AN007038,99,14,HILIC NEGATIVE ION MODE,Aromatic Microbial Metabolite Hippuric Acid Potentiates Pro-Inflammatory Responses in Macrophages through TLR-MyD88 Signaling and Lipid Remodeling - Non-targeted metabolomics of C57BL/6 mice infected with Escherichia coli
ST004229,AN007039,921,38,Reversed phase POSITIVE ION MODE,Aromatic Microbial Metabolite Hippuric Acid Potentiates Pro-Inflammatory Responses in Macrophages through TLR-MyD88 Signaling and Lipid Remodeling - Lipidomics analysis on bone marrow derived macrophages pre-treated with hippuric acid and stimulated with M1-like (LPS+IFNγ)
ST004229,AN007040,273,38,Reversed phase NEGATIVE ION MODE,Aromatic Microbial Metabolite Hippuric Acid Potentiates Pro-Inflammatory Responses in Macrophages through TLR-MyD88 Signaling and Lipid Remodeling - Lipidomics analysis on bone marrow derived macrophages pre-treated with hippuric acid and stimulated with M1-like (LPS+IFNγ)
ST004230,AN007041,140,40,Reversed phase POSITIVE ION MODE,Effect of ATV:4D9 on Microglial Metabolism and FDG levels in mKate-TREM2/APP mouse model
ST004230,AN007042,119,40,Reversed phase NEGATIVE ION MODE,Effect of ATV:4D9 on Microglial Metabolism and FDG levels in mKate-TREM2/APP mouse model
ST004230,AN007043,216,40,HILIC POSITIVE ION MODE,Effect of ATV:4D9 on Microglial Metabolism and FDG levels in mKate-TREM2/APP mouse model
ST004230,AN007044,59,40,Ion exchange NEGATIVE ION MODE,Effect of ATV:4D9 on Microglial Metabolism and FDG levels in mKate-TREM2/APP mouse model
ST004230,AN007045,2,40,Ion exchange NEGATIVE ION MODE,Effect of ATV:4D9 on Microglial Metabolism and FDG levels in mKate-TREM2/APP mouse model
ST004231,AN007046,51,15,GC POSITIVE ION MODE,Metabolomic studies of H9c2 cells samples
ST004233,AN007048,127,24,HILIC POSITIVE ION MODE,Validating the role of the arginine to proline biosynthetic pathway in the APR
ST004234,AN007049,23,40,HILIC POSITIVE ION MODE,Reductive death is averted by a conserved de novo lipogenic switch.
ST004234,AN007050,4,40,HILIC NEGATIVE ION MODE,Reductive death is averted by a conserved de novo lipogenic switch.
ST004236,AN007053,160,60,Reversed phase POSITIVE ION MODE,Lipidomics analysis of TERT-hWA adipocytes spheroids under basal and stimulated lipolysis conditions
ST004237,AN007054,184,48,Reversed phase POSITIVE ION MODE,"Lipidomic analysis of the perigonadal adipose tissue of Control, HSL KO and ATGL KO mice."
ST004238,AN007055,359,48,Reversed phase POSITIVE ION MODE,Lipidomic Characterization of Wild-Type vs ATGL/HSL Double Knockout Adipocytes in Basal and Stimulated Lipolysis
ST004239,AN007056,127,72,HILIC POSITIVE ION MODE,Labeled amino acid uptake from multiplexed isotope media
ST004240,AN007057,127,30,HILIC POSITIVE ION MODE,PfApiAT2 loss of function leads to Adaptive Proline Response (APR)
ST004242,AN007061,142,20,Reversed phase POSITIVE ION MODE,Glycolysis inhibition functionally reprograms T follicular helper cells and reverses lupus - lupus prone W.Yaa mouse treated with 2-deoxy-D-glucose
ST004242,AN007062,135,20,Reversed phase NEGATIVE ION MODE,Glycolysis inhibition functionally reprograms T follicular helper cells and reverses lupus - lupus prone W.Yaa mouse treated with 2-deoxy-D-glucose
ST004243,AN007063,154,6,Reversed phase POSITIVE ION MODE,Glycolysis inhibition functionally reprograms T follicular helper cells and reverses lupus - human Lupus patients
ST004243,AN007064,175,6,Reversed phase NEGATIVE ION MODE,Glycolysis inhibition functionally reprograms T follicular helper cells and reverses lupus - human Lupus patients
ST004244,AN007065,127,36,HILIC POSITIVE ION MODE,Parasites with a disrupted arginine to proline pathway can still mount an APR
ST004249,AN007072,138,8,GC POSITIVE ION MODE,Evaluation of the FASP protocol for a mass spectrometry-based multiomics analysis of a urine sample by GC-MS
ST004251,AN007074,46,18,Reversed phase POSITIVE ION MODE,Metagenomic and metabolomic analyses of fecal samples from civet-digested coffee in Vietnam
ST004252,AN007075,6,20,GC POSITIVE ION MODE,Acetyl-CoA Carboxylase Maintains Energetic Balance for Functional Oogenesis
ST004253,AN007076,2,13,HILIC POSITIVE ION MODE,Targeted Detection of S-Adenosylmethionine and S-Adenosylhomocysteine in NCI-H1299 Cells Transfected with siRNA Targeting MAT2A or Treated with MAT2A Inhibitor AG270 For 48h
ST004256,AN007082,30,20,Reversed phase NEGATIVE ION MODE,Central carbon metabolites in Wild Type (WT) and dioxin response element (DRE) mice treated with TCDD
ST003748,AN007083,36,43,Supercritical fluid chromatography POSITIVE ION MODE,Phosphatidylinositol remodeling by lysophospholipid acyltransferase 11 ensures embryonic radial glial cell integrity - part 2
ST004258,AN007086,22,48,GC POSITIVE ION MODE,Mitochondria-localized MLKL channel function drives proinflammatory response independent of necroptosis
ST004262,AN007092,70,6,Reversed phase POSITIVE ION MODE,The lipidome of drug-resistant glioblastoma persister cells.
ST004262,AN007093,56,6,Reversed phase NEGATIVE ION MODE,The lipidome of drug-resistant glioblastoma persister cells.
ST004263,AN007094,218,257,HILIC POSITIVE ION MODE,Metabolomics analysis of effects of NSAID administration on human volunteers
ST004263,AN007095,31,257,HILIC NEGATIVE ION MODE,Metabolomics analysis of effects of NSAID administration on human volunteers
ST004264,AN007096,170,24,Reversed phase POSITIVE ION MODE,Dynamic metabolic and molecular changes during seasonal shrinking in Sorex araneus
ST004264,AN007097,72,24,Reversed phase NEGATIVE ION MODE,Dynamic metabolic and molecular changes during seasonal shrinking in Sorex araneus
ST004267,AN007103,5,26,Reversed phase POSITIVE ION MODE,Histone deacetylase SIRT6 regulates tryptophan catabolism and prevents metabolite imbalance associated with neurodegeneration - Human cell lines
ST004268,AN007104,8,28,Reversed phase POSITIVE ION MODE,Histone deacetylase SIRT6 regulates tryptophan catabolism and prevents metabolite imbalance associated with neurodegeneration - Drosophila
ST004269,AN007105,7,56,Reversed phase POSITIVE ION MODE,Targeted Metabolomics Reveals Dysregulated Tryptophan Metabolism in Retinitis Pigmentosa
ST004269,AN007106,10,56,Reversed phase NEGATIVE ION MODE,Targeted Metabolomics Reveals Dysregulated Tryptophan Metabolism in Retinitis Pigmentosa
ST004270,AN007107,45,10,Reversed phase POSITIVE ION MODE,Amino Acid Decarboxylation Preserves Salmonella Fitness During Phagocyte-Derived Oxidative Stress
ST004270,AN007108,55,10,Reversed phase NEGATIVE ION MODE,Amino Acid Decarboxylation Preserves Salmonella Fitness During Phagocyte-Derived Oxidative Stress
ST004272,AN007110,380,54,Reversed phase POSITIVE ION MODE,Age-associated human sperm metabolomic changes
ST004274,AN007113,274,10,HILIC UNSPECIFIED ION MODE,Loss of vitamin C biosynthesis protects from the pathology of a Schistosome infection and egg production.
ST004275,AN007114,117,120,GC POSITIVE ION MODE,Cardiometabolic and molecular adaptations to 6-month intermittent fasting in middle-aged men and women with overweight: secondary outcomes of a randomized controlled trial
ST004276,AN007115,86,51,NMR data,(NMR data) Global metabolomics identifies new extracellular biomarkers of nanovibration-driven mesenchymal stem cells osteodifferentiation
ST004277,AN007116,4,68,HILIC NEGATIVE ION MODE,Limitations in PPAR⍺-dependent mitochondrial programming restrain the differentiation of human stem cell-derived β cells
ST004278,AN007117,117,136,Reversed phase NEGATIVE ION MODE,Investigating the immediate metabolic effects of acute alpha-ketoglutarate supplementation in mice
ST004279,AN007118,83,41,Reversed phase NEGATIVE ION MODE,Metabolic aging in human pancreas
ST004280,AN007119,145,32,Reversed phase POSITIVE ION MODE,Exploring the Impact of Doxorubicin and Paclitaxel on HCT-116 Cancer Cells: A Comprehensive Multi-Omics Analysis Using Mass Spectrometry
ST004281,AN007120,1569,30,HILIC UNSPECIFIED ION MODE,2DLC-MS-based lipidomics of alcohol-associated liver disease mouse liver and brain
ST004281,AN007121,1674,30,Reversed phase UNSPECIFIED ION MODE,2DLC-MS-based lipidomics of alcohol-associated liver disease mouse liver and brain
ST004282,AN007122,194,32,Reversed phase POSITIVE ION MODE,Multiomics analysis of Peptide-Functionalized Zin Oxide Nanoparticles for the selective Targeting of Breast Cancer Expressing Placenta-Specific Protein 1
ST004284,AN007124,1,6,HILIC POSITIVE ION MODE,Acetyl-CoA Carboxylase depletion in germline results in increased Acetyl-CoA level
ST004286,AN007126,14,29,Reversed phase POSITIVE ION MODE,Limitations in PPAR⍺-dependent mitochondrial programming restrain the differentiation of human stem cell-derived β cells - Study 2
ST004287,AN007127,140,18,Reversed phase POSITIVE ION MODE,Lipidomic profiling of PILRAKO xMG in xenotransplant model after mouse microglia(mMg) depletion
ST004287,AN007128,119,18,Reversed phase NEGATIVE ION MODE,Lipidomic profiling of PILRAKO xMG in xenotransplant model after mouse microglia(mMg) depletion
ST004290,AN007133,157,24,HILIC POSITIVE ION MODE,Metabolomics characterisation of Plasmodium falciparum response to plasmepsin V peptidomimetic inhibitors - 5 hour treatment
ST004290,AN007134,215,24,HILIC NEGATIVE ION MODE,Metabolomics characterisation of Plasmodium falciparum response to plasmepsin V peptidomimetic inhibitors - 5 hour treatment
ST004291,AN007135,237,13,HILIC POSITIVE ION MODE,Metabolomics analysis of Plasmodium falciparum asexual-stage parasites treated with plasmepsin V peptidomimetics - 16 hour treatment
ST004291,AN007136,304,13,HILIC NEGATIVE ION MODE,Metabolomics analysis of Plasmodium falciparum asexual-stage parasites treated with plasmepsin V peptidomimetics - 16 hour treatment
ST004294,AN007139,235,24,Ion pair POSITIVE ION MODE,Investigation on the spaceflight-induced phenotypic changes and potential mechanisms of Bacillus Licheniformis
ST004294,AN007140,138,24,Ion pair NEGATIVE ION MODE,Investigation on the spaceflight-induced phenotypic changes and potential mechanisms of Bacillus Licheniformis
ST004296,AN007142,33,15,Reversed phase POSITIVE ION MODE,(MS data) Global metabolomics identifies new extracellular biomarkers of nanovibration-driven mesenchymal stem cells osteodifferentiation
ST004296,AN007143,34,15,Reversed phase NEGATIVE ION MODE,(MS data) Global metabolomics identifies new extracellular biomarkers of nanovibration-driven mesenchymal stem cells osteodifferentiation
ST004297,AN007144,380,290,Reversed phase POSITIVE ION MODE,ROSE longitudinal metabolomics analyses of ARDS inflammatory phenotypes
ST004297,AN007145,336,290,Reversed phase POSITIVE ION MODE,ROSE longitudinal metabolomics analyses of ARDS inflammatory phenotypes
ST004297,AN007146,910,290,Reversed phase NEGATIVE ION MODE,ROSE longitudinal metabolomics analyses of ARDS inflammatory phenotypes
ST004297,AN007147,119,290,HILIC NEGATIVE ION MODE,ROSE longitudinal metabolomics analyses of ARDS inflammatory phenotypes
ST004300,AN007152,1113,28,HILIC POSITIVE ION MODE,Two-dimensional liquid chromatography-mass spectrometry (2DLC-MS) platform to conduct an in-depth lipidomic analysis of liver and brain tissues from fat-1 transgenic mice exposed to ethanol.
ST004300,AN007153,465,28,HILIC NEGATIVE ION MODE,Two-dimensional liquid chromatography-mass spectrometry (2DLC-MS) platform to conduct an in-depth lipidomic analysis of liver and brain tissues from fat-1 transgenic mice exposed to ethanol.
ST004300,AN007154,1128,28,Reversed phase POSITIVE ION MODE,Two-dimensional liquid chromatography-mass spectrometry (2DLC-MS) platform to conduct an in-depth lipidomic analysis of liver and brain tissues from fat-1 transgenic mice exposed to ethanol.
ST004300,AN007155,542,28,Reversed phase NEGATIVE ION MODE,Two-dimensional liquid chromatography-mass spectrometry (2DLC-MS) platform to conduct an in-depth lipidomic analysis of liver and brain tissues from fat-1 transgenic mice exposed to ethanol.
ST004303,AN007160,266,67,HILIC UNSPECIFIED ION MODE,Exercise intensity modulates the human plasma secretome and interorgan communication
ST004305,AN007162,58,12,GC POSITIVE ION MODE,Lactate mitochondrial oxidation drives stemness potential in metastatic breast cancer
ST004301,AN007163,917,24,Reversed phase POSITIVE ION MODE,Metabolomic profiling of three native North American ash trees (Fraxinus spp.) and their relationship to the Emerald ash borer (Agrilus planipennis) infestation
ST004301,AN007164,1005,24,Reversed phase NEGATIVE ION MODE,Metabolomic profiling of three native North American ash trees (Fraxinus spp.) and their relationship to the Emerald ash borer (Agrilus planipennis) infestation
ST004309,AN007172,236,40,Reversed phase POSITIVE ION MODE,Metabolic reprogramming by caloric restriction enhances acute-phase virologic control and reduces chronic inflammation in SIV-infected rhesus macaques
ST004309,AN007173,215,40,Reversed phase NEGATIVE ION MODE,Metabolic reprogramming by caloric restriction enhances acute-phase virologic control and reduces chronic inflammation in SIV-infected rhesus macaques
ST004311,AN007176,253,11,Reversed phase POSITIVE ION MODE,Fecal metabolomics analysis of lupus-prone mice treated with probiotic Faecalibacterium prausnitzii strain UT1
ST004311,AN007177,171,11,Reversed phase NEGATIVE ION MODE,Fecal metabolomics analysis of lupus-prone mice treated with probiotic Faecalibacterium prausnitzii strain UT1
ST004314,AN007183,1029,60,Reversed phase POSITIVE ION MODE,Metabolic diversity within the Akkermansia genus
ST004314,AN007184,958,60,Reversed phase NEGATIVE ION MODE,Metabolic diversity within the Akkermansia genus
ST004315,AN007185,45,25,None (Direct infusion) POSITIVE ION MODE,Low Intensity Vibration Reduces Acylcarnitine Species as Derived from the Circulation in Estrogen Deprived Female Mice
ST004317,AN007188,351,25,Reversed phase POSITIVE ION MODE,Human gut microbiota from fast-progressing ALS patients accelerates disease in mice and reprograms cecal metabolite profiles
ST004317,AN007189,205,25,Reversed phase POSITIVE ION MODE,Human gut microbiota from fast-progressing ALS patients accelerates disease in mice and reprograms cecal metabolite profiles
ST004317,AN007190,550,25,Reversed phase NEGATIVE ION MODE,Human gut microbiota from fast-progressing ALS patients accelerates disease in mice and reprograms cecal metabolite profiles
ST004317,AN007191,108,25,HILIC NEGATIVE ION MODE,Human gut microbiota from fast-progressing ALS patients accelerates disease in mice and reprograms cecal metabolite profiles
ST004318,AN007192,504,54,Reversed phase POSITIVE ION MODE,Metabolomic profiling of serum and stool reveals lipid and amino acid pathways associated with ALS progression rate and sex-specific differences
ST004318,AN007193,398,54,Reversed phase POSITIVE ION MODE,Metabolomic profiling of serum and stool reveals lipid and amino acid pathways associated with ALS progression rate and sex-specific differences
ST004318,AN007194,1189,54,Reversed phase NEGATIVE ION MODE,Metabolomic profiling of serum and stool reveals lipid and amino acid pathways associated with ALS progression rate and sex-specific differences
ST004318,AN007195,158,54,HILIC NEGATIVE ION MODE,Metabolomic profiling of serum and stool reveals lipid and amino acid pathways associated with ALS progression rate and sex-specific differences
ST004321,AN007199,59,33,HILIC POSITIVE ION MODE,Food intake-independent metabolic alterations in cachectic C26 mice compared to non-cachectic C26 mice
ST004321,AN007200,162,33,HILIC NEGATIVE ION MODE,Food intake-independent metabolic alterations in cachectic C26 mice compared to non-cachectic C26 mice
ST004322,AN007201,2,9,HILIC NEGATIVE ION MODE,Evidence for glutathione-mediated protection against cPGA-induced acylation in human HCT116 DJ-1 knockout cells.
ST004323,AN007202,143,34,HILIC POSITIVE ION MODE,Human Hearts intrinsically increase cardiomyocyte mitosis following myocardial infarction
ST004323,AN007203,2,34,HILIC NEGATIVE ION MODE,Human Hearts intrinsically increase cardiomyocyte mitosis following myocardial infarction
ST004323,AN007204,109,34,HILIC POSITIVE ION MODE,Human Hearts intrinsically increase cardiomyocyte mitosis following myocardial infarction
ST004323,AN007205,13,34,HILIC NEGATIVE ION MODE,Human Hearts intrinsically increase cardiomyocyte mitosis following myocardial infarction
ST004324,AN007206,50,18,HILIC POSITIVE ION MODE,Conserved pathway for homarine catabolism in environmental bacteria
ST004324,AN007207,36,18,HILIC NEGATIVE ION MODE,Conserved pathway for homarine catabolism in environmental bacteria
ST004325,AN007208,35,247,NMR data,Dynamics of urine metabolomics and tubular inflammatory cytokines in Type 1 diabetes across disease durations
ST004327,AN007211,277,20,HILIC UNSPECIFIED ION MODE,Microbiota Regulation of Hepatic Nanoparticle Sequestration Enables Enhanced Tumour Delivery
ST004329,AN007214,10,58,HILIC POSITIVE ION MODE,Acute heat stress redirects coral carbon budgets: integrative evidence from physiology and metabolomics
ST004329,AN007215,10,58,HILIC NEGATIVE ION MODE,Acute heat stress redirects coral carbon budgets: integrative evidence from physiology and metabolomics
ST004186,AN007231,182,95,Reversed phase POSITIVE ION MODE,Discovery and Validation of Metabolic Biomarkers for 'Liver Qi Stagnation' and 'Liver-Gallbladder Damp-Heat' Syndromes in Cholelithiasis: Blood untargeted
ST004186,AN007232,363,95,Reversed phase NEGATIVE ION MODE,Discovery and Validation of Metabolic Biomarkers for 'Liver Qi Stagnation' and 'Liver-Gallbladder Damp-Heat' Syndromes in Cholelithiasis: Blood untargeted
ST004189,AN007233,273,96,Reversed phase POSITIVE ION MODE,Discovery and Validation of Metabolic Biomarkers for 'Liver Qi Stagnation' and 'Liver-Gallbladder Damp-Heat' Syndromes in Cholelithiasis: Urine untargeted
ST004189,AN007234,294,96,Reversed phase NEGATIVE ION MODE,Discovery and Validation of Metabolic Biomarkers for 'Liver Qi Stagnation' and 'Liver-Gallbladder Damp-Heat' Syndromes in Cholelithiasis: Urine untargeted
ST004333,AN007235,158,13,HILIC NEGATIVE ION MODE,Oxidative pentose phosphate pathway is required for T cell activation and anti-tumor immunity - G6PD-knockout
ST004333,AN007236,326,13,HILIC POSITIVE ION MODE,Oxidative pentose phosphate pathway is required for T cell activation and anti-tumor immunity - G6PD-knockout
ST004334,AN007237,122,8,HILIC NEGATIVE ION MODE,Oxidative pentose phosphate pathway is required for T cell activation and anti-tumor immunity - PGD-knockout
ST004334,AN007238,237,8,HILIC POSITIVE ION MODE,Oxidative pentose phosphate pathway is required for T cell activation and anti-tumor immunity - PGD-knockout
ST004337,AN007242,21,26,HILIC POSITIVE ION MODE,Homarine catabolism: Ruegeria pomeroyi DSS-3 comparative metabolomics under homarine and glucose supported growth
ST004337,AN007243,2,26,HILIC NEGATIVE ION MODE,Homarine catabolism: Ruegeria pomeroyi DSS-3 comparative metabolomics under homarine and glucose supported growth
ST004338,AN007244,2904,32,Reversed phase POSITIVE ION MODE,Quantification and visualisation of new myelin lipid synthesis using deuterium oxide and high resolution lipidomics
ST004338,AN007245,672,32,Reversed phase NEGATIVE ION MODE,Quantification and visualisation of new myelin lipid synthesis using deuterium oxide and high resolution lipidomics
ST004339,AN007246,53,19,HILIC NEGATIVE ION MODE,Glutathione-deficiency promotes basal hyperinsulinemia in the insulin secreting cell line INS-1 (832/13)
ST004341,AN007249,2840,72,Reversed phase NEGATIVE ION MODE,Effects of honey on alcohol-associated liver disease (ALD): Honey combined with ethanol modeling and serum metabolomics
ST004341,AN007250,922,72,Reversed phase POSITIVE ION MODE,Effects of honey on alcohol-associated liver disease (ALD): Honey combined with ethanol modeling and serum metabolomics
ST004345,AN007255,40,18,Reversed phase NEGATIVE ION MODE,Quantifying long chain fatty acids associated with T cell dysfunction in ovarian cancer ascites
ST004347,AN007257,1,140,HILIC POSITIVE ION MODE,"Homarine Catabolism: In situ metabolomics from KM1906, surface samples along a transect in the North Pacific"
ST004350,AN007261,1154,18,Reversed phase POSITIVE ION MODE,The metabolic effects of succinylation and desuccinylation of HADHB at lysine 292
ST004350,AN007262,779,18,Reversed phase NEGATIVE ION MODE,The metabolic effects of succinylation and desuccinylation of HADHB at lysine 292
ST004352,AN007265,24,74,HILIC POSITIVE ION MODE,Homarine catabolism: Marine microbial isotope-tracing metabolomics experiments for cruise TN397 in the Fall of 2021 at two different stations in the North Pacific
ST004352,AN007266,2,74,HILIC NEGATIVE ION MODE,Homarine catabolism: Marine microbial isotope-tracing metabolomics experiments for cruise TN397 in the Fall of 2021 at two different stations in the North Pacific
ST004353,AN007267,27,68,HILIC POSITIVE ION MODE,Homarine catabolism: Marine microbial isotope-tracing metabolomics experiments for cruise TN412 in the Winter of 2023 at two different stations in the North Pacific
ST004353,AN007268,2,68,HILIC NEGATIVE ION MODE,Homarine catabolism: Marine microbial isotope-tracing metabolomics experiments for cruise TN412 in the Winter of 2023 at two different stations in the North Pacific
ST004354,AN007269,24,66,HILIC POSITIVE ION MODE,Homarine catabolism: Marine microbial isotope-tracing metabolomics experiments for cruise RC104 in the Summer of 2023 in Puget Sound
ST004354,AN007270,2,66,HILIC NEGATIVE ION MODE,Homarine catabolism: Marine microbial isotope-tracing metabolomics experiments for cruise RC104 in the Summer of 2023 in Puget Sound
ST004356,AN007273,113,18,GC POSITIVE ION MODE,Stable Isotope Tracing of Primary Human Peripheral Blood Mononuclear Cells
ST004357,AN007274,235,84,Reversed phase POSITIVE ION MODE,Metabolic Impact of Cardiomyocyte-Specific Nuclear Receptor Subfamily 4 Group A Member 2 (NR4A2) Induction on the Mouse Heart
ST004357,AN007275,312,84,Reversed phase POSITIVE ION MODE,Metabolic Impact of Cardiomyocyte-Specific Nuclear Receptor Subfamily 4 Group A Member 2 (NR4A2) Induction on the Mouse Heart
ST004357,AN007276,324,84,Reversed phase NEGATIVE ION MODE,Metabolic Impact of Cardiomyocyte-Specific Nuclear Receptor Subfamily 4 Group A Member 2 (NR4A2) Induction on the Mouse Heart
ST004357,AN007277,96,84,HILIC NEGATIVE ION MODE,Metabolic Impact of Cardiomyocyte-Specific Nuclear Receptor Subfamily 4 Group A Member 2 (NR4A2) Induction on the Mouse Heart
ST004360,AN007281,35,36,Reversed phase NEGATIVE ION MODE,Investigating the impact of dietary interventions in cellular phospholipid composition.
ST004369,AN007298,14,135,Reversed phase NEGATIVE ION MODE,Medium chain triglycerides induce metabolic shifts in dogs with idiopathic epilepsy: a multi-omics approach - plasma metabolome
ST004369,AN007299,74,135,Reversed phase POSITIVE ION MODE,Medium chain triglycerides induce metabolic shifts in dogs with idiopathic epilepsy: a multi-omics approach - plasma metabolome
ST004370,AN007300,31,134,Reversed phase NEGATIVE ION MODE,Medium chain triglycerides induce metabolic shifts in dogs with idiopathic epilepsy: a multi-omics approach - fecal metabolome
ST004370,AN007301,49,134,Reversed phase POSITIVE ION MODE,Medium chain triglycerides induce metabolic shifts in dogs with idiopathic epilepsy: a multi-omics approach - fecal metabolome
ST004371,AN007302,61,88,Reversed phase POSITIVE ION MODE,Mitochondrial dsRNA drives radial glia-like cell senescence and antiviral immunity in progressive Multiple Sclerosis
ST004371,AN007303,59,88,Reversed phase NEGATIVE ION MODE,Mitochondrial dsRNA drives radial glia-like cell senescence and antiviral immunity in progressive Multiple Sclerosis
ST004371,AN007304,79,88,Reversed phase POSITIVE ION MODE,Mitochondrial dsRNA drives radial glia-like cell senescence and antiviral immunity in progressive Multiple Sclerosis
ST004371,AN007305,20,88,Reversed phase NEGATIVE ION MODE,Mitochondrial dsRNA drives radial glia-like cell senescence and antiviral immunity in progressive Multiple Sclerosis
ST004372,AN007306,2,38,Reversed phase NEGATIVE ION MODE,Assessing the effect of Aspirin treatment on Arachidonic acid levels in PIK3CA mutant and wild-type isogenic cells
ST004375,AN007310,70,20,Reversed phase POSITIVE ION MODE,Dihydroorotate dehydrogenase (DHODH) promotes radioresistance in Lung Cancer
ST004375,AN007311,180,20,Reversed phase NEGATIVE ION MODE,Dihydroorotate dehydrogenase (DHODH) promotes radioresistance in Lung Cancer
ST004376,AN007312,118,16,GC POSITIVE ION MODE,Convolvulus pluricaulis confers antidepressant and antioxidant effects through conserved metabolic and molecular pathways in Drosophila
ST004377,AN007313,379,12,HILIC NEGATIVE ION MODE,Metabolomic analysis of WT and TRAP1 KO HEK293 cells in the presence or absence of the mitochondrial Hsp90 inhibitor Gamitrinib-TPP.
ST004378,AN007314,205,9,HILIC NEGATIVE ION MODE,"Metabolomic analysis of WT, Hsp90alpha KO or Hsp90beta KO HEK293 cells."
ST004383,AN007323,5,177,GC-FID,GC-FID based metabolomic profiling of rumen samples across different regions in three ruminant species - investigation of short-chain fatty acids
ST004384,AN007324,9,15,Reversed phase POSITIVE ION MODE,Microbiome biogeography and ventral epithelial differences of rumen - vitamin profiling of rumen fluid from three ruminant species
ST004384,AN007325,9,15,Reversed phase NEGATIVE ION MODE,Microbiome biogeography and ventral epithelial differences of rumen - vitamin profiling of rumen fluid from three ruminant species
ST004385,AN007326,140,86,Reversed phase POSITIVE ION MODE,Inducible deletion of DGAT1 and 2 from microglia exacerbates neurodegeneration and endolysosomal lipid accumulation in male PS19 mice
ST004385,AN007327,119,86,Reversed phase NEGATIVE ION MODE,Inducible deletion of DGAT1 and 2 from microglia exacerbates neurodegeneration and endolysosomal lipid accumulation in male PS19 mice
ST004387,AN007330,10,430,Reversed phase NEGATIVE ION MODE,Investigation of PPP-induced changes in the gut of honeybee workers using targeted metabolomics for SCFA determination.
ST004388,AN007331,83,32,GC POSITIVE ION MODE,Untargeted metabolomics to unravel the adaptations of the desert shrub Haloxylon salicornicum
ST004389,AN007332,2918,109,Reversed phase NEGATIVE ION MODE,Longitudinal Multi-omics Profiling Reveals Different Adaptation to Heat Stress in Genomically Divergent Lactating Sows
ST004389,AN007333,6413,109,Reversed phase POSITIVE ION MODE,Longitudinal Multi-omics Profiling Reveals Different Adaptation to Heat Stress in Genomically Divergent Lactating Sows
ST004389,AN007334,1188,109,HILIC NEGATIVE ION MODE,Longitudinal Multi-omics Profiling Reveals Different Adaptation to Heat Stress in Genomically Divergent Lactating Sows
ST004390,AN007335,42,12,HILIC POSITIVE ION MODE,Polar metabolites profiling between Human Fragile X Syndrome (FXS) and typically developing (TD) human cortex.
ST004390,AN007336,42,12,HILIC NEGATIVE ION MODE,Polar metabolites profiling between Human Fragile X Syndrome (FXS) and typically developing (TD) human cortex.
ST004391,AN007337,76,12,HILIC POSITIVE ION MODE,Polar metabolites profiling between Human Fragile X Syndrome (FXS) and typically developing (TD) human cerebellum.
ST004391,AN007338,85,12,HILIC NEGATIVE ION MODE,Polar metabolites profiling between Human Fragile X Syndrome (FXS) and typically developing (TD) human cerebellum.
ST004392,AN007339,42,16,HILIC POSITIVE ION MODE,Polar metabolic differences in cortex and hippocampus of wild-type (WT) and Fmr1 KO mice.
ST004392,AN007340,42,16,HILIC NEGATIVE ION MODE,Polar metabolic differences in cortex and hippocampus of wild-type (WT) and Fmr1 KO mice.
ST004393,AN007341,63,12,HILIC POSITIVE ION MODE,Polar metabolites profiling in Human Fragile X Syndrome (FXS) and typically developing (TD) human plasma.
ST004393,AN007342,42,12,HILIC NEGATIVE ION MODE,Polar metabolites profiling in Human Fragile X Syndrome (FXS) and typically developing (TD) human plasma.
ST004394,AN007343,50,8,HILIC POSITIVE ION MODE,Intracellular polar Metabolomics on Lymphoblastoid cell lines (LCL) between individuals with Fragile X Syndrome (FXS) and from typically developing (TD) male controls.
ST004394,AN007344,54,8,HILIC NEGATIVE ION MODE,Intracellular polar Metabolomics on Lymphoblastoid cell lines (LCL) between individuals with Fragile X Syndrome (FXS) and from typically developing (TD) male controls.
ST004395,AN007345,58,9,HILIC POSITIVE ION MODE,Extracellular polar Metabolomics on Lymphoblastoid cell lines (LCL) between individuals with Fragile X Syndrome (FXS) and from typically developing (TD) male controls.
ST004395,AN007346,58,9,HILIC NEGATIVE ION MODE,Extracellular polar Metabolomics on Lymphoblastoid cell lines (LCL) between individuals with Fragile X Syndrome (FXS) and from typically developing (TD) male controls.
ST004396,AN007347,82,4,HILIC POSITIVE ION MODE,More intracellular polar metabolomics on Lymphoblastoid cell lines (LCL) between individuals with Fragile X Syndrome (FXS) and from typically developing (TD) male controls. (Repeat on cell from more patients)
ST004396,AN007348,104,4,HILIC NEGATIVE ION MODE,More intracellular polar metabolomics on Lymphoblastoid cell lines (LCL) between individuals with Fragile X Syndrome (FXS) and from typically developing (TD) male controls. (Repeat on cell from more patients)
ST004397,AN007349,12,19,HILIC POSITIVE ION MODE,"[¹³C₅,¹⁵N₂]-glutamine stable isotope tracing in TD, FXS2 (partial FMRP), and FXS1 (no FMRP) from Lymphoblastoid cell lines (LCL)"
ST004397,AN007350,45,19,HILIC NEGATIVE ION MODE,"[¹³C₅,¹⁵N₂]-glutamine stable isotope tracing in TD, FXS2 (partial FMRP), and FXS1 (no FMRP) from Lymphoblastoid cell lines (LCL)"
ST004398,AN007351,80,12,HILIC POSITIVE ION MODE,Polar metabolomics on neural progenitor cells (NPCs) generated using the dual SMAD inhibition method from Fragile X Syndrome (FXS) and typically developing (TD) induced pluripotent stem cells (iPSCs).
ST004398,AN007352,93,12,HILIC NEGATIVE ION MODE,Polar metabolomics on neural progenitor cells (NPCs) generated using the dual SMAD inhibition method from Fragile X Syndrome (FXS) and typically developing (TD) induced pluripotent stem cells (iPSCs).
ST004399,AN007353,92,12,HILIC POSITIVE ION MODE,Intracellular polar metabolomics on neural progenitor cells (NPCs) generated using dual SMAD inhibition method from Fragile X Syndrome (FXS) and CRISPR edited isogenic rescue induced pluripotent stem cells (iPSCs).
ST004399,AN007354,139,12,HILIC NEGATIVE ION MODE,Intracellular polar metabolomics on neural progenitor cells (NPCs) generated using dual SMAD inhibition method from Fragile X Syndrome (FXS) and CRISPR edited isogenic rescue induced pluripotent stem cells (iPSCs).
ST004400,AN007355,77,12,HILIC POSITIVE ION MODE,Extracellular polar metabolomics on media neural progenitor cells (NPCs) generated using dual SMAD inhibition method from FXS and CRISPR edited isogenic rescue induced pluripotent stem cells (iPSCs)
ST004400,AN007356,96,12,HILIC NEGATIVE ION MODE,Extracellular polar metabolomics on media neural progenitor cells (NPCs) generated using dual SMAD inhibition method from FXS and CRISPR edited isogenic rescue induced pluripotent stem cells (iPSCs)
ST004401,AN007357,196,12,HILIC POSITIVE ION MODE,Polar metabolomics on extracellular media of induced pluripotent stem cells (iPSC) derived forebrain excitatory neurons generated from a FXS and CRISPR edited isogenic control.
ST004401,AN007358,269,12,HILIC NEGATIVE ION MODE,Polar metabolomics on extracellular media of induced pluripotent stem cells (iPSC) derived forebrain excitatory neurons generated from a FXS and CRISPR edited isogenic control.
ST004402,AN007359,94,10,HILIC POSITIVE ION MODE,Polar metabolomics on intracellular media of induced pluripotent stem cells (iPSC) derived forebrain excitatory neurons generated from a FXS and CRISPR edited isogenic control.
ST004402,AN007360,133,10,HILIC NEGATIVE ION MODE,Polar metabolomics on intracellular media of induced pluripotent stem cells (iPSC) derived forebrain excitatory neurons generated from a FXS and CRISPR edited isogenic control.
ST004403,AN007361,90,13,HILIC POSITIVE ION MODE,Polar metabolomics on cell pellets and extracellular media of 4-week iPSC derived forebrain excitatory neurons generated from a FXS and CRISPR edited isogenic control.
ST004403,AN007362,82,13,HILIC NEGATIVE ION MODE,Polar metabolomics on cell pellets and extracellular media of 4-week iPSC derived forebrain excitatory neurons generated from a FXS and CRISPR edited isogenic control.
ST004404,AN007363,8,14,HILIC POSITIVE ION MODE,"L-Glutamine-13C5,15N2 stable isotope tracing on cell and media of 4-week iPSC derived forebrain excitatory neurons generated from a FXS and CRISPR edited isogenic control."
ST004404,AN007364,53,14,HILIC NEGATIVE ION MODE,"L-Glutamine-13C5,15N2 stable isotope tracing on cell and media of 4-week iPSC derived forebrain excitatory neurons generated from a FXS and CRISPR edited isogenic control."
ST004405,AN007365,53,40,HILIC POSITIVE ION MODE,Whole-cell and mitochondrial metabolomics in slc25a34 ko cells
ST004405,AN007366,80,40,HILIC NEGATIVE ION MODE,Whole-cell and mitochondrial metabolomics in slc25a34 ko cells
ST004406,AN007367,607,60,HILIC POSITIVE ION MODE,Effects of a Complex Probiotic Intervention on Serum Metabolism and Tumor-Bearing Intestinal Segment Metabolism in FOLFOX Chemotherapy-Treated Mice with Colorectal Cancer
ST004406,AN007368,372,60,HILIC NEGATIVE ION MODE,Effects of a Complex Probiotic Intervention on Serum Metabolism and Tumor-Bearing Intestinal Segment Metabolism in FOLFOX Chemotherapy-Treated Mice with Colorectal Cancer
ST004407,AN007369,53,40,HILIC POSITIVE ION MODE,Whole-cell and mitochondrial metabolomics in slc25a34 KO cells under a fasted condition
ST004407,AN007370,80,40,HILIC NEGATIVE ION MODE,Whole-cell and mitochondrial metabolomics in slc25a34 KO cells under a fasted condition
ST004408,AN007371,23,432,Reversed phase POSITIVE ION MODE,Investigation of PPP induced changes in the gut of honeybee workers using targeted metabolomics for amino acid and biogenic amine determination.
ST004408,AN007372,3,432,Reversed phase POSITIVE ION MODE,Investigation of PPP induced changes in the gut of honeybee workers using targeted metabolomics for amino acid and biogenic amine determination.
ST004410,AN007374,152,18,HILIC POSITIVE ION MODE,Uncoupling de novo pyrimidine biosynthesis from mitochondrial electron transport by ectopic expression of cytosolic DHODH
ST004410,AN007375,152,18,HILIC NEGATIVE ION MODE,Uncoupling de novo pyrimidine biosynthesis from mitochondrial electron transport by ectopic expression of cytosolic DHODH
ST004411,AN007376,103,36,HILIC POSITIVE ION MODE,Uncoupling de novo pyrimidine biosynthesis from mitochondrial electron transport by ectopic expression of cytosolic DHODH (tracing experiments)
ST004411,AN007377,103,36,HILIC NEGATIVE ION MODE,Uncoupling de novo pyrimidine biosynthesis from mitochondrial electron transport by ectopic expression of cytosolic DHODH (tracing experiments)
ST004412,AN007378,50,32,Reversed phase NEGATIVE ION MODE,Plasma lipidomics characterization of mouse models of Down syndrome Dp16 and Dp16-2xIfnrs versus WT mice
ST004412,AN007379,21,32,Reversed phase POSITIVE ION MODE,Plasma lipidomics characterization of mouse models of Down syndrome Dp16 and Dp16-2xIfnrs versus WT mice
ST004413,AN007380,60,32,Reversed phase NEGATIVE ION MODE,Plasma metabolomics characterization of mouse models of Down syndrome Dp16 and Dp16-2xIfnrs versus WT mice
ST004413,AN007381,71,32,Reversed phase POSITIVE ION MODE,Plasma metabolomics characterization of mouse models of Down syndrome Dp16 and Dp16-2xIfnrs versus WT mice
ST004414,AN007382,96,46,Reversed phase NEGATIVE ION MODE,Plasma metabolomics characterization of the impact of high fat diet on the Down syndrome mouse model Dp16 versus WT mice
ST004414,AN007383,76,46,Reversed phase POSITIVE ION MODE,Plasma metabolomics characterization of the impact of high fat diet on the Down syndrome mouse model Dp16 versus WT mice
ST004414,AN007384,17,46,Reversed phase NEGATIVE ION MODE,Plasma metabolomics characterization of the impact of high fat diet on the Down syndrome mouse model Dp16 versus WT mice
ST003819,AN007387,96,12,HILIC UNSPECIFIED ION MODE,Polar metabolite profiling of SLC31A1 knockout cells compared to intergenic sgRNA containing cells
ST004416,AN007388,87,24,HILIC UNSPECIFIED ION MODE,Polar metabolite profiling of BCS-treated SEM cells with or without inosine and uridine supplementation
ST004417,AN007389,81,27,HILIC UNSPECIFIED ION MODE,"Polar metabolite profiling of NALM6, REH, or MOLT16 cells treated with BCS or copper chloride."
ST004418,AN007390,72,27,HILIC UNSPECIFIED ION MODE,"Polar metabolite profiling of BCS-treated NALM6, REH or MOLT16 cells with or without rescue with copper (II) chloride and 15N-amide-glutamine tracing"
ST004421,AN007397,528,212,None (Direct infusion) UNSPECIFIED ION MODE,Comparative lipidomics of iPSC-derived microglia protocols reveal lipid droplet and immune differences mediated by media composition
ST004421,AN007398,891,212,None (Direct infusion) UNSPECIFIED ION MODE,Comparative lipidomics of iPSC-derived microglia protocols reveal lipid droplet and immune differences mediated by media composition
ST004422,AN007399,190,17,Reversed phase POSITIVE ION MODE,Metabolomics in biotic stress: an example from potato powdery scab
ST004423,AN007400,13,24,NMR data,Follicular Fluid from Women with PCOS Induces Granulosa Cells Metabolic Dysfunction that is Amplified by Obesity
ST004424,AN007401,148,25,Reversed phase NEGATIVE ION MODE,Stereochemistry-Driven Design and Synthesis of Tadalafil Analogues as Antiplasmodial Agents
ST004425,AN007402,66,45,Reversed phase NEGATIVE ION MODE,Natural triterpenic phenolic esters target PfA-M17 in Plasmodium falciparum
ST004427,AN007405,110,63,GC POSITIVE ION MODE,Brief Pulses of High-Level Fluid Shear Stress Enhance Metastatic Potential and Rapidly Alter the Metabolism of Cancer Cells
ST004427,AN007406,50,63,HILIC UNSPECIFIED ION MODE,Brief Pulses of High-Level Fluid Shear Stress Enhance Metastatic Potential and Rapidly Alter the Metabolism of Cancer Cells
ST004428,AN007407,21,504,Reversed phase POSITIVE ION MODE,Investigation of PPP-induced changes in the brain of honeybee workers using targeted metabolomics for amino acid and biogenic amine determination.
ST004428,AN007408,6,504,Reversed phase POSITIVE ION MODE,Investigation of PPP-induced changes in the brain of honeybee workers using targeted metabolomics for amino acid and biogenic amine determination.
ST004429,AN007409,23,123,Reversed phase NEGATIVE ION MODE,"Effect of Cyclosmenospongine, Mitrephorone B and related compounds on lipid mediator formation of A23187 stimulated PBMCs"
ST003831,AN007410,3,285,Reversed phase POSITIVE ION MODE,Folate profiling of human CSF from pediatric ALL patients
ST004430,AN007411,172,78,Reversed phase POSITIVE ION MODE,Time-resolved lipidomics analysis of TERT-hWA adipocytes upon differentiation
ST004431,AN007412,399,59,Reversed phase POSITIVE ION MODE,Lipidomic analysis of human abdominal and gluteal white adipose tissue depots
ST004432,AN007413,1271,25,HILIC POSITIVE ION MODE,Metabolomic profiling of NMNAT2–SARM1 pathway modulation in mouse cortical neurodegeneration
ST004432,AN007414,862,25,HILIC NEGATIVE ION MODE,Metabolomic profiling of NMNAT2–SARM1 pathway modulation in mouse cortical neurodegeneration
ST004438,AN007433,7,42,HILIC POSITIVE ION MODE,Quantitative LC-MS analysis of NAD pathway metabolites in mouse plasma
ST004439,AN007434,4,39,HILIC POSITIVE ION MODE,Quantitative LC-MS analysis of NAR in mouse plasma
ST004440,AN007435,129,16,Reversed phase NEGATIVE ION MODE,Glutamine and Glucose stable-isotope tracing in NAMPT Inhibition
ST004440,AN007436,104,16,Reversed phase POSITIVE ION MODE,Glutamine and Glucose stable-isotope tracing in NAMPT Inhibition
ST004441,AN007437,68,16,Reversed phase NEGATIVE ION MODE,Global metabolomic differences upon NAMPT inhibition in MDS-L cells
ST004441,AN007438,55,16,Reversed phase POSITIVE ION MODE,Global metabolomic differences upon NAMPT inhibition in MDS-L cells
ST004445,AN007443,7,348,Reversed phase NEGATIVE ION MODE,Acyl-CoA–binding protein (ACBP): a poor-prognosis biomarker in sepsis and a target for disease mitigation
ST004445,AN007444,10,348,Reversed phase POSITIVE ION MODE,Acyl-CoA–binding protein (ACBP): a poor-prognosis biomarker in sepsis and a target for disease mitigation
ST004445,AN007445,68,348,GC POSITIVE ION MODE,Acyl-CoA–binding protein (ACBP): a poor-prognosis biomarker in sepsis and a target for disease mitigation
ST004445,AN007446,26,348,Reversed phase UNSPECIFIED ION MODE,Acyl-CoA–binding protein (ACBP): a poor-prognosis biomarker in sepsis and a target for disease mitigation
ST004445,AN007447,111,348,Reversed phase UNSPECIFIED ION MODE,Acyl-CoA–binding protein (ACBP): a poor-prognosis biomarker in sepsis and a target for disease mitigation
ST004446,AN007448,2515,26,Reversed phase POSITIVE ION MODE,Lipidomic dataset of mouse optic nerves in a silicone oil–induced ocular hypertension mouse model.
ST004446,AN007449,1217,26,Reversed phase NEGATIVE ION MODE,Lipidomic dataset of mouse optic nerves in a silicone oil–induced ocular hypertension mouse model.
ST004447,AN007450,114,18,Reversed phase POSITIVE ION MODE,Determine the impact of serum modulation to lipid homeostasis in a non-small cell lung cancer cell line
ST004448,AN007451,18,12,Reversed phase POSITIVE ION MODE,Determine the effect to lipid homeostasis of adding back functional LKB1 to an A549 cell line
ST004449,AN007452,5,12,Reversed phase POSITIVE ION MODE,Compare lipid homeostasis in two distinct non-small cell lung cancer cell lines
ST004450,AN007453,61,6,Reversed phase POSITIVE ION MODE,Determine the impact of an SMPD1 inhibitor on lipid homeostasis
ST004451,AN007454,703,25,HILIC POSITIVE ION MODE,Lipidomics profiling of NMNAT2–SARM1 pathway modulation in mouse cortical neurodegeneration
ST004451,AN007455,550,25,HILIC NEGATIVE ION MODE,Lipidomics profiling of NMNAT2–SARM1 pathway modulation in mouse cortical neurodegeneration
ST004453,AN007457,62,30,Reversed phase NEGATIVE ION MODE,The eicosanoid cascade promotes inflammaging in C. elegans
ST004454,AN007458,366,24,Reversed phase POSITIVE ION MODE,Untargeted Metabolomics Reveals Divergent Metabolic Profiles Between the Predatory Arma chinensis and the Phytophagous Halyomorpha halys
ST004454,AN007459,246,24,Reversed phase NEGATIVE ION MODE,Untargeted Metabolomics Reveals Divergent Metabolic Profiles Between the Predatory Arma chinensis and the Phytophagous Halyomorpha halys
ST004455,AN007460,154,24,GC POSITIVE ION MODE,Pyruvate Kinase Muscle (PKM)-2 promotes CD4 T cell survival by regulating pyruvate oxidation during homeostasis and expansion
ST004457,AN007463,5,48,Reversed phase POSITIVE ION MODE,Compare lipid metabolism in lung tumors from mice harboring Kras G12D/+ and either STK1-/- (KL) or Tp53 -/- mutations (KP).
ST004458,AN007464,29,12,Reversed phase POSITIVE ION MODE,Determine the effect of a moderate dose of fumonisin B1 to the lipidome of non-small cell lung cancer cells
ST004459,AN007465,1926,24,Reversed phase POSITIVE ION MODE,Untargeted Metabolomics Reveals Tissue-Specific Metabolic Reprogramming and Adaptation Strategies in Astragalus membranaceus var. mongholicus Seedlings under Drought Stress
ST004459,AN007466,1178,24,Reversed phase NEGATIVE ION MODE,Untargeted Metabolomics Reveals Tissue-Specific Metabolic Reprogramming and Adaptation Strategies in Astragalus membranaceus var. mongholicus Seedlings under Drought Stress
ST004460,AN007467,26,12,Reversed phase POSITIVE ION MODE,Determine the impact of a moderate concentrations of fumonisin B1 to sphingolipid abundances and CERS flux
ST004462,AN007470,13,61,Reversed phase POSITIVE ION MODE,Diet-Induced Phospholipid Remodeling Dictates Ferroptosis Sensitivity and Tumorigenesis in the Pancreas
ST003820,AN007471,98,12,HILIC UNSPECIFIED ION MODE,"Polar metabolite profiling of SLC31A1 knockout cells with or without rescue with over-expression of SLC31A1, and control intergenic cells"
ST003821,AN007472,96,12,HILIC UNSPECIFIED ION MODE,Polar metabolite profiling of BCS-treated SEM cells with or without rescue with copper (ii) chloride
ST003832,AN007473,88,18,HILIC UNSPECIFIED ION MODE,Polar metabolite profiling of BCS-treated SEM cells with or without rescue with copper (ii) chloride and 15N-amide-glutamine tracing
ST003822,AN007474,86,18,HILIC UNSPECIFIED ION MODE,Polar metabolite profiling of SLC31A1 knockout or control cells with or without rescue with over-expression of AOX
ST003823,AN007475,98,12,HILIC UNSPECIFIED ION MODE,Polar metabolite profiling of BCS-treated SEM cells with or without genetic overexpression of AOX.
ST003824,AN007476,98,12,HILIC UNSPECIFIED ION MODE,Polar metabolite profiling of BCS-treated SEM cells with or without pyruvate and uridine supplementation
ST003825,AN007477,78,12,HILIC UNSPECIFIED ION MODE,Polar metabolite profiling of SLC31A1 knockout or control cells with or without pyruvate and uridine treatment
ST003826,AN007478,80,12,HILIC UNSPECIFIED ION MODE,Polar metabolite profiling of TTM-treated SEM cells
ST003827,AN007479,78,9,HILIC UNSPECIFIED ION MODE,Polar metabolite profiling of mouse cerebrospinal fluid (CSF) from control mice and mice with leukemia in the central nervous system (CNS)
ST004463,AN007480,72,42,HILIC UNSPECIFIED ION MODE,"Polar metabolite profiling of SEM or NALM6 cells treated with BCS, 6-MP, MTX, ADDA 5, or a combination, with concurrent 15N-amide-glutamine tracing"
ST004464,AN007481,85,24,HILIC UNSPECIFIED ION MODE,Polar metabolite profiling of SEM-luciferase cells purified from the skulls and spleens of mice on copper replete diet (CuR+vehicle) or copper depleted diet with zinc acetate drinking water (CuD+ZnAc) and pulsed with 3-13C serine tracer.
ST004464,AN007482,103,24,HILIC UNSPECIFIED ION MODE,Polar metabolite profiling of SEM-luciferase cells purified from the skulls and spleens of mice on copper replete diet (CuR+vehicle) or copper depleted diet with zinc acetate drinking water (CuD+ZnAc) and pulsed with 3-13C serine tracer.
ST004466,AN007487,1561,72,Reversed phase POSITIVE ION MODE,Differential mechanisms of membrane lipid disruption by antibiotic lipopeptides colistin and turnercyclamycins
ST004466,AN007488,507,72,Reversed phase NEGATIVE ION MODE,Differential mechanisms of membrane lipid disruption by antibiotic lipopeptides colistin and turnercyclamycins
ST004468,AN007491,93,42,HILIC UNSPECIFIED ION MODE,"Polar metabolite profiling of SEM or NALM6 cells treated with BCS, 6-MP, MTX, ADDA 5, or a combination."
ST004470,AN007493,77,29,HILIC UNSPECIFIED ION MODE,"Sex-specific effects of exogenous asparagine on colorectal tumor growth, 17β-estradiol levels, and aromatase in mice"
ST004470,AN007494,7,29,HILIC UNSPECIFIED ION MODE,"Sex-specific effects of exogenous asparagine on colorectal tumor growth, 17β-estradiol levels, and aromatase in mice"
ST004472,AN007495,73,75,HILIC UNSPECIFIED ION MODE,The effect of acute AKT inhibition on glucose utilization in primary rat hepatocytes-Replicate 2
ST004472,AN007496,7,75,HILIC UNSPECIFIED ION MODE,The effect of acute AKT inhibition on glucose utilization in primary rat hepatocytes-Replicate 2
ST004473,AN007497,97,63,HILIC UNSPECIFIED ION MODE,The effect of acute AKT inhibition on glucose utilization in primary rat hepatocytes- Replicate 3
ST004473,AN007498,7,63,HILIC UNSPECIFIED ION MODE,The effect of acute AKT inhibition on glucose utilization in primary rat hepatocytes- Replicate 3
ST004474,AN007499,90,98,HILIC UNSPECIFIED ION MODE,The relative contribution of glycogen breakdown to AKT’s acute regulation of hepatocyte glucose utilization- Replicate 1
ST004474,AN007500,7,98,HILIC UNSPECIFIED ION MODE,The relative contribution of glycogen breakdown to AKT’s acute regulation of hepatocyte glucose utilization- Replicate 1
ST004475,AN007501,91,50,HILIC UNSPECIFIED ION MODE,The relative contribution of glycogen breakdown to AKT’s acute regulation of hepatocyte glucose utilization- Replicate 2
ST004475,AN007502,7,50,HILIC UNSPECIFIED ION MODE,The relative contribution of glycogen breakdown to AKT’s acute regulation of hepatocyte glucose utilization- Replicate 2
ST004476,AN007503,1072,8,HILIC UNSPECIFIED ION MODE,The effect of acute AKT inhibition on global metabolism in primary rat hepatocytes
ST004476,AN007504,1,8,HILIC UNSPECIFIED ION MODE,The effect of acute AKT inhibition on global metabolism in primary rat hepatocytes
ST004477,AN007505,94,10,Reversed phase NEGATIVE ION MODE,Metabolic changes due to chronic loss of AKT signaling in the adult mouse liver
ST004477,AN007506,7,10,Reversed phase POSITIVE ION MODE,Metabolic changes due to chronic loss of AKT signaling in the adult mouse liver
ST004478,AN007507,35,522,NMR data,Responsiveness to 2’FL and GOS by infant gut microbiota differs by history of individual 2’FL consumption
ST003838,AN007508,135,285,HILIC UNSPECIFIED ION MODE,Polar metabolite profiling of human CSF from pediatric ALL patients
ST003838,AN007509,172,285,HILIC POSITIVE ION MODE,Polar metabolite profiling of human CSF from pediatric ALL patients
ST003838,AN007510,48,285,HILIC NEGATIVE ION MODE,Polar metabolite profiling of human CSF from pediatric ALL patients
ST004485,AN007521,40,499,Reversed phase NEGATIVE ION MODE,"Effect of Cyclosmenospongine, Mitrephorone B and related compounds on the bacterial toxin induced lipid mediate synthesis in human macrophages"
ST004486,AN007522,34,25,Reversed phase NEGATIVE ION MODE,Meroterpenoids trigger SPM formation in resting M2 macrophages
ST004487,AN007523,36,128,Reversed phase NEGATIVE ION MODE,"Effect of Cyclosmenospongine, Mitrephorone B and related compounds on the long-term lipid mediator formation in A23187 activated PBMCs"
ST004487,AN007524,2,128,Reversed phase POSITIVE ION MODE,"Effect of Cyclosmenospongine, Mitrephorone B and related compounds on the long-term lipid mediator formation in A23187 activated PBMCs"
ST004488,AN007525,35,72,Reversed phase NEGATIVE ION MODE,Investigation of lipid mediator formation and lipid profiles in PBMCs treated with SOAT and/or DGAT1/2 inhibitors
ST004488,AN007526,2,72,Reversed phase POSITIVE ION MODE,Investigation of lipid mediator formation and lipid profiles in PBMCs treated with SOAT and/or DGAT1/2 inhibitors
ST004488,AN007527,28,72,Reversed phase POSITIVE ION MODE,Investigation of lipid mediator formation and lipid profiles in PBMCs treated with SOAT and/or DGAT1/2 inhibitors
ST004489,AN007528,47,216,Reversed phase NEGATIVE ION MODE,Meroterpenoids limit inflammation in zymosan-induced murine peritonitis
ST004489,AN007529,5,216,Reversed phase POSITIVE ION MODE,Meroterpenoids limit inflammation in zymosan-induced murine peritonitis
ST004489,AN007530,37,216,Reversed phase POSITIVE ION MODE,Meroterpenoids limit inflammation in zymosan-induced murine peritonitis
ST004489,AN007531,1,216,Reversed phase POSITIVE ION MODE,Meroterpenoids limit inflammation in zymosan-induced murine peritonitis
ST004490,AN007532,96,12,HILIC NEGATIVE ION MODE,Comparative Untargeted Metabolomics of TIGAR-Knockout and Control HIEC-6 cells
ST004491,AN007533,74,16,HILIC NEGATIVE ION MODE,In Vivo Metabolic Flux Analysis of Glycolysis and the Pentose Phosphate Pathway Using U-¹³C-Glucose Stable Isotope Tracing
ST004492,AN007534,27,40,HILIC NEGATIVE ION MODE,Metabolic Flux Analysis of Glycolysis and the Pentose Phosphate Pathway Using U-¹³C-Glucose Stable Isotope Tracing in WT type and TIGAR-knockout HIEC-6 cells
ST004493,AN007535,160,6,HILIC NEGATIVE ION MODE,Comparative Untargeted Metabolomics of TIGAR-Knockout and Control HT29 CL.16E Cells
ST004494,AN007536,77,40,HILIC NEGATIVE ION MODE,Metabolic Flux Analysis of Glycolysis and the Pentose Phosphate Pathway Using U-¹³C-Glucose Stable Isotope Tracing in Wild-type and sgTIGAR HT-29 Cl.16E Cells
ST004495,AN007537,178,12,HILIC NEGATIVE ION MODE,"The colon tissues from TIGARf/f mice,DSS-induced TIGARf/f mice,TIGARf/fVil1-Cre mice and DSS-induced TIGARf/fVil1-Cre mice"
ST004496,AN007538,41,6,HILIC NEGATIVE ION MODE,Untargeted metabolomics of the colon tissues from TIGARf/f mice and TIGARf/fVil1-Cre mice
ST004506,AN007554,110,65,HILIC NEGATIVE ION MODE,L-Asparaginase reversibly suppresses CD40-mediated B-Cell Activation and Antigen-Presenting Function by Metabolic Restriction
ST004506,AN007555,126,65,HILIC POSITIVE ION MODE,L-Asparaginase reversibly suppresses CD40-mediated B-Cell Activation and Antigen-Presenting Function by Metabolic Restriction
ST004507,AN007556,274,27,HILIC UNSPECIFIED ION MODE,"15N2 Glutamine Stable Isotope Tracing in SXO210, UTSW63, TS516, and HK157"
ST004509,AN007560,234,24,Reversed phase POSITIVE ION MODE,Targeted and untargeted metabolomics of wound bed derived macrophages
ST004509,AN007561,263,24,Reversed phase NEGATIVE ION MODE,Targeted and untargeted metabolomics of wound bed derived macrophages
ST004518,AN007580,274,60,Reversed phase POSITIVE ION MODE,Plasma metabolic profiling identifies elevated hippurate as a potential biomarker of methotrexate non-response in juvenile idiopathic arthritis.
ST004518,AN007581,241,60,Reversed phase POSITIVE ION MODE,Plasma metabolic profiling identifies elevated hippurate as a potential biomarker of methotrexate non-response in juvenile idiopathic arthritis.
ST004518,AN007582,311,60,Reversed phase NEGATIVE ION MODE,Plasma metabolic profiling identifies elevated hippurate as a potential biomarker of methotrexate non-response in juvenile idiopathic arthritis.
ST004518,AN007583,105,60,HILIC NEGATIVE ION MODE,Plasma metabolic profiling identifies elevated hippurate as a potential biomarker of methotrexate non-response in juvenile idiopathic arthritis.
ST004519,AN007584,832,76,Reversed phase UNSPECIFIED ION MODE,Chronic Kidney Disease Induces Distinct Alterations of Macrophage Lipid Metabolism in a Mouse Model of Atherosclerosis
ST004519,AN007585,11,76,Reversed phase POSITIVE ION MODE,Chronic Kidney Disease Induces Distinct Alterations of Macrophage Lipid Metabolism in a Mouse Model of Atherosclerosis
ST004520,AN007586,562,16,HILIC UNSPECIFIED ION MODE,Optimized Untargeted Metabolomics Workflow for Human Urinary Extracellular Vesicles
ST004524,AN007598,314,6,HILIC UNSPECIFIED ION MODE,Clonal expansion of cytotoxic CD8⁺ T cells in lecanemab-associated ARIA
ST004524,AN007599,314,6,HILIC UNSPECIFIED ION MODE,Clonal expansion of cytotoxic CD8⁺ T cells in lecanemab-associated ARIA
ST004527,AN007603,80,20,Reversed phase UNSPECIFIED ION MODE,Flavonoids-rich silage reprogram rumen microbiota and flavonoid metabolic profile.
ST004529,AN007608,76,38,Reversed phase NEGATIVE ION MODE,"Description of metabolic variation between MDS versus control patient derived HSPCs, and in cultured primary cells between DMSO and OT82 exposure."
ST004529,AN007609,106,38,Reversed phase POSITIVE ION MODE,"Description of metabolic variation between MDS versus control patient derived HSPCs, and in cultured primary cells between DMSO and OT82 exposure."
ST004530,AN007610,207,144,GC POSITIVE ION MODE,Metabolomic characterisation of Drosophila melanogaster models of MPS III
ST004533,AN007614,1964,12,HILIC POSITIVE ION MODE,Non-Targeted Metabolomic Analysis of AML12 Cells with NMT2 Knockdown
ST004533,AN007615,1494,12,HILIC NEGATIVE ION MODE,Non-Targeted Metabolomic Analysis of AML12 Cells with NMT2 Knockdown
ST004535,AN007617,5,58,Reversed phase NEGATIVE ION MODE,Extracellular and Intracellular DCA derivatives level alteration
ST004535,AN007618,5,58,Reversed phase NEGATIVE ION MODE,Extracellular and Intracellular DCA derivatives level alteration
ST004536,AN007619,2251,15,HILIC POSITIVE ION MODE,Non-Targeted lipidomics of AML12 Cells with NMT2 Knockdown.
ST004537,AN007621,233,22,Reversed phase POSITIVE ION MODE,C8 positive-mode LC–MS lipidomics of BMDM and PMN: WT vs KO (n=22)
ST004538,AN007622,1399,13,Reversed phase POSITIVE ION MODE,METTL14 inhibits atherogenesis by epigenetically activating PPAR-alpha/gamma transcription and fatty acid oxidation in VSMCs
ST004538,AN007623,1134,13,Reversed phase NEGATIVE ION MODE,METTL14 inhibits atherogenesis by epigenetically activating PPAR-alpha/gamma transcription and fatty acid oxidation in VSMCs
ST004539,AN007624,6,33,Reversed phase NEGATIVE ION MODE,Extracellular short-chain fatty acid level alteration
ST004540,AN007626,113,818,Reversed phase NEGATIVE ION MODE,"Lipidomic changes in resting PBMCs by Cyclosmenospongine, Mitrephorone B and related compounds"
ST004540,AN007627,34,818,Reversed phase POSITIVE ION MODE,"Lipidomic changes in resting PBMCs by Cyclosmenospongine, Mitrephorone B and related compounds"
ST004540,AN007628,48,818,Reversed phase POSITIVE ION MODE,"Lipidomic changes in resting PBMCs by Cyclosmenospongine, Mitrephorone B and related compounds"
ST004540,AN007629,7,818,Reversed phase NEGATIVE ION MODE,"Lipidomic changes in resting PBMCs by Cyclosmenospongine, Mitrephorone B and related compounds"
ST004541,AN007630,97,24,GC POSITIVE ION MODE,Comparative analysis of human- and camel-derived Lactobacillus identifies a unique dual antimicrobial and prebiotic metabolites from the human strain
ST004542,AN007631,68,24,NMR data,Benzoic acid-induced metabolic reprogramming and glutamine transport-dependent vulnerabilities in Escherichia coli revealed by NMR-based metabolomics
ST004545,AN007635,1,12,Reversed phase POSITIVE ION MODE,Basal phosphorylation of SHIP1 by Lyn suppresses pro-inflammatory signaling in the absence of a phagocytic synapse
ST004548,AN007639,25,33,Reversed phase POSITIVE ION MODE,Extracellular amino acid level alteration
ST004549,AN007640,119,25,HILIC UNSPECIFIED ION MODE,Cold-induced glucose uptake is dispensable for brown adipose tissue thermogenesis
ST004551,AN007643,441,18,Reversed phase POSITIVE ION MODE,A Comprehensive Landscape of Mechanical Stress–Mediated Lipid Metabolism in Human Cavernous Fibroblasts
ST004551,AN007644,252,18,Reversed phase NEGATIVE ION MODE,A Comprehensive Landscape of Mechanical Stress–Mediated Lipid Metabolism in Human Cavernous Fibroblasts
ST004552,AN007645,160,234,Ion exchange NEGATIVE ION MODE,Analysis Of Polar Metabolites By IC and HILIC-HRMS
ST004552,AN007646,31,234,HILIC POSITIVE ION MODE,Analysis Of Polar Metabolites By IC and HILIC-HRMS
ST004563,AN007664,345,12,Reversed phase NEGATIVE ION MODE,13C glucose metabolomics in ß-Tfrc-KO islets
ST004569,AN007675,43,26,Reversed phase NEGATIVE ION MODE,Metabolomics in HSCs with different levels of glucose retention
ST004569,AN007676,46,26,Reversed phase POSITIVE ION MODE,Metabolomics in HSCs with different levels of glucose retention
ST004571,AN007678,922,49,Reversed phase UNSPECIFIED ION MODE,Metabolomic signatures of Cardiovascular Disease Patients in High-Altitude Environments
ST004573,AN007681,1,260,HILIC POSITIVE ION MODE,13C3-Homocarnitine Isotope Tracing in Huh7 Cells
ST004573,AN007682,1,260,Reversed phase NEGATIVE ION MODE,13C3-Homocarnitine Isotope Tracing in Huh7 Cells
ST004574,AN007683,1,246,HILIC POSITIVE ION MODE,13C3-Homocarnitine Isotope Tracing with High Concentrations in Huh7 Cells
ST004574,AN007684,1,246,Reversed phase POSITIVE ION MODE,13C3-Homocarnitine Isotope Tracing with High Concentrations in Huh7 Cells
ST004575,AN007685,1,225,HILIC POSITIVE ION MODE,13C3-Homocarnitine Isotope Tracing in AC16 Cells
ST004575,AN007686,1,225,Reversed phase POSITIVE ION MODE,13C3-Homocarnitine Isotope Tracing in AC16 Cells
ST004576,AN007687,1,41,HILIC POSITIVE ION MODE,Separation of acyl-homocarnitines/acyl-carnitines and related betaines
ST004576,AN007688,1,41,HILIC POSITIVE ION MODE,Separation of acyl-homocarnitines/acyl-carnitines and related betaines
ST004577,AN007689,1,37,HILIC POSITIVE ION MODE,"Measurement of acyl-homocarnitines, acyl-carnitines, and related species in mouse heart tissue"
ST004578,AN007690,1,36,HILIC POSITIVE ION MODE,Energy-resolved mass spectrometry of isomeric acyl-homocarnitines and acyl-carnitines
ST004581,AN007696,209,100,Reversed phase POSITIVE ION MODE,"Impact of maternal HIV infection on the gut microbiota microbiome and metabolome of maternal-infant populations mothers and infants: The PRACHITi Cohort in Pune, India"
ST004581,AN007697,202,100,Reversed phase POSITIVE ION MODE,"Impact of maternal HIV infection on the gut microbiota microbiome and metabolome of maternal-infant populations mothers and infants: The PRACHITi Cohort in Pune, India"
ST004581,AN007698,429,100,Reversed phase NEGATIVE ION MODE,"Impact of maternal HIV infection on the gut microbiota microbiome and metabolome of maternal-infant populations mothers and infants: The PRACHITi Cohort in Pune, India"
ST004581,AN007699,94,100,HILIC NEGATIVE ION MODE,"Impact of maternal HIV infection on the gut microbiota microbiome and metabolome of maternal-infant populations mothers and infants: The PRACHITi Cohort in Pune, India"
ST004582,AN007700,27,24,NMR data,"Cysteine boosts fitness to hypoxia by promoting sulphur and carbon metabolism reprograming, in ovarian cancer"
ST004585,AN007705,827,50,Reversed phase POSITIVE ION MODE,Metabolomic Profiling of Soybean Root Responses to No-Tillage and Conventional Tillage Practices
ST004585,AN007706,707,50,Reversed phase NEGATIVE ION MODE,Metabolomic Profiling of Soybean Root Responses to No-Tillage and Conventional Tillage Practices
ST004592,AN007720,9,350,Reversed phase NEGATIVE ION MODE,Acyl-CoA–binding protein (ACBP): a poor-prognosis biomarker in sepsis and a target for disease mitigation - Kidney
ST004592,AN007721,12,350,Reversed phase POSITIVE ION MODE,Acyl-CoA–binding protein (ACBP): a poor-prognosis biomarker in sepsis and a target for disease mitigation - Kidney
ST004592,AN007722,66,350,GC POSITIVE ION MODE,Acyl-CoA–binding protein (ACBP): a poor-prognosis biomarker in sepsis and a target for disease mitigation - Kidney
ST004592,AN007723,27,350,Reversed phase UNSPECIFIED ION MODE,Acyl-CoA–binding protein (ACBP): a poor-prognosis biomarker in sepsis and a target for disease mitigation - Kidney
ST004592,AN007724,141,350,Reversed phase UNSPECIFIED ION MODE,Acyl-CoA–binding protein (ACBP): a poor-prognosis biomarker in sepsis and a target for disease mitigation - Kidney
ST004593,AN007725,10,348,Reversed phase NEGATIVE ION MODE,Acyl-CoA–binding protein (ACBP): a poor-prognosis biomarker in sepsis and a target for disease mitigation - Liver
ST004593,AN007726,12,348,Reversed phase POSITIVE ION MODE,Acyl-CoA–binding protein (ACBP): a poor-prognosis biomarker in sepsis and a target for disease mitigation - Liver
ST004593,AN007727,67,348,GC POSITIVE ION MODE,Acyl-CoA–binding protein (ACBP): a poor-prognosis biomarker in sepsis and a target for disease mitigation - Liver
ST004593,AN007728,29,348,Reversed phase UNSPECIFIED ION MODE,Acyl-CoA–binding protein (ACBP): a poor-prognosis biomarker in sepsis and a target for disease mitigation - Liver
ST004593,AN007729,137,348,Reversed phase UNSPECIFIED ION MODE,Acyl-CoA–binding protein (ACBP): a poor-prognosis biomarker in sepsis and a target for disease mitigation - Liver
ST004594,AN007730,4,341,Reversed phase NEGATIVE ION MODE,Acyl-CoA–binding protein (ACBP): a poor-prognosis biomarker in sepsis and a target for disease mitigation - Plasma
ST004594,AN007731,9,341,Reversed phase POSITIVE ION MODE,Acyl-CoA–binding protein (ACBP): a poor-prognosis biomarker in sepsis and a target for disease mitigation - Plasma
ST004594,AN007732,59,341,GC POSITIVE ION MODE,Acyl-CoA–binding protein (ACBP): a poor-prognosis biomarker in sepsis and a target for disease mitigation - Plasma
ST004594,AN007733,32,341,Reversed phase UNSPECIFIED ION MODE,Acyl-CoA–binding protein (ACBP): a poor-prognosis biomarker in sepsis and a target for disease mitigation - Plasma
ST004594,AN007734,158,341,Reversed phase UNSPECIFIED ION MODE,Acyl-CoA–binding protein (ACBP): a poor-prognosis biomarker in sepsis and a target for disease mitigation - Plasma
ST004595,AN007735,10,349,Reversed phase NEGATIVE ION MODE,Acyl-CoA–binding protein (ACBP): a poor-prognosis biomarker in sepsis and a target for disease mitigation - Spleen
ST004595,AN007736,13,349,Reversed phase POSITIVE ION MODE,Acyl-CoA–binding protein (ACBP): a poor-prognosis biomarker in sepsis and a target for disease mitigation - Spleen
ST004595,AN007737,80,349,GC POSITIVE ION MODE,Acyl-CoA–binding protein (ACBP): a poor-prognosis biomarker in sepsis and a target for disease mitigation - Spleen
ST004595,AN007738,23,349,Reversed phase UNSPECIFIED ION MODE,Acyl-CoA–binding protein (ACBP): a poor-prognosis biomarker in sepsis and a target for disease mitigation - Spleen
ST004595,AN007739,147,349,Reversed phase UNSPECIFIED ION MODE,Acyl-CoA–binding protein (ACBP): a poor-prognosis biomarker in sepsis and a target for disease mitigation - Spleen
ST004596,AN007740,47,19,Reversed phase NEGATIVE ION MODE,Metabolomics in low glucose retention HSCs treated with high levles of glucose.
ST004596,AN007741,52,19,Reversed phase POSITIVE ION MODE,Metabolomics in low glucose retention HSCs treated with high levles of glucose.
ST004597,AN007742,91,8,HILIC POSITIVE ION MODE,Muribaculum-Driven Imbalance of Tryptophan/Kynurenine Metabolism in ASD-Like Behaviors of Offspring Induced by Maternal Triclosan Exposure in Mice
ST004597,AN007743,8,8,HILIC NEGATIVE ION MODE,Muribaculum-Driven Imbalance of Tryptophan/Kynurenine Metabolism in ASD-Like Behaviors of Offspring Induced by Maternal Triclosan Exposure in Mice
ST004598,AN007744,150,42,GC POSITIVE ION MODE,Investigation of storage conditions and quality control markers for metabolites and lipids in human feces
ST004598,AN007745,37,42,HILIC POSITIVE ION MODE,Investigation of storage conditions and quality control markers for metabolites and lipids in human feces
ST004598,AN007746,43,42,HILIC NEGATIVE ION MODE,Investigation of storage conditions and quality control markers for metabolites and lipids in human feces
ST004598,AN007747,9,42,HILIC POSITIVE ION MODE,Investigation of storage conditions and quality control markers for metabolites and lipids in human feces
ST004598,AN007748,2,42,HILIC NEGATIVE ION MODE,Investigation of storage conditions and quality control markers for metabolites and lipids in human feces
ST004599,AN007749,121,112,GC POSITIVE ION MODE,Cross-organ multi-omics profiling of microbiome and metabolome along the gut–liver axis in MASH model mice induced by Western diet and MC4R knockout
ST004599,AN007750,316,112,Reversed phase POSITIVE ION MODE,Cross-organ multi-omics profiling of microbiome and metabolome along the gut–liver axis in MASH model mice induced by Western diet and MC4R knockout
ST004599,AN007751,308,112,Reversed phase NEGATIVE ION MODE,Cross-organ multi-omics profiling of microbiome and metabolome along the gut–liver axis in MASH model mice induced by Western diet and MC4R knockout
ST004599,AN007752,63,112,HILIC POSITIVE ION MODE,Cross-organ multi-omics profiling of microbiome and metabolome along the gut–liver axis in MASH model mice induced by Western diet and MC4R knockout
ST004599,AN007753,81,112,HILIC NEGATIVE ION MODE,Cross-organ multi-omics profiling of microbiome and metabolome along the gut–liver axis in MASH model mice induced by Western diet and MC4R knockout
ST004599,AN007754,18,112,HILIC POSITIVE ION MODE,Cross-organ multi-omics profiling of microbiome and metabolome along the gut–liver axis in MASH model mice induced by Western diet and MC4R knockout
ST004599,AN007755,2,112,HILIC NEGATIVE ION MODE,Cross-organ multi-omics profiling of microbiome and metabolome along the gut–liver axis in MASH model mice induced by Western diet and MC4R knockout
ST004603,AN007762,639,120,Reversed phase POSITIVE ION MODE,The effects of chemotherapy on brain regions: implications for chemobrain revealed through metabolomic profiling
ST004605,AN007765,310,30,Reversed phase POSITIVE ION MODE,Metabolic Alterations Associated with the Neuroprotective Effect of Edaravone against Heat Stress in the Cerebral Cortex
ST004607,AN007770,16,180,NMR data,Longitudinal NMR-Based Metabolomic and Immune Profiling of Perfluorooctanoic Acid (PFOA) Exposure in a SARS-CoV-2–Infected Ferret Model
ST004608,AN007771,231,32,Reversed phase POSITIVE ION MODE,"Untargeted Metabolic Profiling of HCT-116 cells Treated with 5-Fluorouracil, Irinotecan, and Their Combination"
ST004609,AN007772,176,32,Reversed phase POSITIVE ION MODE,"Untargeted Metabolic Profiling of HT-29 Cells Treated with 5-Fluorouracil, Irinotecan, and Their Combination"
ST004610,AN007773,334,30,Reversed phase POSITIVE ION MODE,Untargeted metabolomics reveal Edaravone’s protective modulation of heat-stress-induced brain metabolic disturbances in hippocampus
ST004611,AN007774,73,198,HILIC POSITIVE ION MODE,Targeted metabolomics of plasma samples from metastatic renal cell carcinoma (mRCC) patients treated with fecal microbiota transplantation (FMT).
ST004611,AN007775,70,198,HILIC NEGATIVE ION MODE,Targeted metabolomics of plasma samples from metastatic renal cell carcinoma (mRCC) patients treated with fecal microbiota transplantation (FMT).
ST004611,AN007776,62,198,Reversed phase POSITIVE ION MODE,Targeted metabolomics of plasma samples from metastatic renal cell carcinoma (mRCC) patients treated with fecal microbiota transplantation (FMT).
ST004611,AN007777,29,198,Reversed phase NEGATIVE ION MODE,Targeted metabolomics of plasma samples from metastatic renal cell carcinoma (mRCC) patients treated with fecal microbiota transplantation (FMT).
ST004616,AN007788,1074,16,Reversed phase POSITIVE ION MODE,Lineage-tailored Extracellular Vesicles from Human Retinal Ganglion-like cells drive Metabolic Reprogramming and Bioenergetic Recovery in Preclinical Glaucomatous Degeneration
ST004616,AN007789,713,16,Reversed phase NEGATIVE ION MODE,Lineage-tailored Extracellular Vesicles from Human Retinal Ganglion-like cells drive Metabolic Reprogramming and Bioenergetic Recovery in Preclinical Glaucomatous Degeneration
ST004618,AN007791,3,48,HILIC POSITIVE ION MODE,Dynamic changes in methionine metabolism induced by cystine deficiency.
ST004618,AN007792,26,48,HILIC NEGATIVE ION MODE,Dynamic changes in methionine metabolism induced by cystine deficiency.
ST004620,AN007794,285,30,Reversed phase POSITIVE ION MODE,Untargeted metabolomics reveal Edaravone’s protective modulation of heat-stress-induced brain metabolic disturbances in cerebellum
ST004621,AN007795,267,32,Reversed phase POSITIVE ION MODE,Untargeted Metabolomic Profiling of Cisplatin–5-Fluorouracil Combination Therapy in MKN-45 gastric cell line
ST004622,AN007796,326,32,Reversed phase POSITIVE ION MODE,Untargeted Metabolomic Profiling of AGS Gastric Cells Treated with a Cisplatin–5-Fluorouracil Combination
ST004624,AN007798,583,6,None (Direct infusion) POSITIVE ION MODE,Lipidomic profiling of PI3Kδ inhibition in human pancreatic ductal adenocarcinoma cells
ST004624,AN007799,824,6,None (Direct infusion) NEGATIVE ION MODE,Lipidomic profiling of PI3Kδ inhibition in human pancreatic ductal adenocarcinoma cells
ST004625,AN007800,140,28,Reversed phase NEGATIVE ION MODE,Metabolomic study in TAZ/AKT-induced cholangiocarcinoma in C57BL/6J mice
ST004625,AN007801,208,28,Reversed phase POSITIVE ION MODE,Metabolomic study in TAZ/AKT-induced cholangiocarcinoma in C57BL/6J mice
ST004625,AN007802,52,28,Reversed phase NEGATIVE ION MODE,Metabolomic study in TAZ/AKT-induced cholangiocarcinoma in C57BL/6J mice
ST004625,AN007803,37,28,Ion pair NEGATIVE ION MODE,Metabolomic study in TAZ/AKT-induced cholangiocarcinoma in C57BL/6J mice
ST004627,AN007805,101,108,Reversed phase NEGATIVE ION MODE,Impact of phosphatidylcholine biosynthesis manipulation on the C. elegans phospholipidome
ST004628,AN007806,66,130,Reversed phase NEGATIVE ION MODE,Active brown adipose tissue is associated with reduced arterial inflammation and improved atherogenic systemic profile in individuals with obesity
ST004630,AN007808,1750,20,Reversed phase POSITIVE ION MODE,Altered Gut Microbiota and Metabolites in Children with Non-organic Anorexia: A Multi-omics Integration Study
ST004630,AN007809,1301,20,Reversed phase NEGATIVE ION MODE,Altered Gut Microbiota and Metabolites in Children with Non-organic Anorexia: A Multi-omics Integration Study
ST004632,AN007814,81,37,Reversed phase POSITIVE ION MODE,Effects of Short-Term 5-MeO-DiPT Exposure on the Brain Metabolome of Zebrafish (Danio rerio)
ST004636,AN007820,219,21,Reversed phase POSITIVE ION MODE,Nutritional Pressure from Serum Amplifies Dysbiotic Features in an Oral Microbiome Synthetic Community
ST004636,AN007821,176,21,Reversed phase NEGATIVE ION MODE,Nutritional Pressure from Serum Amplifies Dysbiotic Features in an Oral Microbiome Synthetic Community
ST004640,AN007828,131,126,Reversed phase NEGATIVE ION MODE,Plasmodium falciparum quinine resistance is multifactorial and includes a role for the drug/metabolite transporters PfCRT and DMT1
ST004640,AN007829,44,126,Reversed phase POSITIVE ION MODE,Plasmodium falciparum quinine resistance is multifactorial and includes a role for the drug/metabolite transporters PfCRT and DMT1
ST004641,AN007830,27,8,HILIC UNSPECIFIED ION MODE,Impact of a ketogenic diet on TCA cycle and related metabolites in a PDAC mouse model.
ST004642,AN007831,11,18,HILIC NEGATIVE ION MODE,Ketogenic-like media enhances glutamine utilization in PDAC cells
ST004643,AN007832,12,32,GC POSITIVE ION MODE,Environmental Contaminants in the Gut of the Caribbean Sea Urchin Diadema antillarum Revealed by GC/MS
ST004644,AN007833,93,747,HILIC UNSPECIFIED ION MODE,Diurnal oscillation of blood plasma energy metabolites from healthy human volunteers measured by UPLC-MS/MS metabolomics reveals circadian timing regulates temporal homeostasis
ST004652,AN007848,3,192,Reversed phase POSITIVE ION MODE,Targeted mass spec-based metabolomic analyses of liver and plasma samples from rats exposed to food insecurity.
ST004652,AN007849,9,192,Reversed phase POSITIVE ION MODE,Targeted mass spec-based metabolomic analyses of liver and plasma samples from rats exposed to food insecurity.
ST004652,AN007850,43,192,Reversed phase POSITIVE ION MODE,Targeted mass spec-based metabolomic analyses of liver and plasma samples from rats exposed to food insecurity.
ST004652,AN007851,2,192,Reversed phase NEGATIVE ION MODE,Targeted mass spec-based metabolomic analyses of liver and plasma samples from rats exposed to food insecurity.
ST004652,AN007852,15,192,None (Direct infusion) POSITIVE ION MODE,Targeted mass spec-based metabolomic analyses of liver and plasma samples from rats exposed to food insecurity.
ST004652,AN007853,45,192,None (Direct infusion) POSITIVE ION MODE,Targeted mass spec-based metabolomic analyses of liver and plasma samples from rats exposed to food insecurity.
ST004653,AN007854,60,12,HILIC NEGATIVE ION MODE,Extracellular Itaconate Establishes an Epigenetic Environmental Axis of Tiered Lung Inflammatory Responses
ST004655,AN007858,284,8,Normal phase POSITIVE ION MODE,Lipidomics analysis of Mycobacterium tuberculosis H37Rv and aceE knockout strain
ST004657,AN007860,43,36,Reversed phase NEGATIVE ION MODE,Modulation of lipid mediator biosynthesis by 5-epi-strongylin A in bleomycin-induced pulmonary fibrosis in mice
ST004657,AN007861,5,36,Reversed phase POSITIVE ION MODE,Modulation of lipid mediator biosynthesis by 5-epi-strongylin A in bleomycin-induced pulmonary fibrosis in mice
ST004658,AN007862,157,20,None (Direct infusion) POSITIVE ION MODE,Lipidomics analyses in human iPSC-derived neural progenitor cells to study the impact of azoles on membrane lipid metabolism in Leigh syndrome
ST004658,AN007863,26,20,Normal phase POSITIVE ION MODE,Lipidomics analyses in human iPSC-derived neural progenitor cells to study the impact of azoles on membrane lipid metabolism in Leigh syndrome
ST004658,AN007864,13,20,Normal phase POSITIVE ION MODE,Lipidomics analyses in human iPSC-derived neural progenitor cells to study the impact of azoles on membrane lipid metabolism in Leigh syndrome
ST004658,AN007865,2,20,Reversed phase POSITIVE ION MODE,Lipidomics analyses in human iPSC-derived neural progenitor cells to study the impact of azoles on membrane lipid metabolism in Leigh syndrome
ST004659,AN007866,305,62,HILIC UNSPECIFIED ION MODE,Parallel Stable Isotope Tracing of 30 Nitrogen Tracers in BT054 Cells Treated with DMSO or AGI-5198
ST004660,AN007867,243,62,HILIC UNSPECIFIED ION MODE,Parallel Stable Isotope Tracing of 30 Nitrogen Tracers in NHA and BT054 Cells
ST004662,AN007869,196,9,Reversed phase POSITIVE ION MODE,Lipidomics analysis for Dyskerin Pseudouridine Synthase 1 (DKC1) knockdown in SW620 cells versus control (Part 1/2)
ST004663,AN007870,250,9,Reversed phase POSITIVE ION MODE,Lipidomics analysis of DKC1-high versus -low colorectal cancer patients (Part 2/2)
ST004667,AN007877,78,42,Reversed phase NEGATIVE ION MODE,Metabolomics analysis of human primary astrocytes treated with astrocyte-derived exosomes from patients with or without history of COVID-19 and brain injury.
ST004667,AN007878,64,42,Reversed phase POSITIVE ION MODE,Metabolomics analysis of human primary astrocytes treated with astrocyte-derived exosomes from patients with or without history of COVID-19 and brain injury.
ST004675,AN007894,64,30,HILIC POSITIVE ION MODE,Copper supports regulatory T cell energetic state to sustain peripheral immune tolerance
ST004675,AN007895,67,30,HILIC NEGATIVE ION MODE,Copper supports regulatory T cell energetic state to sustain peripheral immune tolerance
ST004676,AN007896,66,111,HILIC NEGATIVE ION MODE,UPLC-MS/MS based fluxomics shows temporal oscillation of glucose metabolic flux in Drosophila is altered in hyperactive fumin strain (negative mode)
ST004677,AN007897,128,115,HILIC POSITIVE ION MODE,UPLC-MS/MS based fluxomics shows temporal oscillation of glucose metabolic flux in Drosophila is altered in hyperactive fumin strain (positive mode)
ST004678,AN007898,85,32,GC POSITIVE ION MODE,Soil physical constraints shape water status and metabolic adjustment of Haloxylon salicornicum seedlings following transplantation in a desert environment
ST004679,AN007899,108,25,Reversed phase POSITIVE ION MODE,Evaluation of FASP for mass spectrometry-based untargeted metabolomics analysis of urine samples
ST004681,AN007901,140,26,Reversed phase POSITIVE ION MODE,Lipidomic/metabolomic profiling of microglia from WT and Grn KO mouse brain sorted by lipofuscin content
ST004681,AN007902,119,26,Reversed phase NEGATIVE ION MODE,Lipidomic/metabolomic profiling of microglia from WT and Grn KO mouse brain sorted by lipofuscin content
ST004681,AN007903,15,26,Reversed phase NEGATIVE ION MODE,Lipidomic/metabolomic profiling of microglia from WT and Grn KO mouse brain sorted by lipofuscin content
ST004681,AN007904,39,26,HILIC POSITIVE ION MODE,Lipidomic/metabolomic profiling of microglia from WT and Grn KO mouse brain sorted by lipofuscin content
ST004681,AN007905,60,26,Ion exchange NEGATIVE ION MODE,Lipidomic/metabolomic profiling of microglia from WT and Grn KO mouse brain sorted by lipofuscin content
ST004681,AN007906,216,26,HILIC POSITIVE ION MODE,Lipidomic/metabolomic profiling of microglia from WT and Grn KO mouse brain sorted by lipofuscin content
ST004682,AN007907,116,14,None (Direct infusion) POSITIVE ION MODE,An anti-adhesive compound that modulates the production of Staphylococcus aureus cell wall-anchored proteins
ST004682,AN007908,61,14,None (Direct infusion) NEGATIVE ION MODE,An anti-adhesive compound that modulates the production of Staphylococcus aureus cell wall-anchored proteins
ST004683,AN007909,520,8,Reversed phase POSITIVE ION MODE,"MMV687794 blocks Plasmodium falciparum invasion of red blood cells by inhibiting a Surface-associated Lipid-Interacting Rhoptry Protein, PfSLIRP"
ST004683,AN007910,172,8,Reversed phase NEGATIVE ION MODE,"MMV687794 blocks Plasmodium falciparum invasion of red blood cells by inhibiting a Surface-associated Lipid-Interacting Rhoptry Protein, PfSLIRP"
ST004684,AN007911,244,6,CE POSITIVE ION MODE,BCAT1 promotes HCC metabolic reprogramming and survival through HIF-1α stabilization
ST004685,AN007912,194,198,HILIC NEGATIVE ION MODE,UPLC-MS/MS based fluxomics shows temporal oscillation of glucose metabolic flux is independent of feeding time (negative mode)
ST004686,AN007913,257,201,HILIC POSITIVE ION MODE,UPLC-MS/MS based fluxomics shows temporal oscillation of glucose metabolic flux is independent of feeding time (positive mode)
ST004687,AN007914,15,960,HILIC POSITIVE ION MODE,UPLC-MS/MS based fluxomics shows Temporal-gating of glucose processing is dependent on the circadian-clock
ST004687,AN007915,14,960,HILIC NEGATIVE ION MODE,UPLC-MS/MS based fluxomics shows Temporal-gating of glucose processing is dependent on the circadian-clock
ST004693,AN007926,481,18,Reversed Phase POSITIVE ION MODE,Functional Validation and Mechanistic Insights into Cadmium Removal by the Green Microalgae Coelastrella tenuitheca S93-3
ST004693,AN007927,136,18,Reversed Phase NEGATIVE ION MODE,Functional Validation and Mechanistic Insights into Cadmium Removal by the Green Microalgae Coelastrella tenuitheca S93-3
ST004696,AN007932,269,27,Reversed phase POSITIVE ION MODE,Whey protein isolate enhances the growth and probiotic features of Lacticaseibacillus rhamnosus GG
ST004696,AN007933,11,27,Reversed phase POSITIVE ION MODE,Whey protein isolate enhances the growth and probiotic features of Lacticaseibacillus rhamnosus GG
ST004696,AN007934,330,27,Reversed phase NEGATIVE ION MODE,Whey protein isolate enhances the growth and probiotic features of Lacticaseibacillus rhamnosus GG
ST004696,AN007935,102,27,HILIC NEGATIVE ION MODE,Whey protein isolate enhances the growth and probiotic features of Lacticaseibacillus rhamnosus GG
ST004699,AN007939,496,39,HILIC POSITIVE ION MODE,"Interplay of Aging, Sex, and Probiotics in Systemic Metabolism: A Serum Metabolomics Study in Naturally Aging Mice Targeting Glucose Metabolism Biomarkers"
ST004699,AN007940,348,39,HILIC NEGATIVE ION MODE,"Interplay of Aging, Sex, and Probiotics in Systemic Metabolism: A Serum Metabolomics Study in Naturally Aging Mice Targeting Glucose Metabolism Biomarkers"
ST004700,AN007941,75,17,HILIC POSITIVE ION MODE,Identify total polar metabolites regulated by ATF4 (Part 1/6)
ST004700,AN007942,69,17,HILIC NEGATIVE ION MODE,Identify total polar metabolites regulated by ATF4 (Part 1/6)
ST004701,AN007943,18,12,HILIC POSITIVE ION MODE,Examine the impact of ATF4 inhibition of glucose catabolism (Part 2/6)
ST004701,AN007944,32,12,HILIC NEGATIVE ION MODE,Examine the impact of ATF4 inhibition of glucose catabolism (Part 2/6)
ST004704,AN007949,6,18,HILIC NEGATIVE ION MODE,Examine the impact of ATF4 inhibition of glucose catabolism and PRPP Biosynthesis (Part 3/6)
ST004705,AN007950,23,12,HILIC POSITIVE ION MODE,Examine the impact of ATF4 inhibition of glutamine carbon utilization (Part 4/6)
ST004705,AN007951,53,12,HILIC NEGATIVE ION MODE,Examine the impact of ATF4 inhibition of glutamine carbon utilization (Part 4/6)
ST004706,AN007952,10,12,HILIC POSITIVE ION MODE,Examine the impact of ATF4 inhibition of glutamine nitrogen utilization (Part 5/6)
ST004706,AN007953,28,12,HILIC NEGATIVE ION MODE,Examine the impact of ATF4 inhibition of glutamine nitrogen utilization (Part 5/6)
ST004707,AN007954,53,32,HILIC POSITIVE ION MODE,Examine the impact of ATF4 inhibition of glucose in glutamine carbon utilization in OCI-AML3 and MOLM-14 (Part 6/6)
ST004707,AN007955,52,32,HILIC NEGATIVE ION MODE,Examine the impact of ATF4 inhibition of glucose in glutamine carbon utilization in OCI-AML3 and MOLM-14 (Part 6/6)
ST004708,AN007956,151,25,Reversed phase POSITIVE ION MODE,Lipidomic profiling of control and MASH iPSC-derived liver organoids using LC-MS/MS
ST004708,AN007957,75,25,Reversed phase NEGATIVE ION MODE,Lipidomic profiling of control and MASH iPSC-derived liver organoids using LC-MS/MS
ST004709,AN007958,2001,24,Reversed phase POSITIVE ION MODE,Role of tetrapeptide motifs PPXY motifs of alpha arrestin in cardiac metabolism
ST004709,AN007959,499,24,Reversed phase NEGATIVE ION MODE,Role of tetrapeptide motifs PPXY motifs of alpha arrestin in cardiac metabolism
ST004713,AN007966,205,30,HILIC POSITIVE ION MODE,Pregnancy precipitates metabolic imbalance and accelerates death in an animal model of mitochondrial cardiomyopathy
ST004714,AN007967,817,27,Reversed phase NEGATIVE ION MODE,Targeted serum metabolomics before and after short-term lifestyle intervention in children with obesity
ST004715,AN007968,310,298,Reversed phase POSITIVE ION MODE,Untargeted serum metabolomics comparison between metabolically healthy and metabolically unhealthy obesity in children
ST004715,AN007969,390,298,Reversed phase NEGATIVE ION MODE,Untargeted serum metabolomics comparison between metabolically healthy and metabolically unhealthy obesity in children
ST004719,AN007975,8,20,HILIC POSITIVE ION MODE,Lipidomics studies on mouse Lymph node samples
ST004719,AN007976,16,20,HILIC NEGATIVE ION MODE,Lipidomics studies on mouse Lymph node samples
ST004720,AN007977,50,10,HILIC NEGATIVE ION MODE,Lipidomics studies on mice EVs derived from Th17 cells
ST004722,AN007980,259,96,Reversed phase POSITIVE ION MODE,Untargeted LC-MS Metabolomics of Cerebrospinal Fluid Reveals Brain Metabolic Dysregulation Following Early-Life SIV Infection
ST004722,AN007981,147,96,Reversed phase NEGATIVE ION MODE,Untargeted LC-MS Metabolomics of Cerebrospinal Fluid Reveals Brain Metabolic Dysregulation Following Early-Life SIV Infection
ST004724,AN007987,290,28,HILIC NEGATIVE ION MODE,Functional characterization of SLC25A35 using cellular and mitochondrial metabolomics in white preadipocytes
ST004725,AN007988,319,20,HILIC NEGATIVE ION MODE,Functional characterization of SLC25A35 using cellular and mitochondrial metabolomics in mature white adipocytes (Part 2/4)
ST004726,AN007989,24,15,HILIC NEGATIVE ION MODE,Recombinant PLA2G12A hydrolyzes T-cell-derived EV membranes in a concentration-dependent manner
ST004730,AN007996,41,18,HILIC POSITIVE ION MODE,Ketogenic diet as a metabolic vehicle enhancing the therapeutic efficacy of mebendazole and devimistat in syngeneic juvenile high-grade gliomas
ST004730,AN007997,60,18,HILIC NEGATIVE ION MODE,Ketogenic diet as a metabolic vehicle enhancing the therapeutic efficacy of mebendazole and devimistat in syngeneic juvenile high-grade gliomas
ST004731,AN008000,1191,40,Reversed phase UNSPECIFIED ION MODE,Characterizing the metabolic functions of SLC25A35 by liver lipidomics in Alb-Cre–mediated knockout mice
ST004732,AN008001,1785,26,Reversed phase UNSPECIFIED ION MODE,Characterizing the metabolic functions of SLC25A35 by liver lipidomics in inducible AAV-mediated knockout mice
ST004734,AN008007,65,20,HILIC POSITIVE ION MODE,Comparison metabolome mHepG2 and HLCs cultured with AA3 vs AAGly media
ST004734,AN008008,8,20,Reversed phase NEGATIVE ION MODE,Comparison metabolome mHepG2 and HLCs cultured with AA3 vs AAGly media
ST004736,AN008010,15,21,HILIC POSITIVE ION MODE,13C labeling experiment. AA3 vs AAGly mHepG2 and HLCs
ST004736,AN008011,15,21,Reversed phase NEGATIVE ION MODE,13C labeling experiment. AA3 vs AAGly mHepG2 and HLCs
ST004737,AN008012,53,120,HILIC POSITIVE ION MODE,"Metabolomics for Carbon source preference among mHepG2, HepG2, HLCs day 22 and HLCs day 44"
ST004737,AN008013,53,120,HILIC NEGATIVE ION MODE,"Metabolomics for Carbon source preference among mHepG2, HepG2, HLCs day 22 and HLCs day 44"
ST004739,AN008015,469,48,GC POSITIVE ION MODE,GC/MS-based metabolomic analysis of lymphatic endothelial cells treated with epicardial adipose tissue–conditioned media from atrial fibrillation patients
ST004742,AN008019,321,36,Reversed phase POSITIVE ION MODE,Metabolic Profiling of Multiple PCCA-Deficient Mouse Models
ST004742,AN008020,292,36,Reversed phase POSITIVE ION MODE,Metabolic Profiling of Multiple PCCA-Deficient Mouse Models
ST004742,AN008021,353,36,Reversed phase NEGATIVE ION MODE,Metabolic Profiling of Multiple PCCA-Deficient Mouse Models
ST004742,AN008022,124,36,HILIC NEGATIVE ION MODE,Metabolic Profiling of Multiple PCCA-Deficient Mouse Models
ST004747,AN008028,1,76,HILIC POSITIVE ION MODE,"CD4+ T-cells from healthy donors accumulate the microbiome metabolite, p-cresol-sulfate, in a dose-dependent manner (Part 2/2)"
ST004747,AN008029,1,76,Reversed phase NEGATIVE ION MODE,"CD4+ T-cells from healthy donors accumulate the microbiome metabolite, p-cresol-sulfate, in a dose-dependent manner (Part 2/2)"
ST004750,AN008032,1972,12,Reversed phase POSITIVE ION MODE,Cardiolipin Remodeling during Osteogenic Differentiation of Human Adipose-Derived Stem Cells
ST004752,AN008035,1202,58,Reversed phase POSITIVE ION MODE,Crop-specific vs. generalized effects of biostimulants - Untargeted Metabolomics for Cucumber
ST004753,AN008036,1647,58,Reversed phase POSITIVE ION MODE,Crop-specific vs. generalized effects of biostimulants - Untargeted Metabolomics for Pepper
ST004754,AN008046,1387,58,Reversed phase POSITIVE ION MODE,Crop-specific vs. generalized effects of biostimulants - Untargeted Metabolomics for Tomato
ST004762,AN008054,157,66,Reversed phase POSITIVE ION MODE,Worker honey bee lipidomics analysis in queenless and broodless conditions
ST004763,AN008055,250,96,Reversed phase POSITIVE ION MODE,APOE is a presynaptic protein that accumulates with age and modulates neurotransmitter release - Part 1
ST004763,AN008056,155,96,Reversed phase NEGATIVE ION MODE,APOE is a presynaptic protein that accumulates with age and modulates neurotransmitter release - Part 1
ST004766,AN008059,14,14,Reversed phase POSITIVE ION MODE,Terminal uridylyl transferase enzymes 4 and 7 (TUT4/7) inhibition using TS-002266 alters cholesterol and cholesteryl ester composition of Acute Myeloid Leukemia.
ST004767,AN008060,919,210,HILIC POSITIVE ION MODE,Human multi-omics maps progression from pancreatitis to pancreatic ductal adenocarcinoma and identifies a diagnostic panel
ST004767,AN008061,670,210,HILIC NEGATIVE ION MODE,Human multi-omics maps progression from pancreatitis to pancreatic ductal adenocarcinoma and identifies a diagnostic panel
ST004775,AN008074,186,108,Reversed phase POSITIVE ION MODE,APOE is a presynaptic protein that accumulates with age and modulates neurotransmitter release - Part 2
ST004775,AN008075,144,108,Reversed phase NEGATIVE ION MODE,APOE is a presynaptic protein that accumulates with age and modulates neurotransmitter release - Part 2
ST004776,AN008076,2,214,Reversed phase POSITIVE ION MODE,Commensal-derived acetylcholine enhances mucosal immune education
ST004776,AN008077,4,214,Reversed phase POSITIVE ION MODE,Commensal-derived acetylcholine enhances mucosal immune education
ST004780,AN008083,100,9,HILIC POSITIVE ION MODE,Barcoding for Isobaric Tagging of Carboxylic Acids and Amines Metabolites
ST004781,AN008084,20,43,GC POSITIVE ION MODE,Amino Acids in Mapping neuro-vascular unit communications reveals distinct angiogenic programs across developing brain regions
ST004782,AN008085,2313,23,HILIC NEGATIVE ION MODE,Aging Drives Region-Specific Metabolic Changes in Gut Muscularis Macrophages
ST004782,AN008086,8340,23,Reversed phase POSITIVE ION MODE,Aging Drives Region-Specific Metabolic Changes in Gut Muscularis Macrophages
ST004783,AN008087,2501,24,Reversed phase POSITIVE ION MODE,Preprandial metabolite profiles shape divergent rumen microbial dynamics and plant degradation between meal cycles in grazing sheep
ST004783,AN008088,4173,24,Reversed phase NEGATIVE ION MODE,Preprandial metabolite profiles shape divergent rumen microbial dynamics and plant degradation between meal cycles in grazing sheep
ST004784,AN008089,378,34,Reversed phase POSITIVE ION MODE,Untargeted LC-MS/MS lipidomics of rapamycin-treated Candida albicans grown on solid RPMI 1640 medium
ST004784,AN008090,215,34,Reversed phase NEGATIVE ION MODE,Untargeted LC-MS/MS lipidomics of rapamycin-treated Candida albicans grown on solid RPMI 1640 medium
ST004785,AN008091,47,46,HILIC POSITIVE ION MODE,Effects of high fat feeding on subcellular diacylglycerol and ceramide content within the renal cortex
ST004790,AN008099,37,12,Reversed phase NEGATIVE ION MODE,TGFβ-activated kinase 1 signaling controls acquisition of the inflammatory fibroblast phenotype and regulates cardiac remodeling after myocardial infarction
ST004792,AN008102,1439,13,Reversed phase POSITIVE ION MODE,Metabolic Changes Induced by Berberine Pretreatment and Subsequent FMT in Antibiotic–PRRSV Damaged Piglets
ST004792,AN008103,846,13,Reversed phase NEGATIVE ION MODE,Metabolic Changes Induced by Berberine Pretreatment and Subsequent FMT in Antibiotic–PRRSV Damaged Piglets
ST004793,AN008104,964,70,None (Direct infusion) POSITIVE ION MODE,MS-MS quantitative lipidomics analysis of mouse intestinal crypts.
ST004794,AN008105,96,36,Supercritical fluid chromatography POSITIVE ION MODE,Engineering of lipid-binding probes via high-throughput protein-lipid interaction screening
ST004795,AN008106,242,199,HILIC POSITIVE ION MODE,Metabolite profiling of circulating metabolites associated with protection against Mycobacterium tuberculosis infection in Indonesian household contacts
ST004795,AN008107,307,199,Reversed phase POSITIVE ION MODE,Metabolite profiling of circulating metabolites associated with protection against Mycobacterium tuberculosis infection in Indonesian household contacts
ST004795,AN008108,81,199,HILIC NEGATIVE ION MODE,Metabolite profiling of circulating metabolites associated with protection against Mycobacterium tuberculosis infection in Indonesian household contacts
ST004795,AN008109,133,199,Reversed phase NEGATIVE ION MODE,Metabolite profiling of circulating metabolites associated with protection against Mycobacterium tuberculosis infection in Indonesian household contacts
ST004796,AN008110,395,79,Reversed phase POSITIVE ION MODE,"Mitochondrial-haplotype influences plasma metabolome, lipidome, and proteome in a sex specific manner in the genetically heterogenous OKC-HET B/W rat - Metabolomics"
ST004796,AN008111,368,79,Reversed phase NEGATIVE ION MODE,"Mitochondrial-haplotype influences plasma metabolome, lipidome, and proteome in a sex specific manner in the genetically heterogenous OKC-HET B/W rat - Metabolomics"
ST004797,AN008112,942,79,Reversed phase POSITIVE ION MODE,"Mitochondrial-haplotype influences plasma metabolome, lipidome, and proteome in a sex specific manner in the genetically heterogenous OKC-HET B/W rat - Lipidomics"
ST004797,AN008113,493,79,Reversed phase NEGATIVE ION MODE,"Mitochondrial-haplotype influences plasma metabolome, lipidome, and proteome in a sex specific manner in the genetically heterogenous OKC-HET B/W rat - Lipidomics"
ST004798,AN008114,68,79,Reversed phase POSITIVE ION MODE,"Mitochondrial-haplotype influences plasma metabolome, lipidome, and proteome in a sex specific manner in the genetically heterogenous OKC-HET B/W rat - Cardiolipins"
ST004798,AN008115,16,79,Reversed phase NEGATIVE ION MODE,"Mitochondrial-haplotype influences plasma metabolome, lipidome, and proteome in a sex specific manner in the genetically heterogenous OKC-HET B/W rat - Cardiolipins"
ST004800,AN008117,438,182,Reversed phase POSITIVE ION MODE,"RISOP, a reference-assisted identification approach that enhances detection coverage of oxidized phospholipids"
ST004800,AN008118,403,182,Reversed phase NEGATIVE ION MODE,"RISOP, a reference-assisted identification approach that enhances detection coverage of oxidized phospholipids"
ST004800,AN008119,437,182,Reversed phase POSITIVE ION MODE,"RISOP, a reference-assisted identification approach that enhances detection coverage of oxidized phospholipids"
ST004800,AN008120,346,182,Reversed phase NEGATIVE ION MODE,"RISOP, a reference-assisted identification approach that enhances detection coverage of oxidized phospholipids"
ST004801,AN008121,123,18,Normal phase POSITIVE ION MODE,Phospholipid alterations in the skeletal muscle of Pnpla7-deficient mice
ST004802,AN008122,25,10,Reversed phase NEGATIVE ION MODE,"Changes in phosphatidylcholine species in the skeletal muscle of Pnpla7-deficient mice, with measurements distinguishing the sn-1 and sn-2 positions"
ST004804,AN008124,76,11,HILIC POSITIVE ION MODE,Steady-state metabolomics comparing metabolic profiles of total B cells isolated from C57BL/6J or Fc𝛾RIIB-/- mice
ST004804,AN008125,42,11,HILIC NEGATIVE ION MODE,Steady-state metabolomics comparing metabolic profiles of total B cells isolated from C57BL/6J or Fc𝛾RIIB-/- mice
ST004805,AN008126,3,8,HILIC NEGATIVE ION MODE,Metabolite tracing of 15N-amide labeled glutamine comparing labeling in total B cells isolated from C57BL/6J or Fc𝛾RIIB-/- mice after 2 hours ex vivo
ST004806,AN008127,63,7,HILIC POSITIVE ION MODE,Metabolite tracing of 15N-amide labeled glutamine comparing labeling after 2 or 6 hours of CD40/TLR7 stimulation in total B cells isolated from Fc𝛾RIIB-/- mice
ST004806,AN008128,54,7,HILIC NEGATIVE ION MODE,Metabolite tracing of 15N-amide labeled glutamine comparing labeling after 2 or 6 hours of CD40/TLR7 stimulation in total B cells isolated from Fc𝛾RIIB-/- mice
ST004807,AN008129,3,10,HILIC NEGATIVE ION MODE,"Metabolite tracing of 15N-amide labeled glutamine comparing labeling after 2 hours ex vivo, or 2 or 6 hours of CD40/TLR7 stimulation in total B cells isolated from Fc𝛾RIIB-/- mice"
ST004808,AN008130,60,11,HILIC POSITIVE ION MODE,Steady-state metabolomics comparing metabolic profiles of IgD- B cells isolated from control Fc𝛾RIIB-/- or 6-azauridine-treated Fc𝛾RIIB-/- mice
ST004808,AN008131,41,11,HILIC NEGATIVE ION MODE,Steady-state metabolomics comparing metabolic profiles of IgD- B cells isolated from control Fc𝛾RIIB-/- or 6-azauridine-treated Fc𝛾RIIB-/- mice
ST004809,AN008132,86,11,HILIC POSITIVE ION MODE,Steady-state metabolomics comparing metabolic profiles of IgD- B cells isolated from control Fc𝛾RIIB-/-/CD23Cre+ or Fc𝛾RIIB-/-/UMPSBKO mice
ST004809,AN008133,71,11,HILIC NEGATIVE ION MODE,Steady-state metabolomics comparing metabolic profiles of IgD- B cells isolated from control Fc𝛾RIIB-/-/CD23Cre+ or Fc𝛾RIIB-/-/UMPSBKO mice
ST004810,AN008134,9,8,HILIC POSITIVE ION MODE,Metabolite tracing of 15N-amide labeled glutamine comparing labeling in total B cells isolated from Fc𝛾RIIB-/- mice after 6 hours of CD40/TLR7 stimulation in the presence or absence of S6K inhibitor (S6Ki)
ST004810,AN008135,3,8,HILIC NEGATIVE ION MODE,Metabolite tracing of 15N-amide labeled glutamine comparing labeling in total B cells isolated from Fc𝛾RIIB-/- mice after 6 hours of CD40/TLR7 stimulation in the presence or absence of S6K inhibitor (S6Ki)
ST004811,AN008136,57,11,HILIC POSITIVE ION MODE,Steady-state metabolomics comparing metabolic profiles of B cells from Fc𝛾RIIB-/- mice after 2 hours anti-CD40/TLR7 stimulation in the presence or absence of rapamycin
ST004811,AN008137,55,11,HILIC NEGATIVE ION MODE,Steady-state metabolomics comparing metabolic profiles of B cells from Fc𝛾RIIB-/- mice after 2 hours anti-CD40/TLR7 stimulation in the presence or absence of rapamycin
ST004813,AN008140,5,24,Reversed phase POSITIVE ION MODE,Multiomics integration elucidates immune and metabolic mechanisms in white crucian carp following intestinal infection with Aeromonas hydrophila L3-3
ST004813,AN008141,51,24,Reversed phase NEGATIVE ION MODE,Multiomics integration elucidates immune and metabolic mechanisms in white crucian carp following intestinal infection with Aeromonas hydrophila L3-3
ST004814,AN008146,105,120,Reversed phase POSITIVE ION MODE,Pre-transplant Serum Immunometabolomic Profiles Associated with Kidney Transplant Survival
ST004814,AN008147,525,120,Flow induction analysis POSITIVE ION MODE,Pre-transplant Serum Immunometabolomic Profiles Associated with Kidney Transplant Survival
ST004816,AN008148,94,10,Reversed phase POSITIVE ION MODE,Static Magnetic Fields Exposure Alleviates Liver Injury via Promoting Ca 2+ Influx and Cellular Respiration - alpha mouse liver 12 cell line
ST004817,AN008149,94,10,Reversed phase NEGATIVE ION MODE,Static magnetic fields can significantly improve drug-induced liver cell damage in mice - mouse liver
ST004819,AN008151,120,32,GC POSITIVE ION MODE,Evaluation of Panax notoginseng rhizosphere soil treated with bio organic fertilizer using non targeted metabolomics methods
ST004821,AN008154,104,12,Reversed phase NEGATIVE ION MODE,"Metabolic, epigenetic and transcriptomic changes in early postnatal 16p11.2-deficient murine astrocytes."
ST004822,AN008155,19,12,HILIC UNSPECIFIED ION MODE,Increased glucose availability sensitizes pancreatic cancer to macrophage-targeting immunotherapies
ST004826,AN008166,1658,990,Reversed phase POSITIVE ION MODE,Integrated Metabolomic Analysis of Plasma and Fecal Samples from Healthy Volunteers during Durian Intervention
ST004826,AN008167,1495,990,Reversed phase NEGATIVE ION MODE,Integrated Metabolomic Analysis of Plasma and Fecal Samples from Healthy Volunteers during Durian Intervention
ST004826,AN008168,3003,990,Reversed phase POSITIVE ION MODE,Integrated Metabolomic Analysis of Plasma and Fecal Samples from Healthy Volunteers during Durian Intervention
ST004826,AN008169,1210,990,Reversed phase NEGATIVE ION MODE,Integrated Metabolomic Analysis of Plasma and Fecal Samples from Healthy Volunteers during Durian Intervention
ST004826,AN008170,2780,990,HILIC POSITIVE ION MODE,Integrated Metabolomic Analysis of Plasma and Fecal Samples from Healthy Volunteers during Durian Intervention
ST004826,AN008171,881,990,HILIC NEGATIVE ION MODE,Integrated Metabolomic Analysis of Plasma and Fecal Samples from Healthy Volunteers during Durian Intervention
ST004827,AN008172,91,44,Reversed phase POSITIVE ION MODE,Age-related differences in metabolome composition in a healthy pediatric population: A pilot analysis
ST004827,AN008173,99,44,Reversed phase NEGATIVE ION MODE,Age-related differences in metabolome composition in a healthy pediatric population: A pilot analysis
ST004827,AN008174,445,44,None (Direct infusion) POSITIVE ION MODE,Age-related differences in metabolome composition in a healthy pediatric population: A pilot analysis
ST004830,AN008180,991,50,Reversed phase UNSPECIFIED ION MODE,Whole-cell lipidomics of drug-treated NCI-H660 TMEM192-HA cells
ST004831,AN008181,346,20,Reversed phase UNSPECIFIED ION MODE,Lyso-IP lipidomics of apilimod-treated NCI-H660 TMEM192-HA cells
ST004834,AN008185,39,16,NMR data,Staphylococcus epidermidis commensal strain under lauric acid stress prioritizes bacterial persistence over cell growth
ST004835,AN008186,61,6,Reversed phase POSITIVE ION MODE,Stromal-immune crosstalk via myofibroblast-derived MIF drives CD74 dependent glycolytic reprogramming in osteoarthritic synovium
ST004836,AN008187,293,58,Reversed phase POSITIVE ION MODE,Temporal untargeted lipidomic profiling of THP-1 macrophages infected with Leishmania infantum
ST004836,AN008188,446,58,Reversed phase NEGATIVE ION MODE,Temporal untargeted lipidomic profiling of THP-1 macrophages infected with Leishmania infantum
ST004839,AN008193,60,8,Ion pair NEGATIVE ION MODE,Targeted metabolomics for evaluation of the role of AFF3 transcription factor in CD8 T cell function
ST004840,AN008194,32,110,NMR data,Study of stimulated p493_6 cells
ST004841,AN008195,110,12,Reversed phase POSITIVE ION MODE,Metabolic Flux Analysis of Mouse Embryonic Fibroblasts expressing ACLY constructs with differential localization
ST004842,AN008197,27,168,Reversed phase NEGATIVE ION MODE,Metabolic enzymes of human SGBS adipocytes interact with halogenated bisphenol A alternatives
ST004843,AN008198,32,280,Reversed phase NEGATIVE ION MODE,Acute gastrointestinal graft-versus-host disease is associated with reductions of secondary bile acids after allogeneic hematopoietic cell transplantation
ST004846,AN008202,122,11,HILIC NEGATIVE ION MODE,Antibiotic-induced Malassezia expansion in the infant gut promotes early-life immune dysregulation and airway inflammation in mice
ST004847,AN008203,2379,23,Reversed phase POSITIVE ION MODE,Therapeutic effects of lactic acid bacterial isolates on ulcerative colitis in mice.
ST004847,AN008204,1660,23,Reversed phase NEGATIVE ION MODE,Therapeutic effects of lactic acid bacterial isolates on ulcerative colitis in mice.
ST004848,AN008205,118,90,HILIC POSITIVE ION MODE,Metabolic silencing via methionine-based amino acid restriction in murine multiple myeloma cell line MPC11 induced low energy and reduced nucleotide metabolism
ST004848,AN008206,140,90,HILIC NEGATIVE ION MODE,Metabolic silencing via methionine-based amino acid restriction in murine multiple myeloma cell line MPC11 induced low energy and reduced nucleotide metabolism
ST004849,AN008207,157,100,Reversed phase POSITIVE ION MODE,Metabolomic Characterization of Skeletal Muscle and Vascular Adaptations During the SIRIUS-21 Eight-Month Isolation and Confinement Spaceflight Analog Mission
ST004849,AN008208,138,100,Reversed phase POSITIVE ION MODE,Metabolomic Characterization of Skeletal Muscle and Vascular Adaptations During the SIRIUS-21 Eight-Month Isolation and Confinement Spaceflight Analog Mission
ST004850,AN008209,294,120,Reversed phase POSITIVE ION MODE,Temporal Metabolic Plasticity of Chromochloris zofingiensis under Variable Nitrogen and CO₂ Conditions
ST004850,AN008210,294,120,Reversed phase NEGATIVE ION MODE,Temporal Metabolic Plasticity of Chromochloris zofingiensis under Variable Nitrogen and CO₂ Conditions
ST004850,AN008211,489,120,HILIC POSITIVE ION MODE,Temporal Metabolic Plasticity of Chromochloris zofingiensis under Variable Nitrogen and CO₂ Conditions
ST004850,AN008212,489,120,HILIC NEGATIVE ION MODE,Temporal Metabolic Plasticity of Chromochloris zofingiensis under Variable Nitrogen and CO₂ Conditions
ST004851,AN008213,6,21,HILIC UNSPECIFIED ION MODE,Mechanism of FAH mediated drug resistance in breast cancer
ST004854,AN008220,116,6,None (Direct infusion) POSITIVE ION MODE,Metabolomic analysis of HEK293 cells under simulated microgravity conditions
ST004855,AN008221,346,20,CE POSITIVE ION MODE,The malonyl-CoA synthetase ACSF3 is required for metabolic editing downstream of biotin carboxylation
ST004855,AN008222,310,20,CE NEGATIVE ION MODE,The malonyl-CoA synthetase ACSF3 is required for metabolic editing downstream of biotin carboxylation
ST004863,AN008238,77,52,Reversed phase NEGATIVE ION MODE,Multi omics reveals mesodermal fate bias and enables predictive cell state control in human pluripotent stem cell biomanufacturing
ST004866,AN008243,10,108,HILIC POSITIVE ION MODE,Uptake of homocarintine and valorobetaine in HEK293 cells overexpressing OCTN2
ST004867,AN008244,1,348,HILIC POSITIVE ION MODE,Inhibition of d3-carnitine uptake in OCTN2-HEK cells
ST004868,AN008245,4,251,HILIC POSITIVE ION MODE,"Uptake efficiency of butyrobetaine, valerobetaine, and homocarnitine in OCTN2-HEK cells"
ST004869,AN008246,3,144,HILIC POSITIVE ION MODE,"Inhibition of valerobetaine, homocarnitine, and carnitine uptake by meldonium"
ST004871,AN008249,10,12,Reversed phase POSITIVE ION MODE,Chronic inflammation in Huntington disease in brain
ST004871,AN008250,48,12,Reversed phase NEGATIVE ION MODE,Chronic inflammation in Huntington disease in brain
ST004873,AN008253,500,24,Reversed phase POSITIVE ION MODE,Lipidomic analysis of human naive and memory regulatory T cells identified the increased PUFA containing triglycerides enriched in memory Treg compared to memory Teff after TCR stimulation.
ST004873,AN008254,351,24,Reversed phase NEGATIVE ION MODE,Lipidomic analysis of human naive and memory regulatory T cells identified the increased PUFA containing triglycerides enriched in memory Treg compared to memory Teff after TCR stimulation.
ST004882,AN008274,84,61,Reversed phase NEGATIVE ION MODE,"Plasma metabolomics characterization of murine pre-renal azotemia as compared to vehicle treated mice, unmanipulated control mice, and mice with resolved pre-renal azotemia"
ST004882,AN008275,65,61,Reversed phase POSITIVE ION MODE,"Plasma metabolomics characterization of murine pre-renal azotemia as compared to vehicle treated mice, unmanipulated control mice, and mice with resolved pre-renal azotemia"
ST004883,AN008276,82,45,Reversed phase NEGATIVE ION MODE,Plasma metabolomics characterization of ischemic acute kidney injury as compared to sham surgery mice
ST004883,AN008277,103,45,Reversed phase POSITIVE ION MODE,Plasma metabolomics characterization of ischemic acute kidney injury as compared to sham surgery mice
ST004884,AN008278,10,10,NMR data,Robust Metabolite Quantification from J-Compensated 2D 1H-13C-HSQC Experiments - 1D Spectra
ST004887,AN008283,617,24,HILIC POSITIVE ION MODE,Metabolic reprogramming enables transient survival and envelope remodelling in Staphylococcus aureus under dalbavancin treatment
ST004887,AN008284,714,24,HILIC NEGATIVE ION MODE,Metabolic reprogramming enables transient survival and envelope remodelling in Staphylococcus aureus under dalbavancin treatment
ST004885,AN008285,3,4,NMR data,Identification of Plasma Metabolites Prognostic of Acute Kidney Injury after Cardiac Surgery with Cardiopulmonary Bypass
ST004888,AN008286,176,24,Reversed phase UNSPECIFIED ION MODE,Targeted saliva metabolomics of pregnant women with gestational diabetes mellitus
ST004891,AN008291,2181,36,Reverse phase LC POSITIVE ION MODE,Metabolomic profiling of simulated oral bacterial consortia identifies limited bacterial production of GDM-associated salivary metabolites and glutamine enrichment in Streptococcus-dominated communities
ST004891,AN008292,2085,36,Reverse phase LC NEGATIVE ION MODE,Metabolomic profiling of simulated oral bacterial consortia identifies limited bacterial production of GDM-associated salivary metabolites and glutamine enrichment in Streptococcus-dominated communities
ST004892,AN008293,447,128,Reversed phase POSITIVE ION MODE,Host-Derived Lipid Transfer and Metabolic Reprogramming in Paramecium–Algal Symbiosis
ST004892,AN008294,791,128,Reversed phase NEGATIVE ION MODE,Host-Derived Lipid Transfer and Metabolic Reprogramming in Paramecium–Algal Symbiosis
ST004893,AN008295,140,20,None (Direct infusion) POSITIVE ION MODE,Non-enzymatic hepatic ABHD6 interacts with Akt-FoxO1 axis to regulate metabolic health
ST004898,AN008302,43,87,HILIC POSITIVE ION MODE,"pH-neutral NAC induces concentration dependent arginine, cysteine, and lactic acid accumulation in planktonic and biofilm Staphylococcus aureus"
ST004898,AN008303,22,87,HILIC NEGATIVE ION MODE,"pH-neutral NAC induces concentration dependent arginine, cysteine, and lactic acid accumulation in planktonic and biofilm Staphylococcus aureus"
ST004901,AN008308,550,228,None (Direct infusion) POSITIVE ION MODE,Lipidomic Analysis of in vitro-spiked Lipoprotein Lipase (LPL) in Human Plasma
ST004901,AN008309,26,228,None (Direct infusion) NEGATIVE ION MODE,Lipidomic Analysis of in vitro-spiked Lipoprotein Lipase (LPL) in Human Plasma
ST004903,AN008311,1,7,NMR data,Real-time monitoring of BCAA metabolic conversion in living human breast cancer cells by operando 1H-13C HSQC NMR
ST004904,AN008312,2,42,NMR data,Quantification of branched-chain amino acid (BCAA) metabolic flux in human breast cancer cell line extracts by 1H-13C HSQC NMR
ST004905,AN008313,2485,12,Reversed phase POSITIVE ION MODE,Metabolomics analysis of liver samples from male wild-type (WT) and Dp16 Down syndrome mice
ST004905,AN008314,1697,12,Reversed phase NEGATIVE ION MODE,Metabolomics analysis of liver samples from male wild-type (WT) and Dp16 Down syndrome mice
ST004909,AN008321,6,9,GC POSITIVE ION MODE,Investigation of Changes in the Profile of Fatty Acids and Growth Traits in Response to Waterlogging/Flooding Stress
ST004911,AN008323,89,88,Ion pair NEGATIVE ION MODE,Adaptation of white adipocytes to cooler temperatures: impacts on energy metabolism and protein acetylation
ST004911,AN008324,172,88,Reversed phase POSITIVE ION MODE,Adaptation of white adipocytes to cooler temperatures: impacts on energy metabolism and protein acetylation
ST004914,AN008328,290,9,Reversed phase POSITIVE ION MODE,Bispecific Antibody Engineered Extracellular Vesicles Redirect T Cells to Prevent Postoperative Epidural Fibrosis
ST004914,AN008329,67,9,Reversed phase NEGATIVE ION MODE,Bispecific Antibody Engineered Extracellular Vesicles Redirect T Cells to Prevent Postoperative Epidural Fibrosis
ST004915,AN008330,2485,12,Reversed phase POSITIVE ION MODE,Metabolomics analysis of serum samples from female wild-type (WT) and Dp16 Down syndrome mice
ST004915,AN008331,1697,12,Reversed phase NEGATIVE ION MODE,Metabolomics analysis of serum samples from female wild-type (WT) and Dp16 Down syndrome mice
ST004916,AN008332,2485,12,Reversed phase POSITIVE ION MODE,Metabolomics analysis of serum samples from male wild-type (WT) and Dp16 Down syndrome mice
ST004916,AN008333,1697,12,Reversed phase NEGATIVE ION MODE,Metabolomics analysis of serum samples from male wild-type (WT) and Dp16 Down syndrome mice
ST004918,AN008335,2485,12,Reversed phase POSITIVE ION MODE,Metabolomics analysis of liver samples from female wild-type (WT) and Dp16 Down syndrome mice
ST004918,AN008336,1697,12,Reversed phase NEGATIVE ION MODE,Metabolomics analysis of liver samples from female wild-type (WT) and Dp16 Down syndrome mice
ST004922,AN008341,5,182,HILIC POSITIVE ION MODE,"Plasma methionine cycle metabolite signatures for diagnosis, progression stratification and palbociclib resistance prediction in luminal breast cancer"
ST004923,AN008342,74,42,Reversed phase POSITIVE ION MODE,A single nucleotide substitution in the anti-metabolite transporter encoded by ambA can bypass the arginine auxotrophy of a Pseudomonas aeruginosa Tn::argA mutant.
ST004924,AN008343,108,15,HILIC POSITIVE ION MODE,Targeted metabolomics of spermatogonial stem cell differentiation induced by retinoic acid
ST004925,AN008344,219,9,HILIC UNSPECIFIED ION MODE,Targeted metabolomics of sweet-waxy double recessive maize endosperm reveals enhanced carbon flux and amino acid degradation in a kernel-filling mutant
ST004925,AN008345,117,9,Reversed phase UNSPECIFIED ION MODE,Targeted metabolomics of sweet-waxy double recessive maize endosperm reveals enhanced carbon flux and amino acid degradation in a kernel-filling mutant
ST004928,AN008352,439,18,Reversed phase POSITIVE ION MODE,To investigate the role of neuropeptide galanin(GAL) in early ferroptosis associated lipid remodeling.
ST004928,AN008353,56,18,Reversed phase NEGATIVE ION MODE,To investigate the role of neuropeptide galanin(GAL) in early ferroptosis associated lipid remodeling.
ST004929,AN008354,1136,6,Reversed phase POSITIVE ION MODE,Untargeted Reversed Phase Lipidomic Profiling of Retinal Ganglion Cell Axons from Xenopus Laevis Ocular Explants
ST004929,AN008355,192,6,Reversed phase NEGATIVE ION MODE,Untargeted Reversed Phase Lipidomic Profiling of Retinal Ganglion Cell Axons from Xenopus Laevis Ocular Explants
ST004931,AN008357,166,36,Reversed phase POSITIVE ION MODE,Untargeted LC-MS Salivary Metabolomics Reveals HIV/AIDS-Associated Metabolic Alterations Linked to Oral Fungal Dysbiosis
ST004931,AN008358,70,36,Reversed phase NEGATIVE ION MODE,Untargeted LC-MS Salivary Metabolomics Reveals HIV/AIDS-Associated Metabolic Alterations Linked to Oral Fungal Dysbiosis
ST004933,AN008360,144,8,Reversed phase NEGATIVE ION MODE,Targeted metabolomics of C. elegans during aging
ST004933,AN008361,206,8,HILIC POSITIVE ION MODE,Targeted metabolomics of C. elegans during aging
ST004934,AN008362,1623,18,Reversed phase POSITIVE ION MODE,Untargeted lipidomic analysis of normal human trabecular meshwork cells using ultra performance liquid chromatography-tandem mass spectrometry
ST004934,AN008363,572,18,Reversed phase NEGATIVE ION MODE,Untargeted lipidomic analysis of normal human trabecular meshwork cells using ultra performance liquid chromatography-tandem mass spectrometry
ST004935,AN008364,258,92,HILIC POSITIVE ION MODE,Untargeted metabolomic analysis normal human trabecular meshwork cells using ultra high-performance liquid chromatography-tandem mass spectrometry
ST004935,AN008365,27,92,HILIC NEGATIVE ION MODE,Untargeted metabolomic analysis normal human trabecular meshwork cells using ultra high-performance liquid chromatography-tandem mass spectrometry
ST004936,AN008366,923,10,Reversed phase POSITIVE ION MODE,Untargeted Lipidomic Analysis in Short-lived Female Nothobranchius furzeri using Reversed Phase UHPLC
ST004936,AN008367,334,10,Reversed phase NEGATIVE ION MODE,Untargeted Lipidomic Analysis in Short-lived Female Nothobranchius furzeri using Reversed Phase UHPLC
ST004937,AN008368,422,72,HILIC POSITIVE ION MODE,Untargeted Metabolomic Analysis in Short-lived Female Nothobranchius furzeri using HILIC Ultra Performance Liquid Chromatography
ST004937,AN008369,33,72,HILIC NEGATIVE ION MODE,Untargeted Metabolomic Analysis in Short-lived Female Nothobranchius furzeri using HILIC Ultra Performance Liquid Chromatography
ST004939,AN008372,128,186,Reversed phase POSITIVE ION MODE,Tryptophan degradation by intestinal Bacteroides induces anti-tumor immunity and limits melanoma growth
ST004940,AN008373,28,38,Reversed phase UNSPECIFIED ION MODE,Increased Serum Indole and Depleted Serotonin in Patients with Myalgic Encephalomyelitis/Chronic Fatigue Syndrome
ST004941,AN008374,28,30,Reversed phase UNSPECIFIED ION MODE,Depleted Fecal Serotonin and Altered Tryptophan Metabolism in Patients with Myalgic Encephalomyelitis/Chronic Fatigue Syndrome
ST004942,AN008375,22,145,HILIC NEGATIVE ION MODE,Peroxisomal import is circadian in glia and regulates sleep and lipid metabolism
ST004942,AN008376,287,145,Reversed phase POSITIVE ION MODE,Peroxisomal import is circadian in glia and regulates sleep and lipid metabolism
ST004942,AN008377,170,145,Reversed phase POSITIVE ION MODE,Peroxisomal import is circadian in glia and regulates sleep and lipid metabolism
ST004942,AN008378,213,145,Reversed phase NEGATIVE ION MODE,Peroxisomal import is circadian in glia and regulates sleep and lipid metabolism
ST004943,AN008379,216,21,GC POSITIVE ION MODE,Modeling the acutely injured brain environment in vitro. GC-MS Metabolomics Analysis
ST004944,AN008380,2443,21,Reversed phase POSITIVE ION MODE,Serum metabolomic profiling of NK/T-cell lymphoma
ST004944,AN008381,2443,21,Reversed phase NEGATIVE ION MODE,Serum metabolomic profiling of NK/T-cell lymphoma
ST004946,AN008384,749,56,Reversed phase POSITIVE ION MODE,Untargeted LC-MS metabolomics of serum and intestinal luminal contents from db/db and wild-type mice
ST004946,AN008385,1039,56,Reversed phase NEGATIVE ION MODE,Untargeted LC-MS metabolomics of serum and intestinal luminal contents from db/db and wild-type mice
ST004954,AN008394,3059,18,Normal phase POSITIVE ION MODE,The Lipidome of iPSC-Derived Retinal Organoids Partially Resembles that of the Human Retina
ST004955,AN008395,2914,16,Normal phase POSITIVE ION MODE,The Lipidome of iPSC-Derived RPE Partially Resembles that of the Human RPE
ST004956,AN008396,208,15,GC POSITIVE ION MODE,Acute high-temperature stress disrupts energy and amino acid metabolism in the hepatopancreas of Pontastacus leptodactylus: an untargeted GC-MS study
ST004957,AN008397,718,23,Reversed phase POSITIVE ION MODE,Cross-Kingdom trophic interaction: Blastomonas and Erythrobacter fuel Tetradesmus lagerheimii with amino acids to boost algal productivity
ST004957,AN008398,520,23,Reversed phase NEGATIVE ION MODE,Cross-Kingdom trophic interaction: Blastomonas and Erythrobacter fuel Tetradesmus lagerheimii with amino acids to boost algal productivity
ST004958,AN008399,11,12,Ion exchange NEGATIVE ION MODE,Upfront fecal microbiota transplantation (FMT) for the management of immunotherapy colitis
ST004958,AN008400,18,12,Reversed phase NEGATIVE ION MODE,Upfront fecal microbiota transplantation (FMT) for the management of immunotherapy colitis
ST004958,AN008401,12,12,Reversed phase POSITIVE ION MODE,Upfront fecal microbiota transplantation (FMT) for the management of immunotherapy colitis
ST004958,AN008402,34,12,HILIC POSITIVE ION MODE,Upfront fecal microbiota transplantation (FMT) for the management of immunotherapy colitis
ST004960,AN008404,887,18,Reversed phase POSITIVE ION MODE,Integrative structural analysis of the human endosomal Na⁺/H⁺ exchanger NHE6 reveals a lipid-associated intracellular gate and a disordered C-terminus
ST004960,AN008405,441,18,Reversed phase NEGATIVE ION MODE,Integrative structural analysis of the human endosomal Na⁺/H⁺ exchanger NHE6 reveals a lipid-associated intracellular gate and a disordered C-terminus
ST004962,AN008408,962,120,Reversed phase POSITIVE ION MODE,Unified Evaluation of Geographic Origin and Quality of Ophiocordyceps sinensis via Untargeted Polar Metabolomics and Lipidomics: A UPLC-HRMS-Based Multi-Omics Study
ST004962,AN008409,298,120,Reversed phase NEGATIVE ION MODE,Unified Evaluation of Geographic Origin and Quality of Ophiocordyceps sinensis via Untargeted Polar Metabolomics and Lipidomics: A UPLC-HRMS-Based Multi-Omics Study
ST004963,AN008410,552,120,Reversed phase POSITIVE ION MODE,Unified Evaluation of Geographic Origin and Quality of Ophiocordyceps sinensis via Lipidomics: A UPLC-HRMS-Based Multi-Omics Study
ST004963,AN008411,412,120,Reversed phase NEGATIVE ION MODE,Unified Evaluation of Geographic Origin and Quality of Ophiocordyceps sinensis via Lipidomics: A UPLC-HRMS-Based Multi-Omics Study
ST004965,AN008416,1,24,NMR data,NMR based metabolomics study on blue crab urine after being fed oysters or mud crabs
ST004966,AN008417,57,110,Reversed phase POSITIVE ION MODE,Deregulation of mitochondria-lipid droplet coupling drives hematopoietic stem cell aging in mice
ST004966,AN008418,49,110,Reversed phase NEGATIVE ION MODE,Deregulation of mitochondria-lipid droplet coupling drives hematopoietic stem cell aging in mice
ST004966,AN008419,269,110,Reversed phase POSITIVE ION MODE,Deregulation of mitochondria-lipid droplet coupling drives hematopoietic stem cell aging in mice
ST004966,AN008420,49,110,Reversed phase NEGATIVE ION MODE,Deregulation of mitochondria-lipid droplet coupling drives hematopoietic stem cell aging in mice
ST004967,AN008421,1502,9,Reversed phase POSITIVE ION MODE,Enhanced Stem Cell-Derived Pancreatic β Cell Production through Mitochondrial Metabolic Reprogramming Improves Islet Cell Therapy for Diabetes
ST004971,AN008428,325,9,HILIC UNSPECIFIED ION MODE,Metabolomics of total bone marrow tissue from wild type and citrate synthase knockout mice.
ST004972,AN008429,208,48,Reversed phase POSITIVE ION MODE,Lipidomics of TERT-hWA adipocytes differentiated upon control (2% serum) and serum-free conditions.
ST004973,AN008430,166,98,Reversed phase POSITIVE ION MODE,"Lipidomics analysis of TERT-hWA adipocyte spheroids differentiated in the presence of BSA, C16:0, C18:1 or C6:0 fatty acids."
ST004974,AN008431,96,48,Reversed phase POSITIVE ION MODE,Time-resolved lipidomic analysis of TERT-hWA adipocyte lipolysis induced by Forskolin
ST004979,AN008438,6,118,Reversed phase NEGATIVE ION MODE,Exploring serum metabolic biomarkers of allergen tolerance in lipid transfer protein (LTP) allergy
ST004979,AN008439,25,118,Reversed phase NEGATIVE ION MODE,Exploring serum metabolic biomarkers of allergen tolerance in lipid transfer protein (LTP) allergy
ST004979,AN008440,78,118,Reversed phase NEGATIVE ION MODE,Exploring serum metabolic biomarkers of allergen tolerance in lipid transfer protein (LTP) allergy
ST004979,AN008441,91,118,Reversed phase POSITIVE ION MODE,Exploring serum metabolic biomarkers of allergen tolerance in lipid transfer protein (LTP) allergy
ST004979,AN008442,127,118,HILIC POSITIVE ION MODE,Exploring serum metabolic biomarkers of allergen tolerance in lipid transfer protein (LTP) allergy
ST004981,AN008444,1348,35,Reversed phase POSITIVE ION MODE,Untargeted metabolomics of sika deer serum in high- and low-antler-weight groups
ST004981,AN008445,914,35,Reversed phase NEGATIVE ION MODE,Untargeted metabolomics of sika deer serum in high- and low-antler-weight groups
ST004982,AN008446,241,17,Reversed phase POSITIVE ION MODE,T500 targeted metabolomics of sika deer antler weight groups
ST004982,AN008447,108,17,HILIC POSITIVE ION MODE,T500 targeted metabolomics of sika deer antler weight groups
ST004983,AN008448,236,12,Reversed phase POSITIVE ION MODE,Folate supplementation and serum metabolome profiling in sika deer: T500 targeted LC–MS/MS analysis
ST004983,AN008449,94,12,HILIC POSITIVE ION MODE,Folate supplementation and serum metabolome profiling in sika deer: T500 targeted LC–MS/MS analysis
ST004985,AN008452,114,18,HILIC NEGATIVE ION MODE,Assessing metabolomic profile of VLCAD deficient fibroblasts under anplerotic treatment
ST004992,AN008469,280,12,Reversed phase POSITIVE ION MODE,"Cecum data of project ""Organ-Specific Transcriptional and Metabolic Remodelling During Late Mouse Adolescence"""
ST004992,AN008470,207,12,Reversed phase POSITIVE ION MODE,"Cecum data of project ""Organ-Specific Transcriptional and Metabolic Remodelling During Late Mouse Adolescence"""
ST004992,AN008471,319,12,Reversed phase NEGATIVE ION MODE,"Cecum data of project ""Organ-Specific Transcriptional and Metabolic Remodelling During Late Mouse Adolescence"""
ST004992,AN008472,128,12,HILIC NEGATIVE ION MODE,"Cecum data of project ""Organ-Specific Transcriptional and Metabolic Remodelling During Late Mouse Adolescence"""
ST004993,AN008473,767,22,HILIC POSITIVE ION MODE,Notoginsenoside R1 Ameliorates Obesity-Associated Central Insulin Resistance in Diet-Induced Obese Rats: Potential Involvement of TNF-α-Associated Inflammation and IRS1/Akt-Related Signaling
ST004993,AN008474,486,22,HILIC NEGATIVE ION MODE,Notoginsenoside R1 Ameliorates Obesity-Associated Central Insulin Resistance in Diet-Induced Obese Rats: Potential Involvement of TNF-α-Associated Inflammation and IRS1/Akt-Related Signaling
ST004994,AN008475,223,12,Reversed phase POSITIVE ION MODE,"Plasma data of project ""Organ-Specific Transcriptional and Metabolic Remodelling During Late Mouse Adolescence"""
ST004994,AN008476,215,12,Reversed phase POSITIVE ION MODE,"Plasma data of project ""Organ-Specific Transcriptional and Metabolic Remodelling During Late Mouse Adolescence"""
ST004994,AN008477,337,12,Reversed phase NEGATIVE ION MODE,"Plasma data of project ""Organ-Specific Transcriptional and Metabolic Remodelling During Late Mouse Adolescence"""
ST004994,AN008478,93,12,HILIC NEGATIVE ION MODE,"Plasma data of project ""Organ-Specific Transcriptional and Metabolic Remodelling During Late Mouse Adolescence"""
ST004997,AN008484,373,17,Reversed phase POSITIVE ION MODE,Lipidomic profiling of TERT-hWA adipocytes under basal and forskolin-stimulated conditions with or without Fatty acid-free bovine serum albumin (BSA)
ST004998,AN008485,345,24,Reversed phase POSITIVE ION MODE,Lipidomic profiling of abdominal subcutaneous white adipose tissue explants from obese and healthy individuals
ST004999,AN008486,4556,24,Reversed phase POSITIVE ION MODE,Lipidomics with U-13C-Gln isotope tracing in HCMV-infected human foreskin fibroblasts (HFF) (part 1)
ST004999,AN008487,3401,24,Reversed phase NEGATIVE ION MODE,Lipidomics with U-13C-Gln isotope tracing in HCMV-infected human foreskin fibroblasts (HFF) (part 1)
ST005002,AN008491,1701,23,Reversed phase NEGATIVE ION MODE,Saponified FA analysis with 5-13C-Gln isotope tracing in HCMV-infected HFFs (part 3)
ST005003,AN008492,336,72,Reversed phase UNSPECIFIED ION MODE,Ribosomal proteins are major substrates of starvation-induced endosomal microautophagy in Drosophila
ST005003,AN008493,328,72,HILIC UNSPECIFIED ION MODE,Ribosomal proteins are major substrates of starvation-induced endosomal microautophagy in Drosophila
ST005000,AN008500,1664,24,Reversed phase NEGATIVE ION MODE,Saponified FA analysis with U-13C-Gln isotope tracing in HCMV-infected HFFs (part 2)
ST005002,AN008501,1701,23,Reversed phase NEGATIVE ION MODE,Saponified FA analysis with 5-13C-Gln isotope tracing in HCMV-infected HFFs (part 3)
ST005006,AN008502,61,23,Reversed phase NEGATIVE ION MODE,Saponified FA analysis with different glc and gln ratios in HCMV-infected HFFs (part 4)
ST005007,AN008503,1425,24,Reversed phase NEGATIVE ION MODE,Saponified FA analysis with U-13C-Glc isotope tracing in HCMV-infected HFFs with different ratios of glc and gln (part 5)
ST005008,AN008504,1629,24,Reversed phase NEGATIVE ION MODE,Saponified FA analysis with U-13C-Gln isotope tracing in HCMV-infected HFFs with different ratios of glc and gln (part 6)
ST005010,AN008507,189,88,Reversed phase POSITIVE ION MODE,Gut microbiota and metabolites are linked to disease progression in multiple sclerosis - Feces
ST005010,AN008508,271,88,Reversed phase POSITIVE ION MODE,Gut microbiota and metabolites are linked to disease progression in multiple sclerosis - Feces
ST005010,AN008509,503,88,Reversed phase NEGATIVE ION MODE,Gut microbiota and metabolites are linked to disease progression in multiple sclerosis - Feces
ST005010,AN008510,132,88,HILIC NEGATIVE ION MODE,Gut microbiota and metabolites are linked to disease progression in multiple sclerosis - Feces
ST005011,AN008511,244,88,Reversed phase POSITIVE ION MODE,Gut microbiota and metabolites are linked to disease progression in multiple sclerosis - Serum
ST005011,AN008512,294,88,Reversed phase POSITIVE ION MODE,Gut microbiota and metabolites are linked to disease progression in multiple sclerosis - Serum
ST005011,AN008513,557,88,Reversed phase NEGATIVE ION MODE,Gut microbiota and metabolites are linked to disease progression in multiple sclerosis - Serum
ST005011,AN008514,83,88,HILIC NEGATIVE ION MODE,Gut microbiota and metabolites are linked to disease progression in multiple sclerosis - Serum
ST005015,AN008521,4,148,HILIC POSITIVE ION MODE,"Targeted LC-MS/MS quantification of TMA and TMAO in mouse tissues, pancreatic islets, and human islets"
ST005017,AN008524,158,6,HILIC UNSPECIFIED ION MODE,To identify the metabolites changing upon LOX inhibition in TNBC cells.
ST005020,AN008527,1261,18,Reversed phase POSITIVE ION MODE,Untargeted Lipidomic Analysis of HEK293T Cells after Fatty Acid Synthesis Inhibition
ST005020,AN008528,328,18,Reversed phase NEGATIVE ION MODE,Untargeted Lipidomic Analysis of HEK293T Cells after Fatty Acid Synthesis Inhibition
ST005021,AN008529,738,120,HILIC POSITIVE ION MODE,Untargeted Metabolomic Analysis of HEK293T Cells after Fatty Acid Synthesis Inhibition
ST005021,AN008530,60,120,HILIC NEGATIVE ION MODE,Untargeted Metabolomic Analysis of HEK293T Cells after Fatty Acid Synthesis Inhibition
ST005022,AN008531,263,12,Reversed phase POSITIVE ION MODE,"Urine data of project ""Organ-Specific Transcriptional and Metabolic Remodelling During Late Mouse Adolescence"""
ST005022,AN008532,45,12,Reversed phase POSITIVE ION MODE,"Urine data of project ""Organ-Specific Transcriptional and Metabolic Remodelling During Late Mouse Adolescence"""
ST005022,AN008533,330,12,Reversed phase NEGATIVE ION MODE,"Urine data of project ""Organ-Specific Transcriptional and Metabolic Remodelling During Late Mouse Adolescence"""
ST005022,AN008534,121,12,HILIC NEGATIVE ION MODE,"Urine data of project ""Organ-Specific Transcriptional and Metabolic Remodelling During Late Mouse Adolescence"""
ST005025,AN008539,2975,11,Reversed phase POSITIVE ION MODE,Untargeted metabolomic analysis indicated that pth-Tn mutant bacteria enter dormancy.
ST005025,AN008540,1440,11,Reversed phase NEGATIVE ION MODE,Untargeted metabolomic analysis indicated that pth-Tn mutant bacteria enter dormancy.
ST005026,AN008541,4,15,HILIC UNSPECIFIED ION MODE,A non-canonical function of the tyrosine degradation enzyme FAH drives CDK4/6 inhibitor resistance in breast cancer
ST005032,AN008547,305,147,Reversed phase POSITIVE ION MODE,Exploring cardiometabolic markers in adverse pregnancy outcomes: insights from the GROWell study
ST005032,AN008548,146,147,Reversed phase NEGATIVE ION MODE,Exploring cardiometabolic markers in adverse pregnancy outcomes: insights from the GROWell study
ST005044,AN008575,66,19,HILIC NEGATIVE ION MODE,Metabolites from plasma-like medium fuel nitrogen metabolism and influence proliferation in Leptospira interrogans
ST005044,AN008576,45,19,HILIC POSITIVE ION MODE,Metabolites from plasma-like medium fuel nitrogen metabolism and influence proliferation in Leptospira interrogans
ST005046,AN008578,6,10,Reversed phase POSITIVE ION MODE,Using pure analytical synthetic rhodoquinone-9 standard to absolutely quantify rhodoquinone-9 extracted from mouse kidney mitochondria via standard spiking-in and standard curve.
ST005045,AN008579,12,26,Reversed phase POSITIVE ION MODE,"LC-MS concentration curves from serially diluted pure, synthetic rhodoquinone-9 and rhodoquinone-10 analytical standards samples (Part 1)"
ST005046,AN008580,6,10,Reversed phase POSITIVE ION MODE,Using pure analytical synthetic rhodoquinone-9 standard to absolutely quantify rhodoquinone-9 extracted from mouse kidney mitochondria via standard spiking-in and standard curve.
ST005051,AN008588,486,14,Reversed phase POSITIVE ION MODE,Effects of light quality and darkness on growth and nutritional partitioning of Auxenochlorella pyrenoidosa under glucose supplementation
ST005051,AN008589,23,14,Reversed phase NEGATIVE ION MODE,Effects of light quality and darkness on growth and nutritional partitioning of Auxenochlorella pyrenoidosa under glucose supplementation
ST005052,AN008590,2667,168,Reversed phase POSITIVE ION MODE,"Untargeted fecal metabolomics reveals persistent host species-associated metabolic differentiation among co-housed camels, yaks, horses, and Mongolian wild asses"
ST005052,AN008591,3000,168,Reversed phase NEGATIVE ION MODE,"Untargeted fecal metabolomics reveals persistent host species-associated metabolic differentiation among co-housed camels, yaks, horses, and Mongolian wild asses"
ST005059,AN008602,17,10,Reversed phase POSITIVE ION MODE,"Test stability of pure, synthetic rhodoquinone-10 analytical standard samples under ambient light, ultraviolet light, and in methanol solution."
ST005081,AN008642,141,12,HILIC NEGATIVE ION MODE,13C-pyruvate metabolic flux experiments on mature adipocytes.
ST005084,AN008646,24,15,HILIC POSITIVE ION MODE,"Detection of acty-CoA levels of iWAT adipocytes from Control, cKO and cKO;InsR-Tg mice."
ST005094,AN008668,325,1050,NMR data,Comprehensive NMR Metabolomic Profiling Reveals a Pro-Atherogenic Signature in Psoriasis
ST005097,AN008672,22,16,HILIC POSITIVE ION MODE,Dietary α‑Ketoglutarate Modulates Lung Adenocarcinoma Growth and Epigenetic Remodeling in a Sex-Dependent Fashion
ST005097,AN008673,72,16,HILIC NEGATIVE ION MODE,Dietary α‑Ketoglutarate Modulates Lung Adenocarcinoma Growth and Epigenetic Remodeling in a Sex-Dependent Fashion
ST005099,AN008676,61,11,HILIC POSITIVE ION MODE,Antifungal Compound Z247611722 Exhibits Antifungal Activity by Inhibiting Serine
ST005100,AN008677,61,6,HILIC POSITIVE ION MODE,Detection of acty-CoA levels of iWAT from Control and cKOERT mice.
ST005104,AN008686,327,11,HILIC NEGATIVE ION MODE,13C-glucose fatty acid metabolism
ST005105,AN008687,91,36,Reversed phase NEGATIVE ION MODE,Fatty acid-specific metabolomic remodeling in TERT-hWA adipocytes in response to oleic acid (C18:1) and caproic acid (C6:0) treatments.
ST005105,AN008688,166,36,Reversed phase POSITIVE ION MODE,Fatty acid-specific metabolomic remodeling in TERT-hWA adipocytes in response to oleic acid (C18:1) and caproic acid (C6:0) treatments.
ST005110,AN008697,81,8,HILIC NEGATIVE ION MODE,13C-glucose glycometabolism
ST005121,AN008717,964,48,Reversed phase POSITIVE ION MODE,Metabolomic comparison reveals distinct chemical profiles between agroforestry and farmland-cultivated Panax notoginseng roots
ST005121,AN008718,672,48,Reversed phase NEGATIVE ION MODE,Metabolomic comparison reveals distinct chemical profiles between agroforestry and farmland-cultivated Panax notoginseng roots
ST005132,AN008741,725,9,Reversed phase NEGATIVE ION MODE,Elevation of ALDH1A1 Ameliorates Adriamycin-induced Podocyte Injury by Modulating Lipid Metabolic Reprogramming
ST005132,AN008742,894,9,HILIC POSITIVE ION MODE,Elevation of ALDH1A1 Ameliorates Adriamycin-induced Podocyte Injury by Modulating Lipid Metabolic Reprogramming
