study_id,has_explicit_targeted_analysis,has_explicit_untargeted_analysis,study_assay_category,analysis_count
ST000001,False,False,neither_explicit_or_no_analysis,1
ST000002,False,False,neither_explicit_or_no_analysis,1
ST000003,False,False,neither_explicit_or_no_analysis,1
ST000004,False,False,neither_explicit_or_no_analysis,8
ST000005,False,False,neither_explicit_or_no_analysis,1
ST000006,False,False,neither_explicit_or_no_analysis,1
ST000007,False,False,neither_explicit_or_no_analysis,1
ST000009,False,True,untargeted_explicit_only,2
ST000010,False,True,untargeted_explicit_only,2
ST000011,False,False,neither_explicit_or_no_analysis,2
ST000012,False,False,neither_explicit_or_no_analysis,1
ST000013,False,False,neither_explicit_or_no_analysis,1
ST000014,False,False,neither_explicit_or_no_analysis,1
ST000015,False,False,neither_explicit_or_no_analysis,1
ST000016,False,False,neither_explicit_or_no_analysis,1
ST000017,False,False,neither_explicit_or_no_analysis,2
ST000019,False,False,neither_explicit_or_no_analysis,2
ST000020,False,False,neither_explicit_or_no_analysis,1
ST000022,False,False,neither_explicit_or_no_analysis,1
ST000025,False,False,neither_explicit_or_no_analysis,1
ST000026,False,False,neither_explicit_or_no_analysis,1
ST000027,False,False,neither_explicit_or_no_analysis,1
ST000028,False,False,neither_explicit_or_no_analysis,1
ST000029,False,False,neither_explicit_or_no_analysis,1
ST000030,False,False,neither_explicit_or_no_analysis,1
ST000031,False,False,neither_explicit_or_no_analysis,1
ST000032,False,False,neither_explicit_or_no_analysis,1
ST000033,False,False,neither_explicit_or_no_analysis,1
ST000034,False,False,neither_explicit_or_no_analysis,1
ST000035,False,False,neither_explicit_or_no_analysis,1
ST000036,False,False,neither_explicit_or_no_analysis,1
ST000037,False,False,neither_explicit_or_no_analysis,1
ST000038,False,False,neither_explicit_or_no_analysis,1
ST000039,False,False,neither_explicit_or_no_analysis,1
ST000040,False,False,neither_explicit_or_no_analysis,2
ST000041,False,False,neither_explicit_or_no_analysis,2
ST000042,False,False,neither_explicit_or_no_analysis,2
ST000043,False,False,neither_explicit_or_no_analysis,2
ST000044,False,False,neither_explicit_or_no_analysis,2
ST000045,False,True,untargeted_explicit_only,4
ST000046,False,True,untargeted_explicit_only,4
ST000047,False,True,untargeted_explicit_only,4
ST000048,False,False,neither_explicit_or_no_analysis,1
ST000049,False,False,neither_explicit_or_no_analysis,1
ST000050,False,False,neither_explicit_or_no_analysis,1
ST000051,False,False,neither_explicit_or_no_analysis,1
ST000054,False,False,neither_explicit_or_no_analysis,1
ST000055,False,False,neither_explicit_or_no_analysis,1
ST000056,False,False,neither_explicit_or_no_analysis,1
ST000057,False,False,neither_explicit_or_no_analysis,1
ST000058,False,False,neither_explicit_or_no_analysis,1
ST000061,False,False,neither_explicit_or_no_analysis,1
ST000062,False,False,neither_explicit_or_no_analysis,1
ST000063,False,False,neither_explicit_or_no_analysis,1
ST000065,False,False,neither_explicit_or_no_analysis,1
ST000069,False,False,neither_explicit_or_no_analysis,2
ST000070,False,False,neither_explicit_or_no_analysis,2
ST000071,False,False,neither_explicit_or_no_analysis,2
ST000072,False,True,untargeted_explicit_only,2
ST000073,False,False,neither_explicit_or_no_analysis,2
ST000074,False,True,untargeted_explicit_only,2
ST000075,False,False,neither_explicit_or_no_analysis,2
ST000076,False,False,neither_explicit_or_no_analysis,2
ST000077,False,False,neither_explicit_or_no_analysis,2
ST000081,False,False,neither_explicit_or_no_analysis,2
ST000082,False,False,neither_explicit_or_no_analysis,2
ST000083,False,False,neither_explicit_or_no_analysis,1
ST000084,False,False,neither_explicit_or_no_analysis,1
ST000085,False,False,neither_explicit_or_no_analysis,1
ST000087,False,False,neither_explicit_or_no_analysis,1
ST000089,False,False,neither_explicit_or_no_analysis,2
ST000090,False,True,untargeted_explicit_only,2
ST000091,False,False,neither_explicit_or_no_analysis,1
ST000092,False,False,neither_explicit_or_no_analysis,1
ST000093,False,False,neither_explicit_or_no_analysis,3
ST000095,False,False,neither_explicit_or_no_analysis,1
ST000096,False,False,neither_explicit_or_no_analysis,3
ST000097,False,False,neither_explicit_or_no_analysis,2
ST000098,False,False,neither_explicit_or_no_analysis,6
ST000099,False,False,neither_explicit_or_no_analysis,1
ST000100,False,False,neither_explicit_or_no_analysis,2
ST000101,False,False,neither_explicit_or_no_analysis,2
ST000102,False,False,neither_explicit_or_no_analysis,2
ST000103,False,False,neither_explicit_or_no_analysis,1
ST000104,False,False,neither_explicit_or_no_analysis,1
ST000105,False,False,neither_explicit_or_no_analysis,2
ST000106,False,False,neither_explicit_or_no_analysis,2
ST000107,False,False,neither_explicit_or_no_analysis,2
ST000110,False,False,neither_explicit_or_no_analysis,3
ST000111,False,False,neither_explicit_or_no_analysis,1
ST000113,False,False,neither_explicit_or_no_analysis,2
ST000114,False,False,neither_explicit_or_no_analysis,3
ST000115,False,False,neither_explicit_or_no_analysis,2
ST000116,False,False,neither_explicit_or_no_analysis,1
ST000117,False,False,neither_explicit_or_no_analysis,1
ST000118,False,False,neither_explicit_or_no_analysis,1
ST000119,False,False,neither_explicit_or_no_analysis,2
ST000120,False,False,neither_explicit_or_no_analysis,1
ST000121,False,False,neither_explicit_or_no_analysis,1
ST000122,False,False,neither_explicit_or_no_analysis,1
ST000133,False,False,neither_explicit_or_no_analysis,1
ST000134,False,False,neither_explicit_or_no_analysis,1
ST000135,False,False,neither_explicit_or_no_analysis,1
ST000136,False,False,neither_explicit_or_no_analysis,1
ST000137,False,False,neither_explicit_or_no_analysis,1
ST000138,False,False,neither_explicit_or_no_analysis,1
ST000140,False,False,neither_explicit_or_no_analysis,1
ST000142,False,False,neither_explicit_or_no_analysis,1
ST000143,False,False,neither_explicit_or_no_analysis,2
ST000144,False,False,neither_explicit_or_no_analysis,2
ST000145,False,False,neither_explicit_or_no_analysis,2
ST000146,False,False,neither_explicit_or_no_analysis,1
ST000147,False,False,neither_explicit_or_no_analysis,2
ST000148,False,False,neither_explicit_or_no_analysis,1
ST000149,False,False,neither_explicit_or_no_analysis,1
ST000150,False,False,neither_explicit_or_no_analysis,1
ST000153,False,False,neither_explicit_or_no_analysis,1
ST000154,False,False,neither_explicit_or_no_analysis,2
ST000155,False,False,neither_explicit_or_no_analysis,1
ST000156,False,False,neither_explicit_or_no_analysis,1
ST000157,False,False,neither_explicit_or_no_analysis,1
ST000158,False,False,neither_explicit_or_no_analysis,1
ST000159,False,False,neither_explicit_or_no_analysis,1
ST000160,False,False,neither_explicit_or_no_analysis,1
ST000161,False,False,neither_explicit_or_no_analysis,1
ST000162,False,False,neither_explicit_or_no_analysis,1
ST000163,False,True,untargeted_explicit_only,1
ST000164,False,False,neither_explicit_or_no_analysis,2
ST000165,False,False,neither_explicit_or_no_analysis,1
ST000166,False,False,neither_explicit_or_no_analysis,1
ST000167,False,False,neither_explicit_or_no_analysis,1
ST000168,False,False,neither_explicit_or_no_analysis,1
ST000169,False,False,neither_explicit_or_no_analysis,1
ST000170,False,False,neither_explicit_or_no_analysis,1
ST000171,False,False,neither_explicit_or_no_analysis,1
ST000172,False,False,neither_explicit_or_no_analysis,1
ST000173,False,False,neither_explicit_or_no_analysis,1
ST000174,False,False,neither_explicit_or_no_analysis,1
ST000176,False,False,neither_explicit_or_no_analysis,2
ST000178,False,False,neither_explicit_or_no_analysis,2
ST000180,False,False,neither_explicit_or_no_analysis,1
ST000181,False,False,neither_explicit_or_no_analysis,1
ST000182,False,False,neither_explicit_or_no_analysis,1
ST000183,False,False,neither_explicit_or_no_analysis,1
ST000185,False,False,neither_explicit_or_no_analysis,2
ST000188,False,False,neither_explicit_or_no_analysis,1
ST000189,False,False,neither_explicit_or_no_analysis,1
ST000190,False,False,neither_explicit_or_no_analysis,1
ST000191,False,False,neither_explicit_or_no_analysis,2
ST000192,False,False,neither_explicit_or_no_analysis,1
ST000193,False,False,neither_explicit_or_no_analysis,1
ST000194,False,False,neither_explicit_or_no_analysis,1
ST000195,False,False,neither_explicit_or_no_analysis,1
ST000196,False,False,neither_explicit_or_no_analysis,1
ST000198,False,False,neither_explicit_or_no_analysis,1
ST000199,False,False,neither_explicit_or_no_analysis,1
ST000201,False,False,neither_explicit_or_no_analysis,1
ST000202,False,False,neither_explicit_or_no_analysis,1
ST000203,False,False,neither_explicit_or_no_analysis,1
ST000206,False,False,neither_explicit_or_no_analysis,1
ST000207,False,False,neither_explicit_or_no_analysis,1
ST000209,False,False,neither_explicit_or_no_analysis,1
ST000211,False,False,neither_explicit_or_no_analysis,1
ST000212,False,False,neither_explicit_or_no_analysis,1
ST000213,False,False,neither_explicit_or_no_analysis,1
ST000215,False,False,neither_explicit_or_no_analysis,2
ST000218,False,False,neither_explicit_or_no_analysis,1
ST000220,False,False,neither_explicit_or_no_analysis,2
ST000221,False,False,neither_explicit_or_no_analysis,4
ST000222,False,False,neither_explicit_or_no_analysis,1
ST000223,False,False,neither_explicit_or_no_analysis,1
ST000224,False,False,neither_explicit_or_no_analysis,2
ST000225,False,False,neither_explicit_or_no_analysis,1
ST000226,False,False,neither_explicit_or_no_analysis,1
ST000228,False,False,neither_explicit_or_no_analysis,1
ST000229,False,False,neither_explicit_or_no_analysis,1
ST000230,False,False,neither_explicit_or_no_analysis,2
ST000231,False,False,neither_explicit_or_no_analysis,2
ST000232,False,True,untargeted_explicit_only,2
ST000233,False,False,neither_explicit_or_no_analysis,2
ST000234,False,False,neither_explicit_or_no_analysis,2
ST000235,False,True,untargeted_explicit_only,2
ST000236,False,False,neither_explicit_or_no_analysis,6
ST000237,False,False,neither_explicit_or_no_analysis,2
ST000239,False,True,untargeted_explicit_only,2
ST000240,False,True,untargeted_explicit_only,2
ST000241,False,False,neither_explicit_or_no_analysis,2
ST000242,False,True,untargeted_explicit_only,4
ST000243,False,False,neither_explicit_or_no_analysis,2
ST000244,False,True,untargeted_explicit_only,2
ST000245,False,False,neither_explicit_or_no_analysis,1
ST000246,False,False,neither_explicit_or_no_analysis,1
ST000247,False,False,neither_explicit_or_no_analysis,4
ST000248,False,False,neither_explicit_or_no_analysis,2
ST000249,False,False,neither_explicit_or_no_analysis,1
ST000250,False,False,neither_explicit_or_no_analysis,3
ST000251,False,False,neither_explicit_or_no_analysis,1
ST000252,False,False,neither_explicit_or_no_analysis,2
ST000253,False,False,neither_explicit_or_no_analysis,2
ST000254,False,False,neither_explicit_or_no_analysis,1
ST000255,False,False,neither_explicit_or_no_analysis,1
ST000256,False,False,neither_explicit_or_no_analysis,2
ST000257,False,False,neither_explicit_or_no_analysis,3
ST000258,False,False,neither_explicit_or_no_analysis,2
ST000259,False,False,neither_explicit_or_no_analysis,2
ST000260,False,False,neither_explicit_or_no_analysis,3
ST000261,False,False,neither_explicit_or_no_analysis,1
ST000262,False,False,neither_explicit_or_no_analysis,2
ST000263,False,False,neither_explicit_or_no_analysis,2
ST000264,False,False,neither_explicit_or_no_analysis,2
ST000265,False,False,neither_explicit_or_no_analysis,2
ST000266,False,False,neither_explicit_or_no_analysis,2
ST000267,False,False,neither_explicit_or_no_analysis,2
ST000268,False,False,neither_explicit_or_no_analysis,2
ST000269,False,False,neither_explicit_or_no_analysis,1
ST000270,False,True,untargeted_explicit_only,2
ST000271,False,False,neither_explicit_or_no_analysis,1
ST000272,False,False,neither_explicit_or_no_analysis,1
ST000273,False,False,neither_explicit_or_no_analysis,1
ST000274,False,False,neither_explicit_or_no_analysis,1
ST000275,False,False,neither_explicit_or_no_analysis,2
ST000276,False,False,neither_explicit_or_no_analysis,2
ST000277,False,False,neither_explicit_or_no_analysis,1
ST000278,False,False,neither_explicit_or_no_analysis,2
ST000279,False,False,neither_explicit_or_no_analysis,2
ST000282,False,False,neither_explicit_or_no_analysis,2
ST000283,False,False,neither_explicit_or_no_analysis,1
ST000284,False,False,neither_explicit_or_no_analysis,1
ST000285,False,False,neither_explicit_or_no_analysis,1
ST000286,False,True,untargeted_explicit_only,2
ST000287,False,False,neither_explicit_or_no_analysis,2
ST000288,False,True,untargeted_explicit_only,2
ST000289,False,True,untargeted_explicit_only,2
ST000290,False,True,untargeted_explicit_only,2
ST000291,False,True,untargeted_explicit_only,2
ST000292,False,True,untargeted_explicit_only,2
ST000293,False,False,neither_explicit_or_no_analysis,2
ST000294,False,True,untargeted_explicit_only,2
ST000295,False,False,neither_explicit_or_no_analysis,2
ST000296,False,False,neither_explicit_or_no_analysis,1
ST000297,False,False,neither_explicit_or_no_analysis,1
ST000298,False,False,neither_explicit_or_no_analysis,1
ST000299,False,False,neither_explicit_or_no_analysis,1
ST000300,False,False,neither_explicit_or_no_analysis,1
ST000301,False,False,neither_explicit_or_no_analysis,1
ST000302,False,False,neither_explicit_or_no_analysis,2
ST000303,False,False,neither_explicit_or_no_analysis,1
ST000304,False,False,neither_explicit_or_no_analysis,1
ST000305,False,False,neither_explicit_or_no_analysis,1
ST000306,False,False,neither_explicit_or_no_analysis,1
ST000307,False,False,neither_explicit_or_no_analysis,2
ST000308,False,False,neither_explicit_or_no_analysis,1
ST000309,False,False,neither_explicit_or_no_analysis,1
ST000310,False,True,untargeted_explicit_only,4
ST000311,False,True,untargeted_explicit_only,4
ST000312,False,False,neither_explicit_or_no_analysis,1
ST000313,False,False,neither_explicit_or_no_analysis,1
ST000314,False,False,neither_explicit_or_no_analysis,1
ST000315,False,False,neither_explicit_or_no_analysis,1
ST000316,False,False,neither_explicit_or_no_analysis,1
ST000317,False,False,neither_explicit_or_no_analysis,2
ST000318,False,False,neither_explicit_or_no_analysis,2
ST000319,False,False,neither_explicit_or_no_analysis,1
ST000320,False,False,neither_explicit_or_no_analysis,2
ST000321,False,False,neither_explicit_or_no_analysis,2
ST000322,False,False,neither_explicit_or_no_analysis,2
ST000323,False,False,neither_explicit_or_no_analysis,2
ST000324,False,False,neither_explicit_or_no_analysis,2
ST000325,False,False,neither_explicit_or_no_analysis,1
ST000326,False,False,neither_explicit_or_no_analysis,2
ST000327,False,False,neither_explicit_or_no_analysis,2
ST000328,False,False,neither_explicit_or_no_analysis,2
ST000329,False,False,neither_explicit_or_no_analysis,2
ST000330,False,False,neither_explicit_or_no_analysis,2
ST000331,False,False,neither_explicit_or_no_analysis,2
ST000332,False,False,neither_explicit_or_no_analysis,2
ST000335,False,True,untargeted_explicit_only,2
ST000336,False,False,neither_explicit_or_no_analysis,2
ST000337,False,False,neither_explicit_or_no_analysis,5
ST000338,False,False,neither_explicit_or_no_analysis,1
ST000339,False,False,neither_explicit_or_no_analysis,2
ST000340,False,False,neither_explicit_or_no_analysis,1
ST000341,False,False,neither_explicit_or_no_analysis,1
ST000342,False,False,neither_explicit_or_no_analysis,1
ST000343,False,False,neither_explicit_or_no_analysis,2
ST000344,False,False,neither_explicit_or_no_analysis,2
ST000346,False,False,neither_explicit_or_no_analysis,2
ST000347,False,False,neither_explicit_or_no_analysis,1
ST000348,False,False,neither_explicit_or_no_analysis,1
ST000349,False,False,neither_explicit_or_no_analysis,1
ST000350,False,False,neither_explicit_or_no_analysis,1
ST000351,False,False,neither_explicit_or_no_analysis,5
ST000352,False,False,neither_explicit_or_no_analysis,3
ST000353,False,False,neither_explicit_or_no_analysis,2
ST000354,False,False,neither_explicit_or_no_analysis,2
ST000355,False,False,neither_explicit_or_no_analysis,2
ST000356,False,False,neither_explicit_or_no_analysis,2
ST000357,False,True,untargeted_explicit_only,2
ST000358,False,True,untargeted_explicit_only,2
ST000359,False,True,untargeted_explicit_only,2
ST000361,False,True,untargeted_explicit_only,2
ST000362,False,False,neither_explicit_or_no_analysis,1
ST000363,False,True,untargeted_explicit_only,2
ST000364,False,False,neither_explicit_or_no_analysis,1
ST000365,False,False,neither_explicit_or_no_analysis,1
ST000366,False,False,neither_explicit_or_no_analysis,1
ST000367,False,False,neither_explicit_or_no_analysis,2
ST000368,False,False,neither_explicit_or_no_analysis,1
ST000369,False,False,neither_explicit_or_no_analysis,1
ST000370,False,False,neither_explicit_or_no_analysis,1
ST000371,False,False,neither_explicit_or_no_analysis,1
ST000372,False,False,neither_explicit_or_no_analysis,1
ST000373,False,False,neither_explicit_or_no_analysis,1
ST000374,False,False,neither_explicit_or_no_analysis,1
ST000375,False,False,neither_explicit_or_no_analysis,1
ST000376,False,False,neither_explicit_or_no_analysis,1
ST000377,False,False,neither_explicit_or_no_analysis,1
ST000378,False,False,neither_explicit_or_no_analysis,1
ST000379,False,False,neither_explicit_or_no_analysis,1
ST000380,False,False,neither_explicit_or_no_analysis,1
ST000381,False,False,neither_explicit_or_no_analysis,1
ST000382,False,True,untargeted_explicit_only,2
ST000383,False,False,neither_explicit_or_no_analysis,1
ST000384,False,False,neither_explicit_or_no_analysis,1
ST000385,False,False,neither_explicit_or_no_analysis,1
ST000386,False,False,neither_explicit_or_no_analysis,1
ST000387,False,False,neither_explicit_or_no_analysis,2
ST000388,False,False,neither_explicit_or_no_analysis,1
ST000389,False,False,neither_explicit_or_no_analysis,1
ST000390,False,False,neither_explicit_or_no_analysis,1
ST000391,False,True,untargeted_explicit_only,1
ST000392,False,False,neither_explicit_or_no_analysis,1
ST000393,False,False,neither_explicit_or_no_analysis,1
ST000394,False,True,untargeted_explicit_only,2
ST000395,False,False,neither_explicit_or_no_analysis,1
ST000396,False,False,neither_explicit_or_no_analysis,1
ST000397,False,False,neither_explicit_or_no_analysis,1
ST000398,False,False,neither_explicit_or_no_analysis,1
ST000399,False,True,untargeted_explicit_only,2
ST000400,False,True,untargeted_explicit_only,2
ST000401,False,False,neither_explicit_or_no_analysis,1
ST000402,False,False,neither_explicit_or_no_analysis,1
ST000403,False,False,neither_explicit_or_no_analysis,2
ST000404,False,False,neither_explicit_or_no_analysis,1
ST000405,False,False,neither_explicit_or_no_analysis,1
ST000406,False,False,neither_explicit_or_no_analysis,1
ST000407,False,False,neither_explicit_or_no_analysis,1
ST000408,False,False,neither_explicit_or_no_analysis,1
ST000409,False,False,neither_explicit_or_no_analysis,1
ST000410,False,False,neither_explicit_or_no_analysis,1
ST000411,False,False,neither_explicit_or_no_analysis,1
ST000412,False,False,neither_explicit_or_no_analysis,1
ST000413,False,True,untargeted_explicit_only,2
ST000414,False,False,neither_explicit_or_no_analysis,2
ST000415,False,False,neither_explicit_or_no_analysis,1
ST000416,False,False,neither_explicit_or_no_analysis,1
ST000417,False,False,neither_explicit_or_no_analysis,1
ST000418,False,False,neither_explicit_or_no_analysis,1
ST000419,False,False,neither_explicit_or_no_analysis,1
ST000420,False,False,neither_explicit_or_no_analysis,1
ST000421,False,True,untargeted_explicit_only,4
ST000422,False,True,untargeted_explicit_only,4
ST000423,False,False,neither_explicit_or_no_analysis,2
ST000424,False,True,untargeted_explicit_only,2
ST000425,False,False,neither_explicit_or_no_analysis,1
ST000426,False,False,neither_explicit_or_no_analysis,1
ST000427,False,False,neither_explicit_or_no_analysis,1
ST000428,False,False,neither_explicit_or_no_analysis,1
ST000429,False,False,neither_explicit_or_no_analysis,1
ST000430,False,False,neither_explicit_or_no_analysis,1
ST000431,False,False,neither_explicit_or_no_analysis,1
ST000432,False,False,neither_explicit_or_no_analysis,1
ST000433,False,False,neither_explicit_or_no_analysis,1
ST000434,False,False,neither_explicit_or_no_analysis,1
ST000435,False,False,neither_explicit_or_no_analysis,1
ST000436,False,True,untargeted_explicit_only,1
ST000437,False,False,neither_explicit_or_no_analysis,2
ST000438,False,False,neither_explicit_or_no_analysis,1
ST000439,False,False,neither_explicit_or_no_analysis,1
ST000440,False,False,neither_explicit_or_no_analysis,1
ST000441,False,False,neither_explicit_or_no_analysis,1
ST000442,False,False,neither_explicit_or_no_analysis,1
ST000443,False,False,neither_explicit_or_no_analysis,1
ST000444,False,False,neither_explicit_or_no_analysis,1
ST000445,False,False,neither_explicit_or_no_analysis,1
ST000446,False,True,untargeted_explicit_only,2
ST000448,False,False,neither_explicit_or_no_analysis,2
ST000449,False,False,neither_explicit_or_no_analysis,2
ST000450,False,False,neither_explicit_or_no_analysis,2
ST000451,False,False,neither_explicit_or_no_analysis,1
ST000452,False,False,neither_explicit_or_no_analysis,1
ST000453,False,True,untargeted_explicit_only,2
ST000454,False,False,neither_explicit_or_no_analysis,1
ST000455,False,False,neither_explicit_or_no_analysis,1
ST000456,False,False,neither_explicit_or_no_analysis,3
ST000457,False,False,neither_explicit_or_no_analysis,3
ST000458,False,False,neither_explicit_or_no_analysis,1
ST000459,False,False,neither_explicit_or_no_analysis,1
ST000460,False,False,neither_explicit_or_no_analysis,1
ST000461,False,False,neither_explicit_or_no_analysis,1
ST000462,False,False,neither_explicit_or_no_analysis,1
ST000463,False,False,neither_explicit_or_no_analysis,1
ST000464,False,False,neither_explicit_or_no_analysis,1
ST000465,False,False,neither_explicit_or_no_analysis,2
ST000466,False,False,neither_explicit_or_no_analysis,2
ST000467,False,True,untargeted_explicit_only,1
ST000468,False,False,neither_explicit_or_no_analysis,1
ST000469,False,False,neither_explicit_or_no_analysis,2
ST000470,False,False,neither_explicit_or_no_analysis,1
ST000471,False,False,neither_explicit_or_no_analysis,1
ST000472,False,False,neither_explicit_or_no_analysis,1
ST000473,False,False,neither_explicit_or_no_analysis,1
ST000474,False,False,neither_explicit_or_no_analysis,1
ST000475,False,True,untargeted_explicit_only,2
ST000476,False,True,untargeted_explicit_only,1
ST000477,False,False,neither_explicit_or_no_analysis,2
ST000478,False,False,neither_explicit_or_no_analysis,1
ST000479,False,False,neither_explicit_or_no_analysis,1
ST000480,False,False,neither_explicit_or_no_analysis,1
ST000481,False,True,untargeted_explicit_only,1
ST000482,False,False,neither_explicit_or_no_analysis,1
ST000483,False,False,neither_explicit_or_no_analysis,1
ST000484,False,False,neither_explicit_or_no_analysis,1
ST000485,False,False,neither_explicit_or_no_analysis,1
ST000486,False,False,neither_explicit_or_no_analysis,1
ST000487,False,False,neither_explicit_or_no_analysis,1
ST000488,False,False,neither_explicit_or_no_analysis,1
ST000489,False,False,neither_explicit_or_no_analysis,1
ST000490,False,False,neither_explicit_or_no_analysis,1
ST000491,False,False,neither_explicit_or_no_analysis,1
ST000492,False,False,neither_explicit_or_no_analysis,1
ST000493,False,False,neither_explicit_or_no_analysis,1
ST000494,False,False,neither_explicit_or_no_analysis,1
ST000495,False,False,neither_explicit_or_no_analysis,1
ST000496,False,False,neither_explicit_or_no_analysis,1
ST000497,False,False,neither_explicit_or_no_analysis,3
ST000498,False,False,neither_explicit_or_no_analysis,1
ST000499,False,False,neither_explicit_or_no_analysis,1
ST000500,False,False,neither_explicit_or_no_analysis,1
ST000501,False,False,neither_explicit_or_no_analysis,1
ST000502,False,False,neither_explicit_or_no_analysis,1
ST000503,False,False,neither_explicit_or_no_analysis,1
ST000504,False,False,neither_explicit_or_no_analysis,1
ST000505,False,False,neither_explicit_or_no_analysis,1
ST000506,False,False,neither_explicit_or_no_analysis,1
ST000507,False,False,neither_explicit_or_no_analysis,1
ST000508,False,False,neither_explicit_or_no_analysis,3
ST000509,False,False,neither_explicit_or_no_analysis,2
ST000510,False,False,neither_explicit_or_no_analysis,2
ST000511,False,False,neither_explicit_or_no_analysis,1
ST000512,False,False,neither_explicit_or_no_analysis,1
ST000513,False,False,neither_explicit_or_no_analysis,1
ST000514,False,False,neither_explicit_or_no_analysis,1
ST000515,False,True,untargeted_explicit_only,2
ST000516,False,False,neither_explicit_or_no_analysis,1
ST000517,False,False,neither_explicit_or_no_analysis,1
ST000518,False,False,neither_explicit_or_no_analysis,1
ST000519,False,False,neither_explicit_or_no_analysis,1
ST000520,False,False,neither_explicit_or_no_analysis,1
ST000521,False,False,neither_explicit_or_no_analysis,1
ST000522,False,False,neither_explicit_or_no_analysis,2
ST000523,False,True,untargeted_explicit_only,4
ST000524,False,False,neither_explicit_or_no_analysis,1
ST000525,False,False,neither_explicit_or_no_analysis,1
ST000526,False,False,neither_explicit_or_no_analysis,1
ST000527,False,False,neither_explicit_or_no_analysis,1
ST000528,False,True,untargeted_explicit_only,1
ST000529,False,True,untargeted_explicit_only,1
ST000530,False,True,untargeted_explicit_only,2
ST000531,False,False,neither_explicit_or_no_analysis,1
ST000532,False,False,neither_explicit_or_no_analysis,1
ST000533,False,False,neither_explicit_or_no_analysis,1
ST000534,False,False,neither_explicit_or_no_analysis,1
ST000535,False,False,neither_explicit_or_no_analysis,1
ST000536,False,False,neither_explicit_or_no_analysis,1
ST000537,False,False,neither_explicit_or_no_analysis,1
ST000538,False,False,neither_explicit_or_no_analysis,1
ST000539,False,False,neither_explicit_or_no_analysis,2
ST000540,False,True,untargeted_explicit_only,2
ST000541,False,False,neither_explicit_or_no_analysis,2
ST000542,False,False,neither_explicit_or_no_analysis,1
ST000543,False,False,neither_explicit_or_no_analysis,1
ST000544,False,False,neither_explicit_or_no_analysis,3
ST000545,False,False,neither_explicit_or_no_analysis,3
ST000546,False,False,neither_explicit_or_no_analysis,2
ST000547,False,True,untargeted_explicit_only,2
ST000548,False,False,neither_explicit_or_no_analysis,1
ST000549,False,False,neither_explicit_or_no_analysis,3
ST000550,False,False,neither_explicit_or_no_analysis,1
ST000551,False,True,untargeted_explicit_only,2
ST000552,False,True,untargeted_explicit_only,2
ST000553,False,False,neither_explicit_or_no_analysis,4
ST000554,False,True,untargeted_explicit_only,2
ST000555,False,True,untargeted_explicit_only,2
ST000556,False,True,untargeted_explicit_only,2
ST000557,False,False,neither_explicit_or_no_analysis,1
ST000558,False,True,untargeted_explicit_only,2
ST000559,False,True,untargeted_explicit_only,2
ST000560,False,True,untargeted_explicit_only,2
ST000561,False,False,neither_explicit_or_no_analysis,2
ST000562,False,False,neither_explicit_or_no_analysis,1
ST000563,False,False,neither_explicit_or_no_analysis,1
ST000564,False,False,neither_explicit_or_no_analysis,2
ST000565,False,False,neither_explicit_or_no_analysis,1
ST000566,False,True,untargeted_explicit_only,2
ST000567,False,True,untargeted_explicit_only,2
ST000568,False,False,neither_explicit_or_no_analysis,3
ST000569,False,False,neither_explicit_or_no_analysis,1
ST000570,False,False,neither_explicit_or_no_analysis,2
ST000571,False,True,untargeted_explicit_only,2
ST000572,False,True,untargeted_explicit_only,2
ST000573,False,False,neither_explicit_or_no_analysis,1
ST000574,False,False,neither_explicit_or_no_analysis,1
ST000575,False,False,neither_explicit_or_no_analysis,1
ST000576,False,False,neither_explicit_or_no_analysis,1
ST000577,False,False,neither_explicit_or_no_analysis,1
ST000578,False,True,untargeted_explicit_only,2
ST000579,False,False,neither_explicit_or_no_analysis,1
ST000580,False,False,neither_explicit_or_no_analysis,1
ST000581,False,False,neither_explicit_or_no_analysis,1
ST000582,False,False,neither_explicit_or_no_analysis,1
ST000583,False,True,untargeted_explicit_only,2
ST000584,False,True,untargeted_explicit_only,4
ST000585,False,True,untargeted_explicit_only,1
ST000586,False,False,neither_explicit_or_no_analysis,1
ST000587,False,False,neither_explicit_or_no_analysis,1
ST000588,False,False,neither_explicit_or_no_analysis,1
ST000589,False,False,neither_explicit_or_no_analysis,1
ST000590,False,False,neither_explicit_or_no_analysis,1
ST000591,False,False,neither_explicit_or_no_analysis,1
ST000592,False,True,untargeted_explicit_only,2
ST000593,False,False,neither_explicit_or_no_analysis,1
ST000594,False,False,neither_explicit_or_no_analysis,1
ST000595,False,True,untargeted_explicit_only,2
ST000596,False,True,untargeted_explicit_only,2
ST000597,False,False,neither_explicit_or_no_analysis,1
ST000598,False,False,neither_explicit_or_no_analysis,1
ST000599,False,True,untargeted_explicit_only,2
ST000600,False,False,neither_explicit_or_no_analysis,1
ST000601,False,True,untargeted_explicit_only,2
ST000602,False,False,neither_explicit_or_no_analysis,1
ST000603,False,False,neither_explicit_or_no_analysis,1
ST000604,False,True,untargeted_explicit_only,2
ST000605,False,False,neither_explicit_or_no_analysis,1
ST000606,False,False,neither_explicit_or_no_analysis,1
ST000607,False,False,neither_explicit_or_no_analysis,1
ST000608,False,False,neither_explicit_or_no_analysis,3
ST000609,False,True,untargeted_explicit_only,2
ST000610,False,True,untargeted_explicit_only,2
ST000611,False,False,neither_explicit_or_no_analysis,1
ST000612,False,False,neither_explicit_or_no_analysis,1
ST000613,False,False,neither_explicit_or_no_analysis,1
ST000614,False,False,neither_explicit_or_no_analysis,5
ST000615,False,False,neither_explicit_or_no_analysis,1
ST000616,False,False,neither_explicit_or_no_analysis,1
ST000617,False,False,neither_explicit_or_no_analysis,2
ST000618,False,True,untargeted_explicit_only,1
ST000619,False,False,neither_explicit_or_no_analysis,3
ST000620,False,False,neither_explicit_or_no_analysis,1
ST000621,False,True,untargeted_explicit_only,1
ST000622,False,True,untargeted_explicit_only,1
ST000623,False,False,neither_explicit_or_no_analysis,1
ST000624,False,False,neither_explicit_or_no_analysis,1
ST000625,False,True,untargeted_explicit_only,1
ST000626,False,True,untargeted_explicit_only,1
ST000627,False,True,untargeted_explicit_only,1
ST000628,False,False,neither_explicit_or_no_analysis,1
ST000629,False,False,neither_explicit_or_no_analysis,1
ST000630,False,False,neither_explicit_or_no_analysis,1
ST000631,False,False,neither_explicit_or_no_analysis,1
ST000632,False,False,neither_explicit_or_no_analysis,1
ST000633,False,False,neither_explicit_or_no_analysis,1
ST000634,False,False,neither_explicit_or_no_analysis,1
ST000635,False,False,neither_explicit_or_no_analysis,1
ST000636,False,False,neither_explicit_or_no_analysis,1
ST000637,False,False,neither_explicit_or_no_analysis,1
ST000638,False,False,neither_explicit_or_no_analysis,1
ST000639,False,False,neither_explicit_or_no_analysis,1
ST000640,False,False,neither_explicit_or_no_analysis,1
ST000641,False,False,neither_explicit_or_no_analysis,1
ST000642,False,False,neither_explicit_or_no_analysis,1
ST000643,False,False,neither_explicit_or_no_analysis,1
ST000644,False,False,neither_explicit_or_no_analysis,1
ST000645,False,False,neither_explicit_or_no_analysis,1
ST000646,False,False,neither_explicit_or_no_analysis,1
ST000647,False,False,neither_explicit_or_no_analysis,1
ST000648,False,False,neither_explicit_or_no_analysis,1
ST000649,False,False,neither_explicit_or_no_analysis,1
ST000650,False,False,neither_explicit_or_no_analysis,1
ST000651,False,True,untargeted_explicit_only,4
ST000652,False,True,untargeted_explicit_only,4
ST000653,False,True,untargeted_explicit_only,4
ST000654,False,True,untargeted_explicit_only,4
ST000655,False,True,untargeted_explicit_only,2
ST000656,False,True,untargeted_explicit_only,2
ST000657,False,True,untargeted_explicit_only,1
ST000658,False,True,untargeted_explicit_only,1
ST000659,False,False,neither_explicit_or_no_analysis,2
ST000660,False,True,untargeted_explicit_only,1
ST000661,False,False,neither_explicit_or_no_analysis,2
ST000662,False,False,neither_explicit_or_no_analysis,2
ST000663,False,False,neither_explicit_or_no_analysis,2
ST000664,False,False,neither_explicit_or_no_analysis,2
ST000665,False,False,neither_explicit_or_no_analysis,2
ST000666,False,False,neither_explicit_or_no_analysis,2
ST000667,False,False,neither_explicit_or_no_analysis,2
ST000668,False,False,neither_explicit_or_no_analysis,2
ST000669,False,False,neither_explicit_or_no_analysis,2
ST000670,False,False,neither_explicit_or_no_analysis,2
ST000671,False,False,neither_explicit_or_no_analysis,2
ST000672,False,False,neither_explicit_or_no_analysis,2
ST000673,False,False,neither_explicit_or_no_analysis,2
ST000674,False,False,neither_explicit_or_no_analysis,2
ST000675,False,False,neither_explicit_or_no_analysis,2
ST000676,False,False,neither_explicit_or_no_analysis,2
ST000677,False,False,neither_explicit_or_no_analysis,2
ST000678,False,False,neither_explicit_or_no_analysis,2
ST000679,False,False,neither_explicit_or_no_analysis,2
ST000680,False,False,neither_explicit_or_no_analysis,2
ST000681,False,False,neither_explicit_or_no_analysis,2
ST000682,False,False,neither_explicit_or_no_analysis,2
ST000683,False,False,neither_explicit_or_no_analysis,2
ST000684,False,False,neither_explicit_or_no_analysis,2
ST000685,False,False,neither_explicit_or_no_analysis,2
ST000686,False,False,neither_explicit_or_no_analysis,2
ST000687,False,False,neither_explicit_or_no_analysis,1
ST000688,False,False,neither_explicit_or_no_analysis,2
ST000689,False,True,untargeted_explicit_only,2
ST000690,False,False,neither_explicit_or_no_analysis,2
ST000691,False,True,untargeted_explicit_only,2
ST000692,False,False,neither_explicit_or_no_analysis,2
ST000693,False,True,untargeted_explicit_only,2
ST000694,False,True,untargeted_explicit_only,2
ST000695,False,True,untargeted_explicit_only,4
ST000696,False,True,untargeted_explicit_only,2
ST000697,False,False,neither_explicit_or_no_analysis,2
ST000698,False,True,untargeted_explicit_only,2
ST000699,False,False,neither_explicit_or_no_analysis,3
ST000701,False,False,neither_explicit_or_no_analysis,2
ST000702,False,True,untargeted_explicit_only,2
ST000703,False,False,neither_explicit_or_no_analysis,1
ST000704,False,False,neither_explicit_or_no_analysis,1
ST000705,False,True,untargeted_explicit_only,2
ST000706,False,False,neither_explicit_or_no_analysis,1
ST000707,False,False,neither_explicit_or_no_analysis,1
ST000708,False,True,untargeted_explicit_only,4
ST000710,False,False,neither_explicit_or_no_analysis,1
ST000711,False,True,untargeted_explicit_only,2
ST000712,False,False,neither_explicit_or_no_analysis,1
ST000713,False,False,neither_explicit_or_no_analysis,2
ST000714,False,True,untargeted_explicit_only,2
ST000715,False,False,neither_explicit_or_no_analysis,1
ST000717,False,False,neither_explicit_or_no_analysis,1
ST000718,False,False,neither_explicit_or_no_analysis,3
ST000720,False,False,neither_explicit_or_no_analysis,1
ST000721,False,True,untargeted_explicit_only,2
ST000722,False,True,untargeted_explicit_only,4
ST000723,False,False,neither_explicit_or_no_analysis,1
ST000724,False,True,untargeted_explicit_only,2
ST000725,False,True,untargeted_explicit_only,2
ST000726,False,True,untargeted_explicit_only,2
ST000727,False,False,neither_explicit_or_no_analysis,1
ST000728,False,False,neither_explicit_or_no_analysis,1
ST000729,False,False,neither_explicit_or_no_analysis,1
ST000732,False,False,neither_explicit_or_no_analysis,1
ST000733,False,False,neither_explicit_or_no_analysis,1
ST000734,False,False,neither_explicit_or_no_analysis,1
ST000735,False,False,neither_explicit_or_no_analysis,1
ST000736,False,False,neither_explicit_or_no_analysis,1
ST000737,False,False,neither_explicit_or_no_analysis,1
ST000740,False,False,neither_explicit_or_no_analysis,1
ST000741,False,True,untargeted_explicit_only,2
ST000742,False,True,untargeted_explicit_only,2
ST000743,False,True,untargeted_explicit_only,4
ST000744,False,True,untargeted_explicit_only,4
ST000745,False,True,untargeted_explicit_only,2
ST000746,False,True,untargeted_explicit_only,2
ST000747,False,False,neither_explicit_or_no_analysis,1
ST000748,False,True,untargeted_explicit_only,2
ST000749,False,False,neither_explicit_or_no_analysis,2
ST000750,False,True,untargeted_explicit_only,2
ST000751,False,True,untargeted_explicit_only,2
ST000752,False,False,neither_explicit_or_no_analysis,1
ST000753,False,False,neither_explicit_or_no_analysis,3
ST000755,False,False,neither_explicit_or_no_analysis,2
ST000756,False,True,untargeted_explicit_only,2
ST000757,False,False,neither_explicit_or_no_analysis,2
ST000758,False,True,untargeted_explicit_only,4
ST000759,False,True,untargeted_explicit_only,4
ST000760,False,False,neither_explicit_or_no_analysis,1
ST000761,False,False,neither_explicit_or_no_analysis,1
ST000762,False,False,neither_explicit_or_no_analysis,1
ST000763,False,True,untargeted_explicit_only,4
ST000766,False,True,untargeted_explicit_only,1
ST000767,False,False,neither_explicit_or_no_analysis,1
ST000768,False,True,untargeted_explicit_only,2
ST000769,False,False,neither_explicit_or_no_analysis,1
ST000770,False,False,neither_explicit_or_no_analysis,1
ST000771,False,False,neither_explicit_or_no_analysis,1
ST000774,False,False,neither_explicit_or_no_analysis,1
ST000775,False,False,neither_explicit_or_no_analysis,4
ST000776,False,False,neither_explicit_or_no_analysis,2
ST000777,False,False,neither_explicit_or_no_analysis,2
ST000778,False,False,neither_explicit_or_no_analysis,2
ST000779,False,False,neither_explicit_or_no_analysis,2
ST000780,False,False,neither_explicit_or_no_analysis,2
ST000781,False,False,neither_explicit_or_no_analysis,2
ST000782,False,False,neither_explicit_or_no_analysis,1
ST000783,False,False,neither_explicit_or_no_analysis,1
ST000784,False,False,neither_explicit_or_no_analysis,4
ST000785,False,False,neither_explicit_or_no_analysis,1
ST000786,False,True,untargeted_explicit_only,1
ST000787,False,True,untargeted_explicit_only,4
ST000788,False,True,untargeted_explicit_only,4
ST000789,False,True,untargeted_explicit_only,4
ST000790,False,False,neither_explicit_or_no_analysis,1
ST000791,False,False,neither_explicit_or_no_analysis,1
ST000792,False,True,untargeted_explicit_only,4
ST000793,False,False,neither_explicit_or_no_analysis,1
ST000794,False,False,neither_explicit_or_no_analysis,1
ST000795,False,False,neither_explicit_or_no_analysis,1
ST000796,False,False,neither_explicit_or_no_analysis,1
ST000797,False,False,neither_explicit_or_no_analysis,1
ST000798,False,False,neither_explicit_or_no_analysis,1
ST000799,False,False,neither_explicit_or_no_analysis,1
ST000800,False,True,untargeted_explicit_only,2
ST000801,False,True,untargeted_explicit_only,1
ST000802,False,False,neither_explicit_or_no_analysis,1
ST000813,False,True,untargeted_explicit_only,1
ST000814,False,True,untargeted_explicit_only,2
ST000815,False,False,neither_explicit_or_no_analysis,3
ST000816,False,True,untargeted_explicit_only,2
ST000817,False,False,neither_explicit_or_no_analysis,1
ST000818,False,True,untargeted_explicit_only,4
ST000819,False,False,neither_explicit_or_no_analysis,3
ST000820,False,False,neither_explicit_or_no_analysis,1
ST000821,False,False,neither_explicit_or_no_analysis,1
ST000822,False,False,neither_explicit_or_no_analysis,1
ST000823,False,True,untargeted_explicit_only,4
ST000824,False,False,neither_explicit_or_no_analysis,1
ST000825,False,False,neither_explicit_or_no_analysis,3
ST000826,False,False,neither_explicit_or_no_analysis,1
ST000827,False,False,neither_explicit_or_no_analysis,2
ST000828,False,False,neither_explicit_or_no_analysis,4
ST000829,False,False,neither_explicit_or_no_analysis,2
ST000830,False,False,neither_explicit_or_no_analysis,2
ST000831,False,False,neither_explicit_or_no_analysis,1
ST000832,False,False,neither_explicit_or_no_analysis,3
ST000833,False,False,neither_explicit_or_no_analysis,3
ST000834,False,False,neither_explicit_or_no_analysis,2
ST000835,False,False,neither_explicit_or_no_analysis,2
ST000836,False,False,neither_explicit_or_no_analysis,2
ST000837,False,False,neither_explicit_or_no_analysis,2
ST000838,False,False,neither_explicit_or_no_analysis,3
ST000839,False,False,neither_explicit_or_no_analysis,2
ST000840,False,False,neither_explicit_or_no_analysis,2
ST000841,False,True,untargeted_explicit_only,7
ST000842,False,True,untargeted_explicit_only,8
ST000843,False,False,neither_explicit_or_no_analysis,2
ST000844,False,False,neither_explicit_or_no_analysis,2
ST000845,False,True,untargeted_explicit_only,1
ST000846,False,False,neither_explicit_or_no_analysis,2
ST000847,False,True,untargeted_explicit_only,1
ST000848,False,False,neither_explicit_or_no_analysis,1
ST000849,False,False,neither_explicit_or_no_analysis,1
ST000850,False,False,neither_explicit_or_no_analysis,1
ST000851,False,False,neither_explicit_or_no_analysis,1
ST000852,False,False,neither_explicit_or_no_analysis,1
ST000853,False,False,neither_explicit_or_no_analysis,1
ST000854,False,False,neither_explicit_or_no_analysis,1
ST000855,False,True,untargeted_explicit_only,2
ST000856,False,False,neither_explicit_or_no_analysis,1
ST000857,False,False,neither_explicit_or_no_analysis,1
ST000858,False,False,neither_explicit_or_no_analysis,1
ST000859,False,False,neither_explicit_or_no_analysis,1
ST000860,False,False,neither_explicit_or_no_analysis,1
ST000861,False,False,neither_explicit_or_no_analysis,1
ST000862,False,False,neither_explicit_or_no_analysis,1
ST000863,False,False,neither_explicit_or_no_analysis,1
ST000864,False,False,neither_explicit_or_no_analysis,1
ST000865,False,False,neither_explicit_or_no_analysis,1
ST000866,False,True,untargeted_explicit_only,4
ST000867,False,False,neither_explicit_or_no_analysis,3
ST000868,False,True,untargeted_explicit_only,1
ST000869,False,True,untargeted_explicit_only,3
ST000870,False,True,untargeted_explicit_only,1
ST000871,False,True,untargeted_explicit_only,1
ST000872,False,False,neither_explicit_or_no_analysis,2
ST000873,False,False,neither_explicit_or_no_analysis,2
ST000875,False,False,neither_explicit_or_no_analysis,1
ST000876,False,False,neither_explicit_or_no_analysis,1
ST000877,False,True,untargeted_explicit_only,2
ST000878,False,True,untargeted_explicit_only,1
ST000879,False,True,untargeted_explicit_only,4
ST000880,False,True,untargeted_explicit_only,4
ST000881,False,True,untargeted_explicit_only,1
ST000882,False,False,neither_explicit_or_no_analysis,2
ST000883,False,False,neither_explicit_or_no_analysis,1
ST000884,False,True,untargeted_explicit_only,1
ST000885,False,False,neither_explicit_or_no_analysis,1
ST000886,False,True,untargeted_explicit_only,2
ST000887,False,True,untargeted_explicit_only,1
ST000888,False,True,untargeted_explicit_only,1
ST000889,False,False,neither_explicit_or_no_analysis,1
ST000890,False,False,neither_explicit_or_no_analysis,1
ST000891,False,False,neither_explicit_or_no_analysis,1
ST000892,False,False,neither_explicit_or_no_analysis,1
ST000893,False,False,neither_explicit_or_no_analysis,1
ST000894,False,False,neither_explicit_or_no_analysis,1
ST000895,False,False,neither_explicit_or_no_analysis,1
ST000896,False,False,neither_explicit_or_no_analysis,1
ST000897,False,False,neither_explicit_or_no_analysis,1
ST000898,False,True,untargeted_explicit_only,2
ST000899,False,False,neither_explicit_or_no_analysis,4
ST000900,False,True,untargeted_explicit_only,1
ST000901,False,False,neither_explicit_or_no_analysis,1
ST000902,False,False,neither_explicit_or_no_analysis,1
ST000903,False,False,neither_explicit_or_no_analysis,2
ST000904,False,False,neither_explicit_or_no_analysis,1
ST000905,False,False,neither_explicit_or_no_analysis,1
ST000906,False,False,neither_explicit_or_no_analysis,1
ST000907,False,False,neither_explicit_or_no_analysis,1
ST000908,False,False,neither_explicit_or_no_analysis,1
ST000909,False,True,untargeted_explicit_only,2
ST000910,False,True,untargeted_explicit_only,1
ST000911,False,False,neither_explicit_or_no_analysis,1
ST000912,False,True,untargeted_explicit_only,1
ST000913,False,True,untargeted_explicit_only,1
ST000914,False,False,neither_explicit_or_no_analysis,1
ST000915,False,False,neither_explicit_or_no_analysis,6
ST000916,False,False,neither_explicit_or_no_analysis,6
ST000917,False,False,neither_explicit_or_no_analysis,4
ST000918,False,True,untargeted_explicit_only,3
ST000919,False,True,untargeted_explicit_only,2
ST000920,False,True,untargeted_explicit_only,2
ST000921,False,True,untargeted_explicit_only,1
ST000922,False,True,untargeted_explicit_only,2
ST000923,False,True,untargeted_explicit_only,4
ST000924,False,False,neither_explicit_or_no_analysis,1
ST000925,False,False,neither_explicit_or_no_analysis,1
ST000926,False,False,neither_explicit_or_no_analysis,1
ST000927,False,False,neither_explicit_or_no_analysis,1
ST000928,False,False,neither_explicit_or_no_analysis,1
ST000929,False,True,untargeted_explicit_only,1
ST000930,False,False,neither_explicit_or_no_analysis,1
ST000931,False,True,untargeted_explicit_only,2
ST000932,False,True,untargeted_explicit_only,2
ST000933,False,False,neither_explicit_or_no_analysis,2
ST000934,False,True,untargeted_explicit_only,1
ST000935,False,True,untargeted_explicit_only,2
ST000936,False,True,untargeted_explicit_only,2
ST000937,False,True,untargeted_explicit_only,2
ST000938,False,False,neither_explicit_or_no_analysis,2
ST000939,False,False,neither_explicit_or_no_analysis,1
ST000940,False,True,untargeted_explicit_only,2
ST000941,False,True,untargeted_explicit_only,2
ST000942,False,True,untargeted_explicit_only,2
ST000943,False,True,untargeted_explicit_only,2
ST000944,False,False,neither_explicit_or_no_analysis,2
ST000945,False,False,neither_explicit_or_no_analysis,1
ST000946,False,True,untargeted_explicit_only,2
ST000947,False,False,neither_explicit_or_no_analysis,2
ST000948,False,False,neither_explicit_or_no_analysis,2
ST000949,True,False,targeted_explicit_only,1
ST000950,True,False,targeted_explicit_only,1
ST000951,True,False,targeted_explicit_only,1
ST000952,True,False,targeted_explicit_only,1
ST000953,False,True,untargeted_explicit_only,2
ST000954,False,True,untargeted_explicit_only,2
ST000955,False,True,untargeted_explicit_only,2
ST000956,False,True,untargeted_explicit_only,2
ST000957,False,True,untargeted_explicit_only,2
ST000958,False,False,neither_explicit_or_no_analysis,1
ST000959,False,False,neither_explicit_or_no_analysis,1
ST000960,False,False,neither_explicit_or_no_analysis,1
ST000961,False,False,neither_explicit_or_no_analysis,1
ST000962,False,True,untargeted_explicit_only,1
ST000963,False,False,neither_explicit_or_no_analysis,1
ST000964,False,False,neither_explicit_or_no_analysis,1
ST000965,False,False,neither_explicit_or_no_analysis,1
ST000966,False,False,neither_explicit_or_no_analysis,1
ST000967,False,True,untargeted_explicit_only,1
ST000968,False,True,untargeted_explicit_only,1
ST000969,False,True,untargeted_explicit_only,1
ST000971,False,True,untargeted_explicit_only,4
ST000972,False,True,untargeted_explicit_only,2
ST000973,False,True,untargeted_explicit_only,1
ST000974,False,True,untargeted_explicit_only,1
ST000975,False,True,untargeted_explicit_only,1
ST000976,False,True,untargeted_explicit_only,1
ST000977,False,False,neither_explicit_or_no_analysis,4
ST000978,False,False,neither_explicit_or_no_analysis,1
ST000979,False,True,untargeted_explicit_only,1
ST000980,False,True,untargeted_explicit_only,3
ST000981,False,True,untargeted_explicit_only,1
ST000982,False,False,neither_explicit_or_no_analysis,1
ST000983,False,True,untargeted_explicit_only,1
ST000984,False,True,untargeted_explicit_only,1
ST000985,False,True,untargeted_explicit_only,1
ST000986,False,True,untargeted_explicit_only,1
ST000987,False,True,untargeted_explicit_only,1
ST000988,False,True,untargeted_explicit_only,1
ST000989,False,True,untargeted_explicit_only,1
ST000990,False,True,untargeted_explicit_only,1
ST000991,False,True,untargeted_explicit_only,1
ST000992,False,True,untargeted_explicit_only,4
ST000993,False,False,neither_explicit_or_no_analysis,1
ST000994,False,False,neither_explicit_or_no_analysis,1
ST000995,False,False,neither_explicit_or_no_analysis,1
ST000996,False,False,neither_explicit_or_no_analysis,1
ST000997,False,False,neither_explicit_or_no_analysis,1
ST000998,False,False,neither_explicit_or_no_analysis,1
ST000999,False,False,neither_explicit_or_no_analysis,1
ST001000,False,True,untargeted_explicit_only,4
ST001002,False,True,untargeted_explicit_only,4
ST001003,False,True,untargeted_explicit_only,4
ST001004,False,True,untargeted_explicit_only,2
ST001005,False,False,neither_explicit_or_no_analysis,1
ST001006,False,False,neither_explicit_or_no_analysis,1
ST001007,False,False,neither_explicit_or_no_analysis,1
ST001008,False,False,neither_explicit_or_no_analysis,1
ST001009,False,False,neither_explicit_or_no_analysis,1
ST001010,False,False,neither_explicit_or_no_analysis,1
ST001011,False,False,neither_explicit_or_no_analysis,1
ST001012,False,False,neither_explicit_or_no_analysis,1
ST001013,False,False,neither_explicit_or_no_analysis,1
ST001014,False,False,neither_explicit_or_no_analysis,1
ST001015,False,False,neither_explicit_or_no_analysis,1
ST001016,False,False,neither_explicit_or_no_analysis,1
ST001017,False,True,untargeted_explicit_only,4
ST001018,False,True,untargeted_explicit_only,4
ST001019,False,False,neither_explicit_or_no_analysis,1
ST001020,False,True,untargeted_explicit_only,4
ST001021,False,True,untargeted_explicit_only,4
ST001022,False,True,untargeted_explicit_only,4
ST001023,False,False,neither_explicit_or_no_analysis,1
ST001024,False,False,neither_explicit_or_no_analysis,1
ST001025,False,False,neither_explicit_or_no_analysis,1
ST001026,False,False,neither_explicit_or_no_analysis,1
ST001027,False,True,untargeted_explicit_only,2
ST001028,False,True,untargeted_explicit_only,1
ST001029,False,True,untargeted_explicit_only,2
ST001030,False,True,untargeted_explicit_only,2
ST001031,False,False,neither_explicit_or_no_analysis,1
ST001032,False,False,neither_explicit_or_no_analysis,2
ST001033,False,False,neither_explicit_or_no_analysis,1
ST001034,False,True,untargeted_explicit_only,1
ST001035,False,False,neither_explicit_or_no_analysis,1
ST001036,False,False,neither_explicit_or_no_analysis,1
ST001037,False,True,untargeted_explicit_only,1
ST001038,False,False,neither_explicit_or_no_analysis,1
ST001039,False,True,untargeted_explicit_only,2
ST001040,False,True,untargeted_explicit_only,2
ST001041,False,False,neither_explicit_or_no_analysis,1
ST001042,False,True,untargeted_explicit_only,1
ST001044,True,False,targeted_explicit_only,1
ST001045,True,False,targeted_explicit_only,1
ST001046,True,False,targeted_explicit_only,1
ST001047,False,False,neither_explicit_or_no_analysis,1
ST001048,False,True,untargeted_explicit_only,2
ST001049,True,False,targeted_explicit_only,1
ST001050,True,False,targeted_explicit_only,1
ST001051,False,True,untargeted_explicit_only,1
ST001052,False,False,neither_explicit_or_no_analysis,1
ST001053,False,False,neither_explicit_or_no_analysis,1
ST001054,False,False,neither_explicit_or_no_analysis,1
ST001055,False,False,neither_explicit_or_no_analysis,1
ST001056,False,False,neither_explicit_or_no_analysis,1
ST001057,False,False,neither_explicit_or_no_analysis,1
ST001058,False,False,neither_explicit_or_no_analysis,2
ST001059,False,False,neither_explicit_or_no_analysis,1
ST001060,False,False,neither_explicit_or_no_analysis,1
ST001061,False,False,neither_explicit_or_no_analysis,2
ST001062,False,False,neither_explicit_or_no_analysis,3
ST001063,False,True,untargeted_explicit_only,2
ST001064,False,False,neither_explicit_or_no_analysis,1
ST001065,False,True,untargeted_explicit_only,2
ST001066,False,True,untargeted_explicit_only,2
ST001067,False,True,untargeted_explicit_only,2
ST001068,False,True,untargeted_explicit_only,2
ST001069,False,False,neither_explicit_or_no_analysis,2
ST001070,False,False,neither_explicit_or_no_analysis,1
ST001071,False,False,neither_explicit_or_no_analysis,1
ST001072,False,False,neither_explicit_or_no_analysis,1
ST001073,False,False,neither_explicit_or_no_analysis,1
ST001074,False,False,neither_explicit_or_no_analysis,1
ST001075,False,True,untargeted_explicit_only,1
ST001076,False,False,neither_explicit_or_no_analysis,1
ST001077,False,True,untargeted_explicit_only,1
ST001078,False,False,neither_explicit_or_no_analysis,1
ST001079,False,True,untargeted_explicit_only,2
ST001080,False,True,untargeted_explicit_only,1
ST001081,False,True,untargeted_explicit_only,2
ST001082,False,True,untargeted_explicit_only,2
ST001083,False,False,neither_explicit_or_no_analysis,1
ST001084,False,True,untargeted_explicit_only,1
ST001085,False,True,untargeted_explicit_only,1
ST001086,False,False,neither_explicit_or_no_analysis,1
ST001087,False,True,untargeted_explicit_only,1
ST001088,False,False,neither_explicit_or_no_analysis,1
ST001089,False,False,neither_explicit_or_no_analysis,1
ST001090,False,False,neither_explicit_or_no_analysis,1
ST001091,False,True,untargeted_explicit_only,2
ST001092,False,False,neither_explicit_or_no_analysis,1
ST001093,False,True,untargeted_explicit_only,1
ST001094,False,True,untargeted_explicit_only,1
ST001095,False,True,untargeted_explicit_only,2
ST001096,False,True,untargeted_explicit_only,2
ST001097,False,False,neither_explicit_or_no_analysis,1
ST001098,False,False,neither_explicit_or_no_analysis,1
ST001099,False,True,untargeted_explicit_only,2
ST001101,False,False,neither_explicit_or_no_analysis,1
ST001102,False,False,neither_explicit_or_no_analysis,2
ST001103,False,False,neither_explicit_or_no_analysis,1
ST001104,False,True,untargeted_explicit_only,2
ST001105,False,False,neither_explicit_or_no_analysis,1
ST001106,False,False,neither_explicit_or_no_analysis,2
ST001107,False,False,neither_explicit_or_no_analysis,1
ST001108,False,False,neither_explicit_or_no_analysis,1
ST001109,False,False,neither_explicit_or_no_analysis,1
ST001110,False,False,neither_explicit_or_no_analysis,1
ST001111,False,False,neither_explicit_or_no_analysis,2
ST001112,False,False,neither_explicit_or_no_analysis,2
ST001113,False,False,neither_explicit_or_no_analysis,1
ST001114,False,False,neither_explicit_or_no_analysis,1
ST001115,False,False,neither_explicit_or_no_analysis,1
ST001116,False,False,neither_explicit_or_no_analysis,1
ST001117,False,True,untargeted_explicit_only,4
ST001118,False,False,neither_explicit_or_no_analysis,1
ST001119,False,False,neither_explicit_or_no_analysis,2
ST001120,False,True,untargeted_explicit_only,2
ST001121,False,False,neither_explicit_or_no_analysis,1
ST001122,False,False,neither_explicit_or_no_analysis,1
ST001124,False,False,neither_explicit_or_no_analysis,1
ST001125,False,True,untargeted_explicit_only,1
ST001126,False,True,untargeted_explicit_only,1
ST001127,False,True,untargeted_explicit_only,1
ST001128,False,False,neither_explicit_or_no_analysis,1
ST001129,False,False,neither_explicit_or_no_analysis,1
ST001130,False,True,untargeted_explicit_only,1
ST001131,False,False,neither_explicit_or_no_analysis,1
ST001132,False,True,untargeted_explicit_only,1
ST001133,False,True,untargeted_explicit_only,1
ST001134,False,False,neither_explicit_or_no_analysis,1
ST001135,False,False,neither_explicit_or_no_analysis,2
ST001136,False,False,neither_explicit_or_no_analysis,2
ST001138,False,False,neither_explicit_or_no_analysis,1
ST001139,False,False,neither_explicit_or_no_analysis,1
ST001140,False,False,neither_explicit_or_no_analysis,4
ST001141,False,False,neither_explicit_or_no_analysis,1
ST001142,False,False,neither_explicit_or_no_analysis,3
ST001143,False,False,neither_explicit_or_no_analysis,4
ST001144,False,False,neither_explicit_or_no_analysis,4
ST001145,False,True,untargeted_explicit_only,1
ST001146,False,True,untargeted_explicit_only,1
ST001147,False,True,untargeted_explicit_only,1
ST001148,False,False,neither_explicit_or_no_analysis,3
ST001149,False,False,neither_explicit_or_no_analysis,1
ST001150,False,True,untargeted_explicit_only,2
ST001151,False,False,neither_explicit_or_no_analysis,1
ST001152,False,True,untargeted_explicit_only,3
ST001153,False,False,neither_explicit_or_no_analysis,1
ST001154,False,False,neither_explicit_or_no_analysis,7
ST001155,False,True,untargeted_explicit_only,2
ST001156,False,True,untargeted_explicit_only,2
ST001157,False,False,neither_explicit_or_no_analysis,1
ST001158,False,False,neither_explicit_or_no_analysis,1
ST001159,False,False,neither_explicit_or_no_analysis,1
ST001160,False,False,neither_explicit_or_no_analysis,1
ST001161,False,True,untargeted_explicit_only,2
ST001162,False,True,untargeted_explicit_only,2
ST001163,False,True,untargeted_explicit_only,2
ST001164,False,True,untargeted_explicit_only,1
ST001165,False,False,neither_explicit_or_no_analysis,2
ST001166,False,False,neither_explicit_or_no_analysis,1
ST001167,False,False,neither_explicit_or_no_analysis,2
ST001168,False,True,untargeted_explicit_only,2
ST001169,False,True,untargeted_explicit_only,2
ST001170,False,True,untargeted_explicit_only,1
ST001171,False,True,untargeted_explicit_only,1
ST001172,False,True,untargeted_explicit_only,4
ST001173,False,False,neither_explicit_or_no_analysis,1
ST001174,False,False,neither_explicit_or_no_analysis,1
ST001175,False,False,neither_explicit_or_no_analysis,2
ST001176,False,False,neither_explicit_or_no_analysis,1
ST001177,False,True,untargeted_explicit_only,1
ST001178,False,False,neither_explicit_or_no_analysis,2
ST001179,False,False,neither_explicit_or_no_analysis,2
ST001180,False,False,neither_explicit_or_no_analysis,1
ST001181,False,True,untargeted_explicit_only,1
ST001182,False,False,neither_explicit_or_no_analysis,1
ST001183,False,False,neither_explicit_or_no_analysis,1
ST001184,False,True,untargeted_explicit_only,5
ST001185,False,True,untargeted_explicit_only,3
ST001186,False,True,untargeted_explicit_only,4
ST001187,False,True,untargeted_explicit_only,1
ST001188,False,False,neither_explicit_or_no_analysis,1
ST001189,False,False,neither_explicit_or_no_analysis,1
ST001190,False,False,neither_explicit_or_no_analysis,1
ST001191,False,False,neither_explicit_or_no_analysis,1
ST001192,False,True,untargeted_explicit_only,4
ST001193,False,True,untargeted_explicit_only,2
ST001194,False,True,untargeted_explicit_only,1
ST001195,False,True,untargeted_explicit_only,1
ST001196,False,True,untargeted_explicit_only,1
ST001197,False,False,neither_explicit_or_no_analysis,1
ST001198,False,False,neither_explicit_or_no_analysis,1
ST001199,False,True,untargeted_explicit_only,1
ST001200,False,True,untargeted_explicit_only,2
ST001201,False,False,neither_explicit_or_no_analysis,2
ST001202,False,False,neither_explicit_or_no_analysis,2
ST001204,False,False,neither_explicit_or_no_analysis,2
ST001205,False,False,neither_explicit_or_no_analysis,2
ST001206,False,False,neither_explicit_or_no_analysis,1
ST001207,False,False,neither_explicit_or_no_analysis,1
ST001208,False,True,untargeted_explicit_only,2
ST001209,False,False,neither_explicit_or_no_analysis,2
ST001210,False,False,neither_explicit_or_no_analysis,2
ST001211,False,True,untargeted_explicit_only,4
ST001212,False,True,untargeted_explicit_only,4
ST001213,False,False,neither_explicit_or_no_analysis,1
ST001214,False,False,neither_explicit_or_no_analysis,1
ST001215,False,False,neither_explicit_or_no_analysis,1
ST001216,False,True,untargeted_explicit_only,2
ST001217,False,True,untargeted_explicit_only,2
ST001218,False,False,neither_explicit_or_no_analysis,1
ST001219,False,False,neither_explicit_or_no_analysis,1
ST001220,False,True,untargeted_explicit_only,1
ST001221,False,True,untargeted_explicit_only,1
ST001222,False,False,neither_explicit_or_no_analysis,1
ST001223,False,True,untargeted_explicit_only,1
ST001224,False,True,untargeted_explicit_only,1
ST001225,False,False,neither_explicit_or_no_analysis,1
ST001226,False,False,neither_explicit_or_no_analysis,1
ST001227,False,False,neither_explicit_or_no_analysis,1
ST001228,False,False,neither_explicit_or_no_analysis,1
ST001229,False,False,neither_explicit_or_no_analysis,1
ST001230,False,False,neither_explicit_or_no_analysis,1
ST001231,False,True,untargeted_explicit_only,2
ST001232,False,False,neither_explicit_or_no_analysis,1
ST001234,False,False,neither_explicit_or_no_analysis,1
ST001235,False,False,neither_explicit_or_no_analysis,1
ST001236,False,False,neither_explicit_or_no_analysis,1
ST001237,False,False,neither_explicit_or_no_analysis,1
ST001238,False,False,neither_explicit_or_no_analysis,2
ST001239,False,False,neither_explicit_or_no_analysis,1
ST001240,False,False,neither_explicit_or_no_analysis,2
ST001241,False,False,neither_explicit_or_no_analysis,2
ST001242,False,False,neither_explicit_or_no_analysis,2
ST001243,False,False,neither_explicit_or_no_analysis,2
ST001244,False,True,untargeted_explicit_only,1
ST001245,False,False,neither_explicit_or_no_analysis,2
ST001246,False,False,neither_explicit_or_no_analysis,1
ST001247,False,True,untargeted_explicit_only,1
ST001248,False,True,untargeted_explicit_only,1
ST001249,False,True,untargeted_explicit_only,2
ST001250,False,False,neither_explicit_or_no_analysis,2
ST001251,False,False,neither_explicit_or_no_analysis,1
ST001252,False,False,neither_explicit_or_no_analysis,1
ST001253,False,False,neither_explicit_or_no_analysis,4
ST001254,False,False,neither_explicit_or_no_analysis,1
ST001255,False,True,untargeted_explicit_only,1
ST001256,False,False,neither_explicit_or_no_analysis,1
ST001257,False,True,untargeted_explicit_only,1
ST001258,False,False,neither_explicit_or_no_analysis,2
ST001259,False,False,neither_explicit_or_no_analysis,1
ST001260,False,False,neither_explicit_or_no_analysis,2
ST001261,False,False,neither_explicit_or_no_analysis,2
ST001262,False,True,untargeted_explicit_only,2
ST001263,False,True,untargeted_explicit_only,4
ST001264,False,True,untargeted_explicit_only,2
ST001265,False,False,neither_explicit_or_no_analysis,1
ST001266,False,True,untargeted_explicit_only,1
ST001267,False,False,neither_explicit_or_no_analysis,1
ST001268,False,True,untargeted_explicit_only,4
ST001269,False,False,neither_explicit_or_no_analysis,1
ST001270,False,False,neither_explicit_or_no_analysis,1
ST001271,False,True,untargeted_explicit_only,1
ST001272,False,False,neither_explicit_or_no_analysis,1
ST001273,False,False,neither_explicit_or_no_analysis,2
ST001274,False,False,neither_explicit_or_no_analysis,1
ST001275,False,False,neither_explicit_or_no_analysis,1
ST001276,False,False,neither_explicit_or_no_analysis,1
ST001277,False,True,untargeted_explicit_only,1
ST001278,False,True,untargeted_explicit_only,1
ST001279,False,False,neither_explicit_or_no_analysis,1
ST001280,False,False,neither_explicit_or_no_analysis,1
ST001281,False,True,untargeted_explicit_only,4
ST001282,False,False,neither_explicit_or_no_analysis,1
ST001283,False,False,neither_explicit_or_no_analysis,1
ST001284,False,False,neither_explicit_or_no_analysis,1
ST001285,False,False,neither_explicit_or_no_analysis,1
ST001286,False,False,neither_explicit_or_no_analysis,9
ST001287,False,False,neither_explicit_or_no_analysis,2
ST001288,False,False,neither_explicit_or_no_analysis,1
ST001289,False,False,neither_explicit_or_no_analysis,1
ST001290,False,True,untargeted_explicit_only,2
ST001291,False,False,neither_explicit_or_no_analysis,1
ST001292,False,False,neither_explicit_or_no_analysis,2
ST001293,False,True,untargeted_explicit_only,4
ST001294,False,False,neither_explicit_or_no_analysis,1
ST001295,False,False,neither_explicit_or_no_analysis,1
ST001296,False,True,untargeted_explicit_only,1
ST001297,False,True,untargeted_explicit_only,4
ST001298,False,False,neither_explicit_or_no_analysis,1
ST001299,False,False,neither_explicit_or_no_analysis,1
ST001300,False,False,neither_explicit_or_no_analysis,2
ST001301,False,False,neither_explicit_or_no_analysis,2
ST001302,False,False,neither_explicit_or_no_analysis,1
ST001303,False,True,untargeted_explicit_only,3
ST001304,False,False,neither_explicit_or_no_analysis,2
ST001305,False,False,neither_explicit_or_no_analysis,1
ST001306,False,False,neither_explicit_or_no_analysis,1
ST001307,False,False,neither_explicit_or_no_analysis,1
ST001308,False,False,neither_explicit_or_no_analysis,1
ST001309,False,False,neither_explicit_or_no_analysis,3
ST001310,False,True,untargeted_explicit_only,1
ST001311,False,False,neither_explicit_or_no_analysis,2
ST001312,False,False,neither_explicit_or_no_analysis,2
ST001313,False,False,neither_explicit_or_no_analysis,2
ST001314,False,True,untargeted_explicit_only,1
ST001315,False,False,neither_explicit_or_no_analysis,2
ST001316,False,False,neither_explicit_or_no_analysis,1
ST001317,False,True,untargeted_explicit_only,2
ST001318,False,False,neither_explicit_or_no_analysis,1
ST001319,False,False,neither_explicit_or_no_analysis,1
ST001320,False,False,neither_explicit_or_no_analysis,1
ST001321,False,False,neither_explicit_or_no_analysis,1
ST001322,False,False,neither_explicit_or_no_analysis,1
ST001323,False,False,neither_explicit_or_no_analysis,3
ST001324,False,False,neither_explicit_or_no_analysis,2
ST001325,False,True,untargeted_explicit_only,4
ST001326,False,True,untargeted_explicit_only,1
ST001327,False,False,neither_explicit_or_no_analysis,2
ST001328,False,True,untargeted_explicit_only,4
ST001329,False,False,neither_explicit_or_no_analysis,1
ST001330,False,True,untargeted_explicit_only,3
ST001331,False,True,untargeted_explicit_only,2
ST001332,False,False,neither_explicit_or_no_analysis,1
ST001333,False,True,untargeted_explicit_only,1
ST001334,False,False,neither_explicit_or_no_analysis,1
ST001335,False,True,untargeted_explicit_only,2
ST001336,False,False,neither_explicit_or_no_analysis,5
ST001337,False,True,untargeted_explicit_only,1
ST001338,False,True,untargeted_explicit_only,1
ST001339,False,True,untargeted_explicit_only,1
ST001341,False,False,neither_explicit_or_no_analysis,1
ST001342,False,False,neither_explicit_or_no_analysis,1
ST001343,False,False,neither_explicit_or_no_analysis,1
ST001344,False,False,neither_explicit_or_no_analysis,1
ST001345,False,False,neither_explicit_or_no_analysis,1
ST001346,False,True,untargeted_explicit_only,1
ST001347,False,True,untargeted_explicit_only,1
ST001348,False,True,untargeted_explicit_only,1
ST001349,False,False,neither_explicit_or_no_analysis,3
ST001350,False,False,neither_explicit_or_no_analysis,1
ST001351,False,False,neither_explicit_or_no_analysis,1
ST001353,False,True,untargeted_explicit_only,2
ST001354,False,False,neither_explicit_or_no_analysis,1
ST001355,False,False,neither_explicit_or_no_analysis,1
ST001356,False,False,neither_explicit_or_no_analysis,5
ST001357,False,True,untargeted_explicit_only,1
ST001359,False,False,neither_explicit_or_no_analysis,1
ST001360,False,True,untargeted_explicit_only,1
ST001361,False,False,neither_explicit_or_no_analysis,1
ST001362,False,True,untargeted_explicit_only,3
ST001363,False,False,neither_explicit_or_no_analysis,1
ST001364,False,False,neither_explicit_or_no_analysis,2
ST001365,False,False,neither_explicit_or_no_analysis,1
ST001366,False,True,untargeted_explicit_only,2
ST001367,False,True,untargeted_explicit_only,4
ST001368,False,True,untargeted_explicit_only,4
ST001369,False,True,untargeted_explicit_only,3
ST001370,False,True,untargeted_explicit_only,2
ST001371,False,True,untargeted_explicit_only,2
ST001372,False,True,untargeted_explicit_only,3
ST001373,False,True,untargeted_explicit_only,1
ST001374,False,True,untargeted_explicit_only,1
ST001375,False,False,neither_explicit_or_no_analysis,1
ST001376,False,False,neither_explicit_or_no_analysis,1
ST001377,False,False,neither_explicit_or_no_analysis,1
ST001378,False,False,neither_explicit_or_no_analysis,1
ST001379,False,True,untargeted_explicit_only,1
ST001380,False,True,untargeted_explicit_only,1
ST001381,False,True,untargeted_explicit_only,2
ST001382,False,False,neither_explicit_or_no_analysis,1
ST001383,False,True,untargeted_explicit_only,4
ST001384,False,True,untargeted_explicit_only,4
ST001385,False,True,untargeted_explicit_only,2
ST001386,False,True,untargeted_explicit_only,1
ST001387,False,True,untargeted_explicit_only,2
ST001388,False,False,neither_explicit_or_no_analysis,1
ST001389,False,False,neither_explicit_or_no_analysis,1
ST001390,False,False,neither_explicit_or_no_analysis,1
ST001391,False,True,untargeted_explicit_only,1
ST001393,False,False,neither_explicit_or_no_analysis,9
ST001394,False,False,neither_explicit_or_no_analysis,2
ST001395,False,False,neither_explicit_or_no_analysis,1
ST001396,False,False,neither_explicit_or_no_analysis,1
ST001397,False,False,neither_explicit_or_no_analysis,1
ST001398,False,False,neither_explicit_or_no_analysis,2
ST001399,False,False,neither_explicit_or_no_analysis,1
ST001400,False,False,neither_explicit_or_no_analysis,3
ST001401,False,False,neither_explicit_or_no_analysis,1
ST001402,False,False,neither_explicit_or_no_analysis,1
ST001403,False,True,untargeted_explicit_only,1
ST001404,False,True,untargeted_explicit_only,1
ST001405,False,False,neither_explicit_or_no_analysis,2
ST001406,False,False,neither_explicit_or_no_analysis,1
ST001407,False,True,untargeted_explicit_only,2
ST001408,False,True,untargeted_explicit_only,3
ST001409,False,True,untargeted_explicit_only,3
ST001410,False,True,untargeted_explicit_only,3
ST001411,False,False,neither_explicit_or_no_analysis,1
ST001412,False,False,neither_explicit_or_no_analysis,1
ST001413,False,False,neither_explicit_or_no_analysis,1
ST001414,False,True,untargeted_explicit_only,1
ST001415,False,True,untargeted_explicit_only,4
ST001420,False,False,neither_explicit_or_no_analysis,1
ST001421,False,False,neither_explicit_or_no_analysis,2
ST001422,False,True,untargeted_explicit_only,2
ST001423,False,True,untargeted_explicit_only,2
ST001426,False,True,untargeted_explicit_only,1
ST001427,False,True,untargeted_explicit_only,2
ST001428,False,True,untargeted_explicit_only,2
ST001429,False,True,untargeted_explicit_only,2
ST001430,False,True,untargeted_explicit_only,2
ST001431,False,False,neither_explicit_or_no_analysis,1
ST001432,False,False,neither_explicit_or_no_analysis,1
ST001433,False,False,neither_explicit_or_no_analysis,1
ST001434,False,True,untargeted_explicit_only,2
ST001435,False,False,neither_explicit_or_no_analysis,1
ST001436,False,True,untargeted_explicit_only,2
ST001437,False,True,untargeted_explicit_only,1
ST001438,False,True,untargeted_explicit_only,1
ST001439,False,False,neither_explicit_or_no_analysis,2
ST001440,False,True,untargeted_explicit_only,2
ST001441,False,False,neither_explicit_or_no_analysis,3
ST001442,False,True,untargeted_explicit_only,1
ST001443,False,True,untargeted_explicit_only,4
ST001445,False,False,neither_explicit_or_no_analysis,1
ST001446,False,False,neither_explicit_or_no_analysis,1
ST001447,True,False,targeted_explicit_only,1
ST001448,False,False,neither_explicit_or_no_analysis,1
ST001449,False,False,neither_explicit_or_no_analysis,1
ST001450,False,True,untargeted_explicit_only,4
ST001451,False,False,neither_explicit_or_no_analysis,2
ST001452,False,False,neither_explicit_or_no_analysis,1
ST001453,True,False,targeted_explicit_only,1
ST001455,False,False,neither_explicit_or_no_analysis,1
ST001456,False,False,neither_explicit_or_no_analysis,1
ST001459,False,False,neither_explicit_or_no_analysis,1
ST001460,False,False,neither_explicit_or_no_analysis,1
ST001461,False,False,neither_explicit_or_no_analysis,1
ST001462,False,False,neither_explicit_or_no_analysis,1
ST001463,False,False,neither_explicit_or_no_analysis,1
ST001465,False,False,neither_explicit_or_no_analysis,1
ST001466,False,False,neither_explicit_or_no_analysis,1
ST001467,False,False,neither_explicit_or_no_analysis,2
ST001468,False,False,neither_explicit_or_no_analysis,1
ST001469,False,False,neither_explicit_or_no_analysis,1
ST001470,True,False,targeted_explicit_only,1
ST001471,False,False,neither_explicit_or_no_analysis,1
ST001472,True,False,targeted_explicit_only,1
ST001473,False,False,neither_explicit_or_no_analysis,1
ST001474,True,False,targeted_explicit_only,1
ST001475,False,False,neither_explicit_or_no_analysis,1
ST001476,False,False,neither_explicit_or_no_analysis,1
ST001477,False,True,untargeted_explicit_only,1
ST001478,False,False,neither_explicit_or_no_analysis,1
ST001479,False,False,neither_explicit_or_no_analysis,1
ST001480,False,False,neither_explicit_or_no_analysis,2
ST001481,False,True,untargeted_explicit_only,1
ST001483,False,False,neither_explicit_or_no_analysis,1
ST001484,False,True,untargeted_explicit_only,1
ST001485,False,False,neither_explicit_or_no_analysis,1
ST001486,False,True,untargeted_explicit_only,1
ST001487,False,False,neither_explicit_or_no_analysis,1
ST001488,False,True,untargeted_explicit_only,1
ST001489,False,False,neither_explicit_or_no_analysis,2
ST001490,False,False,neither_explicit_or_no_analysis,2
ST001491,False,True,untargeted_explicit_only,4
ST001492,False,True,untargeted_explicit_only,1
ST001493,False,False,neither_explicit_or_no_analysis,1
ST001494,False,True,untargeted_explicit_only,2
ST001495,False,False,neither_explicit_or_no_analysis,1
ST001496,False,False,neither_explicit_or_no_analysis,1
ST001497,False,False,neither_explicit_or_no_analysis,1
ST001498,False,False,neither_explicit_or_no_analysis,1
ST001499,False,True,untargeted_explicit_only,2
ST001500,False,True,untargeted_explicit_only,2
ST001502,False,True,untargeted_explicit_only,2
ST001503,False,True,untargeted_explicit_only,2
ST001504,False,True,untargeted_explicit_only,2
ST001505,False,True,untargeted_explicit_only,2
ST001507,False,False,neither_explicit_or_no_analysis,1
ST001508,False,False,neither_explicit_or_no_analysis,1
ST001511,False,True,untargeted_explicit_only,2
ST001512,False,False,neither_explicit_or_no_analysis,1
ST001514,False,True,untargeted_explicit_only,3
ST001515,False,False,neither_explicit_or_no_analysis,4
ST001516,False,False,neither_explicit_or_no_analysis,3
ST001517,False,False,neither_explicit_or_no_analysis,3
ST001518,False,True,untargeted_explicit_only,4
ST001519,False,False,neither_explicit_or_no_analysis,4
ST001520,False,True,untargeted_explicit_only,4
ST001521,False,False,neither_explicit_or_no_analysis,4
ST001522,False,True,untargeted_explicit_only,4
ST001523,False,False,neither_explicit_or_no_analysis,1
ST001524,False,True,untargeted_explicit_only,4
ST001525,False,True,untargeted_explicit_only,1
ST001526,False,False,neither_explicit_or_no_analysis,1
ST001527,False,False,neither_explicit_or_no_analysis,2
ST001547,False,False,neither_explicit_or_no_analysis,2
ST001548,False,False,neither_explicit_or_no_analysis,2
ST001549,False,False,neither_explicit_or_no_analysis,2
ST001606,False,True,untargeted_explicit_only,1
ST001607,False,False,neither_explicit_or_no_analysis,1
ST001608,False,False,neither_explicit_or_no_analysis,2
ST001609,False,False,neither_explicit_or_no_analysis,1
ST001610,False,False,neither_explicit_or_no_analysis,1
ST001611,False,False,neither_explicit_or_no_analysis,2
ST001612,False,False,neither_explicit_or_no_analysis,1
ST001613,False,False,neither_explicit_or_no_analysis,1
ST001614,False,False,neither_explicit_or_no_analysis,1
ST001615,False,False,neither_explicit_or_no_analysis,1
ST001616,False,False,neither_explicit_or_no_analysis,1
ST001617,False,False,neither_explicit_or_no_analysis,1
ST001618,False,True,untargeted_explicit_only,1
ST001619,False,False,neither_explicit_or_no_analysis,1
ST001620,False,False,neither_explicit_or_no_analysis,1
ST001621,False,False,neither_explicit_or_no_analysis,1
ST001622,False,False,neither_explicit_or_no_analysis,1
ST001623,False,False,neither_explicit_or_no_analysis,1
ST001624,False,False,neither_explicit_or_no_analysis,1
ST001625,False,False,neither_explicit_or_no_analysis,1
ST001626,False,False,neither_explicit_or_no_analysis,1
ST001627,False,False,neither_explicit_or_no_analysis,1
ST001628,False,False,neither_explicit_or_no_analysis,1
ST001629,False,False,neither_explicit_or_no_analysis,1
ST001630,False,False,neither_explicit_or_no_analysis,1
ST001631,False,False,neither_explicit_or_no_analysis,1
ST001632,False,False,neither_explicit_or_no_analysis,2
ST001633,False,False,neither_explicit_or_no_analysis,1
ST001634,False,True,untargeted_explicit_only,2
ST001635,False,True,untargeted_explicit_only,1
ST001636,False,True,untargeted_explicit_only,2
ST001637,False,False,neither_explicit_or_no_analysis,5
ST001638,False,False,neither_explicit_or_no_analysis,1
ST001639,False,False,neither_explicit_or_no_analysis,4
ST001640,False,True,untargeted_explicit_only,1
ST001641,False,True,untargeted_explicit_only,1
ST001642,False,False,neither_explicit_or_no_analysis,1
ST001643,False,False,neither_explicit_or_no_analysis,1
ST001644,False,False,neither_explicit_or_no_analysis,2
ST001645,False,False,neither_explicit_or_no_analysis,1
ST001648,False,False,neither_explicit_or_no_analysis,1
ST001649,False,True,untargeted_explicit_only,1
ST001650,False,True,untargeted_explicit_only,1
ST001651,False,True,untargeted_explicit_only,2
ST001652,False,False,neither_explicit_or_no_analysis,1
ST001653,False,True,untargeted_explicit_only,1
ST001654,False,True,untargeted_explicit_only,1
ST001655,False,False,neither_explicit_or_no_analysis,1
ST001656,False,True,untargeted_explicit_only,2
ST001657,False,True,untargeted_explicit_only,1
ST001658,False,False,neither_explicit_or_no_analysis,4
ST001659,False,True,untargeted_explicit_only,1
ST001660,False,False,neither_explicit_or_no_analysis,1
ST001661,False,False,neither_explicit_or_no_analysis,1
ST001662,False,True,untargeted_explicit_only,1
ST001663,False,True,untargeted_explicit_only,2
ST001664,False,True,untargeted_explicit_only,1
ST001665,False,False,neither_explicit_or_no_analysis,1
ST001666,False,False,neither_explicit_or_no_analysis,1
ST001667,False,True,untargeted_explicit_only,1
ST001668,False,False,neither_explicit_or_no_analysis,4
ST001669,False,False,neither_explicit_or_no_analysis,1
ST001670,False,False,neither_explicit_or_no_analysis,2
ST001671,False,False,neither_explicit_or_no_analysis,3
ST001672,False,False,neither_explicit_or_no_analysis,1
ST001673,False,False,neither_explicit_or_no_analysis,1
ST001674,False,False,neither_explicit_or_no_analysis,1
ST001675,False,False,neither_explicit_or_no_analysis,1
ST001676,False,True,untargeted_explicit_only,1
ST001677,False,False,neither_explicit_or_no_analysis,1
ST001678,False,False,neither_explicit_or_no_analysis,1
ST001679,False,False,neither_explicit_or_no_analysis,1
ST001680,False,False,neither_explicit_or_no_analysis,4
ST001681,False,True,untargeted_explicit_only,4
ST001682,False,True,untargeted_explicit_only,1
ST001683,False,False,neither_explicit_or_no_analysis,3
ST001684,False,False,neither_explicit_or_no_analysis,2
ST001685,False,False,neither_explicit_or_no_analysis,1
ST001686,False,False,neither_explicit_or_no_analysis,1
ST001687,False,False,neither_explicit_or_no_analysis,2
ST001688,False,False,neither_explicit_or_no_analysis,3
ST001689,False,False,neither_explicit_or_no_analysis,1
ST001690,False,False,neither_explicit_or_no_analysis,1
ST001691,False,True,untargeted_explicit_only,1
ST001692,False,True,untargeted_explicit_only,2
ST001699,False,False,neither_explicit_or_no_analysis,1
ST001700,False,False,neither_explicit_or_no_analysis,1
ST001701,False,False,neither_explicit_or_no_analysis,1
ST001702,False,False,neither_explicit_or_no_analysis,1
ST001703,False,False,neither_explicit_or_no_analysis,1
ST001704,False,True,untargeted_explicit_only,2
ST001705,False,True,untargeted_explicit_only,2
ST001706,False,False,neither_explicit_or_no_analysis,1
ST001707,False,True,untargeted_explicit_only,2
ST001708,False,False,neither_explicit_or_no_analysis,1
ST001709,False,False,neither_explicit_or_no_analysis,2
ST001710,False,False,neither_explicit_or_no_analysis,1
ST001711,False,False,neither_explicit_or_no_analysis,1
ST001712,False,False,neither_explicit_or_no_analysis,1
ST001713,False,True,untargeted_explicit_only,1
ST001714,False,False,neither_explicit_or_no_analysis,3
ST001715,False,True,untargeted_explicit_only,4
ST001716,False,False,neither_explicit_or_no_analysis,1
ST001717,False,True,untargeted_explicit_only,2
ST001718,False,True,untargeted_explicit_only,3
ST001719,False,False,neither_explicit_or_no_analysis,1
ST001720,False,False,neither_explicit_or_no_analysis,1
ST001721,False,False,neither_explicit_or_no_analysis,2
ST001722,False,True,untargeted_explicit_only,1
ST001723,False,True,untargeted_explicit_only,1
ST001724,False,True,untargeted_explicit_only,2
ST001725,False,False,neither_explicit_or_no_analysis,1
ST001726,False,False,neither_explicit_or_no_analysis,1
ST001727,False,False,neither_explicit_or_no_analysis,1
ST001728,False,False,neither_explicit_or_no_analysis,1
ST001729,False,False,neither_explicit_or_no_analysis,1
ST001730,False,False,neither_explicit_or_no_analysis,2
ST001731,False,False,neither_explicit_or_no_analysis,2
ST001732,False,False,neither_explicit_or_no_analysis,2
ST001733,False,True,untargeted_explicit_only,2
ST001734,False,False,neither_explicit_or_no_analysis,1
ST001735,False,False,neither_explicit_or_no_analysis,2
ST001736,False,False,neither_explicit_or_no_analysis,2
ST001737,False,False,neither_explicit_or_no_analysis,1
ST001738,False,False,neither_explicit_or_no_analysis,3
ST001739,False,False,neither_explicit_or_no_analysis,1
ST001740,False,False,neither_explicit_or_no_analysis,1
ST001741,False,False,neither_explicit_or_no_analysis,1
ST001742,False,False,neither_explicit_or_no_analysis,1
ST001743,False,False,neither_explicit_or_no_analysis,1
ST001744,False,True,untargeted_explicit_only,1
ST001745,False,False,neither_explicit_or_no_analysis,4
ST001746,False,False,neither_explicit_or_no_analysis,1
ST001747,False,False,neither_explicit_or_no_analysis,2
ST001748,False,False,neither_explicit_or_no_analysis,3
ST001749,False,False,neither_explicit_or_no_analysis,4
ST001750,False,True,untargeted_explicit_only,2
ST001751,False,False,neither_explicit_or_no_analysis,1
ST001752,False,False,neither_explicit_or_no_analysis,1
ST001753,False,False,neither_explicit_or_no_analysis,1
ST001754,False,True,untargeted_explicit_only,2
ST001755,False,False,neither_explicit_or_no_analysis,1
ST001756,False,True,untargeted_explicit_only,2
ST001757,False,True,untargeted_explicit_only,2
ST001758,False,True,untargeted_explicit_only,2
ST001759,False,False,neither_explicit_or_no_analysis,1
ST001760,False,False,neither_explicit_or_no_analysis,1
ST001761,False,False,neither_explicit_or_no_analysis,1
ST001762,False,False,neither_explicit_or_no_analysis,1
ST001763,False,False,neither_explicit_or_no_analysis,1
ST001764,False,False,neither_explicit_or_no_analysis,1
ST001765,False,False,neither_explicit_or_no_analysis,1
ST001766,False,False,neither_explicit_or_no_analysis,1
ST001767,False,False,neither_explicit_or_no_analysis,1
ST001768,False,False,neither_explicit_or_no_analysis,1
ST001769,False,False,neither_explicit_or_no_analysis,1
ST001770,False,False,neither_explicit_or_no_analysis,1
ST001771,False,False,neither_explicit_or_no_analysis,1
ST001772,False,False,neither_explicit_or_no_analysis,1
ST001773,False,False,neither_explicit_or_no_analysis,1
ST001774,False,False,neither_explicit_or_no_analysis,1
ST001775,False,False,neither_explicit_or_no_analysis,1
ST001776,False,True,untargeted_explicit_only,1
ST001777,False,False,neither_explicit_or_no_analysis,2
ST001778,False,False,neither_explicit_or_no_analysis,2
ST001779,False,False,neither_explicit_or_no_analysis,2
ST001780,False,False,neither_explicit_or_no_analysis,2
ST001781,False,False,neither_explicit_or_no_analysis,1
ST001782,False,False,neither_explicit_or_no_analysis,1
ST001783,False,False,neither_explicit_or_no_analysis,1
ST001784,False,False,neither_explicit_or_no_analysis,1
ST001785,False,False,neither_explicit_or_no_analysis,1
ST001786,False,True,untargeted_explicit_only,1
ST001787,False,True,untargeted_explicit_only,1
ST001788,False,False,neither_explicit_or_no_analysis,2
ST001789,False,False,neither_explicit_or_no_analysis,2
ST001790,False,True,untargeted_explicit_only,2
ST001791,False,True,untargeted_explicit_only,2
ST001792,False,True,untargeted_explicit_only,2
ST001793,False,True,untargeted_explicit_only,2
ST001794,False,False,neither_explicit_or_no_analysis,4
ST001795,False,False,neither_explicit_or_no_analysis,2
ST001796,False,False,neither_explicit_or_no_analysis,2
ST001797,False,False,neither_explicit_or_no_analysis,1
ST001798,False,False,neither_explicit_or_no_analysis,1
ST001799,False,False,neither_explicit_or_no_analysis,1
ST001800,False,True,untargeted_explicit_only,1
ST001801,False,False,neither_explicit_or_no_analysis,1
ST001802,False,True,untargeted_explicit_only,1
ST001803,False,True,untargeted_explicit_only,1
ST001804,False,True,untargeted_explicit_only,1
ST001805,False,False,neither_explicit_or_no_analysis,1
ST001806,False,True,untargeted_explicit_only,1
ST001807,False,True,untargeted_explicit_only,2
ST001808,False,False,neither_explicit_or_no_analysis,1
ST001809,False,False,neither_explicit_or_no_analysis,1
ST001810,False,True,untargeted_explicit_only,2
ST001811,False,False,neither_explicit_or_no_analysis,2
ST001812,False,True,untargeted_explicit_only,2
ST001813,False,False,neither_explicit_or_no_analysis,1
ST001814,False,True,untargeted_explicit_only,4
ST001815,False,False,neither_explicit_or_no_analysis,4
ST001816,False,False,neither_explicit_or_no_analysis,1
ST001817,False,False,neither_explicit_or_no_analysis,1
ST001818,False,False,neither_explicit_or_no_analysis,1
ST001819,False,False,neither_explicit_or_no_analysis,3
ST001820,False,False,neither_explicit_or_no_analysis,3
ST001822,False,False,neither_explicit_or_no_analysis,1
ST001823,False,False,neither_explicit_or_no_analysis,1
ST001824,False,True,untargeted_explicit_only,1
ST001825,False,True,untargeted_explicit_only,1
ST001826,False,True,untargeted_explicit_only,1
ST001827,False,False,neither_explicit_or_no_analysis,1
ST001828,False,True,untargeted_explicit_only,4
ST001829,False,False,neither_explicit_or_no_analysis,2
ST001830,False,False,neither_explicit_or_no_analysis,2
ST001831,False,False,neither_explicit_or_no_analysis,2
ST001832,False,False,neither_explicit_or_no_analysis,1
ST001833,False,False,neither_explicit_or_no_analysis,1
ST001834,False,False,neither_explicit_or_no_analysis,1
ST001835,False,False,neither_explicit_or_no_analysis,1
ST001836,False,False,neither_explicit_or_no_analysis,1
ST001837,False,False,neither_explicit_or_no_analysis,1
ST001838,False,False,neither_explicit_or_no_analysis,1
ST001839,False,False,neither_explicit_or_no_analysis,2
ST001840,False,False,neither_explicit_or_no_analysis,1
ST001841,False,False,neither_explicit_or_no_analysis,1
ST001842,False,False,neither_explicit_or_no_analysis,1
ST001843,False,False,neither_explicit_or_no_analysis,1
ST001844,False,False,neither_explicit_or_no_analysis,1
ST001845,False,False,neither_explicit_or_no_analysis,1
ST001846,False,True,untargeted_explicit_only,2
ST001847,False,False,neither_explicit_or_no_analysis,1
ST001848,False,True,untargeted_explicit_only,1
ST001849,False,False,neither_explicit_or_no_analysis,4
ST001850,False,False,neither_explicit_or_no_analysis,2
ST001851,False,False,neither_explicit_or_no_analysis,1
ST001852,False,False,neither_explicit_or_no_analysis,1
ST001853,False,False,neither_explicit_or_no_analysis,4
ST001854,False,True,untargeted_explicit_only,1
ST001855,False,False,neither_explicit_or_no_analysis,2
ST001856,False,False,neither_explicit_or_no_analysis,2
ST001857,False,True,untargeted_explicit_only,1
ST001858,False,True,untargeted_explicit_only,2
ST001859,False,False,neither_explicit_or_no_analysis,2
ST001860,False,True,untargeted_explicit_only,2
ST001861,False,True,untargeted_explicit_only,1
ST001862,False,False,neither_explicit_or_no_analysis,2
ST001863,False,False,neither_explicit_or_no_analysis,1
ST001864,False,False,neither_explicit_or_no_analysis,2
ST001865,False,False,neither_explicit_or_no_analysis,3
ST001866,False,False,neither_explicit_or_no_analysis,3
ST001867,False,False,neither_explicit_or_no_analysis,1
ST001868,False,False,neither_explicit_or_no_analysis,1
ST001869,False,False,neither_explicit_or_no_analysis,1
ST001870,False,False,neither_explicit_or_no_analysis,1
ST001871,False,True,untargeted_explicit_only,1
ST001872,False,True,untargeted_explicit_only,1
ST001873,False,False,neither_explicit_or_no_analysis,1
ST001874,False,False,neither_explicit_or_no_analysis,1
ST001875,False,False,neither_explicit_or_no_analysis,1
ST001876,False,False,neither_explicit_or_no_analysis,1
ST001877,False,False,neither_explicit_or_no_analysis,1
ST001878,False,False,neither_explicit_or_no_analysis,2
ST001879,False,False,neither_explicit_or_no_analysis,1
ST001880,False,False,neither_explicit_or_no_analysis,1
ST001881,False,False,neither_explicit_or_no_analysis,1
ST001882,False,True,untargeted_explicit_only,4
ST001883,False,True,untargeted_explicit_only,1
ST001884,False,False,neither_explicit_or_no_analysis,1
ST001885,False,True,untargeted_explicit_only,2
ST001886,False,True,untargeted_explicit_only,4
ST001887,False,True,untargeted_explicit_only,2
ST001888,False,False,neither_explicit_or_no_analysis,5
ST001889,False,True,untargeted_explicit_only,4
ST001890,False,True,untargeted_explicit_only,4
ST001891,False,True,untargeted_explicit_only,2
ST001892,False,True,untargeted_explicit_only,2
ST001893,False,False,neither_explicit_or_no_analysis,1
ST001894,False,False,neither_explicit_or_no_analysis,1
ST001895,False,False,neither_explicit_or_no_analysis,1
ST001896,False,False,neither_explicit_or_no_analysis,1
ST001897,False,False,neither_explicit_or_no_analysis,2
ST001898,False,True,untargeted_explicit_only,2
ST001899,False,True,untargeted_explicit_only,2
ST001900,False,True,untargeted_explicit_only,2
ST001901,False,False,neither_explicit_or_no_analysis,4
ST001902,False,False,neither_explicit_or_no_analysis,2
ST001903,False,False,neither_explicit_or_no_analysis,3
ST001904,False,True,untargeted_explicit_only,1
ST001905,False,False,neither_explicit_or_no_analysis,1
ST001906,False,False,neither_explicit_or_no_analysis,1
ST001907,False,False,neither_explicit_or_no_analysis,1
ST001908,False,False,neither_explicit_or_no_analysis,1
ST001909,False,False,neither_explicit_or_no_analysis,1
ST001910,False,False,neither_explicit_or_no_analysis,1
ST001911,False,True,untargeted_explicit_only,1
ST001912,False,True,untargeted_explicit_only,2
ST001913,False,False,neither_explicit_or_no_analysis,1
ST001914,False,True,untargeted_explicit_only,1
ST001915,False,False,neither_explicit_or_no_analysis,1
ST001916,False,False,neither_explicit_or_no_analysis,1
ST001917,False,False,neither_explicit_or_no_analysis,1
ST001918,False,True,untargeted_explicit_only,2
ST001919,False,False,neither_explicit_or_no_analysis,1
ST001920,False,False,neither_explicit_or_no_analysis,3
ST001921,False,False,neither_explicit_or_no_analysis,1
ST001922,False,False,neither_explicit_or_no_analysis,2
ST001923,False,True,untargeted_explicit_only,2
ST001924,False,False,neither_explicit_or_no_analysis,1
ST001925,False,True,untargeted_explicit_only,2
ST001926,False,True,untargeted_explicit_only,3
ST001927,False,True,untargeted_explicit_only,3
ST001928,False,False,neither_explicit_or_no_analysis,1
ST001929,False,False,neither_explicit_or_no_analysis,1
ST001930,False,True,untargeted_explicit_only,1
ST001931,False,True,untargeted_explicit_only,2
ST001932,False,False,neither_explicit_or_no_analysis,2
ST001933,False,False,neither_explicit_or_no_analysis,1
ST001934,False,True,untargeted_explicit_only,1
ST001935,False,False,neither_explicit_or_no_analysis,4
ST001936,False,False,neither_explicit_or_no_analysis,1
ST001937,False,False,neither_explicit_or_no_analysis,1
ST001938,False,False,neither_explicit_or_no_analysis,2
ST001939,False,False,neither_explicit_or_no_analysis,2
ST001940,False,False,neither_explicit_or_no_analysis,4
ST001941,False,True,untargeted_explicit_only,1
ST001942,False,True,untargeted_explicit_only,5
ST001943,False,True,untargeted_explicit_only,1
ST001944,False,False,neither_explicit_or_no_analysis,1
ST001945,False,False,neither_explicit_or_no_analysis,1
ST001946,False,False,neither_explicit_or_no_analysis,1
ST001947,False,False,neither_explicit_or_no_analysis,1
ST001948,False,False,neither_explicit_or_no_analysis,3
ST001949,False,False,neither_explicit_or_no_analysis,1
ST001950,False,False,neither_explicit_or_no_analysis,2
ST001951,False,False,neither_explicit_or_no_analysis,1
ST001952,False,False,neither_explicit_or_no_analysis,1
ST001953,False,False,neither_explicit_or_no_analysis,1
ST001954,False,False,neither_explicit_or_no_analysis,1
ST001955,False,False,neither_explicit_or_no_analysis,2
ST001956,False,False,neither_explicit_or_no_analysis,1
ST001957,False,True,untargeted_explicit_only,4
ST001958,False,False,neither_explicit_or_no_analysis,1
ST001959,False,True,untargeted_explicit_only,1
ST001960,False,False,neither_explicit_or_no_analysis,1
ST001961,False,False,neither_explicit_or_no_analysis,2
ST001962,False,True,untargeted_explicit_only,2
ST001963,False,False,neither_explicit_or_no_analysis,2
ST001964,False,False,neither_explicit_or_no_analysis,1
ST001965,False,False,neither_explicit_or_no_analysis,1
ST001966,False,False,neither_explicit_or_no_analysis,1
ST001967,False,False,neither_explicit_or_no_analysis,1
ST001968,False,False,neither_explicit_or_no_analysis,4
ST001969,False,False,neither_explicit_or_no_analysis,1
ST001970,False,False,neither_explicit_or_no_analysis,4
ST001971,False,False,neither_explicit_or_no_analysis,2
ST001972,False,False,neither_explicit_or_no_analysis,1
ST001973,False,False,neither_explicit_or_no_analysis,4
ST001974,False,False,neither_explicit_or_no_analysis,1
ST001975,False,False,neither_explicit_or_no_analysis,1
ST001976,False,False,neither_explicit_or_no_analysis,1
ST001977,False,False,neither_explicit_or_no_analysis,1
ST001978,False,False,neither_explicit_or_no_analysis,2
ST001979,False,False,neither_explicit_or_no_analysis,2
ST001980,False,False,neither_explicit_or_no_analysis,1
ST001981,False,False,neither_explicit_or_no_analysis,1
ST001982,False,True,untargeted_explicit_only,2
ST001983,False,False,neither_explicit_or_no_analysis,1
ST001984,False,False,neither_explicit_or_no_analysis,1
ST001985,False,False,neither_explicit_or_no_analysis,1
ST001986,False,False,neither_explicit_or_no_analysis,1
ST001987,False,True,untargeted_explicit_only,2
ST001988,False,False,neither_explicit_or_no_analysis,1
ST001989,False,False,neither_explicit_or_no_analysis,1
ST001990,False,True,untargeted_explicit_only,6
ST001991,False,False,neither_explicit_or_no_analysis,1
ST001992,False,False,neither_explicit_or_no_analysis,1
ST001993,False,True,untargeted_explicit_only,1
ST001994,False,False,neither_explicit_or_no_analysis,1
ST001995,False,False,neither_explicit_or_no_analysis,3
ST001996,False,False,neither_explicit_or_no_analysis,2
ST001997,False,False,neither_explicit_or_no_analysis,2
ST001998,False,False,neither_explicit_or_no_analysis,2
ST001999,False,False,neither_explicit_or_no_analysis,2
ST002000,False,False,neither_explicit_or_no_analysis,1
ST002001,False,False,neither_explicit_or_no_analysis,1
ST002002,False,False,neither_explicit_or_no_analysis,1
ST002003,False,False,neither_explicit_or_no_analysis,1
ST002004,False,True,untargeted_explicit_only,1
ST002007,False,False,neither_explicit_or_no_analysis,1
ST002008,False,True,untargeted_explicit_only,4
ST002009,False,False,neither_explicit_or_no_analysis,1
ST002010,False,False,neither_explicit_or_no_analysis,1
ST002011,False,False,neither_explicit_or_no_analysis,3
ST002012,False,False,neither_explicit_or_no_analysis,1
ST002014,False,True,untargeted_explicit_only,1
ST002015,False,False,neither_explicit_or_no_analysis,1
ST002016,False,False,neither_explicit_or_no_analysis,2
ST002017,False,False,neither_explicit_or_no_analysis,1
ST002018,False,False,neither_explicit_or_no_analysis,1
ST002019,False,False,neither_explicit_or_no_analysis,1
ST002020,False,False,neither_explicit_or_no_analysis,1
ST002021,False,True,untargeted_explicit_only,1
ST002022,False,False,neither_explicit_or_no_analysis,1
ST002023,False,False,neither_explicit_or_no_analysis,1
ST002024,False,False,neither_explicit_or_no_analysis,1
ST002025,False,False,neither_explicit_or_no_analysis,1
ST002026,False,False,neither_explicit_or_no_analysis,1
ST002027,False,False,neither_explicit_or_no_analysis,1
ST002028,False,False,neither_explicit_or_no_analysis,1
ST002029,False,False,neither_explicit_or_no_analysis,1
ST002030,False,False,neither_explicit_or_no_analysis,1
ST002031,False,False,neither_explicit_or_no_analysis,2
ST002032,False,False,neither_explicit_or_no_analysis,2
ST002033,False,False,neither_explicit_or_no_analysis,2
ST002034,False,False,neither_explicit_or_no_analysis,2
ST002035,False,False,neither_explicit_or_no_analysis,2
ST002036,False,False,neither_explicit_or_no_analysis,2
ST002037,False,False,neither_explicit_or_no_analysis,2
ST002038,False,False,neither_explicit_or_no_analysis,2
ST002039,False,False,neither_explicit_or_no_analysis,2
ST002040,False,False,neither_explicit_or_no_analysis,2
ST002041,False,False,neither_explicit_or_no_analysis,2
ST002042,False,False,neither_explicit_or_no_analysis,1
ST002043,False,False,neither_explicit_or_no_analysis,1
ST002044,False,True,untargeted_explicit_only,4
ST002045,False,True,untargeted_explicit_only,1
ST002046,False,True,untargeted_explicit_only,4
ST002047,False,False,neither_explicit_or_no_analysis,1
ST002048,False,False,neither_explicit_or_no_analysis,1
ST002049,False,True,untargeted_explicit_only,1
ST002050,False,True,untargeted_explicit_only,1
ST002051,False,False,neither_explicit_or_no_analysis,1
ST002052,False,True,untargeted_explicit_only,4
ST002053,False,False,neither_explicit_or_no_analysis,1
ST002054,False,False,neither_explicit_or_no_analysis,2
ST002055,False,False,neither_explicit_or_no_analysis,2
ST002056,False,False,neither_explicit_or_no_analysis,1
ST002057,False,False,neither_explicit_or_no_analysis,1
ST002058,False,False,neither_explicit_or_no_analysis,2
ST002059,False,False,neither_explicit_or_no_analysis,2
ST002060,False,True,untargeted_explicit_only,6
ST002061,False,False,neither_explicit_or_no_analysis,1
ST002062,False,True,untargeted_explicit_only,1
ST002063,False,False,neither_explicit_or_no_analysis,1
ST002064,False,False,neither_explicit_or_no_analysis,1
ST002065,False,False,neither_explicit_or_no_analysis,1
ST002066,False,False,neither_explicit_or_no_analysis,2
ST002067,False,True,untargeted_explicit_only,3
ST002068,False,False,neither_explicit_or_no_analysis,2
ST002069,False,False,neither_explicit_or_no_analysis,2
ST002070,False,False,neither_explicit_or_no_analysis,2
ST002071,False,False,neither_explicit_or_no_analysis,1
ST002072,False,False,neither_explicit_or_no_analysis,1
ST002073,False,False,neither_explicit_or_no_analysis,1
ST002075,False,False,neither_explicit_or_no_analysis,1
ST002076,False,False,neither_explicit_or_no_analysis,2
ST002077,False,False,neither_explicit_or_no_analysis,2
ST002078,False,False,neither_explicit_or_no_analysis,4
ST002079,False,False,neither_explicit_or_no_analysis,2
ST002080,False,False,neither_explicit_or_no_analysis,1
ST002081,False,True,untargeted_explicit_only,1
ST002082,False,False,neither_explicit_or_no_analysis,4
ST002083,False,True,untargeted_explicit_only,1
ST002084,False,False,neither_explicit_or_no_analysis,1
ST002085,False,False,neither_explicit_or_no_analysis,2
ST002086,False,False,neither_explicit_or_no_analysis,1
ST002087,False,False,neither_explicit_or_no_analysis,1
ST002088,False,False,neither_explicit_or_no_analysis,4
ST002089,False,False,neither_explicit_or_no_analysis,4
ST002090,False,False,neither_explicit_or_no_analysis,1
ST002091,False,False,neither_explicit_or_no_analysis,1
ST002092,False,True,untargeted_explicit_only,3
ST002093,False,False,neither_explicit_or_no_analysis,1
ST002094,False,False,neither_explicit_or_no_analysis,3
ST002095,False,False,neither_explicit_or_no_analysis,1
ST002096,False,False,neither_explicit_or_no_analysis,1
ST002097,False,False,neither_explicit_or_no_analysis,3
ST002098,False,False,neither_explicit_or_no_analysis,2
ST002099,False,False,neither_explicit_or_no_analysis,2
ST002100,False,False,neither_explicit_or_no_analysis,2
ST002101,False,False,neither_explicit_or_no_analysis,2
ST002102,False,False,neither_explicit_or_no_analysis,1
ST002103,False,True,untargeted_explicit_only,2
ST002104,False,False,neither_explicit_or_no_analysis,2
ST002106,False,False,neither_explicit_or_no_analysis,2
ST002107,False,False,neither_explicit_or_no_analysis,2
ST002108,False,False,neither_explicit_or_no_analysis,2
ST002109,False,False,neither_explicit_or_no_analysis,2
ST002110,False,False,neither_explicit_or_no_analysis,2
ST002111,False,False,neither_explicit_or_no_analysis,2
ST002112,False,True,untargeted_explicit_only,4
ST002113,False,False,neither_explicit_or_no_analysis,1
ST002114,False,False,neither_explicit_or_no_analysis,1
ST002115,False,False,neither_explicit_or_no_analysis,2
ST002116,False,False,neither_explicit_or_no_analysis,1
ST002117,False,False,neither_explicit_or_no_analysis,1
ST002118,False,True,untargeted_explicit_only,1
ST002119,False,False,neither_explicit_or_no_analysis,4
ST002120,False,True,untargeted_explicit_only,1
ST002121,False,False,neither_explicit_or_no_analysis,2
ST002122,False,False,neither_explicit_or_no_analysis,2
ST002123,False,False,neither_explicit_or_no_analysis,1
ST002124,False,False,neither_explicit_or_no_analysis,1
ST002125,False,False,neither_explicit_or_no_analysis,1
ST002126,False,False,neither_explicit_or_no_analysis,1
ST002127,False,False,neither_explicit_or_no_analysis,1
ST002128,False,False,neither_explicit_or_no_analysis,1
ST002129,False,False,neither_explicit_or_no_analysis,1
ST002130,False,False,neither_explicit_or_no_analysis,2
ST002131,False,False,neither_explicit_or_no_analysis,2
ST002132,False,False,neither_explicit_or_no_analysis,1
ST002133,False,False,neither_explicit_or_no_analysis,1
ST002134,False,True,untargeted_explicit_only,4
ST002135,False,True,untargeted_explicit_only,4
ST002136,False,False,neither_explicit_or_no_analysis,1
ST002137,False,False,neither_explicit_or_no_analysis,1
ST002138,False,False,neither_explicit_or_no_analysis,1
ST002139,False,False,neither_explicit_or_no_analysis,1
ST002140,False,False,neither_explicit_or_no_analysis,2
ST002141,False,True,untargeted_explicit_only,4
ST002142,False,False,neither_explicit_or_no_analysis,1
ST002143,False,False,neither_explicit_or_no_analysis,1
ST002144,False,True,untargeted_explicit_only,2
ST002145,False,False,neither_explicit_or_no_analysis,2
ST002146,False,True,untargeted_explicit_only,1
ST002147,False,True,untargeted_explicit_only,1
ST002148,False,True,untargeted_explicit_only,2
ST002149,False,True,untargeted_explicit_only,1
ST002150,False,False,neither_explicit_or_no_analysis,2
ST002151,False,True,untargeted_explicit_only,1
ST002152,False,False,neither_explicit_or_no_analysis,3
ST002153,False,False,neither_explicit_or_no_analysis,2
ST002154,False,True,untargeted_explicit_only,2
ST002155,False,False,neither_explicit_or_no_analysis,1
ST002156,False,True,untargeted_explicit_only,1
ST002157,False,False,neither_explicit_or_no_analysis,1
ST002158,False,True,untargeted_explicit_only,2
ST002159,False,False,neither_explicit_or_no_analysis,4
ST002160,False,False,neither_explicit_or_no_analysis,1
ST002161,False,False,neither_explicit_or_no_analysis,2
ST002162,False,False,neither_explicit_or_no_analysis,2
ST002163,False,False,neither_explicit_or_no_analysis,2
ST002164,False,True,untargeted_explicit_only,1
ST002165,False,True,untargeted_explicit_only,2
ST002166,False,False,neither_explicit_or_no_analysis,1
ST002167,False,False,neither_explicit_or_no_analysis,2
ST002168,False,True,untargeted_explicit_only,1
ST002169,False,True,untargeted_explicit_only,2
ST002170,False,False,neither_explicit_or_no_analysis,2
ST002171,False,False,neither_explicit_or_no_analysis,2
ST002172,False,False,neither_explicit_or_no_analysis,2
ST002173,False,False,neither_explicit_or_no_analysis,1
ST002174,False,False,neither_explicit_or_no_analysis,1
ST002175,False,True,untargeted_explicit_only,1
ST002176,False,True,untargeted_explicit_only,1
ST002177,False,True,untargeted_explicit_only,1
ST002178,False,False,neither_explicit_or_no_analysis,2
ST002179,False,False,neither_explicit_or_no_analysis,2
ST002180,False,False,neither_explicit_or_no_analysis,2
ST002181,False,True,untargeted_explicit_only,2
ST002182,False,False,neither_explicit_or_no_analysis,1
ST002183,False,True,untargeted_explicit_only,2
ST002184,False,False,neither_explicit_or_no_analysis,1
ST002185,False,True,untargeted_explicit_only,2
ST002186,False,True,untargeted_explicit_only,1
ST002187,False,False,neither_explicit_or_no_analysis,1
ST002188,False,False,neither_explicit_or_no_analysis,1
ST002189,False,False,neither_explicit_or_no_analysis,1
ST002190,False,True,untargeted_explicit_only,2
ST002191,False,False,neither_explicit_or_no_analysis,1
ST002192,False,True,untargeted_explicit_only,2
ST002193,False,True,untargeted_explicit_only,2
ST002194,False,True,untargeted_explicit_only,2
ST002195,False,False,neither_explicit_or_no_analysis,2
ST002196,False,False,neither_explicit_or_no_analysis,1
ST002197,False,False,neither_explicit_or_no_analysis,1
ST002198,False,True,untargeted_explicit_only,2
ST002199,False,False,neither_explicit_or_no_analysis,1
ST002200,False,False,neither_explicit_or_no_analysis,4
ST002201,False,False,neither_explicit_or_no_analysis,1
ST002202,False,False,neither_explicit_or_no_analysis,1
ST002203,False,True,untargeted_explicit_only,1
ST002204,False,False,neither_explicit_or_no_analysis,1
ST002205,False,False,neither_explicit_or_no_analysis,1
ST002206,False,False,neither_explicit_or_no_analysis,1
ST002207,False,False,neither_explicit_or_no_analysis,1
ST002208,False,False,neither_explicit_or_no_analysis,1
ST002209,False,False,neither_explicit_or_no_analysis,1
ST002210,False,True,untargeted_explicit_only,2
ST002211,False,False,neither_explicit_or_no_analysis,1
ST002212,False,False,neither_explicit_or_no_analysis,2
ST002213,False,False,neither_explicit_or_no_analysis,4
ST002214,False,False,neither_explicit_or_no_analysis,2
ST002215,False,False,neither_explicit_or_no_analysis,1
ST002216,False,False,neither_explicit_or_no_analysis,1
ST002217,False,False,neither_explicit_or_no_analysis,1
ST002218,False,False,neither_explicit_or_no_analysis,1
ST002219,False,True,untargeted_explicit_only,1
ST002220,False,False,neither_explicit_or_no_analysis,1
ST002221,False,False,neither_explicit_or_no_analysis,1
ST002222,False,False,neither_explicit_or_no_analysis,1
ST002223,False,False,neither_explicit_or_no_analysis,1
ST002224,False,False,neither_explicit_or_no_analysis,1
ST002225,False,False,neither_explicit_or_no_analysis,1
ST002226,False,False,neither_explicit_or_no_analysis,1
ST002227,False,False,neither_explicit_or_no_analysis,1
ST002228,False,False,neither_explicit_or_no_analysis,1
ST002229,False,False,neither_explicit_or_no_analysis,1
ST002230,False,True,untargeted_explicit_only,1
ST002231,False,False,neither_explicit_or_no_analysis,2
ST002232,False,False,neither_explicit_or_no_analysis,1
ST002233,False,True,untargeted_explicit_only,1
ST002234,False,False,neither_explicit_or_no_analysis,1
ST002235,False,False,neither_explicit_or_no_analysis,1
ST002236,False,False,neither_explicit_or_no_analysis,4
ST002237,False,False,neither_explicit_or_no_analysis,1
ST002238,False,True,untargeted_explicit_only,4
ST002239,False,True,untargeted_explicit_only,2
ST002240,False,True,untargeted_explicit_only,2
ST002241,False,True,untargeted_explicit_only,1
ST002242,False,False,neither_explicit_or_no_analysis,1
ST002243,False,False,neither_explicit_or_no_analysis,2
ST002244,False,False,neither_explicit_or_no_analysis,2
ST002245,False,False,neither_explicit_or_no_analysis,1
ST002246,False,True,untargeted_explicit_only,4
ST002247,False,True,untargeted_explicit_only,4
ST002248,False,False,neither_explicit_or_no_analysis,1
ST002249,False,True,untargeted_explicit_only,1
ST002250,False,False,neither_explicit_or_no_analysis,1
ST002251,False,True,untargeted_explicit_only,2
ST002252,False,False,neither_explicit_or_no_analysis,1
ST002253,False,True,untargeted_explicit_only,2
ST002254,False,False,neither_explicit_or_no_analysis,1
ST002255,False,False,neither_explicit_or_no_analysis,2
ST002256,False,False,neither_explicit_or_no_analysis,1
ST002257,False,True,untargeted_explicit_only,2
ST002258,False,True,untargeted_explicit_only,2
ST002259,False,True,untargeted_explicit_only,2
ST002260,False,True,untargeted_explicit_only,2
ST002261,False,False,neither_explicit_or_no_analysis,1
ST002262,False,False,neither_explicit_or_no_analysis,1
ST002263,False,False,neither_explicit_or_no_analysis,2
ST002264,False,True,untargeted_explicit_only,2
ST002265,False,False,neither_explicit_or_no_analysis,1
ST002266,False,False,neither_explicit_or_no_analysis,3
ST002267,False,False,neither_explicit_or_no_analysis,1
ST002268,False,True,untargeted_explicit_only,1
ST002269,False,False,neither_explicit_or_no_analysis,4
ST002270,False,False,neither_explicit_or_no_analysis,2
ST002271,False,False,neither_explicit_or_no_analysis,2
ST002272,False,False,neither_explicit_or_no_analysis,1
ST002273,False,False,neither_explicit_or_no_analysis,1
ST002274,False,False,neither_explicit_or_no_analysis,1
ST002275,False,True,untargeted_explicit_only,2
ST002276,False,True,untargeted_explicit_only,2
ST002277,False,False,neither_explicit_or_no_analysis,1
ST002278,False,False,neither_explicit_or_no_analysis,1
ST002279,False,False,neither_explicit_or_no_analysis,1
ST002280,False,False,neither_explicit_or_no_analysis,1
ST002281,False,False,neither_explicit_or_no_analysis,2
ST002282,False,False,neither_explicit_or_no_analysis,1
ST002283,False,False,neither_explicit_or_no_analysis,4
ST002284,False,False,neither_explicit_or_no_analysis,2
ST002285,False,True,untargeted_explicit_only,4
ST002286,False,False,neither_explicit_or_no_analysis,1
ST002287,False,False,neither_explicit_or_no_analysis,1
ST002289,False,False,neither_explicit_or_no_analysis,1
ST002290,False,False,neither_explicit_or_no_analysis,1
ST002291,False,True,untargeted_explicit_only,1
ST002292,False,False,neither_explicit_or_no_analysis,3
ST002293,False,False,neither_explicit_or_no_analysis,1
ST002294,False,False,neither_explicit_or_no_analysis,1
ST002295,False,False,neither_explicit_or_no_analysis,1
ST002296,False,False,neither_explicit_or_no_analysis,2
ST002297,False,False,neither_explicit_or_no_analysis,2
ST002298,False,False,neither_explicit_or_no_analysis,1
ST002299,False,True,untargeted_explicit_only,1
ST002300,False,True,untargeted_explicit_only,1
ST002301,False,False,neither_explicit_or_no_analysis,1
ST002302,False,True,untargeted_explicit_only,5
ST002303,False,False,neither_explicit_or_no_analysis,2
ST002304,False,False,neither_explicit_or_no_analysis,1
ST002306,False,True,untargeted_explicit_only,1
ST002307,False,True,untargeted_explicit_only,1
ST002308,False,False,neither_explicit_or_no_analysis,1
ST002309,False,False,neither_explicit_or_no_analysis,2
ST002310,False,True,untargeted_explicit_only,2
ST002311,False,True,untargeted_explicit_only,2
ST002312,False,True,untargeted_explicit_only,2
ST002313,False,False,neither_explicit_or_no_analysis,2
ST002314,False,False,neither_explicit_or_no_analysis,1
ST002315,False,False,neither_explicit_or_no_analysis,1
ST002316,False,False,neither_explicit_or_no_analysis,1
ST002317,False,False,neither_explicit_or_no_analysis,1
ST002318,False,False,neither_explicit_or_no_analysis,1
ST002319,False,False,neither_explicit_or_no_analysis,1
ST002320,False,True,untargeted_explicit_only,1
ST002321,False,False,neither_explicit_or_no_analysis,1
ST002322,False,False,neither_explicit_or_no_analysis,1
ST002323,False,False,neither_explicit_or_no_analysis,2
ST002324,False,False,neither_explicit_or_no_analysis,1
ST002325,False,False,neither_explicit_or_no_analysis,1
ST002326,False,False,neither_explicit_or_no_analysis,1
ST002327,False,False,neither_explicit_or_no_analysis,1
ST002328,False,False,neither_explicit_or_no_analysis,2
ST002329,False,True,untargeted_explicit_only,2
ST002330,False,False,neither_explicit_or_no_analysis,3
ST002331,False,True,untargeted_explicit_only,2
ST002332,False,True,untargeted_explicit_only,2
ST002333,False,True,untargeted_explicit_only,2
ST002334,False,False,neither_explicit_or_no_analysis,2
ST002335,False,False,neither_explicit_or_no_analysis,1
ST002336,False,True,untargeted_explicit_only,1
ST002337,False,False,neither_explicit_or_no_analysis,1
ST002338,False,True,untargeted_explicit_only,2
ST002339,False,False,neither_explicit_or_no_analysis,1
ST002340,False,False,neither_explicit_or_no_analysis,1
ST002341,False,True,untargeted_explicit_only,2
ST002342,False,True,untargeted_explicit_only,1
ST002343,False,False,neither_explicit_or_no_analysis,1
ST002344,False,False,neither_explicit_or_no_analysis,1
ST002345,False,False,neither_explicit_or_no_analysis,1
ST002346,False,False,neither_explicit_or_no_analysis,2
ST002347,False,True,untargeted_explicit_only,1
ST002348,False,False,neither_explicit_or_no_analysis,1
ST002349,False,False,neither_explicit_or_no_analysis,2
ST002350,False,True,untargeted_explicit_only,1
ST002351,False,True,untargeted_explicit_only,1
ST002352,False,False,neither_explicit_or_no_analysis,2
ST002353,False,False,neither_explicit_or_no_analysis,2
ST002354,False,False,neither_explicit_or_no_analysis,4
ST002355,False,False,neither_explicit_or_no_analysis,1
ST002356,False,False,neither_explicit_or_no_analysis,1
ST002357,False,True,untargeted_explicit_only,2
ST002358,False,True,untargeted_explicit_only,2
ST002359,False,True,untargeted_explicit_only,2
ST002360,False,False,neither_explicit_or_no_analysis,1
ST002361,False,False,neither_explicit_or_no_analysis,2
ST002362,False,False,neither_explicit_or_no_analysis,1
ST002363,False,False,neither_explicit_or_no_analysis,1
ST002364,False,False,neither_explicit_or_no_analysis,1
ST002365,False,False,neither_explicit_or_no_analysis,1
ST002366,False,False,neither_explicit_or_no_analysis,1
ST002367,False,False,neither_explicit_or_no_analysis,1
ST002368,False,True,untargeted_explicit_only,1
ST002369,False,False,neither_explicit_or_no_analysis,1
ST002370,False,False,neither_explicit_or_no_analysis,1
ST002371,False,False,neither_explicit_or_no_analysis,1
ST002372,False,False,neither_explicit_or_no_analysis,1
ST002373,False,False,neither_explicit_or_no_analysis,1
ST002374,False,False,neither_explicit_or_no_analysis,1
ST002375,False,False,neither_explicit_or_no_analysis,1
ST002376,False,False,neither_explicit_or_no_analysis,2
ST002377,False,False,neither_explicit_or_no_analysis,2
ST002378,False,False,neither_explicit_or_no_analysis,2
ST002379,False,False,neither_explicit_or_no_analysis,2
ST002380,False,False,neither_explicit_or_no_analysis,1
ST002381,False,False,neither_explicit_or_no_analysis,1
ST002382,False,False,neither_explicit_or_no_analysis,1
ST002383,False,False,neither_explicit_or_no_analysis,1
ST002384,False,True,untargeted_explicit_only,2
ST002385,False,True,untargeted_explicit_only,2
ST002386,False,True,untargeted_explicit_only,2
ST002387,False,True,untargeted_explicit_only,2
ST002388,False,True,untargeted_explicit_only,2
ST002389,False,False,neither_explicit_or_no_analysis,1
ST002390,False,True,untargeted_explicit_only,2
ST002391,False,False,neither_explicit_or_no_analysis,1
ST002392,False,False,neither_explicit_or_no_analysis,1
ST002393,False,True,untargeted_explicit_only,2
ST002394,False,False,neither_explicit_or_no_analysis,1
ST002395,False,False,neither_explicit_or_no_analysis,1
ST002396,False,True,untargeted_explicit_only,1
ST002397,False,False,neither_explicit_or_no_analysis,1
ST002398,False,False,neither_explicit_or_no_analysis,1
ST002399,False,False,neither_explicit_or_no_analysis,1
ST002400,False,False,neither_explicit_or_no_analysis,5
ST002401,False,True,untargeted_explicit_only,2
ST002402,False,True,untargeted_explicit_only,3
ST002403,False,False,neither_explicit_or_no_analysis,1
ST002404,False,False,neither_explicit_or_no_analysis,1
ST002405,False,False,neither_explicit_or_no_analysis,1
ST002406,False,False,neither_explicit_or_no_analysis,4
ST002407,False,False,neither_explicit_or_no_analysis,1
ST002408,False,True,untargeted_explicit_only,1
ST002409,False,False,neither_explicit_or_no_analysis,1
ST002411,False,False,neither_explicit_or_no_analysis,1
ST002412,False,False,neither_explicit_or_no_analysis,2
ST002413,False,False,neither_explicit_or_no_analysis,2
ST002414,False,False,neither_explicit_or_no_analysis,1
ST002415,False,False,neither_explicit_or_no_analysis,1
ST002416,False,False,neither_explicit_or_no_analysis,1
ST002417,False,False,neither_explicit_or_no_analysis,1
ST002418,False,False,neither_explicit_or_no_analysis,1
ST002419,False,False,neither_explicit_or_no_analysis,1
ST002420,False,False,neither_explicit_or_no_analysis,1
ST002421,False,False,neither_explicit_or_no_analysis,2
ST002422,False,False,neither_explicit_or_no_analysis,2
ST002423,False,True,untargeted_explicit_only,1
ST002424,False,True,untargeted_explicit_only,1
ST002425,False,True,untargeted_explicit_only,1
ST002426,False,False,neither_explicit_or_no_analysis,1
ST002427,False,False,neither_explicit_or_no_analysis,1
ST002428,False,False,neither_explicit_or_no_analysis,2
ST002429,False,True,untargeted_explicit_only,2
ST002430,False,True,untargeted_explicit_only,2
ST002431,False,False,neither_explicit_or_no_analysis,2
ST002432,False,True,untargeted_explicit_only,4
ST002433,False,False,neither_explicit_or_no_analysis,1
ST002434,False,False,neither_explicit_or_no_analysis,3
ST002435,False,False,neither_explicit_or_no_analysis,2
ST002436,False,True,untargeted_explicit_only,1
ST002437,False,True,untargeted_explicit_only,2
ST002438,False,False,neither_explicit_or_no_analysis,4
ST002439,False,True,untargeted_explicit_only,1
ST002440,False,True,untargeted_explicit_only,1
ST002441,False,True,untargeted_explicit_only,1
ST002442,False,True,untargeted_explicit_only,1
ST002443,False,True,untargeted_explicit_only,1
ST002444,False,False,neither_explicit_or_no_analysis,2
ST002445,False,False,neither_explicit_or_no_analysis,1
ST002446,False,True,untargeted_explicit_only,4
ST002447,False,False,neither_explicit_or_no_analysis,1
ST002448,False,True,untargeted_explicit_only,8
ST002449,False,True,untargeted_explicit_only,1
ST002450,False,False,neither_explicit_or_no_analysis,1
ST002451,False,False,neither_explicit_or_no_analysis,1
ST002452,False,False,neither_explicit_or_no_analysis,2
ST002453,False,False,neither_explicit_or_no_analysis,1
ST002454,False,True,untargeted_explicit_only,2
ST002455,False,False,neither_explicit_or_no_analysis,1
ST002456,False,False,neither_explicit_or_no_analysis,1
ST002457,False,False,neither_explicit_or_no_analysis,1
ST002458,False,False,neither_explicit_or_no_analysis,1
ST002459,False,False,neither_explicit_or_no_analysis,3
ST002460,False,False,neither_explicit_or_no_analysis,1
ST002461,False,False,neither_explicit_or_no_analysis,2
ST002462,False,False,neither_explicit_or_no_analysis,1
ST002463,False,False,neither_explicit_or_no_analysis,1
ST002465,False,False,neither_explicit_or_no_analysis,1
ST002466,False,False,neither_explicit_or_no_analysis,1
ST002467,False,True,untargeted_explicit_only,1
ST002468,False,False,neither_explicit_or_no_analysis,1
ST002469,False,True,untargeted_explicit_only,4
ST002470,False,True,untargeted_explicit_only,4
ST002471,False,True,untargeted_explicit_only,4
ST002472,False,True,untargeted_explicit_only,2
ST002473,False,True,untargeted_explicit_only,2
ST002474,False,False,neither_explicit_or_no_analysis,1
ST002475,False,False,neither_explicit_or_no_analysis,2
ST002476,False,False,neither_explicit_or_no_analysis,2
ST002477,False,False,neither_explicit_or_no_analysis,1
ST002478,False,True,untargeted_explicit_only,1
ST002479,False,False,neither_explicit_or_no_analysis,2
ST002480,False,True,untargeted_explicit_only,1
ST002481,False,False,neither_explicit_or_no_analysis,1
ST002482,False,True,untargeted_explicit_only,1
ST002483,False,True,untargeted_explicit_only,2
ST002484,False,False,neither_explicit_or_no_analysis,1
ST002485,False,False,neither_explicit_or_no_analysis,2
ST002486,False,False,neither_explicit_or_no_analysis,2
ST002487,False,False,neither_explicit_or_no_analysis,2
ST002488,False,False,neither_explicit_or_no_analysis,1
ST002489,False,False,neither_explicit_or_no_analysis,1
ST002490,False,False,neither_explicit_or_no_analysis,1
ST002491,False,False,neither_explicit_or_no_analysis,1
ST002492,False,False,neither_explicit_or_no_analysis,4
ST002493,False,False,neither_explicit_or_no_analysis,7
ST002494,False,False,neither_explicit_or_no_analysis,1
ST002495,False,True,untargeted_explicit_only,1
ST002496,False,False,neither_explicit_or_no_analysis,1
ST002497,False,False,neither_explicit_or_no_analysis,1
ST002498,False,False,neither_explicit_or_no_analysis,4
ST002499,False,False,neither_explicit_or_no_analysis,1
ST002500,False,False,neither_explicit_or_no_analysis,3
ST002501,False,True,untargeted_explicit_only,1
ST002502,False,True,untargeted_explicit_only,1
ST002503,False,False,neither_explicit_or_no_analysis,3
ST002504,False,True,untargeted_explicit_only,2
ST002505,False,True,untargeted_explicit_only,2
ST002506,False,False,neither_explicit_or_no_analysis,1
ST002507,False,False,neither_explicit_or_no_analysis,1
ST002508,False,False,neither_explicit_or_no_analysis,1
ST002509,False,False,neither_explicit_or_no_analysis,2
ST002510,False,False,neither_explicit_or_no_analysis,2
ST002511,False,True,untargeted_explicit_only,1
ST002512,False,False,neither_explicit_or_no_analysis,2
ST002513,False,False,neither_explicit_or_no_analysis,2
ST002514,False,True,untargeted_explicit_only,2
ST002515,False,False,neither_explicit_or_no_analysis,1
ST002516,False,False,neither_explicit_or_no_analysis,2
ST002517,False,False,neither_explicit_or_no_analysis,2
ST002518,False,False,neither_explicit_or_no_analysis,2
ST002519,False,False,neither_explicit_or_no_analysis,2
ST002520,False,True,untargeted_explicit_only,2
ST002521,False,True,untargeted_explicit_only,2
ST002522,False,False,neither_explicit_or_no_analysis,2
ST002523,False,True,untargeted_explicit_only,1
ST002524,False,False,neither_explicit_or_no_analysis,1
ST002525,False,False,neither_explicit_or_no_analysis,1
ST002526,False,False,neither_explicit_or_no_analysis,1
ST002527,False,False,neither_explicit_or_no_analysis,1
ST002528,False,False,neither_explicit_or_no_analysis,1
ST002529,False,False,neither_explicit_or_no_analysis,1
ST002530,False,False,neither_explicit_or_no_analysis,1
ST002531,False,False,neither_explicit_or_no_analysis,1
ST002532,False,True,untargeted_explicit_only,2
ST002533,False,True,untargeted_explicit_only,1
ST002534,False,False,neither_explicit_or_no_analysis,1
ST002535,False,False,neither_explicit_or_no_analysis,1
ST002536,False,False,neither_explicit_or_no_analysis,4
ST002537,False,True,untargeted_explicit_only,2
ST002539,False,False,neither_explicit_or_no_analysis,4
ST002540,False,False,neither_explicit_or_no_analysis,1
ST002541,False,False,neither_explicit_or_no_analysis,2
ST002542,False,False,neither_explicit_or_no_analysis,2
ST002543,False,False,neither_explicit_or_no_analysis,1
ST002544,False,False,neither_explicit_or_no_analysis,1
ST002545,False,True,untargeted_explicit_only,1
ST002546,False,True,untargeted_explicit_only,1
ST002547,False,False,neither_explicit_or_no_analysis,1
ST002548,False,True,untargeted_explicit_only,2
ST002549,False,False,neither_explicit_or_no_analysis,1
ST002550,False,False,neither_explicit_or_no_analysis,2
ST002551,False,False,neither_explicit_or_no_analysis,2
ST002552,False,True,untargeted_explicit_only,2
ST002553,False,False,neither_explicit_or_no_analysis,1
ST002554,False,True,untargeted_explicit_only,1
ST002555,False,False,neither_explicit_or_no_analysis,4
ST002556,False,False,neither_explicit_or_no_analysis,1
ST002557,False,True,untargeted_explicit_only,2
ST002558,False,True,untargeted_explicit_only,4
ST002559,False,True,untargeted_explicit_only,1
ST002560,False,True,untargeted_explicit_only,2
ST002561,False,False,neither_explicit_or_no_analysis,2
ST002562,False,False,neither_explicit_or_no_analysis,1
ST002563,False,False,neither_explicit_or_no_analysis,1
ST002564,False,False,neither_explicit_or_no_analysis,1
ST002565,False,False,neither_explicit_or_no_analysis,1
ST002566,False,False,neither_explicit_or_no_analysis,1
ST002567,False,False,neither_explicit_or_no_analysis,1
ST002568,False,True,untargeted_explicit_only,4
ST002569,False,True,untargeted_explicit_only,1
ST002570,False,True,untargeted_explicit_only,2
ST002571,False,False,neither_explicit_or_no_analysis,1
ST002572,False,False,neither_explicit_or_no_analysis,1
ST002573,False,False,neither_explicit_or_no_analysis,1
ST002575,False,False,neither_explicit_or_no_analysis,1
ST002576,False,False,neither_explicit_or_no_analysis,4
ST002577,False,True,untargeted_explicit_only,3
ST002578,False,False,neither_explicit_or_no_analysis,1
ST002579,False,False,neither_explicit_or_no_analysis,1
ST002580,False,False,neither_explicit_or_no_analysis,1
ST002581,False,False,neither_explicit_or_no_analysis,1
ST002582,False,False,neither_explicit_or_no_analysis,1
ST002583,False,False,neither_explicit_or_no_analysis,1
ST002584,False,False,neither_explicit_or_no_analysis,2
ST002585,False,False,neither_explicit_or_no_analysis,1
ST002586,False,False,neither_explicit_or_no_analysis,1
ST002587,False,False,neither_explicit_or_no_analysis,1
ST002588,False,False,neither_explicit_or_no_analysis,1
ST002589,False,False,neither_explicit_or_no_analysis,1
ST002590,False,False,neither_explicit_or_no_analysis,1
ST002591,False,False,neither_explicit_or_no_analysis,1
ST002592,False,False,neither_explicit_or_no_analysis,1
ST002593,False,False,neither_explicit_or_no_analysis,1
ST002594,False,False,neither_explicit_or_no_analysis,1
ST002595,False,False,neither_explicit_or_no_analysis,1
ST002596,False,False,neither_explicit_or_no_analysis,1
ST002597,False,False,neither_explicit_or_no_analysis,1
ST002598,False,False,neither_explicit_or_no_analysis,1
ST002599,False,False,neither_explicit_or_no_analysis,1
ST002600,False,False,neither_explicit_or_no_analysis,1
ST002601,False,False,neither_explicit_or_no_analysis,1
ST002602,False,False,neither_explicit_or_no_analysis,1
ST002603,False,False,neither_explicit_or_no_analysis,1
ST002604,False,False,neither_explicit_or_no_analysis,1
ST002605,False,False,neither_explicit_or_no_analysis,1
ST002606,False,False,neither_explicit_or_no_analysis,1
ST002607,False,False,neither_explicit_or_no_analysis,1
ST002608,False,False,neither_explicit_or_no_analysis,1
ST002609,False,False,neither_explicit_or_no_analysis,1
ST002610,False,False,neither_explicit_or_no_analysis,1
ST002611,False,False,neither_explicit_or_no_analysis,1
ST002612,False,False,neither_explicit_or_no_analysis,1
ST002613,False,False,neither_explicit_or_no_analysis,1
ST002614,False,False,neither_explicit_or_no_analysis,1
ST002615,False,False,neither_explicit_or_no_analysis,1
ST002616,False,False,neither_explicit_or_no_analysis,1
ST002617,False,False,neither_explicit_or_no_analysis,1
ST002618,False,False,neither_explicit_or_no_analysis,1
ST002619,False,False,neither_explicit_or_no_analysis,1
ST002620,False,False,neither_explicit_or_no_analysis,1
ST002621,False,False,neither_explicit_or_no_analysis,1
ST002622,False,False,neither_explicit_or_no_analysis,1
ST002623,False,False,neither_explicit_or_no_analysis,1
ST002624,False,False,neither_explicit_or_no_analysis,1
ST002625,False,False,neither_explicit_or_no_analysis,1
ST002626,False,False,neither_explicit_or_no_analysis,1
ST002627,False,False,neither_explicit_or_no_analysis,1
ST002628,False,True,untargeted_explicit_only,1
ST002629,False,True,untargeted_explicit_only,1
ST002630,False,True,untargeted_explicit_only,1
ST002631,False,True,untargeted_explicit_only,1
ST002632,False,True,untargeted_explicit_only,1
ST002633,False,True,untargeted_explicit_only,1
ST002634,False,True,untargeted_explicit_only,1
ST002635,False,True,untargeted_explicit_only,1
ST002636,False,True,untargeted_explicit_only,1
ST002637,False,True,untargeted_explicit_only,1
ST002638,False,True,untargeted_explicit_only,1
ST002639,False,True,untargeted_explicit_only,1
ST002640,False,True,untargeted_explicit_only,1
ST002641,False,True,untargeted_explicit_only,1
ST002642,False,True,untargeted_explicit_only,1
ST002643,False,True,untargeted_explicit_only,1
ST002644,False,True,untargeted_explicit_only,1
ST002645,False,True,untargeted_explicit_only,1
ST002646,False,True,untargeted_explicit_only,1
ST002647,False,True,untargeted_explicit_only,1
ST002648,False,True,untargeted_explicit_only,1
ST002649,False,True,untargeted_explicit_only,1
ST002650,False,True,untargeted_explicit_only,1
ST002651,False,True,untargeted_explicit_only,1
ST002652,False,True,untargeted_explicit_only,1
ST002653,False,True,untargeted_explicit_only,1
ST002654,False,True,untargeted_explicit_only,1
ST002655,False,True,untargeted_explicit_only,1
ST002656,False,True,untargeted_explicit_only,1
ST002657,False,True,untargeted_explicit_only,1
ST002658,False,True,untargeted_explicit_only,1
ST002659,False,True,untargeted_explicit_only,1
ST002660,False,False,neither_explicit_or_no_analysis,1
ST002661,False,False,neither_explicit_or_no_analysis,1
ST002662,False,False,neither_explicit_or_no_analysis,1
ST002663,False,False,neither_explicit_or_no_analysis,1
ST002664,False,True,untargeted_explicit_only,1
ST002665,False,True,untargeted_explicit_only,1
ST002666,False,True,untargeted_explicit_only,1
ST002667,False,True,untargeted_explicit_only,1
ST002668,False,True,untargeted_explicit_only,1
ST002669,False,True,untargeted_explicit_only,1
ST002670,False,True,untargeted_explicit_only,1
ST002671,False,True,untargeted_explicit_only,1
ST002672,False,True,untargeted_explicit_only,1
ST002673,False,True,untargeted_explicit_only,1
ST002674,False,True,untargeted_explicit_only,1
ST002675,False,True,untargeted_explicit_only,1
ST002676,False,True,untargeted_explicit_only,1
ST002677,False,True,untargeted_explicit_only,1
ST002678,False,True,untargeted_explicit_only,1
ST002679,False,True,untargeted_explicit_only,1
ST002680,False,True,untargeted_explicit_only,1
ST002681,False,False,neither_explicit_or_no_analysis,2
ST002682,False,True,untargeted_explicit_only,1
ST002683,False,True,untargeted_explicit_only,1
ST002684,False,True,untargeted_explicit_only,1
ST002685,False,True,untargeted_explicit_only,1
ST002686,False,True,untargeted_explicit_only,1
ST002687,False,True,untargeted_explicit_only,1
ST002688,False,True,untargeted_explicit_only,1
ST002689,False,True,untargeted_explicit_only,1
ST002690,False,True,untargeted_explicit_only,1
ST002691,False,True,untargeted_explicit_only,1
ST002692,False,True,untargeted_explicit_only,1
ST002693,False,True,untargeted_explicit_only,1
ST002694,False,True,untargeted_explicit_only,1
ST002695,False,True,untargeted_explicit_only,1
ST002696,False,True,untargeted_explicit_only,2
ST002697,False,False,neither_explicit_or_no_analysis,1
ST002698,False,False,neither_explicit_or_no_analysis,2
ST002699,False,True,untargeted_explicit_only,1
ST002700,False,False,neither_explicit_or_no_analysis,2
ST002701,False,False,neither_explicit_or_no_analysis,1
ST002702,False,False,neither_explicit_or_no_analysis,4
ST002703,False,False,neither_explicit_or_no_analysis,1
ST002704,False,True,untargeted_explicit_only,1
ST002705,False,True,untargeted_explicit_only,2
ST002706,False,True,untargeted_explicit_only,2
ST002707,False,False,neither_explicit_or_no_analysis,1
ST002708,False,False,neither_explicit_or_no_analysis,1
ST002709,False,False,neither_explicit_or_no_analysis,1
ST002710,False,True,untargeted_explicit_only,1
ST002711,False,False,neither_explicit_or_no_analysis,2
ST002712,False,False,neither_explicit_or_no_analysis,2
ST002713,False,False,neither_explicit_or_no_analysis,2
ST002714,False,False,neither_explicit_or_no_analysis,2
ST002715,False,True,untargeted_explicit_only,2
ST002716,False,False,neither_explicit_or_no_analysis,2
ST002717,False,False,neither_explicit_or_no_analysis,2
ST002718,False,False,neither_explicit_or_no_analysis,1
ST002719,False,False,neither_explicit_or_no_analysis,1
ST002720,False,False,neither_explicit_or_no_analysis,1
ST002721,False,True,untargeted_explicit_only,2
ST002722,False,True,untargeted_explicit_only,1
ST002723,False,True,untargeted_explicit_only,1
ST002724,False,False,neither_explicit_or_no_analysis,1
ST002725,False,False,neither_explicit_or_no_analysis,2
ST002726,False,False,neither_explicit_or_no_analysis,2
ST002727,False,False,neither_explicit_or_no_analysis,2
ST002728,False,True,untargeted_explicit_only,1
ST002729,False,False,neither_explicit_or_no_analysis,4
ST002730,False,False,neither_explicit_or_no_analysis,1
ST002731,False,False,neither_explicit_or_no_analysis,1
ST002732,False,False,neither_explicit_or_no_analysis,2
ST002733,False,True,untargeted_explicit_only,1
ST002734,False,True,untargeted_explicit_only,2
ST002735,False,True,untargeted_explicit_only,2
ST002736,False,False,neither_explicit_or_no_analysis,1
ST002737,False,True,untargeted_explicit_only,1
ST002738,False,True,untargeted_explicit_only,2
ST002739,False,True,untargeted_explicit_only,1
ST002740,False,False,neither_explicit_or_no_analysis,1
ST002741,False,False,neither_explicit_or_no_analysis,1
ST002742,False,True,untargeted_explicit_only,2
ST002743,False,False,neither_explicit_or_no_analysis,2
ST002744,False,False,neither_explicit_or_no_analysis,2
ST002745,False,False,neither_explicit_or_no_analysis,2
ST002746,False,False,neither_explicit_or_no_analysis,1
ST002747,False,False,neither_explicit_or_no_analysis,4
ST002748,False,True,untargeted_explicit_only,1
ST002749,False,True,untargeted_explicit_only,2
ST002750,False,True,untargeted_explicit_only,2
ST002751,False,False,neither_explicit_or_no_analysis,2
ST002752,False,False,neither_explicit_or_no_analysis,2
ST002753,False,True,untargeted_explicit_only,1
ST002754,False,False,neither_explicit_or_no_analysis,4
ST002755,False,False,neither_explicit_or_no_analysis,1
ST002756,False,False,neither_explicit_or_no_analysis,1
ST002757,False,True,untargeted_explicit_only,1
ST002758,False,False,neither_explicit_or_no_analysis,4
ST002759,False,False,neither_explicit_or_no_analysis,4
ST002760,False,False,neither_explicit_or_no_analysis,4
ST002761,False,False,neither_explicit_or_no_analysis,4
ST002762,False,True,untargeted_explicit_only,1
ST002763,False,True,untargeted_explicit_only,6
ST002764,False,False,neither_explicit_or_no_analysis,2
ST002765,False,True,untargeted_explicit_only,2
ST002766,False,True,untargeted_explicit_only,1
ST002767,False,False,neither_explicit_or_no_analysis,1
ST002768,False,True,untargeted_explicit_only,2
ST002769,False,True,untargeted_explicit_only,1
ST002770,False,True,untargeted_explicit_only,1
ST002772,False,False,neither_explicit_or_no_analysis,1
ST002773,False,True,untargeted_explicit_only,2
ST002774,False,False,neither_explicit_or_no_analysis,2
ST002775,False,False,neither_explicit_or_no_analysis,2
ST002776,False,False,neither_explicit_or_no_analysis,2
ST002777,False,True,untargeted_explicit_only,1
ST002778,False,False,neither_explicit_or_no_analysis,3
ST002779,False,False,neither_explicit_or_no_analysis,2
ST002780,False,True,untargeted_explicit_only,1
ST002781,False,False,neither_explicit_or_no_analysis,1
ST002782,False,False,neither_explicit_or_no_analysis,1
ST002783,False,False,neither_explicit_or_no_analysis,1
ST002784,False,False,neither_explicit_or_no_analysis,1
ST002785,False,False,neither_explicit_or_no_analysis,1
ST002786,False,False,neither_explicit_or_no_analysis,1
ST002787,False,False,neither_explicit_or_no_analysis,2
ST002788,False,True,untargeted_explicit_only,2
ST002789,False,True,untargeted_explicit_only,2
ST002790,False,True,untargeted_explicit_only,1
ST002791,False,False,neither_explicit_or_no_analysis,1
ST002792,False,False,neither_explicit_or_no_analysis,2
ST002793,False,False,neither_explicit_or_no_analysis,1
ST002794,False,False,neither_explicit_or_no_analysis,2
ST002795,False,False,neither_explicit_or_no_analysis,1
ST002796,False,True,untargeted_explicit_only,2
ST002797,False,False,neither_explicit_or_no_analysis,2
ST002798,False,True,untargeted_explicit_only,2
ST002799,False,True,untargeted_explicit_only,2
ST002800,False,False,neither_explicit_or_no_analysis,1
ST002801,False,False,neither_explicit_or_no_analysis,1
ST002802,False,True,untargeted_explicit_only,1
ST002803,False,False,neither_explicit_or_no_analysis,1
ST002804,False,False,neither_explicit_or_no_analysis,1
ST002805,False,False,neither_explicit_or_no_analysis,1
ST002806,False,True,untargeted_explicit_only,2
ST002807,False,True,untargeted_explicit_only,1
ST002808,False,True,untargeted_explicit_only,1
ST002809,False,False,neither_explicit_or_no_analysis,4
ST002810,False,False,neither_explicit_or_no_analysis,1
ST002811,False,True,untargeted_explicit_only,2
ST002812,False,False,neither_explicit_or_no_analysis,1
ST002813,False,False,neither_explicit_or_no_analysis,4
ST002814,False,False,neither_explicit_or_no_analysis,2
ST002815,False,False,neither_explicit_or_no_analysis,1
ST002816,False,False,neither_explicit_or_no_analysis,1
ST002817,False,False,neither_explicit_or_no_analysis,3
ST002818,False,False,neither_explicit_or_no_analysis,3
ST002819,False,False,neither_explicit_or_no_analysis,4
ST002820,False,False,neither_explicit_or_no_analysis,4
ST002821,False,True,untargeted_explicit_only,1
ST002822,False,False,neither_explicit_or_no_analysis,4
ST002823,False,True,untargeted_explicit_only,2
ST002824,False,False,neither_explicit_or_no_analysis,4
ST002825,False,False,neither_explicit_or_no_analysis,1
ST002826,False,True,untargeted_explicit_only,4
ST002827,False,False,neither_explicit_or_no_analysis,3
ST002828,False,False,neither_explicit_or_no_analysis,2
ST002829,False,False,neither_explicit_or_no_analysis,4
ST002830,False,False,neither_explicit_or_no_analysis,1
ST002831,False,False,neither_explicit_or_no_analysis,1
ST002832,False,True,untargeted_explicit_only,2
ST002833,False,True,untargeted_explicit_only,2
ST002834,False,True,untargeted_explicit_only,2
ST002835,False,False,neither_explicit_or_no_analysis,2
ST002836,False,False,neither_explicit_or_no_analysis,4
ST002837,False,False,neither_explicit_or_no_analysis,4
ST002838,False,True,untargeted_explicit_only,4
ST002839,False,True,untargeted_explicit_only,2
ST002840,False,False,neither_explicit_or_no_analysis,2
ST002841,False,False,neither_explicit_or_no_analysis,2
ST002842,False,False,neither_explicit_or_no_analysis,1
ST002843,False,False,neither_explicit_or_no_analysis,2
ST002844,False,False,neither_explicit_or_no_analysis,1
ST002845,False,True,untargeted_explicit_only,1
ST002846,False,False,neither_explicit_or_no_analysis,1
ST002847,False,False,neither_explicit_or_no_analysis,1
ST002848,False,True,untargeted_explicit_only,1
ST002849,False,True,untargeted_explicit_only,1
ST002850,False,True,untargeted_explicit_only,2
ST002851,False,True,untargeted_explicit_only,2
ST002852,False,False,neither_explicit_or_no_analysis,2
ST002853,False,True,untargeted_explicit_only,1
ST002854,False,True,untargeted_explicit_only,2
ST002855,False,True,untargeted_explicit_only,1
ST002856,False,False,neither_explicit_or_no_analysis,1
ST002857,False,False,neither_explicit_or_no_analysis,5
ST002858,False,False,neither_explicit_or_no_analysis,5
ST002859,False,False,neither_explicit_or_no_analysis,1
ST002860,False,False,neither_explicit_or_no_analysis,1
ST002861,False,False,neither_explicit_or_no_analysis,2
ST002862,False,False,neither_explicit_or_no_analysis,2
ST002863,False,False,neither_explicit_or_no_analysis,1
ST002864,False,False,neither_explicit_or_no_analysis,1
ST002865,False,False,neither_explicit_or_no_analysis,1
ST002867,False,False,neither_explicit_or_no_analysis,1
ST002868,False,False,neither_explicit_or_no_analysis,1
ST002869,False,False,neither_explicit_or_no_analysis,2
ST002870,False,False,neither_explicit_or_no_analysis,1
ST002871,False,True,untargeted_explicit_only,1
ST002872,False,False,neither_explicit_or_no_analysis,1
ST002873,False,False,neither_explicit_or_no_analysis,2
ST002874,False,False,neither_explicit_or_no_analysis,1
ST002875,False,True,untargeted_explicit_only,1
ST002876,False,False,neither_explicit_or_no_analysis,1
ST002877,False,True,untargeted_explicit_only,1
ST002878,False,False,neither_explicit_or_no_analysis,2
ST002879,False,False,neither_explicit_or_no_analysis,2
ST002880,False,False,neither_explicit_or_no_analysis,2
ST002881,False,True,untargeted_explicit_only,3
ST002882,False,True,untargeted_explicit_only,3
ST002883,False,True,untargeted_explicit_only,3
ST002884,False,True,untargeted_explicit_only,3
ST002885,False,True,untargeted_explicit_only,3
ST002886,False,True,untargeted_explicit_only,3
ST002887,False,True,untargeted_explicit_only,3
ST002888,False,True,untargeted_explicit_only,3
ST002889,False,True,untargeted_explicit_only,3
ST002890,False,False,neither_explicit_or_no_analysis,2
ST002891,False,True,untargeted_explicit_only,1
ST002892,False,False,neither_explicit_or_no_analysis,1
ST002893,False,False,neither_explicit_or_no_analysis,1
ST002894,False,False,neither_explicit_or_no_analysis,1
ST002895,False,False,neither_explicit_or_no_analysis,1
ST002896,False,False,neither_explicit_or_no_analysis,1
ST002897,False,False,neither_explicit_or_no_analysis,1
ST002898,False,False,neither_explicit_or_no_analysis,1
ST002899,False,False,neither_explicit_or_no_analysis,1
ST002900,False,False,neither_explicit_or_no_analysis,1
ST002901,False,False,neither_explicit_or_no_analysis,1
ST002902,False,False,neither_explicit_or_no_analysis,1
ST002903,False,False,neither_explicit_or_no_analysis,3
ST002904,False,True,untargeted_explicit_only,3
ST002905,False,False,neither_explicit_or_no_analysis,1
ST002906,False,False,neither_explicit_or_no_analysis,1
ST002907,False,False,neither_explicit_or_no_analysis,1
ST002908,False,False,neither_explicit_or_no_analysis,4
ST002909,False,False,neither_explicit_or_no_analysis,4
ST002910,False,False,neither_explicit_or_no_analysis,1
ST002911,False,False,neither_explicit_or_no_analysis,2
ST002912,False,False,neither_explicit_or_no_analysis,1
ST002913,False,False,neither_explicit_or_no_analysis,1
ST002914,False,False,neither_explicit_or_no_analysis,1
ST002915,False,True,untargeted_explicit_only,1
ST002916,False,True,untargeted_explicit_only,1
ST002917,False,False,neither_explicit_or_no_analysis,1
ST002918,False,True,untargeted_explicit_only,1
ST002919,False,False,neither_explicit_or_no_analysis,1
ST002920,False,False,neither_explicit_or_no_analysis,1
ST002921,False,True,untargeted_explicit_only,1
ST002922,False,False,neither_explicit_or_no_analysis,1
ST002923,False,False,neither_explicit_or_no_analysis,1
ST002924,False,False,neither_explicit_or_no_analysis,2
ST002925,False,False,neither_explicit_or_no_analysis,2
ST002926,False,False,neither_explicit_or_no_analysis,2
ST002927,False,False,neither_explicit_or_no_analysis,2
ST002928,False,False,neither_explicit_or_no_analysis,1
ST002929,False,True,untargeted_explicit_only,4
ST002930,False,True,untargeted_explicit_only,2
ST002931,False,False,neither_explicit_or_no_analysis,1
ST002932,False,True,untargeted_explicit_only,1
ST002933,False,False,neither_explicit_or_no_analysis,1
ST002934,False,True,untargeted_explicit_only,2
ST002935,False,False,neither_explicit_or_no_analysis,1
ST002937,False,True,untargeted_explicit_only,6
ST002938,False,False,neither_explicit_or_no_analysis,1
ST002939,False,False,neither_explicit_or_no_analysis,1
ST002940,False,True,untargeted_explicit_only,1
ST002941,False,False,neither_explicit_or_no_analysis,1
ST002942,False,False,neither_explicit_or_no_analysis,1
ST002943,False,False,neither_explicit_or_no_analysis,1
ST002944,False,True,untargeted_explicit_only,1
ST002945,False,True,untargeted_explicit_only,1
ST002946,False,True,untargeted_explicit_only,1
ST002947,False,True,untargeted_explicit_only,2
ST002948,False,False,neither_explicit_or_no_analysis,2
ST002949,False,False,neither_explicit_or_no_analysis,2
ST002950,False,False,neither_explicit_or_no_analysis,2
ST002952,False,False,neither_explicit_or_no_analysis,2
ST002953,False,False,neither_explicit_or_no_analysis,1
ST002954,False,False,neither_explicit_or_no_analysis,1
ST002955,False,False,neither_explicit_or_no_analysis,1
ST002956,False,False,neither_explicit_or_no_analysis,4
ST002957,False,False,neither_explicit_or_no_analysis,1
ST002958,False,False,neither_explicit_or_no_analysis,1
ST002959,False,False,neither_explicit_or_no_analysis,2
ST002960,False,True,untargeted_explicit_only,1
ST002961,False,True,untargeted_explicit_only,1
ST002962,False,False,neither_explicit_or_no_analysis,1
ST002963,False,False,neither_explicit_or_no_analysis,1
ST002964,False,True,untargeted_explicit_only,4
ST002965,False,True,untargeted_explicit_only,4
ST002966,False,False,neither_explicit_or_no_analysis,2
ST002967,False,False,neither_explicit_or_no_analysis,1
ST002968,False,False,neither_explicit_or_no_analysis,2
ST002969,False,False,neither_explicit_or_no_analysis,1
ST002970,False,False,neither_explicit_or_no_analysis,1
ST002971,False,False,neither_explicit_or_no_analysis,1
ST002972,False,False,neither_explicit_or_no_analysis,1
ST002973,False,True,untargeted_explicit_only,1
ST002974,False,True,untargeted_explicit_only,2
ST002975,False,False,neither_explicit_or_no_analysis,1
ST002976,False,False,neither_explicit_or_no_analysis,1
ST002977,False,False,neither_explicit_or_no_analysis,4
ST002978,False,False,neither_explicit_or_no_analysis,4
ST002979,False,True,untargeted_explicit_only,2
ST002980,False,True,untargeted_explicit_only,2
ST002981,False,True,untargeted_explicit_only,2
ST002982,False,False,neither_explicit_or_no_analysis,1
ST002983,False,True,untargeted_explicit_only,1
ST002984,False,False,neither_explicit_or_no_analysis,2
ST002985,False,True,untargeted_explicit_only,1
ST002986,False,True,untargeted_explicit_only,1
ST002987,False,False,neither_explicit_or_no_analysis,1
ST002988,False,True,untargeted_explicit_only,1
ST002989,False,False,neither_explicit_or_no_analysis,1
ST002990,False,False,neither_explicit_or_no_analysis,1
ST002991,False,False,neither_explicit_or_no_analysis,1
ST002992,False,False,neither_explicit_or_no_analysis,1
ST002993,False,True,untargeted_explicit_only,5
ST002994,False,False,neither_explicit_or_no_analysis,1
ST002995,False,True,untargeted_explicit_only,2
ST002996,False,True,untargeted_explicit_only,1
ST002997,False,True,untargeted_explicit_only,2
ST002998,False,False,neither_explicit_or_no_analysis,2
ST002999,False,False,neither_explicit_or_no_analysis,1
ST003000,False,True,untargeted_explicit_only,2
ST003001,False,True,untargeted_explicit_only,1
ST003002,False,False,neither_explicit_or_no_analysis,2
ST003003,False,True,untargeted_explicit_only,2
ST003004,False,True,untargeted_explicit_only,1
ST003005,False,True,untargeted_explicit_only,1
ST003006,False,True,untargeted_explicit_only,1
ST003007,False,True,untargeted_explicit_only,1
ST003008,False,True,untargeted_explicit_only,1
ST003009,False,True,untargeted_explicit_only,1
ST003010,False,True,untargeted_explicit_only,1
ST003011,False,True,untargeted_explicit_only,2
ST003012,False,False,neither_explicit_or_no_analysis,2
ST003013,False,False,neither_explicit_or_no_analysis,1
ST003014,False,False,neither_explicit_or_no_analysis,1
ST003015,False,False,neither_explicit_or_no_analysis,1
ST003016,False,True,untargeted_explicit_only,1
ST003017,False,True,untargeted_explicit_only,2
ST003018,False,False,neither_explicit_or_no_analysis,1
ST003019,False,False,neither_explicit_or_no_analysis,1
ST003020,False,False,neither_explicit_or_no_analysis,1
ST003021,False,False,neither_explicit_or_no_analysis,1
ST003022,False,False,neither_explicit_or_no_analysis,1
ST003023,False,False,neither_explicit_or_no_analysis,1
ST003024,False,False,neither_explicit_or_no_analysis,2
ST003025,False,False,neither_explicit_or_no_analysis,1
ST003026,False,False,neither_explicit_or_no_analysis,1
ST003027,False,False,neither_explicit_or_no_analysis,2
ST003028,False,False,neither_explicit_or_no_analysis,2
ST003029,False,False,neither_explicit_or_no_analysis,1
ST003030,False,True,untargeted_explicit_only,1
ST003031,False,False,neither_explicit_or_no_analysis,1
ST003032,False,False,neither_explicit_or_no_analysis,4
ST003033,False,False,neither_explicit_or_no_analysis,2
ST003034,False,False,neither_explicit_or_no_analysis,1
ST003035,False,False,neither_explicit_or_no_analysis,1
ST003036,False,False,neither_explicit_or_no_analysis,2
ST003038,False,False,neither_explicit_or_no_analysis,2
ST003039,False,False,neither_explicit_or_no_analysis,1
ST003040,False,False,neither_explicit_or_no_analysis,1
ST003041,False,True,untargeted_explicit_only,1
ST003042,False,True,untargeted_explicit_only,2
ST003043,False,False,neither_explicit_or_no_analysis,1
ST003044,False,False,neither_explicit_or_no_analysis,2
ST003045,False,False,neither_explicit_or_no_analysis,1
ST003046,False,False,neither_explicit_or_no_analysis,2
ST003047,False,False,neither_explicit_or_no_analysis,1
ST003048,False,True,untargeted_explicit_only,1
ST003049,False,False,neither_explicit_or_no_analysis,1
ST003050,False,False,neither_explicit_or_no_analysis,1
ST003051,False,False,neither_explicit_or_no_analysis,2
ST003052,False,True,untargeted_explicit_only,2
ST003053,False,False,neither_explicit_or_no_analysis,2
ST003054,False,False,neither_explicit_or_no_analysis,1
ST003055,False,False,neither_explicit_or_no_analysis,1
ST003056,False,True,untargeted_explicit_only,2
ST003057,False,False,neither_explicit_or_no_analysis,1
ST003058,False,False,neither_explicit_or_no_analysis,1
ST003059,False,False,neither_explicit_or_no_analysis,1
ST003060,False,False,neither_explicit_or_no_analysis,1
ST003061,False,True,untargeted_explicit_only,1
ST003062,False,False,neither_explicit_or_no_analysis,1
ST003063,False,False,neither_explicit_or_no_analysis,1
ST003064,False,False,neither_explicit_or_no_analysis,2
ST003065,False,False,neither_explicit_or_no_analysis,1
ST003066,False,False,neither_explicit_or_no_analysis,1
ST003067,False,True,untargeted_explicit_only,2
ST003068,False,True,untargeted_explicit_only,1
ST003069,False,False,neither_explicit_or_no_analysis,2
ST003070,False,True,untargeted_explicit_only,1
ST003071,False,True,untargeted_explicit_only,1
ST003072,False,False,neither_explicit_or_no_analysis,1
ST003073,False,False,neither_explicit_or_no_analysis,1
ST003074,False,True,untargeted_explicit_only,1
ST003075,False,True,untargeted_explicit_only,1
ST003076,False,False,neither_explicit_or_no_analysis,1
ST003077,False,False,neither_explicit_or_no_analysis,1
ST003078,False,False,neither_explicit_or_no_analysis,1
ST003079,False,False,neither_explicit_or_no_analysis,1
ST003080,False,False,neither_explicit_or_no_analysis,1
ST003081,False,False,neither_explicit_or_no_analysis,1
ST003082,False,False,neither_explicit_or_no_analysis,1
ST003083,False,False,neither_explicit_or_no_analysis,1
ST003084,False,True,untargeted_explicit_only,2
ST003085,False,False,neither_explicit_or_no_analysis,2
ST003086,False,False,neither_explicit_or_no_analysis,2
ST003087,False,False,neither_explicit_or_no_analysis,2
ST003088,False,False,neither_explicit_or_no_analysis,2
ST003089,False,False,neither_explicit_or_no_analysis,2
ST003090,False,False,neither_explicit_or_no_analysis,2
ST003091,False,True,untargeted_explicit_only,4
ST003092,False,True,untargeted_explicit_only,2
ST003093,False,True,untargeted_explicit_only,2
ST003094,False,True,untargeted_explicit_only,2
ST003095,False,False,neither_explicit_or_no_analysis,1
ST003096,False,False,neither_explicit_or_no_analysis,1
ST003097,False,False,neither_explicit_or_no_analysis,1
ST003098,False,False,neither_explicit_or_no_analysis,1
ST003099,False,False,neither_explicit_or_no_analysis,1
ST003100,False,False,neither_explicit_or_no_analysis,1
ST003101,False,True,untargeted_explicit_only,4
ST003102,False,False,neither_explicit_or_no_analysis,1
ST003103,False,False,neither_explicit_or_no_analysis,5
ST003104,False,False,neither_explicit_or_no_analysis,2
ST003105,False,False,neither_explicit_or_no_analysis,1
ST003106,False,False,neither_explicit_or_no_analysis,1
ST003107,False,False,neither_explicit_or_no_analysis,1
ST003108,False,False,neither_explicit_or_no_analysis,4
ST003109,False,True,untargeted_explicit_only,2
ST003110,False,True,untargeted_explicit_only,1
ST003111,False,False,neither_explicit_or_no_analysis,2
ST003112,False,False,neither_explicit_or_no_analysis,1
ST003113,False,False,neither_explicit_or_no_analysis,4
ST003114,False,False,neither_explicit_or_no_analysis,4
ST003115,False,True,untargeted_explicit_only,2
ST003116,False,True,untargeted_explicit_only,2
ST003118,False,False,neither_explicit_or_no_analysis,1
ST003119,False,True,untargeted_explicit_only,1
ST003120,False,True,untargeted_explicit_only,1
ST003121,False,False,neither_explicit_or_no_analysis,1
ST003122,False,False,neither_explicit_or_no_analysis,1
ST003123,False,False,neither_explicit_or_no_analysis,2
ST003124,False,True,untargeted_explicit_only,4
ST003125,False,False,neither_explicit_or_no_analysis,2
ST003126,False,True,untargeted_explicit_only,1
ST003127,False,False,neither_explicit_or_no_analysis,2
ST003128,False,True,untargeted_explicit_only,3
ST003129,False,False,neither_explicit_or_no_analysis,2
ST003130,False,False,neither_explicit_or_no_analysis,2
ST003131,False,False,neither_explicit_or_no_analysis,4
ST003132,False,False,neither_explicit_or_no_analysis,4
ST003133,False,True,untargeted_explicit_only,1
ST003134,False,True,untargeted_explicit_only,1
ST003135,False,True,untargeted_explicit_only,4
ST003136,False,False,neither_explicit_or_no_analysis,1
ST003137,False,False,neither_explicit_or_no_analysis,1
ST003138,False,False,neither_explicit_or_no_analysis,1
ST003139,False,True,untargeted_explicit_only,1
ST003140,False,True,untargeted_explicit_only,1
ST003141,False,True,untargeted_explicit_only,1
ST003142,False,True,untargeted_explicit_only,2
ST003143,False,False,neither_explicit_or_no_analysis,2
ST003144,False,False,neither_explicit_or_no_analysis,2
ST003145,False,False,neither_explicit_or_no_analysis,1
ST003146,False,False,neither_explicit_or_no_analysis,1
ST003147,False,False,neither_explicit_or_no_analysis,2
ST003148,False,False,neither_explicit_or_no_analysis,2
ST003149,False,False,neither_explicit_or_no_analysis,1
ST003150,False,False,neither_explicit_or_no_analysis,1
ST003151,False,False,neither_explicit_or_no_analysis,2
ST003152,False,False,neither_explicit_or_no_analysis,2
ST003153,False,True,untargeted_explicit_only,1
ST003154,False,False,neither_explicit_or_no_analysis,2
ST003155,False,False,neither_explicit_or_no_analysis,1
ST003156,False,False,neither_explicit_or_no_analysis,1
ST003157,False,False,neither_explicit_or_no_analysis,1
ST003159,False,True,untargeted_explicit_only,2
ST003160,False,False,neither_explicit_or_no_analysis,2
ST003161,False,False,neither_explicit_or_no_analysis,1
ST003162,False,False,neither_explicit_or_no_analysis,4
ST003165,False,False,neither_explicit_or_no_analysis,1
ST003166,False,False,neither_explicit_or_no_analysis,2
ST003167,False,False,neither_explicit_or_no_analysis,2
ST003168,False,True,untargeted_explicit_only,2
ST003169,False,False,neither_explicit_or_no_analysis,2
ST003170,False,False,neither_explicit_or_no_analysis,2
ST003171,False,True,untargeted_explicit_only,2
ST003172,False,False,neither_explicit_or_no_analysis,1
ST003173,False,False,neither_explicit_or_no_analysis,2
ST003174,False,False,neither_explicit_or_no_analysis,2
ST003175,False,False,neither_explicit_or_no_analysis,2
ST003176,False,True,untargeted_explicit_only,2
ST003177,False,False,neither_explicit_or_no_analysis,2
ST003178,False,False,neither_explicit_or_no_analysis,4
ST003179,False,False,neither_explicit_or_no_analysis,2
ST003181,False,False,neither_explicit_or_no_analysis,1
ST003182,False,False,neither_explicit_or_no_analysis,1
ST003183,False,False,neither_explicit_or_no_analysis,1
ST003184,False,False,neither_explicit_or_no_analysis,3
ST003185,False,False,neither_explicit_or_no_analysis,3
ST003186,False,True,untargeted_explicit_only,1
ST003187,False,True,untargeted_explicit_only,1
ST003188,False,False,neither_explicit_or_no_analysis,1
ST003189,False,True,untargeted_explicit_only,1
ST003190,False,False,neither_explicit_or_no_analysis,1
ST003191,False,False,neither_explicit_or_no_analysis,1
ST003192,False,False,neither_explicit_or_no_analysis,1
ST003193,False,False,neither_explicit_or_no_analysis,1
ST003194,False,False,neither_explicit_or_no_analysis,1
ST003195,False,True,untargeted_explicit_only,2
ST003196,False,True,untargeted_explicit_only,2
ST003197,False,True,untargeted_explicit_only,1
ST003198,False,True,untargeted_explicit_only,1
ST003199,False,False,neither_explicit_or_no_analysis,1
ST003200,False,False,neither_explicit_or_no_analysis,1
ST003201,False,False,neither_explicit_or_no_analysis,1
ST003202,False,False,neither_explicit_or_no_analysis,1
ST003203,False,False,neither_explicit_or_no_analysis,2
ST003204,False,False,neither_explicit_or_no_analysis,2
ST003205,False,False,neither_explicit_or_no_analysis,1
ST003206,False,False,neither_explicit_or_no_analysis,1
ST003207,False,False,neither_explicit_or_no_analysis,1
ST003208,False,False,neither_explicit_or_no_analysis,1
ST003210,False,True,untargeted_explicit_only,4
ST003211,False,False,neither_explicit_or_no_analysis,1
ST003212,False,True,untargeted_explicit_only,2
ST003213,False,False,neither_explicit_or_no_analysis,1
ST003214,False,False,neither_explicit_or_no_analysis,2
ST003215,False,False,neither_explicit_or_no_analysis,1
ST003216,False,False,neither_explicit_or_no_analysis,2
ST003217,False,True,untargeted_explicit_only,1
ST003218,False,False,neither_explicit_or_no_analysis,2
ST003219,False,True,untargeted_explicit_only,2
ST003220,False,False,neither_explicit_or_no_analysis,2
ST003221,False,False,neither_explicit_or_no_analysis,1
ST003222,False,False,neither_explicit_or_no_analysis,1
ST003223,False,True,untargeted_explicit_only,2
ST003224,False,False,neither_explicit_or_no_analysis,1
ST003225,False,False,neither_explicit_or_no_analysis,2
ST003226,False,False,neither_explicit_or_no_analysis,2
ST003237,False,True,untargeted_explicit_only,2
ST003238,False,False,neither_explicit_or_no_analysis,2
ST003239,False,False,neither_explicit_or_no_analysis,2
ST003240,False,False,neither_explicit_or_no_analysis,2
ST003241,False,False,neither_explicit_or_no_analysis,2
ST003242,False,False,neither_explicit_or_no_analysis,2
ST003243,False,False,neither_explicit_or_no_analysis,1
ST003244,False,False,neither_explicit_or_no_analysis,1
ST003245,False,False,neither_explicit_or_no_analysis,1
ST003246,False,False,neither_explicit_or_no_analysis,2
ST003247,False,False,neither_explicit_or_no_analysis,2
ST003248,False,False,neither_explicit_or_no_analysis,2
ST003249,False,False,neither_explicit_or_no_analysis,1
ST003250,False,False,neither_explicit_or_no_analysis,2
ST003251,False,False,neither_explicit_or_no_analysis,2
ST003252,False,False,neither_explicit_or_no_analysis,3
ST003253,False,False,neither_explicit_or_no_analysis,3
ST003254,False,False,neither_explicit_or_no_analysis,4
ST003255,False,False,neither_explicit_or_no_analysis,1
ST003256,False,False,neither_explicit_or_no_analysis,1
ST003257,False,False,neither_explicit_or_no_analysis,1
ST003258,False,False,neither_explicit_or_no_analysis,2
ST003259,False,False,neither_explicit_or_no_analysis,1
ST003260,False,False,neither_explicit_or_no_analysis,1
ST003261,False,False,neither_explicit_or_no_analysis,1
ST003262,False,False,neither_explicit_or_no_analysis,1
ST003263,False,True,untargeted_explicit_only,1
ST003264,False,False,neither_explicit_or_no_analysis,1
ST003265,False,False,neither_explicit_or_no_analysis,1
ST003266,False,False,neither_explicit_or_no_analysis,2
ST003267,False,False,neither_explicit_or_no_analysis,2
ST003268,False,False,neither_explicit_or_no_analysis,1
ST003269,False,False,neither_explicit_or_no_analysis,1
ST003270,False,False,neither_explicit_or_no_analysis,1
ST003271,False,False,neither_explicit_or_no_analysis,1
ST003272,False,False,neither_explicit_or_no_analysis,1
ST003273,False,False,neither_explicit_or_no_analysis,1
ST003274,False,False,neither_explicit_or_no_analysis,2
ST003275,False,False,neither_explicit_or_no_analysis,2
ST003276,False,False,neither_explicit_or_no_analysis,1
ST003277,False,False,neither_explicit_or_no_analysis,4
ST003278,False,False,neither_explicit_or_no_analysis,2
ST003279,False,False,neither_explicit_or_no_analysis,2
ST003280,False,False,neither_explicit_or_no_analysis,2
ST003281,False,False,neither_explicit_or_no_analysis,2
ST003282,False,False,neither_explicit_or_no_analysis,1
ST003283,False,False,neither_explicit_or_no_analysis,2
ST003284,False,False,neither_explicit_or_no_analysis,1
ST003285,False,False,neither_explicit_or_no_analysis,2
ST003286,False,False,neither_explicit_or_no_analysis,1
ST003287,False,False,neither_explicit_or_no_analysis,1
ST003288,False,False,neither_explicit_or_no_analysis,1
ST003289,False,True,untargeted_explicit_only,2
ST003290,False,False,neither_explicit_or_no_analysis,2
ST003291,False,False,neither_explicit_or_no_analysis,1
ST003292,False,False,neither_explicit_or_no_analysis,1
ST003293,False,False,neither_explicit_or_no_analysis,2
ST003294,False,True,untargeted_explicit_only,2
ST003295,False,False,neither_explicit_or_no_analysis,1
ST003296,False,True,untargeted_explicit_only,2
ST003297,False,False,neither_explicit_or_no_analysis,1
ST003298,False,False,neither_explicit_or_no_analysis,4
ST003299,False,False,neither_explicit_or_no_analysis,1
ST003300,False,True,untargeted_explicit_only,1
ST003301,False,False,neither_explicit_or_no_analysis,1
ST003302,False,False,neither_explicit_or_no_analysis,4
ST003303,False,True,untargeted_explicit_only,1
ST003304,False,False,neither_explicit_or_no_analysis,1
ST003305,False,True,untargeted_explicit_only,2
ST003306,False,False,neither_explicit_or_no_analysis,1
ST003307,False,False,neither_explicit_or_no_analysis,2
ST003308,False,True,untargeted_explicit_only,1
ST003309,False,False,neither_explicit_or_no_analysis,1
ST003310,False,False,neither_explicit_or_no_analysis,1
ST003311,False,False,neither_explicit_or_no_analysis,1
ST003312,False,False,neither_explicit_or_no_analysis,1
ST003313,False,False,neither_explicit_or_no_analysis,1
ST003315,False,False,neither_explicit_or_no_analysis,2
ST003316,False,True,untargeted_explicit_only,1
ST003317,False,True,untargeted_explicit_only,1
ST003318,False,False,neither_explicit_or_no_analysis,1
ST003319,False,False,neither_explicit_or_no_analysis,1
ST003320,False,False,neither_explicit_or_no_analysis,1
ST003321,False,False,neither_explicit_or_no_analysis,1
ST003322,False,True,untargeted_explicit_only,2
ST003323,False,False,neither_explicit_or_no_analysis,2
ST003324,False,True,untargeted_explicit_only,4
ST003325,False,True,untargeted_explicit_only,4
ST003326,False,False,neither_explicit_or_no_analysis,2
ST003327,False,False,neither_explicit_or_no_analysis,2
ST003328,False,False,neither_explicit_or_no_analysis,2
ST003329,False,False,neither_explicit_or_no_analysis,1
ST003330,False,False,neither_explicit_or_no_analysis,1
ST003331,False,False,neither_explicit_or_no_analysis,2
ST003332,False,False,neither_explicit_or_no_analysis,2
ST003333,False,False,neither_explicit_or_no_analysis,2
ST003334,False,True,untargeted_explicit_only,2
ST003335,False,False,neither_explicit_or_no_analysis,4
ST003336,False,False,neither_explicit_or_no_analysis,1
ST003337,False,False,neither_explicit_or_no_analysis,1
ST003338,False,True,untargeted_explicit_only,2
ST003339,False,False,neither_explicit_or_no_analysis,2
ST003340,False,False,neither_explicit_or_no_analysis,1
ST003341,False,False,neither_explicit_or_no_analysis,2
ST003342,False,False,neither_explicit_or_no_analysis,1
ST003343,False,False,neither_explicit_or_no_analysis,1
ST003344,False,False,neither_explicit_or_no_analysis,1
ST003345,False,False,neither_explicit_or_no_analysis,1
ST003346,False,False,neither_explicit_or_no_analysis,1
ST003347,False,False,neither_explicit_or_no_analysis,1
ST003348,False,False,neither_explicit_or_no_analysis,2
ST003349,False,False,neither_explicit_or_no_analysis,6
ST003350,False,True,untargeted_explicit_only,1
ST003351,False,False,neither_explicit_or_no_analysis,1
ST003352,False,True,untargeted_explicit_only,1
ST003353,False,False,neither_explicit_or_no_analysis,1
ST003354,False,False,neither_explicit_or_no_analysis,1
ST003355,False,False,neither_explicit_or_no_analysis,1
ST003356,False,False,neither_explicit_or_no_analysis,2
ST003357,False,False,neither_explicit_or_no_analysis,1
ST003358,False,False,neither_explicit_or_no_analysis,1
ST003359,False,False,neither_explicit_or_no_analysis,1
ST003360,False,False,neither_explicit_or_no_analysis,1
ST003361,False,False,neither_explicit_or_no_analysis,1
ST003362,False,False,neither_explicit_or_no_analysis,5
ST003363,False,False,neither_explicit_or_no_analysis,1
ST003364,False,False,neither_explicit_or_no_analysis,4
ST003365,False,False,neither_explicit_or_no_analysis,2
ST003366,False,False,neither_explicit_or_no_analysis,2
ST003367,False,False,neither_explicit_or_no_analysis,2
ST003368,False,True,untargeted_explicit_only,1
ST003369,False,False,neither_explicit_or_no_analysis,1
ST003370,False,True,untargeted_explicit_only,1
ST003371,False,False,neither_explicit_or_no_analysis,1
ST003372,False,False,neither_explicit_or_no_analysis,1
ST003373,False,False,neither_explicit_or_no_analysis,1
ST003374,False,False,neither_explicit_or_no_analysis,1
ST003375,False,False,neither_explicit_or_no_analysis,1
ST003376,False,False,neither_explicit_or_no_analysis,1
ST003377,False,False,neither_explicit_or_no_analysis,1
ST003378,False,False,neither_explicit_or_no_analysis,4
ST003379,False,False,neither_explicit_or_no_analysis,1
ST003380,False,True,untargeted_explicit_only,4
ST003381,False,False,neither_explicit_or_no_analysis,1
ST003382,False,False,neither_explicit_or_no_analysis,1
ST003383,False,False,neither_explicit_or_no_analysis,1
ST003384,False,False,neither_explicit_or_no_analysis,1
ST003385,False,True,untargeted_explicit_only,2
ST003386,False,True,untargeted_explicit_only,2
ST003387,False,True,untargeted_explicit_only,8
ST003388,False,False,neither_explicit_or_no_analysis,1
ST003389,False,False,neither_explicit_or_no_analysis,2
ST003390,False,False,neither_explicit_or_no_analysis,6
ST003391,False,False,neither_explicit_or_no_analysis,1
ST003392,False,False,neither_explicit_or_no_analysis,1
ST003393,False,False,neither_explicit_or_no_analysis,1
ST003394,False,False,neither_explicit_or_no_analysis,1
ST003395,False,False,neither_explicit_or_no_analysis,1
ST003397,False,False,neither_explicit_or_no_analysis,2
ST003398,False,False,neither_explicit_or_no_analysis,2
ST003399,False,True,untargeted_explicit_only,1
ST003400,False,True,untargeted_explicit_only,2
ST003401,False,False,neither_explicit_or_no_analysis,1
ST003403,False,False,neither_explicit_or_no_analysis,2
ST003404,False,False,neither_explicit_or_no_analysis,2
ST003405,False,False,neither_explicit_or_no_analysis,2
ST003407,False,False,neither_explicit_or_no_analysis,1
ST003409,False,False,neither_explicit_or_no_analysis,3
ST003410,False,False,neither_explicit_or_no_analysis,3
ST003411,False,False,neither_explicit_or_no_analysis,2
ST003412,False,False,neither_explicit_or_no_analysis,2
ST003413,False,True,untargeted_explicit_only,2
ST003414,False,True,untargeted_explicit_only,2
ST003415,False,True,untargeted_explicit_only,1
ST003416,False,False,neither_explicit_or_no_analysis,1
ST003417,False,False,neither_explicit_or_no_analysis,1
ST003418,False,False,neither_explicit_or_no_analysis,1
ST003419,False,False,neither_explicit_or_no_analysis,1
ST003420,False,False,neither_explicit_or_no_analysis,1
ST003421,False,False,neither_explicit_or_no_analysis,1
ST003422,False,False,neither_explicit_or_no_analysis,1
ST003423,False,False,neither_explicit_or_no_analysis,1
ST003424,False,False,neither_explicit_or_no_analysis,1
ST003425,False,False,neither_explicit_or_no_analysis,1
ST003426,False,False,neither_explicit_or_no_analysis,2
ST003427,False,False,neither_explicit_or_no_analysis,2
ST003428,False,False,neither_explicit_or_no_analysis,2
ST003429,False,False,neither_explicit_or_no_analysis,2
ST003430,False,False,neither_explicit_or_no_analysis,2
ST003431,False,False,neither_explicit_or_no_analysis,2
ST003432,False,False,neither_explicit_or_no_analysis,2
ST003433,False,False,neither_explicit_or_no_analysis,2
ST003434,False,False,neither_explicit_or_no_analysis,2
ST003435,False,False,neither_explicit_or_no_analysis,2
ST003436,False,False,neither_explicit_or_no_analysis,2
ST003437,False,False,neither_explicit_or_no_analysis,2
ST003438,False,False,neither_explicit_or_no_analysis,4
ST003439,False,True,untargeted_explicit_only,2
ST003440,False,True,untargeted_explicit_only,2
ST003441,False,False,neither_explicit_or_no_analysis,1
ST003442,False,False,neither_explicit_or_no_analysis,1
ST003443,False,False,neither_explicit_or_no_analysis,1
ST003444,False,False,neither_explicit_or_no_analysis,1
ST003445,False,False,neither_explicit_or_no_analysis,1
ST003446,False,False,neither_explicit_or_no_analysis,1
ST003447,False,False,neither_explicit_or_no_analysis,1
ST003448,False,False,neither_explicit_or_no_analysis,1
ST003449,False,False,neither_explicit_or_no_analysis,1
ST003450,False,False,neither_explicit_or_no_analysis,1
ST003451,False,False,neither_explicit_or_no_analysis,1
ST003452,False,False,neither_explicit_or_no_analysis,2
ST003453,False,False,neither_explicit_or_no_analysis,3
ST003454,False,False,neither_explicit_or_no_analysis,1
ST003455,False,False,neither_explicit_or_no_analysis,1
ST003456,False,True,untargeted_explicit_only,2
ST003457,False,True,untargeted_explicit_only,2
ST003458,False,True,untargeted_explicit_only,2
ST003459,False,True,untargeted_explicit_only,2
ST003460,False,True,untargeted_explicit_only,2
ST003461,False,True,untargeted_explicit_only,2
ST003462,False,True,untargeted_explicit_only,2
ST003464,False,True,untargeted_explicit_only,2
ST003465,False,True,untargeted_explicit_only,2
ST003466,False,True,untargeted_explicit_only,2
ST003467,False,True,untargeted_explicit_only,2
ST003468,False,True,untargeted_explicit_only,2
ST003469,False,True,untargeted_explicit_only,2
ST003470,False,False,neither_explicit_or_no_analysis,1
ST003471,False,False,neither_explicit_or_no_analysis,1
ST003472,False,False,neither_explicit_or_no_analysis,1
ST003473,False,False,neither_explicit_or_no_analysis,1
ST003474,False,True,untargeted_explicit_only,1
ST003475,False,False,neither_explicit_or_no_analysis,1
ST003476,False,False,neither_explicit_or_no_analysis,1
ST003477,False,False,neither_explicit_or_no_analysis,1
ST003478,False,False,neither_explicit_or_no_analysis,1
ST003479,False,False,neither_explicit_or_no_analysis,1
ST003480,False,False,neither_explicit_or_no_analysis,1
ST003481,False,False,neither_explicit_or_no_analysis,1
ST003482,False,False,neither_explicit_or_no_analysis,2
ST003483,False,False,neither_explicit_or_no_analysis,2
ST003484,False,False,neither_explicit_or_no_analysis,2
ST003485,False,False,neither_explicit_or_no_analysis,1
ST003486,False,False,neither_explicit_or_no_analysis,1
ST003487,False,False,neither_explicit_or_no_analysis,1
ST003488,False,False,neither_explicit_or_no_analysis,1
ST003489,False,False,neither_explicit_or_no_analysis,2
ST003490,False,False,neither_explicit_or_no_analysis,2
ST003491,False,False,neither_explicit_or_no_analysis,1
ST003492,False,False,neither_explicit_or_no_analysis,1
ST003493,False,True,untargeted_explicit_only,1
ST003495,False,False,neither_explicit_or_no_analysis,2
ST003496,False,False,neither_explicit_or_no_analysis,2
ST003497,False,False,neither_explicit_or_no_analysis,2
ST003498,False,False,neither_explicit_or_no_analysis,2
ST003499,False,False,neither_explicit_or_no_analysis,2
ST003500,False,True,untargeted_explicit_only,1
ST003501,False,False,neither_explicit_or_no_analysis,4
ST003502,False,False,neither_explicit_or_no_analysis,1
ST003504,False,False,neither_explicit_or_no_analysis,1
ST003505,False,True,untargeted_explicit_only,3
ST003506,False,False,neither_explicit_or_no_analysis,1
ST003507,False,True,untargeted_explicit_only,4
ST003508,False,True,untargeted_explicit_only,2
ST003509,False,False,neither_explicit_or_no_analysis,1
ST003510,False,False,neither_explicit_or_no_analysis,1
ST003511,False,True,untargeted_explicit_only,1
ST003512,False,False,neither_explicit_or_no_analysis,1
ST003514,False,False,neither_explicit_or_no_analysis,2
ST003515,False,True,untargeted_explicit_only,2
ST003516,False,False,neither_explicit_or_no_analysis,1
ST003517,False,False,neither_explicit_or_no_analysis,1
ST003518,False,False,neither_explicit_or_no_analysis,2
ST003519,False,False,neither_explicit_or_no_analysis,1
ST003520,False,False,neither_explicit_or_no_analysis,4
ST003521,False,False,neither_explicit_or_no_analysis,2
ST003522,False,False,neither_explicit_or_no_analysis,1
ST003523,False,False,neither_explicit_or_no_analysis,2
ST003524,False,False,neither_explicit_or_no_analysis,1
ST003525,False,False,neither_explicit_or_no_analysis,2
ST003526,False,False,neither_explicit_or_no_analysis,2
ST003527,False,False,neither_explicit_or_no_analysis,3
ST003528,False,False,neither_explicit_or_no_analysis,2
ST003529,False,False,neither_explicit_or_no_analysis,1
ST003530,False,False,neither_explicit_or_no_analysis,2
ST003531,False,False,neither_explicit_or_no_analysis,2
ST003532,False,False,neither_explicit_or_no_analysis,2
ST003533,False,False,neither_explicit_or_no_analysis,1
ST003534,False,False,neither_explicit_or_no_analysis,1
ST003535,False,True,untargeted_explicit_only,2
ST003536,False,True,untargeted_explicit_only,1
ST003537,False,False,neither_explicit_or_no_analysis,1
ST003538,False,False,neither_explicit_or_no_analysis,1
ST003539,False,False,neither_explicit_or_no_analysis,1
ST003540,False,False,neither_explicit_or_no_analysis,1
ST003541,False,False,neither_explicit_or_no_analysis,1
ST003542,False,True,untargeted_explicit_only,4
ST003544,False,True,untargeted_explicit_only,3
ST003546,False,False,neither_explicit_or_no_analysis,4
ST003547,False,False,neither_explicit_or_no_analysis,2
ST003548,False,False,neither_explicit_or_no_analysis,2
ST003549,False,False,neither_explicit_or_no_analysis,2
ST003550,False,False,neither_explicit_or_no_analysis,2
ST003551,False,False,neither_explicit_or_no_analysis,2
ST003552,False,False,neither_explicit_or_no_analysis,1
ST003553,False,False,neither_explicit_or_no_analysis,2
ST003554,False,False,neither_explicit_or_no_analysis,2
ST003555,False,False,neither_explicit_or_no_analysis,1
ST003556,False,False,neither_explicit_or_no_analysis,2
ST003557,False,False,neither_explicit_or_no_analysis,2
ST003558,False,False,neither_explicit_or_no_analysis,1
ST003559,False,False,neither_explicit_or_no_analysis,1
ST003560,False,True,untargeted_explicit_only,1
ST003561,False,False,neither_explicit_or_no_analysis,1
ST003562,False,False,neither_explicit_or_no_analysis,1
ST003563,False,False,neither_explicit_or_no_analysis,1
ST003564,False,True,untargeted_explicit_only,2
ST003565,False,False,neither_explicit_or_no_analysis,2
ST003566,False,False,neither_explicit_or_no_analysis,1
ST003567,False,False,neither_explicit_or_no_analysis,1
ST003568,False,True,untargeted_explicit_only,2
ST003569,False,True,untargeted_explicit_only,2
ST003570,False,False,neither_explicit_or_no_analysis,1
ST003571,False,False,neither_explicit_or_no_analysis,1
ST003572,False,False,neither_explicit_or_no_analysis,1
ST003575,False,False,neither_explicit_or_no_analysis,1
ST003576,False,True,untargeted_explicit_only,2
ST003577,False,False,neither_explicit_or_no_analysis,1
ST003578,False,False,neither_explicit_or_no_analysis,3
ST003579,False,True,untargeted_explicit_only,2
ST003580,False,False,neither_explicit_or_no_analysis,4
ST003581,False,True,untargeted_explicit_only,1
ST003583,False,False,neither_explicit_or_no_analysis,1
ST003584,False,False,neither_explicit_or_no_analysis,1
ST003585,False,False,neither_explicit_or_no_analysis,1
ST003586,False,False,neither_explicit_or_no_analysis,2
ST003587,False,False,neither_explicit_or_no_analysis,1
ST003588,False,False,neither_explicit_or_no_analysis,1
ST003589,False,True,untargeted_explicit_only,2
ST003590,False,True,untargeted_explicit_only,2
ST003595,False,True,untargeted_explicit_only,2
ST003596,False,False,neither_explicit_or_no_analysis,3
ST003597,False,False,neither_explicit_or_no_analysis,2
ST003598,False,False,neither_explicit_or_no_analysis,4
ST003599,False,False,neither_explicit_or_no_analysis,1
ST003600,False,False,neither_explicit_or_no_analysis,2
ST003601,False,False,neither_explicit_or_no_analysis,1
ST003602,False,False,neither_explicit_or_no_analysis,1
ST003603,False,False,neither_explicit_or_no_analysis,2
ST003604,False,False,neither_explicit_or_no_analysis,2
ST003605,False,False,neither_explicit_or_no_analysis,2
ST003606,False,False,neither_explicit_or_no_analysis,2
ST003607,False,False,neither_explicit_or_no_analysis,2
ST003608,False,False,neither_explicit_or_no_analysis,2
ST003609,False,False,neither_explicit_or_no_analysis,2
ST003610,False,False,neither_explicit_or_no_analysis,2
ST003611,False,False,neither_explicit_or_no_analysis,2
ST003612,False,False,neither_explicit_or_no_analysis,1
ST003613,False,True,untargeted_explicit_only,1
ST003614,False,False,neither_explicit_or_no_analysis,1
ST003615,False,False,neither_explicit_or_no_analysis,1
ST003616,False,True,untargeted_explicit_only,2
ST003617,False,False,neither_explicit_or_no_analysis,1
ST003622,False,False,neither_explicit_or_no_analysis,4
ST003623,False,False,neither_explicit_or_no_analysis,1
ST003624,False,False,neither_explicit_or_no_analysis,1
ST003625,False,False,neither_explicit_or_no_analysis,1
ST003626,False,False,neither_explicit_or_no_analysis,2
ST003627,False,False,neither_explicit_or_no_analysis,2
ST003629,False,False,neither_explicit_or_no_analysis,2
ST003630,False,False,neither_explicit_or_no_analysis,1
ST003632,False,False,neither_explicit_or_no_analysis,1
ST003633,False,False,neither_explicit_or_no_analysis,1
ST003634,False,False,neither_explicit_or_no_analysis,1
ST003635,False,False,neither_explicit_or_no_analysis,1
ST003636,False,False,neither_explicit_or_no_analysis,4
ST003637,False,False,neither_explicit_or_no_analysis,2
ST003638,False,False,neither_explicit_or_no_analysis,1
ST003639,False,False,neither_explicit_or_no_analysis,2
ST003641,False,False,neither_explicit_or_no_analysis,2
ST003642,False,False,neither_explicit_or_no_analysis,1
ST003643,False,False,neither_explicit_or_no_analysis,1
ST003644,False,True,untargeted_explicit_only,1
ST003645,False,False,neither_explicit_or_no_analysis,2
ST003647,False,False,neither_explicit_or_no_analysis,6
ST003648,False,False,neither_explicit_or_no_analysis,1
ST003649,False,False,neither_explicit_or_no_analysis,1
ST003650,False,False,neither_explicit_or_no_analysis,1
ST003651,False,False,neither_explicit_or_no_analysis,1
ST003652,False,True,untargeted_explicit_only,3
ST003653,False,False,neither_explicit_or_no_analysis,3
ST003654,False,True,untargeted_explicit_only,1
ST003655,False,False,neither_explicit_or_no_analysis,1
ST003656,False,False,neither_explicit_or_no_analysis,1
ST003657,False,False,neither_explicit_or_no_analysis,1
ST003658,False,False,neither_explicit_or_no_analysis,1
ST003659,False,True,untargeted_explicit_only,2
ST003660,False,False,neither_explicit_or_no_analysis,1
ST003661,False,False,neither_explicit_or_no_analysis,2
ST003662,False,False,neither_explicit_or_no_analysis,2
ST003663,False,False,neither_explicit_or_no_analysis,1
ST003664,False,False,neither_explicit_or_no_analysis,2
ST003665,False,False,neither_explicit_or_no_analysis,1
ST003666,False,False,neither_explicit_or_no_analysis,1
ST003667,False,True,untargeted_explicit_only,1
ST003669,False,True,untargeted_explicit_only,1
ST003670,False,True,untargeted_explicit_only,1
ST003671,False,False,neither_explicit_or_no_analysis,1
ST003672,False,False,neither_explicit_or_no_analysis,2
ST003673,False,False,neither_explicit_or_no_analysis,4
ST003674,False,False,neither_explicit_or_no_analysis,1
ST003675,False,False,neither_explicit_or_no_analysis,1
ST003678,False,False,neither_explicit_or_no_analysis,1
ST003679,False,False,neither_explicit_or_no_analysis,1
ST003680,False,False,neither_explicit_or_no_analysis,1
ST003681,False,False,neither_explicit_or_no_analysis,1
ST003683,False,False,neither_explicit_or_no_analysis,1
ST003685,False,False,neither_explicit_or_no_analysis,1
ST003686,False,False,neither_explicit_or_no_analysis,2
ST003687,False,True,untargeted_explicit_only,2
ST003688,False,True,untargeted_explicit_only,2
ST003689,False,True,untargeted_explicit_only,1
ST003691,False,False,neither_explicit_or_no_analysis,1
ST003692,False,True,untargeted_explicit_only,1
ST003694,False,False,neither_explicit_or_no_analysis,2
ST003695,False,False,neither_explicit_or_no_analysis,2
ST003696,False,True,untargeted_explicit_only,2
ST003697,False,True,untargeted_explicit_only,2
ST003698,False,False,neither_explicit_or_no_analysis,1
ST003699,False,True,untargeted_explicit_only,1
ST003700,False,True,untargeted_explicit_only,2
ST003701,False,False,neither_explicit_or_no_analysis,2
ST003702,False,False,neither_explicit_or_no_analysis,1
ST003703,False,False,neither_explicit_or_no_analysis,2
ST003704,False,False,neither_explicit_or_no_analysis,1
ST003705,False,False,neither_explicit_or_no_analysis,2
ST003706,False,True,untargeted_explicit_only,2
ST003707,False,True,untargeted_explicit_only,1
ST003708,False,True,untargeted_explicit_only,2
ST003709,False,True,untargeted_explicit_only,2
ST003710,False,False,neither_explicit_or_no_analysis,1
ST003711,False,True,untargeted_explicit_only,4
ST003712,False,False,neither_explicit_or_no_analysis,2
ST003713,False,True,untargeted_explicit_only,1
ST003714,False,False,neither_explicit_or_no_analysis,1
ST003715,False,False,neither_explicit_or_no_analysis,1
ST003716,False,False,neither_explicit_or_no_analysis,1
ST003717,False,False,neither_explicit_or_no_analysis,1
ST003718,False,False,neither_explicit_or_no_analysis,1
ST003719,False,False,neither_explicit_or_no_analysis,1
ST003720,False,False,neither_explicit_or_no_analysis,2
ST003721,False,False,neither_explicit_or_no_analysis,2
ST003722,False,False,neither_explicit_or_no_analysis,2
ST003723,False,False,neither_explicit_or_no_analysis,2
ST003724,False,False,neither_explicit_or_no_analysis,2
ST003725,False,False,neither_explicit_or_no_analysis,1
ST003726,False,False,neither_explicit_or_no_analysis,1
ST003727,False,False,neither_explicit_or_no_analysis,2
ST003728,False,False,neither_explicit_or_no_analysis,2
ST003729,False,False,neither_explicit_or_no_analysis,3
ST003730,False,False,neither_explicit_or_no_analysis,2
ST003731,False,False,neither_explicit_or_no_analysis,1
ST003732,False,False,neither_explicit_or_no_analysis,1
ST003733,False,True,untargeted_explicit_only,2
ST003734,False,False,neither_explicit_or_no_analysis,2
ST003735,False,False,neither_explicit_or_no_analysis,2
ST003736,False,False,neither_explicit_or_no_analysis,2
ST003737,False,False,neither_explicit_or_no_analysis,4
ST003738,False,True,untargeted_explicit_only,3
ST003739,False,False,neither_explicit_or_no_analysis,1
ST003740,False,True,untargeted_explicit_only,2
ST003741,False,False,neither_explicit_or_no_analysis,2
ST003743,False,False,neither_explicit_or_no_analysis,1
ST003744,False,False,neither_explicit_or_no_analysis,1
ST003745,False,False,neither_explicit_or_no_analysis,2
ST003746,False,False,neither_explicit_or_no_analysis,1
ST003747,False,False,neither_explicit_or_no_analysis,2
ST003748,False,False,neither_explicit_or_no_analysis,1
ST003749,False,False,neither_explicit_or_no_analysis,1
ST003750,False,True,untargeted_explicit_only,1
ST003751,False,False,neither_explicit_or_no_analysis,4
ST003753,False,False,neither_explicit_or_no_analysis,1
ST003756,False,True,untargeted_explicit_only,1
ST003757,False,False,neither_explicit_or_no_analysis,2
ST003758,False,False,neither_explicit_or_no_analysis,2
ST003759,False,False,neither_explicit_or_no_analysis,2
ST003760,False,False,neither_explicit_or_no_analysis,2
ST003761,False,False,neither_explicit_or_no_analysis,1
ST003762,False,False,neither_explicit_or_no_analysis,1
ST003763,False,False,neither_explicit_or_no_analysis,1
ST003764,False,False,neither_explicit_or_no_analysis,1
ST003765,False,False,neither_explicit_or_no_analysis,1
ST003766,False,True,untargeted_explicit_only,2
ST003767,False,True,untargeted_explicit_only,2
ST003768,False,False,neither_explicit_or_no_analysis,2
ST003769,False,False,neither_explicit_or_no_analysis,3
ST003770,False,False,neither_explicit_or_no_analysis,1
ST003773,False,True,untargeted_explicit_only,2
ST003774,False,True,untargeted_explicit_only,2
ST003775,False,True,untargeted_explicit_only,4
ST003776,False,False,neither_explicit_or_no_analysis,1
ST003777,False,True,untargeted_explicit_only,2
ST003778,False,False,neither_explicit_or_no_analysis,2
ST003779,False,False,neither_explicit_or_no_analysis,1
ST003780,False,True,untargeted_explicit_only,1
ST003781,False,True,untargeted_explicit_only,2
ST003782,False,True,untargeted_explicit_only,2
ST003783,False,True,untargeted_explicit_only,4
ST003784,False,False,neither_explicit_or_no_analysis,2
ST003785,False,False,neither_explicit_or_no_analysis,2
ST003786,False,True,untargeted_explicit_only,1
ST003788,False,True,untargeted_explicit_only,4
ST003789,False,False,neither_explicit_or_no_analysis,2
ST003790,False,False,neither_explicit_or_no_analysis,2
ST003791,False,False,neither_explicit_or_no_analysis,1
ST003792,False,False,neither_explicit_or_no_analysis,2
ST003793,False,False,neither_explicit_or_no_analysis,1
ST003794,False,False,neither_explicit_or_no_analysis,2
ST003795,False,False,neither_explicit_or_no_analysis,3
ST003796,False,True,untargeted_explicit_only,1
ST003797,False,False,neither_explicit_or_no_analysis,1
ST003798,False,False,neither_explicit_or_no_analysis,1
ST003799,False,True,untargeted_explicit_only,4
ST003800,False,False,neither_explicit_or_no_analysis,1
ST003801,False,False,neither_explicit_or_no_analysis,1
ST003802,False,False,neither_explicit_or_no_analysis,2
ST003803,False,False,neither_explicit_or_no_analysis,1
ST003804,False,False,neither_explicit_or_no_analysis,1
ST003805,False,True,untargeted_explicit_only,4
ST003806,False,True,untargeted_explicit_only,1
ST003807,False,True,untargeted_explicit_only,2
ST003808,False,False,neither_explicit_or_no_analysis,2
ST003809,False,True,untargeted_explicit_only,1
ST003810,False,True,untargeted_explicit_only,1
ST003811,False,True,untargeted_explicit_only,2
ST003812,False,False,neither_explicit_or_no_analysis,2
ST003813,False,False,neither_explicit_or_no_analysis,2
ST003814,False,False,neither_explicit_or_no_analysis,2
ST003815,False,True,untargeted_explicit_only,1
ST003817,False,False,neither_explicit_or_no_analysis,2
ST003818,False,False,neither_explicit_or_no_analysis,2
ST003819,False,False,neither_explicit_or_no_analysis,2
ST003820,False,False,neither_explicit_or_no_analysis,1
ST003821,False,False,neither_explicit_or_no_analysis,1
ST003822,False,False,neither_explicit_or_no_analysis,1
ST003823,False,False,neither_explicit_or_no_analysis,1
ST003824,False,False,neither_explicit_or_no_analysis,1
ST003825,False,False,neither_explicit_or_no_analysis,1
ST003826,False,False,neither_explicit_or_no_analysis,1
ST003827,False,False,neither_explicit_or_no_analysis,1
ST003828,False,False,neither_explicit_or_no_analysis,1
ST003829,False,False,neither_explicit_or_no_analysis,2
ST003830,False,False,neither_explicit_or_no_analysis,1
ST003831,False,False,neither_explicit_or_no_analysis,1
ST003832,False,False,neither_explicit_or_no_analysis,1
ST003833,False,False,neither_explicit_or_no_analysis,2
ST003834,False,True,untargeted_explicit_only,1
ST003835,False,True,untargeted_explicit_only,2
ST003836,False,False,neither_explicit_or_no_analysis,2
ST003837,False,True,untargeted_explicit_only,4
ST003838,False,False,neither_explicit_or_no_analysis,3
ST003839,False,True,untargeted_explicit_only,1
ST003841,False,False,neither_explicit_or_no_analysis,1
ST003842,False,False,neither_explicit_or_no_analysis,2
ST003843,False,False,neither_explicit_or_no_analysis,2
ST003845,False,False,neither_explicit_or_no_analysis,1
ST003846,False,False,neither_explicit_or_no_analysis,2
ST003847,False,False,neither_explicit_or_no_analysis,1
ST003848,False,False,neither_explicit_or_no_analysis,2
ST003849,False,True,untargeted_explicit_only,2
ST003850,False,False,neither_explicit_or_no_analysis,1
ST003851,False,True,untargeted_explicit_only,2
ST003852,False,True,untargeted_explicit_only,1
ST003853,False,False,neither_explicit_or_no_analysis,1
ST003854,False,True,untargeted_explicit_only,1
ST003855,False,True,untargeted_explicit_only,1
ST003857,False,False,neither_explicit_or_no_analysis,1
ST003858,False,False,neither_explicit_or_no_analysis,2
ST003859,False,False,neither_explicit_or_no_analysis,1
ST003861,False,False,neither_explicit_or_no_analysis,1
ST003862,False,True,untargeted_explicit_only,1
ST003863,False,False,neither_explicit_or_no_analysis,1
ST003865,False,True,untargeted_explicit_only,2
ST003866,False,True,untargeted_explicit_only,1
ST003867,False,False,neither_explicit_or_no_analysis,2
ST003868,False,False,neither_explicit_or_no_analysis,1
ST003869,False,False,neither_explicit_or_no_analysis,1
ST003870,False,True,untargeted_explicit_only,2
ST003871,False,False,neither_explicit_or_no_analysis,1
ST003872,False,False,neither_explicit_or_no_analysis,2
ST003873,False,False,neither_explicit_or_no_analysis,1
ST003874,False,True,untargeted_explicit_only,1
ST003875,False,True,untargeted_explicit_only,1
ST003876,False,False,neither_explicit_or_no_analysis,1
ST003877,False,False,neither_explicit_or_no_analysis,1
ST003878,False,True,untargeted_explicit_only,2
ST003879,False,False,neither_explicit_or_no_analysis,1
ST003880,False,False,neither_explicit_or_no_analysis,1
ST003881,False,True,untargeted_explicit_only,2
ST003882,False,True,untargeted_explicit_only,1
ST003883,False,False,neither_explicit_or_no_analysis,2
ST003884,False,False,neither_explicit_or_no_analysis,2
ST003885,False,False,neither_explicit_or_no_analysis,1
ST003886,False,False,neither_explicit_or_no_analysis,2
ST003887,False,False,neither_explicit_or_no_analysis,2
ST003888,False,False,neither_explicit_or_no_analysis,2
ST003889,False,False,neither_explicit_or_no_analysis,2
ST003890,False,False,neither_explicit_or_no_analysis,2
ST003891,False,False,neither_explicit_or_no_analysis,2
ST003892,False,False,neither_explicit_or_no_analysis,1
ST003893,False,False,neither_explicit_or_no_analysis,2
ST003894,False,False,neither_explicit_or_no_analysis,1
ST003895,False,False,neither_explicit_or_no_analysis,1
ST003896,False,False,neither_explicit_or_no_analysis,1
ST003897,False,False,neither_explicit_or_no_analysis,1
ST003898,False,False,neither_explicit_or_no_analysis,1
ST003899,False,False,neither_explicit_or_no_analysis,1
ST003900,False,False,neither_explicit_or_no_analysis,1
ST003902,False,False,neither_explicit_or_no_analysis,1
ST003903,False,True,untargeted_explicit_only,2
ST003904,False,False,neither_explicit_or_no_analysis,1
ST003905,False,False,neither_explicit_or_no_analysis,1
ST003906,False,False,neither_explicit_or_no_analysis,1
ST003907,False,True,untargeted_explicit_only,2
ST003908,False,True,untargeted_explicit_only,2
ST003909,False,True,untargeted_explicit_only,2
ST003910,False,True,untargeted_explicit_only,3
ST003911,False,True,untargeted_explicit_only,3
ST003912,False,False,neither_explicit_or_no_analysis,1
ST003913,False,False,neither_explicit_or_no_analysis,2
ST003914,False,False,neither_explicit_or_no_analysis,1
ST003917,False,False,neither_explicit_or_no_analysis,4
ST003918,False,False,neither_explicit_or_no_analysis,1
ST003919,False,True,untargeted_explicit_only,1
ST003920,False,False,neither_explicit_or_no_analysis,2
ST003921,False,True,untargeted_explicit_only,1
ST003922,False,False,neither_explicit_or_no_analysis,1
ST003923,False,False,neither_explicit_or_no_analysis,2
ST003924,False,False,neither_explicit_or_no_analysis,1
ST003925,False,False,neither_explicit_or_no_analysis,1
ST003926,False,False,neither_explicit_or_no_analysis,2
ST003927,False,False,neither_explicit_or_no_analysis,1
ST003928,False,True,untargeted_explicit_only,1
ST003929,False,False,neither_explicit_or_no_analysis,1
ST003930,False,True,untargeted_explicit_only,1
ST003931,False,True,untargeted_explicit_only,3
ST003932,False,False,neither_explicit_or_no_analysis,1
ST003933,False,True,untargeted_explicit_only,1
ST003934,False,False,neither_explicit_or_no_analysis,1
ST003935,False,True,untargeted_explicit_only,2
ST003936,False,True,untargeted_explicit_only,3
ST003937,False,False,neither_explicit_or_no_analysis,2
ST003938,False,False,neither_explicit_or_no_analysis,1
ST003939,False,False,neither_explicit_or_no_analysis,1
ST003940,False,True,untargeted_explicit_only,8
ST003941,False,True,untargeted_explicit_only,1
ST003942,False,False,neither_explicit_or_no_analysis,1
ST003943,False,False,neither_explicit_or_no_analysis,1
ST003944,False,False,neither_explicit_or_no_analysis,2
ST003945,False,False,neither_explicit_or_no_analysis,2
ST003946,False,False,neither_explicit_or_no_analysis,1
ST003947,False,False,neither_explicit_or_no_analysis,1
ST003949,False,False,neither_explicit_or_no_analysis,1
ST003950,False,False,neither_explicit_or_no_analysis,1
ST003951,False,False,neither_explicit_or_no_analysis,2
ST003952,False,True,untargeted_explicit_only,2
ST003953,False,True,untargeted_explicit_only,2
ST003954,False,False,neither_explicit_or_no_analysis,2
ST003955,False,False,neither_explicit_or_no_analysis,2
ST003957,False,True,untargeted_explicit_only,1
ST003958,False,True,untargeted_explicit_only,2
ST003959,False,False,neither_explicit_or_no_analysis,1
ST003960,False,False,neither_explicit_or_no_analysis,1
ST003961,False,False,neither_explicit_or_no_analysis,1
ST003962,False,False,neither_explicit_or_no_analysis,1
ST003963,False,True,untargeted_explicit_only,4
ST003964,False,True,untargeted_explicit_only,4
ST003965,False,True,untargeted_explicit_only,4
ST003966,False,True,untargeted_explicit_only,4
ST003967,False,False,neither_explicit_or_no_analysis,2
ST003968,False,False,neither_explicit_or_no_analysis,1
ST003969,False,False,neither_explicit_or_no_analysis,1
ST003970,False,False,neither_explicit_or_no_analysis,6
ST003972,False,False,neither_explicit_or_no_analysis,3
ST003973,False,False,neither_explicit_or_no_analysis,2
ST003974,False,True,untargeted_explicit_only,2
ST003975,False,True,untargeted_explicit_only,2
ST003976,False,False,neither_explicit_or_no_analysis,2
ST003977,False,False,neither_explicit_or_no_analysis,2
ST003978,False,False,neither_explicit_or_no_analysis,2
ST003979,False,False,neither_explicit_or_no_analysis,2
ST003980,False,False,neither_explicit_or_no_analysis,1
ST003981,False,False,neither_explicit_or_no_analysis,1
ST003982,False,False,neither_explicit_or_no_analysis,1
ST003983,False,False,neither_explicit_or_no_analysis,1
ST003984,False,False,neither_explicit_or_no_analysis,3
ST003985,False,False,neither_explicit_or_no_analysis,3
ST003987,False,False,neither_explicit_or_no_analysis,1
ST003988,False,False,neither_explicit_or_no_analysis,1
ST003989,False,False,neither_explicit_or_no_analysis,1
ST003991,False,False,neither_explicit_or_no_analysis,4
ST003994,False,True,untargeted_explicit_only,1
ST003995,False,False,neither_explicit_or_no_analysis,1
ST003996,False,False,neither_explicit_or_no_analysis,2
ST003997,False,False,neither_explicit_or_no_analysis,2
ST003998,False,False,neither_explicit_or_no_analysis,4
ST003999,False,False,neither_explicit_or_no_analysis,2
ST004000,False,False,neither_explicit_or_no_analysis,1
ST004001,False,True,untargeted_explicit_only,4
ST004002,False,False,neither_explicit_or_no_analysis,2
ST004003,False,False,neither_explicit_or_no_analysis,1
ST004004,False,False,neither_explicit_or_no_analysis,1
ST004005,False,False,neither_explicit_or_no_analysis,2
ST004006,False,False,neither_explicit_or_no_analysis,2
ST004007,False,False,neither_explicit_or_no_analysis,2
ST004008,False,False,neither_explicit_or_no_analysis,2
ST004009,False,False,neither_explicit_or_no_analysis,2
ST004010,False,False,neither_explicit_or_no_analysis,1
ST004011,False,True,untargeted_explicit_only,2
ST004012,False,False,neither_explicit_or_no_analysis,1
ST004013,False,False,neither_explicit_or_no_analysis,1
ST004014,False,False,neither_explicit_or_no_analysis,1
ST004015,False,True,untargeted_explicit_only,1
ST004016,False,False,neither_explicit_or_no_analysis,1
ST004017,False,False,neither_explicit_or_no_analysis,2
ST004018,False,False,neither_explicit_or_no_analysis,1
ST004019,False,False,neither_explicit_or_no_analysis,1
ST004020,False,False,neither_explicit_or_no_analysis,1
ST004021,False,False,neither_explicit_or_no_analysis,1
ST004022,False,False,neither_explicit_or_no_analysis,1
ST004023,False,True,untargeted_explicit_only,2
ST004026,False,False,neither_explicit_or_no_analysis,1
ST004027,False,False,neither_explicit_or_no_analysis,2
ST004028,False,False,neither_explicit_or_no_analysis,2
ST004029,False,False,neither_explicit_or_no_analysis,4
ST004030,False,False,neither_explicit_or_no_analysis,1
ST004031,False,True,untargeted_explicit_only,6
ST004032,False,False,neither_explicit_or_no_analysis,2
ST004033,False,True,untargeted_explicit_only,1
ST004034,False,True,untargeted_explicit_only,2
ST004035,False,False,neither_explicit_or_no_analysis,1
ST004036,False,False,neither_explicit_or_no_analysis,1
ST004037,False,True,untargeted_explicit_only,1
ST004038,False,False,neither_explicit_or_no_analysis,1
ST004039,False,False,neither_explicit_or_no_analysis,2
ST004040,False,False,neither_explicit_or_no_analysis,1
ST004041,False,True,untargeted_explicit_only,1
ST004042,False,False,neither_explicit_or_no_analysis,1
ST004047,False,True,untargeted_explicit_only,2
ST004049,False,False,neither_explicit_or_no_analysis,2
ST004050,False,True,untargeted_explicit_only,1
ST004051,False,True,untargeted_explicit_only,1
ST004054,False,False,neither_explicit_or_no_analysis,1
ST004055,False,False,neither_explicit_or_no_analysis,1
ST004056,False,False,neither_explicit_or_no_analysis,1
ST004057,False,False,neither_explicit_or_no_analysis,3
ST004058,False,False,neither_explicit_or_no_analysis,5
ST004059,False,False,neither_explicit_or_no_analysis,7
ST004060,False,False,neither_explicit_or_no_analysis,1
ST004061,False,False,neither_explicit_or_no_analysis,1
ST004062,False,True,untargeted_explicit_only,1
ST004064,False,True,untargeted_explicit_only,2
ST004065,False,False,neither_explicit_or_no_analysis,2
ST004066,False,True,untargeted_explicit_only,2
ST004067,False,True,untargeted_explicit_only,2
ST004069,False,True,untargeted_explicit_only,2
ST004070,False,False,neither_explicit_or_no_analysis,1
ST004071,False,False,neither_explicit_or_no_analysis,1
ST004072,False,False,neither_explicit_or_no_analysis,1
ST004073,False,False,neither_explicit_or_no_analysis,4
ST004074,False,False,neither_explicit_or_no_analysis,2
ST004075,False,False,neither_explicit_or_no_analysis,1
ST004076,False,False,neither_explicit_or_no_analysis,1
ST004077,False,False,neither_explicit_or_no_analysis,2
ST004078,False,False,neither_explicit_or_no_analysis,2
ST004080,False,True,untargeted_explicit_only,2
ST004081,False,False,neither_explicit_or_no_analysis,4
ST004082,False,False,neither_explicit_or_no_analysis,2
ST004083,False,True,untargeted_explicit_only,4
ST004084,False,True,untargeted_explicit_only,4
ST004085,False,True,untargeted_explicit_only,4
ST004086,False,False,neither_explicit_or_no_analysis,1
ST004087,False,True,untargeted_explicit_only,2
ST004088,False,False,neither_explicit_or_no_analysis,3
ST004089,False,False,neither_explicit_or_no_analysis,1
ST004090,False,False,neither_explicit_or_no_analysis,1
ST004091,False,True,untargeted_explicit_only,1
ST004092,False,False,neither_explicit_or_no_analysis,1
ST004093,False,True,untargeted_explicit_only,4
ST004094,False,False,neither_explicit_or_no_analysis,1
ST004095,False,False,neither_explicit_or_no_analysis,1
ST004096,False,False,neither_explicit_or_no_analysis,3
ST004097,False,False,neither_explicit_or_no_analysis,1
ST004098,False,False,neither_explicit_or_no_analysis,1
ST004099,False,True,untargeted_explicit_only,4
ST004100,False,True,untargeted_explicit_only,2
ST004101,False,True,untargeted_explicit_only,2
ST004103,False,False,neither_explicit_or_no_analysis,1
ST004105,False,False,neither_explicit_or_no_analysis,1
ST004106,False,False,neither_explicit_or_no_analysis,1
ST004107,False,False,neither_explicit_or_no_analysis,1
ST004108,False,False,neither_explicit_or_no_analysis,1
ST004109,False,False,neither_explicit_or_no_analysis,2
ST004110,False,False,neither_explicit_or_no_analysis,1
ST004111,False,True,untargeted_explicit_only,1
ST004112,False,True,untargeted_explicit_only,2
ST004113,False,True,untargeted_explicit_only,1
ST004114,False,True,untargeted_explicit_only,2
ST004115,False,True,untargeted_explicit_only,2
ST004116,False,False,neither_explicit_or_no_analysis,2
ST004117,False,False,neither_explicit_or_no_analysis,2
ST004118,False,False,neither_explicit_or_no_analysis,2
ST004119,False,False,neither_explicit_or_no_analysis,2
ST004120,False,False,neither_explicit_or_no_analysis,1
ST004121,False,False,neither_explicit_or_no_analysis,1
ST004122,False,False,neither_explicit_or_no_analysis,2
ST004123,False,False,neither_explicit_or_no_analysis,1
ST004124,False,False,neither_explicit_or_no_analysis,1
ST004125,False,False,neither_explicit_or_no_analysis,1
ST004126,False,False,neither_explicit_or_no_analysis,1
ST004127,False,False,neither_explicit_or_no_analysis,1
ST004128,False,True,untargeted_explicit_only,2
ST004129,False,False,neither_explicit_or_no_analysis,1
ST004131,False,True,untargeted_explicit_only,1
ST004132,False,True,untargeted_explicit_only,4
ST004133,False,True,untargeted_explicit_only,4
ST004134,False,False,neither_explicit_or_no_analysis,1
ST004135,False,False,neither_explicit_or_no_analysis,1
ST004136,False,False,neither_explicit_or_no_analysis,1
ST004137,False,True,untargeted_explicit_only,2
ST004138,False,False,neither_explicit_or_no_analysis,2
ST004139,False,True,untargeted_explicit_only,1
ST004140,False,True,untargeted_explicit_only,1
ST004141,False,True,untargeted_explicit_only,1
ST004143,False,False,neither_explicit_or_no_analysis,2
ST004144,False,False,neither_explicit_or_no_analysis,1
ST004145,False,False,neither_explicit_or_no_analysis,2
ST004147,False,False,neither_explicit_or_no_analysis,1
ST004148,False,False,neither_explicit_or_no_analysis,2
ST004149,False,True,untargeted_explicit_only,2
ST004151,False,True,untargeted_explicit_only,10
ST004153,False,False,neither_explicit_or_no_analysis,2
ST004156,False,True,untargeted_explicit_only,2
ST004159,False,False,neither_explicit_or_no_analysis,1
ST004160,False,False,neither_explicit_or_no_analysis,1
ST004161,False,False,neither_explicit_or_no_analysis,2
ST004162,False,False,neither_explicit_or_no_analysis,1
ST004163,False,False,neither_explicit_or_no_analysis,4
ST004164,False,False,neither_explicit_or_no_analysis,2
ST004165,False,False,neither_explicit_or_no_analysis,1
ST004166,False,False,neither_explicit_or_no_analysis,2
ST004167,False,False,neither_explicit_or_no_analysis,2
ST004168,False,False,neither_explicit_or_no_analysis,1
ST004169,False,False,neither_explicit_or_no_analysis,2
ST004170,False,True,untargeted_explicit_only,2
ST004172,False,True,untargeted_explicit_only,1
ST004173,False,False,neither_explicit_or_no_analysis,2
ST004174,False,False,neither_explicit_or_no_analysis,1
ST004175,False,False,neither_explicit_or_no_analysis,1
ST004176,False,False,neither_explicit_or_no_analysis,1
ST004177,False,False,neither_explicit_or_no_analysis,1
ST004178,False,True,untargeted_explicit_only,4
ST004179,False,False,neither_explicit_or_no_analysis,2
ST004181,False,True,untargeted_explicit_only,4
ST004182,False,False,neither_explicit_or_no_analysis,2
ST004183,False,True,untargeted_explicit_only,1
ST004184,False,False,neither_explicit_or_no_analysis,1
ST004185,False,True,untargeted_explicit_only,2
ST004186,False,False,neither_explicit_or_no_analysis,2
ST004187,False,False,neither_explicit_or_no_analysis,3
ST004188,False,False,neither_explicit_or_no_analysis,3
ST004189,False,False,neither_explicit_or_no_analysis,2
ST004190,False,False,neither_explicit_or_no_analysis,2
ST004191,False,True,untargeted_explicit_only,1
ST004192,False,True,untargeted_explicit_only,1
ST004194,False,False,neither_explicit_or_no_analysis,2
ST004195,False,False,neither_explicit_or_no_analysis,5
ST004196,False,True,untargeted_explicit_only,2
ST004197,False,True,untargeted_explicit_only,2
ST004198,False,True,untargeted_explicit_only,4
ST004199,False,True,untargeted_explicit_only,4
ST004200,False,False,neither_explicit_or_no_analysis,2
ST004201,False,False,neither_explicit_or_no_analysis,1
ST004202,False,False,neither_explicit_or_no_analysis,1
ST004203,False,False,neither_explicit_or_no_analysis,1
ST004204,False,False,neither_explicit_or_no_analysis,2
ST004205,False,False,neither_explicit_or_no_analysis,3
ST004206,False,False,neither_explicit_or_no_analysis,2
ST004207,False,False,neither_explicit_or_no_analysis,1
ST004208,False,True,untargeted_explicit_only,2
ST004209,False,True,untargeted_explicit_only,2
ST004210,False,True,untargeted_explicit_only,2
ST004211,False,True,untargeted_explicit_only,2
ST004212,False,False,neither_explicit_or_no_analysis,1
ST004215,False,False,neither_explicit_or_no_analysis,1
ST004216,False,False,neither_explicit_or_no_analysis,2
ST004217,False,False,neither_explicit_or_no_analysis,1
ST004219,False,False,neither_explicit_or_no_analysis,1
ST004220,False,True,untargeted_explicit_only,2
ST004221,False,False,neither_explicit_or_no_analysis,1
ST004222,False,False,neither_explicit_or_no_analysis,1
ST004223,False,False,neither_explicit_or_no_analysis,3
ST004224,False,False,neither_explicit_or_no_analysis,1
ST004225,False,False,neither_explicit_or_no_analysis,1
ST004226,False,False,neither_explicit_or_no_analysis,4
ST004227,False,False,neither_explicit_or_no_analysis,2
ST004228,False,False,neither_explicit_or_no_analysis,2
ST004229,False,False,neither_explicit_or_no_analysis,2
ST004230,False,False,neither_explicit_or_no_analysis,5
ST004231,False,False,neither_explicit_or_no_analysis,1
ST004232,False,True,untargeted_explicit_only,1
ST004233,False,False,neither_explicit_or_no_analysis,1
ST004234,False,False,neither_explicit_or_no_analysis,2
ST004236,False,False,neither_explicit_or_no_analysis,1
ST004237,False,False,neither_explicit_or_no_analysis,1
ST004238,False,False,neither_explicit_or_no_analysis,1
ST004239,False,False,neither_explicit_or_no_analysis,1
ST004240,False,False,neither_explicit_or_no_analysis,1
ST004241,False,True,untargeted_explicit_only,3
ST004242,False,True,untargeted_explicit_only,2
ST004243,False,True,untargeted_explicit_only,2
ST004244,False,False,neither_explicit_or_no_analysis,1
ST004245,False,True,untargeted_explicit_only,2
ST004248,False,True,untargeted_explicit_only,2
ST004249,False,False,neither_explicit_or_no_analysis,1
ST004251,False,False,neither_explicit_or_no_analysis,1
ST004252,False,False,neither_explicit_or_no_analysis,1
ST004253,False,False,neither_explicit_or_no_analysis,1
ST004255,False,True,untargeted_explicit_only,3
ST004256,False,False,neither_explicit_or_no_analysis,1
ST004258,False,False,neither_explicit_or_no_analysis,1
ST004259,False,True,untargeted_explicit_only,2
ST004262,False,False,neither_explicit_or_no_analysis,2
ST004263,False,False,neither_explicit_or_no_analysis,2
ST004264,False,False,neither_explicit_or_no_analysis,2
ST004265,False,True,untargeted_explicit_only,1
ST004266,False,True,untargeted_explicit_only,4
ST004267,False,False,neither_explicit_or_no_analysis,1
ST004268,False,False,neither_explicit_or_no_analysis,1
ST004269,False,False,neither_explicit_or_no_analysis,2
ST004270,False,False,neither_explicit_or_no_analysis,2
ST004271,False,True,untargeted_explicit_only,1
ST004272,False,False,neither_explicit_or_no_analysis,1
ST004274,False,False,neither_explicit_or_no_analysis,1
ST004275,False,False,neither_explicit_or_no_analysis,1
ST004276,False,False,neither_explicit_or_no_analysis,1
ST004277,False,False,neither_explicit_or_no_analysis,1
ST004278,False,False,neither_explicit_or_no_analysis,1
ST004279,False,False,neither_explicit_or_no_analysis,1
ST004280,False,False,neither_explicit_or_no_analysis,1
ST004281,False,False,neither_explicit_or_no_analysis,2
ST004282,False,False,neither_explicit_or_no_analysis,1
ST004284,False,False,neither_explicit_or_no_analysis,1
ST004286,False,False,neither_explicit_or_no_analysis,1
ST004287,False,False,neither_explicit_or_no_analysis,2
ST004290,False,False,neither_explicit_or_no_analysis,2
ST004291,False,False,neither_explicit_or_no_analysis,2
ST004294,False,False,neither_explicit_or_no_analysis,2
ST004296,False,False,neither_explicit_or_no_analysis,2
ST004297,False,False,neither_explicit_or_no_analysis,4
ST004299,False,True,untargeted_explicit_only,2
ST004300,False,False,neither_explicit_or_no_analysis,4
ST004301,False,False,neither_explicit_or_no_analysis,2
ST004302,False,True,untargeted_explicit_only,2
ST004303,False,False,neither_explicit_or_no_analysis,1
ST004304,False,True,untargeted_explicit_only,1
ST004305,False,False,neither_explicit_or_no_analysis,1
ST004306,False,True,untargeted_explicit_only,2
ST004308,False,True,untargeted_explicit_only,2
ST004309,False,False,neither_explicit_or_no_analysis,2
ST004311,False,False,neither_explicit_or_no_analysis,2
ST004314,False,False,neither_explicit_or_no_analysis,2
ST004315,False,False,neither_explicit_or_no_analysis,1
ST004317,False,False,neither_explicit_or_no_analysis,4
ST004318,False,False,neither_explicit_or_no_analysis,4
ST004319,False,True,untargeted_explicit_only,2
ST004321,False,False,neither_explicit_or_no_analysis,2
ST004322,False,False,neither_explicit_or_no_analysis,1
ST004323,False,False,neither_explicit_or_no_analysis,4
ST004324,False,False,neither_explicit_or_no_analysis,2
ST004325,False,False,neither_explicit_or_no_analysis,1
ST004327,False,False,neither_explicit_or_no_analysis,1
ST004329,False,False,neither_explicit_or_no_analysis,2
ST004331,False,True,untargeted_explicit_only,2
ST004333,False,False,neither_explicit_or_no_analysis,2
ST004334,False,False,neither_explicit_or_no_analysis,2
ST004337,False,False,neither_explicit_or_no_analysis,2
ST004338,False,False,neither_explicit_or_no_analysis,2
ST004339,False,False,neither_explicit_or_no_analysis,1
ST004341,False,True,untargeted_explicit_only,2
ST004344,False,True,untargeted_explicit_only,2
ST004345,False,False,neither_explicit_or_no_analysis,1
ST004346,False,True,untargeted_explicit_only,1
ST004347,False,False,neither_explicit_or_no_analysis,1
ST004350,False,False,neither_explicit_or_no_analysis,2
ST004351,False,True,untargeted_explicit_only,2
ST004352,False,False,neither_explicit_or_no_analysis,2
ST004353,False,False,neither_explicit_or_no_analysis,2
ST004354,False,False,neither_explicit_or_no_analysis,2
ST004356,False,False,neither_explicit_or_no_analysis,1
ST004357,False,False,neither_explicit_or_no_analysis,4
ST004360,False,False,neither_explicit_or_no_analysis,1
ST004369,False,False,neither_explicit_or_no_analysis,2
ST004370,False,False,neither_explicit_or_no_analysis,2
ST004371,False,False,neither_explicit_or_no_analysis,4
ST004372,False,False,neither_explicit_or_no_analysis,1
ST004373,False,True,untargeted_explicit_only,1
ST004374,False,True,untargeted_explicit_only,2
ST004375,False,False,neither_explicit_or_no_analysis,2
ST004376,False,False,neither_explicit_or_no_analysis,1
ST004377,False,False,neither_explicit_or_no_analysis,1
ST004378,False,False,neither_explicit_or_no_analysis,1
ST004383,False,False,neither_explicit_or_no_analysis,1
ST004384,False,False,neither_explicit_or_no_analysis,2
ST004385,False,False,neither_explicit_or_no_analysis,2
ST004386,False,True,untargeted_explicit_only,2
ST004387,False,False,neither_explicit_or_no_analysis,1
ST004388,False,False,neither_explicit_or_no_analysis,1
ST004389,False,False,neither_explicit_or_no_analysis,3
ST004390,False,False,neither_explicit_or_no_analysis,2
ST004391,False,False,neither_explicit_or_no_analysis,2
ST004392,False,False,neither_explicit_or_no_analysis,2
ST004393,False,False,neither_explicit_or_no_analysis,2
ST004394,False,False,neither_explicit_or_no_analysis,2
ST004395,False,False,neither_explicit_or_no_analysis,2
ST004396,False,False,neither_explicit_or_no_analysis,2
ST004397,False,False,neither_explicit_or_no_analysis,2
ST004398,False,False,neither_explicit_or_no_analysis,2
ST004399,False,False,neither_explicit_or_no_analysis,2
ST004400,False,False,neither_explicit_or_no_analysis,2
ST004401,False,False,neither_explicit_or_no_analysis,2
ST004402,False,False,neither_explicit_or_no_analysis,2
ST004403,False,False,neither_explicit_or_no_analysis,2
ST004404,False,False,neither_explicit_or_no_analysis,2
ST004405,False,False,neither_explicit_or_no_analysis,2
ST004406,False,False,neither_explicit_or_no_analysis,2
ST004407,False,False,neither_explicit_or_no_analysis,2
ST004408,False,False,neither_explicit_or_no_analysis,2
ST004409,False,False,neither_explicit_or_no_analysis,1
ST004410,False,False,neither_explicit_or_no_analysis,2
ST004411,False,False,neither_explicit_or_no_analysis,2
ST004412,False,False,neither_explicit_or_no_analysis,2
ST004413,False,False,neither_explicit_or_no_analysis,2
ST004414,False,False,neither_explicit_or_no_analysis,3
ST004416,False,False,neither_explicit_or_no_analysis,1
ST004417,False,False,neither_explicit_or_no_analysis,1
ST004418,False,False,neither_explicit_or_no_analysis,1
ST004421,False,False,neither_explicit_or_no_analysis,2
ST004422,False,False,neither_explicit_or_no_analysis,1
ST004423,False,False,neither_explicit_or_no_analysis,1
ST004424,False,False,neither_explicit_or_no_analysis,1
ST004425,False,False,neither_explicit_or_no_analysis,1
ST004427,False,False,neither_explicit_or_no_analysis,2
ST004428,False,False,neither_explicit_or_no_analysis,2
ST004429,False,False,neither_explicit_or_no_analysis,1
ST004430,False,False,neither_explicit_or_no_analysis,1
ST004431,False,False,neither_explicit_or_no_analysis,1
ST004432,False,False,neither_explicit_or_no_analysis,2
ST004436,False,True,untargeted_explicit_only,8
ST004438,False,False,neither_explicit_or_no_analysis,1
ST004439,False,False,neither_explicit_or_no_analysis,1
ST004440,False,False,neither_explicit_or_no_analysis,2
ST004441,False,False,neither_explicit_or_no_analysis,2
ST004442,False,True,untargeted_explicit_only,1
ST004443,False,True,untargeted_explicit_only,2
ST004445,False,False,neither_explicit_or_no_analysis,5
ST004446,False,False,neither_explicit_or_no_analysis,2
ST004447,False,False,neither_explicit_or_no_analysis,1
ST004448,False,False,neither_explicit_or_no_analysis,1
ST004449,False,False,neither_explicit_or_no_analysis,1
ST004450,False,False,neither_explicit_or_no_analysis,1
ST004451,False,False,neither_explicit_or_no_analysis,2
ST004453,False,False,neither_explicit_or_no_analysis,1
ST004454,False,False,neither_explicit_or_no_analysis,2
ST004455,False,False,neither_explicit_or_no_analysis,1
ST004457,False,False,neither_explicit_or_no_analysis,1
ST004458,False,False,neither_explicit_or_no_analysis,1
ST004459,False,False,neither_explicit_or_no_analysis,2
ST004460,False,False,neither_explicit_or_no_analysis,1
ST004462,False,False,neither_explicit_or_no_analysis,1
ST004463,False,False,neither_explicit_or_no_analysis,1
ST004464,False,False,neither_explicit_or_no_analysis,2
ST004466,False,False,neither_explicit_or_no_analysis,2
ST004468,False,False,neither_explicit_or_no_analysis,1
ST004469,False,True,untargeted_explicit_only,1
ST004470,False,True,untargeted_explicit_only,2
ST004471,False,False,neither_explicit_or_no_analysis,0
ST004472,False,False,neither_explicit_or_no_analysis,2
ST004473,False,False,neither_explicit_or_no_analysis,2
ST004474,False,False,neither_explicit_or_no_analysis,2
ST004475,False,False,neither_explicit_or_no_analysis,2
ST004476,False,False,neither_explicit_or_no_analysis,2
ST004477,False,False,neither_explicit_or_no_analysis,2
ST004478,False,False,neither_explicit_or_no_analysis,1
ST004479,False,True,untargeted_explicit_only,2
ST004483,False,True,untargeted_explicit_only,1
ST004485,False,False,neither_explicit_or_no_analysis,1
ST004486,False,False,neither_explicit_or_no_analysis,1
ST004487,False,False,neither_explicit_or_no_analysis,2
ST004488,False,False,neither_explicit_or_no_analysis,3
ST004489,False,False,neither_explicit_or_no_analysis,4
ST004490,False,False,neither_explicit_or_no_analysis,1
ST004491,False,False,neither_explicit_or_no_analysis,1
ST004492,False,False,neither_explicit_or_no_analysis,1
ST004493,False,False,neither_explicit_or_no_analysis,1
ST004494,False,False,neither_explicit_or_no_analysis,1
ST004495,False,False,neither_explicit_or_no_analysis,1
ST004496,False,False,neither_explicit_or_no_analysis,1
ST004499,False,True,untargeted_explicit_only,2
ST004500,False,True,untargeted_explicit_only,1
ST004501,False,True,untargeted_explicit_only,1
ST004502,False,True,untargeted_explicit_only,1
ST004503,False,True,untargeted_explicit_only,1
ST004504,False,True,untargeted_explicit_only,1
ST004506,False,False,neither_explicit_or_no_analysis,2
ST004507,False,False,neither_explicit_or_no_analysis,1
ST004508,False,True,untargeted_explicit_only,2
ST004509,False,False,neither_explicit_or_no_analysis,2
ST004512,False,True,untargeted_explicit_only,1
ST004518,False,False,neither_explicit_or_no_analysis,4
ST004519,False,False,neither_explicit_or_no_analysis,2
ST004520,False,False,neither_explicit_or_no_analysis,1
ST004524,False,False,neither_explicit_or_no_analysis,2
ST004526,False,True,untargeted_explicit_only,2
ST004527,False,False,neither_explicit_or_no_analysis,1
ST004529,False,False,neither_explicit_or_no_analysis,2
ST004530,False,False,neither_explicit_or_no_analysis,1
ST004531,False,True,untargeted_explicit_only,2
ST004533,False,False,neither_explicit_or_no_analysis,2
ST004534,False,True,untargeted_explicit_only,1
ST004535,False,False,neither_explicit_or_no_analysis,2
ST004536,False,True,untargeted_explicit_only,2
ST004537,False,False,neither_explicit_or_no_analysis,1
ST004538,False,False,neither_explicit_or_no_analysis,2
ST004539,False,False,neither_explicit_or_no_analysis,1
ST004540,False,False,neither_explicit_or_no_analysis,4
ST004541,False,False,neither_explicit_or_no_analysis,1
ST004542,False,False,neither_explicit_or_no_analysis,1
ST004544,False,True,untargeted_explicit_only,2
ST004545,False,False,neither_explicit_or_no_analysis,1
ST004547,False,True,untargeted_explicit_only,1
ST004548,False,False,neither_explicit_or_no_analysis,1
ST004549,False,False,neither_explicit_or_no_analysis,1
ST004551,False,False,neither_explicit_or_no_analysis,2
ST004552,False,False,neither_explicit_or_no_analysis,2
ST004558,False,True,untargeted_explicit_only,1
ST004559,False,True,untargeted_explicit_only,2
ST004560,False,True,untargeted_explicit_only,2
ST004561,False,True,untargeted_explicit_only,2
ST004562,False,True,untargeted_explicit_only,2
ST004563,False,False,neither_explicit_or_no_analysis,1
ST004564,False,True,untargeted_explicit_only,2
ST004565,False,True,untargeted_explicit_only,2
ST004566,False,True,untargeted_explicit_only,2
ST004567,False,True,untargeted_explicit_only,2
ST004569,False,False,neither_explicit_or_no_analysis,2
ST004570,False,True,untargeted_explicit_only,1
ST004571,False,False,neither_explicit_or_no_analysis,1
ST004572,False,True,untargeted_explicit_only,2
ST004573,False,False,neither_explicit_or_no_analysis,2
ST004574,False,False,neither_explicit_or_no_analysis,2
ST004575,False,False,neither_explicit_or_no_analysis,2
ST004576,False,False,neither_explicit_or_no_analysis,2
ST004577,False,False,neither_explicit_or_no_analysis,1
ST004578,False,False,neither_explicit_or_no_analysis,1
ST004579,False,True,untargeted_explicit_only,1
ST004581,False,False,neither_explicit_or_no_analysis,4
ST004582,False,False,neither_explicit_or_no_analysis,1
ST004583,False,True,untargeted_explicit_only,2
ST004584,False,True,untargeted_explicit_only,2
ST004585,False,False,neither_explicit_or_no_analysis,2
ST004587,False,True,untargeted_explicit_only,1
ST004592,False,False,neither_explicit_or_no_analysis,5
ST004593,False,False,neither_explicit_or_no_analysis,5
ST004594,False,False,neither_explicit_or_no_analysis,5
ST004595,False,False,neither_explicit_or_no_analysis,5
ST004596,False,False,neither_explicit_or_no_analysis,2
ST004597,False,False,neither_explicit_or_no_analysis,2
ST004598,False,False,neither_explicit_or_no_analysis,5
ST004599,False,False,neither_explicit_or_no_analysis,7
ST004602,False,True,untargeted_explicit_only,2
ST004603,False,False,neither_explicit_or_no_analysis,1
ST004604,False,True,untargeted_explicit_only,2
ST004605,False,False,neither_explicit_or_no_analysis,1
ST004606,False,True,untargeted_explicit_only,4
ST004607,False,False,neither_explicit_or_no_analysis,1
ST004608,False,False,neither_explicit_or_no_analysis,1
ST004609,False,False,neither_explicit_or_no_analysis,1
ST004610,False,False,neither_explicit_or_no_analysis,1
ST004611,False,False,neither_explicit_or_no_analysis,4
ST004612,False,True,untargeted_explicit_only,2
ST004615,False,True,untargeted_explicit_only,2
ST004616,False,False,neither_explicit_or_no_analysis,2
ST004617,False,True,untargeted_explicit_only,1
ST004618,False,False,neither_explicit_or_no_analysis,2
ST004619,False,True,untargeted_explicit_only,1
ST004620,False,False,neither_explicit_or_no_analysis,1
ST004621,False,False,neither_explicit_or_no_analysis,1
ST004622,False,False,neither_explicit_or_no_analysis,1
ST004624,False,False,neither_explicit_or_no_analysis,2
ST004625,False,False,neither_explicit_or_no_analysis,4
ST004626,False,True,untargeted_explicit_only,1
ST004627,False,False,neither_explicit_or_no_analysis,1
ST004628,False,False,neither_explicit_or_no_analysis,1
ST004629,False,True,untargeted_explicit_only,1
ST004630,False,True,untargeted_explicit_only,2
ST004632,False,False,neither_explicit_or_no_analysis,1
ST004636,False,True,untargeted_explicit_only,2
ST004637,False,True,untargeted_explicit_only,1
ST004639,False,True,untargeted_explicit_only,4
ST004640,False,False,neither_explicit_or_no_analysis,2
ST004641,False,False,neither_explicit_or_no_analysis,1
ST004642,False,False,neither_explicit_or_no_analysis,1
ST004643,False,False,neither_explicit_or_no_analysis,1
ST004644,False,False,neither_explicit_or_no_analysis,1
ST004646,False,True,untargeted_explicit_only,2
ST004647,False,True,untargeted_explicit_only,2
ST004650,False,True,untargeted_explicit_only,1
ST004651,False,True,untargeted_explicit_only,1
ST004652,False,False,neither_explicit_or_no_analysis,6
ST004653,False,False,neither_explicit_or_no_analysis,1
ST004654,False,True,untargeted_explicit_only,1
ST004655,False,False,neither_explicit_or_no_analysis,1
ST004657,False,False,neither_explicit_or_no_analysis,2
ST004658,False,False,neither_explicit_or_no_analysis,4
ST004659,False,False,neither_explicit_or_no_analysis,1
ST004660,False,False,neither_explicit_or_no_analysis,1
ST004661,False,True,untargeted_explicit_only,1
ST004662,False,False,neither_explicit_or_no_analysis,1
ST004663,False,False,neither_explicit_or_no_analysis,1
ST004667,False,False,neither_explicit_or_no_analysis,2
ST004668,False,True,untargeted_explicit_only,2
ST004671,False,True,untargeted_explicit_only,5
ST004674,False,True,untargeted_explicit_only,1
ST004675,False,False,neither_explicit_or_no_analysis,2
ST004676,False,False,neither_explicit_or_no_analysis,1
ST004677,False,False,neither_explicit_or_no_analysis,1
ST004678,False,False,neither_explicit_or_no_analysis,1
ST004679,False,False,neither_explicit_or_no_analysis,1
ST004681,False,False,neither_explicit_or_no_analysis,6
ST004682,False,False,neither_explicit_or_no_analysis,2
ST004683,False,False,neither_explicit_or_no_analysis,2
ST004684,False,False,neither_explicit_or_no_analysis,1
ST004685,False,False,neither_explicit_or_no_analysis,1
ST004686,False,False,neither_explicit_or_no_analysis,1
ST004687,False,False,neither_explicit_or_no_analysis,2
ST004688,False,True,untargeted_explicit_only,2
ST004689,False,True,untargeted_explicit_only,2
ST004690,False,True,untargeted_explicit_only,2
ST004691,False,True,untargeted_explicit_only,2
ST004692,False,True,untargeted_explicit_only,2
ST004693,False,False,neither_explicit_or_no_analysis,2
ST004696,False,False,neither_explicit_or_no_analysis,4
ST004699,False,False,neither_explicit_or_no_analysis,2
ST004700,False,False,neither_explicit_or_no_analysis,2
ST004701,False,False,neither_explicit_or_no_analysis,2
ST004703,False,True,untargeted_explicit_only,2
ST004704,False,False,neither_explicit_or_no_analysis,1
ST004705,False,False,neither_explicit_or_no_analysis,2
ST004706,False,False,neither_explicit_or_no_analysis,2
ST004707,False,False,neither_explicit_or_no_analysis,2
ST004708,False,False,neither_explicit_or_no_analysis,2
ST004709,False,False,neither_explicit_or_no_analysis,2
ST004710,False,True,untargeted_explicit_only,2
ST004713,False,False,neither_explicit_or_no_analysis,1
ST004714,False,False,neither_explicit_or_no_analysis,1
ST004715,False,False,neither_explicit_or_no_analysis,2
ST004717,False,True,untargeted_explicit_only,2
ST004718,False,True,untargeted_explicit_only,2
ST004719,False,False,neither_explicit_or_no_analysis,2
ST004720,False,False,neither_explicit_or_no_analysis,1
ST004721,False,True,untargeted_explicit_only,2
ST004722,False,False,neither_explicit_or_no_analysis,2
ST004724,False,False,neither_explicit_or_no_analysis,1
ST004725,False,False,neither_explicit_or_no_analysis,1
ST004726,False,False,neither_explicit_or_no_analysis,1
ST004728,False,True,untargeted_explicit_only,2
ST004730,False,False,neither_explicit_or_no_analysis,2
ST004731,False,False,neither_explicit_or_no_analysis,1
ST004732,False,False,neither_explicit_or_no_analysis,1
ST004734,False,False,neither_explicit_or_no_analysis,2
ST004736,False,False,neither_explicit_or_no_analysis,2
ST004737,False,False,neither_explicit_or_no_analysis,2
ST004738,False,True,untargeted_explicit_only,1
ST004739,False,False,neither_explicit_or_no_analysis,1
ST004741,False,True,untargeted_explicit_only,1
ST004742,False,False,neither_explicit_or_no_analysis,4
ST004746,False,True,untargeted_explicit_only,2
ST004747,False,False,neither_explicit_or_no_analysis,2
ST004750,False,False,neither_explicit_or_no_analysis,1
ST004751,False,True,untargeted_explicit_only,2
ST004752,False,False,neither_explicit_or_no_analysis,1
ST004753,False,False,neither_explicit_or_no_analysis,1
ST004754,False,False,neither_explicit_or_no_analysis,1
ST004757,False,True,untargeted_explicit_only,2
ST004760,False,True,untargeted_explicit_only,2
ST004762,False,True,untargeted_explicit_only,1
ST004763,False,False,neither_explicit_or_no_analysis,2
ST004766,False,False,neither_explicit_or_no_analysis,1
ST004767,False,True,untargeted_explicit_only,2
ST004768,False,True,untargeted_explicit_only,1
ST004769,False,True,untargeted_explicit_only,2
ST004771,False,True,untargeted_explicit_only,2
ST004772,False,True,untargeted_explicit_only,1
ST004773,False,True,untargeted_explicit_only,2
ST004775,False,False,neither_explicit_or_no_analysis,2
ST004776,False,False,neither_explicit_or_no_analysis,2
ST004780,False,False,neither_explicit_or_no_analysis,1
ST004781,False,False,neither_explicit_or_no_analysis,1
ST004782,False,False,neither_explicit_or_no_analysis,2
ST004783,False,False,neither_explicit_or_no_analysis,2
ST004784,False,False,neither_explicit_or_no_analysis,2
ST004785,False,False,neither_explicit_or_no_analysis,1
ST004787,False,True,untargeted_explicit_only,2
ST004790,False,False,neither_explicit_or_no_analysis,1
ST004791,False,True,untargeted_explicit_only,2
ST004792,False,False,neither_explicit_or_no_analysis,2
ST004793,False,False,neither_explicit_or_no_analysis,1
ST004794,False,False,neither_explicit_or_no_analysis,1
ST004795,False,False,neither_explicit_or_no_analysis,4
ST004796,False,False,neither_explicit_or_no_analysis,2
ST004797,False,False,neither_explicit_or_no_analysis,2
ST004798,False,False,neither_explicit_or_no_analysis,2
ST004800,False,False,neither_explicit_or_no_analysis,4
ST004801,False,False,neither_explicit_or_no_analysis,1
ST004802,False,False,neither_explicit_or_no_analysis,1
ST004803,False,True,untargeted_explicit_only,1
ST004804,False,False,neither_explicit_or_no_analysis,2
ST004805,False,False,neither_explicit_or_no_analysis,1
ST004806,False,False,neither_explicit_or_no_analysis,2
ST004807,False,False,neither_explicit_or_no_analysis,1
ST004808,False,False,neither_explicit_or_no_analysis,2
ST004809,False,False,neither_explicit_or_no_analysis,2
ST004810,False,False,neither_explicit_or_no_analysis,2
ST004811,False,False,neither_explicit_or_no_analysis,2
ST004813,False,False,neither_explicit_or_no_analysis,2
ST004814,False,False,neither_explicit_or_no_analysis,2
ST004816,False,False,neither_explicit_or_no_analysis,1
ST004817,False,False,neither_explicit_or_no_analysis,1
ST004818,False,True,untargeted_explicit_only,1
ST004819,False,False,neither_explicit_or_no_analysis,1
ST004821,False,False,neither_explicit_or_no_analysis,1
ST004822,False,False,neither_explicit_or_no_analysis,1
ST004826,False,False,neither_explicit_or_no_analysis,6
ST004827,False,False,neither_explicit_or_no_analysis,3
ST004828,False,True,untargeted_explicit_only,1
ST004830,False,False,neither_explicit_or_no_analysis,1
ST004831,False,False,neither_explicit_or_no_analysis,1
ST004834,False,False,neither_explicit_or_no_analysis,1
ST004835,False,False,neither_explicit_or_no_analysis,1
ST004836,False,False,neither_explicit_or_no_analysis,2
ST004837,False,True,untargeted_explicit_only,2
ST004839,False,False,neither_explicit_or_no_analysis,1
ST004840,False,False,neither_explicit_or_no_analysis,1
ST004841,False,False,neither_explicit_or_no_analysis,1
ST004842,False,False,neither_explicit_or_no_analysis,1
ST004843,False,False,neither_explicit_or_no_analysis,1
ST004846,False,False,neither_explicit_or_no_analysis,1
ST004847,False,False,neither_explicit_or_no_analysis,2
ST004848,False,False,neither_explicit_or_no_analysis,2
ST004849,False,False,neither_explicit_or_no_analysis,2
ST004850,False,False,neither_explicit_or_no_analysis,4
ST004851,False,False,neither_explicit_or_no_analysis,1
ST004854,False,False,neither_explicit_or_no_analysis,1
ST004855,False,False,neither_explicit_or_no_analysis,2
ST004863,False,False,neither_explicit_or_no_analysis,1
ST004866,False,False,neither_explicit_or_no_analysis,1
ST004867,False,False,neither_explicit_or_no_analysis,1
ST004868,False,False,neither_explicit_or_no_analysis,1
ST004869,False,False,neither_explicit_or_no_analysis,1
ST004871,False,False,neither_explicit_or_no_analysis,2
ST004873,False,False,neither_explicit_or_no_analysis,2
ST004882,False,False,neither_explicit_or_no_analysis,2
ST004883,False,False,neither_explicit_or_no_analysis,2
ST004884,False,False,neither_explicit_or_no_analysis,1
ST004885,False,False,neither_explicit_or_no_analysis,1
ST004887,False,False,neither_explicit_or_no_analysis,2
ST004888,False,False,neither_explicit_or_no_analysis,1
ST004889,False,True,untargeted_explicit_only,2
ST004890,False,True,untargeted_explicit_only,2
ST004891,False,True,untargeted_explicit_only,2
ST004892,False,False,neither_explicit_or_no_analysis,2
ST004893,False,False,neither_explicit_or_no_analysis,1
ST004898,False,False,neither_explicit_or_no_analysis,2
ST004901,False,False,neither_explicit_or_no_analysis,2
ST004903,False,False,neither_explicit_or_no_analysis,1
ST004904,False,False,neither_explicit_or_no_analysis,1
ST004905,False,False,neither_explicit_or_no_analysis,2
ST004907,False,True,untargeted_explicit_only,2
ST004908,False,True,untargeted_explicit_only,2
ST004909,False,False,neither_explicit_or_no_analysis,1
ST004911,False,False,neither_explicit_or_no_analysis,2
ST004912,False,True,untargeted_explicit_only,1
ST004913,False,True,untargeted_explicit_only,2
ST004914,False,False,neither_explicit_or_no_analysis,2
ST004915,False,False,neither_explicit_or_no_analysis,2
ST004916,False,False,neither_explicit_or_no_analysis,2
ST004917,False,True,untargeted_explicit_only,1
ST004918,False,False,neither_explicit_or_no_analysis,2
ST004922,False,False,neither_explicit_or_no_analysis,1
ST004923,False,False,neither_explicit_or_no_analysis,1
ST004924,False,False,neither_explicit_or_no_analysis,1
ST004925,False,False,neither_explicit_or_no_analysis,2
ST004928,False,False,neither_explicit_or_no_analysis,2
ST004929,False,False,neither_explicit_or_no_analysis,2
ST004931,False,False,neither_explicit_or_no_analysis,2
ST004933,False,False,neither_explicit_or_no_analysis,2
ST004934,False,False,neither_explicit_or_no_analysis,2
ST004935,False,False,neither_explicit_or_no_analysis,2
ST004936,False,False,neither_explicit_or_no_analysis,2
ST004937,False,False,neither_explicit_or_no_analysis,2
ST004939,False,False,neither_explicit_or_no_analysis,1
ST004940,False,False,neither_explicit_or_no_analysis,1
ST004941,False,False,neither_explicit_or_no_analysis,1
ST004942,False,False,neither_explicit_or_no_analysis,4
ST004943,False,False,neither_explicit_or_no_analysis,1
ST004944,False,False,neither_explicit_or_no_analysis,2
ST004945,False,True,untargeted_explicit_only,2
ST004946,False,False,neither_explicit_or_no_analysis,2
ST004954,False,False,neither_explicit_or_no_analysis,1
ST004955,False,False,neither_explicit_or_no_analysis,1
ST004956,False,False,neither_explicit_or_no_analysis,1
ST004957,False,False,neither_explicit_or_no_analysis,2
ST004958,False,False,neither_explicit_or_no_analysis,4
ST004960,False,False,neither_explicit_or_no_analysis,2
ST004962,False,False,neither_explicit_or_no_analysis,2
ST004963,False,False,neither_explicit_or_no_analysis,2
ST004965,False,False,neither_explicit_or_no_analysis,1
ST004966,False,False,neither_explicit_or_no_analysis,4
ST004967,False,False,neither_explicit_or_no_analysis,1
ST004971,False,False,neither_explicit_or_no_analysis,1
ST004972,False,False,neither_explicit_or_no_analysis,1
ST004973,False,False,neither_explicit_or_no_analysis,1
ST004974,False,False,neither_explicit_or_no_analysis,1
ST004975,False,True,untargeted_explicit_only,1
ST004976,False,True,untargeted_explicit_only,2
ST004979,False,False,neither_explicit_or_no_analysis,5
ST004980,False,False,neither_explicit_or_no_analysis,1
ST004981,False,False,neither_explicit_or_no_analysis,2
ST004982,False,False,neither_explicit_or_no_analysis,2
ST004983,False,False,neither_explicit_or_no_analysis,2
ST004985,False,False,neither_explicit_or_no_analysis,1
ST004988,False,True,untargeted_explicit_only,2
ST004989,False,True,untargeted_explicit_only,8
ST004990,False,False,neither_explicit_or_no_analysis,1
ST004992,False,False,neither_explicit_or_no_analysis,4
ST004993,False,False,neither_explicit_or_no_analysis,2
ST004994,False,False,neither_explicit_or_no_analysis,4
ST004995,False,True,untargeted_explicit_only,1
ST004997,False,False,neither_explicit_or_no_analysis,1
ST004998,False,False,neither_explicit_or_no_analysis,1
ST004999,False,False,neither_explicit_or_no_analysis,2
ST005000,False,False,neither_explicit_or_no_analysis,1
ST005002,False,False,neither_explicit_or_no_analysis,2
ST005003,False,False,neither_explicit_or_no_analysis,2
ST005005,False,True,untargeted_explicit_only,2
ST005006,False,False,neither_explicit_or_no_analysis,1
ST005007,False,False,neither_explicit_or_no_analysis,1
ST005008,False,False,neither_explicit_or_no_analysis,1
ST005010,False,False,neither_explicit_or_no_analysis,4
ST005011,False,False,neither_explicit_or_no_analysis,4
ST005015,False,False,neither_explicit_or_no_analysis,1
ST005016,False,True,untargeted_explicit_only,2
ST005017,False,False,neither_explicit_or_no_analysis,1
ST005020,False,False,neither_explicit_or_no_analysis,2
ST005021,False,False,neither_explicit_or_no_analysis,2
ST005022,False,False,neither_explicit_or_no_analysis,4
ST005024,False,True,untargeted_explicit_only,2
ST005025,False,False,neither_explicit_or_no_analysis,2
ST005026,False,False,neither_explicit_or_no_analysis,1
ST005032,False,False,neither_explicit_or_no_analysis,2
ST005040,False,True,untargeted_explicit_only,4
ST005044,False,False,neither_explicit_or_no_analysis,2
ST005045,False,False,neither_explicit_or_no_analysis,1
ST005046,False,False,neither_explicit_or_no_analysis,2
ST005051,False,False,neither_explicit_or_no_analysis,2
ST005052,False,False,neither_explicit_or_no_analysis,2
ST005059,False,False,neither_explicit_or_no_analysis,1
ST005066,False,True,untargeted_explicit_only,1
ST005067,False,True,untargeted_explicit_only,5
ST005077,False,True,untargeted_explicit_only,2
ST005080,False,True,untargeted_explicit_only,1
ST005081,False,False,neither_explicit_or_no_analysis,1
ST005084,False,False,neither_explicit_or_no_analysis,1
ST005094,False,False,neither_explicit_or_no_analysis,1
ST005097,False,False,neither_explicit_or_no_analysis,2
ST005099,False,False,neither_explicit_or_no_analysis,1
ST005100,False,False,neither_explicit_or_no_analysis,1
ST005104,False,False,neither_explicit_or_no_analysis,1
ST005105,False,False,neither_explicit_or_no_analysis,2
ST005110,False,False,neither_explicit_or_no_analysis,1
ST005121,False,False,neither_explicit_or_no_analysis,2
ST005132,False,False,neither_explicit_or_no_analysis,2
