study_id,analysis_id,analysis_display,study_title,subject_species,institute
ST000009,AN000023,LC/Electro-spray /QTOF positive ion mode,Mixed meal tolerance,Homo sapiens,University of Michigan
ST000009,AN000024,LC/Electro-spray /QTOF negative ion mode,Mixed meal tolerance,Homo sapiens,University of Michigan
ST000010,AN000025,LC/Electro-spray /QTOF positive ion mode,Lung Cancer Cells 4,Homo sapiens,University of Michigan
ST000010,AN000026,LC/Electro-spray /QTOF negative ion mode,Lung Cancer Cells 4,Homo sapiens,University of Michigan
ST000045,AN000072,MS positive ion mode/C18,Plasma metabolomics:  Comparison of non-diabetic controls with T1D patients,Homo sapiens,Mayo Clinic
ST000045,AN000073,MS positive ion mode/HILIC,Plasma metabolomics:  Comparison of non-diabetic controls with T1D patients,Homo sapiens,Mayo Clinic
ST000045,AN000074,MS negative ion mode/C18,Plasma metabolomics:  Comparison of non-diabetic controls with T1D patients,Homo sapiens,Mayo Clinic
ST000045,AN000075,MS negative ion mode/HILIC,Plasma metabolomics:  Comparison of non-diabetic controls with T1D patients,Homo sapiens,Mayo Clinic
ST000046,AN000076,MS positive ion mode/C18,"Identification of altered metabolic pathways in Alzheimer's disease, mild cognitive impairment and cognitively normals using Metabolomics (plasma)",Homo sapiens,Mayo Clinic
ST000046,AN000077,MS positive ion mode/HILIC,"Identification of altered metabolic pathways in Alzheimer's disease, mild cognitive impairment and cognitively normals using Metabolomics (plasma)",Homo sapiens,Mayo Clinic
ST000046,AN000078,MS negative ion mode/C18,"Identification of altered metabolic pathways in Alzheimer's disease, mild cognitive impairment and cognitively normals using Metabolomics (plasma)",Homo sapiens,Mayo Clinic
ST000046,AN000079,MS negative ion mode/HILIC,"Identification of altered metabolic pathways in Alzheimer's disease, mild cognitive impairment and cognitively normals using Metabolomics (plasma)",Homo sapiens,Mayo Clinic
ST000047,AN000080,MS positive ion mode/C18,"Identification of altered metabolic pathways in Alzheimer's disease, mild cognitive impairment and cognitively normals using Metabolomics (CSF)",Homo sapiens,Mayo Clinic
ST000047,AN000081,MS positive ion mode/HILIC,"Identification of altered metabolic pathways in Alzheimer's disease, mild cognitive impairment and cognitively normals using Metabolomics (CSF)",Homo sapiens,Mayo Clinic
ST000047,AN000082,MS negative ion mode/C18,"Identification of altered metabolic pathways in Alzheimer's disease, mild cognitive impairment and cognitively normals using Metabolomics (CSF)",Homo sapiens,Mayo Clinic
ST000047,AN000083,MS negative ion mode/HILIC,"Identification of altered metabolic pathways in Alzheimer's disease, mild cognitive impairment and cognitively normals using Metabolomics (CSF)",Homo sapiens,Mayo Clinic
ST000072,AN000113,ESI/QTOF positive ion mode,Effect of diet and age on ovarian metabolome (via tissue),Macaca fascicularis,University of North Carolina
ST000072,AN000114,ESI/QTOF negative ion mode,Effect of diet and age on ovarian metabolome (via tissue),Macaca fascicularis,University of North Carolina
ST000074,AN000117,ESI/QTOF positive ion mode,Genetic effects of high fat diet on mouse fecal metabolomics,Mus musculus,University of North Carolina
ST000074,AN000118,ESI/QTOF negative ion mode,Genetic effects of high fat diet on mouse fecal metabolomics,Mus musculus,University of North Carolina
ST000090,AN000143,MS positive ion mode,Caloric Restriction vs drugs,Mus musculus,University of Michigan
ST000090,AN000144,MS negative ion mode,Caloric Restriction vs drugs,Mus musculus,University of Michigan
ST000163,AN000255,HESI positive ion mode,Metabolomics of 50 healthy humans and common marmosets (MetabNet),Homo sapiens;Callithrix jacchus,Emory University
ST000232,AN000347,ESI positive ion mode,Untargeted metabolomic analysis of the small intestinal content of malnourished mice,Mus musculus,University of Victoria
ST000232,AN000348,ESI negative ion mode,Untargeted metabolomic analysis of the small intestinal content of malnourished mice,Mus musculus,University of Victoria
ST000235,AN000353,ESI positive ion mode,Sprague Dawley rats Nicotine alters brain oxidative metabolism,Rattus norvegicus,University of Florida
ST000235,AN000354,ESI negative ion mode,Sprague Dawley rats Nicotine alters brain oxidative metabolism,Rattus norvegicus,University of Florida
ST000239,AN000369,ESI positive ion mode,Sexual antagonism in exuded non-volatile metabolites in C. purpureus,Ceratodon purpureus,University of Florida
ST000239,AN000370,ESI Negative ion mode,Sexual antagonism in exuded non-volatile metabolites in C. purpureus,Ceratodon purpureus,University of Florida
ST000240,AN000371,HESI positive ion mode,Global LC-MS of Ozone Stress in Maize: GLCMS,Zea mays,University of Florida
ST000240,AN000372,HESI negative ion mode,Global LC-MS of Ozone Stress in Maize: GLCMS,Zea mays,University of Florida
ST000242,AN000375,C18 ESI positive ion mode,"Whole unconditioned medium (Defined culture media, M199),Whole M1 medium,Whole M2 medium",Homo sapiens,Mayo Clinic
ST000242,AN000376,C18 ESI negative ion mode,"Whole unconditioned medium (Defined culture media, M199),Whole M1 medium,Whole M2 medium",Homo sapiens,Mayo Clinic
ST000242,AN000377,HILIC ESI positive ion mode,"Whole unconditioned medium (Defined culture media, M199),Whole M1 medium,Whole M2 medium",Homo sapiens,Mayo Clinic
ST000242,AN000378,HILIC ESI negative ion mode,"Whole unconditioned medium (Defined culture media, M199),Whole M1 medium,Whole M2 medium",Homo sapiens,Mayo Clinic
ST000244,AN000381,ESI positive ion mode,Metabolomic Diagnosis in Horse,Equus caballus,University of Florida
ST000244,AN000382,ESI negative ion mode,Metabolomic Diagnosis in Horse,Equus caballus,University of Florida
ST000270,AN000432,ESI positive ion mode,Metabolomics in AML,Homo sapiens,University of Florida
ST000270,AN000433,ESI/Orbitrap Negative ion mode,Metabolomics in AML,Homo sapiens,University of Florida
ST000286,AN000454,ESI Positive ion mode,Mouse skeletal myotube chronic low-frequency stimulation,Mus musculus,University of Florida
ST000286,AN000455,ESI Negative ion mode,Mouse skeletal myotube chronic low-frequency stimulation,Mus musculus,University of Florida
ST000288,AN000458,ESI Positive mode,Metabolomic profiling of AML Cell Lines,Homo sapiens,University of Florida
ST000288,AN000459,ESI Negative mode,Metabolomic profiling of AML Cell Lines,Homo sapiens,University of Florida
ST000289,AN000460,ESI Positive mode,PPDK RNAi effects in endosperm metabolite pools,Zea mays,University of Florida
ST000289,AN000461,ESI Negative mode,PPDK RNAi effects in endosperm metabolite pools,Zea mays,University of Florida
ST000290,AN000462,ESI Positive mode,2014 Biotron Experiment Metabolites,Zea mays,University of Florida
ST000290,AN000463,ESI Negative mode,2014 Biotron Experiment Metabolites,Zea mays,University of Florida
ST000291,AN000464,ESI Positive mode,LC-MS Based Approaches to Investigate Metabolomic Differences in the Urine of Young Women after Drinking Cranberry Juice or Apple Juice,Homo sapiens,University of Florida
ST000291,AN000465,ESI Negative mode,LC-MS Based Approaches to Investigate Metabolomic Differences in the Urine of Young Women after Drinking Cranberry Juice or Apple Juice,Homo sapiens,University of Florida
ST000292,AN000466,ESI Positive mode,LC-MS Based Approaches to Investigate Metabolomic Differences in the Plasma of Young Women after Drinking Cranberry Juice or Apple Juice,Homo sapiens,University of Florida
ST000292,AN000467,ESI Negative mode,LC-MS Based Approaches to Investigate Metabolomic Differences in the Plasma of Young Women after Drinking Cranberry Juice or Apple Juice,Homo sapiens,University of Florida
ST000294,AN000470,ESI Positive mode,Mechanisms of Metabolic Cycles in Diapausing Flesh Fly by Metabolomics Approach,Sarcophaga crassipalpis,University of Florida
ST000294,AN000471,ESI Negative mode,Mechanisms of Metabolic Cycles in Diapausing Flesh Fly by Metabolomics Approach,Sarcophaga crassipalpis,University of Florida
ST000310,AN000490,Peak area positive ion mode,TC and B6 untreated plasma in lupus-prone mice lipidomics (part-II),Mus musculus,University of Florida
ST000310,AN000491,Peak area negative ion mode,TC and B6 untreated plasma in lupus-prone mice lipidomics (part-II),Mus musculus,University of Florida
ST000310,AN000492,Peak height positive ion mode,TC and B6 untreated plasma in lupus-prone mice lipidomics (part-II),Mus musculus,University of Florida
ST000310,AN000493,Peak height negative ion mode,TC and B6 untreated plasma in lupus-prone mice lipidomics (part-II),Mus musculus,University of Florida
ST000311,AN000494,POSITIVE ION MODE/Peak Area,TC and B6 untreated plasma in lupus-prone mice,Mus musculus,University of Florida
ST000311,AN000495,NEGATIVE ION MODE/Peak Area,TC and B6 untreated plasma in lupus-prone mice,Mus musculus,University of Florida
ST000311,AN000496,POSITIVE ION MODE/Peak Height,TC and B6 untreated plasma in lupus-prone mice,Mus musculus,University of Florida
ST000311,AN000497,NEGATIVE ION MODE/Peak Height,TC and B6 untreated plasma in lupus-prone mice,Mus musculus,University of Florida
ST000335,AN000540,UHPLC HESI POSITIVE ION MODE,Metabolomics of bovine uterine fluid at the onset of conceptus elongation,Bos taurus,University of Florida
ST000335,AN000541,UHPLC HESI NEGATIVE ION MODE,Metabolomics of bovine uterine fluid at the onset of conceptus elongation,Bos taurus,University of Florida
ST000357,AN000584,Reversed phase POSITIVE ION MODE,Broad Spectrum MS analysis of mouse hypothalmus from Anxiety Prone HSV-Latently Infected Obese Mice,Mus musculus,University of North Carolina
ST000357,AN000585,Reversed phase NEGATIVE ION MODE,Broad Spectrum MS analysis of mouse hypothalmus from Anxiety Prone HSV-Latently Infected Obese Mice,Mus musculus,University of North Carolina
ST000359,AN000588,Reversed phase POSITIVE ION MODE,Broad Spectrum MS analysis of mouse microglia cells from Anxiety Prone HSV-Latently Infected Obese Mice,Mus musculus,University of North Carolina
ST000359,AN000589,Reversed phase NEGATIVE ION MODE,Broad Spectrum MS analysis of mouse microglia cells from Anxiety Prone HSV-Latently Infected Obese Mice,Mus musculus,University of North Carolina
ST000361,AN000592,Reversed phase POSITIVE ION MODE,Characterization and Plasticity of the Metabolome in Peripheral Cells in Bipolar I Disorder,Homo sapiens,University of North Carolina
ST000361,AN000593,Reversed phase NEGATIVE ION MODE,Characterization and Plasticity of the Metabolome in Peripheral Cells in Bipolar I Disorder,Homo sapiens,University of North Carolina
ST000363,AN000595,Reversed phase POSITIVE ION MODE,Broad Spectrum MS analysis of mouse peripheral blood mononuclear cells (PBMC) from Anxiety Prone HSV-Latently Infected Obese Mice,Mus musculus,University of North Carolina
ST000363,AN000596,Reversed phase NEGATIVE ION MODE,Broad Spectrum MS analysis of mouse peripheral blood mononuclear cells (PBMC) from Anxiety Prone HSV-Latently Infected Obese Mice,Mus musculus,University of North Carolina
ST000382,AN000616,Reversed phase POSITIVE ION MODE,Urinary Metabolites in IC/PBS Diagnosis (part II),Homo sapiens,"University of California, Davis"
ST000382,AN000617,Reversed phase NEGATIVE ION MODE,Urinary Metabolites in IC/PBS Diagnosis (part II),Homo sapiens,"University of California, Davis"
ST000391,AN000627,HILIC POSITIVE ION MODE,Metabolomic markers of altered nucleotide metabolism in early stage adenocarcinoma (part II),Homo sapiens,"University of California, Davis"
ST000394,AN000630,Lipidomics POSITIVE ION MODE,The circadian oscillator in Synechococcus elongatus controls metabolite partitioning during diurnal growth (part I),Synechococcus elongatus PCC 7942,"University of California, Davis"
ST000394,AN000631,Lipidomics NEGATIVE ION MODE,The circadian oscillator in Synechococcus elongatus controls metabolite partitioning during diurnal growth (part I),Synechococcus elongatus PCC 7942,"University of California, Davis"
ST000399,AN000636,HILIC POSITIVE ION MODE,E.coli effects on growth and substrate uptake of green algae (part I - HILIC),Escherichia coli,"University of California, Davis"
ST000399,AN000637,HILIC NEGATIVE ION MODE,E.coli effects on growth and substrate uptake of green algae (part I - HILIC),Escherichia coli,"University of California, Davis"
ST000413,AN000653,Lipidomics POSITIVE ION MODE,Metabolic profiling during ex vivo machine perfusion of the human liver (part III),Homo sapiens,"University of California, Davis"
ST000413,AN000654,Lipidomics NEGATIVE ION MODE,Metabolic profiling during ex vivo machine perfusion of the human liver (part III),Homo sapiens,"University of California, Davis"
ST000421,AN000663,HILIC POSITIVE ION MODE,Type 1 Diabetes poor glycemic control versus control samples,Homo sapiens,Mayo Clinic
ST000421,AN000664,HILIC NEGATIVE ION MODE,Type 1 Diabetes poor glycemic control versus control samples,Homo sapiens,Mayo Clinic
ST000421,AN000665,Reversed phase POSITIVE ION MODE,Type 1 Diabetes poor glycemic control versus control samples,Homo sapiens,Mayo Clinic
ST000421,AN000666,Reversed phase NEGATIVE ION MODE,Type 1 Diabetes poor glycemic control versus control samples,Homo sapiens,Mayo Clinic
ST000422,AN000667,HILIC POSITIVE ION MODE,Type 1 Diabetes good glycemic control and controls samples,Homo sapiens,Mayo Clinic
ST000422,AN000668,HILIC NEGATIVE ION MODE,Type 1 Diabetes good glycemic control and controls samples,Homo sapiens,Mayo Clinic
ST000422,AN000669,Reversed phase POSITIVE ION MODE,Type 1 Diabetes good glycemic control and controls samples,Homo sapiens,Mayo Clinic
ST000422,AN000670,Reversed phase NEGATIVE ION MODE,Type 1 Diabetes good glycemic control and controls samples,Homo sapiens,Mayo Clinic
ST000424,AN000673,Reversed phase POSITIVE ION MODE,Metabolomics Approach to Allograft Assessment in Liver Transplantation (part II),Homo sapiens,University of Florida
ST000424,AN000674,Reversed phase NEGATIVE ION MODE,Metabolomics Approach to Allograft Assessment in Liver Transplantation (part II),Homo sapiens,University of Florida
ST000436,AN000686,Reversed phase POSITIVE ION MODE,Metabolomic analysis of EE urine samples,Homo sapiens,University of Minnesota
ST000446,AN000697,UHPLC POSITIVE ION MODE,Heterologous expression and detection of Apratoxins in E. coli,Escherichia coli,University of Florida
ST000446,AN000698,UHPLC NEGATIVE ION MODE,Heterologous expression and detection of Apratoxins in E. coli,Escherichia coli,University of Florida
ST000453,AN000709,Reversed phase POSITIVE ION MODE,Metabolic Adaptation of Staphylococcus aureus to Host Immunity,Staphylococcus aureus,University of North Carolina
ST000453,AN000710,Reversed phase NEGATIVE ION MODE,Metabolic Adaptation of Staphylococcus aureus to Host Immunity,Staphylococcus aureus,University of North Carolina
ST000467,AN000730,Reversed phase POSITIVE ION MODE,Metabolomics of Saliva Samples Obtained from Subjects with Diabetes,Homo sapiens,University of North Carolina
ST000475,AN000739,UHPLC POSITIVE ION MODE,Metabolomic testing of a putative MDH inhibitor (global),Homo sapiens,University of Florida
ST000475,AN000740,UHPLC NEGATIVE ION MODE,Metabolomic testing of a putative MDH inhibitor (global),Homo sapiens,University of Florida
ST000476,AN000741,Reversed phase POSITIVE ION MODE,Metabolomic analysis of oxytocin effects on social deficits in mice (part IV),Mus musculus,University of North Carolina
ST000515,AN000788,POSITIVE ION MODE,Metabolomics of longitudinal plasma samples from Macaca mulatta infected with Plasmodium cynomolgi B strain.,Macaca mulatta,Emory University
ST000515,AN000789,NEGATIVE ION MODE,Metabolomics of longitudinal plasma samples from Macaca mulatta infected with Plasmodium cynomolgi B strain.,Macaca mulatta,Emory University
ST000523,AN000798,POSITIVE ION MODE,Prenatal exposures and Metabolite and Lipid Profiles,Homo sapiens,University of Michigan
ST000523,AN000799,NEGATIVE ION MODE,Prenatal exposures and Metabolite and Lipid Profiles,Homo sapiens,University of Michigan
ST000523,AN000800,POSITIVE ION MODE/Lipids,Prenatal exposures and Metabolite and Lipid Profiles,Homo sapiens,University of Michigan
ST000523,AN000801,NEGATIVE ION MODE/Lipids,Prenatal exposures and Metabolite and Lipid Profiles,Homo sapiens,University of Michigan
ST000528,AN000806,Reversed phase POSITIVE ION MODE,Regulation of Metabolism by LSR,Homo sapiens,University of North Carolina
ST000529,AN000807,Reversed phase NEGATIVE ION MODE,Regulation of Metabolism by LSR (part II),Homo sapiens,University of North Carolina
ST000530,AN000808,Reversed phase POSITIVE ION MODE,Effects of herb DG and KK01 on Type 2 Diabetes Mellitus (T2DM) through Lipidomics,Mus musculus,University of North Carolina
ST000530,AN000809,Reversed phase NEGATIVE ION MODE,Effects of herb DG and KK01 on Type 2 Diabetes Mellitus (T2DM) through Lipidomics,Mus musculus,University of North Carolina
ST000540,AN000820,HILIC POSITIVE ION MODE,Kidney tissue metabolomic profiling of diabetic nephropathy in the steptozotocin induced type-1 diabetes mouse model.,Mus musculus,RTI International
ST000540,AN000821,HILIC NEGATIVE ION MODE,Kidney tissue metabolomic profiling of diabetic nephropathy in the steptozotocin induced type-1 diabetes mouse model.,Mus musculus,RTI International
ST000547,AN000834,Reversed phase POSITIVE ION MODE,Intergenerational murine gut microbiome variation,Mus musculus,South Australian Health and Medical Research Institute
ST000547,AN000835,Reversed phase NEGATIVE ION MODE,Intergenerational murine gut microbiome variation,Mus musculus,South Australian Health and Medical Research Institute
ST000551,AN000841,HILIC POSITIVE ION MODE,Investigating large scale metabolomics in mice tissue lacking insulin receptors and IGF-1 receptors,Mus musculus,Mayo Clinic
ST000551,AN000842,Reversed phase POSITIVE ION MODE,Investigating large scale metabolomics in mice tissue lacking insulin receptors and IGF-1 receptors,Mus musculus,Mayo Clinic
ST000552,AN000843,Reversed phase POSITIVE ION MODE,Metabolite signatures in trauma patients with venous thromboembolism (VTE),Homo sapiens,University of Florida
ST000552,AN000844,Reversed phase NEGATIVE ION MODE,Metabolite signatures in trauma patients with venous thromboembolism (VTE),Homo sapiens,University of Florida
ST000554,AN000849,Reversed phase POSITIVE ION MODE,Metabolomics of aged iPSC,Mus musculus,University of Florida
ST000554,AN000850,Reversed phase NEGATIVE ION MODE,Metabolomics of aged iPSC,Mus musculus,University of Florida
ST000555,AN000851,UHPLC POSITIVE ION MODE,Cocaine administration and withdrawal (part II),Rattus norvegicus,University of Florida
ST000555,AN000852,UHPLC NEGATIVE ION MODE,Cocaine administration and withdrawal (part II),Rattus norvegicus,University of Florida
ST000556,AN000853,UHPLC POSITIVE ION MODE,IROA feasibility project; plasticizers as obesogens in zebrafish,Danio rerio,University of Florida
ST000556,AN000854,UHPLC NEGATIVE ION MODE,IROA feasibility project; plasticizers as obesogens in zebrafish,Danio rerio,University of Florida
ST000558,AN000856,HILIC POSITIVE ION MODE,Plasma metabolomic profiling of diabetic nephropathy in the steptozotocin induced type-1 diabetes mouse model,Mus musculus,RTI International
ST000558,AN000857,HILIC NEGATIVE ION MODE,Plasma metabolomic profiling of diabetic nephropathy in the steptozotocin induced type-1 diabetes mouse model,Mus musculus,RTI International
ST000559,AN000858,HILIC POSITIVE ION MODE,Urine metabolomic profiling of diabetic nephropathy in the steptozotocin induced type-1 diabetes mouse model.,Mus musculus,RTI International
ST000559,AN000859,HILIC NEGATIVE ION MODE,Urine metabolomic profiling of diabetic nephropathy in the steptozotocin induced type-1 diabetes mouse model.,Mus musculus,RTI International
ST000560,AN000860,HILIC POSITIVE ION MODE,Metabolomics of immunoglobulin-producing cells in IgA nephropathy,Homo sapiens,RTI International
ST000560,AN000861,HILIC NEGATIVE ION MODE,Metabolomics of immunoglobulin-producing cells in IgA nephropathy,Homo sapiens,RTI International
ST000566,AN000869,Reversed phase NEGATIVE ION MODE,Large Scale C18 Profiling of the Effects of Curcumin Supplementation of Older Adults: Relation to Vascular Function (part 5),Homo sapiens,Mayo Clinic
ST000566,AN000870,Reversed phase POSITIVE ION MODE,Large Scale C18 Profiling of the Effects of Curcumin Supplementation of Older Adults: Relation to Vascular Function (part 5),Homo sapiens,Mayo Clinic
ST000567,AN000871,HILIC NEGATIVE ION MODE,Large Scale HILIC Profiling of the Effects of Curcumin Supplementation of Older Adults: Relation to Vascular Function (part 6),Homo sapiens,Mayo Clinic
ST000567,AN000872,HILIC POSITIVE ION MODE,Large Scale HILIC Profiling of the Effects of Curcumin Supplementation of Older Adults: Relation to Vascular Function (part 6),Homo sapiens,Mayo Clinic
ST000571,AN000879,UHPLC POSITIVE ION MODE,Metabolomics of uterine fluid of the cow,Bos taurus,University of Florida
ST000571,AN000880,UHPLC NEGATIVE ION MODE,Metabolomics of uterine fluid of the cow,Bos taurus,University of Florida
ST000572,AN000881,UHPLC POSITIVE ION MODE,Metabolomics of Shark Bay stromatolites,Mixed,University of Florida
ST000572,AN000882,UHPLC NEGATIVE ION MODE,Metabolomics of Shark Bay stromatolites,Mixed,University of Florida
ST000578,AN000888,Reversed phase POSITIVE ION MODE,Experiment HuA: Metabolomics of plasma samples from humans infected with Plasmodium vivax strain.,Homo sapiens,Emory University
ST000578,AN000889,Anion exchange POSITIVE ION MODE,Experiment HuA: Metabolomics of plasma samples from humans infected with Plasmodium vivax strain.,Homo sapiens,Emory University
ST000583,AN000894,UHPLC POSITIVE ION MODE,The Metabolomics of Oral Biofilms exposed to Arginine and Fluoride,Homo sapiens,University of Florida
ST000583,AN000895,UHPLC NEGATIVE ION MODE,The Metabolomics of Oral Biofilms exposed to Arginine and Fluoride,Homo sapiens,University of Florida
ST000584,AN000896,HILIC POSITIVE ION MODE,"Fasting wildtype, tfeb -/- knockout, and lmna -/- knockout metabolite profiling of adult zebrafish",Danio rerio,Mayo Clinic
ST000584,AN000897,HILIC NEGATIVE ION MODE,"Fasting wildtype, tfeb -/- knockout, and lmna -/- knockout metabolite profiling of adult zebrafish",Danio rerio,Mayo Clinic
ST000584,AN000898,Reversed phase POSITIVE ION MODE,"Fasting wildtype, tfeb -/- knockout, and lmna -/- knockout metabolite profiling of adult zebrafish",Danio rerio,Mayo Clinic
ST000584,AN000899,Reversed phase NEGATIVE ION MODE,"Fasting wildtype, tfeb -/- knockout, and lmna -/- knockout metabolite profiling of adult zebrafish",Danio rerio,Mayo Clinic
ST000585,AN000900,Reversed phase POSITIVE ION MODE,Metabolomic profiling of follicular fluid from patients with infertility-related deep endometriosis.,Homo sapiens,Sao Paulo Federal University
ST000592,AN000907,untargeted C18 column POSITIVE ION MODE,"Uninfected Macaca mulatta exposed to pyrimethamine to produce and integrate clinical, hematological, and omics control measures.",Macaca mulatta,Emory University
ST000592,AN000908,anion exchange POSITIVE ION MODE,"Uninfected Macaca mulatta exposed to pyrimethamine to produce and integrate clinical, hematological, and omics control measures.",Macaca mulatta,Emory University
ST000595,AN000911,HILIC POSITIVE ION MODE,Emory University high-resolution metabolomic profiling CHEAR pooled reference materials: Urine,Homo sapiens,Emory University
ST000595,AN000912,Reversed phase NEGATIVE ION MODE,Emory University high-resolution metabolomic profiling CHEAR pooled reference materials: Urine,Homo sapiens,Emory University
ST000596,AN000913,HILIC POSITIVE ION MODE,Emory University high-resolution metabolomic profiling CHEAR pooled reference materials,Homo sapiens,Emory University
ST000596,AN000914,Reversed phase NEGATIVE ION MODE,Emory University high-resolution metabolomic profiling CHEAR pooled reference materials,Homo sapiens,Emory University
ST000599,AN000917,Reversed phase POSITIVE ION MODE,Metabolomics measures of Macaca mulatta infected with Plasmodium coatneyi Hackeri strain,Macaca mulatta,Emory University
ST000599,AN000918,Reversed phase NEGATIVE ION MODE,Metabolomics measures of Macaca mulatta infected with Plasmodium coatneyi Hackeri strain,Macaca mulatta,Emory University
ST000601,AN000920,Reversed phase POSITIVE ION MODE,"Untargeted LC-MS metabolomics analysis of human COPD plasma, HILIC & C18",Homo sapiens,University of Colorado Denver
ST000601,AN000921,HILIC POSITIVE ION MODE,"Untargeted LC-MS metabolomics analysis of human COPD plasma, HILIC & C18",Homo sapiens,University of Colorado Denver
ST000604,AN000924,Lipidomics POSITIVE ION MODE,Impact Of High Sugar Diet On L-Arginine Metabolism In The Lung (part II),Mus musculus,"University of California, Davis"
ST000604,AN000925,Lipidomics NEGATIVE ION MODE,Impact Of High Sugar Diet On L-Arginine Metabolism In The Lung (part II),Mus musculus,"University of California, Davis"
ST000609,AN000932,Reversed phase POSITIVE ION MODE,CHEAR Plasma Reference Material,Homo sapiens,RTI International
ST000609,AN000933,Reversed phase NEGATIVE ION MODE,CHEAR Plasma Reference Material,Homo sapiens,RTI International
ST000610,AN000934,Reversed phase POSITIVE ION MODE,CHEAR Urine Reference Material,Homo sapiens,RTI International
ST000610,AN000935,Reversed phase NEGATIVE ION MODE,CHEAR Urine Reference Material,Homo sapiens,RTI International
ST000618,AN000948,Reversed phase POSITIVE ION MODE,Metabolomic Profiling of Follicular Fluid from Patients with Polycystic Ovary Syndrome and Hyper Response to In Vitro Fertilization Treatment,Homo sapiens,Sao Paulo Federal University
ST000621,AN000953,Reversed phase POSITIVE ION MODE,Untargeted metabolomic changes in Chlamydomonas reinhardtii treated with lipid inducing small molecules,Chlamydomonas reinhardtii,University of Nebraska-Lincoln
ST000622,AN000954,GC POSITIVE ION MODE,Identification and metabolite profiling of chemical activators of lipid accumulation in green algae,Chlamydomonas reinhardtii,University of Nebraska-Lincoln
ST000625,AN000957,Reversed phase POSITIVE ION MODE,"Non targeted metabolomic analysis of mouse and human bronchoalveolar lavage fluid, Aqueous(+) experiment (part I)",Homo sapiens;Mus musculus,University of Colorado Denver
ST000626,AN000958,Reversed phase NEGATIVE ION MODE,"Non targeted metabolomic analysis of mouse and human bronchoalveolar lavage fluid, Lipid(-) experiment (part II)",Homo sapiens;Mus musculus,University of Colorado Denver
ST000627,AN000959,Reversed phase POSITIVE ION MODE,"Non targeted metabolomic analysis of mouse and human bronchoalveolar lavage fluid, Lipid(+) experiment (part III)",Homo sapiens;Mus musculus,University of Colorado Denver
ST000651,AN000983,HILIC POSITIVE ION MODE,Effects of NO Donor Therapy on the Dystrophic Mouse Heart Metabolome (part VII),Mus musculus,Mayo Clinic
ST000651,AN000984,HILIC NEGATIVE ION MODE,Effects of NO Donor Therapy on the Dystrophic Mouse Heart Metabolome (part VII),Mus musculus,Mayo Clinic
ST000651,AN000985,Reversed phase POSITIVE ION MODE,Effects of NO Donor Therapy on the Dystrophic Mouse Heart Metabolome (part VII),Mus musculus,Mayo Clinic
ST000651,AN000986,Reversed phase NEGATIVE ION MODE,Effects of NO Donor Therapy on the Dystrophic Mouse Heart Metabolome (part VII),Mus musculus,Mayo Clinic
ST000652,AN000987,HILIC POSITIVE ION MODE,Effects of NO Donor Therapy on the Dystrophic Mouse Quadricep Metabolome (part VIII),Mus musculus,Mayo Clinic
ST000652,AN000988,HILIC NEGATIVE ION MODE,Effects of NO Donor Therapy on the Dystrophic Mouse Quadricep Metabolome (part VIII),Mus musculus,Mayo Clinic
ST000652,AN000989,Reversed phase POSITIVE ION MODE,Effects of NO Donor Therapy on the Dystrophic Mouse Quadricep Metabolome (part VIII),Mus musculus,Mayo Clinic
ST000652,AN000990,Reversed phase NEGATIVE ION MODE,Effects of NO Donor Therapy on the Dystrophic Mouse Quadricep Metabolome (part VIII),Mus musculus,Mayo Clinic
ST000653,AN000991,HILIC POSITIVE ION MODE,Effects of Exercise on Dystrophic Mouse Heart Meabolome (part IX),Mus musculus,Mayo Clinic
ST000653,AN000992,HILIC NEGATIVE ION MODE,Effects of Exercise on Dystrophic Mouse Heart Meabolome (part IX),Mus musculus,Mayo Clinic
ST000653,AN000993,Reversed phase POSITIVE ION MODE,Effects of Exercise on Dystrophic Mouse Heart Meabolome (part IX),Mus musculus,Mayo Clinic
ST000653,AN000994,Reversed phase NEGATIVE ION MODE,Effects of Exercise on Dystrophic Mouse Heart Meabolome (part IX),Mus musculus,Mayo Clinic
ST000654,AN000995,HILIC POSITIVE ION MODE,Effects of Exercise on Dystrophic Mouse Quadricep Meabolome (part X),Mus musculus,Mayo Clinic
ST000654,AN000996,HILIC NEGATIVE ION MODE,Effects of Exercise on Dystrophic Mouse Quadricep Meabolome (part X),Mus musculus,Mayo Clinic
ST000654,AN000997,Reversed phase POSITIVE ION MODE,Effects of Exercise on Dystrophic Mouse Quadricep Meabolome (part X),Mus musculus,Mayo Clinic
ST000654,AN000998,Reversed phase NEGATIVE ION MODE,Effects of Exercise on Dystrophic Mouse Quadricep Meabolome (part X),Mus musculus,Mayo Clinic
ST000655,AN000999,Lipidomics POSITIVE ION MODE,Omega-6 and omega-3 oxylipins are implicated in soybean oil-induced obesity in mice (part II),Mus musculus,"University of California, Davis"
ST000655,AN001000,Lipidomics NEGATIVE ION MODE,Omega-6 and omega-3 oxylipins are implicated in soybean oil-induced obesity in mice (part II),Mus musculus,"University of California, Davis"
ST000656,AN001001,Lipidomics POSITIVE ION MODE,Omega-6 and omega-3 oxylipins are implicated in soybean oil-induced obesity in mice (part III),Mus musculus,"University of California, Davis"
ST000656,AN001002,Lipidomics NEGATIVE ION MODE,Omega-6 and omega-3 oxylipins are implicated in soybean oil-induced obesity in mice (part III),Mus musculus,"University of California, Davis"
ST000657,AN001003,HILIC POSITIVE ION MODE,mTOR regulates metabolic adaptation of APCs in the lung microenvironment and controls the outcome of allergic inflammation,Mus musculus,Emory University
ST000689,AN001063,Reversed phase NEGATIVE ION MODE,Influence of Noxa knockdown on cell metabolism,Homo sapiens,University of Michigan
ST000689,AN001064,Reversed phase POSITIVE ION MODE,Influence of Noxa knockdown on cell metabolism,Homo sapiens,University of Michigan
ST000691,AN001067,Reversed phase NEGATIVE ION MODE,Metabolomics of diabetic nephropathy,Homo sapiens,University of Michigan
ST000691,AN001068,Reversed phase POSITIVE ION MODE,Metabolomics of diabetic nephropathy,Homo sapiens,University of Michigan
ST000693,AN001071,Reversed phase NEGATIVE ION MODE,Lanthanide-mineral induced alteration of bile acid metabolism in a murine model of steatohepatitis (part II),Mus musculus,University of Michigan
ST000693,AN001072,Reversed phase POSITIVE ION MODE,Lanthanide-mineral induced alteration of bile acid metabolism in a murine model of steatohepatitis (part II),Mus musculus,University of Michigan
ST000694,AN001073,Reversed phase NEGATIVE ION MODE,Differences in bile acids composition between ASCL5 knockout and floxed mice.,Mus musculus,University of Michigan
ST000694,AN001074,Reversed phase POSITIVE ION MODE,Differences in bile acids composition between ASCL5 knockout and floxed mice.,Mus musculus,University of Michigan
ST000695,AN001075,Reversed phase NEGATIVE ION MODE,Pilot metabolomics study of aromatase inhibitor associated arthralgias,Homo sapiens,University of Michigan
ST000695,AN001076,Reversed phase POSITIVE ION MODE,Pilot metabolomics study of aromatase inhibitor associated arthralgias,Homo sapiens,University of Michigan
ST000695,AN001077,C18 NEGATIVE ION MODE,Pilot metabolomics study of aromatase inhibitor associated arthralgias,Homo sapiens,University of Michigan
ST000695,AN001078,C18 POSITIVE ION MODE,Pilot metabolomics study of aromatase inhibitor associated arthralgias,Homo sapiens,University of Michigan
ST000696,AN001079,Reversed phase NEGATIVE ION MODE,Brain-Immune system-Gut Interaction in Chronic Mild Stress (CMS +/- Lacto),Mus musculus,University of Michigan
ST000696,AN001080,Reversed phase POSITIVE ION MODE,Brain-Immune system-Gut Interaction in Chronic Mild Stress (CMS +/- Lacto),Mus musculus,University of Michigan
ST000698,AN001083,Reversed phase NEGATIVE ION MODE,Metabolomics analysis of Sirt5 knockdown (KD) melanoma,Homo sapiens,University of Michigan
ST000698,AN001084,Reversed phase POSITIVE ION MODE,Metabolomics analysis of Sirt5 knockdown (KD) melanoma,Homo sapiens,University of Michigan
ST000702,AN001091,Reversed phase NEGATIVE ION MODE,NIH 3T3 fibroblast cells with Ceftriaxone Treatment,Mus musculus,University of Michigan
ST000702,AN001092,Reversed phase POSITIVE ION MODE,NIH 3T3 fibroblast cells with Ceftriaxone Treatment,Mus musculus,University of Michigan
ST000705,AN001095,Reversed phase POSITIVE ION MODE,Slow Aging Mice Plasma Metabolomics,Mus musculus,University of Michigan
ST000705,AN001096,Reversed phase NEGATIVE ION MODE,Slow Aging Mice Plasma Metabolomics,Mus musculus,University of Michigan
ST000708,AN001099,Reversed phase POSITIVE ION MODE,Metabolic effects of weight reduction of very low energy diet vs dietary counseling,Homo sapiens,University of Michigan
ST000708,AN001100,Reversed phase NEGATIVE ION MODE,Metabolic effects of weight reduction of very low energy diet vs dietary counseling,Homo sapiens,University of Michigan
ST000708,AN001101,C18 NEGATIVE ION MODE,Metabolic effects of weight reduction of very low energy diet vs dietary counseling,Homo sapiens,University of Michigan
ST000708,AN001102,C18 POSITIVE ION MODE,Metabolic effects of weight reduction of very low energy diet vs dietary counseling,Homo sapiens,University of Michigan
ST000711,AN001110,Reversed phase NEGATIVE ION MODE,Microbial ecology of nontuberculous mycobacteria (NTM) in cystic fibrosis (CF) sputum,Homo sapiens,University of Michigan
ST000711,AN001111,Reversed phase POSITIVE ION MODE,Microbial ecology of nontuberculous mycobacteria (NTM) in cystic fibrosis (CF) sputum,Homo sapiens,University of Michigan
ST000714,AN001117,Reversed phase NEGATIVE ION MODE,"Effect of genetic lesions on glioblastoma (NP, NPA, NPAI, NS)",Mus musculus,University of Michigan
ST000714,AN001118,Reversed phase POSITIVE ION MODE,"Effect of genetic lesions on glioblastoma (NP, NPA, NPAI, NS)",Mus musculus,University of Michigan
ST000721,AN001127,Reversed phase POSITIVE ION MODE,Metabolomic Profiles of Recovery from Traumatic Brain Injury,Homo sapiens,University of Michigan
ST000721,AN001128,Reversed phase NEGATIVE ION MODE,Metabolomic Profiles of Recovery from Traumatic Brain Injury,Homo sapiens,University of Michigan
ST000722,AN001129,Reversed phase POSITIVE ION MODE,Metabolomics of Diapause in Aedes albopictus,Aedes albopictus,University of Michigan
ST000722,AN001130,Reversed phase NEGATIVE ION MODE,Metabolomics of Diapause in Aedes albopictus,Aedes albopictus,University of Michigan
ST000722,AN001131,C18 NEGATIVE ION MODE,Metabolomics of Diapause in Aedes albopictus,Aedes albopictus,University of Michigan
ST000722,AN001132,C18 POSITIVE ION MODE,Metabolomics of Diapause in Aedes albopictus,Aedes albopictus,University of Michigan
ST000724,AN001134,Reversed phase NEGATIVE ION MODE,Red squirrels age related changes,Tamiasciurus hudsonicus,University of Michigan
ST000724,AN001135,Reversed phase POSITIVE ION MODE,Red squirrels age related changes,Tamiasciurus hudsonicus,University of Michigan
ST000725,AN001136,Reversed phase NEGATIVE ION MODE,"Metabolome, body composition, and muscle performance in children",Homo sapiens,University of Michigan
ST000725,AN001137,Reversed phase POSITIVE ION MODE,"Metabolome, body composition, and muscle performance in children",Homo sapiens,University of Michigan
ST000726,AN001138,Reversed phase NEGATIVE ION MODE,Polycystic Ovarian Syndrome(PCOS) metabolomics,Homo sapiens,University of Michigan
ST000726,AN001139,Reversed phase POSITIVE ION MODE,Polycystic Ovarian Syndrome(PCOS) metabolomics,Homo sapiens,University of Michigan
ST000741,AN001155,Reversed phase NEGATIVE ION MODE,Metabolite-phenotype link in X-linked Adrenoleukodystrophy (fibroblast cell culture),Homo sapiens,University of Michigan
ST000741,AN001156,Reversed phase POSITIVE ION MODE,Metabolite-phenotype link in X-linked Adrenoleukodystrophy (fibroblast cell culture),Homo sapiens,University of Michigan
ST000742,AN001157,Reversed phase NEGATIVE ION MODE,Metabolite-phenotype link in X-linked Adrenoleukodystrophy (part II),Homo sapiens,University of Michigan
ST000742,AN001158,Reversed phase POSITIVE ION MODE,Metabolite-phenotype link in X-linked Adrenoleukodystrophy (part II),Homo sapiens,University of Michigan
ST000743,AN001159,Reversed phase POSITIVE ION MODE,Metabolomics of bariatric weight loss,Homo sapiens,University of Michigan
ST000743,AN001160,Reversed phase NEGATIVE ION MODE,Metabolomics of bariatric weight loss,Homo sapiens,University of Michigan
ST000743,AN001161,C18 NEGATIVE ION MODE,Metabolomics of bariatric weight loss,Homo sapiens,University of Michigan
ST000743,AN001162,C18 POSITIVE ION MODE,Metabolomics of bariatric weight loss,Homo sapiens,University of Michigan
ST000744,AN001163,Reversed phase POSITIVE ION MODE,Metabolomics of intensive weight management clinic (IWMC) weight loss,Homo sapiens,University of Michigan
ST000744,AN001164,Reversed phase NEGATIVE ION MODE,Metabolomics of intensive weight management clinic (IWMC) weight loss,Homo sapiens,University of Michigan
ST000744,AN001165,C18 NEGATIVE ION MODE,Metabolomics of intensive weight management clinic (IWMC) weight loss,Homo sapiens,University of Michigan
ST000744,AN001166,C18 POSITIVE ION MODE,Metabolomics of intensive weight management clinic (IWMC) weight loss,Homo sapiens,University of Michigan
ST000745,AN001167,Reversed phase NEGATIVE ION MODE,Metabolomics of mice inoculated with human microbiota,Mus musculus,University of Michigan
ST000745,AN001168,Reversed phase POSITIVE ION MODE,Metabolomics of mice inoculated with human microbiota,Mus musculus,University of Michigan
ST000746,AN001169,Reversed phase NEGATIVE ION MODE,Metabolomics of mice inoculated with human stool (part II),Mus musculus,University of Michigan
ST000746,AN001170,Reversed phase POSITIVE ION MODE,Metabolomics of mice inoculated with human stool (part II),Mus musculus,University of Michigan
ST000748,AN001172,Reversed phase NEGATIVE ION MODE,Placental cells (BeWo) phthalate exposure metabolomics,Homo sapiens,University of Michigan
ST000748,AN001173,Reversed phase POSITIVE ION MODE,Placental cells (BeWo) phthalate exposure metabolomics,Homo sapiens,University of Michigan
ST000750,AN001176,Reversed phase NEGATIVE ION MODE,Rat amniotic fluid metabolomics (part II),Rattus norvegicus,University of Michigan
ST000750,AN001177,Reversed phase POSITIVE ION MODE,Rat amniotic fluid metabolomics (part II),Rattus norvegicus,University of Michigan
ST000751,AN001178,Reversed phase NEGATIVE ION MODE,Mouse placentas-DEHP exposure,Mus musculus,University of Michigan
ST000751,AN001179,Reversed phase POSITIVE ION MODE,Mouse placentas-DEHP exposure,Mus musculus,University of Michigan
ST000756,AN001186,Reversed phase NEGATIVE ION MODE,Metabolomics of cilia and modulation of renal microcirculation,Rattus norvegicus,University of Michigan
ST000756,AN001187,Reversed phase POSITIVE ION MODE,Metabolomics of cilia and modulation of renal microcirculation,Rattus norvegicus,University of Michigan
ST000758,AN001190,Reversed phase NEGATIVE ION MODE,Effects of caloric restriction in HCR/LCR rats,Rattus norvegicus,University of Michigan
ST000758,AN001191,Reversed phase POSITIVE ION MODE,Effects of caloric restriction in HCR/LCR rats,Rattus norvegicus,University of Michigan
ST000758,AN001192,C18 NEGATIVE ION MODE,Effects of caloric restriction in HCR/LCR rats,Rattus norvegicus,University of Michigan
ST000758,AN001193,C18 POSITIVE ION MODE,Effects of caloric restriction in HCR/LCR rats,Rattus norvegicus,University of Michigan
ST000759,AN001194,Reversed phase NEGATIVE ION MODE,Age and exercise effect on metabolomics in rats,Rattus norvegicus,University of Michigan
ST000759,AN001195,Reversed phase POSITIVE ION MODE,Age and exercise effect on metabolomics in rats,Rattus norvegicus,University of Michigan
ST000759,AN001196,C18 NEGATIVE ION MODE,Age and exercise effect on metabolomics in rats,Rattus norvegicus,University of Michigan
ST000759,AN001197,C18 POSITIVE ION MODE,Age and exercise effect on metabolomics in rats,Rattus norvegicus,University of Michigan
ST000763,AN001201,Reversed phase NEGATIVE ION MODE,Untargeted metabolomics and lipidomics of scleroderma PAH discovery cohort,Homo sapiens,University of Michigan
ST000763,AN001202,Reversed phase POSITIVE ION MODE,Untargeted metabolomics and lipidomics of scleroderma PAH discovery cohort,Homo sapiens,University of Michigan
ST000763,AN001203,C18 NEGATIVE ION MODE,Untargeted metabolomics and lipidomics of scleroderma PAH discovery cohort,Homo sapiens,University of Michigan
ST000763,AN001204,C18 POSITIVE ION MODE,Untargeted metabolomics and lipidomics of scleroderma PAH discovery cohort,Homo sapiens,University of Michigan
ST000766,AN001212,Reversed phase POSITIVE ION MODE,Differences in metabolite profiles and antioxidant activities between wild and cultivated black soybeans evaluated by a correlation analysis (part II),Glycine max,KIST
ST000768,AN001214,Reversed phase NEGATIVE ION MODE,Metabolites of human neurons and stem cells (siNeuron metabolomics),Homo sapiens,University of Michigan
ST000768,AN001215,Reversed phase POSITIVE ION MODE,Metabolites of human neurons and stem cells (siNeuron metabolomics),Homo sapiens,University of Michigan
ST000786,AN001245,Reversed phase POSITIVE ION MODE,N-acetylisoputreanine-g-lactam Identification,Homo sapiens,Colorado State University
ST000787,AN001246,Reversed phase POSITIVE ION MODE,Identifying metabolic adaptations characteristic of multiple myeloma cells via mass spectrometry-based metabolite profiling from Peripheral Plasma,Homo sapiens,Mayo Clinic
ST000787,AN001247,Reversed phase NEGATIVE ION MODE,Identifying metabolic adaptations characteristic of multiple myeloma cells via mass spectrometry-based metabolite profiling from Peripheral Plasma,Homo sapiens,Mayo Clinic
ST000787,AN001248,HILIC POSITIVE ION MODE,Identifying metabolic adaptations characteristic of multiple myeloma cells via mass spectrometry-based metabolite profiling from Peripheral Plasma,Homo sapiens,Mayo Clinic
ST000787,AN001249,HILIC NEGATIVE ION MODE,Identifying metabolic adaptations characteristic of multiple myeloma cells via mass spectrometry-based metabolite profiling from Peripheral Plasma,Homo sapiens,Mayo Clinic
ST000788,AN001250,Reversed phase POSITIVE ION MODE,Identifying metabolic adaptations characteristic of multiple myeloma cells via mass spectrometry-based metabolite profiling from Bone Marrow Plasma,Homo sapiens,Mayo Clinic
ST000788,AN001251,Reversed phase NEGATIVE ION MODE,Identifying metabolic adaptations characteristic of multiple myeloma cells via mass spectrometry-based metabolite profiling from Bone Marrow Plasma,Homo sapiens,Mayo Clinic
ST000788,AN001252,HILIC POSITIVE ION MODE,Identifying metabolic adaptations characteristic of multiple myeloma cells via mass spectrometry-based metabolite profiling from Bone Marrow Plasma,Homo sapiens,Mayo Clinic
ST000788,AN001253,HILIC NEGATIVE ION MODE,Identifying metabolic adaptations characteristic of multiple myeloma cells via mass spectrometry-based metabolite profiling from Bone Marrow Plasma,Homo sapiens,Mayo Clinic
ST000789,AN001254,Reversed phase POSITIVE ION MODE,Identifying metabolic adaptations characteristic of multiple myeloma cells via mass spectrometry-based metabolite profiling from (CD138+ Plasma Cells),Homo sapiens,Mayo Clinic
ST000789,AN001255,Reversed phase NEGATIVE ION MODE,Identifying metabolic adaptations characteristic of multiple myeloma cells via mass spectrometry-based metabolite profiling from (CD138+ Plasma Cells),Homo sapiens,Mayo Clinic
ST000789,AN001256,HILIC POSITIVE ION MODE,Identifying metabolic adaptations characteristic of multiple myeloma cells via mass spectrometry-based metabolite profiling from (CD138+ Plasma Cells),Homo sapiens,Mayo Clinic
ST000789,AN001257,HILIC NEGATIVE ION MODE,Identifying metabolic adaptations characteristic of multiple myeloma cells via mass spectrometry-based metabolite profiling from (CD138+ Plasma Cells),Homo sapiens,Mayo Clinic
ST000792,AN001260,Reversed phase POSITIVE ION MODE,Large Untargeted Profiling of Myelin to Enhance Recovery of Function after SCI,Mus musculus,Mayo Clinic
ST000792,AN001261,Reversed phase NEGATIVE ION MODE,Large Untargeted Profiling of Myelin to Enhance Recovery of Function after SCI,Mus musculus,Mayo Clinic
ST000792,AN001262,HILIC POSITIVE ION MODE,Large Untargeted Profiling of Myelin to Enhance Recovery of Function after SCI,Mus musculus,Mayo Clinic
ST000792,AN001263,HILIC NEGATIVE ION MODE,Large Untargeted Profiling of Myelin to Enhance Recovery of Function after SCI,Mus musculus,Mayo Clinic
ST000800,AN001271,Reversed phase POSITIVE ION MODE,Insights into myalgic encephalomyelitis/chronic fatigue syndrome (ME/CFS) phenotypes through comprehensive metabolomics,Homo sapiens,"University of California, Davis"
ST000800,AN001272,Reversed phase NEGATIVE ION MODE,Insights into myalgic encephalomyelitis/chronic fatigue syndrome (ME/CFS) phenotypes through comprehensive metabolomics,Homo sapiens,"University of California, Davis"
ST000801,AN001273,HILIC POSITIVE ION MODE,Insights into myalgic encephalomyelitis/chronic fatigue syndrome (ME/CFS) phenotypes through comprehensive metabolomics (part II),Homo sapiens,"University of California, Davis"
ST000813,AN001286,GC POSITIVE ION MODE,Insights into myalgic encephalomyelitis/chronic fatigue syndrome (ME/CFS) phenotypes through comprehensive metabolomics (part IV),Homo sapiens,"University of California, Davis"
ST000658,AN001287,GC POSITIVE ION MODE,Omega-6 and omega-3 oxylipins are implicated in soybean oil-induced obesity in mice (part IV),Mus musculus,"University of California, Davis"
ST000814,AN001288,C18 NEGATIVE ION MODE,Hormones & Cognition/Aging/Placebo,Homo sapiens,University of Michigan
ST000814,AN001289,C18 POSITIVE ION MODE,Hormones & Cognition/Aging/Placebo,Homo sapiens,University of Michigan
ST000816,AN001293,C18 NEGATIVE ION MODE,Lipidomics of Chronic Kidney Disease progression,Homo sapiens,University of Michigan
ST000816,AN001294,C18 POSITIVE ION MODE,Lipidomics of Chronic Kidney Disease progression,Homo sapiens,University of Michigan
ST000818,AN001296,C18 NEGATIVE ION MODE/QTOF,Integrated nutrigenomic and metabolomic analysis of Africans with variable diet,Homo sapiens,University of Michigan
ST000818,AN001297,C18 POSITIVE ION MODE/QTOF,Integrated nutrigenomic and metabolomic analysis of Africans with variable diet,Homo sapiens,University of Michigan
ST000818,AN001298,C18 NEGATIVE ION MODE/Triple TOF,Integrated nutrigenomic and metabolomic analysis of Africans with variable diet,Homo sapiens,University of Michigan
ST000818,AN001299,C18 POSITIVE ION MODE/Triple TOF,Integrated nutrigenomic and metabolomic analysis of Africans with variable diet,Homo sapiens,University of Michigan
ST000823,AN001306,6530 Q-TOF/C18 NEGATIVE ION MODE,Metabolic profiling of cyst fluid from patients with Intraductal Pancreatic Mucinous Neoplasm (part II),Homo sapiens,University of Michigan
ST000823,AN001307,6530 Q-TOF/C18 POSITIVE ION MODE,Metabolic profiling of cyst fluid from patients with Intraductal Pancreatic Mucinous Neoplasm (part II),Homo sapiens,University of Michigan
ST000823,AN001308,TripleTOF 5600+/C18 NEGATIVE ION MODE,Metabolic profiling of cyst fluid from patients with Intraductal Pancreatic Mucinous Neoplasm (part II),Homo sapiens,University of Michigan
ST000823,AN001309,TripleTOF 5600+/C18 POSITIVE ION MODE,Metabolic profiling of cyst fluid from patients with Intraductal Pancreatic Mucinous Neoplasm (part II),Homo sapiens,University of Michigan
ST000841,AN001349,C18 NEGATIVE ION MODE/QTOF,Metabolomics of muscle in insulin sensitive and resistant obese indivduals.,Homo sapiens,University of Michigan
ST000841,AN001350,C18 POSITIVE ION MODE/QTOF,Metabolomics of muscle in insulin sensitive and resistant obese indivduals.,Homo sapiens,University of Michigan
ST000841,AN001351,C18 NEGATIVE ION MODE/Triple TOF,Metabolomics of muscle in insulin sensitive and resistant obese indivduals.,Homo sapiens,University of Michigan
ST000841,AN001352,C18 POSITIVE ION MODE/Triple TOF,Metabolomics of muscle in insulin sensitive and resistant obese indivduals.,Homo sapiens,University of Michigan
ST000841,AN001353,C18 POSITIVE ION MODE/Triple quadrupole,Metabolomics of muscle in insulin sensitive and resistant obese indivduals.,Homo sapiens,University of Michigan
ST000841,AN001354,"HILIC NEGATIVE ION MODE/Amino, Aminopropyl",Metabolomics of muscle in insulin sensitive and resistant obese indivduals.,Homo sapiens,University of Michigan
ST000841,AN001355,"HILIC NEGATIVE ION MODE/Nucleotides, Sugars",Metabolomics of muscle in insulin sensitive and resistant obese indivduals.,Homo sapiens,University of Michigan
ST000842,AN001356,C18 NEGATIVE ION MODE/QTOF,Muscle and plasma before and after exercise,Homo sapiens,University of Michigan
ST000842,AN001357,C18 POSITIVE ION MODE/QTOF,Muscle and plasma before and after exercise,Homo sapiens,University of Michigan
ST000842,AN001358,C18 NEGATIVE ION MODE/Triple TOF,Muscle and plasma before and after exercise,Homo sapiens,University of Michigan
ST000842,AN001359,C18 POSITIVE ION MODE/Triple TOF,Muscle and plasma before and after exercise,Homo sapiens,University of Michigan
ST000842,AN001360,C18 POSITIVE ION MODE/Triple quadrupole,Muscle and plasma before and after exercise,Homo sapiens,University of Michigan
ST000842,AN001361,C18 POSITIVE ION MODE/Triple quadrupole,Muscle and plasma before and after exercise,Homo sapiens,University of Michigan
ST000842,AN001362,"HILIC NEGATIVE ION MODE/Amino, Aminopropyl",Muscle and plasma before and after exercise,Homo sapiens,University of Michigan
ST000842,AN001363,"HILIC NEGATIVE ION MODE/Nucleotides, Sugars",Muscle and plasma before and after exercise,Homo sapiens,University of Michigan
ST000845,AN001368,Reversed phase NEGATIVE ION MODE,Statin Immuno-Metabolomics in Asthma (part III),Macaca mulatta,"University of California, Davis"
ST000847,AN001371,Reversed phase NEGATIVE ION MODE,Statin Immuno-Metabolomics in Asthma (part V),Macaca mulatta,"University of California, Davis"
ST000869,AN001399,Reversed phase NEGATIVE ION MODE,Large Untargeted Profiling in Kallikrein 6 Mice after SCI,Mus musculus,Mayo Clinic
ST000869,AN001400,HILIC POSITIVE ION MODE,Large Untargeted Profiling in Kallikrein 6 Mice after SCI,Mus musculus,Mayo Clinic
ST000869,AN001401,HILIC NEGATIVE ION MODE,Large Untargeted Profiling in Kallikrein 6 Mice after SCI,Mus musculus,Mayo Clinic
ST000871,AN001415,Direct infusion NEGATIVE ION MODE,"Untargeted metabolomic profile of reciprocal hemizygotes (oak/win hybrid, genes AUA1, ARG82) (part III)",Saccharomyces cerevisiae,Washington University in St. Louis
ST000868,AN001416,Direct infusion NEGATIVE ION MODE,Untargeted metabolomic profile of oak and wine yeast strains,Saccharomyces cerevisiae,Washington University in St. Louis
ST000870,AN001417,Direct infusion NEGATIVE ION MODE,Untargeted metabolomic profile of Saccharomyces cerevisiae (F2) hybrids (part II),Saccharomyces cerevisiae,Washington University in St. Louis
ST000866,AN001418,Reversed phase NEGATIVE ION MODE,Large Untargeted Profiling in PAR1 and PAR2 Mice after SCI,Mus musculus,Mayo Clinic
ST000866,AN001419,Reversed phase POSITIVE ION MODE,Large Untargeted Profiling in PAR1 and PAR2 Mice after SCI,Mus musculus,Mayo Clinic
ST000866,AN001420,HILIC NEGATIVE ION MODE,Large Untargeted Profiling in PAR1 and PAR2 Mice after SCI,Mus musculus,Mayo Clinic
ST000866,AN001421,HILIC POSITIVE ION MODE,Large Untargeted Profiling in PAR1 and PAR2 Mice after SCI,Mus musculus,Mayo Clinic
ST000855,AN001422,C18 NEGATIVE ION MODE,Urine metabolic profiles of pregnant women in relation to environmental exposures,Homo sapiens,University of Michigan
ST000855,AN001423,C18 POSITIVE ION MODE,Urine metabolic profiles of pregnant women in relation to environmental exposures,Homo sapiens,University of Michigan
ST000877,AN001426,HILIC POSITIVE ION MODE,"Micronutrient deficiencies, environmental exposures and severe malaria: Risk factors for adverse neurodevelopmental outcomes in Ugandan children",Homo sapiens,Emory University
ST000877,AN001427,Reversed phase NEGATIVE ION MODE,"Micronutrient deficiencies, environmental exposures and severe malaria: Risk factors for adverse neurodevelopmental outcomes in Ugandan children",Homo sapiens,Emory University
ST000878,AN001428,GC POSITIVE ION MODE,Fatty Acid Oxidation is Impaired in An Orthologous Mouse Model of Autosomal Dominant Polycystic Kidney Disease,Mus musculus,"University of California, Davis"
ST000879,AN001429,HILIC POSITIVE ION MODE,"Diet, genetics and gut microbiome drive dynamic changes in plasma metabolites [plasma]",Mus musculus,Broad Institute of MIT and Harvard
ST000879,AN001430,HILIC NEGATIVE ION MODE,"Diet, genetics and gut microbiome drive dynamic changes in plasma metabolites [plasma]",Mus musculus,Broad Institute of MIT and Harvard
ST000879,AN001431,Reversed phase NEGATIVE ION MODE,"Diet, genetics and gut microbiome drive dynamic changes in plasma metabolites [plasma]",Mus musculus,Broad Institute of MIT and Harvard
ST000879,AN001432,Reversed phase POSITIVE ION MODE,"Diet, genetics and gut microbiome drive dynamic changes in plasma metabolites [plasma]",Mus musculus,Broad Institute of MIT and Harvard
ST000880,AN001433,HILIC POSITIVE ION MODE,"Diet, genetics and gut microbiome drive dynamic changes in plasma metabolites [cecal]",Mus musculus,Broad Institute of MIT and Harvard
ST000880,AN001434,HILIC NEGATIVE ION MODE,"Diet, genetics and gut microbiome drive dynamic changes in plasma metabolites [cecal]",Mus musculus,Broad Institute of MIT and Harvard
ST000880,AN001435,Reversed phase NEGATIVE ION MODE,"Diet, genetics and gut microbiome drive dynamic changes in plasma metabolites [cecal]",Mus musculus,Broad Institute of MIT and Harvard
ST000880,AN001436,Reversed phase POSITIVE ION MODE,"Diet, genetics and gut microbiome drive dynamic changes in plasma metabolites [cecal]",Mus musculus,Broad Institute of MIT and Harvard
ST000881,AN001437,Reversed phase NEGATIVE ION MODE,Targeted metabolomics data of leprosy patients with type 1 reaction,Homo sapiens,Colorado State University
ST000884,AN001441,GC POSITIVE ION MODE,Evidence that COG0325 proteins are involved in PLP homeostasis,Escherichia coli,"University of California, Davis"
ST000886,AN001443,HILIC POSITIVE ION MODE,Mechanism Behind Stay Green Trait in Bread Wheat (Triticum aestivum L.),Triticum aestivum,University of Florida
ST000886,AN001444,HILIC NEGATIVE ION MODE,Mechanism Behind Stay Green Trait in Bread Wheat (Triticum aestivum L.),Triticum aestivum,University of Florida
ST000358,AN001446,Reversed phase POSITIVE ION MODE,Broad Spectrum MS analysis of mouse hippocampus from Anxiety Prone HSV-Latently Infected Obese Mice,Mus musculus,RTI International
ST000358,AN001447,Reversed phase NEGATIVE ION MODE,Broad Spectrum MS analysis of mouse hippocampus from Anxiety Prone HSV-Latently Infected Obese Mice,Mus musculus,RTI International
ST000481,AN001449,GC POSITIVE ION MODE,Metabolomics of Mice Cohousing and Microbiota Transfer (part II),Mus musculus,University of North Carolina
ST000888,AN001450,Reversed phase POSITIVE ION MODE,Lyme Disease Biosignature Training (95 MFs),Homo sapiens,Colorado State University
ST000898,AN001460,HILIC POSITIVE ION MODE,TAp73 is a marker of glutamine addiction in medulloblastoma,Homo sapiens,Queen Mary University of London
ST000898,AN001461,HILIC NEGATIVE ION MODE,TAp73 is a marker of glutamine addiction in medulloblastoma,Homo sapiens,Queen Mary University of London
ST000900,AN001466,GC POSITIVE ION MODE,Evidence that the metabolite repair enzyme NAD(P)HX epimerase has a moonlighting function,Escherichia coli,"University of California, Davis"
ST000909,AN001476,HILIC POSITIVE ION MODE,"Metabolomics Linking Air Pollution, Obesity and Type 2 Diabetes",Homo sapiens,Emory University
ST000909,AN001477,Reversed phase NEGATIVE ION MODE,"Metabolomics Linking Air Pollution, Obesity and Type 2 Diabetes",Homo sapiens,Emory University
ST000910,AN001480,GC POSITIVE ION MODE,Insights into the pathogenesis of myalgic encephalomyelitis/chronic fatigue syndrome (ME/CFS) through metabolomic profiling of cerebrospinal fluid (part I),Homo sapiens,"University of California, Davis"
ST000912,AN001482,Reversed phase NEGATIVE ION MODE,Insights into the pathogenesis of myalgic encephalomyelitis/chronic fatigue syndrome (ME/CFS) through metabolomic profiling of cerebrospinal fluid (part III),Homo sapiens,"University of California, Davis"
ST000913,AN001483,HILIC POSITIVE ION MODE,Insights into the pathogenesis of myalgic encephalomyelitis/chronic fatigue syndrome (ME/CFS) through metabolomic profiling of cerebrospinal fluid (part IV),Homo sapiens,"University of California, Davis"
ST000918,AN001503,GC POSITIVE ION MODE,Plasma metabolic fingerprint for breast cancer (MS) - part I,Homo sapiens,Universidad de los Andes
ST000918,AN001504,Normal phase POSITIVE ION MODE,Plasma metabolic fingerprint for breast cancer (MS) - part I,Homo sapiens,Universidad de los Andes
ST000918,AN001505,Normal phase NEGATIVE ION MODE,Plasma metabolic fingerprint for breast cancer (MS) - part I,Homo sapiens,Universidad de los Andes
ST000919,AN001506,Reversed phase POSITIVE ION MODE,Investigating Eicosanoids Implications on the Blood Pressure Response to Thiazide Diuretics,Homo sapiens,University of Florida
ST000919,AN001507,Reversed phase NEGATIVE ION MODE,Investigating Eicosanoids Implications on the Blood Pressure Response to Thiazide Diuretics,Homo sapiens,University of Florida
ST000920,AN001508,Reversed phase POSITIVE ION MODE,Discovery of Lipidome Alterations Following Traumatic Brain Injury via High-Resolution Metabolomics,Rattus norvegicus,Georgia Institute of Technology
ST000920,AN001509,Reversed phase NEGATIVE ION MODE,Discovery of Lipidome Alterations Following Traumatic Brain Injury via High-Resolution Metabolomics,Rattus norvegicus,Georgia Institute of Technology
ST000921,AN001510,Reversed phase NEGATIVE ION MODE,"Karenia brevis allelopathy compromises the lipidome, membrane integrity, and photosynthetic efficiency of competitors",Thalassiosira pseudonana;Karenia brevis,Georgia Institute of Technology
ST000922,AN001511,HILIC POSITIVE ION MODE,Crab Urine Study,Callinectes sapidus,Georgia Institute of Technology
ST000922,AN001512,HILIC NEGATIVE ION MODE,Crab Urine Study,Callinectes sapidus,Georgia Institute of Technology
ST000923,AN001513,HILIC POSITIVE ION MODE,Longitudinal Metabolomics of the Human Microbiome in Inflammatory Bowel Disease,Homo sapiens,Broad Institute of MIT and Harvard
ST000923,AN001514,HILIC NEGATIVE ION MODE,Longitudinal Metabolomics of the Human Microbiome in Inflammatory Bowel Disease,Homo sapiens,Broad Institute of MIT and Harvard
ST000923,AN001515,C18 NEGATIVE ION MODE,Longitudinal Metabolomics of the Human Microbiome in Inflammatory Bowel Disease,Homo sapiens,Broad Institute of MIT and Harvard
ST000923,AN001516,C8 POSITIVE ION MODE,Longitudinal Metabolomics of the Human Microbiome in Inflammatory Bowel Disease,Homo sapiens,Broad Institute of MIT and Harvard
ST000660,AN001522,GC POSITIVE ION MODE,Omega-6 and omega-3 oxylipins are implicated in soybean oil-induced obesity in mice (part I),Mus musculus,"University of California, Davis"
ST000929,AN001523,Reversed phase POSITIVE ION MODE,Metabolomics Analysis of Aqueous Humour in the Presence of Glaucoma Drainage Devices,Oryctolagus cuniculus,University of North Carolina
ST000931,AN001525,Normal phase POSITIVE ION MODE,Activity-Based Metabolic Profiling of M. tuberculosis H37Rv Rv3915 (CwlM),Mycobacterium tuberculosis H37Rv,Weill Cornell Medicine
ST000931,AN001526,Normal phase NEGATIVE ION MODE,Activity-Based Metabolic Profiling of M. tuberculosis H37Rv Rv3915 (CwlM),Mycobacterium tuberculosis H37Rv,Weill Cornell Medicine
ST000932,AN001527,Normal phase POSITIVE ION MODE,Activity-Based Metabolic Profiling of M. tuberculosis H37Rv Rv0100,Mycobacterium tuberculosis H37Rv,Weill Cornell Medicine
ST000932,AN001528,Normal phase NEGATIVE ION MODE,Activity-Based Metabolic Profiling of M. tuberculosis H37Rv Rv0100,Mycobacterium tuberculosis H37Rv,Weill Cornell Medicine
ST000934,AN001531,Reversed phase NEGATIVE ION MODE,Metabolome profiles in urogenital schistosomiasis and associated pathologies,Homo sapiens,"University of Ibadan, Nigeria"
ST000935,AN001532,Normal phase POSITIVE ION MODE,Activity-Based Metabolic Profiling of M. tuberculosis H37Rv Rv2553c,Mycobacterium tuberculosis H37Rv,Weill Cornell Medicine
ST000935,AN001533,Normal phase NEGATIVE ION MODE,Activity-Based Metabolic Profiling of M. tuberculosis H37Rv Rv2553c,Mycobacterium tuberculosis H37Rv,Weill Cornell Medicine
ST000936,AN001534,Normal phase POSITIVE ION MODE,Activity-Based Metabolic Profiling of M. tuberculosis H37Rv Rv2247,Mycobacterium tuberculosis H37Rv,Weill Cornell Medicine
ST000936,AN001535,Normal phase NEGATIVE ION MODE,Activity-Based Metabolic Profiling of M. tuberculosis H37Rv Rv2247,Mycobacterium tuberculosis H37Rv,Weill Cornell Medicine
ST000937,AN001536,Normal phase POSITIVE ION MODE,Activity-Based Metabolic Profiling of M. tuberculosis H37Rv Rv3208,Mycobacterium tuberculosis H37Rv,Weill Cornell Medicine
ST000937,AN001537,Normal phase NEGATIVE ION MODE,Activity-Based Metabolic Profiling of M. tuberculosis H37Rv Rv3208,Mycobacterium tuberculosis H37Rv,Weill Cornell Medicine
ST000940,AN001541,Normal phase POSITIVE ION MODE,Activity-Based Metabolic Profiling of M. tuberculosis H37Rv Rv3285,Mycobacterium tuberculosis H37Rv,Weill Cornell Medicine
ST000940,AN001542,Normal phase NEGATIVE ION MODE,Activity-Based Metabolic Profiling of M. tuberculosis H37Rv Rv3285,Mycobacterium tuberculosis H37Rv,Weill Cornell Medicine
ST000941,AN001543,Normal phase POSITIVE ION MODE,Activity-Based Metabolic Profiling of M. tuberculosis H37Rv Rv3651,Mycobacterium tuberculosis H37Rv,Weill Cornell Medicine
ST000941,AN001544,Normal phase NEGATIVE ION MODE,Activity-Based Metabolic Profiling of M. tuberculosis H37Rv Rv3651,Mycobacterium tuberculosis H37Rv,Weill Cornell Medicine
ST000942,AN001545,Normal phase POSITIVE ION MODE,Activity-Based Metabolic Profiling of M. tuberculosis H37Rv Rv3799c,Mycobacterium tuberculosis H37Rv,Weill Cornell Medicine
ST000942,AN001546,Normal phase NEGATIVE ION MODE,Activity-Based Metabolic Profiling of M. tuberculosis H37Rv Rv3799c,Mycobacterium tuberculosis H37Rv,Weill Cornell Medicine
ST000943,AN001547,Normal phase POSITIVE ION MODE,Activity-Based Metabolic Profiling of M. tuberculosis H37Rv Rv3916c,Mycobacterium tuberculosis H37Rv,Weill Cornell Medicine
ST000943,AN001548,Normal phase NEGATIVE ION MODE,Activity-Based Metabolic Profiling of M. tuberculosis H37Rv Rv3916c,Mycobacterium tuberculosis H37Rv,Weill Cornell Medicine
ST000946,AN001552,Other NEGATIVE ION MODE,Untargeted Metabolomics of T1 Participants,Homo sapiens,University of Michigan
ST000946,AN001553,Other POSITIVE ION MODE,Untargeted Metabolomics of T1 Participants,Homo sapiens,University of Michigan
ST000953,AN001562,Reversed phase POSITIVE ION MODE,Identification of putative cryoprotectant metabolites in Aphaenogaster picea,Aphaenogaster picea,University of Florida
ST000953,AN001563,Reversed phase NEGATIVE ION MODE,Identification of putative cryoprotectant metabolites in Aphaenogaster picea,Aphaenogaster picea,University of Florida
ST000954,AN001564,Reversed phase POSITIVE ION MODE,Explore Metabolites and Pathways Associated Increased Airway Hyperresponsiveness in Asthma,Homo sapiens,University of Florida
ST000954,AN001565,Reversed phase NEGATIVE ION MODE,Explore Metabolites and Pathways Associated Increased Airway Hyperresponsiveness in Asthma,Homo sapiens,University of Florida
ST000955,AN001566,Reversed phase POSITIVE ION MODE,Effects of ODC inhibition on T cell metabolism,Mus musculus,University of Florida
ST000955,AN001567,Reversed phase NEGATIVE ION MODE,Effects of ODC inhibition on T cell metabolism,Mus musculus,University of Florida
ST000956,AN001568,Reversed phase POSITIVE ION MODE,Determine metabolomics signatures important for the ability of Streptococus gallolyticus to promote colon cancer cell proliferation,Homo sapiens,University of Florida
ST000956,AN001569,Reversed phase NEGATIVE ION MODE,Determine metabolomics signatures important for the ability of Streptococus gallolyticus to promote colon cancer cell proliferation,Homo sapiens,University of Florida
ST000957,AN001570,Reversed phase POSITIVE ION MODE,Global metabolomics of human milk fractions,Homo sapiens,University of Florida
ST000957,AN001571,Reversed phase NEGATIVE ION MODE,Global metabolomics of human milk fractions,Homo sapiens,University of Florida
ST000962,AN001576,GC POSITIVE ION MODE,Metabolomics Involved in Early-Life Single Pulse Antibiotic Exposures - Liver (part I),Mus musculus,University of North Carolina
ST000967,AN001581,GC POSITIVE ION MODE,Metabolomics Involved in Early-Life Single Pulse Antibiotic Exposures - Serum (part II),Mus musculus,University of North Carolina
ST000968,AN001582,GC POSITIVE ION MODE,Impact of thiamine metabolites and spent medium from Chlorella sorokiniana on metabolism in the green algae Auxenochlorella prototheciodes (part I),Auxenochlorella protothecoides,"University of California, Davis"
ST000969,AN001583,GC POSITIVE ION MODE,Impact of thiamine metabolites and spent medium from Chlorella sorokiniana on metabolism in the green algae Auxenochlorella prototheciodes (part II),Auxenochlorella protothecoides,"University of California, Davis"
ST000971,AN001588,HILIC POSITIVE ION MODE,"The Influence of Sugar, Artificial Sweeteners, and the Microbiome on Rodent Large Scale Profiling (part V)",Rattus norvegicus,Mayo Clinic
ST000971,AN001589,HILIC NEGATIVE ION MODE,"The Influence of Sugar, Artificial Sweeteners, and the Microbiome on Rodent Large Scale Profiling (part V)",Rattus norvegicus,Mayo Clinic
ST000971,AN001590,Reversed phase POSITIVE ION MODE,"The Influence of Sugar, Artificial Sweeteners, and the Microbiome on Rodent Large Scale Profiling (part V)",Rattus norvegicus,Mayo Clinic
ST000971,AN001591,Reversed phase NEGATIVE ION MODE,"The Influence of Sugar, Artificial Sweeteners, and the Microbiome on Rodent Large Scale Profiling (part V)",Rattus norvegicus,Mayo Clinic
ST000972,AN001592,GCxGC TOF POSITIVE ION MODE,High Resolution GC-MS Metabolomics of Non-Human Primate Serum,Papio hamadryas,Wake Forest School of Medicine
ST000972,AN001593,GC Orbitrap POSITIVE ION MODE/Orbitrap,High Resolution GC-MS Metabolomics of Non-Human Primate Serum,Papio hamadryas,Wake Forest School of Medicine
ST000973,AN001594,Reversed phase POSITIVE ION MODE,Metabolome profiles in urogenital schistosomiasis and associated pathologies (part II),Homo sapiens,"University of Ibadan, Nigeria"
ST000974,AN001595,GC POSITIVE ION MODE,GC6-74 matabolomic of TB (Part 1: Plasma),Homo sapiens,Max Planck Institute for Infection Biology
ST000975,AN001596,GC POSITIVE ION MODE,GC6-74 metabolomics of TB vs healthy (Part 2: Serum),Homo sapiens,Max Planck Institute for Infection Biology
ST000976,AN001597,GC POSITIVE ION MODE,GC6-74 matabolomic of TB (Part 3: Plasma_RPMI),Homo sapiens,Max Planck Institute for Infection Biology
ST000979,AN001603,GC POSITIVE ION MODE,"Metabolomic profiles in healthy research cats receiving clindamycin with a synbiotic or a placebo: a randomized, controlled trial (Part I)",Felis catus,"University of California, Davis"
ST000980,AN001604,Normal phase POSITIVE ION MODE,Metabolomic Analysis of plasma samples from Non-Allergic Subjects and Profilin-Allergic Patients overexposed to Grass Pollen,Homo sapiens,Centre of Metabolomics and Bioanalysis
ST000980,AN001605,Normal phase NEGATIVE ION MODE,Metabolomic Analysis of plasma samples from Non-Allergic Subjects and Profilin-Allergic Patients overexposed to Grass Pollen,Homo sapiens,Centre of Metabolomics and Bioanalysis
ST000980,AN001606,GC POSITIVE ION MODE,Metabolomic Analysis of plasma samples from Non-Allergic Subjects and Profilin-Allergic Patients overexposed to Grass Pollen,Homo sapiens,Centre of Metabolomics and Bioanalysis
ST000981,AN001607,GC POSITIVE ION MODE,"Metabolomic profiles in healthy research cats receiving clindamycin with a synbiotic or a placebo: a randomized, controlled trial (Part II)",Felis catus,"University of California, Davis"
ST000983,AN001609,Reversed phase POSITIVE ION MODE,Validating Quantitative Untargeted Lipidomics Across Nine Liquid Chromatography−High-Resolution Mass Spectrometry Platforms (Part I),Homo sapiens,"University of California, Davis"
ST000984,AN001610,Reversed phase POSITIVE ION MODE,Validating Quantitative Untargeted Lipidomics Across Nine Liquid Chromatography−High-Resolution Mass Spectrometry Platforms (part II),Homo sapiens,"University of California, Davis"
ST000985,AN001611,Reversed phase POSITIVE ION MODE,Validating Quantitative Untargeted Lipidomics Across Nine Liquid Chromatography−High-Resolution Mass Spectrometry Platforms (part III),Homo sapiens,"University of California, Davis"
ST000986,AN001612,Reversed phase POSITIVE ION MODE,Validating Quantitative Untargeted Lipidomics Across Nine Liquid Chromatography−High-Resolution Mass Spectrometry Platforms (part IV),Homo sapiens,"University of California, Davis"
ST000987,AN001613,Reversed phase POSITIVE ION MODE,Validating Quantitative Untargeted Lipidomics Across Nine Liquid Chromatography−High-Resolution Mass Spectrometry Platforms (part V),Homo sapiens,"University of California, Davis"
ST000988,AN001614,Reversed phase POSITIVE ION MODE,Validating Quantitative Untargeted Lipidomics Across Nine Liquid Chromatography−High-Resolution Mass Spectrometry Platforms (part VI),Homo sapiens,"University of California, Davis"
ST000989,AN001615,Reversed phase POSITIVE ION MODE,Validating Quantitative Untargeted Lipidomics Across Nine Liquid Chromatography−High-Resolution Mass Spectrometry Platforms (part VII),Homo sapiens,"University of California, Davis"
ST000990,AN001616,Reversed phase POSITIVE ION MODE,Validating Quantitative Untargeted Lipidomics Across Nine Liquid Chromatography−High-Resolution Mass Spectrometry Platforms (part VIII),Homo sapiens,"University of California, Davis"
ST000991,AN001617,Reversed phase POSITIVE ION MODE,Validating Quantitative Untargeted Lipidomics Across Nine Liquid Chromatography−High-Resolution Mass Spectrometry Platforms (part IX),Homo sapiens,"University of California, Davis"
ST000992,AN001618,C18 HRMS NEGATIVE ION MODE,Metabolomic Markers of Dietary Patterns in the Costa Rica Study,Homo sapiens,University of Michigan
ST000992,AN001619,C18 HRMS POSITIVE ION MODE,Metabolomic Markers of Dietary Patterns in the Costa Rica Study,Homo sapiens,University of Michigan
ST000992,AN001620,C18 HRMSMS NEGATIVE ION MODE,Metabolomic Markers of Dietary Patterns in the Costa Rica Study,Homo sapiens,University of Michigan
ST000992,AN001621,C18 HRMSMS POSITIVE ION MODE,Metabolomic Markers of Dietary Patterns in the Costa Rica Study,Homo sapiens,University of Michigan
ST001002,AN001637,HILIC POSITIVE ION MODE,A pilot study of urine metabolomics in two female and one male subject towards an outpatient estimate of circadian phase using urine storage as a factor (part II),Homo sapiens,Mayo Clinic
ST001002,AN001638,HILIC NEGATIVE ION MODE,A pilot study of urine metabolomics in two female and one male subject towards an outpatient estimate of circadian phase using urine storage as a factor (part II),Homo sapiens,Mayo Clinic
ST001002,AN001639,Reversed phase POSITIVE ION MODE,A pilot study of urine metabolomics in two female and one male subject towards an outpatient estimate of circadian phase using urine storage as a factor (part II),Homo sapiens,Mayo Clinic
ST001002,AN001640,Reversed phase NEGATIVE ION MODE,A pilot study of urine metabolomics in two female and one male subject towards an outpatient estimate of circadian phase using urine storage as a factor (part II),Homo sapiens,Mayo Clinic
ST001003,AN001641,HILIC POSITIVE ION MODE,A pilot study of urine metabolomics in a female subject towards an outpatient estimate of circadian phase (part I),Homo sapiens,Mayo Clinic
ST001003,AN001642,HILIC NEGATIVE ION MODE,A pilot study of urine metabolomics in a female subject towards an outpatient estimate of circadian phase (part I),Homo sapiens,Mayo Clinic
ST001003,AN001643,Reversed phase POSITIVE ION MODE,A pilot study of urine metabolomics in a female subject towards an outpatient estimate of circadian phase (part I),Homo sapiens,Mayo Clinic
ST001003,AN001644,Reversed phase NEGATIVE ION MODE,A pilot study of urine metabolomics in a female subject towards an outpatient estimate of circadian phase (part I),Homo sapiens,Mayo Clinic
ST001017,AN001659,HILIC POSITIVE ION MODE,Large Scale Profling in Muscle Tissue for Muscle Wasting in Cancer Cachexia (part-XI),Homo sapiens,Mayo Clinic
ST001017,AN001660,HILIC NEGATIVE ION MODE,Large Scale Profling in Muscle Tissue for Muscle Wasting in Cancer Cachexia (part-XI),Homo sapiens,Mayo Clinic
ST001017,AN001661,Reversed phase POSITIVE ION MODE,Large Scale Profling in Muscle Tissue for Muscle Wasting in Cancer Cachexia (part-XI),Homo sapiens,Mayo Clinic
ST001017,AN001662,Reversed phase NEGATIVE ION MODE,Large Scale Profling in Muscle Tissue for Muscle Wasting in Cancer Cachexia (part-XI),Homo sapiens,Mayo Clinic
ST001018,AN001663,HILIC POSITIVE ION MODE,Large Scale Profiling in Serum for Muscle Wasting in Cancer Cachexia (part-XII),Homo sapiens,Mayo Clinic
ST001018,AN001664,HILIC NEGATIVE ION MODE,Large Scale Profiling in Serum for Muscle Wasting in Cancer Cachexia (part-XII),Homo sapiens,Mayo Clinic
ST001018,AN001665,Reversed phase POSITIVE ION MODE,Large Scale Profiling in Serum for Muscle Wasting in Cancer Cachexia (part-XII),Homo sapiens,Mayo Clinic
ST001018,AN001666,Reversed phase NEGATIVE ION MODE,Large Scale Profiling in Serum for Muscle Wasting in Cancer Cachexia (part-XII),Homo sapiens,Mayo Clinic
ST001020,AN001668,HILIC POSITIVE ION MODE,Characterization of metabolomics profile changes during development of post-traumatic epilepsy in Rat Plasma (part-I),Rattus norvegicus,Mayo Clinic
ST001020,AN001669,HILIC NEGATIVE ION MODE,Characterization of metabolomics profile changes during development of post-traumatic epilepsy in Rat Plasma (part-I),Rattus norvegicus,Mayo Clinic
ST001020,AN001670,Reversed phase POSITIVE ION MODE,Characterization of metabolomics profile changes during development of post-traumatic epilepsy in Rat Plasma (part-I),Rattus norvegicus,Mayo Clinic
ST001020,AN001671,Reversed phase NEGATIVE ION MODE,Characterization of metabolomics profile changes during development of post-traumatic epilepsy in Rat Plasma (part-I),Rattus norvegicus,Mayo Clinic
ST001021,AN001672,HILIC POSITIVE ION MODE,Characterization of metabolomics profile changes during development of post-traumatic epilepsy in Rat Cerebrospinal Fluid (part-II),Rattus norvegicus,Mayo Clinic
ST001021,AN001673,HILIC NEGATIVE ION MODE,Characterization of metabolomics profile changes during development of post-traumatic epilepsy in Rat Cerebrospinal Fluid (part-II),Rattus norvegicus,Mayo Clinic
ST001021,AN001674,Reversed phase POSITIVE ION MODE,Characterization of metabolomics profile changes during development of post-traumatic epilepsy in Rat Cerebrospinal Fluid (part-II),Rattus norvegicus,Mayo Clinic
ST001021,AN001675,Reversed phase NEGATIVE ION MODE,Characterization of metabolomics profile changes during development of post-traumatic epilepsy in Rat Cerebrospinal Fluid (part-II),Rattus norvegicus,Mayo Clinic
ST001022,AN001676,HILIC POSITIVE ION MODE,Characterization of metabolomics profile changes during development of post-traumatic epilepsy in Rat Brain Tissue (part-III),Rattus norvegicus,Mayo Clinic
ST001022,AN001677,HILIC NEGATIVE ION MODE,Characterization of metabolomics profile changes during development of post-traumatic epilepsy in Rat Brain Tissue (part-III),Rattus norvegicus,Mayo Clinic
ST001022,AN001678,Reversed phase POSITIVE ION MODE,Characterization of metabolomics profile changes during development of post-traumatic epilepsy in Rat Brain Tissue (part-III),Rattus norvegicus,Mayo Clinic
ST001022,AN001679,Reversed phase NEGATIVE ION MODE,Characterization of metabolomics profile changes during development of post-traumatic epilepsy in Rat Brain Tissue (part-III),Rattus norvegicus,Mayo Clinic
ST001027,AN001684,Reversed phase POSITIVE ION MODE,Influence of Data-Processing Strategies on Normalized Lipid Levels using an Open-Source LC-HRMS/MS Lipidomics Workflow,Homo sapiens,University of Florida
ST001027,AN001685,Reversed phase NEGATIVE ION MODE,Influence of Data-Processing Strategies on Normalized Lipid Levels using an Open-Source LC-HRMS/MS Lipidomics Workflow,Homo sapiens,University of Florida
ST001028,AN001686,POSITIVE ION MODE,Metabolic profiling of identified single cells in Xenopus laevis embryos,Xenopus laevis,University of Maryland
ST001029,AN001687,Reversed phase POSITIVE ION MODE,"An integrated, high-throughput strategy for multi-omic systems level analysis",Homo sapiens,Vanderbilt University
ST001029,AN001688,HILIC POSITIVE ION MODE,"An integrated, high-throughput strategy for multi-omic systems level analysis",Homo sapiens,Vanderbilt University
ST001030,AN001689,Direct infusion POSITIVE ION MODE,Untargeted Discovery in Primary Metabolism: Collision Cross Section as a Molecular Descriptor in Ion Mobility Spectrometry,Chemical Standards,Vanderbilt University
ST001030,AN001690,Direct infusion NEGATIVE ION MODE,Untargeted Discovery in Primary Metabolism: Collision Cross Section as a Molecular Descriptor in Ion Mobility Spectrometry,Chemical Standards,Vanderbilt University
ST001034,AN001695,GC POSITIVE ION MODE,PAMP-triggered changes in the exometabolome of Arabidopsis suspension cells,Arabidopsis thaliana,Oregon State University
ST001037,AN001698,GC POSITIVE ION MODE,High Resolution GC-MS and FID Metabolomics of Human Serum,Homo sapiens,Wake Forest Baptist Medical Center
ST001040,AN001702,HILIC POSITIVE ION MODE,"Maternal gut microbiome, pregnancy exposure to environmental contaminants, and child health outcomes: A pilot study exploring potential effect modifications by diet",Homo sapiens,Icahn School of Medicine at Mount Sinai
ST001040,AN001703,Reversed phase NEGATIVE ION MODE,"Maternal gut microbiome, pregnancy exposure to environmental contaminants, and child health outcomes: A pilot study exploring potential effect modifications by diet",Homo sapiens,Icahn School of Medicine at Mount Sinai
ST001042,AN001705,Direct infusion NEGATIVE ION MODE,Non-targeted serum metabolomic profiling of prostate cancer patients (FI-TWIM-MS PCa ),Homo sapiens,Georgia Institute of Technology
ST001039,AN001712,HILIC POSITIVE ION MODE,Denver Asthma Panel Study-CHEAR Ancillary Study (part II),Homo sapiens,Emory University
ST001039,AN001713,Reversed phase NEGATIVE ION MODE,Denver Asthma Panel Study-CHEAR Ancillary Study (part II),Homo sapiens,Emory University
ST001004,AN001714,HILIC POSITIVE ION MODE,Denver Asthma Panel Study-CHEAR Ancillary Study,Homo sapiens,Emory University
ST001004,AN001715,Reversed phase NEGATIVE ION MODE,Denver Asthma Panel Study-CHEAR Ancillary Study,Homo sapiens,Emory University
ST001048,AN001716,HILIC POSITIVE ION MODE,Pediatric Inner-City Environmental Exposures at School and Home and Asthma Study,Homo sapiens,Icahn School of Medicine at Mount Sinai
ST001048,AN001717,Reversed phase NEGATIVE ION MODE,Pediatric Inner-City Environmental Exposures at School and Home and Asthma Study,Homo sapiens,Icahn School of Medicine at Mount Sinai
ST001051,AN001720,GC POSITIVE ION MODE,High Salt Diet versus Low Salt Diet in rats,Rattus norvegicus,University of Toledo
ST001063,AN001739,Reversed phase POSITIVE ION MODE,Lipidomics analysis for aged mice epididymal adipose tissue (part-I) ,Mus musculus,Takeda Pharmaceutical Company Limited
ST001063,AN001740,Reversed phase NEGATIVE ION MODE,Lipidomics analysis for aged mice epididymal adipose tissue (part-I) ,Mus musculus,Takeda Pharmaceutical Company Limited
ST001065,AN001742,Reversed phase POSITIVE ION MODE,Lipidomics analysis for aged mice brain cortex (part-II),Mus musculus,Takeda Pharmaceutical Company Limited
ST001065,AN001743,Reversed phase NEGATIVE ION MODE,Lipidomics analysis for aged mice brain cortex (part-II),Mus musculus,Takeda Pharmaceutical Company Limited
ST001066,AN001744,Reversed phase POSITIVE ION MODE,Lipidomics analysis for aged mice liver (part-III),Mus musculus,Takeda Pharmaceutical Company Limited
ST001066,AN001745,Reversed phase NEGATIVE ION MODE,Lipidomics analysis for aged mice liver (part-III),Mus musculus,Takeda Pharmaceutical Company Limited
ST001067,AN001746,Reversed phase POSITIVE ION MODE,Lipidomics analysis for aged mice femoral muscle (part - IV),Mus musculus,Takeda Pharmaceutical Company Limited
ST001067,AN001747,Reversed phase NEGATIVE ION MODE,Lipidomics analysis for aged mice femoral muscle (part - IV),Mus musculus,Takeda Pharmaceutical Company Limited
ST001068,AN001748,HILIC POSITIVE ION MODE,The proteomic and metabolomic characterization of exercise-induced sweat (part -I),Homo sapiens,UES Inc;Air Force Research Laboratory
ST001068,AN001749,HILIC NEGATIVE ION MODE,The proteomic and metabolomic characterization of exercise-induced sweat (part -I),Homo sapiens,UES Inc;Air Force Research Laboratory
ST001075,AN001757,Other NEGATIVE ION MODE,Integrated metabolome and transcriptome analyses provide novel insight into colon cancer modulation by the gut microbiota,Rattus norvegicus,University of Missouri-Columbia
ST001077,AN001759,Reversed phase POSITIVE ION MODE,Multi-platform metabolomics data from Ndufs4-/- skeletal muscles (part-II),Mus musculus,North-West University
ST001079,AN001761,HILIC POSITIVE ION MODE,Environmental exposures and inflammation in young children with cystic fibrosis,Homo sapiens,Emory University
ST001079,AN001762,Reversed phase NEGATIVE ION MODE,Environmental exposures and inflammation in young children with cystic fibrosis,Homo sapiens,Emory University
ST001080,AN001763,Reversed phase NEGATIVE ION MODE,Dynamic labeling of intracellular metabolites in PCC 7002,Synechococcus sp. PCC 7002,Indian Institute of Technology Bombay
ST001081,AN001764,Reversed phase POSITIVE ION MODE,Combined NMR and MS Analysis of PC patient serum (part-I),Homo sapiens,Georgia Institute of Technology
ST001081,AN001765,Reversed phase NEGATIVE ION MODE,Combined NMR and MS Analysis of PC patient serum (part-I),Homo sapiens,Georgia Institute of Technology
ST001082,AN001766,HILIC POSITIVE ION MODE,Combined NMR and MS Analysis of PC patien serum (part-II),Homo sapiens,Georgia Institute of Technology
ST001082,AN001767,HILIC NEGATIVE ION MODE,Combined NMR and MS Analysis of PC patien serum (part-II),Homo sapiens,Georgia Institute of Technology
ST001084,AN001769,GC POSITIVE ION MODE,Multi-platform metabolomics data from Ndufs4-/- skeletal muscles (part -III),Mus musculus,North-West University
ST001085,AN001770,GC POSITIVE ION MODE,Multi-platform metabolomics data from Ndufs4-/- skeletal muscles (part-IV),Mus musculus,North-West University
ST001087,AN001772,Reversed phase,Metabolomics and 16S rRNA sequencing of human colorectal cancers and adjacent mucosa,Homo sapiens,University of Malaya
ST001091,AN001776,HILIC POSITIVE ION MODE,Aspirin Metabolomics in Colorectal Cancer Chemoprevention (part 1 - Colon),Homo sapiens,Emory University
ST001091,AN001777,Reversed phase NEGATIVE ION MODE,Aspirin Metabolomics in Colorectal Cancer Chemoprevention (part 1 - Colon),Homo sapiens,Emory University
ST001093,AN001779,Reversed phase POSITIVE ION MODE,Impact of genetic suppression (shRNA) of ALDH1A1 expression in human colon cancer cell line (COLO320),Homo sapiens,Yale University
ST001094,AN001780,Reversed phase POSITIVE ION MODE,Early Mechanistic Events Induced by Secondhand Smoke Prevalent Low Molecular Weight Polycyclic Aromatic Hydrocarbons in Mouse Lung Epithelial Cells (part-I),Mus musculus,University of Colorado Denver
ST001095,AN001781,Reversed phase POSITIVE ION MODE,Data resource for fully 13C labelled and non-labelled plant tissues (part-I),Allium cepa;Arabidopsis thaliana;Glycine max;Glycyrrhiza glabra,RIKEN
ST001095,AN001782,Reversed phase NEGATIVE ION MODE,Data resource for fully 13C labelled and non-labelled plant tissues (part-I),Allium cepa;Arabidopsis thaliana;Glycine max;Glycyrrhiza glabra,RIKEN
ST001096,AN001783,Reversed phase POSITIVE ION MODE,Arabidopsis thaliana 25 accessions,Arabidopsis thaliana,RIKEN
ST001096,AN001784,Reversed phase NEGATIVE ION MODE,Arabidopsis thaliana 25 accessions,Arabidopsis thaliana,RIKEN
ST001099,AN001794,Reversed phase POSITIVE ION MODE,Untargeted LC-MS to compare blood collection tube and processing time – HILIC & C18,Homo sapiens,University of Colorado Denver
ST001099,AN001795,HILIC POSITIVE ION MODE,Untargeted LC-MS to compare blood collection tube and processing time – HILIC & C18,Homo sapiens,University of Colorado Denver
ST001104,AN001796,Reversed phase POSITIVE ION MODE/TOF,Seryl-leucine core 1 O-glycosylated peptide (SLC1G) identification,Homo sapiens,Colorado State University
ST001104,AN001797,Reversed phase POSITIVE ION MODE/QTOF,Seryl-leucine core 1 O-glycosylated peptide (SLC1G) identification,Homo sapiens,Colorado State University
ST001117,AN001813,GC POSITIVE ION MODE,A Metabolomic study of hibernating Syrian hamster brain: in search of neuroprotective agents,Mesocricetus auratus,Universidad CEU San Pablo
ST001117,AN001814,Reversed phase POSITIVE ION MODE,A Metabolomic study of hibernating Syrian hamster brain: in search of neuroprotective agents,Mesocricetus auratus,Universidad CEU San Pablo
ST001117,AN001815,CE POSITIVE ION MODE,A Metabolomic study of hibernating Syrian hamster brain: in search of neuroprotective agents,Mesocricetus auratus,Universidad CEU San Pablo
ST001117,AN001816,Reversed phase NEGATIVE ION MODE,A Metabolomic study of hibernating Syrian hamster brain: in search of neuroprotective agents,Mesocricetus auratus,Universidad CEU San Pablo
ST000400,AN001818,Reversed phase POSITIVE ION MODE,E.coli effects on growth and substrate uptake of green algae (part II - Reverse Phase),Escherichia coli,"University of California, Davis"
ST000400,AN001819,Reversed phase NEGATIVE ION MODE,E.coli effects on growth and substrate uptake of green algae (part II - Reverse Phase),Escherichia coli,"University of California, Davis"
ST000887,AN001821,HILIC POSITIVE ION MODE,Evaluation of Quenching and Extraction Procedures for Performing Metabolomics in Acidithiobacillus ferrooxidans,Acidithiobacillus ferrooxidans ATCC 23270,Laurentian University
ST001120,AN001832,Reversed phase POSITIVE ION MODE,Reprogrammed Lipid Metabolism in Bladder Cancer with Cisplatin Resistance,Homo sapiens,Cedars-Sinai Medical Center
ST001120,AN001833,Reversed phase NEGATIVE ION MODE,Reprogrammed Lipid Metabolism in Bladder Cancer with Cisplatin Resistance,Homo sapiens,Cedars-Sinai Medical Center
ST001125,AN001850,Reversed phase POSITIVE ION MODE,WT and ΔSPT cultures of B. thetaiotaomicron and B. ovatus grown BHI liquid media (part I),Bacteroides thetaiotaomicron VPI-5482;Bacteroides ovatus ATCC 8483,Broad Institute of MIT and Harvard
ST001126,AN001851,Reversed phase POSITIVE ION MODE,WT and ΔSPT cultures of B. thetaiotaomicron grown in Minimal Media (part II),Bacteroides thetaiotaomicron VPI-5482,Broad Institute of MIT and Harvard
ST001127,AN001852,Reversed phase POSITIVE ION MODE,Lipid profiling of caecal samples from GF mice colonized with B. thetaiotaomicron WT or the ΔSPT mutants (part III),Mus musculus,Broad Institute of MIT and Harvard
ST001130,AN001855,HILIC POSITIVE ION MODE,Urea cycle and 1C/serine metabolism in the prevention of oxygen induced retinopathy,Mus musculus,Cole Eye Institute
ST001132,AN001857,HILIC POSITIVE ION MODE,Investigate the False Discovery in Biomarker Research Using LC-HRMS based Untargeted Metabolomics Profiling,Homo sapiens,University of Macau
ST001133,AN001858,GC UNSPECIFIED ION MODE,Downregulation of CENPF epigenetically remodels prostate cancer cells and alters cellular metabolism,Homo sapiens,Cedars-Sinai Medical Center
ST001000,AN001878,HILIC POSITIVE ION MODE,Gut microbiome structure and metabolic activity in inflammatory bowel disease,Homo sapiens,Broad Institute of MIT and Harvard
ST001000,AN001879,HILIC NEGATIVE ION MODE,Gut microbiome structure and metabolic activity in inflammatory bowel disease,Homo sapiens,Broad Institute of MIT and Harvard
ST001000,AN001880,Reversed phase NEGATIVE ION MODE,Gut microbiome structure and metabolic activity in inflammatory bowel disease,Homo sapiens,Broad Institute of MIT and Harvard
ST001000,AN001881,Reversed phase POSITIVE ION MODE,Gut microbiome structure and metabolic activity in inflammatory bowel disease,Homo sapiens,Broad Institute of MIT and Harvard
ST001145,AN001890,Reversed phase POSITIVE ION MODE,UPLC-MS Analysis of Lipids From Insulin Resistant Femoral Muscles of Diet-induced Obese Mice,Mus musculus,Colorado State University
ST001146,AN001891,Reversed phase UNSPECIFIED ION MODE,Global Nonhuman primate (NHP) urine metabolomics (part-I),Macaca mulatta,Georgetown University
ST001147,AN001892,Reversed phase UNSPECIFIED ION MODE,Global NHP serum metabolomics (part-IV),Macaca mulatta,Georgetown University
ST001150,AN001897,Reversed phase NEGATIVE ION MODE,Metabolomics of a Mouse Model for Retinitis Pigmentosa,Mus musculus,University of North Carolina at Chapel Hill
ST001150,AN001898,Reversed phase POSITIVE ION MODE,Metabolomics of a Mouse Model for Retinitis Pigmentosa,Mus musculus,University of North Carolina at Chapel Hill
ST001152,AN001900,GC POSITIVE ION MODE,Metabolomic Analysis of Liver Tissues for Characterization of Hepatocellular Carcinoma,Homo sapiens,Georgetown University
ST001152,AN001901,Reversed phase POSITIVE ION MODE,Metabolomic Analysis of Liver Tissues for Characterization of Hepatocellular Carcinoma,Homo sapiens,Georgetown University
ST001152,AN001902,Reversed phase NEGATIVE ION MODE,Metabolomic Analysis of Liver Tissues for Characterization of Hepatocellular Carcinoma,Homo sapiens,Georgetown University
ST001155,AN001911,HILIC UNSPECIFIED ION MODE,The Effect of Silicon on Salinity Tolerance and the Associated Metabolomics Profile Changes in Date Palm,Phoenix dactylifera,Sultan Qaboos University
ST001155,AN001912,Reversed phase UNSPECIFIED ION MODE,The Effect of Silicon on Salinity Tolerance and the Associated Metabolomics Profile Changes in Date Palm,Phoenix dactylifera,Sultan Qaboos University
ST001156,AN001913,HILIC UNSPECIFIED ION MODE,Comparative Metabolomic Profiling of Two Contrasting Date Palm Genotypes under Salinity Stress,Phoenix dactylifera,Sultan Qaboos University
ST001156,AN001914,Reversed phase UNSPECIFIED ION MODE,Comparative Metabolomic Profiling of Two Contrasting Date Palm Genotypes under Salinity Stress,Phoenix dactylifera,Sultan Qaboos University
ST001161,AN001919,HILIC POSITIVE ION MODE,Evaluation of computational tools using serial mixtures of human plasma and vegetable juice (part-I),Homo sapiens,Emory University
ST001161,AN001920,Reversed phase POSITIVE ION MODE,Evaluation of computational tools using serial mixtures of human plasma and vegetable juice (part-I),Homo sapiens,Emory University
ST001162,AN001921,HILIC POSITIVE ION MODE,Evaluation of computational tools using serial mixtures of human plasma and vegetable juice (part - II),Homo sapiens,Emory University
ST001162,AN001922,Reversed phase POSITIVE ION MODE,Evaluation of computational tools using serial mixtures of human plasma and vegetable juice (part - II),Homo sapiens,Emory University
ST001163,AN001923,Reversed phase POSITIVE ION MODE,Variability in metabolomic profiles among unique genotypes of Acropora cervicornis (part-II),Acropora cervicornis,University of Florida
ST001163,AN001924,Reversed phase NEGATIVE ION MODE,Variability in metabolomic profiles among unique genotypes of Acropora cervicornis (part-II),Acropora cervicornis,University of Florida
ST001164,AN001925,Reversed phase NEGATIVE ION MODE,Early Detection of Cystic Fibrosis Acute Pulmonary Exacerbations in Adult and Pediatric Patients by Exhaled Breath Condensate Metabolomics.,Homo sapiens,Georgia Institute of Technology
ST001168,AN001931,Reversed phase POSITIVE ION MODE,Alterations in fecal metabolic patterns are associated with atrial fibrillation,Homo sapiens,Beijing Chaoyang Hospital
ST001168,AN001932,Reversed phase NEGATIVE ION MODE,Alterations in fecal metabolic patterns are associated with atrial fibrillation,Homo sapiens,Beijing Chaoyang Hospital
ST001169,AN001933,Reversed phase POSITIVE ION MODE,Alterations in serum metabolic patterns are associated with atrial fibrillation,Homo sapiens,Beijing Chaoyang Hospital
ST001169,AN001934,Reversed phase NEGATIVE ION MODE,Alterations in serum metabolic patterns are associated with atrial fibrillation,Homo sapiens,Beijing Chaoyang Hospital
ST001170,AN001935,HILIC NEGATIVE ION MODE,Timecourse on MCF-7 cells treated with different concentration of doxorubicin,Homo sapiens,China Pharmaceutical University
ST001171,AN001936,Reversed phase POSITIVE ION MODE,Metabolomics of World Trade Center Exposed New York City Firefighters,Homo sapiens,New York University
ST001172,AN001937,Reversed phase POSITIVE ION MODE,Deep Metabolomics of a High-Grade Serous Ovarian Cancer Triple Knockout Mouse Model.,Mus musculus,Georgia Institute of Technology
ST001172,AN001938,Reversed phase NEGATIVE ION MODE,Deep Metabolomics of a High-Grade Serous Ovarian Cancer Triple Knockout Mouse Model.,Mus musculus,Georgia Institute of Technology
ST001172,AN001939,HILIC POSITIVE ION MODE,Deep Metabolomics of a High-Grade Serous Ovarian Cancer Triple Knockout Mouse Model.,Mus musculus,Georgia Institute of Technology
ST001172,AN001940,HILIC NEGATIVE ION MODE,Deep Metabolomics of a High-Grade Serous Ovarian Cancer Triple Knockout Mouse Model.,Mus musculus,Georgia Institute of Technology
ST001177,AN001953,Reversed phase POSITIVE ION MODE,Analysis of short chain phosphatidylcholine (PC) on the Golgi membrane,Cricetulus griseus,University of Kentucky
ST001181,AN001959,Reversed phase POSITIVE ION MODE,Child Health and Development Studies womb to breast cancer F0 metabolomics,Homo sapiens,Emory University
ST001185,AN001967,Reversed phase POSITIVE ION MODE,Genetic and metabolic characterization of bioengineered human fatty liver tissue with modified SIRT1 expression,Homo sapiens,University of Pittsburgh
ST001185,AN001968,Reversed phase NEGATIVE ION MODE,Genetic and metabolic characterization of bioengineered human fatty liver tissue with modified SIRT1 expression,Homo sapiens,University of Pittsburgh
ST001185,AN001969,Reversed phase UNSPECIFIED ION MODE,Genetic and metabolic characterization of bioengineered human fatty liver tissue with modified SIRT1 expression,Homo sapiens,University of Pittsburgh
ST001184,AN001970,HILIC NEGATIVE ION MODE/Triple quadrupole,Sulfonates in marine plankton,Marine Plankton,University of Washington
ST001184,AN001971,HILIC NEGATIVE ION MODE/Triple quadrupole,Sulfonates in marine plankton,Marine Plankton,University of Washington
ST001184,AN001972,HILIC NEGATIVE ION MODE/Orbitrap,Sulfonates in marine plankton,Marine Plankton,University of Washington
ST001184,AN001973,HILIC NEGATIVE ION MODE/Orbitrap,Sulfonates in marine plankton,Marine Plankton,University of Washington
ST001184,AN001974,HILIC POSITIVE ION MODE/Orbitrap,Sulfonates in marine plankton,Marine Plankton,University of Washington
ST001186,AN001975,Normal phase POSITIVE ION MODE,Untargeted metabolomics on control and compound-treated STHdhQ111 cells and control STHdhQ7 cells,Mus musculus,Massachusetts Institute of Technology
ST001186,AN001976,Normal phase NEGATIVE ION MODE,Untargeted metabolomics on control and compound-treated STHdhQ111 cells and control STHdhQ7 cells,Mus musculus,Massachusetts Institute of Technology
ST001186,AN001977,HILIC POSITIVE ION MODE,Untargeted metabolomics on control and compound-treated STHdhQ111 cells and control STHdhQ7 cells,Mus musculus,Massachusetts Institute of Technology
ST001186,AN001978,HILIC NEGATIVE ION MODE,Untargeted metabolomics on control and compound-treated STHdhQ111 cells and control STHdhQ7 cells,Mus musculus,Massachusetts Institute of Technology
ST001187,AN001979,Normal phase POSITIVE ION MODE,Effects of selenate and cadmium exposure on the honey bee metabolome (part-I),Apis mellifera,"University of California, Riverside"
ST001192,AN001984,HILIC POSITIVE ION MODE,A library of human gut bacterial isolates paired with longitudinal multiomics data enables mechanistic microbiome research,Homo sapiens,Broad Institute of MIT and Harvard
ST001192,AN001985,HILIC NEGATIVE ION MODE,A library of human gut bacterial isolates paired with longitudinal multiomics data enables mechanistic microbiome research,Homo sapiens,Broad Institute of MIT and Harvard
ST001192,AN001986,Reversed phase NEGATIVE ION MODE,A library of human gut bacterial isolates paired with longitudinal multiomics data enables mechanistic microbiome research,Homo sapiens,Broad Institute of MIT and Harvard
ST001192,AN001987,Reversed phase POSITIVE ION MODE,A library of human gut bacterial isolates paired with longitudinal multiomics data enables mechanistic microbiome research,Homo sapiens,Broad Institute of MIT and Harvard
ST001193,AN001988,HILIC POSITIVE ION MODE,MARBLES (Markers of Autism Risk in Babies: Learning Early Sign) Enriched Cohort Study:Internal Metabolomic Biomarker Exposome and Development Disorders (IMBEDD) (part 2),Homo sapiens,Emory University
ST001193,AN001989,Reversed phase NEGATIVE ION MODE,MARBLES (Markers of Autism Risk in Babies: Learning Early Sign) Enriched Cohort Study:Internal Metabolomic Biomarker Exposome and Development Disorders (IMBEDD) (part 2),Homo sapiens,Emory University
ST001194,AN001990,Reversed phase NEGATIVE ION MODE,Flavonoid study of Ginkgo leaves facing to different elevation and plant age,Ginkgo Biloba,"Central South University, China"
ST001195,AN001991,GC POSITIVE ION MODE,Non-targeted GC-MS Analysis of Polar Soluble Fraction (part-I),Synechocystis sp. PCC 6803,Colorado State University
ST001196,AN001992,GC POSITIVE ION MODE,Non-targeted GC-MS Analysis of Insoluble Metabolites (part-II),Synechocystis sp. PCC 6803,Colorado State University
ST001199,AN001995,Reversed phase POSITIVE ION MODE,Non-targeted LC-MS Analysis of Soluble Metabolites in the Non-Polar MTBE Phase (part-V),Synechocystis sp. PCC 6803,Colorado State University
ST001200,AN001996,HILIC POSITIVE ION MODE,Biological Responses to Tobacco Smoke Exposure in III Children: Inflammatory Processes and the Oral Microbiome,Homo sapiens,Emory University
ST001200,AN001997,Reversed phase NEGATIVE ION MODE,Biological Responses to Tobacco Smoke Exposure in III Children: Inflammatory Processes and the Oral Microbiome,Homo sapiens,Emory University
ST001208,AN002010,Normal phase POSITIVE ION MODE,Characterization of feces in Atrial Fibrillation (AF) patients,Homo sapiens,Capital Medical University
ST001208,AN002011,Normal phase NEGATIVE ION MODE,Characterization of feces in Atrial Fibrillation (AF) patients,Homo sapiens,Capital Medical University
ST001211,AN002016,GC,"Metabolomic Markers of Methotrexate Response, In Vitro",Homo sapiens,University of Kansas
ST001211,AN002017,HILIC POSITIVE ION MODE,"Metabolomic Markers of Methotrexate Response, In Vitro",Homo sapiens,University of Kansas
ST001211,AN002018,Reversed phase POSITIVE ION MODE,"Metabolomic Markers of Methotrexate Response, In Vitro",Homo sapiens,University of Kansas
ST001211,AN002019,Reversed phase NEGATIVE ION MODE,"Metabolomic Markers of Methotrexate Response, In Vitro",Homo sapiens,University of Kansas
ST001216,AN002027,Reversed phase POSITIVE ION MODE,LCMS untargeted BAL Fluid analysis from COPD subjects,Homo sapiens,University of Colorado Anschutz Medical Campus; National Jewish Health
ST001216,AN002028,Normal phase POSITIVE ION MODE,LCMS untargeted BAL Fluid analysis from COPD subjects,Homo sapiens,University of Colorado Anschutz Medical Campus; National Jewish Health
ST001217,AN002029,Reversed phase POSITIVE ION MODE,LCMS untargeted Plasma analysis from COPD subjects,Homo sapiens,University of Colorado Anschutz Medical Campus; National Jewish Health
ST001217,AN002030,Normal phase POSITIVE ION MODE,LCMS untargeted Plasma analysis from COPD subjects,Homo sapiens,University of Colorado Anschutz Medical Campus; National Jewish Health
ST001220,AN002033,Normal phase POSITIVE ION MODE,Effects of cadmium exposure on the bumble bee metabolome,Bombus impatiens,"University of California, Riverside"
ST001221,AN002034,Normal phase POSITIVE ION MODE,Effects of selenate exposure on the bumble bee metabolome,Bombus impatiens,"University of California, Riverside"
ST001223,AN002036,Reversed phase POSITIVE ION MODE,Host Metabolic Response in Early Lyme Disease,Homo sapiens,Colorado State University
ST001224,AN002037,None (Direct infusion) UNSPECIFIED ION MODE,Vaginal swab lipidome profiles at 48 h reflect the fat composition of neonatal diet during first two days postnatal,Sus scrofa,Purdue University
ST001212,AN002044,Reversed phase POSITIVE ION MODE/Metabolites set1,"Fish-oil supplementation in pregnancy, child metabolomics and asthma risk",Homo sapiens,University of Copenhagen
ST001212,AN002045,Reversed phase POSITIVE ION MODE/Metabolites set2,"Fish-oil supplementation in pregnancy, child metabolomics and asthma risk",Homo sapiens,University of Copenhagen
ST001212,AN002046,Reversed phase NEGATIVE ION MODE/Metabolites set3,"Fish-oil supplementation in pregnancy, child metabolomics and asthma risk",Homo sapiens,University of Copenhagen
ST001212,AN002047,HILIC NEGATIVE ION MODE,"Fish-oil supplementation in pregnancy, child metabolomics and asthma risk",Homo sapiens,University of Copenhagen
ST001231,AN002048,Reversed phase NEGATIVE ION MODE,Plasma untargeted metabolomics study of pulmonary tuberculosis,Homo sapiens,Zhengjiang University
ST001231,AN002049,Reversed phase POSITIVE ION MODE,Plasma untargeted metabolomics study of pulmonary tuberculosis,Homo sapiens,Zhengjiang University
ST001244,AN002067,Reversed phase POSITIVE ION MODE,Uropathogenic versus Urocolonizing Escherichia coli,Escherichia coli,Vanderbilt University
ST001247,AN002071,GC POSITIVE ION MODE,Longitudinal Characterization of the Fecal Metabolome in Dogs with Idiopathic Inflammatory Bowel Disease,Canis lupus familiaris,Texas A&M University
ST001248,AN002072,GC POSITIVE ION MODE,The cecal and fecal metabolomes of horses before and after metronidazole administration,Equus caballus,Texas A&M University
ST001249,AN002073,Reversed phase POSITIVE ION MODE,Biliary diversion fecal extractions,Mus musculus,Vanderbilt University
ST001249,AN002074,Reversed phase NEGATIVE ION MODE,Biliary diversion fecal extractions,Mus musculus,Vanderbilt University
ST001255,AN002084,Reversed phase NEGATIVE ION MODE,Immunomodulatory activity of hyaluronidase is associated with metabolic adaptations during acute inflammation,Mus musculus,Sao Paulo University
ST001257,AN002086,Reversed phase POSITIVE ION MODE,Nutrimetabolomics and DASH diet,Homo sapiens,University of Colorado Denver
ST001262,AN002094,HILIC POSITIVE ION MODE,The impact of tobacco smoke exposure and environmental exposures on the pulmonary microbiome of critically ill children,Homo sapiens,Emory University
ST001262,AN002095,Reversed phase NEGATIVE ION MODE,The impact of tobacco smoke exposure and environmental exposures on the pulmonary microbiome of critically ill children,Homo sapiens,Emory University
ST001263,AN002096,Reversed phase POSITIVE ION MODE,Metabolomic Profiling of Oxalate-Degrading Probiotic Lactobacillus acidophilus and Lactobacillus gasseri,Lactobacillus,University of Florida
ST001263,AN002097,Reversed phase NEGATIVE ION MODE,Metabolomic Profiling of Oxalate-Degrading Probiotic Lactobacillus acidophilus and Lactobacillus gasseri,Lactobacillus,University of Florida
ST001263,AN002098,HILIC POSITIVE ION MODE,Metabolomic Profiling of Oxalate-Degrading Probiotic Lactobacillus acidophilus and Lactobacillus gasseri,Lactobacillus,University of Florida
ST001263,AN002099,HILIC NEGATIVE ION MODE,Metabolomic Profiling of Oxalate-Degrading Probiotic Lactobacillus acidophilus and Lactobacillus gasseri,Lactobacillus,University of Florida
ST001264,AN002100,Reversed phase POSITIVE ION MODE,Antibiotics and Dietary Minerals Lipidomics,Rattus norvegicus,"University of California, Davis"
ST001264,AN002101,Reversed phase NEGATIVE ION MODE,Antibiotics and Dietary Minerals Lipidomics,Rattus norvegicus,"University of California, Davis"
ST001266,AN002103,Reversed phase POSITIVE ION MODE,"Metabolomic Profiles of Pancreatic β-Cells and Islets Exposed to Arsenic, part I β-Cells",Mus musculus,University of North Carolina
ST001268,AN002105,Reversed phase POSITIVE ION MODE,Metabolome data to annotate metabolite origins,Homo sapiens,University of Colorado Denver
ST001268,AN002106,Reversed phase NEGATIVE ION MODE,Metabolome data to annotate metabolite origins,Homo sapiens,University of Colorado Denver
ST001268,AN002107,HILIC POSITIVE ION MODE,Metabolome data to annotate metabolite origins,Homo sapiens,University of Colorado Denver
ST001268,AN002108,HILIC NEGATIVE ION MODE,Metabolome data to annotate metabolite origins,Homo sapiens,University of Colorado Denver
ST001271,AN002111,Reversed phase POSITIVE ION MODE,Colorectal cancer before and after surgery metabolomics data integration,Homo sapiens,Lomonosov MSU
ST001277,AN002118,Reversed phase UNSPECIFIED ION MODE,Pseudoexfoliation Aqueous Humor Metabolites from Veterans Affairs Patients,Homo sapiens,University of Miami
ST001278,AN002119,Reversed phase UNSPECIFIED ION MODE,POAG and Control Aqueous Humor IROA Metabolites from Veterans Affairs Patients,Homo sapiens,University of Miami
ST001281,AN002122,Reversed phase POSITIVE ION MODE,Transgenic Parkinson's Mice Following Immunotherapy,Mus musculus,University of Florida
ST001281,AN002123,Reversed phase NEGATIVE ION MODE,Transgenic Parkinson's Mice Following Immunotherapy,Mus musculus,University of Florida
ST001281,AN002124,HILIC POSITIVE ION MODE,Transgenic Parkinson's Mice Following Immunotherapy,Mus musculus,University of Florida
ST001281,AN002125,HILIC NEGATIVE ION MODE,Transgenic Parkinson's Mice Following Immunotherapy,Mus musculus,University of Florida
ST001290,AN002143,Reversed phase POSITIVE ION MODE,Lipidome Signatures of Metastasis in a Transgenic Mouse Model of Sonic Hedgehog Medulloblastoma.,Mus musculus,Georgia Institute of Technology
ST001290,AN002144,Reversed phase NEGATIVE ION MODE,Lipidome Signatures of Metastasis in a Transgenic Mouse Model of Sonic Hedgehog Medulloblastoma.,Mus musculus,Georgia Institute of Technology
ST001293,AN002151,Reversed phase POSITIVE ION MODE/Single-stage LC-HRMS,Determining secondary metabolite profile of Ilyonectria spp. pathogenic to ginseng root,Ilyonectria mors-panacis;Ilyonectria rufa;Ilyonectria robusta;Ilyonectria torresensis;Ilyonectria estremocensis;Neonectria obtusispora,Agriculture and Agri-Food Canada
ST001293,AN002152,Reversed phase POSITIVE ION MODE/Untargeted LC-DDA,Determining secondary metabolite profile of Ilyonectria spp. pathogenic to ginseng root,Ilyonectria mors-panacis;Ilyonectria rufa;Ilyonectria robusta;Ilyonectria torresensis;Ilyonectria estremocensis;Neonectria obtusispora,Agriculture and Agri-Food Canada
ST001293,AN002153,Reversed phase NEGATIVE ION MODE/Single-stage LC-HRMS,Determining secondary metabolite profile of Ilyonectria spp. pathogenic to ginseng root,Ilyonectria mors-panacis;Ilyonectria rufa;Ilyonectria robusta;Ilyonectria torresensis;Ilyonectria estremocensis;Neonectria obtusispora,Agriculture and Agri-Food Canada
ST001293,AN002154,Reversed phase NEGATIVE ION MODE/Untargeted LC-DDA,Determining secondary metabolite profile of Ilyonectria spp. pathogenic to ginseng root,Ilyonectria mors-panacis;Ilyonectria rufa;Ilyonectria robusta;Ilyonectria torresensis;Ilyonectria estremocensis;Neonectria obtusispora,Agriculture and Agri-Food Canada
ST001296,AN002157,Reversed phase POSITIVE ION MODE,Metabolomics and Hormonomics to Crack the Code of Filbert Growth,Corylus avellana;Corylus americana,University of British Columbia
ST001297,AN002158,Reversed phase POSITIVE ION MODE,High Cellulose diet impact on gut inflammation,Mus musculus,Asan Medical Center
ST001297,AN002159,Reversed phase NEGATIVE ION MODE,High Cellulose diet impact on gut inflammation,Mus musculus,Asan Medical Center
ST001297,AN002160,HILIC POSITIVE ION MODE,High Cellulose diet impact on gut inflammation,Mus musculus,Asan Medical Center
ST001297,AN002161,HILIC NEGATIVE ION MODE,High Cellulose diet impact on gut inflammation,Mus musculus,Asan Medical Center
ST001303,AN002169,Reversed phase POSITIVE ION MODE,TGF-Beta 3 heterozygous mice,Mus musculus,University Rey Juan Carlos
ST001303,AN002170,Reversed phase NEGATIVE ION MODE,TGF-Beta 3 heterozygous mice,Mus musculus,University Rey Juan Carlos
ST001303,AN002171,Reversed phase UNSPECIFIED ION MODE,TGF-Beta 3 heterozygous mice,Mus musculus,University Rey Juan Carlos
ST001310,AN002181,GC POSITIVE ION MODE,C57 midgestation placental metabolomics analysis,Mus musculus,University of Missouri
ST001314,AN002188,Reversed phase POSITIVE ION MODE,"Metabolomic Profiles of Pancreatic β-Cells and Islets Exposed to Arsenic, Islets (part-II)",Mus musculus,University of North Carolina at Chapel Hill
ST001317,AN002192,HILIC POSITIVE ION MODE,"Dynamics of Exposure, Phthalates, and Asthma in a Randomized Trial (DEPART)",Homo sapiens,Icahn School of Medicine at Mount Sinai
ST001317,AN002193,Reversed phase NEGATIVE ION MODE,"Dynamics of Exposure, Phthalates, and Asthma in a Randomized Trial (DEPART)",Homo sapiens,Icahn School of Medicine at Mount Sinai
ST001325,AN002204,Reversed Phase POSITIVE (Unknown masses),Obesity and Poor Diet as Susceptibility Factors for Secondhand Smoke in Childhood Asthma,Homo sapiens,University of Michigan
ST001325,AN002205,Reversed Phase NEGATIVE (Unknown masses),Obesity and Poor Diet as Susceptibility Factors for Secondhand Smoke in Childhood Asthma,Homo sapiens,University of Michigan
ST001325,AN002206,Reversed Phase POSITIVE (Named metabolites),Obesity and Poor Diet as Susceptibility Factors for Secondhand Smoke in Childhood Asthma,Homo sapiens,University of Michigan
ST001325,AN002207,Reversed Phase NEGATIVE (Named metabolites),Obesity and Poor Diet as Susceptibility Factors for Secondhand Smoke in Childhood Asthma,Homo sapiens,University of Michigan
ST001326,AN002208,Reversed phase POSITIVE ION MODE,Untargeted lipidome changes in Chlamydomonas reinhardtii treated with small molecules containing adamantane structures,Chlamydomonas reinhardtii,University of Nebraska-Lincoln
ST001328,AN002211,Reversed phase POSITIVE ION MODE,"Multiplatform, non-targeted analysis of lung extracts of uninfected and Mtb-infected C57BL/6 mice at 4 and 9 weeks p.i.",Mus musculus,Universidad CEU San Pablo
ST001328,AN002212,Reversed phase NEGATIVE ION MODE,"Multiplatform, non-targeted analysis of lung extracts of uninfected and Mtb-infected C57BL/6 mice at 4 and 9 weeks p.i.",Mus musculus,Universidad CEU San Pablo
ST001328,AN002213,GC UNSPECIFIED ION MODE,"Multiplatform, non-targeted analysis of lung extracts of uninfected and Mtb-infected C57BL/6 mice at 4 and 9 weeks p.i.",Mus musculus,Universidad CEU San Pablo
ST001328,AN002214,CE POSITIVE ION MODE,"Multiplatform, non-targeted analysis of lung extracts of uninfected and Mtb-infected C57BL/6 mice at 4 and 9 weeks p.i.",Mus musculus,Universidad CEU San Pablo
ST001330,AN002216,GC UNSPECIFIED ION MODE,Multi-omics of OsGF14b-mediated innate immunity against panicle blast in rice,Oryza sativa Japonica Group,"Agro-biological Gene Research Center , Guangdong Academy of Agricultural Sciences"
ST001330,AN002217,Reversed phase POSITIVE ION MODE,Multi-omics of OsGF14b-mediated innate immunity against panicle blast in rice,Oryza sativa Japonica Group,"Agro-biological Gene Research Center , Guangdong Academy of Agricultural Sciences"
ST001330,AN002218,Reversed phase NEGATIVE ION MODE,Multi-omics of OsGF14b-mediated innate immunity against panicle blast in rice,Oryza sativa Japonica Group,"Agro-biological Gene Research Center , Guangdong Academy of Agricultural Sciences"
ST001331,AN002219,Reversed phase POSITIVE ION MODE,Multi-omics of OsGF14b-mediated innate immunity against panicle blast in rice (part-II),Oryza sativa Japonica Group,"Agro-biological Gene Research Center , Guangdong Academy of Agricultural Sciences"
ST001331,AN002220,Reversed phase NEGATIVE ION MODE,Multi-omics of OsGF14b-mediated innate immunity against panicle blast in rice (part-II),Oryza sativa Japonica Group,"Agro-biological Gene Research Center , Guangdong Academy of Agricultural Sciences"
ST001333,AN002222,HILIC POSITIVE ION MODE,Huntington’s Disease Genotype Suppresses Global Manganese-Responsive Processes,Mus musculus,Vanderbilt University
ST001335,AN002224,HILIC POSITIVE ION MODE,"Air Pollution, Placenta Function, and Birth Outcomes in Los Angeles in the Placental Assessment in Response to ENvironmenTal pollution study (PARENTs) cohort",Homo sapiens,Emory University
ST001335,AN002225,Reversed phase NEGATIVE ION MODE,"Air Pollution, Placenta Function, and Birth Outcomes in Los Angeles in the Placental Assessment in Response to ENvironmenTal pollution study (PARENTs) cohort",Homo sapiens,Emory University
ST001337,AN002231,Reversed phase POSITIVE ION MODE,Global profiling for human feces,Homo sapiens,Pennsylvania State University
ST001338,AN002232,Reversed phase POSITIVE ION MODE,Global profiling for cecal contents,Mus musculus,Pennsylvania State University
ST001339,AN002233,HILIC NEGATIVE ION MODE,Disruption of Redox Balance Enhances the Effects of BRAF-inhibitors in Melanoma,Homo sapiens,Vanderbilt University
ST001346,AN002240,HILIC UNSPECIFIED ION MODE,Metabolomic changes in mouse liver on a protein restricted diet (part-I),Mus musculus,Monash University
ST001347,AN002241,HILIC UNSPECIFIED ION MODE,Metabolomic changes in mouse plasma on a protein restricted diet (part-II),Mus musculus,Monash University
ST001348,AN002242,HILIC UNSPECIFIED ION MODE,Metabolomic changes in mouse liver on a threonine restricted diet (part-III),Mus musculus,Monash University
ST001353,AN002251,Reversed phase POSITIVE ION MODE,Untargeted metabolomics in skeletal muscle of mice with chronic kidney disease,Mus musculus,University of Florida
ST001353,AN002252,Reversed phase NEGATIVE ION MODE,Untargeted metabolomics in skeletal muscle of mice with chronic kidney disease,Mus musculus,University of Florida
ST001357,AN002260,Reversed phase NEGATIVE ION MODE,Longitudinal wastewater sampling and untargeted metabolomics of three buildings,Wastewater,Massachusetts Institute of Technology
ST001360,AN002264,HILIC UNSPECIFIED ION MODE,Maternal blood lipidomics associated with severe preeclampsia,Homo sapiens,University of Michigan
ST001362,AN002266,Reversed phase POSITIVE ION MODE,California mouse fecal metabolite analysis,Peromyscus Californicus,University of Missouri
ST001362,AN002267,GC POSITIVE ION MODE,California mouse fecal metabolite analysis,Peromyscus Californicus,University of Missouri
ST001362,AN002268,GC POSITIVE ION MODE,California mouse fecal metabolite analysis,Peromyscus Californicus,University of Missouri
ST001366,AN002273,Reversed phase POSITIVE ION MODE,Malnutrition and Liver Metabolomics,Mus musculus,University of British Columbia
ST001366,AN002274,Reversed phase NEGATIVE ION MODE,Malnutrition and Liver Metabolomics,Mus musculus,University of British Columbia
ST001367,AN002275,Reversed phase POSITIVE ION MODE,Malnutrition and Liver Metabolomics Pre-Intervention (part-I),Mus musculus,University of British Columbia
ST001367,AN002276,Reversed phase NEGATIVE ION MODE,Malnutrition and Liver Metabolomics Pre-Intervention (part-I),Mus musculus,University of British Columbia
ST001367,AN002277,HILIC POSITIVE ION MODE,Malnutrition and Liver Metabolomics Pre-Intervention (part-I),Mus musculus,University of British Columbia
ST001367,AN002278,HILIC NEGATIVE ION MODE,Malnutrition and Liver Metabolomics Pre-Intervention (part-I),Mus musculus,University of British Columbia
ST001368,AN002279,Reversed phase POSITIVE ION MODE,Malnutrition and Liver Metabolomics Intervention (part-II),Mus musculus,University of British Columbia
ST001368,AN002280,Reversed phase NEGATIVE ION MODE,Malnutrition and Liver Metabolomics Intervention (part-II),Mus musculus,University of British Columbia
ST001368,AN002281,HILIC POSITIVE ION MODE,Malnutrition and Liver Metabolomics Intervention (part-II),Mus musculus,University of British Columbia
ST001368,AN002282,HILIC NEGATIVE ION MODE,Malnutrition and Liver Metabolomics Intervention (part-II),Mus musculus,University of British Columbia
ST001369,AN002283,Reversed phase POSITIVE ION MODE,Grass pollen sublingual immunotherapy treatment induces transcriptomic and metabolic changes due to AIT treatment,Homo sapiens,Institute of Applied Molecular Medicine;The Centre of Metabolomics and Bioanalysis
ST001369,AN002284,Reversed phase NEGATIVE ION MODE,Grass pollen sublingual immunotherapy treatment induces transcriptomic and metabolic changes due to AIT treatment,Homo sapiens,Institute of Applied Molecular Medicine;The Centre of Metabolomics and Bioanalysis
ST001369,AN002285,GC POSITIVE ION MODE,Grass pollen sublingual immunotherapy treatment induces transcriptomic and metabolic changes due to AIT treatment,Homo sapiens,Institute of Applied Molecular Medicine;The Centre of Metabolomics and Bioanalysis
ST001370,AN002286,Reversed phase POSITIVE ION MODE,Metabolomic profiling of Canadian species of Alternaria,Alternaria sp.,Agriculture and Agri-Food Canada
ST001370,AN002287,Reversed phase NEGATIVE ION MODE,Metabolomic profiling of Canadian species of Alternaria,Alternaria sp.,Agriculture and Agri-Food Canada
ST001371,AN002288,Reversed phase POSITIVE ION MODE,Untargeted metabolomics of Quercus ilex acorns,Quercus ilex,Universidad de Córdoba
ST001371,AN002289,Reversed phase NEGATIVE ION MODE,Untargeted metabolomics of Quercus ilex acorns,Quercus ilex,Universidad de Córdoba
ST001372,AN002290,Reversed phase POSITIVE ION MODE,Patterns in metabolite pools show that phytoplankton leave a taxon-specific signature on particulate carbon: North Pacific Subtropical Gyre depth profile,Natural mixed marine microbial community,University of Washington
ST001372,AN002291,HILIC NEGATIVE ION MODE,Patterns in metabolite pools show that phytoplankton leave a taxon-specific signature on particulate carbon: North Pacific Subtropical Gyre depth profile,Natural mixed marine microbial community,University of Washington
ST001372,AN002292,HILIC POSITIVE ION MODE,Patterns in metabolite pools show that phytoplankton leave a taxon-specific signature on particulate carbon: North Pacific Subtropical Gyre depth profile,Natural mixed marine microbial community,University of Washington
ST001373,AN002293,HILIC NEGATIVE ION MODE,Targeting Sirt2 reprograms T cell metabolism for effective immune response,Mus musculus,Moffitt Cancer Center
ST001374,AN002294,Reversed phase POSITIVE ION MODE,Untargeted Metabolomics for fruit juice authentication,Malus domestica;Citrus sinensis,"Institute of Quality Standard & Testing Technology for Agro-Products, Chinese Academy of Agricultural Sciences"
ST001379,AN002299,Reverse phase Negative ION MODE,"2,3,7,8 -Tetrachlorodibenzo-p-dioxin Mediated Effects on Hepatic Coenzyme A (CoA) and Acetyl-CoA Levels (part-II)",Mus musculus,Michigan State University
ST001380,AN002300,None (Direct infusion) UNSPECIFIED ION MODE,Fast and sensitive flow-injection mass spectrometry metabolomics by analyzing sample specific ion distributions,Homo sapiens,Technion – Israel Institute of Technology
ST001381,AN002301,Reversed phase POSITIVE ION MODE,Lipid profile Dataset of optogenetics induced optic nerve regeneration,Mus musculus,University of Miami
ST001381,AN002302,Reversed phase NEGATIVE ION MODE,Lipid profile Dataset of optogenetics induced optic nerve regeneration,Mus musculus,University of Miami
ST001383,AN002304,Reversed phase POSITIVE ION MODE,Investigating exposures and health impacts of endocrine disrupting chemicals among inner-city children.,Homo sapiens,University of Michigan
ST001383,AN002305,Reversed phase NEGATIVE ION MODE,Investigating exposures and health impacts of endocrine disrupting chemicals among inner-city children.,Homo sapiens,University of Michigan
ST001383,AN002306,Reversed phase POSITIVE ION MODE,Investigating exposures and health impacts of endocrine disrupting chemicals among inner-city children.,Homo sapiens,University of Michigan
ST001383,AN002307,Reversed phase NEGATIVE ION MODE,Investigating exposures and health impacts of endocrine disrupting chemicals among inner-city children.,Homo sapiens,University of Michigan
ST001384,AN002308,Reversed phase POSITIVE ION MODE,Plasmodium falciparum increased time in circulation underlies persistent asymptomatic infection in the dry season,Homo sapiens,Pennsylvania State University
ST001384,AN002309,Reversed phase NEGATIVE ION MODE,Plasmodium falciparum increased time in circulation underlies persistent asymptomatic infection in the dry season,Homo sapiens,Pennsylvania State University
ST001384,AN002310,Reversed phase POSITIVE ION MODE,Plasmodium falciparum increased time in circulation underlies persistent asymptomatic infection in the dry season,Homo sapiens,Pennsylvania State University
ST001384,AN002311,Reversed phase NEGATIVE ION MODE,Plasmodium falciparum increased time in circulation underlies persistent asymptomatic infection in the dry season,Homo sapiens,Pennsylvania State University
ST001385,AN002312,Reversed phase NEGATIVE ION MODE,Microbial and metabolic variations mediate the influence of childhood and adolescent EDC and trace element exposure on breast density.,Homo sapiens,Icahn School of Medicine at Mount Sinai
ST001385,AN002313,HILIC POSITIVE ION MODE,Microbial and metabolic variations mediate the influence of childhood and adolescent EDC and trace element exposure on breast density.,Homo sapiens,Icahn School of Medicine at Mount Sinai
ST001386,AN002314,GC-MS data,TEDDY Metabolomics Study,Homo sapiens,University of South Florida
ST001387,AN002315,Reversed phase POSITIVE ION MODE,Bat liver lipid profiles,Myotis lucifugus,Georgetown University
ST001387,AN002316,Reversed phase NEGATIVE ION MODE,Bat liver lipid profiles,Myotis lucifugus,Georgetown University
ST001391,AN002320,Reversed phase POSITIVE ION MODE,Metabolic Response in Patients with Post-Treatment Lyme Disease Symptoms/Syndrome,Homo sapiens,Colorado State University
ST001403,AN002345,GC UNSPECIFIED ION MODE,Ontogeny related changes in the pediatric liver metabolome (part-II),Homo sapiens,Moffitt Cancer Center
ST001404,AN002346,UPLC UNSPECIFIED ION MODE,Ontogeny related changes in the pediatric liver metabolome (part-III),Homo sapiens,Moffitt Cancer Center
ST001407,AN002350,HILIC POSITIVE ION MODE,Environmental chemical burden in metabolic tissues and systemic biological pathways in adolescent bariatric surgery patients: A pilot untargeted metabolomic approach,Homo sapiens,Icahn School of Medicine at Mount Sinai
ST001407,AN002351,Reversed phase NEGATIVE ION MODE,Environmental chemical burden in metabolic tissues and systemic biological pathways in adolescent bariatric surgery patients: A pilot untargeted metabolomic approach,Homo sapiens,Icahn School of Medicine at Mount Sinai
ST001408,AN002352,HILIC POSITIVE ION MODE,Metabolomic profiling of baseline plasmas from a longitudinal prospective cohort of 491 active surveillance (AS) participants,Homo sapiens,University of Texas MD Anderson Cancer Center
ST001408,AN002353,Reversed phase POSITIVE ION MODE,Metabolomic profiling of baseline plasmas from a longitudinal prospective cohort of 491 active surveillance (AS) participants,Homo sapiens,University of Texas MD Anderson Cancer Center
ST001408,AN002354,Reversed phase POSITIVE ION MODE,Metabolomic profiling of baseline plasmas from a longitudinal prospective cohort of 491 active surveillance (AS) participants,Homo sapiens,University of Texas MD Anderson Cancer Center
ST001409,AN002355,HILIC POSITIVE ION MODE,Patterns in metabolite pools show that phytoplankton leave a taxon-specific signature on particulate carbon: North Pacific Transition Zone depth profile,Natural mixed marine microbial community,University of Washington
ST001409,AN002356,HILIC NEGATIVE ION MODE,Patterns in metabolite pools show that phytoplankton leave a taxon-specific signature on particulate carbon: North Pacific Transition Zone depth profile,Natural mixed marine microbial community,University of Washington
ST001409,AN002357,Reversed phase POSITIVE ION MODE,Patterns in metabolite pools show that phytoplankton leave a taxon-specific signature on particulate carbon: North Pacific Transition Zone depth profile,Natural mixed marine microbial community,University of Washington
ST001410,AN002358,Reversed phase POSITIVE ION MODE,Patterns in metabolite pools show that phytoplankton leave a taxon-specific signature on particulate carbon: Surface samples from the North Pacific Subtropical Gyre to North Pacific Transition Zone,Natural mixed marine microbial community,University of Washington
ST001410,AN002359,HILIC POSITIVE ION MODE,Patterns in metabolite pools show that phytoplankton leave a taxon-specific signature on particulate carbon: Surface samples from the North Pacific Subtropical Gyre to North Pacific Transition Zone,Natural mixed marine microbial community,University of Washington
ST001410,AN002360,HILIC NEGATIVE ION MODE,Patterns in metabolite pools show that phytoplankton leave a taxon-specific signature on particulate carbon: Surface samples from the North Pacific Subtropical Gyre to North Pacific Transition Zone,Natural mixed marine microbial community,University of Washington
ST001414,AN002364,GCxGC POSITIVE ION MODE,Pseudomonas aeruginosa cystic fibrosis clinical isolates volatile metabolomics,Pseudomonas aeruginosa,Arizona State University
ST001415,AN002365,HILIC POSITIVE ION MODE,Multi-omic profiling of primary mouse neutrophils reveals a pattern of sex and age-related functional regulation,Mus musculus,Stanford University
ST001415,AN002366,HILIC NEGATIVE ION MODE,Multi-omic profiling of primary mouse neutrophils reveals a pattern of sex and age-related functional regulation,Mus musculus,Stanford University
ST001415,AN002367,Reversed phase POSITIVE ION MODE,Multi-omic profiling of primary mouse neutrophils reveals a pattern of sex and age-related functional regulation,Mus musculus,Stanford University
ST001415,AN002368,Reversed phase NEGATIVE ION MODE,Multi-omic profiling of primary mouse neutrophils reveals a pattern of sex and age-related functional regulation,Mus musculus,Stanford University
ST001422,AN002378,HILIC POSITIVE ION MODE,Aspirin Metabolomics in Colorectal Cancer Chemoprevention - blood (part-II),Homo sapiens,Emory University
ST001422,AN002379,Reversed phase POSITIVE ION MODE,Aspirin Metabolomics in Colorectal Cancer Chemoprevention - blood (part-II),Homo sapiens,Emory University
ST001423,AN002380,HILIC POSITIVE ION MODE,Aspirin Metabolomics in Colorectal Cancer Chemoprevention - blood (part-III),Homo sapiens,Emory University
ST001423,AN002381,Reversed phase POSITIVE ION MODE,Aspirin Metabolomics in Colorectal Cancer Chemoprevention - blood (part-III),Homo sapiens,Emory University
ST001426,AN002384,GCxGC POSITIVE ION MODE,Dependence of the Staphylococcal Volatilome Composition on Microbial Nutrition,Staphylococcus epidermidis,Arizona State University
ST001427,AN002385,Reversed phase POSITIVE ION MODE,HPLC-(Q)-TOF-MS based study of plasma metabolic profiles differences associated with age in paediatric population using animal model,Sus scrofa,University of the Basque Country
ST001427,AN002386,Reversed phase NEGATIVE ION MODE,HPLC-(Q)-TOF-MS based study of plasma metabolic profiles differences associated with age in paediatric population using animal model,Sus scrofa,University of the Basque Country
ST001428,AN002387,HILIC POSITIVE ION MODE,Role of environmental toxicants in modulating disease severity in children with NAFLD,Homo sapiens,Emory University
ST001428,AN002388,Reversed phase NEGATIVE ION MODE,Role of environmental toxicants in modulating disease severity in children with NAFLD,Homo sapiens,Emory University
ST001429,AN002389,Reversed phase POSITIVE ION MODE,MYC regulates ribosome biogenesis and mitochondrial gene expression programs through its interaction with Host Cell Factor-1,Homo sapiens,Vanderbilt University
ST001429,AN002390,HILIC POSITIVE ION MODE,MYC regulates ribosome biogenesis and mitochondrial gene expression programs through its interaction with Host Cell Factor-1,Homo sapiens,Vanderbilt University
ST001430,AN002391,Reversed phase POSITIVE ION MODE,Metabolic dynamics and prediction og gestational ange and time to delivery in pregant women,Homo sapiens,Stanford University
ST001430,AN002392,Reversed phase NEGATIVE ION MODE,Metabolic dynamics and prediction og gestational ange and time to delivery in pregant women,Homo sapiens,Stanford University
ST001434,AN002396,Reversed phase POSITIVE ION MODE,Untargeted lipidomics of liver to assess the potential protective role in atherosclerosis progression of A12 antibodies infusion into LDLR-/-mice,Mus musculus,Centro Nacional de Investigaciones Cardiovasculares Carlos III
ST001434,AN002397,Reversed phase NEGATIVE ION MODE,Untargeted lipidomics of liver to assess the potential protective role in atherosclerosis progression of A12 antibodies infusion into LDLR-/-mice,Mus musculus,Centro Nacional de Investigaciones Cardiovasculares Carlos III
ST001436,AN002399,Reversed phase POSITIVE ION MODE,Transkingdom interactions between Lactobacilli and hepatic mitochondria attenuate western diet induced diabetes,Mus musculus,Oregon State University
ST001436,AN002400,Reversed phase NEGATIVE ION MODE,Transkingdom interactions between Lactobacilli and hepatic mitochondria attenuate western diet induced diabetes,Mus musculus,Oregon State University
ST001437,AN002401,None (Direct infusion) NEGATIVE ION MODE,Sub-nanoliter metabolomics via mass spectrometry to characterize volume-limited samples - EBC,Homo sapiens,Georgia Institute of Technology
ST001438,AN002402,None (Direct infusion) POSITIVE ION MODE,Sub-nanoliter metabolomics via mass spectrometry to characterize volume-limited samples - MSC,Homo sapiens,Georgia Institute of Technology
ST001440,AN002405,Reversed phase POSITIVE ION MODE,Developing preliminary blood metabolomics-based biomarkers of insufficient sleep in humans,Homo sapiens,University of Colorado Boulder
ST001440,AN002406,HILIC POSITIVE ION MODE,Developing preliminary blood metabolomics-based biomarkers of insufficient sleep in humans,Homo sapiens,University of Colorado Boulder
ST001442,AN002410,None (Direct infusion) POSITIVE ION MODE,Human Optic Nerve Glaucoma and Control Lipidomes,Homo sapiens,University of Miami
ST001443,AN002411,Reversed phase POSITIVE ION MODE,Plasma metabolomic signatures of COPD,Homo sapiens,National Jewish Health
ST001443,AN002412,Reversed phase POSITIVE ION MODE,Plasma metabolomic signatures of COPD,Homo sapiens,National Jewish Health
ST001443,AN002413,Reversed phase NEGATIVE ION MODE,Plasma metabolomic signatures of COPD,Homo sapiens,National Jewish Health
ST001443,AN002414,HILIC NEGATIVE ION MODE,Plasma metabolomic signatures of COPD,Homo sapiens,National Jewish Health
ST001450,AN002421,HILIC POSITIVE ION MODE,Five Easy Metrics of Data Quality for LC-MS based Global Metabolomics,Homo sapiens,University of Washington
ST001450,AN002422,HILIC POSITIVE ION MODE,Five Easy Metrics of Data Quality for LC-MS based Global Metabolomics,Homo sapiens,University of Washington
ST001450,AN002423,HILIC POSITIVE ION MODE,Five Easy Metrics of Data Quality for LC-MS based Global Metabolomics,Homo sapiens,University of Washington
ST001450,AN002424,HILIC POSITIVE ION MODE,Five Easy Metrics of Data Quality for LC-MS based Global Metabolomics,Homo sapiens,University of Washington
ST001477,AN002453,Reversed phase POSITIVE ION MODE,Lipidomics dataset of PTEN deletion-induced nerve regeneration mouse model,Mus musculus,University of Miami
ST001481,AN002458,GC POSITIVE ION MODE,Metabolomics of Ndufs4 KO brain regions (part - II),Mus musculus,North-West University
ST001484,AN002461,GC POSITIVE ION MODE,Metabolomics of Ndufs4 KO brain regions (part - IV),Mus musculus,North-West University
ST001486,AN002463,GC POSITIVE ION MODE,Metabolomics of Ndufs4 KO brain regions (part - VI),Mus musculus,North-West University
ST001488,AN002465,GC POSITIVE ION MODE,Metabolomics of Ndufs4 KO brain regions (part - VIII),Mus musculus,North-West University
ST001491,AN002470,HILIC POSITIVE ION MODE,Global Urine Metabolic Profiling to Predict Gestational Age in Term and Preterm Pregnancies,Homo sapiens,Stanford University
ST001491,AN002471,HILIC NEGATIVE ION MODE,Global Urine Metabolic Profiling to Predict Gestational Age in Term and Preterm Pregnancies,Homo sapiens,Stanford University
ST001491,AN002472,Reversed phase POSITIVE ION MODE,Global Urine Metabolic Profiling to Predict Gestational Age in Term and Preterm Pregnancies,Homo sapiens,Stanford University
ST001491,AN002473,Reversed phase NEGATIVE ION MODE,Global Urine Metabolic Profiling to Predict Gestational Age in Term and Preterm Pregnancies,Homo sapiens,Stanford University
ST001492,AN002474,HILIC POSITIVE ION MODE,Global metabolomics of IFNy cued neurogenic NSCs seeded on hydrogel,Rattus norvegicus,University of Akron
ST001494,AN002476,Reversed phase POSITIVE ION MODE,Metabolomics of murine embryos cultured in a microfluidic device and comparison with traditional microdrops culture,Mus musculus,University of Leeds
ST001494,AN002477,Reversed phase POSITIVE ION MODE,Metabolomics of murine embryos cultured in a microfluidic device and comparison with traditional microdrops culture,Mus musculus,University of Leeds
ST001499,AN002482,Reversed phase POSITIVE ION MODE,Metabolomics reveals the protective effect of isosteviol sodium against multiple organ injury in septic mice - Heart,Mus musculus,Guangdong University of Technology
ST001499,AN002483,Reversed phase NEGATIVE ION MODE,Metabolomics reveals the protective effect of isosteviol sodium against multiple organ injury in septic mice - Heart,Mus musculus,Guangdong University of Technology
ST001500,AN002484,Reversed phase POSITIVE ION MODE,Metabolomics reveals the protective effect of isosteviol sodium against multiple organ injury in septic mice - Liver,Mus musculus,Guangdong University of Technology
ST001500,AN002485,Reversed phase NEGATIVE ION MODE,Metabolomics reveals the protective effect of isosteviol sodium against multiple organ injury in septic mice - Liver,Mus musculus,Guangdong University of Technology
ST001502,AN002488,Reversed phase POSITIVE ION MODE,Metabolomics reveals the protective effect of isosteviol sodium against multiple organ injury in septic mice - Lung,Mus musculus,Guangdong University of Technology
ST001502,AN002489,Reversed phase NEGATIVE ION MODE,Metabolomics reveals the protective effect of isosteviol sodium against multiple organ injury in septic mice - Lung,Mus musculus,Guangdong University of Technology
ST001503,AN002490,Reversed phase POSITIVE ION MODE,Metabolomics reveals the protective effect of isosteviol sodium against multiple organ injury in septic mice - Kidney,Mus musculus,Guangdong University of Technology
ST001503,AN002491,Reversed phase NEGATIVE ION MODE,Metabolomics reveals the protective effect of isosteviol sodium against multiple organ injury in septic mice - Kidney,Mus musculus,Guangdong University of Technology
ST001504,AN002492,Reversed phase POSITIVE ION MODE,Metabolomics reveals the protective effect of isosteviol sodium against multiple organ injury in septic mice - Spleen,Mus musculus,Guangdong University of Technology
ST001504,AN002493,Reversed phase NEGATIVE ION MODE,Metabolomics reveals the protective effect of isosteviol sodium against multiple organ injury in septic mice - Spleen,Mus musculus,Guangdong University of Technology
ST001505,AN002494,Reversed phase POSITIVE ION MODE,Metabolomics reveals the protective effect of isosteviol sodium against multiple organ injury in septic mice - Plasma,Mus musculus,Guangdong University of Technology
ST001505,AN002495,Reversed phase NEGATIVE ION MODE,Metabolomics reveals the protective effect of isosteviol sodium against multiple organ injury in septic mice - Plasma,Mus musculus,Guangdong University of Technology
ST001511,AN002504,Reversed phase POSITIVE ION MODE,Symbiotic bacteria-derived organic acids,Citrobacter freundii;Enterobacter ludwigii;Pseudomonas protegens;Serratia plymuthica;Sphingobacterium faecium;Stenotrophomonas maltophilia;Klebsiella oxytoca,Qilu University of Technology (Shandong Academy of Sciences)
ST001511,AN002505,Reversed phase NEGATIVE ION MODE,Symbiotic bacteria-derived organic acids,Citrobacter freundii;Enterobacter ludwigii;Pseudomonas protegens;Serratia plymuthica;Sphingobacterium faecium;Stenotrophomonas maltophilia;Klebsiella oxytoca,Qilu University of Technology (Shandong Academy of Sciences)
ST001514,AN002508,Reversed phase POSITIVE ION MODE,Community metabolomes reflect taxon-specific fingerprints of phytoplankton in the ocean,Marine Plankton,University of Washington
ST001514,AN002509,HILIC POSITIVE ION MODE,Community metabolomes reflect taxon-specific fingerprints of phytoplankton in the ocean,Marine Plankton,University of Washington
ST001514,AN002510,HILIC NEGATIVE ION MODE,Community metabolomes reflect taxon-specific fingerprints of phytoplankton in the ocean,Marine Plankton,University of Washington
ST001518,AN002521,GC POSITIVE ION MODE,Metabolome analysis in the diagnosis of childhood cerebellar ataxia,Homo sapiens,CEMBIO
ST001518,AN002522,Reversed phase POSITIVE ION MODE,Metabolome analysis in the diagnosis of childhood cerebellar ataxia,Homo sapiens,CEMBIO
ST001518,AN002523,Reversed phase NEGATIVE ION MODE,Metabolome analysis in the diagnosis of childhood cerebellar ataxia,Homo sapiens,CEMBIO
ST001518,AN002524,Capillary electrophoresis POSITIVE ION MODE,Metabolome analysis in the diagnosis of childhood cerebellar ataxia,Homo sapiens,CEMBIO
ST001520,AN002529,HILIC POSITIVE ION MODE,Stool unknowns profiled using hybrid nontargeted methods (part-II),Homo sapiens,Broad Institute of MIT and Harvard
ST001520,AN002530,Reversed phase POSITIVE ION MODE,Stool unknowns profiled using hybrid nontargeted methods (part-II),Homo sapiens,Broad Institute of MIT and Harvard
ST001520,AN002531,HILIC NEGATIVE ION MODE,Stool unknowns profiled using hybrid nontargeted methods (part-II),Homo sapiens,Broad Institute of MIT and Harvard
ST001520,AN002532,Reversed phase NEGATIVE ION MODE,Stool unknowns profiled using hybrid nontargeted methods (part-II),Homo sapiens,Broad Institute of MIT and Harvard
ST001522,AN002537,HILIC POSITIVE ION MODE,Plasma unknowns profiled using hybrid nontargeted methods (part-IV),Homo sapiens,Broad Institute of MIT and Harvard
ST001522,AN002538,Reversed phase POSITIVE ION MODE,Plasma unknowns profiled using hybrid nontargeted methods (part-IV),Homo sapiens,Broad Institute of MIT and Harvard
ST001522,AN002539,HILIC NEGATIVE ION MODE,Plasma unknowns profiled using hybrid nontargeted methods (part-IV),Homo sapiens,Broad Institute of MIT and Harvard
ST001522,AN002540,Reversed phase NEGATIVE ION MODE,Plasma unknowns profiled using hybrid nontargeted methods (part-IV),Homo sapiens,Broad Institute of MIT and Harvard
ST001524,AN002542,HILIC POSITIVE ION MODE,Prochlorococcus extracellular vesicles: Molecular composition and adsorption to diverse microbial cells,Prochlorococcus marinus str. MIT 9312;Prochlorococcus marinus MIT9313,University of Washington
ST001524,AN002543,HILIC NEGATIVE ION MODE,Prochlorococcus extracellular vesicles: Molecular composition and adsorption to diverse microbial cells,Prochlorococcus marinus str. MIT 9312;Prochlorococcus marinus MIT9313,University of Washington
ST001524,AN002544,Reversed phase POSITIVE ION MODE,Prochlorococcus extracellular vesicles: Molecular composition and adsorption to diverse microbial cells,Prochlorococcus marinus str. MIT 9312;Prochlorococcus marinus MIT9313,University of Washington
ST001524,AN002545,Reversed phase POSITIVE ION MODE,Prochlorococcus extracellular vesicles: Molecular composition and adsorption to diverse microbial cells,Prochlorococcus marinus str. MIT 9312;Prochlorococcus marinus MIT9313,University of Washington
ST001525,AN002546,Reversed phase POSITIVE ION MODE,Perfluorooctanesulfonic acid (PFOS) and perfluorohexanesulfonic acid (PFHxS) alter the blood lipidome and the hepatic proteome in a murine model of diet-induced obesity,Mus musculus,University of Rhode Island;University of Georgia
ST001606,AN002639,GC UNSPECIFIED ION MODE,Aromatic amino acid metabolism by the anaerobic gut bacterium Clostridium sporogenes,Mus musculus,Stanford University
ST001618,AN002653,Reversed phase POSITIVE ION MODE,Metabolomics Analysis: Opioid Addiction Project (Golestan Cohort Study) - MS (part-I),Homo sapiens,University of North Carolina at Chapel Hill
ST001634,AN002670,Reversed phase POSITIVE ION MODE,A combinatorial action of GmMYB176 and bZIP controls isoflavonoid biosynthesis in soybean.,Glycine max,Agriculture and Agri-Food Canada
ST001634,AN002671,Reversed phase NEGATIVE ION MODE,A combinatorial action of GmMYB176 and bZIP controls isoflavonoid biosynthesis in soybean.,Glycine max,Agriculture and Agri-Food Canada
ST001635,AN002672,Reversed phase POSITIVE ION MODE,Higher Dietary Carbohydrates Detrimentally Impact Obesity-Associated Breast Cancer Chemoresistance,Mus musculus,University of North Carolina at Chapel Hill
ST001636,AN002673,Reversed phase POSITIVE ION MODE,TEDDY Lipidomics Study,Homo sapiens,University of South Florida
ST001636,AN002674,Reversed phase NEGATIVE ION MODE,TEDDY Lipidomics Study,Homo sapiens,University of South Florida
ST001640,AN002685,Other POSITIVE ION MODE,Remodeling Lipids in the Transition from Chronic Liver Disease to Hepatocellular Carcinoma (Blood) - part I,Homo sapiens,"University of California, Davis"
ST001641,AN002686,Normal phase POSITIVE ION MODE,Remodeling Lipids in the Transition from Chronic Liver Disease to Hepatocellular Carcinoma (Liver) - part II,Homo sapiens,"University of California, Davis"
ST001649,AN002695,GC POSITIVE ION MODE,Urinary microbiota and metabolome in pediatric vesicoureteral reflux and scarring,Homo sapiens,University of Missouri-Columbia
ST001650,AN002696,GC UNSPECIFIED ION MODE,Changes to gut microbiota metabolism based on Clostridium difficile-induced inflammation,Mus musculus,Stanford University
ST001651,AN002697,HILIC POSITIVE ION MODE,Analysis of metabolites in gut microbioal culture media and microbial cells,Mus musculus,University of Kentucky
ST001651,AN002698,HILIC NEGATIVE ION MODE,Analysis of metabolites in gut microbioal culture media and microbial cells,Mus musculus,University of Kentucky
ST001653,AN002700,Reversed phase POSITIVE ION MODE,"Mucosal-Associated-Invariant-T (MAIT) cells stimulated with IL-12/IL-12, anti-CD3/CD28 or both for 16 hours",Homo sapiens,Helmholtz Centre for Environmental Research
ST001654,AN002701,Reversed phase POSITIVE ION MODE,Metabolic profiling of plasma collected from Peromyscus leucopus and Mus musculus following LPS treatment,Mus musculus;Peromyscus leucopus,Colorado State University
ST001656,AN002703,Reversed phase POSITIVE ION MODE,Characterization of anaphylaxis reveals different metabolic changes depending on severity and triggers - MS (part-II),Homo sapiens,Centre of Metabolomics and Bioanalysis
ST001656,AN002704,Reversed phase NEGATIVE ION MODE,Characterization of anaphylaxis reveals different metabolic changes depending on severity and triggers - MS (part-II),Homo sapiens,Centre of Metabolomics and Bioanalysis
ST001657,AN002705,Reversed phase POSITIVE ION MODE,E.coli K-12 treated by IPL_analysis of organic phase,Escherichia coli,University of Minnesota
ST001659,AN002710,GCxGC POSITIVE ION MODE,Identify putative volatile biomarkers of Coccidioides spp. grown in vitro,Coccidioides posadasii;Coccidioides immitis,Arizona State University
ST001662,AN002713,Reversed phase POSITIVE ION MODE,LC-MS Metabolomics of Urine Reveals Distinct Profiles for Low- and High-Grade Bladder Cancer,Homo sapiens,Health Research Institute Hospital La Fe
ST001663,AN002714,HILIC POSITIVE ION MODE,E.coli K-12 treated by IPL - analysis of polar phase (part-I),Escherichia coli,University of Minnesota
ST001663,AN002715,HILIC NEGATIVE ION MODE,E.coli K-12 treated by IPL - analysis of polar phase (part-I),Escherichia coli,University of Minnesota
ST001664,AN002716,Reversed phase POSITIVE ION MODE,E.coli K-12 treated by IPL - analysis of polar phase (part-II),Escherichia coli,University of Minnesota
ST001667,AN002719,HILIC POSITIVE ION MODE,LC-MS metabolomics analysis of ricin-induced and fasting hypoglycemia (part-II),Mus musculus,Montana State University
ST001676,AN002734,Reversed phase POSITIVE ION MODE,"Lipidomic analysis of CD4+ T-cell subsets (Th1,Th2,Th17 and iTreg cells) (part I)",Homo sapiens,University of Turku
ST001681,AN002742,HILIC POSITIVE ION MODE,"Integrated trajectories of the maternal metabolome, proteome, and immunome predict labor onset",Homo sapiens,Stanford University
ST001681,AN002743,HILIC NEGATIVE ION MODE,"Integrated trajectories of the maternal metabolome, proteome, and immunome predict labor onset",Homo sapiens,Stanford University
ST001681,AN002744,Reversed phase POSITIVE ION MODE,"Integrated trajectories of the maternal metabolome, proteome, and immunome predict labor onset",Homo sapiens,Stanford University
ST001681,AN002745,Reversed phase NEGATIVE ION MODE,"Integrated trajectories of the maternal metabolome, proteome, and immunome predict labor onset",Homo sapiens,Stanford University
ST001682,AN002746,Reversed phase POSITIVE ION MODE,Untargeted urine LC-HRMS metabolomics profiling for bladder cancer binary outcome classification,Homo sapiens,Lomonosov MSU
ST001691,AN002761,HILIC POSITIVE ION MODE,LC-MS untargeted lipidomics of primary human fibroblasts,Homo sapiens,École polytechnique fédérale de Lausanne (EPFL)
ST001692,AN002762,Reversed phase POSITIVE ION MODE,Perfluoroalkyl substances and lipid composition in human milk,Homo sapiens,Icahn School of Medicine at Mount Sinai
ST001692,AN002763,Reversed phase NEGATIVE ION MODE,Perfluoroalkyl substances and lipid composition in human milk,Homo sapiens,Icahn School of Medicine at Mount Sinai
ST001704,AN002775,None (Direct infusion) POSITIVE ION MODE,Sclerostin antibody increases trabecular bone and bone mechanical properties by increasing osteoblast activity damaged by whole-body irradiation in mice,Mus musculus,MaineHealth Institute for Research
ST001704,AN002776,None (Direct infusion) NEGATIVE ION MODE,Sclerostin antibody increases trabecular bone and bone mechanical properties by increasing osteoblast activity damaged by whole-body irradiation in mice,Mus musculus,MaineHealth Institute for Research
ST001705,AN002777,HILIC POSITIVE ION MODE,Machine learning-enabled renal cell carcinoma status prediction using multi-platform urine-based metabolomics (part-I),Homo sapiens,University of Georgia
ST001705,AN002778,HILIC NEGATIVE ION MODE,Machine learning-enabled renal cell carcinoma status prediction using multi-platform urine-based metabolomics (part-I),Homo sapiens,University of Georgia
ST001707,AN002780,Reversed phase POSITIVE ION MODE,Lipid Profiling of Mouse Intestinal Organoids for studying APC Mutations,Mus musculus,Imperial College London
ST001707,AN002781,Reversed phase NEGATIVE ION MODE,Lipid Profiling of Mouse Intestinal Organoids for studying APC Mutations,Mus musculus,Imperial College London
ST001713,AN002788,GC UNSPECIFIED ION MODE,Effects of different planting densities on the metabolism of Panax notoginseng,Panax notoginseng,Yunnan Agricultural University
ST001715,AN002792,HILIC POSITIVE ION MODE,Large-scale enzyme-based xenobiotic identification for exposomics,Homo sapiens,Emory University
ST001715,AN002793,HILIC POSITIVE ION MODE,Large-scale enzyme-based xenobiotic identification for exposomics,Homo sapiens,Emory University
ST001715,AN002794,Reversed phase NEGATIVE ION MODE,Large-scale enzyme-based xenobiotic identification for exposomics,Homo sapiens,Emory University
ST001715,AN002795,Reversed phase NEGATIVE ION MODE,Large-scale enzyme-based xenobiotic identification for exposomics,Homo sapiens,Emory University
ST001717,AN002797,Reversed phase POSITIVE ION MODE,Phospholipid transfer function of PTPIP51 at mitochondria-associated ER membranes,Homo sapiens,Korea Basic Science Institute
ST001717,AN002798,Reversed phase NEGATIVE ION MODE,Phospholipid transfer function of PTPIP51 at mitochondria-associated ER membranes,Homo sapiens,Korea Basic Science Institute
ST001718,AN002799,Reversed phase POSITIVE ION MODE,Commensal intestinal microbiota regulates host luminal proteolytic activity and intestinal barrier integrity through β-glucuronidase activity,Homo sapiens,Mayo Clinic
ST001718,AN002800,HILIC POSITIVE ION MODE,Commensal intestinal microbiota regulates host luminal proteolytic activity and intestinal barrier integrity through β-glucuronidase activity,Homo sapiens,Mayo Clinic
ST001718,AN002801,HILIC NEGATIVE ION MODE,Commensal intestinal microbiota regulates host luminal proteolytic activity and intestinal barrier integrity through β-glucuronidase activity,Homo sapiens,Mayo Clinic
ST001722,AN002806,Reversed phase NEGATIVE ION MODE,The effects of birth weight and breeding value for protein deposition on the plasma metabolome in growing pigs (part-I),Sus scrofa,Aarhus University
ST001723,AN002807,Reversed phase POSITIVE ION MODE,The effects of birth weight and breeding value for protein deposition on the plasma metabolome in growing pigs (part-II),Sus scrofa,Aarhus University
ST001724,AN002808,Reversed phase NEGATIVE ION MODE,The effects of birth weight and breeding value for protein deposition on the urine metabolome in growing pigs (part-III),Sus scrofa,Aarhus University
ST001724,AN002809,Reversed phase POSITIVE ION MODE,The effects of birth weight and breeding value for protein deposition on the urine metabolome in growing pigs (part-III),Sus scrofa,Aarhus University
ST001733,AN002821,Reversed phase NEGATIVE ION MODE,Understanding systemic and local inflammation induced by nasal polyposis: role of the allergic phenotype (part-I),Homo sapiens,CEMBIO
ST001733,AN002822,Reversed phase POSITIVE ION MODE,Understanding systemic and local inflammation induced by nasal polyposis: role of the allergic phenotype (part-I),Homo sapiens,CEMBIO
ST001744,AN002837,HILIC NEGATIVE ION MODE,X13CMS: Global Tracking of Isotopic Labels in Untargeted Metabolomics,Rattus norvegicus,Washington University in St. Louis
ST001750,AN002852,HILIC POSITIVE ION MODE,Gut microbiome influence on metabolic 1 disease in HIV and high-risk populations,Homo sapiens,University of Colorado Anschutz Medical Campus
ST001750,AN002853,Reversed phase POSITIVE ION MODE,Gut microbiome influence on metabolic 1 disease in HIV and high-risk populations,Homo sapiens,University of Colorado Anschutz Medical Campus
ST001754,AN002857,Reversed phase POSITIVE ION MODE,Metabolomic Analysis of Canine Diabetes (part-II),Canis lupus familiaris,University of Florida
ST001754,AN002858,Reversed phase NEGATIVE ION MODE,Metabolomic Analysis of Canine Diabetes (part-II),Canis lupus familiaris,University of Florida
ST001756,AN002860,Reversed phase POSITIVE ION MODE,Metabolomics of mouse feces comparing GF and CONV-R mice,Mus musculus,University of North Carolina at Chapel Hill
ST001756,AN002861,Reversed phase NEGATIVE ION MODE,Metabolomics of mouse feces comparing GF and CONV-R mice,Mus musculus,University of North Carolina at Chapel Hill
ST001757,AN002862,Reversed phase POSITIVE ION MODE,Metabolomics of mouse blood sera comparing GF and CONV-R mice,Mus musculus,University of North Carolina at Chapel Hill
ST001757,AN002863,Reversed phase NEGATIVE ION MODE,Metabolomics of mouse blood sera comparing GF and CONV-R mice,Mus musculus,University of North Carolina at Chapel Hill
ST001758,AN002864,Reversed phase POSITIVE ION MODE,Metabolomics of mouse cerebral cortical brain tissues comparing GF and CONV-R mice,Mus musculus,University of North Carolina at Chapel Hill
ST001758,AN002865,Reversed phase NEGATIVE ION MODE,Metabolomics of mouse cerebral cortical brain tissues comparing GF and CONV-R mice,Mus musculus,University of North Carolina at Chapel Hill
ST001776,AN002883,HILIC POSITIVE ION MODE,Metabolic Response of HEK 293 Cells Exposed to Methylmercury,Homo sapiens,University of Macau
ST001786,AN002897,Reversed phase POSITIVE ION MODE,Multi-omics analysis of glucose-mediated signaling by a moonlighting Gβ protein Asc1/RACK1,Saccharomyces cerevisiae,University of North Carolina at Chapel Hill
ST001787,AN002898,GC POSITIVE ION MODE,GC-XLE method development: dSPE and MgSO4 as clean-up for sample preparation,Homo sapiens,Emory University
ST001790,AN002903,Reversed phase POSITIVE ION MODE,Effect of external low-dose rate radiation on mouse biofluid metabolomic signatures (part I),Mus musculus,Georgetown University
ST001790,AN002904,Reversed phase NEGATIVE ION MODE,Effect of external low-dose rate radiation on mouse biofluid metabolomic signatures (part I),Mus musculus,Georgetown University
ST001791,AN002905,Reversed phase POSITIVE ION MODE,Effect of external low-dose rate radiation on mouse biofluid metabolomic signatures (part II),Mus musculus,Georgetown University
ST001791,AN002906,Reversed phase NEGATIVE ION MODE,Effect of external low-dose rate radiation on mouse biofluid metabolomic signatures (part II),Mus musculus,Georgetown University
ST001792,AN002907,Reversed phase POSITIVE ION MODE,Effect of external low-dose rate radiation on mouse biofluid metabolomic signatures (part III),Mus musculus,Georgetown University
ST001792,AN002908,Reversed phase NEGATIVE ION MODE,Effect of external low-dose rate radiation on mouse biofluid metabolomic signatures (part III),Mus musculus,Georgetown University
ST001793,AN002909,Reversed phase POSITIVE ION MODE,Effect of external low-dose rate radiation on mouse biofluid metabolomic signatures (part IV),Mus musculus,Georgetown University
ST001793,AN002910,Reversed phase NEGATIVE ION MODE,Effect of external low-dose rate radiation on mouse biofluid metabolomic signatures (part IV),Mus musculus,Georgetown University
ST001800,AN002922,GC POSITIVE ION MODE,CHDWB human plasma exposomics analysis - 2,Homo sapiens,Emory University
ST001802,AN002924,GC POSITIVE ION MODE,Human lung exposomics analysis,Homo sapiens,Emory University
ST001803,AN002925,GC POSITIVE ION MODE,Human thyroid exposomics analysis,Homo sapiens,Emory University
ST001804,AN002926,GC POSITIVE ION MODE,Human stool exposomics analysis,Homo sapiens,Emory University
ST001806,AN002928,Reversed phase NEGATIVE ION MODE,Effect of external low-dose rate radiation on mouse biofluid metabolomic signatures (part V),Mus musculus,Georgetown University
ST001807,AN002929,None (Direct infusion) POSITIVE ION MODE,Untargeted metabolomics of Daphnia magna exposed to a lithium cobalt oxide nanomaterial,Daphnia magna,University of Wisconsin - Milwaukee
ST001807,AN002930,None (Direct infusion) NEGATIVE ION MODE,Untargeted metabolomics of Daphnia magna exposed to a lithium cobalt oxide nanomaterial,Daphnia magna,University of Wisconsin - Milwaukee
ST001810,AN002933,Reversed phase POSITIVE ION MODE,Metabolomics-driven identification of biochemical mechanisms underlying the neuroprotective effects of pleiotrophin in a mouse model of Parkinson’s disease,Mus musculus,CEMBIO
ST001810,AN002934,Reversed phase NEGATIVE ION MODE,Metabolomics-driven identification of biochemical mechanisms underlying the neuroprotective effects of pleiotrophin in a mouse model of Parkinson’s disease,Mus musculus,CEMBIO
ST001812,AN002937,HILIC POSITIVE ION MODE,"Evidence that class I glutamine amidotransferase, GAT1_2.1, acts as a glutaminase in roots of Arabidopsis thaliana (part II)",Arabidopsis thaliana,Agriculture and Agri-Food Canada
ST001812,AN002938,HILIC NEGATIVE ION MODE,"Evidence that class I glutamine amidotransferase, GAT1_2.1, acts as a glutaminase in roots of Arabidopsis thaliana (part II)",Arabidopsis thaliana,Agriculture and Agri-Food Canada
ST001814,AN002940,Reversed phase POSITIVE ION MODE,Searching for prognostic biomarkers of Parkinson´s Disease development in the Spanish EPIC cohort through a multiplatform metabolomics approach,Homo sapiens,Universidad CEU San Pablo
ST001814,AN002941,Reversed phase NEGATIVE ION MODE,Searching for prognostic biomarkers of Parkinson´s Disease development in the Spanish EPIC cohort through a multiplatform metabolomics approach,Homo sapiens,Universidad CEU San Pablo
ST001814,AN002942,GC UNSPECIFIED ION MODE,Searching for prognostic biomarkers of Parkinson´s Disease development in the Spanish EPIC cohort through a multiplatform metabolomics approach,Homo sapiens,Universidad CEU San Pablo
ST001814,AN002943,Normal phase POSITIVE ION MODE,Searching for prognostic biomarkers of Parkinson´s Disease development in the Spanish EPIC cohort through a multiplatform metabolomics approach,Homo sapiens,Universidad CEU San Pablo
ST001824,AN002960,Reversed phase POSITIVE ION MODE,Metabolomic and lipidomic profiles of CKD in obese patients in serum and urine (part 1 of 3),Homo sapiens,University Rey Juan Carlos
ST001825,AN002961,Normal phase POSITIVE ION MODE,Metabolomic and lipidomic profiles of CKD in obese patients in serum and urine (part 2 of 3),Homo sapiens,University Rey Juan Carlos
ST001826,AN002962,Normal phase POSITIVE ION MODE,Metabolomic and lipidomic profiles of CKD in obese patients in serum and urine (part 3 of 3),Homo sapiens,University Rey Juan Carlos
ST001828,AN002964,Reversed phase POSITIVE ION MODE,Nested case–control study of environmental exposure within the ongoing Puerto Rico Testsite for Exploring Contamination Threats (PROTECT) pregnancy cohort.,Homo sapiens,University of Michigan
ST001828,AN002965,Reversed phase POSITIVE ION MODE,Nested case–control study of environmental exposure within the ongoing Puerto Rico Testsite for Exploring Contamination Threats (PROTECT) pregnancy cohort.,Homo sapiens,University of Michigan
ST001828,AN002966,Reversed phase NEGATIVE ION MODE,Nested case–control study of environmental exposure within the ongoing Puerto Rico Testsite for Exploring Contamination Threats (PROTECT) pregnancy cohort.,Homo sapiens,University of Michigan
ST001828,AN002967,Reversed phase NEGATIVE ION MODE,Nested case–control study of environmental exposure within the ongoing Puerto Rico Testsite for Exploring Contamination Threats (PROTECT) pregnancy cohort.,Homo sapiens,University of Michigan
ST001846,AN002989,Reversed phase POSITIVE ION MODE,Proteasome Inhibitor Related Cardiotoxicity (part I),Mus musculus,University of Zurich
ST001846,AN002990,Reversed phase NEGATIVE ION MODE,Proteasome Inhibitor Related Cardiotoxicity (part I),Mus musculus,University of Zurich
ST001848,AN002992,Reversed phase POSITIVE ION MODE,Untargeted mass spectrometry reveals impact of high fat diet on peripheral amino acid regulation in a mouse model of Alzheimer’s Disease,Mus musculus,Vanderbilt University
ST001854,AN003005,None (Direct infusion) POSITIVE ION MODE,Metabolic profiling of Rafflesia-infected Tetrastigma and applications for propagation,Tetrastigma loheri,Long Island University
ST001857,AN003010,Other POSITIVE ION MODE,Peak Learning of Mass Spectrometry Imaging Data Using Artificial Neural Networks (Prostate tissue),Homo sapiens;Mus musculus,Brigham and Women's Hospital
ST001858,AN003011,Reversed phase NEGATIVE ION MODE,Proteasome Inhibitor Related Cardiotoxicity (part II),Mus musculus,University of Zurich
ST001858,AN003012,Reversed phase POSITIVE ION MODE,Proteasome Inhibitor Related Cardiotoxicity (part II),Mus musculus,University of Zurich
ST001860,AN003015,HILIC NEGATIVE ION MODE,Spontaneous hydrolysis and spurious metabolic properties of α-ketoglutarate esters,Homo sapiens,University of British Columbia
ST001860,AN003016,HILIC POSITIVE ION MODE,Spontaneous hydrolysis and spurious metabolic properties of α-ketoglutarate esters,Homo sapiens,University of British Columbia
ST001861,AN003017,Reversed phase POSITIVE ION MODE,"Parallelized multidimensional analytic framework, PAMAF, applied to mammalian cells uncovers novel regulatory principles in EMT",Homo sapiens,Boston University
ST001871,AN003033,Reversed phase POSITIVE ION MODE,Untargeted LC-MS metabolomics analysis of cecal content of mice treated with TCDD vs. vehicle control (part I),Mus musculus,University of South Carolina School of Medicine
ST001872,AN003034,Reversed phase POSITIVE ION MODE,Untargeted LC-MS metabolomics analysis of cecal content of mice treated with TCDD vs. vehicle control (part II),Mus musculus,University of South Carolina School of Medicine
ST001882,AN003042,HILIC POSITIVE ION MODE,LC-MS for Predator Cues Target Signaling Pathways in Toxic Algal Metabolome Protocol,Alexandrium minutum,Georgia Institute of Technology
ST001882,AN003043,HILIC NEGATIVE ION MODE,LC-MS for Predator Cues Target Signaling Pathways in Toxic Algal Metabolome Protocol,Alexandrium minutum,Georgia Institute of Technology
ST001882,AN003044,Reversed phase POSITIVE ION MODE,LC-MS for Predator Cues Target Signaling Pathways in Toxic Algal Metabolome Protocol,Alexandrium minutum,Georgia Institute of Technology
ST001882,AN003045,Reversed phase NEGATIVE ION MODE,LC-MS for Predator Cues Target Signaling Pathways in Toxic Algal Metabolome Protocol,Alexandrium minutum,Georgia Institute of Technology
ST001883,AN003047,GC POSITIVE ION MODE,Metabolomics of Ndufs4 KO urine (part - I),Mus musculus,North-West University
ST001885,AN003049,Reversed phase POSITIVE ION MODE,MS Differentiating toxic and nontoxic congeneric harmful algae using the non-polar metabolome,Alexandrium catenella;Alexandrium tamarense;Alexandrium pacificum,Georgia Institute of Technology
ST001885,AN003050,Reversed phase NEGATIVE ION MODE,MS Differentiating toxic and nontoxic congeneric harmful algae using the non-polar metabolome,Alexandrium catenella;Alexandrium tamarense;Alexandrium pacificum,Georgia Institute of Technology
ST001886,AN003051,HILIC POSITIVE ION MODE,Untargeted metabolomics of hypertrophic cardiomyopathy (part I),Homo sapiens,Stanford University
ST001886,AN003052,HILIC NEGATIVE ION MODE,Untargeted metabolomics of hypertrophic cardiomyopathy (part I),Homo sapiens,Stanford University
ST001886,AN003053,Reversed phase POSITIVE ION MODE,Untargeted metabolomics of hypertrophic cardiomyopathy (part I),Homo sapiens,Stanford University
ST001886,AN003054,Reversed phase NEGATIVE ION MODE,Untargeted metabolomics of hypertrophic cardiomyopathy (part I),Homo sapiens,Stanford University
ST001887,AN003055,Reversed phase POSITIVE ION MODE,Untargeted lipidomics of hypertrophic cardiomyopathy (part II),Homo sapiens,Stanford University
ST001887,AN003056,Reversed phase NEGATIVE ION MODE,Untargeted lipidomics of hypertrophic cardiomyopathy (part II),Homo sapiens,Stanford University
ST001889,AN003062,HILIC POSITIVE ION MODE,Multiomics Longitudinal Modeling of Preeclamptic Pregnancies (part I),Homo sapiens,Stanford University
ST001889,AN003063,HILIC NEGATIVE ION MODE,Multiomics Longitudinal Modeling of Preeclamptic Pregnancies (part I),Homo sapiens,Stanford University
ST001889,AN003064,Reversed phase POSITIVE ION MODE,Multiomics Longitudinal Modeling of Preeclamptic Pregnancies (part I),Homo sapiens,Stanford University
ST001889,AN003065,Reversed phase NEGATIVE ION MODE,Multiomics Longitudinal Modeling of Preeclamptic Pregnancies (part I),Homo sapiens,Stanford University
ST001890,AN003066,HILIC POSITIVE ION MODE,Multiomics Longitudinal Modeling of Preeclamptic Pregnancies (part II),Homo sapiens,Stanford University
ST001890,AN003067,HILIC NEGATIVE ION MODE,Multiomics Longitudinal Modeling of Preeclamptic Pregnancies (part II),Homo sapiens,Stanford University
ST001890,AN003068,Reversed phase POSITIVE ION MODE,Multiomics Longitudinal Modeling of Preeclamptic Pregnancies (part II),Homo sapiens,Stanford University
ST001890,AN003069,Reversed phase NEGATIVE ION MODE,Multiomics Longitudinal Modeling of Preeclamptic Pregnancies (part II),Homo sapiens,Stanford University
ST001891,AN003070,Reversed phase POSITIVE ION MODE,"Small molecule signatures of mice lacking T-cell p38 alternate activation, a model for immunosuppression conditions, after exposure to total body radiation (part I)",Mus musculus,Georgetown University
ST001891,AN003071,Reversed phase NEGATIVE ION MODE,"Small molecule signatures of mice lacking T-cell p38 alternate activation, a model for immunosuppression conditions, after exposure to total body radiation (part I)",Mus musculus,Georgetown University
ST001892,AN003072,Reversed phase POSITIVE ION MODE,"Small molecule signatures of mice lacking T-cell p38 alternate activation, a model for immunosuppression conditions, after exposure to total body radiation (part II)",Mus musculus,Georgetown University
ST001892,AN003073,Reversed phase NEGATIVE ION MODE,"Small molecule signatures of mice lacking T-cell p38 alternate activation, a model for immunosuppression conditions, after exposure to total body radiation (part II)",Mus musculus,Georgetown University
ST001898,AN003083,Reversed phase POSITIVE ION MODE,Evolution of diapause in the African killifish by remodeling ancient gene regulatory landscape,Nothobranchius furzeri;Aphyosemion striatum,Stanford University
ST001898,AN003084,Reversed phase NEGATIVE ION MODE,Evolution of diapause in the African killifish by remodeling ancient gene regulatory landscape,Nothobranchius furzeri;Aphyosemion striatum,Stanford University
ST001899,AN003085,HILIC POSITIVE ION MODE,Systemic host inflammation induces stage-specific transcriptomic modification and slower maturation in malaria parasites (part I),Mus musculus,QIMR Berghofer Medical Research Institute
ST001899,AN003086,HILIC NEGATIVE ION MODE,Systemic host inflammation induces stage-specific transcriptomic modification and slower maturation in malaria parasites (part I),Mus musculus,QIMR Berghofer Medical Research Institute
ST001900,AN003087,HILIC POSITIVE ION MODE,Systemic host inflammation induces stage-specific transcriptomic modification and slower maturation in malaria parasites (part II),Mus musculus,QIMR Berghofer Medical Research Institute
ST001900,AN003088,HILIC NEGATIVE ION MODE,Systemic host inflammation induces stage-specific transcriptomic modification and slower maturation in malaria parasites (part II),Mus musculus,QIMR Berghofer Medical Research Institute
ST001904,AN003101,Reversed phase POSITIVE/NEGATIVE ION MODE,Lipidomics analysis of outer membrane vesicles and elucidation of the ceramide phosphoinositol biosynthetic pathway in Bacteroides thetaiotaomicron,Bacteroides thetaiotaomicron,Washington University in St. Louis
ST001911,AN003108,Reversed phase POSITIVE ION MODE,A high-fat diet induced obesity murine model treated with bitter melon (Momordica charantia),Mus musculus,University of Colorado Anschutz Medical Campus
ST001912,AN003109,Reversed phase NEGATIVE ION MODE,Identification of effector metabolites using exometabolite profiling of diverse microalgae,Chlamydomonas reinhardtii;Desmodesmus sp.;Phaeodactylum tricornutum;Microchloropsis salina,Lawrence Berkeley National Laboratory
ST001912,AN003110,Reversed phase POSITIVE ION MODE,Identification of effector metabolites using exometabolite profiling of diverse microalgae,Chlamydomonas reinhardtii;Desmodesmus sp.;Phaeodactylum tricornutum;Microchloropsis salina,Lawrence Berkeley National Laboratory
ST001914,AN003112,None (Direct infusion) POSITIVE ION MODE,Fecal Metabolomics Reveals Products of Dysregulated Proteolysis and Altered Microbial Metabolism in Obesity-Related Osteoarthritis,Homo sapiens,University of North Carolina at Chapel Hill
ST001918,AN003116,HILIC POSITIVE ION MODE,Metabolome-wide association study of occupational exposure to benzene,Homo sapiens,Icahn School of Medicine at Mount Sinai
ST001918,AN003117,Reversed phase NEGATIVE ION MODE,Metabolome-wide association study of occupational exposure to benzene,Homo sapiens,Icahn School of Medicine at Mount Sinai
ST001923,AN003125,HILIC POSITIVE ION MODE,Urine-Based Metabolomics and Machine Learning Reveals Metabolites Associated with Renal Cell Carcinoma Progression,Homo sapiens,University of Georgia
ST001923,AN003126,HILIC NEGATIVE ION MODE,Urine-Based Metabolomics and Machine Learning Reveals Metabolites Associated with Renal Cell Carcinoma Progression,Homo sapiens,University of Georgia
ST001925,AN003128,Reversed phase NEGATIVE ION MODE,MS Untargeted Metabolomics from Human Serum,Homo sapiens,University of Zurich
ST001925,AN003129,Reversed phase POSITIVE ION MODE,MS Untargeted Metabolomics from Human Serum,Homo sapiens,University of Zurich
ST001926,AN003130,HILIC UNSPECIFIED ION MODE,Modular evolution of the Drosophila metabolome,Drosophila melanogaster,University of Washington
ST001926,AN003131,HILIC POSITIVE ION MODE,Modular evolution of the Drosophila metabolome,Drosophila melanogaster,University of Washington
ST001926,AN003132,HILIC NEGATIVE ION MODE,Modular evolution of the Drosophila metabolome,Drosophila melanogaster,University of Washington
ST001927,AN003133,GC UNSPECIFIED ION MODE,"Fungal consortium of two Beauveria bassiana strains increases their virulence, growth, and resistance to stress: a metabolomic approach.",Beauveria bassiana,Universidade Federal do Paraná
ST001927,AN003134,LC POSITIVE ION MODE,"Fungal consortium of two Beauveria bassiana strains increases their virulence, growth, and resistance to stress: a metabolomic approach.",Beauveria bassiana,Universidade Federal do Paraná
ST001927,AN003135,LC-MS NEGATIVE ION MODE,"Fungal consortium of two Beauveria bassiana strains increases their virulence, growth, and resistance to stress: a metabolomic approach.",Beauveria bassiana,Universidade Federal do Paraná
ST001930,AN003138,Reversed phase POSITIVE ION MODE,Integrated molecular response of exposure to traffic-related pollutants in the US trucking industry,Homo sapiens,Icahn School of Medicine at Mount Sinai
ST001931,AN003139,HILIC POSITIVE ION MODE,"Pesticides, Perfluorinated compounds and the development of adolescents in agricultural communities",Homo sapiens,Emory University
ST001931,AN003140,Reversed phase NEGATIVE ION MODE,"Pesticides, Perfluorinated compounds and the development of adolescents in agricultural communities",Homo sapiens,Emory University
ST001934,AN003144,HPLC POSITIVE ION MODE,"Differential Accumulation of Metabolites and Transcripts Related to Flavonoid, Styrylpyrone, and Galactolipid Biosynthesis in Equisetum Species and Tissue Types",Equisetum arvense;Equisetum hyemale;Equisetum telmateia,Washington State University
ST001941,AN003159,Reversed phase NEGATIVE ION MODE,Untargeted metabolomics of breast cell lines in the presence or the absence of CtBP inhibitors,Homo sapiens,University of Milano-Bicocca
ST001942,AN003182,Reversed phase POSITIVE ION MODE,Lipidomics of esophageal adenocarcinoma,Homo sapiens,QIMR Berghofer Medical Research Institute
ST001942,AN003183,Reversed phase NEGATIVE ION MODE,Lipidomics of esophageal adenocarcinoma,Homo sapiens,QIMR Berghofer Medical Research Institute
ST001942,AN003184,HILIC POSITIVE ION MODE,Lipidomics of esophageal adenocarcinoma,Homo sapiens,QIMR Berghofer Medical Research Institute
ST001942,AN003185,HILIC POSITIVE ION MODE,Lipidomics of esophageal adenocarcinoma,Homo sapiens,QIMR Berghofer Medical Research Institute
ST001942,AN003186,HILIC NEGATIVE ION MODE,Lipidomics of esophageal adenocarcinoma,Homo sapiens,QIMR Berghofer Medical Research Institute
ST001943,AN003187,None (Direct infusion) POSITIVE ION MODE,Urinary signature of chronic kidney disease in patients with severe obesity by CE-MS,Homo sapiens,University Rey Juan Carlos
ST001957,AN003189,Reversed phase POSITIVE ION MODE,Untargeted Mass Spectrometry Metabolomic Profiles of iPSC-derived Dopaminergic Neurons from Clinically Discordant Brothers with Identical PRKN Deletions,Homo sapiens,Vanderbilt University
ST001957,AN003190,HILIC POSITIVE ION MODE,Untargeted Mass Spectrometry Metabolomic Profiles of iPSC-derived Dopaminergic Neurons from Clinically Discordant Brothers with Identical PRKN Deletions,Homo sapiens,Vanderbilt University
ST001957,AN003191,HILIC NEGATIVE ION MODE,Untargeted Mass Spectrometry Metabolomic Profiles of iPSC-derived Dopaminergic Neurons from Clinically Discordant Brothers with Identical PRKN Deletions,Homo sapiens,Vanderbilt University
ST001957,AN003192,HILIC POSITIVE ION MODE,Untargeted Mass Spectrometry Metabolomic Profiles of iPSC-derived Dopaminergic Neurons from Clinically Discordant Brothers with Identical PRKN Deletions,Homo sapiens,Vanderbilt University
ST001959,AN003194,Reversed phase POSITIVE ION MODE,Investigation of serum metabolites in the AMPK intestinal KO mice,Mus musculus,City of Hope National Medical Center
ST001962,AN003198,Reversed phase POSITIVE ION MODE,Nontargeted metabolomics of UGT71 CRISPR knockouts in Poplar,Populus tremula x Populus alba,University of Victoria
ST001962,AN003199,Reversed phase NEGATIVE ION MODE,Nontargeted metabolomics of UGT71 CRISPR knockouts in Poplar,Populus tremula x Populus alba,University of Victoria
ST001982,AN003232,Reversed phase POSITIVE ION MODE,Lipidomic characterization of Candida albicans in response to Aureobasidin treatment in vitro.,Candida albicans,University of Malaya
ST001982,AN003233,Reversed phase NEGATIVE ION MODE,Lipidomic characterization of Candida albicans in response to Aureobasidin treatment in vitro.,Candida albicans,University of Malaya
ST001987,AN003238,Reversed phase POSITIVE ION MODE,Transcriptomic and lipidomic analysis unravels the response of Faecalibacterium prausnitzii to calcium palmitate,Faecalibacterium prausnitzii,University of Groningen
ST001987,AN003239,Reversed phase NEGATIVE ION MODE,Transcriptomic and lipidomic analysis unravels the response of Faecalibacterium prausnitzii to calcium palmitate,Faecalibacterium prausnitzii,University of Groningen
ST001990,AN003242,GC UNSPECIFIED ION MODE,Metabolomics of the interaction between a consortium of entomopathogenic fungi and their target insect: mechanisms of attack and survival,Duponchelia fovealis,Universidade Federal do Paraná
ST001990,AN003243,GC UNSPECIFIED ION MODE,Metabolomics of the interaction between a consortium of entomopathogenic fungi and their target insect: mechanisms of attack and survival,Duponchelia fovealis,Universidade Federal do Paraná
ST001990,AN003244,LC NEGATIVE ION MODE,Metabolomics of the interaction between a consortium of entomopathogenic fungi and their target insect: mechanisms of attack and survival,Duponchelia fovealis,Universidade Federal do Paraná
ST001990,AN003245,LC POSITIVE ION MODE,Metabolomics of the interaction between a consortium of entomopathogenic fungi and their target insect: mechanisms of attack and survival,Duponchelia fovealis,Universidade Federal do Paraná
ST001990,AN003246,LC NEGATIVE ION MODE,Metabolomics of the interaction between a consortium of entomopathogenic fungi and their target insect: mechanisms of attack and survival,Duponchelia fovealis,Universidade Federal do Paraná
ST001990,AN003247,LC POSITIVE ION MODE,Metabolomics of the interaction between a consortium of entomopathogenic fungi and their target insect: mechanisms of attack and survival,Duponchelia fovealis,Universidade Federal do Paraná
ST001993,AN003250,Other POSITIVE ION MODE,CE-MS based metabolomics to study plasma samples that reveal new pathways implicated in SARS-CoV-2 pathogenesis,Homo sapiens,Universidad CEU San Pablo
ST002004,AN003267,HILIC POSITIVE ION MODE,Metabolomics analysis of anaerobic digesters,,INRAE
ST002008,AN003271,HILIC POSITIVE ION MODE,Glycine betaine uptake and metabolism in marine microbial communities,Natural mixed marine microbial community,University of Washington
ST002008,AN003272,HILIC POSITIVE ION MODE,Glycine betaine uptake and metabolism in marine microbial communities,Natural mixed marine microbial community,University of Washington
ST002008,AN003273,HILIC NEGATIVE ION MODE,Glycine betaine uptake and metabolism in marine microbial communities,Natural mixed marine microbial community,University of Washington
ST002008,AN003274,Reversed phase POSITIVE ION MODE,Glycine betaine uptake and metabolism in marine microbial communities,Natural mixed marine microbial community,University of Washington
ST002014,AN003282,Reversed phase POSITIVE ION MODE,Impact of microcin J25 on the porcine microbiome in a continuous culture model,swine colonic microbiota,National Museum of Natural History
ST002021,AN003291,Reversed phase POSITIVE ION MODE,An integrated-omics approach reveals specific bacterial and fungal taxa associated with roots of Alkanna tinctoria L. Tausch correlating with medicinally relevant alkannin derivatives and other secondary metabolites,Alkanna tinctoria,Aristotle University of Thessaloniki
ST002044,AN003325,HILIC POSITIVE ION MODE,An observational study of cardiovascular patients in India,Homo sapiens,Translational Health Science And Technology Institute (THSTI)
ST002044,AN003326,HILIC NEGATIVE ION MODE,An observational study of cardiovascular patients in India,Homo sapiens,Translational Health Science And Technology Institute (THSTI)
ST002044,AN003327,Reversed phase POSITIVE ION MODE,An observational study of cardiovascular patients in India,Homo sapiens,Translational Health Science And Technology Institute (THSTI)
ST002044,AN003328,Reversed phase NEGATIVE ION MODE,An observational study of cardiovascular patients in India,Homo sapiens,Translational Health Science And Technology Institute (THSTI)
ST002045,AN003329,None (Direct infusion) POSITIVE ION MODE,massNet: integrated processing and classification of spatially resolved mass spectrometry data using deep learning for rapid tumor delineation,Mus musculus,Brigham and Women's Hospital
ST002046,AN003330,Reversed phase POSITIVE ION MODE,A Taguchi Design of Experiments Approach for Untargeted Metabolomics Sample Preparation Optimization,Caenorhabditis elegans,University of Georgia
ST002046,AN003331,Reversed phase NEGATIVE ION MODE,A Taguchi Design of Experiments Approach for Untargeted Metabolomics Sample Preparation Optimization,Caenorhabditis elegans,University of Georgia
ST002046,AN003332,HILIC POSITIVE ION MODE,A Taguchi Design of Experiments Approach for Untargeted Metabolomics Sample Preparation Optimization,Caenorhabditis elegans,University of Georgia
ST002046,AN003333,HILIC NEGATIVE ION MODE,A Taguchi Design of Experiments Approach for Untargeted Metabolomics Sample Preparation Optimization,Caenorhabditis elegans,University of Georgia
ST002049,AN003336,Reversed phase POSITIVE ION MODE,Perfluoroalkyl Compounds and Child Metabolic Health - Healthy Start Cohort,Homo sapiens,University of Colorado Anschutz Medical Campus
ST002050,AN003337,Reversed phase POSITIVE ION MODE,Perfluoroalkyl Compounds and Child Metabolic Health (Project Viva),Homo sapiens,Harvard Pilgrim Health Care Institute
ST002052,AN003339,Reversed phase POSITIVE ION MODE,Multi-omic Attributes and Unbiased Computational Modeling for the Prediction of Immunomodulatory Potency of Mesenchymal Stromal Cells,Homo sapiens,Georgia Institute of Technology
ST002052,AN003340,Reversed phase NEGATIVE ION MODE,Multi-omic Attributes and Unbiased Computational Modeling for the Prediction of Immunomodulatory Potency of Mesenchymal Stromal Cells,Homo sapiens,Georgia Institute of Technology
ST002052,AN003341,HILIC POSITIVE ION MODE,Multi-omic Attributes and Unbiased Computational Modeling for the Prediction of Immunomodulatory Potency of Mesenchymal Stromal Cells,Homo sapiens,Georgia Institute of Technology
ST002052,AN003342,HILIC NEGATIVE ION MODE,Multi-omic Attributes and Unbiased Computational Modeling for the Prediction of Immunomodulatory Potency of Mesenchymal Stromal Cells,Homo sapiens,Georgia Institute of Technology
ST002060,AN003354,HILIC POSITIVE ION MODE,"Pollen metabolomics using Arabidopsis thaliana: Comparison of pollen at mature, hydration and germination stage",Arabidopsis thaliana,University of Illinois Urbana-Champaign
ST002060,AN003355,HILIC NEGATIVE ION MODE,"Pollen metabolomics using Arabidopsis thaliana: Comparison of pollen at mature, hydration and germination stage",Arabidopsis thaliana,University of Illinois Urbana-Champaign
ST002060,AN003356,Reversed phase POSITIVE ION MODE,"Pollen metabolomics using Arabidopsis thaliana: Comparison of pollen at mature, hydration and germination stage",Arabidopsis thaliana,University of Illinois Urbana-Champaign
ST002060,AN003357,Reversed phase NEGATIVE ION MODE,"Pollen metabolomics using Arabidopsis thaliana: Comparison of pollen at mature, hydration and germination stage",Arabidopsis thaliana,University of Illinois Urbana-Champaign
ST002060,AN003358,Reversed phase POSITIVE ION MODE,"Pollen metabolomics using Arabidopsis thaliana: Comparison of pollen at mature, hydration and germination stage",Arabidopsis thaliana,University of Illinois Urbana-Champaign
ST002060,AN003359,Reversed phase NEGATIVE ION MODE,"Pollen metabolomics using Arabidopsis thaliana: Comparison of pollen at mature, hydration and germination stage",Arabidopsis thaliana,University of Illinois Urbana-Champaign
ST002062,AN003361,Reversed phase POSITIVE ION MODE,Endophytic bacteria are key players in the modulation of the secondary metabolome of Lithospermum officinale L.,Lithospermum officinale,Aristotle University of Thessaloniki
ST002067,AN003367,Reversed phase POSITIVE ION MODE,Time-Resolved Metabolomics of a Mouse Model of Ovarian High-Grade Serous Carcinoma (LC-MS),Mus musculus,Georgia Institute of Technology
ST002067,AN003368,Reversed phase NEGATIVE ION MODE,Time-Resolved Metabolomics of a Mouse Model of Ovarian High-Grade Serous Carcinoma (LC-MS),Mus musculus,Georgia Institute of Technology
ST002067,AN003369,HILIC NEGATIVE ION MODE,Time-Resolved Metabolomics of a Mouse Model of Ovarian High-Grade Serous Carcinoma (LC-MS),Mus musculus,Georgia Institute of Technology
ST002083,AN003400,None (Direct infusion) NEGATIVE ION MODE,Time-Resolved Metabolomics of a Mouse Model of High-Grade Serous Ovarian Cancer (MSI),Mus musculus,Georgia Institute of Technology
ST002092,AN003416,Reversed phase POSITIVE ION MODE,Addressing batch effects in large-scale metabolomics with augmented experimental design and meta-analysis,Caenorhabditis elegans,University of Georgia - Complex Carbohydrate Research Center
ST002092,AN003417,Reversed phase NEGATIVE ION MODE,Addressing batch effects in large-scale metabolomics with augmented experimental design and meta-analysis,Caenorhabditis elegans,University of Georgia - Complex Carbohydrate Research Center
ST002092,AN003418,HILIC POSITIVE ION MODE,Addressing batch effects in large-scale metabolomics with augmented experimental design and meta-analysis,Caenorhabditis elegans,University of Georgia - Complex Carbohydrate Research Center
ST002103,AN003437,Reversed phase POSITIVE ION MODE,NC HHEAR Hub Pilot Study within the HHEAR Consortium,Homo sapiens,University of North Carolina at Chapel Hill
ST002103,AN003438,Reversed phase NEGATIVE ION MODE,NC HHEAR Hub Pilot Study within the HHEAR Consortium,Homo sapiens,University of North Carolina at Chapel Hill
ST002118,AN003466,Reversed phase POSITIVE ION MODE,Exposures to Metals in Pregnant Women and the Impact on Fetal Development and Birth Outcomes in Suriname,Homo sapiens,University of Pittsburgh
ST002120,AN003471,Reversed phase POSITIVE ION MODE,Feasibility of detecting AC and SCC using UPLC-HRMS based tissue metabolomics,Homo sapiens,Ocean University of China
ST002134,AN003489,Reversed phase NEGATIVE ION MODE,Alignment and Analysis of a Disparately Acquired Multi-Batch Metabolomics Study of Maternal Pregnancy Samples (Part 1),Homo sapiens,University of Michigan
ST002134,AN003490,Reversed phase POSITIVE ION MODE,Alignment and Analysis of a Disparately Acquired Multi-Batch Metabolomics Study of Maternal Pregnancy Samples (Part 1),Homo sapiens,University of Michigan
ST002134,AN003491,Reversed phase NEGATIVE ION MODE,Alignment and Analysis of a Disparately Acquired Multi-Batch Metabolomics Study of Maternal Pregnancy Samples (Part 1),Homo sapiens,University of Michigan
ST002134,AN003492,Reversed phase POSITIVE ION MODE,Alignment and Analysis of a Disparately Acquired Multi-Batch Metabolomics Study of Maternal Pregnancy Samples (Part 1),Homo sapiens,University of Michigan
ST002135,AN003493,Reversed phase NEGATIVE ION MODE,Alignment and Analysis of a Disparately Acquired Multi-Batch Metabolomics Study of Maternal Pregnancy Samples. (Part 2),Homo sapiens,University of Michigan
ST002135,AN003494,Reversed phase POSITIVE ION MODE,Alignment and Analysis of a Disparately Acquired Multi-Batch Metabolomics Study of Maternal Pregnancy Samples. (Part 2),Homo sapiens,University of Michigan
ST002135,AN003495,Reversed phase NEGATIVE ION MODE,Alignment and Analysis of a Disparately Acquired Multi-Batch Metabolomics Study of Maternal Pregnancy Samples. (Part 2),Homo sapiens,University of Michigan
ST002135,AN003496,Reversed phase POSITIVE ION MODE,Alignment and Analysis of a Disparately Acquired Multi-Batch Metabolomics Study of Maternal Pregnancy Samples. (Part 2),Homo sapiens,University of Michigan
ST002141,AN003503,Reversed phase POSITIVE ION MODE,"Nicotinamide riboside improves muscle mitochondrial biogenesis, satellite cell differentiation and gut microbiota composition in a twin study",Homo sapiens,University of Helsinki
ST002141,AN003504,Reversed phase NEGATIVE ION MODE,"Nicotinamide riboside improves muscle mitochondrial biogenesis, satellite cell differentiation and gut microbiota composition in a twin study",Homo sapiens,University of Helsinki
ST002141,AN003505,HILIC POSITIVE ION MODE,"Nicotinamide riboside improves muscle mitochondrial biogenesis, satellite cell differentiation and gut microbiota composition in a twin study",Homo sapiens,University of Helsinki
ST002141,AN003506,HILIC NEGATIVE ION MODE,"Nicotinamide riboside improves muscle mitochondrial biogenesis, satellite cell differentiation and gut microbiota composition in a twin study",Homo sapiens,University of Helsinki
ST002144,AN003509,Other POSITIVE ION MODE,Structure-based non-targeted mass spectrometry imaging analysis of dried long pepper,Piper longum,Osaka University
ST002144,AN003510,Other POSITIVE ION MODE,Structure-based non-targeted mass spectrometry imaging analysis of dried long pepper,Piper longum,Osaka University
ST002146,AN003515,HILIC POSITIVE ION MODE,Metabolomic differences detected in C57BL/6 mice,Mus musculus,Montana State University
ST002147,AN003516,HILIC POSITIVE ION MODE,Metabolomic differences detected in female C57BL/6 mice,Mus musculus,Montana State University
ST002148,AN003517,Reversed phase NEGATIVE ION MODE,"Untargeted MS-based metabolomics analysis of the responses to drought stress in Quercus ilex leaf seedlings, and identification of putative compounds related to tolerance",Quercus ilex,Universidad de Córdoba
ST002148,AN003518,Reversed phase POSITIVE ION MODE,"Untargeted MS-based metabolomics analysis of the responses to drought stress in Quercus ilex leaf seedlings, and identification of putative compounds related to tolerance",Quercus ilex,Universidad de Córdoba
ST002149,AN003519,Unspecified UNSPECIFIED ION MODE,In vivo commensal control of Clostridioides difficile virulence,Mus musculus,Brigham and Women's Hospital
ST002151,AN003522,Reversed phase UNSPECIFIED ION MODE,"Integrative Exposomic, Transcriptomic, Epigenomic Analyses of Human Placental Samples Links Understudied Chemicals to Preeclampsia",Homo sapiens,EPA
ST002154,AN003528,Reversed phase POSITIVE ION MODE,Virus-host interaction studies of P. plecoglossicida strain (NZBD9) and Epinephelus coioides.,Epinephelus coioides,Jimei University
ST002154,AN003529,Reversed phase NEGATIVE ION MODE,Virus-host interaction studies of P. plecoglossicida strain (NZBD9) and Epinephelus coioides.,Epinephelus coioides,Jimei University
ST002156,AN003531,GC POSITIVE ION MODE,Mouse liver metabolites,Mus musculus,University of Missouri-Columbia
ST002158,AN003533,Reversed phase POSITIVE ION MODE,Untargeted serum metabolomic profiling for early detection of Schistosoma mekongi infection in mouse model,Mus musculus,"Princess Srisavangavadhana College of Medicine, Chulabhorn Royal Academy"
ST002158,AN003534,Reversed phase NEGATIVE ION MODE,Untargeted serum metabolomic profiling for early detection of Schistosoma mekongi infection in mouse model,Mus musculus,"Princess Srisavangavadhana College of Medicine, Chulabhorn Royal Academy"
ST002164,AN003546,Reversed phase POSITIVE ION MODE,TMEM41B and VMP1 modulate cellular lipid and energy metabolism for facilitating Dengue virus infection,Homo sapiens,Singapore-MIT Alliance for Research and Technology (SMART Centre)
ST002165,AN003547,Reversed phase POSITIVE ION MODE,Untargeted metabolomics profiling of mice urine after 5 Gy and 7.5 Gy total body radiation exposure at 24 hours - LCMS Study.,Mus musculus,Institute of Nuclear Medicine and Allied Sciences
ST002165,AN003548,Reversed phase NEGATIVE ION MODE,Untargeted metabolomics profiling of mice urine after 5 Gy and 7.5 Gy total body radiation exposure at 24 hours - LCMS Study.,Mus musculus,Institute of Nuclear Medicine and Allied Sciences
ST002168,AN003552,Reversed phase UNSPECIFIED ION MODE,"Multi-omics analyses of 398 foxtail millet accessions reveal genomic regions associated with domestication, metabolite traits and anti-inflammatory effects",Foxtail millet (Setaria italica),Shanxi Agricultural University
ST002169,AN003553,Reversed phase POSITIVE ION MODE,Identifying putative key metabolites from fingerprinting metabolomics for the authentication of rice origin: A case study of Sengcu rice,Oryza sativa,"Institute of Chemistry, Vietnam Academy of Science and Technology"
ST002169,AN003554,Reversed phase NEGATIVE ION MODE,Identifying putative key metabolites from fingerprinting metabolomics for the authentication of rice origin: A case study of Sengcu rice,Oryza sativa,"Institute of Chemistry, Vietnam Academy of Science and Technology"
ST002175,AN003563,Reversed phase POSITIVE ION MODE,Effect of external high-dose rate radiation on mouse biofluid metabolomic signatures,Mus musculus,Georgetown University
ST002176,AN003564,Reversed phase NEGATIVE ION MODE,Effect of external high-dose rate radiation on mouse biofluid metabolomic signatures (neg),Mus musculus,Georgetown University
ST002177,AN003565,Normal phase NEGATIVE ION MODE,Multiomics Analyses Reveal the Central Role of Pentose Phosphate Pathway in Resident Thymic Macrophages to Cope with Efferocytosis-Associated Stress,Mus musculus,National Yang Ming Chiao Tung University
ST002181,AN003572,Reversed phase NEGATIVE ION MODE,"Piperaquine-resistant PfCRT mutations differentially impact drug transport, hemoglobin catabolism and parasite physiology in Plasmodium falciparum asexual blood stages.",Plasmodium falciparum,Pennsylvania State University
ST002181,AN003573,Reversed phase POSITIVE ION MODE,"Piperaquine-resistant PfCRT mutations differentially impact drug transport, hemoglobin catabolism and parasite physiology in Plasmodium falciparum asexual blood stages.",Plasmodium falciparum,Pennsylvania State University
ST002183,AN003575,Reversed phase POSITIVE ION MODE,Individualized exercise intervention for people with multiple myeloma improves quality of life in a randomized controlled trial,Homo sapiens,QIMR Berghofer Medical Research Institute
ST002183,AN003576,HILIC NEGATIVE ION MODE,Individualized exercise intervention for people with multiple myeloma improves quality of life in a randomized controlled trial,Homo sapiens,QIMR Berghofer Medical Research Institute
ST002185,AN003578,Reversed phase POSITIVE ION MODE,Lipidomic characterization of Jurkat-derived T cell line in which the chaperonin complex CCT has been partially silenced,Homo sapiens,Centro Nacional de Investigaciones Cardiovasculares Carlos III
ST002185,AN003579,Reversed phase NEGATIVE ION MODE,Lipidomic characterization of Jurkat-derived T cell line in which the chaperonin complex CCT has been partially silenced,Homo sapiens,Centro Nacional de Investigaciones Cardiovasculares Carlos III
ST002186,AN003580,Reversed phase NEGATIVE ION MODE,An early-life microbiota metabolite protects against obesity via intestinal PPAR-gamma,Mus musculus,Vanderbilt University
ST002190,AN003584,None (Direct infusion) NEGATIVE ION MODE,Mass Spectrometry Imaging of Lipids In A Gut Epithelial Cell Model,Homo sapiens,"Manchester Institute of Biotechnology, University of Manchester"
ST002190,AN003585,None (Direct infusion) POSITIVE ION MODE,Mass Spectrometry Imaging of Lipids In A Gut Epithelial Cell Model,Homo sapiens,"Manchester Institute of Biotechnology, University of Manchester"
ST002192,AN003587,Reversed phase POSITIVE ION MODE,Amelioration of developmental programming of NAFLD in adult liver using PQQ,Mus musculus,University of Oklahoma Health Sciences Center
ST002192,AN003588,Reversed phase NEGATIVE ION MODE,Amelioration of developmental programming of NAFLD in adult liver using PQQ,Mus musculus,University of Oklahoma Health Sciences Center
ST002193,AN003589,Reversed phase POSITIVE ION MODE,The effects of obesity microbiota produced metabolites on colorectal carcinogenesis in murine models,Mus musculus,Chinese University of Hong Kong
ST002193,AN003590,Reversed phase NEGATIVE ION MODE,The effects of obesity microbiota produced metabolites on colorectal carcinogenesis in murine models,Mus musculus,Chinese University of Hong Kong
ST002194,AN003591,Other POSITIVE ION MODE,Metabolic profiling at COVID-19 onset shows disease severity and sex-specific dysregulation,Homo sapiens,CEMBIO
ST002194,AN003592,GC UNSPECIFIED ION MODE,Metabolic profiling at COVID-19 onset shows disease severity and sex-specific dysregulation,Homo sapiens,CEMBIO
ST002198,AN003597,Reversed phase POSITIVE ION MODE,Untargeted metabolomics of Pinus pinaster needles under heat and drought stress,Pinus pinaster,Universidad de Oviedo
ST002198,AN003598,Reversed phase NEGATIVE ION MODE,Untargeted metabolomics of Pinus pinaster needles under heat and drought stress,Pinus pinaster,Universidad de Oviedo
ST002203,AN003606,None (Direct infusion) NEGATIVE ION MODE,Single Cell Spatial Analysis Reveals the Topology of Immunomodulatory Purinergic Signaling in Glioblastoma,Homo sapiens,Brigham and Women's Hospital
ST002210,AN003613,HILIC POSITIVE ION MODE,Revealing the Social Biomarkers of Residual Feed Intake by Using 16s rRNA and LC-MS/MS in Duroc Pig,Sus scrofa,Sichuan Agricultural University
ST002210,AN003614,HILIC NEGATIVE ION MODE,Revealing the Social Biomarkers of Residual Feed Intake by Using 16s rRNA and LC-MS/MS in Duroc Pig,Sus scrofa,Sichuan Agricultural University
ST002219,AN003628,None (Direct infusion) NEGATIVE ION MODE,Spatially resolved characterization of tissue metabolic compartments in fasted and high-fat diet livers,Mus musculus,Brigham and Women's Hospital
ST002230,AN003639,Reversed phase POSITIVE ION MODE,Metabolomics of bone marrow-derived dendritic cells conditioned with H. polygyrus bakery non-polar metabolites,Mus musculus,McGill University
ST002233,AN003643,HILIC POSITIVE ION MODE,Batch variation of large scale LC-MS metabolomics analysis of human plasma samples,Homo sapiens,Jackson Laboratory for Genomic Medicine
ST002238,AN003651,Reversed phase POSITIVE ION MODE,LC-HRMS based plasma metabolomics analysis for biomarker discovery of neuroblastoma: 3-O-methyldopa is a new biomarker of poor prognosis of metastatic disease,Homo sapiens,Istituto Giannina Gaslini
ST002238,AN003652,Reversed phase NEGATIVE ION MODE,LC-HRMS based plasma metabolomics analysis for biomarker discovery of neuroblastoma: 3-O-methyldopa is a new biomarker of poor prognosis of metastatic disease,Homo sapiens,Istituto Giannina Gaslini
ST002238,AN003653,HILIC POSITIVE ION MODE,LC-HRMS based plasma metabolomics analysis for biomarker discovery of neuroblastoma: 3-O-methyldopa is a new biomarker of poor prognosis of metastatic disease,Homo sapiens,Istituto Giannina Gaslini
ST002238,AN003654,HILIC NEGATIVE ION MODE,LC-HRMS based plasma metabolomics analysis for biomarker discovery of neuroblastoma: 3-O-methyldopa is a new biomarker of poor prognosis of metastatic disease,Homo sapiens,Istituto Giannina Gaslini
ST002239,AN003655,Reversed phase POSITIVE ION MODE,Insights into plant lipid metabolism using stable isotopes and high resolution mass spectrometry,Camelina Sativa,Donald Danforth Plant Science Center
ST002239,AN003656,Reversed phase NEGATIVE ION MODE,Insights into plant lipid metabolism using stable isotopes and high resolution mass spectrometry,Camelina Sativa,Donald Danforth Plant Science Center
ST002240,AN003657,HILIC POSITIVE ION MODE,Use of HRMS and Dual Isotope Labels to Resolve Difficult-to Measure Fluxes,Arabidopsis thaliana,Donald Danforth Plant Science Center
ST002240,AN003658,HILIC NEGATIVE ION MODE,Use of HRMS and Dual Isotope Labels to Resolve Difficult-to Measure Fluxes,Arabidopsis thaliana,Donald Danforth Plant Science Center
ST002241,AN003659,HILIC NEGATIVE ION MODE,ACSS2 Regulates HIF-2α Degradation through the E3-Ubiquitin Ligase MUL1 in Clear Cell Renal Cell Carcinoma,Mus musculus,Vanderbilt University
ST002246,AN003666,HILIC POSITIVE ION MODE,Longitudinal fecal metabolomic profiles from mothers and their infants in the EDIA study,Homo sapiens,Broad Institute of MIT and Harvard
ST002246,AN003667,Reversed phase POSITIVE ION MODE,Longitudinal fecal metabolomic profiles from mothers and their infants in the EDIA study,Homo sapiens,Broad Institute of MIT and Harvard
ST002246,AN003668,HILIC NEGATIVE ION MODE,Longitudinal fecal metabolomic profiles from mothers and their infants in the EDIA study,Homo sapiens,Broad Institute of MIT and Harvard
ST002246,AN003669,Reversed phase NEGATIVE ION MODE,Longitudinal fecal metabolomic profiles from mothers and their infants in the EDIA study,Homo sapiens,Broad Institute of MIT and Harvard
ST002247,AN003670,HILIC POSITIVE ION MODE,"Microbiota and Health Study (Dhaka, Bangladesh)",Homo sapiens,Broad Institute of MIT and Harvard
ST002247,AN003671,Reversed phase POSITIVE ION MODE,"Microbiota and Health Study (Dhaka, Bangladesh)",Homo sapiens,Broad Institute of MIT and Harvard
ST002247,AN003672,HILIC NEGATIVE ION MODE,"Microbiota and Health Study (Dhaka, Bangladesh)",Homo sapiens,Broad Institute of MIT and Harvard
ST002247,AN003673,Reversed phase NEGATIVE ION MODE,"Microbiota and Health Study (Dhaka, Bangladesh)",Homo sapiens,Broad Institute of MIT and Harvard
ST002249,AN003675,GC POSITIVE ION MODE,Sex-dependent effects of FGF21 on hepatic metabolism,Mus musculus,"University of California, Davis"
ST002251,AN003677,HILIC POSITIVE ION MODE,"Untargeted metabolomics on plasma from children with asthma, comparing exacerbation-prone to non-exacerbation-prone",Homo sapiens,Emory University
ST002251,AN003678,HILIC NEGATIVE ION MODE,"Untargeted metabolomics on plasma from children with asthma, comparing exacerbation-prone to non-exacerbation-prone",Homo sapiens,Emory University
ST002253,AN003680,Reversed phase POSITIVE ION MODE,"Metabolomic profiles of T. spiralis-infected mouse serum at 0, 2, 4, 8 weeks",Mus musculus,"Princess Srisavangavadhana College of Medicine, Chulabhorn Royal Academy"
ST002253,AN003681,Reversed phase NEGATIVE ION MODE,"Metabolomic profiles of T. spiralis-infected mouse serum at 0, 2, 4, 8 weeks",Mus musculus,"Princess Srisavangavadhana College of Medicine, Chulabhorn Royal Academy"
ST002257,AN003686,Reversed phase POSITIVE ION MODE,Lipidomic profiling reveals age-dependent changes in complex plasma membrane lipids that regulate neural stem cell aging (Part 1),Mus musculus,Stanford University
ST002257,AN003687,Reversed phase NEGATIVE ION MODE,Lipidomic profiling reveals age-dependent changes in complex plasma membrane lipids that regulate neural stem cell aging (Part 1),Mus musculus,Stanford University
ST002258,AN003688,Reversed phase POSITIVE ION MODE,Lipidomic profiling reveals age-dependent changes in complex plasma membrane lipids that regulate neural stem cell aging (Part 2),Mus musculus,Stanford University
ST002258,AN003689,Reversed phase NEGATIVE ION MODE,Lipidomic profiling reveals age-dependent changes in complex plasma membrane lipids that regulate neural stem cell aging (Part 2),Mus musculus,Stanford University
ST002259,AN003690,Reversed phase POSITIVE ION MODE,Lipidomic profiling reveals age-dependent changes in complex plasma membrane lipids that regulate neural stem cell aging (Part 3),Mus musculus,Stanford University
ST002259,AN003691,Reversed phase NEGATIVE ION MODE,Lipidomic profiling reveals age-dependent changes in complex plasma membrane lipids that regulate neural stem cell aging (Part 3),Mus musculus,Stanford University
ST002260,AN003692,Reversed phase POSITIVE ION MODE,Lipidomic profiling reveals age-dependent changes in complex plasma membrane lipids that regulate neural stem cell aging (Part 4),Mus musculus,Stanford University
ST002260,AN003693,Reversed phase NEGATIVE ION MODE,Lipidomic profiling reveals age-dependent changes in complex plasma membrane lipids that regulate neural stem cell aging (Part 4),Mus musculus,Stanford University
ST002264,AN003698,HILIC POSITIVE ION MODE,Transcriptomic-Metabolomic Profiling in Mouse Lung Tissues Reveals Sex- and Strain-Based Differences,Mus musculus,University of Oklahoma Health Sciences Center
ST002264,AN003699,Reversed phase NEGATIVE ION MODE,Transcriptomic-Metabolomic Profiling in Mouse Lung Tissues Reveals Sex- and Strain-Based Differences,Mus musculus,University of Oklahoma Health Sciences Center
ST002268,AN003705,Reversed phase POSITIVE ION MODE,Autophagy-related protein PIK3C3 maintains healthy brown and white adipose tissues to prevent metabolic diseases,Mus musculus,Vanderbilt University
ST002275,AN003717,Reversed phase POSITIVE ION MODE,Insights from hippocampal neurogenesis and brain tumor development in a mouse model of experimental colitis induced by dextran sodium sulfate,Mus musculus,"Agenzia Nazionale per le Nuove Tecnologie, l'Energia e lo Sviluppo Economico Sostenibile"
ST002275,AN003718,Reversed phase NEGATIVE ION MODE,Insights from hippocampal neurogenesis and brain tumor development in a mouse model of experimental colitis induced by dextran sodium sulfate,Mus musculus,"Agenzia Nazionale per le Nuove Tecnologie, l'Energia e lo Sviluppo Economico Sostenibile"
ST002276,AN003719,Reversed phase POSITIVE ION MODE,Machine Learning Reveals Lipidome Dynamics in a Mouse Model of Ovarian Cancer,Mus musculus,Georgia Institute of Technology
ST002276,AN003720,Reversed phase NEGATIVE ION MODE,Machine Learning Reveals Lipidome Dynamics in a Mouse Model of Ovarian Cancer,Mus musculus,Georgia Institute of Technology
ST002285,AN003734,CE POSITIVE ION MODE,Multiplatform mass spectrometry-based analysis of Leishmania donovani infected macrophages at different time points after infection,Homo sapiens + Leishmania donovani,Universidad CEU San Pablo
ST002285,AN003735,Reversed phase POSITIVE ION MODE,Multiplatform mass spectrometry-based analysis of Leishmania donovani infected macrophages at different time points after infection,Homo sapiens + Leishmania donovani,Universidad CEU San Pablo
ST002285,AN003736,Reversed phase NEGATIVE ION MODE,Multiplatform mass spectrometry-based analysis of Leishmania donovani infected macrophages at different time points after infection,Homo sapiens + Leishmania donovani,Universidad CEU San Pablo
ST002285,AN003737,Reversed phase NEGATIVE ION MODE,Multiplatform mass spectrometry-based analysis of Leishmania donovani infected macrophages at different time points after infection,Homo sapiens + Leishmania donovani,Universidad CEU San Pablo
ST002291,AN003743,Reversed phase POSITIVE ION MODE,"Integrated metabolic and inflammatory signatures associated with severity, fatality, and recovery of COVID-19",Homo sapiens,Federal University of Goiás
ST002299,AN003755,Reversed phase POSITIVE ION MODE,Characterizing the intrauterine environment via untargeted metabolomics profiling of maternal blood collected during pregnancy (Healthy Start Cohort)-Part 1,Homo sapiens,University of Colorado Anschutz Medical Campus
ST002300,AN003756,Reversed phase POSITIVE ION MODE,Characterizing the intrauterine environment via untargeted metabolomics profiling of maternal blood collected during pregnancy (Healthy Start Cohort)-Part 2,Homo sapiens,University of Colorado Anschutz Medical Campus
ST002302,AN003758,GC UNSPECIFIED ION MODE,Integrated metabolomics and lipidomics study of patients with atopic dermatitis in response to dupilumab,Homo sapiens,"Peking Union Medical College Hospital, Chinese Academy of Medical Sciences"
ST002302,AN003759,HILIC POSITIVE ION MODE,Integrated metabolomics and lipidomics study of patients with atopic dermatitis in response to dupilumab,Homo sapiens,"Peking Union Medical College Hospital, Chinese Academy of Medical Sciences"
ST002302,AN003760,HILIC NEGATIVE ION MODE,Integrated metabolomics and lipidomics study of patients with atopic dermatitis in response to dupilumab,Homo sapiens,"Peking Union Medical College Hospital, Chinese Academy of Medical Sciences"
ST002302,AN003761,HILIC POSITIVE ION MODE,Integrated metabolomics and lipidomics study of patients with atopic dermatitis in response to dupilumab,Homo sapiens,"Peking Union Medical College Hospital, Chinese Academy of Medical Sciences"
ST002302,AN003762,HILIC NEGATIVE ION MODE,Integrated metabolomics and lipidomics study of patients with atopic dermatitis in response to dupilumab,Homo sapiens,"Peking Union Medical College Hospital, Chinese Academy of Medical Sciences"
ST002306,AN003768,Reversed phase POSITIVE ION MODE,Metabolomics profiling of full extracts of bacterial culture supernatants.,"Bacillus megaterium, Enterococcus faecium",University of Connecticut
ST002307,AN003769,Reversed phase POSITIVE ION MODE,Metabolomics profiling of the secondary fractions 4 of bacterial culture supernatants.,"Bacillus megaterium, Enterococcus faecium",University of Connecticut
ST002310,AN003773,Reversed phase POSITIVE ION MODE,Cecal Microbiome in Phage treated broilers,Gallus gallus,"La Agenzia nazionale per le nuove tecnologie, l'energia e lo sviluppo económico sostenibile"
ST002310,AN003774,Reversed phase NEGATIVE ION MODE,Cecal Microbiome in Phage treated broilers,Gallus gallus,"La Agenzia nazionale per le nuove tecnologie, l'energia e lo sviluppo económico sostenibile"
ST002311,AN003775,Reversed phase POSITIVE ION MODE,Cecal Microbiota in Phage-treated Salmonella-infected broilers,Gallus gallus,Universidad Cardenal Herrera CEU
ST002311,AN003776,Reversed phase NEGATIVE ION MODE,Cecal Microbiota in Phage-treated Salmonella-infected broilers,Gallus gallus,Universidad Cardenal Herrera CEU
ST002312,AN003777,Reversed phase POSITIVE ION MODE,Serum metabolome in Phage-treated Salmonella-infected broilers,Gallus gallus,Universidad Cardenal Herrera CEU
ST002312,AN003778,Reversed phase NEGATIVE ION MODE,Serum metabolome in Phage-treated Salmonella-infected broilers,Gallus gallus,Universidad Cardenal Herrera CEU
ST002320,AN003787,None (Direct infusion) POSITIVE ION MODE,Untargeted Fecal Metabolomic Analyses Across an Industrialization Gradient Reveal Shared Metabolites and Impact of Industrialization on Fecal Microbiome-Metabolome Interactions,Homo sapiens,University of Oklahoma
ST002081,AN003790,None (Direct infusion) UNSPECIFIED ION MODE,"Dynamic Lipidome Alterations Associated with Human Health, Disease, and Aging",Homo sapiens,Stanford University
ST002329,AN003799,UPLC POSITIVE ION MODE,"Serum metabonomics of rats in sham, HIE, CO and ASO groups were compared.",Rattus norvegicus,Bao Feng Key Laboratory of Genetics and Metabolism
ST002329,AN003800,UPLC NEGATIVE ION MODE,"Serum metabonomics of rats in sham, HIE, CO and ASO groups were compared.",Rattus norvegicus,Bao Feng Key Laboratory of Genetics and Metabolism
ST002331,AN003804,HILIC POSITIVE ION MODE,Comprehensive characterization of putative genetic influences on plasma metabolome in a pediatric cohort,Homo sapiens,Boston Children's Hospital
ST002331,AN003805,Reversed phase NEGATIVE ION MODE,Comprehensive characterization of putative genetic influences on plasma metabolome in a pediatric cohort,Homo sapiens,Boston Children's Hospital
ST002332,AN003806,HILIC POSITIVE ION MODE,Plasma metabolomic profiling of individuals with autism spectrum disorder and their family members.,Homo sapiens,Boston Children's Hospital
ST002332,AN003807,Reversed phase NEGATIVE ION MODE,Plasma metabolomic profiling of individuals with autism spectrum disorder and their family members.,Homo sapiens,Boston Children's Hospital
ST002333,AN003812,UPLC POSITIVE ION MODE,"Brain metabonomics of rats in sham, HIE, CO and ASO groups were compared.",Rattus norvegicus,Bao Feng Key Laboratory of Genetics and Metabolism
ST002333,AN003813,UPLC NEGATIVE ION MODE,"Brain metabonomics of rats in sham, HIE, CO and ASO groups were compared.",Rattus norvegicus,Bao Feng Key Laboratory of Genetics and Metabolism
ST002336,AN003818,Reversed phase POSITIVE ION MODE,Characterizing the intrauterine environment via untargeted metabolomics profiling of maternal blood collected during pregnancy (Project Viva),Homo sapiens,Harvard Pilgrim Health Care Institute
ST002338,AN003820,Reversed phase POSITIVE ION MODE,Interplay Between Cruciferous Vegetables and the Gut Microbiome: A Multi-Omic Approach,Homo sapiens,Oregon State University
ST002338,AN003821,Reversed phase NEGATIVE ION MODE,Interplay Between Cruciferous Vegetables and the Gut Microbiome: A Multi-Omic Approach,Homo sapiens,Oregon State University
ST002341,AN003824,Reversed phase POSITIVE ION MODE,Metabolomic analysis of colorectal cancer cells using mass spectrometry,Homo sapiens,Nanjing Medical University
ST002341,AN003825,Reversed phase NEGATIVE ION MODE,Metabolomic analysis of colorectal cancer cells using mass spectrometry,Homo sapiens,Nanjing Medical University
ST002342,AN003826,HILIC POSITIVE ION MODE,The gut microbiome has sexually dimorphic effects on bone tissue energy metabolism and multiscale bone quality in C57BL/6J mice,Mus musculus,Montana State University
ST002347,AN003832,Reversed phase POSITIVE ION MODE,Impact of Visceral Leishmaniasis on Local Organ Metabolism in Hamsters,Mesocricetus auratus,University of Oklahoma
ST002350,AN003836,GCxGC POSITIVE ION MODE,Identify putative volatile biomarkers of Valley fever using a murine lung infection model,Mus musculus,Arizona State University
ST002351,AN003837,Reversed phase POSITIVE ION MODE,Characterizing the intrauterine environment via untargeted metabolomics profiling of maternal blood collected during pregnancy (Atlanta ECHO Cohort),Homo sapiens,Emory University
ST002357,AN003848,Reversed phase POSITIVE ION MODE,Comparative lipidomics study of brain samples from deep-diving pinnipeds and terrestrial (non-diving) relatives,Cystophora cristata/Pagophilus groenlandicus/Mustela putorius furo/Mus musculus,University of Hamburg
ST002357,AN003849,Reversed phase NEGATIVE ION MODE,Comparative lipidomics study of brain samples from deep-diving pinnipeds and terrestrial (non-diving) relatives,Cystophora cristata/Pagophilus groenlandicus/Mustela putorius furo/Mus musculus,University of Hamburg
ST002358,AN003850,Reversed phase POSITIVE ION MODE,Effect of hypoxia and reoxygenation on the juvenile hooded seal brain lipidome,Cystophora cristata,University of Hamburg
ST002358,AN003851,Reversed phase NEGATIVE ION MODE,Effect of hypoxia and reoxygenation on the juvenile hooded seal brain lipidome,Cystophora cristata,University of Hamburg
ST002359,AN003852,Reversed phase POSITIVE ION MODE,Effect of hypoxia and reoxygenation on the adult hooded seal brain lipidome,Cystophora cristata,University of Hamburg
ST002359,AN003853,Reversed phase NEGATIVE ION MODE,Effect of hypoxia and reoxygenation on the adult hooded seal brain lipidome,Cystophora cristata,University of Hamburg
ST002368,AN003863,Reversed phase POSITIVE ION MODE,Sperm Environmental Epigenetics and Development Study (SEEDS),Homo sapiens,Wayne State University
ST002384,AN003883,Reversed phase POSITIVE ION MODE,Lipidomics study of curcumin and epigallocatechin gallate on IgE-mediated degranulation of RBL-2H3 cells,Rattus norvegicus,"College of Marine Food and Biological Engineering, Jimei University"
ST002384,AN003884,Reversed phase NEGATIVE ION MODE,Lipidomics study of curcumin and epigallocatechin gallate on IgE-mediated degranulation of RBL-2H3 cells,Rattus norvegicus,"College of Marine Food and Biological Engineering, Jimei University"
ST002385,AN003885,Reversed phase POSITIVE ION MODE,Metabolomics in small-spotted catshark reproduction- Seminal plasma Semi-polar,Scyliorhinus canicula,Universidad CEU San Pablo
ST002385,AN003886,Reversed phase NEGATIVE ION MODE,Metabolomics in small-spotted catshark reproduction- Seminal plasma Semi-polar,Scyliorhinus canicula,Universidad CEU San Pablo
ST002386,AN003887,Reversed phase POSITIVE ION MODE,Metabolomics in small-spotted catshark reproduction- Seminal plasma no-polar,Scyliorhinus canicula,Universidad CEU San Pablo
ST002386,AN003888,Reversed phase NEGATIVE ION MODE,Metabolomics in small-spotted catshark reproduction- Seminal plasma no-polar,Scyliorhinus canicula,Universidad CEU San Pablo
ST002387,AN003889,Reversed phase POSITIVE ION MODE,Metabolomics in small-spotted catshark reproduction- Blood plasma Semi-polar,Scyliorhinus canicula,Universidad CEU San Pablo
ST002387,AN003890,Reversed phase NEGATIVE ION MODE,Metabolomics in small-spotted catshark reproduction- Blood plasma Semi-polar,Scyliorhinus canicula,Universidad CEU San Pablo
ST002388,AN003891,Reversed phase POSITIVE ION MODE,Metabolomics in small-spotted catshark reproduction- Blood plasma No-polar,Scyliorhinus canicula,Universidad CEU San Pablo
ST002388,AN003892,Reversed phase NEGATIVE ION MODE,Metabolomics in small-spotted catshark reproduction- Blood plasma No-polar,Scyliorhinus canicula,Universidad CEU San Pablo
ST002390,AN003894,HILIC POSITIVE ION MODE,The metabolomic resetting effect of DMXAA in cisplatin-induced injured mouse kidney,Mus musculus,Children's Hospital of Nanjing Medical University
ST002390,AN003895,HILIC NEGATIVE ION MODE,The metabolomic resetting effect of DMXAA in cisplatin-induced injured mouse kidney,Mus musculus,Children's Hospital of Nanjing Medical University
ST002393,AN003898,Reversed phase NEGATIVE ION MODE,Untargeted metabolomics analysis of DSS-treated murine intestinal microbiota cultivated in continuous bioreactors,Mus musculus,Helmholtz Centre for Environmental Research
ST002393,AN003899,Reversed phase POSITIVE ION MODE,Untargeted metabolomics analysis of DSS-treated murine intestinal microbiota cultivated in continuous bioreactors,Mus musculus,Helmholtz Centre for Environmental Research
ST002396,AN003903,Reversed phase UNSPECIFIED ION MODE,p53 K316P mutation results in increased liver triglyceride levels and increased rates of de novo lipogenesis.,Mus musculus,University of North Carolina
ST002401,AN003912,HILIC POSITIVE ION MODE,Human primary astrocytes finger- and footprinting metabolomics indicate biochemical alterations under ayahuasca treatment,Homo sapiens,University of Campinas
ST002401,AN003913,HILIC NEGATIVE ION MODE,Human primary astrocytes finger- and footprinting metabolomics indicate biochemical alterations under ayahuasca treatment,Homo sapiens,University of Campinas
ST002402,AN003914,Reversed phase NEGATIVE ION MODE,Four-dimensional trapped ion mobility spectrometry lipidomics for high throughput clinical profiling of human blood samples,Homo sapiens,University Medical Center of Mainz
ST002402,AN003915,Reversed phase POSITIVE ION MODE,Four-dimensional trapped ion mobility spectrometry lipidomics for high throughput clinical profiling of human blood samples,Homo sapiens,University Medical Center of Mainz
ST002402,AN003916,Reversed phase UNSPECIFIED ION MODE,Four-dimensional trapped ion mobility spectrometry lipidomics for high throughput clinical profiling of human blood samples,Homo sapiens,University Medical Center of Mainz
ST002408,AN003925,Reversed phase POSITIVE ION MODE,Multi-omic Analysis of ClpP Activation in Triple-Negative Breast Cancer Cells,Homo sapiens,University of North Carolina at Chapel Hill
ST002423,AN003946,Reversed phase POSITIVE ION MODE,Integrated gut microbiome and lipidomic analyses in animal models of Wilson disease reveal a role of intestine ATP7B in copper-related metabolic dysregulation (Part 1),Mus musculus,"University of California, Davis"
ST002424,AN003947,Reversed phase POSITIVE ION MODE,Integrated gut microbiome and lipidomic analyses in animal models of Wilson disease reveal a role of intestine ATP7B in copper-related metabolic dysregulation (Part 2),Mus musculus,"University of California, Davis"
ST002425,AN003948,Reversed phase POSITIVE ION MODE,Integrated gut microbiome and lipidomic analyses in animal models of Wilson disease reveal a role of intestine ATP7B in copper-related metabolic dysregulation (Part 3),Mus musculus,"University of California, Davis"
ST002429,AN003953,Reversed phase POSITIVE ION MODE,Insights from a Multi-Omics Integration (MOI) Study in Oil Palm (Elaeis guineensis Jacq.) Response to Abiotic Stresses: Part One—Salinity,Elaeis guineensis Jacq.,Brazilian Agricultural Research Corporation (Embrapa)
ST002429,AN003954,Reversed phase NEGATIVE ION MODE,Insights from a Multi-Omics Integration (MOI) Study in Oil Palm (Elaeis guineensis Jacq.) Response to Abiotic Stresses: Part One—Salinity,Elaeis guineensis Jacq.,Brazilian Agricultural Research Corporation (Embrapa)
ST002430,AN003955,Reversed phase POSITIVE ION MODE,Insights from a Multi-Omics Integration (MOI) Study in Oil Palm (Elaeis guineensis Jacq.) Response to Abiotic Stresses: Part Two—Drought,Elaeis guineensis Jacq.,Brazilian Agricultural Research Corporation (Embrapa)
ST002430,AN003956,Reversed phase NEGATIVE ION MODE,Insights from a Multi-Omics Integration (MOI) Study in Oil Palm (Elaeis guineensis Jacq.) Response to Abiotic Stresses: Part Two—Drought,Elaeis guineensis Jacq.,Brazilian Agricultural Research Corporation (Embrapa)
ST002432,AN003959,HILIC POSITIVE ION MODE,Metabolic impacts of metformin to seasonal influenza vaccination: a pilot study of drug interaction with the immune response,Homo sapiens,Jackson Laboratory for Genomic Medicine
ST002432,AN003960,HILIC NEGATIVE ION MODE,Metabolic impacts of metformin to seasonal influenza vaccination: a pilot study of drug interaction with the immune response,Homo sapiens,Jackson Laboratory for Genomic Medicine
ST002432,AN003961,Reversed phase POSITIVE ION MODE,Metabolic impacts of metformin to seasonal influenza vaccination: a pilot study of drug interaction with the immune response,Homo sapiens,Jackson Laboratory for Genomic Medicine
ST002432,AN003962,Reversed phase NEGATIVE ION MODE,Metabolic impacts of metformin to seasonal influenza vaccination: a pilot study of drug interaction with the immune response,Homo sapiens,Jackson Laboratory for Genomic Medicine
ST002436,AN003969,HILIC POSITIVE ION MODE,Discovery of phytochelatins in human urine: Evidence for function in selenium disposition and protection against cadmium,Homo sapiens,Emory University
ST002437,AN003970,Reversed phase POSITIVE ION MODE,Metabolomic analysis in wildtype and Isg15 knockout mice after sham or transverse aortic constriction surgery,Mus musculus,St. Michael's Hospital
ST002437,AN003971,Reversed phase NEGATIVE ION MODE,Metabolomic analysis in wildtype and Isg15 knockout mice after sham or transverse aortic constriction surgery,Mus musculus,St. Michael's Hospital
ST002439,AN003976,Reversed phase POSITIVE ION MODE,Characterizing the intrauterine environment via untargeted metabolomics profiling of maternal blood collected during pregnancy (PETALS Cohort),Homo sapiens,Kaiser Permanente
ST002440,AN003977,Reversed phase POSITIVE ION MODE,Impacts of interactions between environmental chemical exposures and diet on gut microbiota and microbiota-derived metabolites in mothers and children (MAAP Cohort),Homo sapiens,Wayne State University
ST002441,AN003978,Reversed phase POSITIVE ION MODE,Impacts of interactions between environmental chemical exposures and diet on gut microbiota and microbiota-derived metabolites in mothers and children (MARCH Cohort),Homo sapiens,Wayne State University
ST002442,AN003979,HILIC POSITIVE ION MODE,Alterations in CSF Urea Occur in Late Manifest Stage Huntington Disease,Homo sapiens,Vanderbilt University
ST002443,AN003980,Reversed phase POSITIVE ION MODE,Characterizing the intrauterine environment via untargeted metabolomics profiling of maternal blood collected during pregnancy (ARCH Cohort),Homo sapiens,Michigan State University
ST002446,AN003984,Reversed phase POSITIVE ION MODE,Untargeted metabolomics of miR-142 WT vs KO CML cells,Mus musculus,Translational Genomics Research Institute
ST002446,AN003985,Reversed phase NEGATIVE ION MODE,Untargeted metabolomics of miR-142 WT vs KO CML cells,Mus musculus,Translational Genomics Research Institute
ST002446,AN003986,HILIC POSITIVE ION MODE,Untargeted metabolomics of miR-142 WT vs KO CML cells,Mus musculus,Translational Genomics Research Institute
ST002446,AN003987,HILIC NEGATIVE ION MODE,Untargeted metabolomics of miR-142 WT vs KO CML cells,Mus musculus,Translational Genomics Research Institute
ST002448,AN003989,Reversed phase NEGATIVE ION MODE,Metabolic analysis of primary HPV18-genome containing human foreskin keratinocytes compared to untransfected donor-matched controls.,Homo sapiens,"University of Birmingham, UK"
ST002448,AN003990,,Metabolic analysis of primary HPV18-genome containing human foreskin keratinocytes compared to untransfected donor-matched controls.,Homo sapiens,"University of Birmingham, UK"
ST002448,AN003991,,Metabolic analysis of primary HPV18-genome containing human foreskin keratinocytes compared to untransfected donor-matched controls.,Homo sapiens,"University of Birmingham, UK"
ST002448,AN003992,,Metabolic analysis of primary HPV18-genome containing human foreskin keratinocytes compared to untransfected donor-matched controls.,Homo sapiens,"University of Birmingham, UK"
ST002448,AN003993,,Metabolic analysis of primary HPV18-genome containing human foreskin keratinocytes compared to untransfected donor-matched controls.,Homo sapiens,"University of Birmingham, UK"
ST002448,AN003994,,Metabolic analysis of primary HPV18-genome containing human foreskin keratinocytes compared to untransfected donor-matched controls.,Homo sapiens,"University of Birmingham, UK"
ST002448,AN003995,,Metabolic analysis of primary HPV18-genome containing human foreskin keratinocytes compared to untransfected donor-matched controls.,Homo sapiens,"University of Birmingham, UK"
ST002448,AN003996,,Metabolic analysis of primary HPV18-genome containing human foreskin keratinocytes compared to untransfected donor-matched controls.,Homo sapiens,"University of Birmingham, UK"
ST002449,AN003997,GCxGC POSITIVE ION MODE,Identify putative volatile biomarkers of Valley fever using a murine lung infection model (Human studies),Homo sapiens,Arizona State University
ST002454,AN004003,HILIC POSITIVE ION MODE,Bloody Mary (BM21)- Serial mixtures of vegetable juice /water and human plasma.,Homo sapiens,Jackson Laboratory for Genomic Medicine
ST002454,AN004004,Reversed phase NEGATIVE ION MODE,Bloody Mary (BM21)- Serial mixtures of vegetable juice /water and human plasma.,Homo sapiens,Jackson Laboratory for Genomic Medicine
ST002467,AN004023,HILIC UNSPECIFIED ION MODE,Nano-hijacked myeloid cells potentiate antitumor immunity and radiotherapy for glioblastoma,Mus musculus,"Northwestern University, Feinberg School of Medicine"
ST002469,AN004025,Reversed phase POSITIVE ION MODE,Mesenchymal stromal cell (MSC) Metabolite MS study,Homo sapiens,Georgia Institute of Technology
ST002469,AN004026,Reversed phase NEGATIVE ION MODE,Mesenchymal stromal cell (MSC) Metabolite MS study,Homo sapiens,Georgia Institute of Technology
ST002469,AN004027,HILIC POSITIVE ION MODE,Mesenchymal stromal cell (MSC) Metabolite MS study,Homo sapiens,Georgia Institute of Technology
ST002469,AN004028,HILIC NEGATIVE ION MODE,Mesenchymal stromal cell (MSC) Metabolite MS study,Homo sapiens,Georgia Institute of Technology
ST002470,AN004029,HILIC POSITIVE ION MODE,Linking bacterial metabolites to disease-associated microbes to uncover mechanisms of host-microbial interactions in intestinal inflammation. Human plasma profiling,Homo sapiens,Broad Institute of MIT and Harvard
ST002470,AN004030,Reversed phase POSITIVE ION MODE,Linking bacterial metabolites to disease-associated microbes to uncover mechanisms of host-microbial interactions in intestinal inflammation. Human plasma profiling,Homo sapiens,Broad Institute of MIT and Harvard
ST002470,AN004031,HILIC NEGATIVE ION MODE,Linking bacterial metabolites to disease-associated microbes to uncover mechanisms of host-microbial interactions in intestinal inflammation. Human plasma profiling,Homo sapiens,Broad Institute of MIT and Harvard
ST002470,AN004032,Reversed phase NEGATIVE ION MODE,Linking bacterial metabolites to disease-associated microbes to uncover mechanisms of host-microbial interactions in intestinal inflammation. Human plasma profiling,Homo sapiens,Broad Institute of MIT and Harvard
ST002471,AN004033,HILIC POSITIVE ION MODE,Linking bacterial metabolites to disease-associated microbes to uncover mechanisms of host-microbial interactions in intestinal inflammation. Human stool profiling,Homo sapiens,Broad Institute of MIT and Harvard
ST002471,AN004034,Reversed phase POSITIVE ION MODE,Linking bacterial metabolites to disease-associated microbes to uncover mechanisms of host-microbial interactions in intestinal inflammation. Human stool profiling,Homo sapiens,Broad Institute of MIT and Harvard
ST002471,AN004035,HILIC NEGATIVE ION MODE,Linking bacterial metabolites to disease-associated microbes to uncover mechanisms of host-microbial interactions in intestinal inflammation. Human stool profiling,Homo sapiens,Broad Institute of MIT and Harvard
ST002471,AN004036,Reversed phase NEGATIVE ION MODE,Linking bacterial metabolites to disease-associated microbes to uncover mechanisms of host-microbial interactions in intestinal inflammation. Human stool profiling,Homo sapiens,Broad Institute of MIT and Harvard
ST002472,AN004037,HILIC POSITIVE ION MODE,Linking bacterial metabolites to disease-associated microbes to uncover mechanisms of host-microbial interactions in intestinal inflammation. Veillonella parvula cell and media profiling,Veillonella parvula,Broad Institute of MIT and Harvard
ST002472,AN004038,Reversed phase POSITIVE ION MODE,Linking bacterial metabolites to disease-associated microbes to uncover mechanisms of host-microbial interactions in intestinal inflammation. Veillonella parvula cell and media profiling,Veillonella parvula,Broad Institute of MIT and Harvard
ST002473,AN004039,HILIC POSITIVE ION MODE,Linking bacterial metabolites to disease-associated microbes to uncover mechanisms of host-microbial interactions in intestinal inflammation. Veillonella parvula media profiling of IBD drug metabolites,Veillonella parvula,Broad Institute of MIT and Harvard
ST002473,AN004040,HILIC NEGATIVE ION MODE,Linking bacterial metabolites to disease-associated microbes to uncover mechanisms of host-microbial interactions in intestinal inflammation. Veillonella parvula media profiling of IBD drug metabolites,Veillonella parvula,Broad Institute of MIT and Harvard
ST002478,AN004047,Reversed phase POSITIVE ION MODE,The effect of prions on cellular metabolism: The metabolic impact of the [RNQ+] prion and the native role of Rnq1p,Saccharomyces cerevisiae,Canterbury Christ Church University
ST002480,AN004050,Reversed phase UNSPECIFIED ION MODE,Impact of in-utero exposures to per- and polyfluoroalkyl substances on the human fetal liver metabolome,Homo sapiens,Örebro University
ST002482,AN004052,Reversed phase POSITIVE ION MODE,Non-targeted screening of natural products from 288 fungal endophytes from Canadian fruit crops,Alternaria/Aspergillus/Botrytis/Anthostomella/Claussenomyces/Devriesia/Godronia/Leptodontidium/Mycosphaerella/Protoventuria/Rhizosphaera/Spondycladiopsis/Tumularia/Cladosporium/Colletotrichum/Coniochaeta/Coniothyrium/Creosphaeria/Cryptosporella/Cytospora/Diaporthe/Didymella/Discostroma/Epicoccum/Fusarium/Geastrumia/Gloeophyllum/Guignardia/Herpotrichia/Hypoxylon/Kretzschmaria/Lachnellula/Lachnum/Lophiostoma/Microdochium/Mollisia/Nemania/Nigrospora/Paramycosphaerella/Paraphaeosphaeria/Penicillium/Phaeoacremonium/Phialocephala/Phomopsis/Phyllosticta/Pilidium/Plagiostoma/Pleonectria/Proliferodiscus/Pseudoplectania/Pyrenochaeta/Pyrenopeziza/Ramularia/Rhytismataceae/Sarea/Seimatosporium/Setomelanomma/Sphaerulina/Stemphylium/Trichaptum/Varicosporium/Venturia/Wettsteinina/Xylaria,Agriculture and Agri-Food Canada
ST002483,AN004053,Reversed phase POSITIVE ION MODE,Brain metabonomics of rats in CO and ASO groups from 4500m were compared.,Rattus norvegicus,Bao Feng Key Laboratory of Genetics and Metabolism
ST002483,AN004054,Reversed phase NEGATIVE ION MODE,Brain metabonomics of rats in CO and ASO groups from 4500m were compared.,Rattus norvegicus,Bao Feng Key Laboratory of Genetics and Metabolism
ST002495,AN004093,Reversed phase NEGATIVE ION MODE,Disrupted intestinal microbiota contributes to the pathogenesis of anorexia nervosa (Part 2),Homo sapiens,Örebro University
ST002501,AN004110,Reversed phase POSITIVE ION MODE,The ECHO Cohort Exposome: First Steps using HHEAR Analysis – An Opportunity for ALL ECHO Cohorts to Contribute Type A Samples – Untargeted Analysis (ReCHARGE Cohort),Homo sapiens,"University of California, Davis"
ST002502,AN004111,Reversed phase POSITIVE ION MODE,The ECHO Cohort Exposome: First Steps using HHEAR Analysis – An Opportunity for ALL ECHO Cohorts to Contribute Type A Samples – Untargeted Analysis (IKIDS Cohort),Homo sapiens,University of Illinois Urbana-Champaign
ST002112,AN004115,HILIC POSITIVE ION MODE,"Global, distinctive and personal changes in molecular and microbial profiles induced by specific fibers in humans (Untargeted)",Homo sapiens,Stanford University
ST002112,AN004116,HILIC NEGATIVE ION MODE,"Global, distinctive and personal changes in molecular and microbial profiles induced by specific fibers in humans (Untargeted)",Homo sapiens,Stanford University
ST002112,AN004117,Reversed phase POSITIVE ION MODE,"Global, distinctive and personal changes in molecular and microbial profiles induced by specific fibers in humans (Untargeted)",Homo sapiens,Stanford University
ST002112,AN004118,Reversed phase NEGATIVE ION MODE,"Global, distinctive and personal changes in molecular and microbial profiles induced by specific fibers in humans (Untargeted)",Homo sapiens,Stanford University
ST002504,AN004120,Reversed phase POSITIVE ION MODE,Lipid droplets and peroxisomes are co-regulated to drive lifespan extension in response to mono-unsaturated fatty acids,Caenorhabditis elegans,Stanford University
ST002504,AN004121,Reversed phase NEGATIVE ION MODE,Lipid droplets and peroxisomes are co-regulated to drive lifespan extension in response to mono-unsaturated fatty acids,Caenorhabditis elegans,Stanford University
ST002505,AN004126,HILIC POSITIVE ION MODE,A Mammalian Conserved Circular RNA CircLARP2 Regulates Hepatocellular Carcinoma Metastasis and Lipid Metabolism (Part 1),Homo sapiens,University of Science and Technology of China
ST002505,AN004127,HILIC NEGATIVE ION MODE,A Mammalian Conserved Circular RNA CircLARP2 Regulates Hepatocellular Carcinoma Metastasis and Lipid Metabolism (Part 1),Homo sapiens,University of Science and Technology of China
ST002511,AN004135,GC POSITIVE ION MODE,Enhanced niche colonization and competition during bacterial adaptation to a fungus,Aspergillus niger/Bacillus subtilis,Netherlands Institute of Ecology
ST002514,AN004140,HILIC POSITIVE ION MODE,The investigation of the role of dietary inulin in NASH progression with mouse fecal metabolites,Mus musculus,Chinese University of Hong Kong
ST002514,AN004141,HILIC NEGATIVE ION MODE,The investigation of the role of dietary inulin in NASH progression with mouse fecal metabolites,Mus musculus,Chinese University of Hong Kong
ST002520,AN004151,HILIC POSITIVE ION MODE,The investigation of the role of dietary inulin in Non-alcoholic Steatohepatitis (NASH) progression with portal vein serum metabolites,Mus musculus,Chinese University of Hong Kong
ST002520,AN004152,HILIC NEGATIVE ION MODE,The investigation of the role of dietary inulin in Non-alcoholic Steatohepatitis (NASH) progression with portal vein serum metabolites,Mus musculus,Chinese University of Hong Kong
ST002521,AN004153,Reversed phase NEGATIVE ION MODE,Wide-Coverage Serum Metabolomic Profiling Reveals a Comprehensive Lipidome Signature of Ovarian Cancer.,Homo sapiens,Georgia Institute of Technology
ST002521,AN004154,Reversed phase POSITIVE ION MODE,Wide-Coverage Serum Metabolomic Profiling Reveals a Comprehensive Lipidome Signature of Ovarian Cancer.,Homo sapiens,Georgia Institute of Technology
ST002523,AN004157,Reversed phase POSITIVE ION MODE,Candida expansion in the human gut is associated with an ecological signature that supports growth under dysbiotic conditions,Homo sapiens,Leibniz Institute for Natural Product Research and Infection Biology Hans Knöll Institute (Leibniz-HKI)
ST002532,AN004166,Reversed phase NEGATIVE ION MODE,Nontargeted metabolomics analysis on kidney tissue treated with cisplatin,Mus musculus,Children's Hospital of Nanjing Medical University
ST002532,AN004167,Reversed phase POSITIVE ION MODE,Nontargeted metabolomics analysis on kidney tissue treated with cisplatin,Mus musculus,Children's Hospital of Nanjing Medical University
ST002533,AN004168,Reversed phase POSITIVE ION MODE,Untargeted Metabolomics on First Trimester Serum Implicates Metabolic Perturbations Associated with BMI in Development of Hypertensive Disorders: A Discovery Study,Homo sapiens,University of North Carolina at Chapel Hill
ST002537,AN004175,Reversed phase POSITIVE ION MODE,Osmoprotectants play a major role in the Portulaca oleracea resistance to high levels of salinity stress - Insights from a metabolomics and proteomics integrated approach,Portulaca oleracea,Embrapa Agroenergy
ST002537,AN004176,Reversed phase NEGATIVE ION MODE,Osmoprotectants play a major role in the Portulaca oleracea resistance to high levels of salinity stress - Insights from a metabolomics and proteomics integrated approach,Portulaca oleracea,Embrapa Agroenergy
ST002545,AN004192,Reversed phase POSITIVE ION MODE,Lipidomic profile of Toxoplasma gondii-infected mice (Positive mode MS),Mus musculus,University of Virginia
ST002546,AN004193,Reversed phase NEGATIVE ION MODE,Lipidomic profile of Toxplasma gondii-infected mice (Negative mode MS),Mus musculus,University of Virginia
ST002548,AN004195,HILIC POSITIVE ION MODE,Equal Flux of Oxidants study,Homo sapiens,Emory University
ST002548,AN004196,HILIC NEGATIVE ION MODE,Equal Flux of Oxidants study,Homo sapiens,Emory University
ST002552,AN004202,Reversed phase POSITIVE ION MODE,Biomarker discovery in galactosemia: Metabolomics with UPLC/HRMS in dried blood spots,Homo sapiens,King Saud University
ST002552,AN004203,Reversed phase NEGATIVE ION MODE,Biomarker discovery in galactosemia: Metabolomics with UPLC/HRMS in dried blood spots,Homo sapiens,King Saud University
ST002554,AN004205,Reversed phase NEGATIVE ION MODE,Untargeted lipidomic analysis of blood plasma samples from drug-naïve patients with bipolar disorder and schizophrenia,Homo sapiens,University of Campinas
ST002557,AN004212,Reversed phase POSITIVE ION MODE,Untargeted Metabolomics Identifies Biomarkers for MCADD Neonates in Dried Blood Spots,Homo sapiens,King Faisal Specialist Hospital and Research Centre (KFSHRC)
ST002557,AN004213,Reversed phase NEGATIVE ION MODE,Untargeted Metabolomics Identifies Biomarkers for MCADD Neonates in Dried Blood Spots,Homo sapiens,King Faisal Specialist Hospital and Research Centre (KFSHRC)
ST002558,AN004214,HILIC POSITIVE ION MODE,Extraction and Untargeted Analysis of Metabolome from Undemineralised Cortical Bone Matrix for Forensic Application,Homo sapiens,University of Central Lancashire
ST002558,AN004215,HILIC NEGATIVE ION MODE,Extraction and Untargeted Analysis of Metabolome from Undemineralised Cortical Bone Matrix for Forensic Application,Homo sapiens,University of Central Lancashire
ST002558,AN004216,Reversed phase POSITIVE ION MODE,Extraction and Untargeted Analysis of Metabolome from Undemineralised Cortical Bone Matrix for Forensic Application,Homo sapiens,University of Central Lancashire
ST002558,AN004217,Reversed phase NEGATIVE ION MODE,Extraction and Untargeted Analysis of Metabolome from Undemineralised Cortical Bone Matrix for Forensic Application,Homo sapiens,University of Central Lancashire
ST002559,AN004218,Reversed phase POSITIVE ION MODE,The ECHO Cohort Exposome: First Steps using HHEAR Analysis – An Opportunity for ALL ECHO Cohorts to Contribute Type A Samples – Untargeted Analysis (VCSIP Cohort),Homo sapiens,Oregon Health and Science University
ST002560,AN004219,Reversed phase POSITIVE ION MODE,Hydroxylated acylcarnitines as potential biomarkers for VLCADD newborn patients in Saudi Arabia,Homo sapiens,King Faisal Specialist Hospital and Research Centre (KFSHRC)
ST002560,AN004220,Reversed phase NEGATIVE ION MODE,Hydroxylated acylcarnitines as potential biomarkers for VLCADD newborn patients in Saudi Arabia,Homo sapiens,King Faisal Specialist Hospital and Research Centre (KFSHRC)
ST002568,AN004229,Reversed phase POSITIVE ION MODE,Assessment of metabolic changes in different animal models of maladaptive right ventricular hypertrophy in chronic pulmonary hypertension by lipidomics and HILIC,Sus scrofa,Universidad CEU San Pablo
ST002568,AN004230,Reversed phase NEGATIVE ION MODE,Assessment of metabolic changes in different animal models of maladaptive right ventricular hypertrophy in chronic pulmonary hypertension by lipidomics and HILIC,Sus scrofa,Universidad CEU San Pablo
ST002568,AN004231,HILIC NEGATIVE ION MODE,Assessment of metabolic changes in different animal models of maladaptive right ventricular hypertrophy in chronic pulmonary hypertension by lipidomics and HILIC,Sus scrofa,Universidad CEU San Pablo
ST002568,AN004232,HILIC POSITIVE ION MODE,Assessment of metabolic changes in different animal models of maladaptive right ventricular hypertrophy in chronic pulmonary hypertension by lipidomics and HILIC,Sus scrofa,Universidad CEU San Pablo
ST002569,AN004233,Reversed phase POSITIVE ION MODE,Lipidomic analysis in very-long chain acyl-CoA dehydrogenase null mice,Mus musculus,Montreal Heart Institute
ST002570,AN004234,Reversed phase NEGATIVE ION MODE,Evaluation of Extraction Parameters for the Analysis of Lipid Classes in Plants,Pitcairnia flammea,University of Campinas
ST002570,AN004235,Reversed phase POSITIVE ION MODE,Evaluation of Extraction Parameters for the Analysis of Lipid Classes in Plants,Pitcairnia flammea,University of Campinas
ST002577,AN004246,Reversed phase POSITIVE ION MODE,Hydroxyproline Modulates Adaptive PD-L1 Expression and Autophagy,Homo sapiens,"Scripps Research Institute/University of California, Los Angeles"
ST002577,AN004247,HILIC NEGATIVE ION MODE,Hydroxyproline Modulates Adaptive PD-L1 Expression and Autophagy,Homo sapiens,"Scripps Research Institute/University of California, Los Angeles"
ST002577,AN004248,HILIC POSITIVE ION MODE,Hydroxyproline Modulates Adaptive PD-L1 Expression and Autophagy,Homo sapiens,"Scripps Research Institute/University of California, Los Angeles"
ST002628,AN004300,HILIC POSITIVE ION MODE,"MoTrPAC: Endurance exercise training study in young adult rats, Tissue:Plasma - Untargeted HILIC-Positive",Rattus norvegicus,Broad Institute of MIT and Harvard
ST002629,AN004301,Reversed phase NEGATIVE ION MODE,"MoTrPAC: Endurance exercise training study in young adult rats, Tissue:Plasma - Untargeted Ion-Pair Negative",Rattus norvegicus,University of Michigan
ST002630,AN004302,Reversed phase NEGATIVE ION MODE,"MoTrPAC: Endurance exercise training study in young adult rats, Tissue:Plasma - Untargeted Lipidomics, Reversed-Phase Negative",Rattus norvegicus,Georgia Institute of Technology
ST002631,AN004303,Reversed phase NEGATIVE ION MODE,"MoTrPAC: Endurance exercise training study in young adult rats, Tissue:Plasma - Untargeted Lipidomics, Reversed-Phase Positive",Rattus norvegicus,Georgia Institute of Technology
ST002632,AN004304,Reversed phase NEGATIVE ION MODE,"MoTrPAC: Endurance exercise training study in young adult rats, Tissue:Plasma - Untargeted Reversed-Phase Negative",Rattus norvegicus,University of Michigan
ST002633,AN004305,Reversed phase POSITIVE ION MODE,"MoTrPAC: Endurance exercise training study in young adult rats, Tissue:Plasma - Untargeted Reversed-Phase Positive",Rattus norvegicus,University of Michigan
ST002634,AN004306,HILIC POSITIVE ION MODE,"MoTrPAC: Endurance exercise training study in young adult rats, Tissue:Hippocampus - Untargeted HILIC-Positive",Rattus norvegicus,Broad Institute of MIT and Harvard
ST002635,AN004307,Reversed phase NEGATIVE ION MODE,"MoTrPAC: Endurance exercise training study in young adult rats, Tissue:Hippocampus - Untargeted Ion-Pair Negative",Rattus norvegicus,University of Michigan
ST002636,AN004308,Reversed phase NEGATIVE ION MODE,"MoTrPAC: Endurance exercise training study in young adult rats, Tissue:Hippocampus - Untargeted Lipidomics, Reversed-Phase Negative",Rattus norvegicus,Georgia Institute of Technology
ST002637,AN004309,Reversed phase POSITIVE ION MODE,"MoTrPAC: Endurance exercise training study in young adult rats, Tissue:Hippocampus - Untargeted Lipidomics, Reversed-Phase Positive",Rattus norvegicus,Georgia Institute of Technology
ST002638,AN004310,Reversed phase NEGATIVE ION MODE,"MoTrPAC: Endurance exercise training study in young adult rats, Tissue:Hippocampus - Untargeted Reversed-Phase Negative",Rattus norvegicus,University of Michigan
ST002639,AN004311,Reversed phase POSITIVE ION MODE,"MoTrPAC: Endurance exercise training study in young adult rats, Tissue:Hippocampus - Untargeted Reversed-Phase Positive",Rattus norvegicus,University of Michigan
ST002640,AN004312,HILIC POSITIVE ION MODE,"MoTrPAC: Endurance exercise training study in young adult rats, Tissue:Cortex - Untargeted HILIC-Positive",Rattus norvegicus,Broad Institute of MIT and Harvard
ST002641,AN004313,HILIC POSITIVE ION MODE,"MoTrPAC: Endurance exercise training study in young adult rats, Tissue:Hypothalamus - Untargeted HILIC-Positive",Rattus norvegicus,Broad Institute of MIT and Harvard
ST002642,AN004314,HILIC POSITIVE ION MODE,"MoTrPAC: Endurance exercise training study in young adult rats, Tissue:Gastrocnemius - Untargeted HILIC-Positive",Rattus norvegicus,Broad Institute of MIT and Harvard
ST002643,AN004315,Reversed phase NEGATIVE ION MODE,"MoTrPAC: Endurance exercise training study in young adult rats, Tissue:Gastrocnemius - Untargeted Ion-Pair Negative",Rattus norvegicus,University of Michigan
ST002644,AN004316,Reversed phase NEGATIVE ION MODE,"MoTrPAC: Endurance exercise training study in young adult rats, Tissue:Gastrocnemius - Untargeted Lipidomics, Reversed-Phase Negative",Rattus norvegicus,Georgia Institute of Technology
ST002645,AN004317,Reversed phase POSITIVE ION MODE,"MoTrPAC: Endurance exercise training study in young adult rats, Tissue:Gastrocnemius - Untargeted Lipidomics, Reversed-Phase Positive",Rattus norvegicus,Georgia Institute of Technology
ST002646,AN004318,Reversed phase NEGATIVE ION MODE,"MoTrPAC: Endurance exercise training study in young adult rats, Tissue:Gastrocnemius - Untargeted Reversed-Phase Negative",Rattus norvegicus,University of Michigan
ST002647,AN004319,Reversed phase POSITIVE ION MODE,"MoTrPAC: Endurance exercise training study in young adult rats, Tissue:Gastrocnemius - Untargeted Reversed-Phase Positive",Rattus norvegicus,University of Michigan
ST002648,AN004320,HILIC POSITIVE ION MODE,"MoTrPAC: Endurance exercise training study in young adult rats, Tissue:Vastus Lateralis - Untargeted HILIC-Positive",Rattus norvegicus,Broad Institute of MIT and Harvard
ST002649,AN004321,HILIC POSITIVE ION MODE,"MoTrPAC: Endurance exercise training study in young adult rats, Tissue:Heart - Untargeted HILIC-Positive",Rattus norvegicus,Broad Institute of MIT and Harvard
ST002650,AN004322,Reversed phase NEGATIVE ION MODE,"MoTrPAC: Endurance exercise training study in young adult rats, Tissue:Heart - Untargeted Ion-Pair Negative",Rattus norvegicus,University of Michigan
ST002651,AN004323,Reversed phase NEGATIVE ION MODE,"MoTrPAC: Endurance exercise training study in young adult rats, Tissue:Heart - Untargeted Lipidomics, Reversed-Phase Negative",Rattus norvegicus,Georgia Institute of Technology
ST002652,AN004324,Reversed phase POSITIVE ION MODE,"MoTrPAC: Endurance exercise training study in young adult rats, Tissue:Heart - Untargeted Lipidomics, Reversed-Phase Positive",Rattus norvegicus,Georgia Institute of Technology
ST002653,AN004325,Reversed phase POSITIVE ION MODE,"MoTrPAC: Endurance exercise training study in young adult rats, Tissue:Heart - Untargeted Reversed-Phase Positive",Rattus norvegicus,University of Michigan
ST002654,AN004326,HILIC POSITIVE ION MODE,"MoTrPAC: Endurance exercise training study in young adult rats, Tissue:Kidney - Untargeted HILIC-Positive",Rattus norvegicus,Broad Institute of MIT and Harvard
ST002655,AN004327,Reversed phase NEGATIVE ION MODE,"MoTrPAC: Endurance exercise training study in young adult rats, Tissue:Kidney - Untargeted Ion-Pair Negative",Rattus norvegicus,University of Michigan
ST002656,AN004328,Reversed phase NEGATIVE ION MODE,"MoTrPAC: Endurance exercise training study in young adult rats, Tissue:Kidney - Untargeted Lipidomics, Reversed-Phase Negative",Rattus norvegicus,Georgia Institute of Technology
ST002657,AN004329,Reversed phase POSITIVE ION MODE,"MoTrPAC: Endurance exercise training study in young adult rats, Tissue:Kidney - Untargeted Lipidomics, Reversed-Phase Positive",Rattus norvegicus,Georgia Institute of Technology
ST002658,AN004330,Reversed phase Negative ION MODE,"MoTrPAC: Endurance exercise training study in young adult rats, Tissue:Kidney - Untargeted Reversed-Phase Positive",Rattus norvegicus,University of Michigan
ST002659,AN004331,HILIC POSITIVE ION MODE,"MoTrPAC: Endurance exercise training study in young adult rats, Tissue:Adrenal - Untargeted HILIC-Positive",Rattus norvegicus,Broad Institute of MIT and Harvard
ST002664,AN004336,HILIC POSITIVE ION MODE,"MoTrPAC: Endurance exercise training study in young adult rats, Tissue:Colon - Untargeted HILIC-Positive",Rattus norvegicus,Broad Institute of MIT and Harvard
ST002665,AN004337,HILIC POSITIVE ION MODE,"MoTrPAC: Endurance exercise training study in young adult rats, Tissue:Spleen - Untargeted HILIC-Positive",Rattus norvegicus,Broad Institute of MIT and Harvard
ST002666,AN004338,HILIC POSITIVE ION MODE,"MoTrPAC: Endurance exercise training study in young adult rats, Tissue:Testes - Untargeted HILIC-Positive",Rattus norvegicus,Broad Institute of MIT and Harvard
ST002667,AN004339,HILIC POSITIVE ION MODE,"MoTrPAC: Endurance exercise training study in young adult rats, Tissue:Ovaries - Untargeted HILIC-Positive",Rattus norvegicus,Broad Institute of MIT and Harvard
ST002668,AN004340,HILIC POSITIVE ION MODE,"MoTrPAC: Endurance exercise training study in young adult rats, Tissue:Lung - Untargeted HILIC-Positive",Rattus norvegicus,Broad Institute of MIT and Harvard
ST002669,AN004341,Reversed phase NEGATIVE ION MODE,"MoTrPAC: Endurance exercise training study in young adult rats, Tissue:Lung - Untargeted Ion-Pair Negative",Rattus norvegicus,University of Michigan
ST002670,AN004342,Reversed phase NEGATIVE ION MODE,"MoTrPAC: Endurance exercise training study in young adult rats, Tissue:Lung - Untargeted Lipidomics, Reversed-Phase Negative",Rattus norvegicus,Georgia Institute of Technology
ST002671,AN004343,Reversed phase POSITIVE ION MODE,"MoTrPAC: Endurance exercise training study in young adult rats, Tissue:Lung - Untargeted Lipidomics, Reversed-Phase Positive",Rattus norvegicus,Georgia Institute of Technology
ST002672,AN004344,Reversed phase NEGATIVE ION MODE,"MoTrPAC: Endurance exercise training study in young adult rats, Tissue:Lung - Untargeted Reversed-Phase Negative",Rattus norvegicus,University of Michigan
ST002673,AN004345,Reversed phase POSITIVE ION MODE,"MoTrPAC: Endurance exercise training study in young adult rats, Tissue:Lung - Untargeted Reversed-Phase Positive",Rattus norvegicus,University of Michigan
ST002674,AN004346,HILIC POSITIVE ION MODE,"MoTrPAC: Endurance exercise training study in young adult rats, Tissue:Small Intestine - Untargeted HILIC-Positive",Rattus norvegicus,Broad Institute of MIT and Harvard
ST002675,AN004347,HILIC POSITIVE ION MODE,"MoTrPAC: Endurance exercise training study in young adult rats, Tissue:Liver - Untargeted HILIC-Positive",Rattus norvegicus,Broad Institute of MIT and Harvard
ST002676,AN004348,Reversed phase NEGATIVE ION MODE,"MoTrPAC: Endurance exercise training study in young adult rats, Tissue:Liver - Untargeted Ion-Pair Negative",Rattus norvegicus,University of Michigan
ST002677,AN004349,Reversed phase NEGATIVE ION MODE,"MoTrPAC: Endurance exercise training study in young adult rats, Tissue:Liver - Untargeted Lipidomics, Reversed-Phase Negative",Rattus norvegicus,Georgia Institute of Technology
ST002678,AN004350,Reversed phase POSITIVE ION MODE,"MoTrPAC: Endurance exercise training study in young adult rats, Tissue:Liver - Untargeted Lipidomics, Reversed-Phase Positive",Rattus norvegicus,Georgia Institute of Technology
ST002679,AN004351,Reversed phase NEGATIVE ION MODE,"MoTrPAC: Endurance exercise training study in young adult rats, Tissue:Liver - Untargeted Reversed-Phase Negative",Rattus norvegicus,University of Michigan
ST002680,AN004352,Reversed phase POSITIVE ION MODE,"MoTrPAC: Endurance exercise training study in young adult rats, Tissue:Liver - Untargeted Reversed-Phase Positive",Rattus norvegicus,University of Michigan
ST002682,AN004355,HILIC POSITIVE ION MODE,"MoTrPAC: Endurance exercise training study in young adult rats, Tissue:Brown Adipose - Untargeted HILIC-Positive",Rattus norvegicus,Broad Institute of MIT and Harvard
ST002683,AN004356,Reversed phase NEGATIVE ION MODE,"MoTrPAC: Endurance exercise training study in young adult rats, Tissue:Brown Adipose - Untargeted Ion-Pair Negative",Rattus norvegicus,University of Michigan
ST002684,AN004357,Reversed phase NEGATIVE ION MODE,"MoTrPAC: Endurance exercise training study in young adult rats, Tissue:Brown Adipose - Untargeted Lipidomics, Reversed-Phase Negative",Rattus norvegicus,Georgia Institute of Technology
ST002685,AN004358,Reversed phase POSITIVE ION MODE,"MoTrPAC: Endurance exercise training study in young adult rats, Tissue:Brown Adipose - Untargeted Lipidomics, Reversed-Phase Positive",Rattus norvegicus,Georgia Institute of Technology
ST002686,AN004359,Reversed phase NEGATIVE ION MODE,"MoTrPAC: Endurance exercise training study in young adult rats, Tissue:Brown Adipose - Untargeted Reversed-Phase Negative",Rattus norvegicus,University of Michigan
ST002687,AN004360,Reversed phase POSITIVE ION MODE,"MoTrPAC: Endurance exercise training study in young adult rats, Tissue:Brown Adipose - Untargeted Reversed-Phase Positive",Rattus norvegicus,University of Michigan
ST002688,AN004361,HILIC POSITIVE ION MODE,"MoTrPAC: Endurance exercise training study in young adult rats, Tissue:White Adipose - Untargeted HILIC-Positive",Rattus norvegicus,Broad Institute of MIT and Harvard
ST002689,AN004362,Reversed phase NEGATIVE ION MODE,"MoTrPAC: Endurance exercise training study in young adult rats, Tissue:White Adipose - Untargeted Ion-Pair Negative",Rattus norvegicus,University of Michigan
ST002690,AN004363,Reversed phase NEGATIVE ION MODE,"MoTrPAC: Endurance exercise training study in young adult rats, Tissue:White Adipose - Untargeted Lipidomics, Reversed-Phase Negative",Rattus norvegicus,Georgia Institute of Technology
ST002691,AN004364,Reversed phase POSITIVE ION MODE,"MoTrPAC: Endurance exercise training study in young adult rats, Tissue:White Adipose - Untargeted Lipidomics, Reversed-Phase Positive",Rattus norvegicus,Georgia Institute of Technology
ST002692,AN004365,Reversed phase POSITIVE ION MODE,Per- and poly-fluoroalkyl substances (PFAS) Exposures and Child Health (PEACH) Study: Using targeted exposure assessment and untargeted metabolic profiling to characterize molecular pathways and mechanisms underlying PFAS toxicity on adverse birth and child health outcomes,Homo sapiens,Emory University
ST002693,AN004366,Reversed phase NEGATIVE ION MODE,"MoTrPAC: Endurance exercise training study in young adult rats, Tissue:White Adipose - Untargeted Reversed-Phase Negative",Rattus norvegicus,University of Michigan
ST002694,AN004367,Reversed phase POSITIVE ION MODE,"MoTrPAC: Endurance exercise training study in young adult rats, Tissue:White Adipose - Untargeted Reversed-Phase Positive",Rattus norvegicus,University of Michigan
ST002695,AN004368,HILIC POSITIVE ION MODE,"MoTrPAC: Endurance exercise training study in young adult rats, Rat Vena Cava Powder - Untargeted HILIC-Positive",Rattus norvegicus,Broad Institute of MIT and Harvard
ST002696,AN004369,Reversed phase POSITIVE ION MODE,Deficiency of the lipid flippase ATP10A causes diet-induced dyslipidemia in female mice,Mus musculus,Vanderbilt University
ST002696,AN004370,Reversed phase NEGATIVE ION MODE,Deficiency of the lipid flippase ATP10A causes diet-induced dyslipidemia in female mice,Mus musculus,Vanderbilt University
ST002699,AN004374,None (Direct infusion) NEGATIVE ION MODE,Spatially resolved metabolomics and isotope tracing reveal dynamic metabolic responses of dentate granule neurons with acute stimulation,Mus musculus,Harvard University
ST002704,AN004384,Reversed phase POSITIVE ION MODE,The ECHO Cohort Exposome: First Steps using HHEAR Analysis – An Opportunity for ALL ECHO Cohorts to Contribute Type A Samples – Untargeted Analysis (UCP Cohort),Homo sapiens,University of Utah
ST002705,AN004385,Reversed phase POSITIVE ION MODE,Lipidomic Analysis of subventricular zone in adult mice.,Mus musculus,Johns Hopkins University School of Medicine
ST002705,AN004386,Reversed phase NEGATIVE ION MODE,Lipidomic Analysis of subventricular zone in adult mice.,Mus musculus,Johns Hopkins University School of Medicine
ST002706,AN004387,Reversed phase POSITIVE ION MODE,Plasma metabolomics of Bmal1-KO and Bmal1-KO+AAV,Mus musculus,University of Florida
ST002706,AN004388,Reversed phase NEGATIVE ION MODE,Plasma metabolomics of Bmal1-KO and Bmal1-KO+AAV,Mus musculus,University of Florida
ST002710,AN004392,Reversed phase POSITIVE ION MODE,Uncoupled glycerol-3-phosphate shuttle in kidney cancer reveals that cytosolic GPD is essential to support lipid synthesis,Mus musculus,Harvard Medical School
ST002715,AN004401,Reversed phase POSITIVE ION MODE,Metabolic alteration of MCF-7 cells upon indirect exposure to E. coli secretome: A model of studying the microbiota effect on human breast tissue,Homo sapiens,King Saud University
ST002715,AN004402,Reversed phase NEGATIVE ION MODE,Metabolic alteration of MCF-7 cells upon indirect exposure to E. coli secretome: A model of studying the microbiota effect on human breast tissue,Homo sapiens,King Saud University
ST002721,AN004411,HILIC POSITIVE ION MODE,Repeated Exposure to Wood Smoke Alters Pulmonary Gene and Metabolic Profiles,Rattus norvegicus,Emory University
ST002721,AN004412,Reversed phase NEGATIVE ION MODE,Repeated Exposure to Wood Smoke Alters Pulmonary Gene and Metabolic Profiles,Rattus norvegicus,Emory University
ST002722,AN004413,HILIC POSITIVE ION MODE,Cirrhosis-related metabolomics study,Homo sapiens,University of British Columbia
ST002723,AN004414,HILIC POSITIVE ION MODE,INFLAMMATORY STIMULUS IN HUMANIZED MOUSE MODELS REVEALS THE ANTIOXIDANT EFFECTS OF ARONIA SUPPLEMENTATION,Mus musculus,Montana State University
ST002728,AN004422,Reversed phase POSITIVE ION MODE,The ECHO Cohort Exposome: First Steps using HHEAR Analysis – An Opportunity for ALL ECHO Cohorts to Contribute Type A Samples – Untargeted Analysis (CHES Cohort),Homo sapiens,NYU Grossman School of Medicine
ST002733,AN004431,None (Direct infusion) POSITIVE ION MODE,Plasma metabolic fingerprints for large-scale screening and personalized risk stratification of metabolic syndrome,Homo sapiens,Shanghai Jiao Tong University affiliated Renji Hospital
ST002734,AN004432,HILIC POSITIVE ION MODE,Integrative multi-omics analysis of oncogenic EZH2 mutants: from epigenetic reprogramming to molecular signatures,Homo sapiens,Ohio State University
ST002734,AN004433,HILIC NEGATIVE ION MODE,Integrative multi-omics analysis of oncogenic EZH2 mutants: from epigenetic reprogramming to molecular signatures,Homo sapiens,Ohio State University
ST002735,AN004434,Reversed phase POSITIVE ION MODE,Untargeted metabolomics revealed multiple metabolic perturbations in plasma of T2D patients in response to Liraglutide,Homo sapiens,King Faisal Specialist Hospital and Research Centre (KFSHRC)
ST002735,AN004435,Reversed phase NEGATIVE ION MODE,Untargeted metabolomics revealed multiple metabolic perturbations in plasma of T2D patients in response to Liraglutide,Homo sapiens,King Faisal Specialist Hospital and Research Centre (KFSHRC)
ST002737,AN004439,Reversed phase POSITIVE ION MODE,2’-fucosyllactose prevents colitis,Bifidobacterium longum subspecies infantis (B. infantis),Vanderbilt University
ST002738,AN004440,HILIC POSITIVE ION MODE,Innate immune and metabolic signaling retain damaged mitochondria at cell membranes for mitoxyperilysis,Mus musculus,St Jude Children's Research Hospital
ST002738,AN004441,HILIC NEGATIVE ION MODE,Innate immune and metabolic signaling retain damaged mitochondria at cell membranes for mitoxyperilysis,Mus musculus,St Jude Children's Research Hospital
ST002739,AN004442,HILIC POSITIVE ION MODE,Metabolic effect of Lamin A/C in oligodendrocyte on brain function,Mus musculus,Advanced Science Research Center - CUNY
ST002742,AN004445,Reversed phase POSITIVE ION MODE,"Differentiation of ayahuasca samples according to the origin, religious groups, and botanical varieties using multivariate statistical analysis of UHPLC-MS qualitative data",Psychotria viridis; Banisteriopsis caapi,University of Campinas
ST002742,AN004446,Reversed phase NEGATIVE ION MODE,"Differentiation of ayahuasca samples according to the origin, religious groups, and botanical varieties using multivariate statistical analysis of UHPLC-MS qualitative data",Psychotria viridis; Banisteriopsis caapi,University of Campinas
ST002748,AN004458,HILIC NEGATIVE ION MODE,HER2 overexpression initiates breast tumorigenesis non-cell autonomously by inducing oxidative stress in the tissue microenvironment,Mus musculus,University of Manchester
ST002749,AN004459,Reversed phase NEGATIVE ION MODE,Bromeliad lipidomics for adaptation to elevation,Pitcairnia flammea,University of Campinas
ST002749,AN004460,Reversed phase POSITIVE ION MODE,Bromeliad lipidomics for adaptation to elevation,Pitcairnia flammea,University of Campinas
ST002750,AN004461,Reversed phase POSITIVE ION MODE,A Comprehensive Metabolomics Profile for Newborns with Maple syrup urine disease,Homo sapiens,King Saud University
ST002750,AN004462,Reversed phase NEGATIVE ION MODE,A Comprehensive Metabolomics Profile for Newborns with Maple syrup urine disease,Homo sapiens,King Saud University
ST002753,AN004467,HILIC NEGATIVE ION MODE,Comparative analyses of metabolome for the intact mammary ducts of 8-week-old MMTV-Neu-IRES-Cre mice versus their wildtype littermates,Mus musculus,"Manchester Institute of Biotechnology, University of Manchester"
ST002757,AN004474,Reversed phase POSITIVE ION MODE,The ECHO Cohort Exposome: First Steps using HHEAR Analysis – An Opportunity for ALL ECHO Cohorts to Contribute Type A Samples – Untargeted Analysis (CIOB Cohort),Homo sapiens,"University of California, San Francisco"
ST002762,AN004491,Reversed phase POSITIVE ION MODE,The ECHO Cohort Exposome: First Steps using HHEAR Analysis – An Opportunity for ALL ECHO Cohorts to Contribute Type A Samples – Untargeted Analysis (ECHO-NOVI Cohort),Homo sapiens,Emory University
ST002763,AN004492,GC UNSPECIFIED ION MODE,Metabolomic and lipidomic characterization of Haemophilus influenzae Rd KW20,Haemophilus influenzae,Universidad CEU San Pablo
ST002763,AN004493,CE POSITIVE ION MODE,Metabolomic and lipidomic characterization of Haemophilus influenzae Rd KW20,Haemophilus influenzae,Universidad CEU San Pablo
ST002763,AN004494,Reversed phase POSITIVE ION MODE,Metabolomic and lipidomic characterization of Haemophilus influenzae Rd KW20,Haemophilus influenzae,Universidad CEU San Pablo
ST002763,AN004495,Reversed phase NEGATIVE ION MODE,Metabolomic and lipidomic characterization of Haemophilus influenzae Rd KW20,Haemophilus influenzae,Universidad CEU San Pablo
ST002763,AN004496,Reversed phase POSITIVE ION MODE,Metabolomic and lipidomic characterization of Haemophilus influenzae Rd KW20,Haemophilus influenzae,Universidad CEU San Pablo
ST002763,AN004497,Reversed phase NEGATIVE ION MODE,Metabolomic and lipidomic characterization of Haemophilus influenzae Rd KW20,Haemophilus influenzae,Universidad CEU San Pablo
ST002765,AN004500,Reversed phase POSITIVE ION MODE,Disorder of Lipids Induced by Gestational Asthma and its Effect on the Development of Fetal Lung Function and Fetal Health,Rattus norvegicus,Nanjing University of Chinese Medicine
ST002765,AN004501,Reversed phase NEGATIVE ION MODE,Disorder of Lipids Induced by Gestational Asthma and its Effect on the Development of Fetal Lung Function and Fetal Health,Rattus norvegicus,Nanjing University of Chinese Medicine
ST002766,AN004502,Reversed phase POSITIVE ION MODE,The ECHO Cohort Exposome: First Steps using HHEAR Analysis – An Opportunity for ALL ECHO Cohorts to Contribute Type A Samples – Untargeted Analysis (GAPPS Cohort),Homo sapiens,University of Washington
ST002768,AN004504,Reversed phase NEGATIVE ION MODE,Dysregulation of neural activity and microglia function following exposure to the global environmental contaminant perfluorooctane sulfonate (PFOS),Danio rerio,Brown University
ST002768,AN004505,HILIC POSITIVE ION MODE,Dysregulation of neural activity and microglia function following exposure to the global environmental contaminant perfluorooctane sulfonate (PFOS),Danio rerio,Brown University
ST002769,AN004506,Reversed phase POSITIVE ION MODE,The ECHO Cohort Exposome: First Steps using HHEAR Analysis – An Opportunity for ALL ECHO Cohorts to Contribute Type A Samples – Untargeted Analysis (INSPIRE Cohort),Homo sapiens,Vanderbilt University Medical Center
ST002770,AN004507,Reversed phase POSITIVE ION MODE,Metabolomics and Molecular Networking-Guided Screening of Bacillus-Derived Bioactive Compounds Against a Highly Lethal Vibrio Species,Bacillus pumilus,"Third Institute of Oceanography, Ministry of Natural Resources"
ST002773,AN004513,HILIC POSITIVE ION MODE,A nested case-control study of untargeted plasma metabolomics and lung cancer risk among never-smoking women in Shanghai Women’s Health Study,Homo sapiens,Emory University
ST002773,AN004514,Reversed phase NEGATIVE ION MODE,A nested case-control study of untargeted plasma metabolomics and lung cancer risk among never-smoking women in Shanghai Women’s Health Study,Homo sapiens,Emory University
ST002777,AN004521,Reversed phase POSITIVE ION MODE,The ECHO Cohort Exposome: First Steps using HHEAR Analysis – An Opportunity for ALL ECHO Cohorts to Contribute Type A Samples – Untargeted Analysis (Project Viva),Homo sapiens,Harvard Pilgrim Health Care Institute
ST002780,AN004527,Reversed phase POSITIVE ION MODE,The ECHO Cohort Exposome: First Steps using HHEAR Analysis – An Opportunity for ALL ECHO Cohorts to Contribute Type A Samples – Untargeted Analysis (CANDLE Cohort),Homo sapiens,University of Tennessee Health Science Center
ST002788,AN004536,HILIC POSITIVE ION MODE,Metabolomic analysis of particulate matter in the NPSG during a 2018 cruise on the R/V Falkor,Natural mixed marine microbial community,University of Washington
ST002788,AN004537,HILIC NEGATIVE ION MODE,Metabolomic analysis of particulate matter in the NPSG during a 2018 cruise on the R/V Falkor,Natural mixed marine microbial community,University of Washington
ST002789,AN004538,HILIC POSITIVE ION MODE,Metabolomic analysis of particulate matter in the NPSG during a 2017 cruise on the R/V Kilo Moana as part of the MESOSCOPE program,Natural mixed marine microbial community,University of Washington
ST002789,AN004539,HILIC NEGATIVE ION MODE,Metabolomic analysis of particulate matter in the NPSG during a 2017 cruise on the R/V Kilo Moana as part of the MESOSCOPE program,Natural mixed marine microbial community,University of Washington
ST002790,AN004540,HILIC POSITIVE ION MODE,Community metabolomes reflect taxon-specific fingerprints of phytoplankton and heterotrophic bacteria in the ocean (expanded),Marine plankton,University of Washington
ST002796,AN004548,Reversed phase UNSPECIFIED ION MODE,"Comparison of different blood samples (whole blood, serum and plasma)",Homo sapiens,McGill University
ST002796,AN004549,HILIC UNSPECIFIED ION MODE,"Comparison of different blood samples (whole blood, serum and plasma)",Homo sapiens,McGill University
ST002798,AN004552,Reversed phase UNSPECIFIED ION MODE,Evaluation of quantitative performance with serial dilutions,Homo sapiens,McGill University
ST002798,AN004553,HILIC UNSPECIFIED ION MODE,Evaluation of quantitative performance with serial dilutions,Homo sapiens,McGill University
ST002799,AN004554,Reversed phase POSITIVE ION MODE,Gestational asthma causes lipid disturbance in fetal alveolar lavage fluid,Rattus norvegicus,Nanjing University of Chinese Medicine
ST002799,AN004555,Reversed phase NEGATIVE ION MODE,Gestational asthma causes lipid disturbance in fetal alveolar lavage fluid,Rattus norvegicus,Nanjing University of Chinese Medicine
ST002802,AN004558,Reversed phase POSITIVE ION MODE,Nontargeted Serum Metabolomic Profiling of FXR-null and Wild-type Mice,Mus musculus,University of North Carolina at Chapel Hill
ST002806,AN004562,HILIC POSITIVE ION MODE,"Comprehensive Metabolic Profiling of MYC-Amplified Medulloblastoma Tumors Reveals Key Dependencies on Amino Acid, Tricarboxylic Acid and Hexosamine Pathways",Homo sapiens,Johns Hopkins University
ST002806,AN004563,HILIC NEGATIVE ION MODE,"Comprehensive Metabolic Profiling of MYC-Amplified Medulloblastoma Tumors Reveals Key Dependencies on Amino Acid, Tricarboxylic Acid and Hexosamine Pathways",Homo sapiens,Johns Hopkins University
ST002807,AN004564,Reversed phase POSITIVE ION MODE,Metabolomic response of river biofilm to cobalt,Biofilm microbial community,Muséum Nationale d'Histoire Naturelle
ST002808,AN004565,Reversed phase POSITIVE ION MODE,The ECHO Cohort Exposome: First Steps using HHEAR Analysis – An Opportunity for ALL ECHO Cohorts to Contribute Type A Samples – Untargeted Analysis (DINE Cohorts),Homo sapiens,Zucker School of Medicine at Hofstra / Northwell
ST002811,AN004572,Reversed phase POSITIVE ION MODE,Metabolomics panel associated with cystic fibrosis-related diabetes towards biomarker discovery,Homo sapiens,King Faisal Specialist Hospital and Research Centre (KFSHRC)
ST002811,AN004573,Reversed phase NEGATIVE ION MODE,Metabolomics panel associated with cystic fibrosis-related diabetes towards biomarker discovery,Homo sapiens,King Faisal Specialist Hospital and Research Centre (KFSHRC)
ST002821,AN004598,Reversed phase POSITIVE ION MODE,The ECHO Cohort Exposome: First Steps using HHEAR Analysis – An Opportunity for ALL ECHO Cohorts to Contribute Type A Samples – Untargeted Analysis (PRISM Cohort),Homo sapiens,Mount Sinai Kravis Children's Hospital
ST002823,AN004603,HILIC POSITIVE ION MODE,Smoking Induced Gut Microbial Dysbiosis Mediates Cancer Progression Through Adaptive Immune System Modulation,Mus musculus,"University of Alabama, Birmingham"
ST002823,AN004604,HILIC NEGATIVE ION MODE,Smoking Induced Gut Microbial Dysbiosis Mediates Cancer Progression Through Adaptive Immune System Modulation,Mus musculus,"University of Alabama, Birmingham"
ST002826,AN004610,HILIC POSITIVE ION MODE,Cold-stimulated brown adipose tissue activation is related to changes in serum metabolites relevant to NAD+ metabolism in humans,Homo sapiens,University of Turku
ST002826,AN004611,HILIC NEGATIVE ION MODE,Cold-stimulated brown adipose tissue activation is related to changes in serum metabolites relevant to NAD+ metabolism in humans,Homo sapiens,University of Turku
ST002826,AN004612,Reversed phase POSITIVE ION MODE,Cold-stimulated brown adipose tissue activation is related to changes in serum metabolites relevant to NAD+ metabolism in humans,Homo sapiens,University of Turku
ST002826,AN004613,Reversed phase NEGATIVE ION MODE,Cold-stimulated brown adipose tissue activation is related to changes in serum metabolites relevant to NAD+ metabolism in humans,Homo sapiens,University of Turku
ST002832,AN004625,HILIC POSITIVE ION MODE,Resource competition predicts assembly of in vitro gut bacterial communities- HILIC,Bacteroides thetaiotaomicron,Stanford University
ST002832,AN004626,HILIC NEGATIVE ION MODE,Resource competition predicts assembly of in vitro gut bacterial communities- HILIC,Bacteroides thetaiotaomicron,Stanford University
ST002833,AN004627,Reversed phase POSITIVE ION MODE,Resource competition predicts assembly of in vitro gut bacterial communities- 2022-C18,Bacteroides thetaiotaomicron,Stanford University
ST002833,AN004628,Reversed phase NEGATIVE ION MODE,Resource competition predicts assembly of in vitro gut bacterial communities- 2022-C18,Bacteroides thetaiotaomicron,Stanford University
ST002834,AN004629,Reversed phase POSITIVE ION MODE,Resource competition predicts assembly of in vitro gut bacterial communities- 2021-C18,Bacteroides thetaiotaomicron,Stanford University
ST002834,AN004630,Reversed phase NEGATIVE ION MODE,Resource competition predicts assembly of in vitro gut bacterial communities- 2021-C18,Bacteroides thetaiotaomicron,Stanford University
ST002839,AN004645,Reversed phase POSITIVE ION MODE,Metabolic alteration during ferroptotic process in cancer cells.,Homo sapiens,Zhongshan Hospital Fudan University
ST002839,AN004646,Reversed phase NEGATIVE ION MODE,Metabolic alteration during ferroptotic process in cancer cells.,Homo sapiens,Zhongshan Hospital Fudan University
ST002838,AN004659,None (Direct infusion) POSITIVE ION MODE,Quantitative subcellular reconstruction reveals a lipid-mediated inter organelle biogenesis network,Homo sapiens,University of Melbourne
ST002838,AN004660,None (Direct infusion) NEGATIVE ION MODE,Quantitative subcellular reconstruction reveals a lipid-mediated inter organelle biogenesis network,Homo sapiens,University of Melbourne
ST002838,AN004661,None (Direct infusion) NEGATIVE ION MODE,Quantitative subcellular reconstruction reveals a lipid-mediated inter organelle biogenesis network,Homo sapiens,University of Melbourne
ST002838,AN004662,None (Direct infusion) POSITIVE ION MODE,Quantitative subcellular reconstruction reveals a lipid-mediated inter organelle biogenesis network,Homo sapiens,University of Melbourne
ST002845,AN004663,Reversed phase POSITIVE ION MODE,Methylprednisolone therapy induces differential metabolic trajectories in severe COVID-19 patients,Homo sapiens,Federal University of Goiás
ST002848,AN004666,Normal phase POSITIVE ION MODE,Lipidomics for linked CD1 proteins,Homo sapiens,Brigham and Women's Hospital
ST002849,AN004667,Normal phase POSITIVE ION MODE,Lipidomics for unlinked CD1 proteins,Homo sapiens,Brigham and Women's Hospital
ST002850,AN004668,HILIC NEGATIVE ION MODE,Bap1 Promotes Osteoclast Function by Metabolic Reprogramming,Homo sapiens,Washington University in St. Louis
ST002850,AN004669,HILIC POSITIVE ION MODE,Bap1 Promotes Osteoclast Function by Metabolic Reprogramming,Homo sapiens,Washington University in St. Louis
ST002851,AN004670,HILIC POSITIVE ION MODE,Metabolic caracterization of liver metastasis organotropism,Mus musculus,Columbia University
ST002851,AN004671,HILIC NEGATIVE ION MODE,Metabolic caracterization of liver metastasis organotropism,Mus musculus,Columbia University
ST002853,AN004674,HILIC UNSPECIFIED ION MODE,Targeting Pancreatic Cancer Metabolic Dependencies through Glutamine Antagonism (Lipidomics-human),Homo sapiens,New York University
ST002854,AN004675,HILIC POSITIVE ION MODE,HILIC-IM-MS for Simultaneous Lipid and Metabolite Profiling of Microorganisms,Staphylococcus aureus/ Acinetobacter baumannii/ Enterococcus faecium/ Pseudomonas aeruginosa,Univerisity of Georgia
ST002854,AN004676,HILIC NEGATIVE ION MODE,HILIC-IM-MS for Simultaneous Lipid and Metabolite Profiling of Microorganisms,Staphylococcus aureus/ Acinetobacter baumannii/ Enterococcus faecium/ Pseudomonas aeruginosa,Univerisity of Georgia
ST002855,AN004677,HILIC UNSPECIFIED ION MODE,Targeting Pancreatic Cancer Metabolic Dependencies through Glutamine Antagonism (Lipidomics mus musculus),Mus musculus,New York University
ST002875,AN004712,Reversed phase NEGATIVE ION MODE,LAT1-4F2hc Lipidomics,Homo sapiens,University of Oxford
ST002877,AN004714,GC POSITIVE ION MODE,Metabolic Profiling of Raw264.7 Mouse Macrophage Cells Cultured with Alanine,Mus musculus,Sun Yat-sen University
ST002881,AN004721,HILIC POSITIVE ION MODE,Metabolic profiling plasma in mice during cachexia.,Mus musculus,"Boston Children's Hospital, Harvard Medical School"
ST002881,AN004722,HILIC NEGATIVE ION MODE,Metabolic profiling plasma in mice during cachexia.,Mus musculus,"Boston Children's Hospital, Harvard Medical School"
ST002881,AN004723,Reversed phase POSITIVE ION MODE,Metabolic profiling plasma in mice during cachexia.,Mus musculus,"Boston Children's Hospital, Harvard Medical School"
ST002882,AN004724,HILIC POSITIVE ION MODE,Metabolic profiling interstitial fluid in mice during cachexia.,Mus musculus,"Boston Children's Hospital, Harvard Medical School"
ST002882,AN004725,HILIC NEGATIVE ION MODE,Metabolic profiling interstitial fluid in mice during cachexia.,Mus musculus,"Boston Children's Hospital, Harvard Medical School"
ST002882,AN004726,Reversed phase POSITIVE ION MODE,Metabolic profiling interstitial fluid in mice during cachexia.,Mus musculus,"Boston Children's Hospital, Harvard Medical School"
ST002883,AN004727,HILIC POSITIVE ION MODE,Metabolic profiling brown adipose tissue in mice during cachexia.,Mus musculus,"Boston Children's Hospital, Harvard Medical School"
ST002883,AN004728,HILIC NEGATIVE ION MODE,Metabolic profiling brown adipose tissue in mice during cachexia.,Mus musculus,"Boston Children's Hospital, Harvard Medical School"
ST002883,AN004729,Reversed phase POSITIVE ION MODE,Metabolic profiling brown adipose tissue in mice during cachexia.,Mus musculus,"Boston Children's Hospital, Harvard Medical School"
ST002884,AN004730,HILIC POSITIVE ION MODE,Metabolic profiling Epididymal white adipose tissue in mice during cachexia.,Mus musculus,"Boston Children's Hospital, Harvard Medical School"
ST002884,AN004731,HILIC NEGATIVE ION MODE,Metabolic profiling Epididymal white adipose tissue in mice during cachexia.,Mus musculus,"Boston Children's Hospital, Harvard Medical School"
ST002884,AN004732,Reversed phase POSITIVE ION MODE,Metabolic profiling Epididymal white adipose tissue in mice during cachexia.,Mus musculus,"Boston Children's Hospital, Harvard Medical School"
ST002885,AN004733,HILIC POSITIVE ION MODE,Metabolic profiling gastrocnemius tissue in mice during cachexia.,Mus musculus,"Boston Children's Hospital, Harvard Medical School"
ST002885,AN004734,HILIC NEGATIVE ION MODE,Metabolic profiling gastrocnemius tissue in mice during cachexia.,Mus musculus,"Boston Children's Hospital, Harvard Medical School"
ST002885,AN004735,Reversed phase POSITIVE ION MODE,Metabolic profiling gastrocnemius tissue in mice during cachexia.,Mus musculus,"Boston Children's Hospital, Harvard Medical School"
ST002886,AN004736,HILIC POSITIVE ION MODE,Metabolic profiling Inguinal adipose tissue in mice during cachexia.,Mus musculus,"Boston Children's Hospital, Harvard Medical School"
ST002886,AN004737,HILIC NEGATIVE ION MODE,Metabolic profiling Inguinal adipose tissue in mice during cachexia.,Mus musculus,"Boston Children's Hospital, Harvard Medical School"
ST002886,AN004738,Reversed phase POSITIVE ION MODE,Metabolic profiling Inguinal adipose tissue in mice during cachexia.,Mus musculus,"Boston Children's Hospital, Harvard Medical School"
ST002887,AN004739,HILIC POSITIVE ION MODE,Metabolic profiling liver tissue in mice during cachexia.,Mus musculus,"Boston Children's Hospital, Harvard Medical School"
ST002887,AN004740,HILIC NEGATIVE ION MODE,Metabolic profiling liver tissue in mice during cachexia.,Mus musculus,"Boston Children's Hospital, Harvard Medical School"
ST002887,AN004741,Reversed phase POSITIVE ION MODE,Metabolic profiling liver tissue in mice during cachexia.,Mus musculus,"Boston Children's Hospital, Harvard Medical School"
ST002888,AN004742,HILIC POSITIVE ION MODE,Metabolic profiling Pancreas tissue in mice during cachexia.,Mus musculus,"Boston Children's Hospital, Harvard Medical School"
ST002888,AN004743,HILIC NEGATIVE ION MODE,Metabolic profiling Pancreas tissue in mice during cachexia.,Mus musculus,"Boston Children's Hospital, Harvard Medical School"
ST002888,AN004744,Reversed phase POSITIVE ION MODE,Metabolic profiling Pancreas tissue in mice during cachexia.,Mus musculus,"Boston Children's Hospital, Harvard Medical School"
ST002889,AN004745,HILIC POSITIVE ION MODE,Metabolic profiling Quadriceps tissue in mice during cachexia.,Mus musculus,"Boston Children's Hospital, Harvard Medical School"
ST002889,AN004746,HILIC NEGATIVE ION MODE,Metabolic profiling Quadriceps tissue in mice during cachexia.,Mus musculus,"Boston Children's Hospital, Harvard Medical School"
ST002889,AN004747,Reversed phase POSITIVE ION MODE,Metabolic profiling Quadriceps tissue in mice during cachexia.,Mus musculus,"Boston Children's Hospital, Harvard Medical School"
ST002891,AN004750,HILIC NEGATIVE ION MODE,Glutamine metabolism improves left ventricular function but not macrophage-mediated inflammation following myocardial infarction,Mus musculus,Vanderbilt University
ST002904,AN004765,HILIC POSITIVE ION MODE,Metabolic profiling Soleus tissue in mice during cachexia.,Mus musculus,"Boston Children's Hospital, Harvard Medical School"
ST002904,AN004766,HILIC NEGATIVE ION MODE,Metabolic profiling Soleus tissue in mice during cachexia.,Mus musculus,"Boston Children's Hospital, Harvard Medical School"
ST002904,AN004767,Reversed phase POSITIVE ION MODE,Metabolic profiling Soleus tissue in mice during cachexia.,Mus musculus,"Boston Children's Hospital, Harvard Medical School"
ST002915,AN004785,Reversed phase NEGATIVE ION MODE,"MoTrPAC: Endurance exercise training study in young adult rats, Rat Kidney Powder - Untargeted Reversed-Phase Negative",Rattus norvegicus,University of Michigan
ST002916,AN004786,Reversed phase NEGATIVE ION MODE,"MoTrPAC: Endurance exercise training study in young adult rats, Rat Heart Powder - Untargeted Reversed-Phase Negative",Rattus norvegicus,University of Michigan
ST002918,AN004788,GC POSITIVE ION MODE,Metabolic Profiling in mouse Infected with Vibrio parahaemolyticus,Mus musculus,Sun Yat-sen University
ST002921,AN004791,Reversed phase POSITIVE ION MODE,Metabolomic Characteristics of Nontuberculous Mycobacterial Pulmonary Disease,Homo sapiens,Seoul National University College of Medicine and Hospital
ST002929,AN004803,HILIC POSITIVE ION MODE,Hypoxia-inducible factor-1a (HIF1a) physiology in mouse skeletal muscle,Mus musculus,Cleveland Clinic
ST002929,AN004804,HILIC NEGATIVE ION MODE,Hypoxia-inducible factor-1a (HIF1a) physiology in mouse skeletal muscle,Mus musculus,Cleveland Clinic
ST002929,AN004805,Reversed phase POSITIVE ION MODE,Hypoxia-inducible factor-1a (HIF1a) physiology in mouse skeletal muscle,Mus musculus,Cleveland Clinic
ST002929,AN004806,Reversed phase NEGATIVE ION MODE,Hypoxia-inducible factor-1a (HIF1a) physiology in mouse skeletal muscle,Mus musculus,Cleveland Clinic
ST002930,AN004807,HILIC POSITIVE ION MODE,Role of Hypoxia-inducible factor-1a (HIF1a)in Skeletal Muscle Physiology (C2C12 myotube model),Mus musculus,Cleveland Clinic
ST002930,AN004808,HILIC NEGATIVE ION MODE,Role of Hypoxia-inducible factor-1a (HIF1a)in Skeletal Muscle Physiology (C2C12 myotube model),Mus musculus,Cleveland Clinic
ST002932,AN004810,HILIC POSITIVE ION MODE,"Analyzing Metabolic Alterations in the Gut, Hippocampus and Brainstem of Mice Induced by Running Exercise Through Liquid Chromatography Mass Spectrometry",Mus musculus,"University of Puerto Rico, School of Medicine"
ST002934,AN004812,Reversed phase POSITIVE ION MODE,Metabolic profiling of newborn DBS samples associated with transit and false elevation of glutarylcarnitine (C5DC),Homo sapiens,King Faisal Specialist Hospital and Research Centre (KFSHRC)
ST002934,AN004813,Reversed phase NEGATIVE ION MODE,Metabolic profiling of newborn DBS samples associated with transit and false elevation of glutarylcarnitine (C5DC),Homo sapiens,King Faisal Specialist Hospital and Research Centre (KFSHRC)
ST002937,AN004817,Reversed phase POSITIVE ION MODE,Deep Metabolic Phenotyping of Newborn Cord Blood Reveals Maternal-Fetal Interactions and Disease Risk,Homo sapiens,Stanford University
ST002937,AN004818,Reversed phase NEGATIVE ION MODE,Deep Metabolic Phenotyping of Newborn Cord Blood Reveals Maternal-Fetal Interactions and Disease Risk,Homo sapiens,Stanford University
ST002937,AN004819,HILIC POSITIVE ION MODE,Deep Metabolic Phenotyping of Newborn Cord Blood Reveals Maternal-Fetal Interactions and Disease Risk,Homo sapiens,Stanford University
ST002937,AN004820,HILIC NEGATIVE ION MODE,Deep Metabolic Phenotyping of Newborn Cord Blood Reveals Maternal-Fetal Interactions and Disease Risk,Homo sapiens,Stanford University
ST002937,AN004821,None (Direct infusion) POSITIVE ION MODE,Deep Metabolic Phenotyping of Newborn Cord Blood Reveals Maternal-Fetal Interactions and Disease Risk,Homo sapiens,Stanford University
ST002937,AN004822,None (Direct infusion) NEGATIVE ION MODE,Deep Metabolic Phenotyping of Newborn Cord Blood Reveals Maternal-Fetal Interactions and Disease Risk,Homo sapiens,Stanford University
ST002940,AN004825,Reversed phase POSITIVE ION MODE,Environmental Exposure in the New Hampshire Birth Cohort Study,Homo sapiens,Dartmouth College
ST002944,AN004829,Reversed phase UNSPECIFIED ION MODE,Longitudinal polar fecal metabolomics of mice undergoing sensitization to beta-lactoglobulin,Mus musculus,Ghent University
ST002945,AN004830,Reversed phase UNSPECIFIED ION MODE,Polar fecal metabolomics of a patient cohort,Homo sapiens,Ghent University
ST002946,AN004831,Reversed phase UNSPECIFIED ION MODE,Fecal lipidomics of a patient cohort,Homo sapiens,Ghent University
ST002947,AN004832,Reversed phase POSITIVE ION MODE,Hepatic lipid profiles of wild type and Cgref1-depleted mice of C57BL/6 strain obtained by an untargeted LC-MS/MS analysis,Mus musculus,University of Hong Kong
ST002947,AN004833,Reversed phase NEGATIVE ION MODE,Hepatic lipid profiles of wild type and Cgref1-depleted mice of C57BL/6 strain obtained by an untargeted LC-MS/MS analysis,Mus musculus,University of Hong Kong
ST002960,AN004861,Reversed phase POSITIVE ION MODE,Analysis of Lipids Secreted from Fibroblast Young Cells,Homo sapiens,Ajou University Medical Center
ST002961,AN004862,Reversed phase POSITIVE ION MODE,Analysis of Metabolites Secreted from Fibroblast Young Cells,Homo sapiens,Ajou University Medical Center
ST002964,AN004865,HILIC POSITIVE ION MODE,Comprehensive Untargeted LC-MS Metabolomics Analysis of CYP19A1/PRLR/PTN Knockout iPSCs,Homo sapiens,Jackson Laboratory for Genomic Medicine
ST002964,AN004866,HILIC NEGATIVE ION MODE,Comprehensive Untargeted LC-MS Metabolomics Analysis of CYP19A1/PRLR/PTN Knockout iPSCs,Homo sapiens,Jackson Laboratory for Genomic Medicine
ST002964,AN004867,Reversed phase POSITIVE ION MODE,Comprehensive Untargeted LC-MS Metabolomics Analysis of CYP19A1/PRLR/PTN Knockout iPSCs,Homo sapiens,Jackson Laboratory for Genomic Medicine
ST002964,AN004868,Reversed phase NEGATIVE ION MODE,Comprehensive Untargeted LC-MS Metabolomics Analysis of CYP19A1/PRLR/PTN Knockout iPSCs,Homo sapiens,Jackson Laboratory for Genomic Medicine
ST002965,AN004869,HILIC POSITIVE ION MODE,Comprehensive Untargeted LC-MS Metabolomics Analysis of CYP19A1/PRLR/PTN Knockout iPSCs - Part 2,Homo sapiens,Jackson Laboratory for Genomic Medicine
ST002965,AN004870,HILIC NEGATIVE ION MODE,Comprehensive Untargeted LC-MS Metabolomics Analysis of CYP19A1/PRLR/PTN Knockout iPSCs - Part 2,Homo sapiens,Jackson Laboratory for Genomic Medicine
ST002965,AN004871,Reversed phase POSITIVE ION MODE,Comprehensive Untargeted LC-MS Metabolomics Analysis of CYP19A1/PRLR/PTN Knockout iPSCs - Part 2,Homo sapiens,Jackson Laboratory for Genomic Medicine
ST002965,AN004872,Reversed phase NEGATIVE ION MODE,Comprehensive Untargeted LC-MS Metabolomics Analysis of CYP19A1/PRLR/PTN Knockout iPSCs - Part 2,Homo sapiens,Jackson Laboratory for Genomic Medicine
ST002973,AN004882,Reversed phase POSITIVE ION MODE,Examine the through-filter recovery of metabolites extracted from a complex bacterial medium,,Duke University
ST002974,AN004883,Reversed phase POSITIVE ION MODE,Leishmania mexicana Promotes Pain-reducing Metabolomic Reprogramming In Cutaneous Lesions,Mus musculus,Ohio State University
ST002974,AN004884,Reversed phase NEGATIVE ION MODE,Leishmania mexicana Promotes Pain-reducing Metabolomic Reprogramming In Cutaneous Lesions,Mus musculus,Ohio State University
ST002979,AN004895,Reversed phase POSITIVE ION MODE,Untargeted lipidomics profiling of TSC microglia,Homo sapiens,St Jude Children's Research Hospital
ST002979,AN004896,Reversed phase NEGATIVE ION MODE,Untargeted lipidomics profiling of TSC microglia,Homo sapiens,St Jude Children's Research Hospital
ST002980,AN004897,HILIC NEGATIVE ION MODE,Water soluble metabolomics in mice upon loss of SHMT,Mus musculus,Princeton University
ST002980,AN004898,HILIC POSITIVE ION MODE,Water soluble metabolomics in mice upon loss of SHMT,Mus musculus,Princeton University
ST002981,AN004899,Reversed phase POSITIVE ION MODE,Developmental Neurotoxicity of Deltamethrin Exposure on Hypothalamic Neurogenesis in Embryonic Zebrafish,Danio rerio,"College of Marine Food and Biological Engineering, Jimei University"
ST002981,AN004900,Reversed phase NEGATIVE ION MODE,Developmental Neurotoxicity of Deltamethrin Exposure on Hypothalamic Neurogenesis in Embryonic Zebrafish,Danio rerio,"College of Marine Food and Biological Engineering, Jimei University"
ST002983,AN004902,None (Direct infusion) POSITIVE ION MODE,Deciphering the metabolic heterogeneity of hematopoietic stem cells with single-cell resolution,Mus musculus,Shanghai Jiao Tong University
ST002985,AN004905,Reversed phase UNSPECIFIED ION MODE,Polar metabolomics of in vitro digestions of commercial cow's milk formula.,Homo sapiens,Ghent University
ST002986,AN004906,NA POSITIVE ION MODE,Deciphering the metabolic heterogeneity of hematopoietic stem cells with single-cell resolution: Study 2,Mus musculus,Shanghai Jiao Tong University
ST002988,AN004908,Reversed phase UNSPECIFIED ION MODE,Polar urinary metabolomics of a patient cohort,Homo sapiens,Ghent University
ST002993,AN004913,Reversed phase POSITIVE ION MODE,Identifying subgroups of childhood obesity by using multiplatform metabotyping,Homo sapiens,Universidad CEU San Pablo
ST002993,AN004914,Reversed phase NEGATIVE ION MODE,Identifying subgroups of childhood obesity by using multiplatform metabotyping,Homo sapiens,Universidad CEU San Pablo
ST002993,AN004915,GC POSITIVE ION MODE,Identifying subgroups of childhood obesity by using multiplatform metabotyping,Homo sapiens,Universidad CEU San Pablo
ST002993,AN004916,CE POSITIVE ION MODE,Identifying subgroups of childhood obesity by using multiplatform metabotyping,Homo sapiens,Universidad CEU San Pablo
ST002993,AN004917,CE NEGATIVE ION MODE,Identifying subgroups of childhood obesity by using multiplatform metabotyping,Homo sapiens,Universidad CEU San Pablo
ST002995,AN004919,Reversed phase POSITIVE ION MODE,Untargeted metabolomics of Quercus ilex seedlings under drought and Phytophthora cinnamomi inoculation stresses,Quercus ilex,University of Cordoba
ST002995,AN004920,Reversed phase NEGATIVE ION MODE,Untargeted metabolomics of Quercus ilex seedlings under drought and Phytophthora cinnamomi inoculation stresses,Quercus ilex,University of Cordoba
ST002996,AN004921,Reversed phase POSITIVE ION MODE,Tissue Lipidomic Profiling for Detection of Non-Small Cell Lung Cancer,Homo sapiens,OUC
ST002997,AN004922,Reversed phase POSITIVE ION MODE,Metabolomic analysis reveal mechanisms of Shenzao dripping pill against myocardial ischemia,Rattus norvegicus,Guangdong Pharmaceutical University
ST002997,AN004923,Reversed phase NEGATIVE ION MODE,Metabolomic analysis reveal mechanisms of Shenzao dripping pill against myocardial ischemia,Rattus norvegicus,Guangdong Pharmaceutical University
ST003000,AN004927,Reversed phase POSITIVE ION MODE,Effects of Microbiome Depletion on Radiation Biodosimetry Metabolomics,Mus musculus,Georgetown University
ST003000,AN004928,Reversed phase NEGATIVE ION MODE,Effects of Microbiome Depletion on Radiation Biodosimetry Metabolomics,Mus musculus,Georgetown University
ST003001,AN004929,Reversed phase UNSPECIFIED ION MODE,The Track Dairy Cattle (trackDC) study,Bos taurus,Nanjing Medical University
ST003003,AN004933,Reversed phase POSITIVE ION MODE,Gut microbiota and metabolites in estrus cycle and their changes in a menopausal transition rat model with typical neuroendocrine aging,Rattus norvegicus,Fudan University
ST003003,AN004934,Reversed phase NEGATIVE ION MODE,Gut microbiota and metabolites in estrus cycle and their changes in a menopausal transition rat model with typical neuroendocrine aging,Rattus norvegicus,Fudan University
ST003004,AN004935,HILIC NEGATIVE ION MODE,Extracellular fluid metabolomics of BAT and eWAT,Mus musculus,Harvard Medical School
ST003005,AN004936,HILIC NEGATIVE ION MODE,Brown fat metabolomics of Chow and HFD diet,Mus musculus,Harvard Medical School
ST003006,AN004937,HILIC NEGATIVE ION MODE,BAT metabolomics from cold and TN mouse models,Mus musculus,Harvard Medical School
ST003007,AN004938,HILIC NEGATIVE ION MODE,15N BCAA tracing in brown adipocyte,Mus musculus,Harvard Medical School
ST003008,AN004939,HILIC NEGATIVE ION MODE,13C BCAA tracing in differentiated brown adipocyte,Mus musculus,Harvard Medical School
ST003009,AN004940,HILIC NEGATIVE ION MODE,Media_15N BCAA tracing in brown adipocyte,Mus musculus,Harvard Medical School
ST003010,AN004941,HILIC NEGATIVE ION MODE,Media_13C BCAA tracing in differentiated brown adipocyte,Mus musculus,Harvard Medical School
ST003011,AN004942,Reversed phase NEGATIVE ION MODE,Untargeted metabolomics analysis of murine colon content,Mus musculus,Helmholtz Centre for Environmental Research
ST003011,AN004943,Reversed phase POSITIVE ION MODE,Untargeted metabolomics analysis of murine colon content,Mus musculus,Helmholtz Centre for Environmental Research
ST003016,AN004949,Reversed phase POSITIVE ION MODE,Metabolomics analysis of Cormus domestica (L.) fruits and the valorisation of an ethnobotanical heritage of culinary and medicinal uses in Italy,Cormus domestica (L.),"Università degli Studi del Sannio (Benevento, Italy) and University of Córdoba (Spain)"
ST003017,AN004950,Reversed phase POSITIVE ION MODE,Lipidomics and plasma hormone reveal indicators of reproductive status in Florida manatees (Trichechus manatus latirostris),Florida manatee (Trichechus manatus latirostris),University of Florida
ST003017,AN004951,Reversed phase NEGATIVE ION MODE,Lipidomics and plasma hormone reveal indicators of reproductive status in Florida manatees (Trichechus manatus latirostris),Florida manatee (Trichechus manatus latirostris),University of Florida
ST003030,AN004967,Reversed phase NEGATIVE ION MODE,A small molecule macrophage migration inhibitory factor agonist ameliorates age-related myocardial intolerance to ischemia-reperfusion insults via metabolic regulation,Mus musculus,University of Mississippi Medical Center
ST003041,AN004988,Reversed phase POSITIVE ION MODE,"Soil pH, developmental stages and geographical origin differently influence the root metabolomic diversity and root-related microbial diversity of Echium vulgare from native habitats",Echium vulgare,Aristotle University of Thessaloniki
ST003042,AN004990,HILIC POSITIVE ION MODE,The metabolomic resetting effect of DY131 in cisplatin-induced AKI,Mus musculus,Children's Hospital of Nanjing Medical University
ST003042,AN004991,HILIC NEGATIVE ION MODE,The metabolomic resetting effect of DY131 in cisplatin-induced AKI,Mus musculus,Children's Hospital of Nanjing Medical University
ST003048,AN004999,None (Direct infusion) POSITIVE ION MODE,Identification and validation of serum metabolite biomarkers for endometrial cancer diagnosis,Homo sapiens,Shanghai Jiao Tong University
ST003052,AN005004,Reversed phase POSITIVE ION MODE,Synaptic vesicle lipidomics captures signatures of aging and synucleinopathy,Mus musculus,Weill Cornell Medicine
ST003052,AN005005,Reversed phase NEGATIVE ION MODE,Synaptic vesicle lipidomics captures signatures of aging and synucleinopathy,Mus musculus,Weill Cornell Medicine
ST003056,AN005010,Reversed phase POSITIVE ION MODE,Untargeted metabolomics revealed multiple metabolic perturbations in plasma of T2D patients in response to Liraglutide - Part 2,Homo sapiens,King Faisal Specialist Hospital and Research Centre (KFSHRC)
ST003056,AN005011,Reversed phase NEGATIVE ION MODE,Untargeted metabolomics revealed multiple metabolic perturbations in plasma of T2D patients in response to Liraglutide - Part 2,Homo sapiens,King Faisal Specialist Hospital and Research Centre (KFSHRC)
ST003061,AN005016,Reversed phase NEGATIVE ION MODE,Untargeted metabolomics analysis of three tea cultivars.,Camellia sinensis,Fujian Agriculture and Forestry University
ST003067,AN005023,Reversed phase POSITIVE ION MODE,Attenuation of Helicobacter pylori VacA toxin-induced cell death by modulation of intracellular taurine metabolism - Study #1,Homo sapiens,Vanderbilt University
ST003067,AN005024,HILIC NEGATIVE ION MODE,Attenuation of Helicobacter pylori VacA toxin-induced cell death by modulation of intracellular taurine metabolism - Study #1,Homo sapiens,Vanderbilt University
ST003068,AN005025,Reversed phase POSITIVE ION MODE,Attenuation of Helicobacter pylori VacA toxin-induced cell death by modulation of intracellular taurine metabolism _ Study #2,Homo sapiens,Vanderbilt University
ST003070,AN005028,Reversed phase POSITIVE ION MODE,Attenuation of Helicobacter pylori VacA toxin-induced cell death by modulation of intracellular taurine metabolism - Study #3,Homo sapiens,Vanderbilt University
ST003071,AN005029,Reversed phase POSITIVE ION MODE,Attenuation of Helicobacter pylori VacA toxin-induced cell death by modulation of intracellular taurine metabolism - Study #4,Homo sapiens,Vanderbilt University
ST003074,AN005032,Reversed phase POSITIVE ION MODE,"Spectral information for 3,5,3’-L-triiodothyronine (T3) and 3,5,3’5’-L-tetraiodothyronine (T4) from synthetic standards",,Boston Children's Hospital
ST003075,AN005033,HILIC NEGATIVE ION MODE,HZV029 Lipidomics,Homo sapiens,Jackson Laboratory for Genomic Medicine
ST003084,AN005042,HILIC POSITIVE ION MODE,Metabolome changes in embryonic CSF (Part 6),Mus musculus,"Boston Children's Hospital, Harvard Medical School"
ST003084,AN005043,HILIC NEGATIVE ION MODE,Metabolome changes in embryonic CSF (Part 6),Mus musculus,"Boston Children's Hospital, Harvard Medical School"
ST003091,AN005056,Reversed phase POSITIVE ION MODE,T cell Immune Escape in Blast Crisis Transformation of Chronic Myeloid Leukemia,Mus musculus,Translational Genomics Research Institute
ST003091,AN005057,Reversed phase NEGATIVE ION MODE,T cell Immune Escape in Blast Crisis Transformation of Chronic Myeloid Leukemia,Mus musculus,Translational Genomics Research Institute
ST003091,AN005058,HILIC POSITIVE ION MODE,T cell Immune Escape in Blast Crisis Transformation of Chronic Myeloid Leukemia,Mus musculus,Translational Genomics Research Institute
ST003091,AN005059,HILIC NEGATIVE ION MODE,T cell Immune Escape in Blast Crisis Transformation of Chronic Myeloid Leukemia,Mus musculus,Translational Genomics Research Institute
ST003092,AN005060,CE UNSPECIFIED ION MODE,Prediction of metabolites associated with somatic mutations in cancers by using genome-scale metabolic models and mutation data,Homo sapiens,Korea Advanced Institute of Science and Technology (KAIST)
ST003092,AN005061,CE UNSPECIFIED ION MODE,Prediction of metabolites associated with somatic mutations in cancers by using genome-scale metabolic models and mutation data,Homo sapiens,Korea Advanced Institute of Science and Technology (KAIST)
ST003093,AN005062,Reversed phase POSITIVE ION MODE,Integrative Analysis of Cytokine and Lipidomics Datasets Following Mild Traumatic Brain Injury in the Rat,Rattus norvegicus,Georgia Institute of Technology
ST003093,AN005063,Reversed phase NEGATIVE ION MODE,Integrative Analysis of Cytokine and Lipidomics Datasets Following Mild Traumatic Brain Injury in the Rat,Rattus norvegicus,Georgia Institute of Technology
ST003094,AN005064,LC POSITIVE ION MODE,Lactiplantibacillus plantarum intervention on serum untargeted metabolome of gestational fecal microbiome transplant germ-free mice,Mus musculus,Beijing Sanyuan Foods Co. Ltd
ST003094,AN005065,LC NEGATIVE ION MODE,Lactiplantibacillus plantarum intervention on serum untargeted metabolome of gestational fecal microbiome transplant germ-free mice,Mus musculus,Beijing Sanyuan Foods Co. Ltd
ST003101,AN005072,Reversed phase POSITIVE ION MODE,"Parallel pheromonal, metabolite, and lipid analyses reveal patterns associated with early life transitions and ovary activation in honey bee (Apis mellifera) queens",Apis mellifera,"Life Sciences Institute, The University of British Columbia"
ST003101,AN005073,Reversed phase NEGATIVE ION MODE,"Parallel pheromonal, metabolite, and lipid analyses reveal patterns associated with early life transitions and ovary activation in honey bee (Apis mellifera) queens",Apis mellifera,"Life Sciences Institute, The University of British Columbia"
ST003101,AN005074,Reversed phase POSITIVE ION MODE,"Parallel pheromonal, metabolite, and lipid analyses reveal patterns associated with early life transitions and ovary activation in honey bee (Apis mellifera) queens",Apis mellifera,"Life Sciences Institute, The University of British Columbia"
ST003101,AN005075,Reversed phase NEGATIVE ION MODE,"Parallel pheromonal, metabolite, and lipid analyses reveal patterns associated with early life transitions and ovary activation in honey bee (Apis mellifera) queens",Apis mellifera,"Life Sciences Institute, The University of British Columbia"
ST003109,AN005091,HILIC POSITIVE ION MODE,HZV029 Metabolomics,Homo sapiens,Jackson Laboratory for Genomic Medicine
ST003109,AN005092,Reversed phase NEGATIVE ION MODE,HZV029 Metabolomics,Homo sapiens,Jackson Laboratory for Genomic Medicine
ST003110,AN005093,Reversed phase POSITIVE ION MODE,Influence of Lifestyle Factors on Epigenetic and Proteomic Biomarkers: A Cross-Sectional Comparison,Homo sapiens,Appalachian State University
ST003115,AN005106,HILIC NEGATIVE ION MODE,Comprehensive Untargeted LC-MS Metabolomics Analysis of HMGCS2 Knockout iPSCs(Cell Pellet),Homo sapiens,Jackson Laboratory for Genomic Medicine
ST003115,AN005107,Reversed phase POSITIVE ION MODE,Comprehensive Untargeted LC-MS Metabolomics Analysis of HMGCS2 Knockout iPSCs(Cell Pellet),Homo sapiens,Jackson Laboratory for Genomic Medicine
ST003116,AN005108,HILIC NEGATIVE ION MODE,Comprehensive Untargeted LC-MS Metabolomics Analysis of HMGCS2 Knockout iPSCs(Supernatant/Media),Homo sapiens,Jackson Laboratory for Genomic Medicine
ST003116,AN005109,Reversed phase POSITIVE ION MODE,Comprehensive Untargeted LC-MS Metabolomics Analysis of HMGCS2 Knockout iPSCs(Supernatant/Media),Homo sapiens,Jackson Laboratory for Genomic Medicine
ST003119,AN005113,HILIC NEGATIVE ION MODE,Bleach protects algal crops from novel pathogen but increases stress tolerance traits and virulence factors within the associated bacterial microbiome,Algae,National Renewable Energy Lab
ST003120,AN005114,HILIC NEGATIVE ION MODE,Mannose is crucial for mesoderm specification and symmetry breaking in gastruloids.,Mus musculus,"Dept of Genetics, University of Cambridge"
ST003124,AN005119,Reversed phase POSITIVE ION MODE,Serum metabolites in inherited retinal degenerations,Homo sapiens,National Taiwan University
ST003124,AN005120,Reversed phase NEGATIVE ION MODE,Serum metabolites in inherited retinal degenerations,Homo sapiens,National Taiwan University
ST003124,AN005121,HILIC POSITIVE ION MODE,Serum metabolites in inherited retinal degenerations,Homo sapiens,National Taiwan University
ST003124,AN005122,HILIC NEGATIVE ION MODE,Serum metabolites in inherited retinal degenerations,Homo sapiens,National Taiwan University
ST003126,AN005125,HILIC UNSPECIFIED ION MODE,Effect of high fat diet on heart metabolome of CHCHD10 mutant mice,Mus musculus,Weill Cornell Medicine
ST003128,AN005128,HILIC UNSPECIFIED ION MODE,Effect of high fat diet on serum lipidome and metabolome in CHCHD10 Mutant Mice,Mus musculus,Weill Cornell Medicine
ST003128,AN005129,Reversed phase NEGATIVE ION MODE,Effect of high fat diet on serum lipidome and metabolome in CHCHD10 Mutant Mice,Mus musculus,Weill Cornell Medicine
ST003128,AN005130,Reversed phase POSITIVE ION MODE,Effect of high fat diet on serum lipidome and metabolome in CHCHD10 Mutant Mice,Mus musculus,Weill Cornell Medicine
ST003133,AN005143,HILIC POSITIVE ION MODE,Unraveling Salivary Metabolome in Children with Eosinophilic Esophagitis,Homo sapiens,Vanderbilt University
ST003134,AN005144,Reversed phase POSITIVE ION MODE,Targeting SOX13 inhibits the assembly of respiratory chain supercomplexes to overcome ferroptosis-resistance in gastric cancer,Homo sapiens,Fudan University Shanghai Cancer Center
ST003135,AN005145,Reversed phase POSITIVE ION MODE,Metabolomic study of T effector and T regulatory cells in severe allergic patients,Homo sapiens,Universidad CEU San Pablo
ST003135,AN005146,Reversed phase NEGATIVE ION MODE,Metabolomic study of T effector and T regulatory cells in severe allergic patients,Homo sapiens,Universidad CEU San Pablo
ST003135,AN005147,Reversed phase POSITIVE ION MODE,Metabolomic study of T effector and T regulatory cells in severe allergic patients,Homo sapiens,Universidad CEU San Pablo
ST003135,AN005148,Reversed phase NEGATIVE ION MODE,Metabolomic study of T effector and T regulatory cells in severe allergic patients,Homo sapiens,Universidad CEU San Pablo
ST003139,AN005152,HILIC NEGATIVE ION MODE,Endothelial-Dependent Vascular Reactivity After Cardiopulmonary Bypass is Associated with Unique Metabolomic Signatures,Homo sapiens,Vanderbilt University
ST003140,AN005153,None (Direct infusion) NEGATIVE ION MODE,Untargeted metabolomic analysis of lumenal contents from AMX-treated and untreated mice,Mus musculus,Brown University
ST003141,AN005154,None (Direct infusion) NEGATIVE ION MODE,Untargeted metabolomic analysis of mouse blood,Mus musculus,Brown University
ST003142,AN005155,Reversed phase POSITIVE ION MODE,Effect of liver Acox1 knockout on serum lipidome in mice,Mus musculus,Washington University in St. Louis
ST003142,AN005156,Reversed phase NEGATIVE ION MODE,Effect of liver Acox1 knockout on serum lipidome in mice,Mus musculus,Washington University in St. Louis
ST003153,AN005173,Reversed phase POSITIVE ION MODE,Untargeted metabolomic profile in control and YEATS4 knockdown MCF-7 cells,Homo sapiens,Peking University
ST003159,AN005181,HILIC POSITIVE ION MODE,Untargeted serum metabolomics in the Parkinson's Environment and Genes (PEG) Study,Homo sapiens,"University of California, Los Angeles"
ST003159,AN005182,Reversed phase NEGATIVE ION MODE,Untargeted serum metabolomics in the Parkinson's Environment and Genes (PEG) Study,Homo sapiens,"University of California, Los Angeles"
ST002871,AN005183,GC POSITIVE ION MODE,Role of environmental toxicants in obesity-related cardiovascular disease- Part 2 GC-MS analysis of plasma,Homo sapiens,Boston University
ST003168,AN005198,Reversed phase POSITIVE ION MODE,Lipidomic analysis of cryopreserved human cardiac tissue from young and ageing adults,Homo sapiens,University of Sydney
ST003168,AN005199,Reversed phase NEGATIVE ION MODE,Lipidomic analysis of cryopreserved human cardiac tissue from young and ageing adults,Homo sapiens,University of Sydney
ST003171,AN005204,Reversed phase POSITIVE ION MODE,Untargeted Metabolomics for Exploring Metabolomic Profile of Maple Syrup Urine Disease Sick Patients,Homo sapiens,King Saud University
ST003171,AN005205,Reversed phase NEGATIVE ION MODE,Untargeted Metabolomics for Exploring Metabolomic Profile of Maple Syrup Urine Disease Sick Patients,Homo sapiens,King Saud University
ST003176,AN005213,HILIC POSITIVE ION MODE,Chronic manganese exposure disrupts glutamatergic signaling and alters behavior in APP/PSEN1 mice.,Mus musculus,Vanderbilt University
ST003176,AN005214,HILIC NEGATIVE ION MODE,Chronic manganese exposure disrupts glutamatergic signaling and alters behavior in APP/PSEN1 mice.,Mus musculus,Vanderbilt University
ST003186,AN005234,HILIC POSITIVE ION MODE,Untargeted plasma metabolomics on mouse bloodstream infection model with cecal slurry,Mus musculus,Harvard University
ST003187,AN005235,HILIC POSITIVE ION MODE,Untargeted plasma metabolomics on bacterial culture supernatants,Escherichia coli,Harvard University
ST003189,AN005237,HILIC POSITIVE ION MODE,Untargeted Metabolomic Profile of Septic Shock in the Emergency Department,Homo sapiens,National Taiwan University
ST003195,AN005243,Reversed phase POSITIVE ION MODE,Unveiling cellular changes in leukaemia cell line K-562 after cannabidiol treatment through lipidomics,Homo sapiens,Universidad CEU San Pablo
ST003195,AN005244,Reversed phase NEGATIVE ION MODE,Unveiling cellular changes in leukaemia cell line K-562 after cannabidiol treatment through lipidomics,Homo sapiens,Universidad CEU San Pablo
ST003196,AN005245,Reversed phase POSITIVE ION MODE,Unveiling cellular changes in leukaemia cell line HL-60 after cannabidiol treatment through lipidomics,Homo sapiens,Universidad CEU San Pablo
ST003196,AN005246,Reversed phase NEGATIVE ION MODE,Unveiling cellular changes in leukaemia cell line HL-60 after cannabidiol treatment through lipidomics,Homo sapiens,Universidad CEU San Pablo
ST003197,AN005247,Reversed phase POSITIVE ION MODE,UQ/RQ panel on wildtype mouse tissue,Mus musculus,UMass Chan Medical School
ST003198,AN005248,Reversed phase POSITIVE ION MODE,UQ/RQ panel on human tissue,Homo sapiens,UMass Chan Medical School
ST003210,AN005262,HILIC POSITIVE ION MODE,Untargeted metabolomics analysis on single cells and cell clusters of TNBC cell lines using mass spectrometry,Homo sapiens,Nanjing Medical University
ST003210,AN005263,HILIC NEGATIVE ION MODE,Untargeted metabolomics analysis on single cells and cell clusters of TNBC cell lines using mass spectrometry,Homo sapiens,Nanjing Medical University
ST003210,AN005264,Reversed phase POSITIVE ION MODE,Untargeted metabolomics analysis on single cells and cell clusters of TNBC cell lines using mass spectrometry,Homo sapiens,Nanjing Medical University
ST003210,AN005265,Reversed phase NEGATIVE ION MODE,Untargeted metabolomics analysis on single cells and cell clusters of TNBC cell lines using mass spectrometry,Homo sapiens,Nanjing Medical University
ST003212,AN005267,HILIC POSITIVE ION MODE,Using Untargeted Metabolomics as a New Approach for Understanding Honeybee Toxicity,Apis mellifera,Corteva Agriscience
ST003212,AN005268,HILIC NEGATIVE ION MODE,Using Untargeted Metabolomics as a New Approach for Understanding Honeybee Toxicity,Apis mellifera,Corteva Agriscience
ST003217,AN005275,Reversed phase POSITIVE ION MODE,Measuring UQ/UQH2 in WT and RquA 143B cell in Hypoxia,Homo sapiens,UMass Chan Medical School
ST003219,AN005278,Reversed phase POSITIVE ION MODE,EVALUATION OF THE INFLUENCE OF ENVIRONMENTAL CONDITIONS ON THE METABOLOME OF Psychotria viridis LEAVES Ruiz & Pav.: Metabolomics approach,Psychotria viridis,University of Campinas
ST003219,AN005279,Reversed phase NEGATIVE ION MODE,EVALUATION OF THE INFLUENCE OF ENVIRONMENTAL CONDITIONS ON THE METABOLOME OF Psychotria viridis LEAVES Ruiz & Pav.: Metabolomics approach,Psychotria viridis,University of Campinas
ST003223,AN005284,Reversed phase POSITIVE ION MODE,EVALUATION OF THE INFLUENCE OF ENVIRONMENTAL CONDITIONS ON THE METABOLOME OF Psychotria viridis LEAVES Ruiz & Pav.: Lipidomics approach,Psychotria viridis,University of Campinas
ST003223,AN005285,Reversed phase NEGATIVE ION MODE,EVALUATION OF THE INFLUENCE OF ENVIRONMENTAL CONDITIONS ON THE METABOLOME OF Psychotria viridis LEAVES Ruiz & Pav.: Lipidomics approach,Psychotria viridis,University of Campinas
ST003237,AN005301,Reversed phase POSITIVE ION MODE,Plasma metabolomics of patients diagnosed with Alzheimer's Disease under Acetylcholinesterase Inhibitors treatment,Homo sapiens,University of Campinas
ST003237,AN005302,Reversed phase NEGATIVE ION MODE,Plasma metabolomics of patients diagnosed with Alzheimer's Disease under Acetylcholinesterase Inhibitors treatment,Homo sapiens,University of Campinas
ST003263,AN005347,Reversed phase POSITIVE ION MODE,MAPK14/p38 Shapes the Molecular Landscape of Endometrial Cancer and Confers Tumorigenic Characteristics,Homo sapiens,University of North Carolina at Chapel Hill
ST003289,AN005386,Reversed phase POSITIVE ION MODE,Integrative LC-MS and GC-MS Metabolic Profiling Unveils Dynamic Changes during Barley Malting,Hordeum vulgare subsp. vulgare,USDA Agricultural Research Service
ST003289,AN005387,GC POSITIVE ION MODE,Integrative LC-MS and GC-MS Metabolic Profiling Unveils Dynamic Changes during Barley Malting,Hordeum vulgare subsp. vulgare,USDA Agricultural Research Service
ST003294,AN005397,Reversed phase POSITIVE ION MODE,"Exploring the Effects of Toxic Road Runoff Contaminants (6PPD-quinone, 9,10-anthraquinone) on Juvenile Salmonids with a Multi-OMICs Approach (Brain)","Oncorhynchus tshawytscha, Oncorhynchus mykiss, Oncorhynchus kisutch",Oregon State University
ST003294,AN005398,Reversed phase NEGATIVE ION MODE,"Exploring the Effects of Toxic Road Runoff Contaminants (6PPD-quinone, 9,10-anthraquinone) on Juvenile Salmonids with a Multi-OMICs Approach (Brain)","Oncorhynchus tshawytscha, Oncorhynchus mykiss, Oncorhynchus kisutch",Oregon State University
ST003296,AN005399,Reversed phase POSITIVE ION MODE,"Exploring the Effects of Toxic Road Runoff Contaminants (6PPD-quinone, 9,10-anthraquinone) on Juvenile Salmonids with a Multi-OMICs Approach (Liver)","Oncorhynchus tshawytscha, Oncorhynchus mykiss, Oncorhynchus kisutch",Oregon State University
ST003296,AN005400,Reversed phase NEGATIVE ION MODE,"Exploring the Effects of Toxic Road Runoff Contaminants (6PPD-quinone, 9,10-anthraquinone) on Juvenile Salmonids with a Multi-OMICs Approach (Liver)","Oncorhynchus tshawytscha, Oncorhynchus mykiss, Oncorhynchus kisutch",Oregon State University
ST003300,AN005407,Reversed phase NEGATIVE ION MODE,Hypothalamic SLC7A14 accounts for aging-reduced lipolysis in white adipose tissue,Mus musculus,Shanghai Institutes for Biological Sciences (SIBS) Chinese Academy of Sciences (CAS)
ST003303,AN005413,HILIC NEGATIVE ION MODE,Metabolic Alterations in Aneurysmal Subarachnoid Hemorrhage,Homo sapiens,University of Akron
ST003305,AN005415,Reversed phase POSITIVE ION MODE,Comparative analysis of breast cancer metabolomes highlights fascin's central role in regulating key pathways related to disease progression,Homo sapiens,King Faisal Specialist Hospital and Research Centre (KFSHRC)
ST003305,AN005416,Reversed phase NEGATIVE ION MODE,Comparative analysis of breast cancer metabolomes highlights fascin's central role in regulating key pathways related to disease progression,Homo sapiens,King Faisal Specialist Hospital and Research Centre (KFSHRC)
ST003308,AN005420,Reversed phase NEGATIVE ION MODE,An untargeted metabolic profiling strategy for the dissection of the oat (Avena sativa L.) plant innate immune response to various Pseudomonas syringae pathovars,Avena sativa L.,University of Johannesburg
ST003316,AN005430,None (Direct infusion) POSITIVE ION MODE,Effects of LDAH overexpression on the lipidome of oxLDL-treated mouse peritoneal macrophages,Mus musculus,Albany Medical College
ST003317,AN005431,None (Direct infusion) POSITIVE ION MODE,Effects of LDAH deficiency on the lipidome of oxLDL-treated mouse peritoneal macrophages,Mus musculus,Albany Medical College
ST003322,AN005436,Reversed phase NEGATIVE ION MODE,EBC metabolomics in non-small cell lung cancer patients and control individuals,Homo sapiens,Ocean University of China
ST003322,AN005437,Reversed phase POSITIVE ION MODE,EBC metabolomics in non-small cell lung cancer patients and control individuals,Homo sapiens,Ocean University of China
ST003324,AN005440,HILIC NEGATIVE ION MODE,Comprehensive Untargeted LC-MS Metabolomics Analysis of STS Knockout iPSCs(Cell Pellet),Homo sapiens,Jackson Laboratory for Genomic Medicine
ST003324,AN005441,Reversed phase POSITIVE ION MODE,Comprehensive Untargeted LC-MS Metabolomics Analysis of STS Knockout iPSCs(Cell Pellet),Homo sapiens,Jackson Laboratory for Genomic Medicine
ST003324,AN005442,Reversed phase POSITIVE ION MODE,Comprehensive Untargeted LC-MS Metabolomics Analysis of STS Knockout iPSCs(Cell Pellet),Homo sapiens,Jackson Laboratory for Genomic Medicine
ST003324,AN005443,Reversed phase POSITIVE ION MODE,Comprehensive Untargeted LC-MS Metabolomics Analysis of STS Knockout iPSCs(Cell Pellet),Homo sapiens,Jackson Laboratory for Genomic Medicine
ST003325,AN005444,HILIC NEGATIVE ION MODE,Comprehensive Untargeted LC-MS Metabolomics Analysis of STS Knockout iPSCs(Supernatant),Homo sapiens,Jackson Laboratory for Genomic Medicine
ST003325,AN005445,Reversed phase POSITIVE ION MODE,Comprehensive Untargeted LC-MS Metabolomics Analysis of STS Knockout iPSCs(Supernatant),Homo sapiens,Jackson Laboratory for Genomic Medicine
ST003325,AN005446,Reversed phase POSITIVE ION MODE,Comprehensive Untargeted LC-MS Metabolomics Analysis of STS Knockout iPSCs(Supernatant),Homo sapiens,Jackson Laboratory for Genomic Medicine
ST003325,AN005447,Reversed phase POSITIVE ION MODE,Comprehensive Untargeted LC-MS Metabolomics Analysis of STS Knockout iPSCs(Supernatant),Homo sapiens,Jackson Laboratory for Genomic Medicine
ST003334,AN005462,Reversed phase POSITIVE ION MODE,Impact of partial body shielding from very high dose rates on untargeted metabolomics in biodosimetry,Mus musculus,Georgetown University
ST003334,AN005463,Reversed phase NEGATIVE ION MODE,Impact of partial body shielding from very high dose rates on untargeted metabolomics in biodosimetry,Mus musculus,Georgetown University
ST003338,AN005470,None (Direct infusion) POSITIVE ION MODE,GRATEFUL (Graft Temperature Evaluation during Lung transplantation) - metabolomics,Homo sapiens,KU Leuven
ST003338,AN005471,None (Direct infusion) NEGATIVE ION MODE,GRATEFUL (Graft Temperature Evaluation during Lung transplantation) - metabolomics,Homo sapiens,KU Leuven
ST003350,AN005491,Reversed phase POSITIVE ION MODE,Dissecting the Genetic Basis of UV-B Responsive Metabolites in Rice,Oryza sativa,Industrial Crops Institute of Hubei Academy of Agricultural Sciences
ST003352,AN005493,Reversed phase POSITIVE ION MODE,Untargeted lipidomics profiling of LPL-overexpression and LPL-knockdown microglia,Homo sapiens,St Jude Children's Research Hospital
ST003368,AN005520,None (Direct infusion) POSITIVE ION MODE,Non-Invasive Diagnosis of Moyamoya Disease Using Serum Metabolic Fingerprints and Machine Learning,Homo sapiens,Shanghai Jiao Tong University affiliated Renji Hospital
ST003370,AN005522,Reversed phase POSITIVE ION MODE,"An untargeted metabolomic analysis of acute AFB1 treatment in liver, breast, and lung cells",Homo sapiens,University of North Carolina at Chapel Hill
ST003380,AN005535,HILIC POSITIVE ION MODE,Deletion of Kcnj16 altered transcriptomic and metabolomic profiles of Dahl salt-sensitive rats,Rattus norvegicus,University of South Florida
ST003380,AN005536,HILIC NEGATIVE ION MODE,Deletion of Kcnj16 altered transcriptomic and metabolomic profiles of Dahl salt-sensitive rats,Rattus norvegicus,University of South Florida
ST003380,AN005537,Reversed phase POSITIVE ION MODE,Deletion of Kcnj16 altered transcriptomic and metabolomic profiles of Dahl salt-sensitive rats,Rattus norvegicus,University of South Florida
ST003380,AN005538,Reversed phase NEGATIVE ION MODE,Deletion of Kcnj16 altered transcriptomic and metabolomic profiles of Dahl salt-sensitive rats,Rattus norvegicus,University of South Florida
ST003385,AN005543,Reversed phase POSITIVE ION MODE,Knocking Out the Zebrafish CYP1B1 Gene Alters Metabolomic Profiles and Neurobehavioral Functions - Part 1,Danio rerio,Oregon State University
ST003385,AN005544,Reversed phase NEGATIVE ION MODE,Knocking Out the Zebrafish CYP1B1 Gene Alters Metabolomic Profiles and Neurobehavioral Functions - Part 1,Danio rerio,Oregon State University
ST003386,AN005545,Reversed phase POSITIVE ION MODE,Knocking Out the Zebrafish CYP1B1 Gene Alters Metabolomic Profiles and Neurobehavioral Functions - Part 2,Danio rerio,Oregon State University
ST003386,AN005546,Reversed phase NEGATIVE ION MODE,Knocking Out the Zebrafish CYP1B1 Gene Alters Metabolomic Profiles and Neurobehavioral Functions - Part 2,Danio rerio,Oregon State University
ST003387,AN005547,HILIC POSITIVE ION MODE,Annotation of Metabolites in Stable Isotope Tracing Untargeted Metabolomics via Khipu-web,Homo sapiens,Jackson Laboratory for Genomic Medicine
ST003387,AN005548,HILIC NEGATIVE ION MODE,Annotation of Metabolites in Stable Isotope Tracing Untargeted Metabolomics via Khipu-web,Homo sapiens,Jackson Laboratory for Genomic Medicine
ST003387,AN005549,HILIC POSITIVE ION MODE,Annotation of Metabolites in Stable Isotope Tracing Untargeted Metabolomics via Khipu-web,Homo sapiens,Jackson Laboratory for Genomic Medicine
ST003387,AN005550,HILIC NEGATIVE ION MODE,Annotation of Metabolites in Stable Isotope Tracing Untargeted Metabolomics via Khipu-web,Homo sapiens,Jackson Laboratory for Genomic Medicine
ST003387,AN005551,Reversed phase POSITIVE ION MODE,Annotation of Metabolites in Stable Isotope Tracing Untargeted Metabolomics via Khipu-web,Homo sapiens,Jackson Laboratory for Genomic Medicine
ST003387,AN005552,Reversed phase NEGATIVE ION MODE,Annotation of Metabolites in Stable Isotope Tracing Untargeted Metabolomics via Khipu-web,Homo sapiens,Jackson Laboratory for Genomic Medicine
ST003387,AN005553,Reversed phase POSITIVE ION MODE,Annotation of Metabolites in Stable Isotope Tracing Untargeted Metabolomics via Khipu-web,Homo sapiens,Jackson Laboratory for Genomic Medicine
ST003387,AN005554,Reversed phase NEGATIVE ION MODE,Annotation of Metabolites in Stable Isotope Tracing Untargeted Metabolomics via Khipu-web,Homo sapiens,Jackson Laboratory for Genomic Medicine
ST003399,AN005579,Reversed phase NEGATIVE ION MODE,"Chemical Biology Meets Metabolomics: The Response of Barley Seedlings to 3,5-Dichloroanthranilic Acid, a Resistance Inducer",Hordeum vulgare,University of Johannesburg
ST003400,AN005580,Reversed phase POSITIVE ION MODE,A Study on the Mechanism of Perinatal BPS Exposure Promoting Obesity Based on Metabolomics and Microbiomics,Mus musculus,"College of Marine Food and Biological Engineering, Jimei University"
ST003400,AN005581,Reversed phase NEGATIVE ION MODE,A Study on the Mechanism of Perinatal BPS Exposure Promoting Obesity Based on Metabolomics and Microbiomics,Mus musculus,"College of Marine Food and Biological Engineering, Jimei University"
ST003413,AN005606,Reversed phase POSITIVE ION MODE,LampreyDB: a spatial metabolomics dataset for lampreys,Lethenteron camtschaticum,Liaoning Normal university
ST003413,AN005607,Reversed phase NEGATIVE ION MODE,LampreyDB: a spatial metabolomics dataset for lampreys,Lethenteron camtschaticum,Liaoning Normal university
ST003414,AN005608,Reversed phase POSITIVE ION MODE,Metabolic analysis of Anterior Cingulate Cortex in two Autism Spectrum Disorder mouse models,Mus musculus,Fourth Military Medical University
ST003414,AN005609,Reversed phase NEGATIVE ION MODE,Metabolic analysis of Anterior Cingulate Cortex in two Autism Spectrum Disorder mouse models,Mus musculus,Fourth Military Medical University
ST003415,AN005614,GC POSITIVE ION MODE,Role of environmental toxicants in obesity-related cardiovascular disease- Part 3 GC-MS analysis of adipose tissue,Homo sapiens,Boston University
ST003440,AN005655,Reversed phase POSITIVE ION MODE,"Non-targeted metabolomic analysis of Enterobacter hormaechei_B17 (Eh_B17),Enterobacter sichuanensis_B36(Es_B36), and Enterobacter hormaechei_B56 (Eh_B56)",Enterobacter sp.,"Institute of Zoology, Chinese Academy of Sciences"
ST003440,AN005656,Reversed phase NEGATIVE ION MODE,"Non-targeted metabolomic analysis of Enterobacter hormaechei_B17 (Eh_B17),Enterobacter sichuanensis_B36(Es_B36), and Enterobacter hormaechei_B56 (Eh_B56)",Enterobacter sp.,"Institute of Zoology, Chinese Academy of Sciences"
ST003439,AN005670,Reversed phase POSITIVE ION MODE,Metabolomics of human serum to support understanding of early metabolic shift in presymptomatic sepsis patients. (Part1 human metabolites),Homo sapiens,Leibniz Institute for Natural Product Research and Infection Biology Hans Knöll Institute (Leibniz-HKI)
ST003439,AN005671,Reversed phase NEGATIVE ION MODE,Metabolomics of human serum to support understanding of early metabolic shift in presymptomatic sepsis patients. (Part1 human metabolites),Homo sapiens,Leibniz Institute for Natural Product Research and Infection Biology Hans Knöll Institute (Leibniz-HKI)
ST003456,AN005677,Reversed phase POSITIVE ION MODE,Lipidomics of human serum to support understanding of early metabolic shift in presymptomatic sepsis patients. (Part2 human lipids),Homo sapiens,Leibniz Institute for Natural Product Research and Infection Biology Hans Knöll Institute
ST003456,AN005678,Reversed phase NEGATIVE ION MODE,Lipidomics of human serum to support understanding of early metabolic shift in presymptomatic sepsis patients. (Part2 human lipids),Homo sapiens,Leibniz Institute for Natural Product Research and Infection Biology Hans Knöll Institute
ST003457,AN005679,Reversed phase POSITIVE ION MODE,Metabolomics of mice heart to support understanding of early metabolic shift in presymptomatic sepsis patients. (Part3 mice heart metabolite),Mus musculus,Leibniz Institute for Natural Product Research and Infection Biology Hans Knöll Institute
ST003457,AN005680,Reversed phase NEGATIVE ION MODE,Metabolomics of mice heart to support understanding of early metabolic shift in presymptomatic sepsis patients. (Part3 mice heart metabolite),Mus musculus,Leibniz Institute for Natural Product Research and Infection Biology Hans Knöll Institute
ST003458,AN005681,Reversed phase POSITIVE ION MODE,Metabolomics of mice kidney to support understanding of early metabolic shift in presymptomatic sepsis patients. (Part4 mice kidney metabolite),Mus musculus,Leibniz Institute for Natural Product Research and Infection Biology Hans Knöll Institute
ST003458,AN005682,Reversed phase NEGATIVE ION MODE,Metabolomics of mice kidney to support understanding of early metabolic shift in presymptomatic sepsis patients. (Part4 mice kidney metabolite),Mus musculus,Leibniz Institute for Natural Product Research and Infection Biology Hans Knöll Institute
ST003459,AN005683,Reversed phase POSITIVE ION MODE,Metabolomics of mice liver to support understanding of early metabolic shift in presymptomatic sepsis patients. (Part5 mice liver metabolite),Mus musculus,Leibniz Institute for Natural Product Research and Infection Biology Hans Knöll Institute
ST003459,AN005684,Reversed phase NEGATIVE ION MODE,Metabolomics of mice liver to support understanding of early metabolic shift in presymptomatic sepsis patients. (Part5 mice liver metabolite),Mus musculus,Leibniz Institute for Natural Product Research and Infection Biology Hans Knöll Institute
ST003460,AN005685,Reversed phase POSITIVE ION MODE,Metabolomics of mice serum to support understanding of early metabolic shift in presymptomatic sepsis patients. (Part6 mice serum metabolite),Mus musculus,Leibniz Institute for Natural Product Research and Infection Biology Hans Knöll Institute
ST003460,AN005686,Reversed phase NEGATIVE ION MODE,Metabolomics of mice serum to support understanding of early metabolic shift in presymptomatic sepsis patients. (Part6 mice serum metabolite),Mus musculus,Leibniz Institute for Natural Product Research and Infection Biology Hans Knöll Institute
ST003461,AN005687,Reversed phase POSITIVE ION MODE,Metabolomics of mice spleen to support understanding of early metabolic shift in presymptomatic sepsis patients. (Part7 mice spleen metabolite),Mus musculus,Leibniz Institute for Natural Product Research and Infection Biology Hans Knöll Institute
ST003461,AN005688,Reversed phase NEGATIVE ION MODE,Metabolomics of mice spleen to support understanding of early metabolic shift in presymptomatic sepsis patients. (Part7 mice spleen metabolite),Mus musculus,Leibniz Institute for Natural Product Research and Infection Biology Hans Knöll Institute
ST003462,AN005689,Reversed phase POSITIVE ION MODE,Metabolomics of mice white adipose tissue to support understanding of early metabolic shift in presymptomatic sepsis patients. (Part8 mice white adipose tissue metabolite),Mus musculus,Leibniz Institute for Natural Product Research and Infection Biology Hans Knöll Institute
ST003462,AN005690,Reversed phase NEGATIVE ION MODE,Metabolomics of mice white adipose tissue to support understanding of early metabolic shift in presymptomatic sepsis patients. (Part8 mice white adipose tissue metabolite),Mus musculus,Leibniz Institute for Natural Product Research and Infection Biology Hans Knöll Institute
ST003464,AN005693,Reversed phase POSITIVE ION MODE,Lipidomics of mice heart to support understanding of early metabolic shift in presymptomatic sepsis patients. (Part9 mice heart lipid),Mus musculus,Leibniz Institute for Natural Product Research and Infection Biology Hans Knöll Institute
ST003464,AN005694,Reversed phase NEGATIVE ION MODE,Lipidomics of mice heart to support understanding of early metabolic shift in presymptomatic sepsis patients. (Part9 mice heart lipid),Mus musculus,Leibniz Institute for Natural Product Research and Infection Biology Hans Knöll Institute
ST003465,AN005695,Reversed phase POSITIVE ION MODE,Lipidomics of mice kidney to support understanding of early metabolic shift in presymptomatic sepsis patients. (Part10 mice kidney lipid),Mus musculus,Leibniz Institute for Natural Product Research and Infection Biology Hans Knöll Institute
ST003465,AN005696,Reversed phase NEGATIVE ION MODE,Lipidomics of mice kidney to support understanding of early metabolic shift in presymptomatic sepsis patients. (Part10 mice kidney lipid),Mus musculus,Leibniz Institute for Natural Product Research and Infection Biology Hans Knöll Institute
ST003466,AN005697,Reversed phase POSITIVE ION MODE,Lipidomics of mice liver to support understanding of early metabolic shift in presymptomatic sepsis patients. (Part11 mice liver lipid),Mus musculus,Leibniz Institute for Natural Product Research and Infection Biology Hans Knöll Institute
ST003466,AN005698,Reversed phase NEGATIVE ION MODE,Lipidomics of mice liver to support understanding of early metabolic shift in presymptomatic sepsis patients. (Part11 mice liver lipid),Mus musculus,Leibniz Institute for Natural Product Research and Infection Biology Hans Knöll Institute
ST003467,AN005699,Reversed phase POSITIVE ION MODE,Lipidomics of mice serum to support understanding of early metabolic shift in presymptomatic sepsis patients. (Part12 mice serum lipid),Mus musculus,Leibniz Institute for Natural Product Research and Infection Biology Hans Knöll Institute
ST003467,AN005700,Reversed phase NEGATIVE ION MODE,Lipidomics of mice serum to support understanding of early metabolic shift in presymptomatic sepsis patients. (Part12 mice serum lipid),Mus musculus,Leibniz Institute for Natural Product Research and Infection Biology Hans Knöll Institute
ST003468,AN005701,Reversed phase POSITIVE ION MODE,Lipidomics of mice spleen to support understanding of early metabolic shift in presymptomatic sepsis patients. (Part13 mice spleen lipid),Mus musculus,Leibniz Institute for Natural Product Research and Infection Biology Hans Knöll Institute
ST003468,AN005702,Reversed phase NEGATIVE ION MODE,Lipidomics of mice spleen to support understanding of early metabolic shift in presymptomatic sepsis patients. (Part13 mice spleen lipid),Mus musculus,Leibniz Institute for Natural Product Research and Infection Biology Hans Knöll Institute
ST003469,AN005703,Reversed phase POSITIVE ION MODE,Lipidomics of mice white adipose tissue to support understanding of early metabolic shift in presymptomatic sepsis patients. (Part14 mice white adipose tissue lipid),Mus musculus,Leibniz Institute for Natural Product Research and Infection Biology Hans Knöll Institute
ST003469,AN005704,Reversed phase NEGATIVE ION MODE,Lipidomics of mice white adipose tissue to support understanding of early metabolic shift in presymptomatic sepsis patients. (Part14 mice white adipose tissue lipid),Mus musculus,Leibniz Institute for Natural Product Research and Infection Biology Hans Knöll Institute
ST003474,AN005709,HILIC POSITIVE ION MODE,Impact of Cattle Feeding Systems on Beef and Human Postprandial Metabolomics – A Randomized Clinical Trial,Homo sapiens,Montana State University
ST003493,AN005733,Reversed phase POSITIVE ION MODE,"Countermeasure Influence of 4-Weeks Cranberry Ingestion on Immune Dysfunction, Inflammation, and Muscle Damage Induced by Intensive Running",Homo sapiens,Appalachian State University
ST003500,AN005745,Reversed phase POSITIVE ION MODE,A UHPLC-MS/MS Method for Profiling of Urinary Mercapturic Acids using Positive Ion Mode,Homo sapiens,University of Minnesota
ST003505,AN005753,Reversed phase POSITIVE ION MODE,Investigation of polyamine biosynthesis and metabolism in gut microbiome by stale isotope resolved metabolomics,Human (Intestinal bacteria); Mouse (Intestinal bacteria); Bacteroides (B.fragilis and B.thetaiotaomicron),Soochow University
ST003505,AN005754,HILIC POSITIVE ION MODE,Investigation of polyamine biosynthesis and metabolism in gut microbiome by stale isotope resolved metabolomics,Human (Intestinal bacteria); Mouse (Intestinal bacteria); Bacteroides (B.fragilis and B.thetaiotaomicron),Soochow University
ST003505,AN005755,HILIC NEGATIVE ION MODE,Investigation of polyamine biosynthesis and metabolism in gut microbiome by stale isotope resolved metabolomics,Human (Intestinal bacteria); Mouse (Intestinal bacteria); Bacteroides (B.fragilis and B.thetaiotaomicron),Soochow University
ST003507,AN005757,Reversed phase POSITIVE ION MODE,A NRF2/β3-adrenoreceptor axis drives a sustained antioxidant and metabolic rewiring through the pentose-phosphate pathway to alleviate cardiac stress,Mus musculus,UCLouvain
ST003507,AN005758,Reversed phase NEGATIVE ION MODE,A NRF2/β3-adrenoreceptor axis drives a sustained antioxidant and metabolic rewiring through the pentose-phosphate pathway to alleviate cardiac stress,Mus musculus,UCLouvain
ST003507,AN005759,HILIC POSITIVE ION MODE,A NRF2/β3-adrenoreceptor axis drives a sustained antioxidant and metabolic rewiring through the pentose-phosphate pathway to alleviate cardiac stress,Mus musculus,UCLouvain
ST003507,AN005760,HILIC NEGATIVE ION MODE,A NRF2/β3-adrenoreceptor axis drives a sustained antioxidant and metabolic rewiring through the pentose-phosphate pathway to alleviate cardiac stress,Mus musculus,UCLouvain
ST003508,AN005761,Reversed phase POSITIVE ION MODE,"Associations Between Maternal Microbiome, Metabolome and Incidence of Low Birth Weight in Guatemalan Participants from the Women First Trial",Homo sapiens,Arkansas Children's Nutrition Center
ST003508,AN005762,Reversed phase NEGATIVE ION MODE,"Associations Between Maternal Microbiome, Metabolome and Incidence of Low Birth Weight in Guatemalan Participants from the Women First Trial",Homo sapiens,Arkansas Children's Nutrition Center
ST003511,AN005765,Reversed phase NEGATIVE ION MODE,Lipidomic analysis of Malassezia globosa at different growth stages and the dynamics of uptake and secreted lipids with growth media,Malassezia globosa,Universidad de los Andes
ST003515,AN005771,Reversed phase NEGATIVE ION MODE,Untargeted Metabolomics of 3xTg-AD Neurotoxic Astrocytes,Mus musculus,Instituto de Investigaciones Biológicas Clemente Estable (IIBCE) - Ministerio de Educación y Cultura - Montevideo - Uruguay
ST003515,AN005772,HILIC POSITIVE ION MODE,Untargeted Metabolomics of 3xTg-AD Neurotoxic Astrocytes,Mus musculus,Instituto de Investigaciones Biológicas Clemente Estable (IIBCE) - Ministerio de Educación y Cultura - Montevideo - Uruguay
ST003535,AN005806,Reversed phase POSITIVE ION MODE,Arsenic-induced enhancement of diazotrophic recruitment and nitrogen fixation in Pteris vittata rhizosphere,Pteris vittata,"Institute of Soil and Water Resources and Environmental Science, College of Environmental and Resource Sciences, Zhejiang University"
ST003535,AN005807,Reversed phase NEGATIVE ION MODE,Arsenic-induced enhancement of diazotrophic recruitment and nitrogen fixation in Pteris vittata rhizosphere,Pteris vittata,"Institute of Soil and Water Resources and Environmental Science, College of Environmental and Resource Sciences, Zhejiang University"
ST003536,AN005808,GC UNSPECIFIED ION MODE,Probiotics and their metabolite spermidine enhance IFN-γ+CD4+ T cell immunity to inhibit hepatitis B virus,Mus musculus,Shandong University
ST003542,AN005814,HILIC POSITIVE ION MODE,Dysregulated Follicular Fluid Metabolism in Women with Unexplained Infertility,Homo sapiens,ICMR - National Institute for Research in Reproductive and Child Health
ST003542,AN005815,HILIC NEGATIVE ION MODE,Dysregulated Follicular Fluid Metabolism in Women with Unexplained Infertility,Homo sapiens,ICMR - National Institute for Research in Reproductive and Child Health
ST003542,AN005816,Reversed phase POSITIVE ION MODE,Dysregulated Follicular Fluid Metabolism in Women with Unexplained Infertility,Homo sapiens,ICMR - National Institute for Research in Reproductive and Child Health
ST003542,AN005817,Reversed phase NEGATIVE ION MODE,Dysregulated Follicular Fluid Metabolism in Women with Unexplained Infertility,Homo sapiens,ICMR - National Institute for Research in Reproductive and Child Health
ST003544,AN005820,Reversed phase POSITIVE ION MODE,Metabolomics of Ndufs4 KO human induced pluripotent stem cells (iPSCs),Homo sapiens,North-West University
ST003544,AN005821,GC POSITIVE ION MODE,Metabolomics of Ndufs4 KO human induced pluripotent stem cells (iPSCs),Homo sapiens,North-West University
ST003544,AN005822,GC POSITIVE ION MODE,Metabolomics of Ndufs4 KO human induced pluripotent stem cells (iPSCs),Homo sapiens,North-West University
ST003560,AN005851,Reversed phase POSITIVE ION MODE,Poplar leaf bud resin metabolomics: Seasonal profiling of leaf bud chemistry in Populus trichocarpa provides insight into resin biosynthesis,Populus trichocarpa,University of Victoria
ST003564,AN005855,Reversed phase POSITIVE ION MODE,Metabolomics of Papanicolaou Tests for the Discovery of Ovarian Cancer Biomarkers,Homo sapiens,Georgia Institute of Technology
ST003564,AN005856,Reversed phase NEGATIVE ION MODE,Metabolomics of Papanicolaou Tests for the Discovery of Ovarian Cancer Biomarkers,Homo sapiens,Georgia Institute of Technology
ST003568,AN005861,Reversed phase POSITIVE ION MODE,Differentially regulated metabolites in intestinal epithelial cells from Hmga1flox/flox and Hmga1△IEC mice,Mus musculus,Henan University
ST003568,AN005862,Reversed phase NEGATIVE ION MODE,Differentially regulated metabolites in intestinal epithelial cells from Hmga1flox/flox and Hmga1△IEC mice,Mus musculus,Henan University
ST003569,AN005863,Reversed phase POSITIVE ION MODE,Differentially regulated metabolites in colorectal cancer from Rosa26Hmga1/+ and Hmga1IEC-OE/+mice,Mus musculus,Henan University
ST003569,AN005864,Reversed phase NEGATIVE ION MODE,Differentially regulated metabolites in colorectal cancer from Rosa26Hmga1/+ and Hmga1IEC-OE/+mice,Mus musculus,Henan University
ST003576,AN005871,Reversed phase POSITIVE ION MODE,Comparison of the capillary and venous blood lipidomes- validation of the Tasso SST capillary blood collection device for circulating lipid biomarker analysis,Homo sapiens,University of Arkansas for Medical Sciences
ST003576,AN005872,Reversed phase NEGATIVE ION MODE,Comparison of the capillary and venous blood lipidomes- validation of the Tasso SST capillary blood collection device for circulating lipid biomarker analysis,Homo sapiens,University of Arkansas for Medical Sciences
ST003579,AN005877,Ultra-performance liquid chromatography separation POSITIVE ION MODE,Landscape of Metabolic Fingerprinting for Diagnosis of Ovarian Endometriosis.,Homo sapiens,Women’s Hospital of Nanjing Medical University
ST003579,AN005878,Ultra-performance liquid chromatography separation NEGATIVE ION MODE,Landscape of Metabolic Fingerprinting for Diagnosis of Ovarian Endometriosis.,Homo sapiens,Women’s Hospital of Nanjing Medical University
ST003581,AN005883,None (Direct infusion) NEGATIVE ION MODE,Rapid and non-invasive early detection of lung cancer by integration of machine learning and salivary metabolic fingerprints using MS LOC platform: A large-scale multicenter study,Homo sapiens,"Affiliated Hangzhou First People’s Hospital, Westlake University"
ST003589,AN005893,Reversed phase POSITIVE ION MODE,Metabolomics of Drosophila melanogaster under manganese (Mn) exposure (head),Drosophila melanogaster,Columbia University
ST003589,AN005894,Reversed phase NEGATIVE ION MODE,Metabolomics of Drosophila melanogaster under manganese (Mn) exposure (head),Drosophila melanogaster,Columbia University
ST003590,AN005895,Reversed phase POSITIVE ION MODE,Metabolomics of Drosophila melanogaster under manganese (Mn) exposure (body),Drosophila melanogaster,Columbia University
ST003590,AN005896,Reversed phase NEGATIVE ION MODE,Metabolomics of Drosophila melanogaster under manganese (Mn) exposure (body),Drosophila melanogaster,Columbia University
ST003595,AN005903,Reversed phase POSITIVE ION MODE,Trifluoroacetate reduces plasma lipid levels and the development of atherosclerosis in mice,Mus musculus,Scripps Research
ST003595,AN005904,Reversed phase NEGATIVE ION MODE,Trifluoroacetate reduces plasma lipid levels and the development of atherosclerosis in mice,Mus musculus,Scripps Research
ST003613,AN005938,HILIC POSITIVE ION MODE,SLC7A5 is required for cancer cell growth in arginine-limited conditions,Homo sapiens,University of Utah
ST003616,AN005941,Reversed phase POSITIVE ION MODE,Non-Targeted Analysis of the Chemical Exposome During Pregnancy Using High-Resolution Mass Spectrometry,Homo sapiens,NYU Grossman School of Medicine
ST003616,AN005942,Reversed phase NEGATIVE ION MODE,Non-Targeted Analysis of the Chemical Exposome During Pregnancy Using High-Resolution Mass Spectrometry,Homo sapiens,NYU Grossman School of Medicine
ST003644,AN005983,Reversed phase POSITIVE ION MODE,Mouse epidermal lipidomics,Mus musculus,University of Pennsylvania
ST003652,AN005998,GC POSITIVE ION MODE,Multiplatform Metabolomic Profiling of the Unilateral Ureteral Obstruction Murine Model of CKD,Mus musculus,Universidad CEU San Pablo
ST003652,AN005999,Reversed phase POSITIVE ION MODE,Multiplatform Metabolomic Profiling of the Unilateral Ureteral Obstruction Murine Model of CKD,Mus musculus,Universidad CEU San Pablo
ST003652,AN006000,CE POSITIVE ION MODE,Multiplatform Metabolomic Profiling of the Unilateral Ureteral Obstruction Murine Model of CKD,Mus musculus,Universidad CEU San Pablo
ST003654,AN006004,None (Direct infusion) POSITIVE ION MODE,Rapid and Reagent-free Analysis of Dried Blood Spot by Paper Spray Mass Spectrometry Reveals Sex: Implications in Forensic Investigations.,Homo sapiens,Indian Institute of Science Education and Research Tirupati
ST003659,AN006009,Reversed phase POSITIVE ION MODE,The native small molecule interaction landscape of transcription factors and essential enzymes in E. coli,Escherichia coli,University of Toronto
ST003659,AN006010,Reversed phase NEGATIVE ION MODE,The native small molecule interaction landscape of transcription factors and essential enzymes in E. coli,Escherichia coli,University of Toronto
ST003667,AN006024,Reversed phase UNSPECIFIED ION MODE,"Human gut microbiome correlated with serum semi-polar metabolites in clinical sepsis - Part 1, batch RQ00417 (2021)",Homo sapiens,Leibniz Institute for Natural Product Research and Infection Biology Hans Knöll Institute
ST003669,AN006026,Reversed phase UNSPECIFIED ION MODE,"Human gut microbiome correlates with serum semi-polar metabolites in clinical sepsis - Part 3, batch RQ00663 (2023)",Homo sapiens,Leibniz Institute for Natural Product Research and Infection Biology Hans Knöll Institute
ST003670,AN006027,Reversed phase UNSPECIFIED ION MODE,"Human gut microbiome correlates with serum lipids in clinical sepsis - part 4, batch RQ00663 (2023)",Homo sapiens,Leibniz Institute for Natural Product Research and Infection Biology Hans Knöll Institute
ST003687,AN006051,Reversed phase UNSPECIFIED ION MODE,Cross-sectional salivary metabolomics of the Fin-HIT corhort,Homo sapiens,Ghent University
ST003688,AN006052,Reversed phase POSITIVE ION MODE,Role of pyruvate dehydrogenase kinase 1 (PDK1) in lipid metabolism in H9c2 cardiomyocyte cells.,Rattus norvegicus,University of British Columbia
ST003688,AN006053,Reversed phase NEGATIVE ION MODE,Role of pyruvate dehydrogenase kinase 1 (PDK1) in lipid metabolism in H9c2 cardiomyocyte cells.,Rattus norvegicus,University of British Columbia
ST003689,AN006054,Reversed phase POSITIVE ION MODE,Role of pyruvate dehydrogenase kinase 1 (PDK1) in glucose metabolism in H9c2 cardiomyocyte cells,Rattus norvegicus,University of British Columbia
ST003692,AN006058,Reversed phase POSITIVE ION MODE,Untargeted Metabolomics to Study Potential Biomarkers to Differentiate Six Biovars of Brucella Abortus,Brucella abortus,Universidade Federal de Minas Gerais
ST003696,AN006064,Reversed phase POSITIVE ION MODE,A lipid transport Mla Pqi Chimeric system is essential for Brucella abortus survival in macrophages,Brucella abortus,CEMBIO
ST003696,AN006065,Reversed phase NEGATIVE ION MODE,A lipid transport Mla Pqi Chimeric system is essential for Brucella abortus survival in macrophages,Brucella abortus,CEMBIO
ST003699,AN006069,Reversed phase POSITIVE ION MODE,Perturbed pediatric circulating metabolome in mild and severe dengue disease,Homo sapiens,Colorado State University
ST003700,AN006070,HILIC POSITIVE ION MODE,Untargeted metabolomics investigating the role of aconitate decarboxylase 1 during colitis,Mus musculus,Vanderbilt University
ST003700,AN006071,HILIC NEGATIVE ION MODE,Untargeted metabolomics investigating the role of aconitate decarboxylase 1 during colitis,Mus musculus,Vanderbilt University
ST003707,AN006082,Reversed phase POSITIVE ION MODE,Reprogramming the metabolome of Centella asiatica (L.) Urban callus: Profiling of newly synthesized cryptic anthocyanins triggered by LED light exposure,Centella asiatica,University of Johannesburg
ST003708,AN006083,Reversed phase POSITIVE ION MODE,"Phytochemical analysis of Quercus ilex nuts revealed high variability, nutritional and nutraceutical value.",Quercus ilex,University of Cordoba
ST003708,AN006084,Reversed phase NEGATIVE ION MODE,"Phytochemical analysis of Quercus ilex nuts revealed high variability, nutritional and nutraceutical value.",Quercus ilex,University of Cordoba
ST003711,AN006088,Reversed phase POSITIVE ION MODE,(p)ppGpp and DksA play crucial role in reducing the efficacy of ꞵ-lactam antibiotics by modulating bacterial membrane permeability,Vibrio cholerae,Translational Health Science And Technology Institute (THSTI)
ST003711,AN006089,Reversed phase NEGATIVE ION MODE,(p)ppGpp and DksA play crucial role in reducing the efficacy of ꞵ-lactam antibiotics by modulating bacterial membrane permeability,Vibrio cholerae,Translational Health Science And Technology Institute (THSTI)
ST003711,AN006090,HILIC POSITIVE ION MODE,(p)ppGpp and DksA play crucial role in reducing the efficacy of ꞵ-lactam antibiotics by modulating bacterial membrane permeability,Vibrio cholerae,Translational Health Science And Technology Institute (THSTI)
ST003711,AN006091,HILIC NEGATIVE ION MODE,(p)ppGpp and DksA play crucial role in reducing the efficacy of ꞵ-lactam antibiotics by modulating bacterial membrane permeability,Vibrio cholerae,Translational Health Science And Technology Institute (THSTI)
ST003713,AN006094,HILIC NEGATIVE ION MODE,Photoaffinity ligand of Cystic Fibrosis corrector VX-445 identifies SCCPDH as an off-target,Homo sapiens,Vanderbilt University
ST003733,AN006124,Reversed phase POSITIVE ION MODE,Proteomics and metabolomics analysis of Mongolian acupuncture therapy for type 2 diabetes mellitus with atherosclerosis,Rattus norvegicus,Inner Mongolia Medical University
ST003733,AN006125,Reversed phase NEGATIVE ION MODE,Proteomics and metabolomics analysis of Mongolian acupuncture therapy for type 2 diabetes mellitus with atherosclerosis,Rattus norvegicus,Inner Mongolia Medical University
ST003738,AN006136,Reversed phase POSITIVE ION MODE,Impact of Trans-Fatty acids on renal health in mice with partial Tgfβ3 deletion: a Metabolomic and Lipidomic analysis,Mus musculus,Universidad Rey Juan Carlos
ST003738,AN006137,Reversed phase NEGATIVE ION MODE,Impact of Trans-Fatty acids on renal health in mice with partial Tgfβ3 deletion: a Metabolomic and Lipidomic analysis,Mus musculus,Universidad Rey Juan Carlos
ST003738,AN006138,GC POSITIVE ION MODE,Impact of Trans-Fatty acids on renal health in mice with partial Tgfβ3 deletion: a Metabolomic and Lipidomic analysis,Mus musculus,Universidad Rey Juan Carlos
ST003740,AN006140,HILIC POSITIVE ION MODE,Distinct metabolic signatures in non-small cell lung cancer subtype: metabolomics and lipidomics for accurate differentiation of adenocarcinoma and squamous cell carcinoma,Homo sapiens,Wenzhou Medical University
ST003740,AN006141,HILIC NEGATIVE ION MODE,Distinct metabolic signatures in non-small cell lung cancer subtype: metabolomics and lipidomics for accurate differentiation of adenocarcinoma and squamous cell carcinoma,Homo sapiens,Wenzhou Medical University
ST003750,AN006157,HILIC UNSPECIFIED ION MODE,Investigating mouse serum metabolites after fecal transplant from young and estropausal female mice,Mus musculus,University of Southern California
ST003756,AN006167,Reversed phase POSITIVE ION MODE,Ultrahigh-performance liquid chromatography–high-resolution mass spectrometry-based tissue lipidomics study of thymoma and thymic hyperplasia,Homo sapiens,Ocean University of China
ST003766,AN006181,Reversed phase POSITIVE ION MODE,Hepatic bioenergetics and metabolism in mitochondrial disease: Insights from the Ndufs4 KO mouse model,Mus musculus,North-West University
ST003766,AN006182,GC POSITIVE ION MODE,Hepatic bioenergetics and metabolism in mitochondrial disease: Insights from the Ndufs4 KO mouse model,Mus musculus,North-West University
ST003767,AN006183,Reversed phase POSITIVE ION MODE,N-acetylneuraminic Acid may play Links Secondary Neurodegeneration and Cognitive Impairment in Cortical Photothrombotic Stroke Mouse Model,Mus musculus,Wenzhou Medical University
ST003767,AN006184,Reversed phase NEGATIVE ION MODE,N-acetylneuraminic Acid may play Links Secondary Neurodegeneration and Cognitive Impairment in Cortical Photothrombotic Stroke Mouse Model,Mus musculus,Wenzhou Medical University
ST003773,AN006194,Reversed phase NEGATIVE ION MODE,Lipidomic analysis of T cells activated or rested in ovarian cancer ascites fluid compared to standard media,Homo sapiens,University of Pennsylvania
ST003773,AN006195,Reversed phase POSITIVE ION MODE,Lipidomic analysis of T cells activated or rested in ovarian cancer ascites fluid compared to standard media,Homo sapiens,University of Pennsylvania
ST003775,AN006198,HILIC POSITIVE ION MODE,Metabolomics of miR-126 overexpressed leukemic stem cell in inv(16) AML mice,Mus musculus,Translational Genomics Research Institute
ST003775,AN006199,HILIC NEGATIVE ION MODE,Metabolomics of miR-126 overexpressed leukemic stem cell in inv(16) AML mice,Mus musculus,Translational Genomics Research Institute
ST003775,AN006200,Reversed phase POSITIVE ION MODE,Metabolomics of miR-126 overexpressed leukemic stem cell in inv(16) AML mice,Mus musculus,Translational Genomics Research Institute
ST003775,AN006201,Reversed phase NEGATIVE ION MODE,Metabolomics of miR-126 overexpressed leukemic stem cell in inv(16) AML mice,Mus musculus,Translational Genomics Research Institute
ST003777,AN006203,Reversed phase POSITIVE ION MODE,Separation and Characterization of a Clinically-Derived Staphylococcus epidermidis Strain HE23: Revealing Its Antibiotic Resistome and Metabolic Potential,Staphylococcus epidermidis,Anhui Medical University
ST003777,AN006204,Reversed phase NEGATIVE ION MODE,Separation and Characterization of a Clinically-Derived Staphylococcus epidermidis Strain HE23: Revealing Its Antibiotic Resistome and Metabolic Potential,Staphylococcus epidermidis,Anhui Medical University
ST003780,AN006208,Reversed phase POSITIVE ION MODE,Dengue Virus infection in infants: serum metabolomics profiling for biomarker discovery,Homo sapiens,Escuela Superior Politécnica del Litoral (ESPOL)
ST003781,AN006209,Reversed phase POSITIVE ION MODE,Metabolomics Study in Turbot on Susceptibility to Bacterial Infections,Scophthalmus maximus,Consejo Superior de Investigaciones Científicas
ST003781,AN006210,Reversed phase NEGATIVE ION MODE,Metabolomics Study in Turbot on Susceptibility to Bacterial Infections,Scophthalmus maximus,Consejo Superior de Investigaciones Científicas
ST003782,AN006211,Reversed phase POSITIVE ION MODE,Biomonitoring of (pseudo)pregnancy in giant panda urine using polar metabolomics,Giant panda (Ailuropoda melanoleuca),Ghent University
ST003782,AN006212,Reversed phase NEGATIVE ION MODE,Biomonitoring of (pseudo)pregnancy in giant panda urine using polar metabolomics,Giant panda (Ailuropoda melanoleuca),Ghent University
ST003783,AN006213,Reversed phase POSITIVE ION MODE,Biomonitoring of (pseudo)pregnancy in giant panda urine using steroidomics,Giant panda (Ailuropoda melanoleuca),Ghent University
ST003783,AN006214,Reversed phase NEGATIVE ION MODE,Biomonitoring of (pseudo)pregnancy in giant panda urine using steroidomics,Giant panda (Ailuropoda melanoleuca),Ghent University
ST003783,AN006215,Reversed phase POSITIVE ION MODE,Biomonitoring of (pseudo)pregnancy in giant panda urine using steroidomics,Giant panda (Ailuropoda melanoleuca),Ghent University
ST003783,AN006216,Reversed phase NEGATIVE ION MODE,Biomonitoring of (pseudo)pregnancy in giant panda urine using steroidomics,Giant panda (Ailuropoda melanoleuca),Ghent University
ST003786,AN006221,Reversed phase NEGATIVE ION MODE,Molecular fingerprint inference reveals bioactive lipids and microbial metabolites in colitis,Homo sapiens,Broad Institute of MIT and Harvard
ST003796,AN006241,HILIC POSITIVE ION MODE,Short-term alterations in dietary amino acids override host genetic susceptibility and reveal mechanisms of Salmonella Typhimurium small intestine colonization,Mus musculus,Vanderbilt University
ST003799,AN006244,HILIC POSITIVE ION MODE,Molecular fingerprint inference reveals bioactive lipids and microbial metabolites in colitis. Study 2.,Dorea longicatena,Broad Institute of MIT and Harvard
ST003799,AN006245,Reversed phase POSITIVE ION MODE,Molecular fingerprint inference reveals bioactive lipids and microbial metabolites in colitis. Study 2.,Dorea longicatena,Broad Institute of MIT and Harvard
ST003799,AN006246,HILIC NEGATIVE ION MODE,Molecular fingerprint inference reveals bioactive lipids and microbial metabolites in colitis. Study 2.,Dorea longicatena,Broad Institute of MIT and Harvard
ST003799,AN006247,Reversed phase NEGATIVE ION MODE,Molecular fingerprint inference reveals bioactive lipids and microbial metabolites in colitis. Study 2.,Dorea longicatena,Broad Institute of MIT and Harvard
ST003805,AN006254,HILIC POSITIVE ION MODE,"Epigenetic changes, neuronal dysregulation and behavioral abnormalities in Zmym2+/- mutant mice, a genetic animal model of schizophrenia and neurodevelopmental disorders",Mus musculus,Broad Institute of MIT and Harvard
ST003805,AN006255,Reversed phase POSITIVE ION MODE,"Epigenetic changes, neuronal dysregulation and behavioral abnormalities in Zmym2+/- mutant mice, a genetic animal model of schizophrenia and neurodevelopmental disorders",Mus musculus,Broad Institute of MIT and Harvard
ST003805,AN006256,HILIC NEGATIVE ION MODE,"Epigenetic changes, neuronal dysregulation and behavioral abnormalities in Zmym2+/- mutant mice, a genetic animal model of schizophrenia and neurodevelopmental disorders",Mus musculus,Broad Institute of MIT and Harvard
ST003805,AN006257,Reversed phase NEGATIVE ION MODE,"Epigenetic changes, neuronal dysregulation and behavioral abnormalities in Zmym2+/- mutant mice, a genetic animal model of schizophrenia and neurodevelopmental disorders",Mus musculus,Broad Institute of MIT and Harvard
ST003806,AN006258,Reversed phase POSITIVE ION MODE,Selective Influence of Hemp Fiber Ingestion on Post-Exercise Gut Permeability: A Metabolomics-Based Analysis,Homo sapiens,Appalachian State University
ST003807,AN006259,Reversed phase POSITIVE ION MODE,A lipidomic exploration of the effects of high-intensity interval exercise in healthy men after metformin intake,Homo sapiens,University CEU San Pablo
ST003807,AN006260,Reversed phase NEGATIVE ION MODE,A lipidomic exploration of the effects of high-intensity interval exercise in healthy men after metformin intake,Homo sapiens,University CEU San Pablo
ST003809,AN006263,Reversed phase NEGATIVE ION MODE,Longitudinal multi-omics analysis of cord blood and childhood serum in Autism Spectrum Disorder (Negative mode),Homo sapiens,University College Cork
ST003810,AN006264,Reversed phase POSITIVE ION MODE,Longitudinal multi-omics analysis of cord blood and childhood serum in Autism Spectrum Disorder (Positive mode),Homo sapiens,University College Cork
ST003811,AN006265,Reversed phase POSITIVE ION MODE,Characterisation of the gut microbiome in hypertensive and type II diabetic populations in different regions of Xinjiang,Homo sapiens,Xinjiang University
ST003811,AN006266,Reversed phase NEGATIVE ION MODE,Characterisation of the gut microbiome in hypertensive and type II diabetic populations in different regions of Xinjiang,Homo sapiens,Xinjiang University
ST003815,AN006273,None (Direct infusion) POSITIVE ION MODE,Serum metabolic fingerprints encode functional biomarkers for ovarian cancer diagnosis: a large-scale cohort study,Homo sapiens,Shanghai Jiao Tong University
ST003834,AN006296,Reversed phase POSITIVE ION MODE,Differential temperature adaptation mechanisms in the High Arctic-adapted Cerastium regelii Ostenf. and the widespread Stellaria longipes L.,Stellaria longipes; Cerastium regelii,University of the Fraser Valley
ST003835,AN006297,HILIC NEGATIVE ION MODE,metabolomics of wild-type and TauT-/- leukemia cells,Mus musculus,University of Rochester Medical Center
ST003835,AN006298,HILIC POSITIVE ION MODE,metabolomics of wild-type and TauT-/- leukemia cells,Mus musculus,University of Rochester Medical Center
ST003837,AN006301,Reversed phase NEGATIVE ION MODE,Unsupervised Multi-Omics Analysis Reveals Diagnostic Opportunities and Unseen Interactions in Equine Pituitary Pars Intermedia Dysfunction,Equus caballus,University of British Columbia
ST003837,AN006302,Reversed phase POSITIVE ION MODE,Unsupervised Multi-Omics Analysis Reveals Diagnostic Opportunities and Unseen Interactions in Equine Pituitary Pars Intermedia Dysfunction,Equus caballus,University of British Columbia
ST003837,AN006303,Reversed phase NEGATIVE ION MODE,Unsupervised Multi-Omics Analysis Reveals Diagnostic Opportunities and Unseen Interactions in Equine Pituitary Pars Intermedia Dysfunction,Equus caballus,University of British Columbia
ST003837,AN006304,Reversed phase POSITIVE ION MODE,Unsupervised Multi-Omics Analysis Reveals Diagnostic Opportunities and Unseen Interactions in Equine Pituitary Pars Intermedia Dysfunction,Equus caballus,University of British Columbia
ST003839,AN006308,HILIC NEGATIVE ION MODE,Taurochenodeoxycholic acid levels are associated with scar hypertrophy in the rabbit ear hypertrophic scar model.,Oryctolagus cuniculus,"Shenzhen Center for Chronic Disease Control,"
ST003849,AN006325,Reversed phase POSITIVE ION MODE,Metabolomic Screening of Biomaterials for Mesenchymal stem/stromal cells (MSC) Culture,Homo sapiens,Georgia Institute of Technology
ST003849,AN006326,Reversed phase POSITIVE ION MODE,Metabolomic Screening of Biomaterials for Mesenchymal stem/stromal cells (MSC) Culture,Homo sapiens,Georgia Institute of Technology
ST003851,AN006328,Reversed phase POSITIVE ION MODE,Lipidomic signatures of hepato-cardiac FGF21 signaling in pressure overload- induced cardiac hypertrophy,Mus musculus,University of Cincinnati College of Medicine
ST003851,AN006329,Reversed phase NEGATIVE ION MODE,Lipidomic signatures of hepato-cardiac FGF21 signaling in pressure overload- induced cardiac hypertrophy,Mus musculus,University of Cincinnati College of Medicine
ST003854,AN006332,HILIC POSITIVE ION MODE,Laboratory evolutions lead to reproducible mutations in PDR3 conferring resistance to MCHM,Saccharomyces cerevisiae,West Virginia University
ST003855,AN006333,GC POSITIVE ION MODE,Mammary gland metabolism and its relevance to the fetoplacental expression of cytokine signaling in Caveolin-1 null mice,Mus musculus,"Universiy of Missouri, Columbia"
ST003862,AN006348,Reversed phase POSITIVE ION MODE,LC-MS metabolomics on mandible cortical bone for postmortem interval estimation,Sus scrofa,University of Central Lancashire
ST003865,AN006352,Reversed phase NEGATIVE ION MODE,Assessment of the effects of Faecal microbiota transplantation with anti-inflammatory diet (FMT-AID) on faecal metabolome in patients with ulcerative colitis.,Homo sapiens,All India Institute of Medical Sciences
ST003865,AN006353,Reversed phase POSITIVE ION MODE,Assessment of the effects of Faecal microbiota transplantation with anti-inflammatory diet (FMT-AID) on faecal metabolome in patients with ulcerative colitis.,Homo sapiens,All India Institute of Medical Sciences
ST003866,AN006354,Normal phase NEGATIVE ION MODE,Impact of Exogenous Arginine Addition on the Bacterial Metabolome,Escherichia coli,Chinese Academy of Sciences
ST003870,AN006359,Reversed phase POSITIVE ION MODE,Lipidomic Analysis of Cancer Ferroptosis,Homo sapiens,Scripps Research Institute
ST003870,AN006360,Reversed phase NEGATIVE ION MODE,Lipidomic Analysis of Cancer Ferroptosis,Homo sapiens,Scripps Research Institute
ST003874,AN006365,Reversed phase POSITIVE ION MODE,"A human milk oligosaccharide alters the microbiome, circulating hormones, and metabolites in a randomized controlled trial of older individuals",Homo sapiens,Stanford University
ST003852,AN006366,Reversed phase POSITIVE ION MODE,METabolome-wide Association Study of the of Asian Women and their Offspring’s Development and Environmental Exposures (META SAWASDEE),Homo sapiens,Emory University
ST003875,AN006367,HILIC POSITIVE ION MODE,Glia-derived secretory fatty acid binding protein Obp44a regulates lipid storage and efflux in the developing Drosophila brain,Drosophila melanogaster,Advanced Science Research Center - CUNY
ST003878,AN006370,Reversed phase POSITIVE ION MODE,Integrative spatially-resolved multi-omics analysis reveals metabolic evolution of the transition to invasive breast cancer,Mus musculus,Xiamen University
ST003878,AN006371,Reversed phase NEGATIVE ION MODE,Integrative spatially-resolved multi-omics analysis reveals metabolic evolution of the transition to invasive breast cancer,Mus musculus,Xiamen University
ST003881,AN006374,Reversed phase NEGATIVE ION MODE,Assessment of the effects of Faecal microbiota transplantation with anti-inflammatory diet (FMT-AID) on mucosal metabolome in patients with ulcerative colitis.,Homo sapiens,All India Institute of Medical Sciences
ST003881,AN006375,Reversed phase POSITIVE ION MODE,Assessment of the effects of Faecal microbiota transplantation with anti-inflammatory diet (FMT-AID) on mucosal metabolome in patients with ulcerative colitis.,Homo sapiens,All India Institute of Medical Sciences
ST003882,AN006376,Reversed phase NEGATIVE ION MODE,Lipidomic alterations after a single session with ayahuasca in health and depression: a randomized placebo-controlled trial,Homo sapiens,University of Campinas
ST003903,AN006407,Reversed phase POSITIVE ION MODE,Hypertonic stress promotes intracellular lipid accumulation via glutamine anaplerosis,Mus musculus,Vanderbilt University
ST003903,AN006408,Reversed phase NEGATIVE ION MODE,Hypertonic stress promotes intracellular lipid accumulation via glutamine anaplerosis,Mus musculus,Vanderbilt University
ST003907,AN006412,Reversed phase POSITIVE ION MODE,Northern peatland microbial networks exhibit resilience to warming and acquire electron acceptor from soil organic matter,,University of Arizona
ST003907,AN006413,HILIC NEGATIVE ION MODE,Northern peatland microbial networks exhibit resilience to warming and acquire electron acceptor from soil organic matter,,University of Arizona
ST003908,AN006414,Reversed phase POSITIVE ION MODE,Colesevelam induced serum and fecal metabolite profile in Mdr2 WT and KO mice - Feces,Mus musculus,Kyung Hee University
ST003908,AN006415,Reversed phase NEGATIVE ION MODE,Colesevelam induced serum and fecal metabolite profile in Mdr2 WT and KO mice - Feces,Mus musculus,Kyung Hee University
ST003909,AN006416,Reversed phase POSITIVE ION MODE,Colesevelam induced serum and fecal metabolite profile in Mdr2 WT and KO mice - Serum,Mus musculus,Kyung Hee University
ST003909,AN006417,Reversed phase NEGATIVE ION MODE,Colesevelam induced serum and fecal metabolite profile in Mdr2 WT and KO mice - Serum,Mus musculus,Kyung Hee University
ST003910,AN006418,HILIC POSITIVE ION MODE,Molecular fingerprint inference reveals bioactive lipids and microbial metabolites in colitis. Study 3.,"Bifidobacterium longum, Clostridium sporogenes, Clostridium innocuum, Escherichia coli BL21(DE3), Streptococcus infantis, Streptococcus parasanguinis",Broad Institute of MIT and Harvard
ST003910,AN006419,Reversed phase POSITIVE ION MODE,Molecular fingerprint inference reveals bioactive lipids and microbial metabolites in colitis. Study 3.,"Bifidobacterium longum, Clostridium sporogenes, Clostridium innocuum, Escherichia coli BL21(DE3), Streptococcus infantis, Streptococcus parasanguinis",Broad Institute of MIT and Harvard
ST003910,AN006420,Reversed phase NEGATIVE ION MODE,Molecular fingerprint inference reveals bioactive lipids and microbial metabolites in colitis. Study 3.,"Bifidobacterium longum, Clostridium sporogenes, Clostridium innocuum, Escherichia coli BL21(DE3), Streptococcus infantis, Streptococcus parasanguinis",Broad Institute of MIT and Harvard
ST003911,AN006421,HILIC POSITIVE ION MODE,Molecular fingerprint inference reveals bioactive lipids and microbial metabolites in colitis. Study 4,"Eggerthella lenta, Fusobacterium nucleatum",Broad Institute of MIT and Harvard
ST003911,AN006422,Reversed phase POSITIVE ION MODE,Molecular fingerprint inference reveals bioactive lipids and microbial metabolites in colitis. Study 4,"Eggerthella lenta, Fusobacterium nucleatum",Broad Institute of MIT and Harvard
ST003911,AN006423,Reversed phase NEGATIVE ION MODE,Molecular fingerprint inference reveals bioactive lipids and microbial metabolites in colitis. Study 4,"Eggerthella lenta, Fusobacterium nucleatum",Broad Institute of MIT and Harvard
ST003919,AN006435,Reversed phase POSITIVE ION MODE,An anaerobic pathogen operates oxidative metabolism to colonize the inflamed intestine,Mus musculus,Vanderbilt University
ST003921,AN006438,None (Direct infusion) POSITIVE ION MODE,"Metabolic fingerprinting enables rapid, label-free histopathology in gastric cancer diagnosis and prognostic prediction",Homo sapiens,Fudan University
ST003788,AN006443,HILIC POSITIVE ION MODE,Pre-treatment untargeted cerebrospinal fluid metabolomic profiling in tuberculous meningitis reveals multiple pathways associated with mortality,Homo sapiens,Broad Institute of MIT and Harvard
ST003788,AN006444,Reversed phase POSITIVE ION MODE,Pre-treatment untargeted cerebrospinal fluid metabolomic profiling in tuberculous meningitis reveals multiple pathways associated with mortality,Homo sapiens,Broad Institute of MIT and Harvard
ST003788,AN006445,HILIC NEGATIVE ION MODE,Pre-treatment untargeted cerebrospinal fluid metabolomic profiling in tuberculous meningitis reveals multiple pathways associated with mortality,Homo sapiens,Broad Institute of MIT and Harvard
ST003788,AN006446,Reversed phase NEGATIVE ION MODE,Pre-treatment untargeted cerebrospinal fluid metabolomic profiling in tuberculous meningitis reveals multiple pathways associated with mortality,Homo sapiens,Broad Institute of MIT and Harvard
ST003928,AN006451,HILIC POSITIVE ION MODE,Untargeted metabolomics links imidazole propionate and atherosclerosis,Mus musculus,Centro Nacional de Investigaciones Cardiovasculares Carlos III
ST003930,AN006453,HILIC POSITIVE ION MODE,Acylated putrescine therapeutic discovery for Inflammatory Bowel Diseases: HILIC-pos profiling of mouse fecal samples,Mus musculus,Broad Institute of MIT and Harvard
ST003931,AN006454,Reversed phase NEGATIVE ION MODE,"Acylated putrescine therapeutic discovery for Inflammatory Bowel Diseases: HILIC-neg, C8-pos and C18-neg profiling of mouse fecal samples",Mus musculus,Broad Institute of MIT and Harvard
ST003931,AN006455,Reversed phase POSITIVE ION MODE,"Acylated putrescine therapeutic discovery for Inflammatory Bowel Diseases: HILIC-neg, C8-pos and C18-neg profiling of mouse fecal samples",Mus musculus,Broad Institute of MIT and Harvard
ST003931,AN006456,HILIC NEGATIVE ION MODE,"Acylated putrescine therapeutic discovery for Inflammatory Bowel Diseases: HILIC-neg, C8-pos and C18-neg profiling of mouse fecal samples",Mus musculus,Broad Institute of MIT and Harvard
ST003933,AN006458,Reversed phase NEGATIVE ION MODE,Lipidomic analysis of genetically engineered PCC 7002 indicate lipid remodeling and differential fatty acid production at varied temperatures,Picosynechococcus sp. PCC 7002,Vanderbilt University
ST003935,AN006460,Reversed phase POSITIVE ION MODE,Energy metabolism under stress: late-stage Leigh syndrome reveals profound cardiometabolic perturbations in Ndufs4 KO mice,Mus musculus,North-West University
ST003935,AN006461,GC POSITIVE ION MODE,Energy metabolism under stress: late-stage Leigh syndrome reveals profound cardiometabolic perturbations in Ndufs4 KO mice,Mus musculus,North-West University
ST003940,AN006469,HILIC NEGATIVE ION MODE,Comprehensive Untargeted LC-MS Metabolomics Analysis of CYP19A1/SLC22A11/CYP11A1/HSD17B1/ABCG2 Knockout iPSCs,Homo sapiens,The Jackson Laboratory for Genomic Medicine
ST003940,AN006470,HILIC NEGATIVE ION MODE,Comprehensive Untargeted LC-MS Metabolomics Analysis of CYP19A1/SLC22A11/CYP11A1/HSD17B1/ABCG2 Knockout iPSCs,Homo sapiens,The Jackson Laboratory for Genomic Medicine
ST003940,AN006471,Reversed phase POSITIVE ION MODE,Comprehensive Untargeted LC-MS Metabolomics Analysis of CYP19A1/SLC22A11/CYP11A1/HSD17B1/ABCG2 Knockout iPSCs,Homo sapiens,The Jackson Laboratory for Genomic Medicine
ST003940,AN006472,Reversed phase POSITIVE ION MODE,Comprehensive Untargeted LC-MS Metabolomics Analysis of CYP19A1/SLC22A11/CYP11A1/HSD17B1/ABCG2 Knockout iPSCs,Homo sapiens,The Jackson Laboratory for Genomic Medicine
ST003940,AN006473,Reversed phase POSITIVE ION MODE,Comprehensive Untargeted LC-MS Metabolomics Analysis of CYP19A1/SLC22A11/CYP11A1/HSD17B1/ABCG2 Knockout iPSCs,Homo sapiens,The Jackson Laboratory for Genomic Medicine
ST003940,AN006474,Reversed phase POSITIVE ION MODE,Comprehensive Untargeted LC-MS Metabolomics Analysis of CYP19A1/SLC22A11/CYP11A1/HSD17B1/ABCG2 Knockout iPSCs,Homo sapiens,The Jackson Laboratory for Genomic Medicine
ST003940,AN006475,Reversed phase POSITIVE ION MODE,Comprehensive Untargeted LC-MS Metabolomics Analysis of CYP19A1/SLC22A11/CYP11A1/HSD17B1/ABCG2 Knockout iPSCs,Homo sapiens,The Jackson Laboratory for Genomic Medicine
ST003940,AN006476,Reversed phase POSITIVE ION MODE,Comprehensive Untargeted LC-MS Metabolomics Analysis of CYP19A1/SLC22A11/CYP11A1/HSD17B1/ABCG2 Knockout iPSCs,Homo sapiens,The Jackson Laboratory for Genomic Medicine
ST003941,AN006477,Reversed phase POSITIVE ION MODE,Lipidomic analysis of Bacteroides thetaiotaomicron WT vs SPT KO (sphingolipid-deficient) outer membrane vesicles (OMVs) and whole cells.,Bacteroides thetaiotaomicron,Broad Institute of MIT and Harvard
ST003936,AN006478,Reversed phase POSITIVE ION MODE,Metabolomic analysis of breast cancer in Colombian patients: Exploring molecular signatures in different subtypes and stages,Homo sapiens,Universidad de los Andes
ST003936,AN006479,GC POSITIVE ION MODE,Metabolomic analysis of breast cancer in Colombian patients: Exploring molecular signatures in different subtypes and stages,Homo sapiens,Universidad de los Andes
ST003936,AN006480,HILIC POSITIVE ION MODE,Metabolomic analysis of breast cancer in Colombian patients: Exploring molecular signatures in different subtypes and stages,Homo sapiens,Universidad de los Andes
ST003952,AN006495,Reversed phase POSITIVE ION MODE,Comprehensive Untargeted LC-MS Metabolomics Analysis of STS/HSD3B1 Knockout iPSCs (supernatant),Homo sapiens,The Jackson Laboratory for Genomic Medicine
ST003952,AN006496,Reversed phase POSITIVE ION MODE,Comprehensive Untargeted LC-MS Metabolomics Analysis of STS/HSD3B1 Knockout iPSCs (supernatant),Homo sapiens,The Jackson Laboratory for Genomic Medicine
ST003953,AN006497,Reversed phase POSITIVE ION MODE,Metabolomic Profiling of Gastric Cancer Post-ESRP1 Gene Knockout,Homo sapiens,Fudan University Shanghai Cancer Center
ST003953,AN006498,Reversed phase NEGATIVE ION MODE,Metabolomic Profiling of Gastric Cancer Post-ESRP1 Gene Knockout,Homo sapiens,Fudan University Shanghai Cancer Center
ST003957,AN006504,None (Direct infusion) NEGATIVE ION MODE,Spatial transcriptomic profiling of gene expression alterations following ACBP/DBI inhibition in a MASH-Driven HCC mouse model,Mus musculus,INSERM
ST003958,AN006505,Reversed phase POSITIVE ION MODE,Comprehensive lipidomic analysis of six Hevea species and varieties related to latex biosynthesis,Hevea,Maebashi Institute of Technology
ST003958,AN006506,Reversed phase NEGATIVE ION MODE,Comprehensive lipidomic analysis of six Hevea species and varieties related to latex biosynthesis,Hevea,Maebashi Institute of Technology
ST003963,AN006511,HILIC POSITIVE ION MODE,Immunometabolic determinants of long-term response in preinfusion CAR-T cells of the leukemia patients receiving CD19 CAR T cell therapy,Homo sapiens,Translational Genomics Research Institute
ST003963,AN006512,HILIC NEGATIVE ION MODE,Immunometabolic determinants of long-term response in preinfusion CAR-T cells of the leukemia patients receiving CD19 CAR T cell therapy,Homo sapiens,Translational Genomics Research Institute
ST003963,AN006513,Reversed phase POSITIVE ION MODE,Immunometabolic determinants of long-term response in preinfusion CAR-T cells of the leukemia patients receiving CD19 CAR T cell therapy,Homo sapiens,Translational Genomics Research Institute
ST003963,AN006514,Reversed phase NEGATIVE ION MODE,Immunometabolic determinants of long-term response in preinfusion CAR-T cells of the leukemia patients receiving CD19 CAR T cell therapy,Homo sapiens,Translational Genomics Research Institute
ST003964,AN006515,HILIC POSITIVE ION MODE,Immunometabolism determinants of enhanced antileukemic activity upon rapamycin mediated mTOR inhibition in CAR-T cells of short-term responder leukemia patients receiving CD19 CAR T cell therapy,Homo sapiens,Translational Genomics Research Institute
ST003964,AN006516,HILIC NEGATIVE ION MODE,Immunometabolism determinants of enhanced antileukemic activity upon rapamycin mediated mTOR inhibition in CAR-T cells of short-term responder leukemia patients receiving CD19 CAR T cell therapy,Homo sapiens,Translational Genomics Research Institute
ST003964,AN006517,Reversed phase POSITIVE ION MODE,Immunometabolism determinants of enhanced antileukemic activity upon rapamycin mediated mTOR inhibition in CAR-T cells of short-term responder leukemia patients receiving CD19 CAR T cell therapy,Homo sapiens,Translational Genomics Research Institute
ST003964,AN006518,Reversed phase NEGATIVE ION MODE,Immunometabolism determinants of enhanced antileukemic activity upon rapamycin mediated mTOR inhibition in CAR-T cells of short-term responder leukemia patients receiving CD19 CAR T cell therapy,Homo sapiens,Translational Genomics Research Institute
ST003965,AN006519,HILIC POSITIVE ION MODE,Immunometabolic determinants of long-term response in leukapheresis T cells of the leukemia patients receiving CD19 CAR T cell therapy,Homo sapiens,Translational Genomics Research Institute
ST003965,AN006520,HILIC NEGATIVE ION MODE,Immunometabolic determinants of long-term response in leukapheresis T cells of the leukemia patients receiving CD19 CAR T cell therapy,Homo sapiens,Translational Genomics Research Institute
ST003965,AN006521,Reversed phase NEGATIVE ION MODE,Immunometabolic determinants of long-term response in leukapheresis T cells of the leukemia patients receiving CD19 CAR T cell therapy,Homo sapiens,Translational Genomics Research Institute
ST003965,AN006522,Reversed phase POSITIVE ION MODE,Immunometabolic determinants of long-term response in leukapheresis T cells of the leukemia patients receiving CD19 CAR T cell therapy,Homo sapiens,Translational Genomics Research Institute
ST003966,AN006523,HILIC POSITIVE ION MODE,Immunometabolic determinants of long-term response in bone marrow of the leukemia patients receiving CD19 CAR T cell therapy,Homo sapiens,Translational Genomics Research Institute
ST003966,AN006524,HILIC NEGATIVE ION MODE,Immunometabolic determinants of long-term response in bone marrow of the leukemia patients receiving CD19 CAR T cell therapy,Homo sapiens,Translational Genomics Research Institute
ST003966,AN006525,Reversed phase NEGATIVE ION MODE,Immunometabolic determinants of long-term response in bone marrow of the leukemia patients receiving CD19 CAR T cell therapy,Homo sapiens,Translational Genomics Research Institute
ST003966,AN006526,Reversed phase POSITIVE ION MODE,Immunometabolic determinants of long-term response in bone marrow of the leukemia patients receiving CD19 CAR T cell therapy,Homo sapiens,Translational Genomics Research Institute
ST003974,AN006544,Reversed phase POSITIVE ION MODE,Metabolomic profiles of albendazole treated T. spiralis adult worms,Trichinella spiralis,Chulabhorn Royal Academy
ST003974,AN006545,Reversed phase NEGATIVE ION MODE,Metabolomic profiles of albendazole treated T. spiralis adult worms,Trichinella spiralis,Chulabhorn Royal Academy
ST003975,AN006546,Reversed phase POSITIVE ION MODE,Metabolomic profiles of albendazole treated T. spiralis larval worms,Trichinella spiralis,Chulabhorn Royal Academy
ST003975,AN006547,Reversed phase NEGATIVE ION MODE,Metabolomic profiles of albendazole treated T. spiralis larval worms,Trichinella spiralis,Chulabhorn Royal Academy
ST003994,AN006583,Reversed phase POSITIVE ION MODE,Nano-sensitive DIA LC-MS/MS method for untargeted Metabolomics on NIST human plasma to systematically optimize critical mass spectrometric parameters to enhance metabolite coverage,Homo sapiens,Federal University of Viçosa
ST004001,AN006596,Reversed phase POSITIVE ION MODE,Metabolic and Lipidomic Trade-offs in Helicoverpa armigera: Dynamics Under Plant Protease Inhibitor-Induced Stress,Helicoverpa armigera ( 29058),Translational Health Science And Technology Institute (THSTI)
ST004001,AN006597,Reversed phase NEGATIVE ION MODE,Metabolic and Lipidomic Trade-offs in Helicoverpa armigera: Dynamics Under Plant Protease Inhibitor-Induced Stress,Helicoverpa armigera ( 29058),Translational Health Science And Technology Institute (THSTI)
ST004001,AN006598,HILIC POSITIVE ION MODE,Metabolic and Lipidomic Trade-offs in Helicoverpa armigera: Dynamics Under Plant Protease Inhibitor-Induced Stress,Helicoverpa armigera ( 29058),Translational Health Science And Technology Institute (THSTI)
ST004001,AN006599,HILIC NEGATIVE ION MODE,Metabolic and Lipidomic Trade-offs in Helicoverpa armigera: Dynamics Under Plant Protease Inhibitor-Induced Stress,Helicoverpa armigera ( 29058),Translational Health Science And Technology Institute (THSTI)
ST004011,AN006615,Reversed phase POSITIVE ION MODE,Metabolic and Lipidomic Trade-offs in Helicoverpa armigera: Dynamics Under Plant Protease Inhibitor-Induced Stress-(study 2),Helicoverpa armigera,Translational Health Science And Technology Institute (THSTI)
ST004011,AN006616,Reversed phase NEGATIVE ION MODE,Metabolic and Lipidomic Trade-offs in Helicoverpa armigera: Dynamics Under Plant Protease Inhibitor-Induced Stress-(study 2),Helicoverpa armigera,Translational Health Science And Technology Institute (THSTI)
ST004015,AN006620,HILIC POSITIVE ION MODE,SLC45A4 encodes a peroxisomal putrescine transporter that promotes GABA de novo synthesis,Homo sapiens,Rutgers University
ST004023,AN006629,HILIC POSITIVE ION MODE,Untargeted Metabolomics Profiling of Human Plasma via LC-Q-TOF for sudden sensorineural hearing loss (SSNHL) Biomarker Discovery,Homo sapiens,The First Affiliated Hospital of Kunming Medical University
ST004023,AN006630,HILIC NEGATIVE ION MODE,Untargeted Metabolomics Profiling of Human Plasma via LC-Q-TOF for sudden sensorineural hearing loss (SSNHL) Biomarker Discovery,Homo sapiens,The First Affiliated Hospital of Kunming Medical University
ST003697,AN006631,Reversed phase POSITIVE ION MODE,Cross-sectional salivary metabolomics of the FAME cohort (children 11-17 years),Homo sapiens,Ghent University
ST003697,AN006632,Reversed phase NEGATIVE ION MODE,Cross-sectional salivary metabolomics of the FAME cohort (children 11-17 years),Homo sapiens,Ghent University
ST003687,AN006633,Reversed phase UNSPECIFIED ION MODE,Cross-sectional salivary metabolomics of the Fin-HIT corhort,Homo sapiens,Ghent University
ST003706,AN006634,Reversed phase POSITIVE ION MODE,Cross-sectional salivary metabolomics of the OPERA corhort,Homo sapiens,Ghent University
ST003706,AN006635,Reversed phase NEGATIVE ION MODE,Cross-sectional salivary metabolomics of the OPERA corhort,Homo sapiens,Ghent University
ST003709,AN006636,Reversed phase POSITIVE ION MODE,Cross-sectional salivary metabolomics of the PANIC cohort (children 11-17 years),Homo sapiens,Ghent University
ST003709,AN006637,Reversed phase NEGATIVE ION MODE,Cross-sectional salivary metabolomics of the PANIC cohort (children 11-17 years),Homo sapiens,Ghent University
ST004031,AN006662,HILIC POSITIVE ION MODE,Spatial isotope deep tracing deciphers inter-tissue metabolic crosstalk,Mus musculus,Peking Union Medical College
ST004031,AN006663,HILIC NEGATIVE ION MODE,Spatial isotope deep tracing deciphers inter-tissue metabolic crosstalk,Mus musculus,Peking Union Medical College
ST004031,AN006664,Reversed phase POSITIVE ION MODE,Spatial isotope deep tracing deciphers inter-tissue metabolic crosstalk,Mus musculus,Peking Union Medical College
ST004031,AN006665,Reversed phase NEGATIVE ION MODE,Spatial isotope deep tracing deciphers inter-tissue metabolic crosstalk,Mus musculus,Peking Union Medical College
ST004031,AN006666,Reversed phase POSITIVE ION MODE,Spatial isotope deep tracing deciphers inter-tissue metabolic crosstalk,Mus musculus,Peking Union Medical College
ST004031,AN006667,Reversed phase NEGATIVE ION MODE,Spatial isotope deep tracing deciphers inter-tissue metabolic crosstalk,Mus musculus,Peking Union Medical College
ST004033,AN006670,HILIC POSITIVE ION MODE,A pilot metabolomics study across the continuum of interstitial lung disease fibrosis severity,Homo sapiens,Emory University
ST004034,AN006671,Reversed phase POSITIVE ION MODE,A Multi-Tissue Lipidome and Adipose Proteome Atlas Reveals Perinatal Bisphenol S Exposure Primes Offspring for High-Fat Diet-Induced Obesity and Insulin Resistance,Mus musculus,Jimei University
ST004034,AN006672,Reversed phase NEGATIVE ION MODE,A Multi-Tissue Lipidome and Adipose Proteome Atlas Reveals Perinatal Bisphenol S Exposure Primes Offspring for High-Fat Diet-Induced Obesity and Insulin Resistance,Mus musculus,Jimei University
ST004037,AN006675,Reversed phase POSITIVE ION MODE,Untargeted Metabolomics Reveal Long-Term Metabolic Changes in the Oral Cavity Following Disease Stress and Recovery,Homo sapiens,University of Michigan
ST004041,AN006680,Reversed phase POSITIVE ION MODE,Spatio-temporal phytoplankton dynamics of metabolite production depending on weather conditions,,Muséum Nationale d'Histoire Naturelle
ST004047,AN006690,HILIC UNSPECIFIED ION MODE,Artificial intelligence platform for endometrial cancer risk stratification using clinical and molecular multi-omics data,Homo sapiens,Fudan University
ST004047,AN006691,Reversed phase UNSPECIFIED ION MODE,Artificial intelligence platform for endometrial cancer risk stratification using clinical and molecular multi-omics data,Homo sapiens,Fudan University
ST004050,AN006696,GC POSITIVE ION MODE,Metabolomics analyses of the mechanism underlying neuromuscular electrical stimulation preventing VIDD,Oryctolagus cuniculus,Changzhi Medical College
ST004051,AN006697,Reversed phase POSITIVE ION MODE,Synergistic action of specialized metabolites from divergent biosynthesis in human oral microbiome,Streptococcus mutans,"University of California, Berkeley"
ST004062,AN006721,Reversed phase POSITIVE ION MODE,Enantioselective Protein Affinity Selection Mass Spectrometry (EAS-MS),,University of Toronto
ST004064,AN006724,Reversed phase POSITIVE ION MODE,Metabolomics Analysis of the Mechanism by Which Neuromuscular Electrical Stimulation Prevents Ventilator-Induced Diaphragm Dysfunction,Oryctolagus cuniculus,Changzhi Medical College
ST004064,AN006725,Reversed phase NEGATIVE ION MODE,Metabolomics Analysis of the Mechanism by Which Neuromuscular Electrical Stimulation Prevents Ventilator-Induced Diaphragm Dysfunction,Oryctolagus cuniculus,Changzhi Medical College
ST004066,AN006728,Reversed phase POSITIVE ION MODE,Development of Novel Pancreatic Cancer Diagnostic Biomarkers via Lipidomic Profiling - Untargeted metabolomics in human plasma,Homo sapiens,National Cancer Center Graduate School of Cancer Science and Policy
ST004066,AN006729,Reversed phase NEGATIVE ION MODE,Development of Novel Pancreatic Cancer Diagnostic Biomarkers via Lipidomic Profiling - Untargeted metabolomics in human plasma,Homo sapiens,National Cancer Center Graduate School of Cancer Science and Policy
ST004067,AN006730,Reversed phase POSITIVE ION MODE,Development of Novel Pancreatic Cancer Diagnostic Biomarkers via Lipidomic Profiling - Untargeted metabolomics in mice plasma,Mus musculus,National Cancer Center Graduate School of Cancer Science and Policy
ST004067,AN006731,Reversed phase NEGATIVE ION MODE,Development of Novel Pancreatic Cancer Diagnostic Biomarkers via Lipidomic Profiling - Untargeted metabolomics in mice plasma,Mus musculus,National Cancer Center Graduate School of Cancer Science and Policy
ST004069,AN006734,N/A POSITIVE ION MODE,Spatial metabolomics profiling of the diaphragm during mechanical ventilation,Oryctolagus cuniculus,Changzhi Medical College
ST004069,AN006735,N/A NEGATIVE ION MODE,Spatial metabolomics profiling of the diaphragm during mechanical ventilation,Oryctolagus cuniculus,Changzhi Medical College
ST004080,AN006753,Reversed phase POSITIVE ION MODE,"Revealing metabotypes of IgE-, COX-1 inhibitors- and MRGPRX2 receptor-mediated drug hypersensitivities",Homo sapiens,Universidad CEU San Pablo
ST004080,AN006754,Reversed phase NEGATIVE ION MODE,"Revealing metabotypes of IgE-, COX-1 inhibitors- and MRGPRX2 receptor-mediated drug hypersensitivities",Homo sapiens,Universidad CEU San Pablo
ST004083,AN006761,HILIC POSITIVE ION MODE,"Dietary methionine restriction in high-fat diet-fed male mice, brown adipose tissue metabolomics",Mus musculus,Panome Bio
ST004083,AN006762,HILIC NEGATIVE ION MODE,"Dietary methionine restriction in high-fat diet-fed male mice, brown adipose tissue metabolomics",Mus musculus,Panome Bio
ST004083,AN006763,Reversed phase POSITIVE ION MODE,"Dietary methionine restriction in high-fat diet-fed male mice, brown adipose tissue metabolomics",Mus musculus,Panome Bio
ST004083,AN006764,Reversed phase NEGATIVE ION MODE,"Dietary methionine restriction in high-fat diet-fed male mice, brown adipose tissue metabolomics",Mus musculus,Panome Bio
ST004084,AN006765,HILIC POSITIVE ION MODE,"Dietary methionine restriction in high-fat diet-fed male mice, liver metabolomics",Mus musculus,Panome Bio
ST004084,AN006766,HILIC NEGATIVE ION MODE,"Dietary methionine restriction in high-fat diet-fed male mice, liver metabolomics",Mus musculus,Panome Bio
ST004084,AN006767,Reversed phase POSITIVE ION MODE,"Dietary methionine restriction in high-fat diet-fed male mice, liver metabolomics",Mus musculus,Panome Bio
ST004084,AN006768,Reversed phase NEGATIVE ION MODE,"Dietary methionine restriction in high-fat diet-fed male mice, liver metabolomics",Mus musculus,Panome Bio
ST004085,AN006769,HILIC POSITIVE ION MODE,Methionine restriction alters lipid beta-oxidation and levels of lipids associated with CVD risk,Mus musculus,Panome Bio
ST004085,AN006770,HILIC NEGATIVE ION MODE,Methionine restriction alters lipid beta-oxidation and levels of lipids associated with CVD risk,Mus musculus,Panome Bio
ST004085,AN006771,Reversed phase POSITIVE ION MODE,Methionine restriction alters lipid beta-oxidation and levels of lipids associated with CVD risk,Mus musculus,Panome Bio
ST004085,AN006772,Reversed phase NEGATIVE ION MODE,Methionine restriction alters lipid beta-oxidation and levels of lipids associated with CVD risk,Mus musculus,Panome Bio
ST004087,AN006774,HILIC POSITIVE ION MODE,Bioaccumulation and degradation of drugs in stool-derived communities,,Stanford University
ST004087,AN006775,HILIC NEGATIVE ION MODE,Bioaccumulation and degradation of drugs in stool-derived communities,,Stanford University
ST004093,AN006783,HILIC POSITIVE ION MODE,Autoimmune Disease Risk Gene ANKRD55 Promotes T Cell Proliferation and Th17 2 Effector Function Through Metabolic Modulation,Mus musculus,Broad Institute of MIT and Harvard
ST004093,AN006784,Reversed phase POSITIVE ION MODE,Autoimmune Disease Risk Gene ANKRD55 Promotes T Cell Proliferation and Th17 2 Effector Function Through Metabolic Modulation,Mus musculus,Broad Institute of MIT and Harvard
ST004093,AN006785,HILIC NEGATIVE ION MODE,Autoimmune Disease Risk Gene ANKRD55 Promotes T Cell Proliferation and Th17 2 Effector Function Through Metabolic Modulation,Mus musculus,Broad Institute of MIT and Harvard
ST004093,AN006786,Reversed phase NEGATIVE ION MODE,Autoimmune Disease Risk Gene ANKRD55 Promotes T Cell Proliferation and Th17 2 Effector Function Through Metabolic Modulation,Mus musculus,Broad Institute of MIT and Harvard
ST004091,AN006793,GC POSITIVE ION MODE,The Chromobacterium Volatilome is Strongly Influenced by Growth on Liquid versus Solid Media,Chromobacterium violaceum; Chromobacterium vaccinii,Arizona State University
ST004099,AN006795,Reversed phase POSITIVE ION MODE,A genome-scale metabolic model for deciphering the host metabolic perturbations during Mycobacterium tuberculosis infection,Homo sapiens,Translational health science and technology institute
ST004099,AN006796,Reversed phase NEGATIVE ION MODE,A genome-scale metabolic model for deciphering the host metabolic perturbations during Mycobacterium tuberculosis infection,Homo sapiens,Translational health science and technology institute
ST004099,AN006797,HILIC POSITIVE ION MODE,A genome-scale metabolic model for deciphering the host metabolic perturbations during Mycobacterium tuberculosis infection,Homo sapiens,Translational health science and technology institute
ST004099,AN006798,HILIC NEGATIVE ION MODE,A genome-scale metabolic model for deciphering the host metabolic perturbations during Mycobacterium tuberculosis infection,Homo sapiens,Translational health science and technology institute
ST004100,AN006799,Reversed phase POSITIVE ION MODE,Combined bacterial infection and radiation injury in the murine model: Consequences on metabolomics based biodosimetry (Serum analysis),Mus musculus,Georgetown University
ST004100,AN006800,Reversed phase NEGATIVE ION MODE,Combined bacterial infection and radiation injury in the murine model: Consequences on metabolomics based biodosimetry (Serum analysis),Mus musculus,Georgetown University
ST004101,AN006801,Reversed phase POSITIVE ION MODE,Combined bacterial infection and radiation injury in the murine model: Consequences on metabolomics based biodosimetry (Urine analysis),Mus musculus,Georgetown University
ST004101,AN006802,Reversed phase NEGATIVE ION MODE,Combined bacterial infection and radiation injury in the murine model: Consequences on metabolomics based biodosimetry (Urine analysis),Mus musculus,Georgetown University
ST004112,AN006815,HILIC POSITIVE ION MODE,Nutrient competition predicts gut microbiome restructuring under drug perturbations,Bacteroides thetaiotaomicron,Stanford University
ST004112,AN006816,HILIC NEGATIVE ION MODE,Nutrient competition predicts gut microbiome restructuring under drug perturbations,Bacteroides thetaiotaomicron,Stanford University
ST004114,AN006818,HILIC POSITIVE ION MODE,Metabolic changes in murine macrophages following AIM2 and NLRC4 inflammasomes activation,Mus musculus,Imperial College London
ST004114,AN006819,HILIC NEGATIVE ION MODE,Metabolic changes in murine macrophages following AIM2 and NLRC4 inflammasomes activation,Mus musculus,Imperial College London
ST004113,AN006820,HILIC NEGATIVE ION MODE,Metabolic changes in NLRP3 knockout and VRAC knockdown THP-1 derived macrophages following NLRP3 inflammasome activation,Homo sapiens,Imperial College London
ST004111,AN006821,HILIC UNSPECIFIED ION MODE,Metabolic changes in human macrophages following NLRP3 activation,Homo sapiens,Imperial College London
ST004115,AN006822,HILIC POSITIVE ION MODE,Metabolic changes in murine macrophages following NLRP3 inflammasome activation,Mus musculus,Imperial College London
ST004115,AN006823,HILIC NEGATIVE ION MODE,Metabolic changes in murine macrophages following NLRP3 inflammasome activation,Mus musculus,Imperial College London
ST004128,AN006841,Reversed phase POSITIVE ION MODE,Dual Humanized Immune System and Gut Microbiome Mice Facilitate Akkermansia Engraftment and Enhance B Cell-Mediated Vaccine Responses,Mus musculus,"Agency for Science, Technology and Research (A*STAR)"
ST004128,AN006842,Reversed phase NEGATIVE ION MODE,Dual Humanized Immune System and Gut Microbiome Mice Facilitate Akkermansia Engraftment and Enhance B Cell-Mediated Vaccine Responses,Mus musculus,"Agency for Science, Technology and Research (A*STAR)"
ST004131,AN006845,Reversed phase NEGATIVE ION MODE,Super-resolution imaging of peroxisomes in live cells and comparative lipidomics reveal metabolic dysfunction in adrenoleukodystrophy,Homo sapiens; Mus musculus,Vanderbilt University
ST004132,AN006846,HILIC POSITIVE ION MODE,"Metabolite profiling of portal plasma, cardiac puncture plasma, and cecal contents of 129 T, 129 J, C57Bl6 mice.",Mus musculus,Broad Institute of MIT and Harvard
ST004132,AN006847,Reversed phase POSITIVE ION MODE,"Metabolite profiling of portal plasma, cardiac puncture plasma, and cecal contents of 129 T, 129 J, C57Bl6 mice.",Mus musculus,Broad Institute of MIT and Harvard
ST004132,AN006848,HILIC NEGATIVE ION MODE,"Metabolite profiling of portal plasma, cardiac puncture plasma, and cecal contents of 129 T, 129 J, C57Bl6 mice.",Mus musculus,Broad Institute of MIT and Harvard
ST004132,AN006849,Reversed phase NEGATIVE ION MODE,"Metabolite profiling of portal plasma, cardiac puncture plasma, and cecal contents of 129 T, 129 J, C57Bl6 mice.",Mus musculus,Broad Institute of MIT and Harvard
ST004133,AN006850,HILIC POSITIVE ION MODE,Metabolite profiling of portal and cardiac puncture plasma in C57Bl6 mice treated with Vancomycin or Metronidazole under a regular or high fat diet.,Mus musculus,Broad Institute of MIT and Harvard
ST004133,AN006851,Reversed phase POSITIVE ION MODE,Metabolite profiling of portal and cardiac puncture plasma in C57Bl6 mice treated with Vancomycin or Metronidazole under a regular or high fat diet.,Mus musculus,Broad Institute of MIT and Harvard
ST004133,AN006852,HILIC NEGATIVE ION MODE,Metabolite profiling of portal and cardiac puncture plasma in C57Bl6 mice treated with Vancomycin or Metronidazole under a regular or high fat diet.,Mus musculus,Broad Institute of MIT and Harvard
ST004133,AN006853,Reversed phase NEGATIVE ION MODE,Metabolite profiling of portal and cardiac puncture plasma in C57Bl6 mice treated with Vancomycin or Metronidazole under a regular or high fat diet.,Mus musculus,Broad Institute of MIT and Harvard
ST004137,AN006858,Reversed phase POSITIVE ION MODE,Untargeted urine metabolomic profiling provides insights into the impact of Strongyloides stercoralis infection on progression of early-stage chronic kidney disease (Agilent 6545XT LC/QTOF),Homo sapiens,Khon Kaen University
ST004137,AN006859,Reversed phase NEGATIVE ION MODE,Untargeted urine metabolomic profiling provides insights into the impact of Strongyloides stercoralis infection on progression of early-stage chronic kidney disease (Agilent 6545XT LC/QTOF),Homo sapiens,Khon Kaen University
ST004139,AN006862,None (Direct infusion) NEGATIVE ION MODE,"Metabolic Profiling of Saliva for Determination of Pathogenesis, Diagnosis, and Prognosis in Gestational Diabetes Mellitus in the First and Second Trimester",Homo sapiens,Zhejiang University
ST004140,AN006863,None (Direct infusion) NEGATIVE ION MODE,"Metabolic Profiling of Serum for Determination of Pathogenesis, Diagnosis, and Prognosis in Gestational Diabetes Mellitus in the First and Second Trimester",Homo sapiens,Zhejiang University
ST004141,AN006864,None (Direct infusion) NEGATIVE ION MODE,"Metabolic Profiling of Urine for Determination of Pathogenesis, Diagnosis, and Prognosis in Gestational Diabetes Mellitus in the First and Second Trimester",Homo sapiens,Zhejiang University
ST004149,AN006879,Reversed phase POSITIVE ION MODE,Nicotinamide mononucleotide treatment improves spermatogenesis in obese mice by reducing lysine acetylation of lactate dehydrogenase C,Mus musculus,University of South China
ST004149,AN006880,Reversed phase NEGATIVE ION MODE,Nicotinamide mononucleotide treatment improves spermatogenesis in obese mice by reducing lysine acetylation of lactate dehydrogenase C,Mus musculus,University of South China
ST004151,AN006883,Reversed phase POSITIVE ION MODE,Development of plant extracts as substrates for untargeted transporter substrate identification in Xenopus oocytes,Arabidopsis thaliana,University of Copenhagen
ST004151,AN006884,Reversed phase POSITIVE ION MODE,Development of plant extracts as substrates for untargeted transporter substrate identification in Xenopus oocytes,Arabidopsis thaliana,University of Copenhagen
ST004151,AN006885,Reversed phase POSITIVE ION MODE,Development of plant extracts as substrates for untargeted transporter substrate identification in Xenopus oocytes,Arabidopsis thaliana,University of Copenhagen
ST004151,AN006886,Reversed phase POSITIVE ION MODE,Development of plant extracts as substrates for untargeted transporter substrate identification in Xenopus oocytes,Arabidopsis thaliana,University of Copenhagen
ST004151,AN006887,Reversed phase NEGATIVE ION MODE,Development of plant extracts as substrates for untargeted transporter substrate identification in Xenopus oocytes,Arabidopsis thaliana,University of Copenhagen
ST004151,AN006888,Reversed phase NEGATIVE ION MODE,Development of plant extracts as substrates for untargeted transporter substrate identification in Xenopus oocytes,Arabidopsis thaliana,University of Copenhagen
ST004151,AN006889,Reversed phase NEGATIVE ION MODE,Development of plant extracts as substrates for untargeted transporter substrate identification in Xenopus oocytes,Arabidopsis thaliana,University of Copenhagen
ST004151,AN006890,Reversed phase NEGATIVE ION MODE,Development of plant extracts as substrates for untargeted transporter substrate identification in Xenopus oocytes,Arabidopsis thaliana,University of Copenhagen
ST004151,AN006891,Reversed phase POSITIVE ION MODE,Development of plant extracts as substrates for untargeted transporter substrate identification in Xenopus oocytes,Arabidopsis thaliana,University of Copenhagen
ST004151,AN006892,Reversed phase NEGATIVE ION MODE,Development of plant extracts as substrates for untargeted transporter substrate identification in Xenopus oocytes,Arabidopsis thaliana,University of Copenhagen
ST004156,AN006899,Reversed phase POSITIVE ION MODE,Valerate maintains ammonia homeostasis through modulating microbial amino acid metabolism,Homo sapiens,Zhejiang University
ST004156,AN006900,Reversed phase NEGATIVE ION MODE,Valerate maintains ammonia homeostasis through modulating microbial amino acid metabolism,Homo sapiens,Zhejiang University
ST004170,AN006922,Reversed phase POSITIVE ION MODE,Untargeted Metabolomics for Assessing Neural Stem Cell Therapy in Spinal Cord Injury,Rattus norvegicus,Nanjing University
ST004170,AN006923,Reversed phase NEGATIVE ION MODE,Untargeted Metabolomics for Assessing Neural Stem Cell Therapy in Spinal Cord Injury,Rattus norvegicus,Nanjing University
ST004172,AN006926,Reversed phase NEGATIVE ION MODE,Untargeted metabolomic approach to assess the acute metabolism and urinary excretion of olive leaf bioactive compounds in humans,Homo sapiens,University of Granada
ST004178,AN006933,Reversed phase POSITIVE ION MODE,Tomato-Soy Juice Reduces Inflammation and Modulates Urinary Metabolome in Adults with Obesity,Homo sapiens,Ohio State University
ST004178,AN006934,Reversed phase NEGATIVE ION MODE,Tomato-Soy Juice Reduces Inflammation and Modulates Urinary Metabolome in Adults with Obesity,Homo sapiens,Ohio State University
ST004178,AN006935,HILIC POSITIVE ION MODE,Tomato-Soy Juice Reduces Inflammation and Modulates Urinary Metabolome in Adults with Obesity,Homo sapiens,Ohio State University
ST004178,AN006936,HILIC NEGATIVE ION MODE,Tomato-Soy Juice Reduces Inflammation and Modulates Urinary Metabolome in Adults with Obesity,Homo sapiens,Ohio State University
ST004181,AN006940,Reversed phase POSITIVE ION MODE,The Ability of Dietary Polyunsaturated Fatty Acids to Protect Against Liver Inflammation and Non-Alcoholic Steatohepatitis (NASH) is Dependent on Gut Microbes,Mus musculus,Cleveland Clinic
ST004181,AN006941,Reversed phase NEGATIVE ION MODE,The Ability of Dietary Polyunsaturated Fatty Acids to Protect Against Liver Inflammation and Non-Alcoholic Steatohepatitis (NASH) is Dependent on Gut Microbes,Mus musculus,Cleveland Clinic
ST004181,AN006942,HILIC POSITIVE ION MODE,The Ability of Dietary Polyunsaturated Fatty Acids to Protect Against Liver Inflammation and Non-Alcoholic Steatohepatitis (NASH) is Dependent on Gut Microbes,Mus musculus,Cleveland Clinic
ST004181,AN006943,HILIC NEGATIVE ION MODE,The Ability of Dietary Polyunsaturated Fatty Acids to Protect Against Liver Inflammation and Non-Alcoholic Steatohepatitis (NASH) is Dependent on Gut Microbes,Mus musculus,Cleveland Clinic
ST004183,AN006948,HILIC POSITIVE ION MODE,BAT-derived lipokin screening by serum metabolomics atlas from BAT-ablated mice model,Mus musculus,Harvard Medical School
ST004185,AN006949,Reversed phase POSITIVE ION MODE,Maternal and fetal Tryptophan-Kynurenine metabolite changes in Preeclampsia and Gestational Diabetes,Homo sapiens,Translational Health Science And Technology Institute (THSTI)
ST004185,AN006950,Reversed phase NEGATIVE ION MODE,Maternal and fetal Tryptophan-Kynurenine metabolite changes in Preeclampsia and Gestational Diabetes,Homo sapiens,Translational Health Science And Technology Institute (THSTI)
ST004191,AN006963,Reversed phase POSITIVE ION MODE,BAT-derived lipokin screening by serum lipidomics atlas from BAT-ablated mice model,Mus musculus,Harvard Medical School
ST004192,AN006964,Reversed phase POSITIVE ION MODE,Identification of BAT-derived lipids by integrating mice and human atlases,Homo sapiens,Harvard Medical School
ST004196,AN006973,Normal phase POSITIVE ION MODE,High fluoride exposure disrupts the intestinal microbiota and induces intestinal barrier damage,Mus musculus,"Animal Microecology Institute, Sichuan Agricultural University"
ST004196,AN006974,Normal phase NEGATIVE ION MODE,High fluoride exposure disrupts the intestinal microbiota and induces intestinal barrier damage,Mus musculus,"Animal Microecology Institute, Sichuan Agricultural University"
ST004197,AN006975,HILIC POSITIVE ION MODE,Untargeted metabolomics on PHACTR1 overexpressing and knockdown HT1080 stable cell lines,Homo sapiens,Victor Chang Cardiac Research Institute
ST004197,AN006976,Reversed phase POSITIVE ION MODE,Untargeted metabolomics on PHACTR1 overexpressing and knockdown HT1080 stable cell lines,Homo sapiens,Victor Chang Cardiac Research Institute
ST004198,AN006977,HILIC POSITIVE ION MODE,Deep Serum Multiomics Analysis Defines the Molecular Landscape and a Diagnostic Signature of Acute Ischemic Stroke,Homo sapiens,Wenzhou Medical University
ST004198,AN006978,HILIC NEGATIVE ION MODE,Deep Serum Multiomics Analysis Defines the Molecular Landscape and a Diagnostic Signature of Acute Ischemic Stroke,Homo sapiens,Wenzhou Medical University
ST004198,AN006979,Reversed phase POSITIVE ION MODE,Deep Serum Multiomics Analysis Defines the Molecular Landscape and a Diagnostic Signature of Acute Ischemic Stroke,Homo sapiens,Wenzhou Medical University
ST004198,AN006980,Reversed phase NEGATIVE ION MODE,Deep Serum Multiomics Analysis Defines the Molecular Landscape and a Diagnostic Signature of Acute Ischemic Stroke,Homo sapiens,Wenzhou Medical University
ST004199,AN006981,Reversed phase POSITIVE ION MODE,Longitudinal Metabolomic Changes in Adolescents with Obesity: Efficacy of a One-Year Ketogenic Nutritional Intervention,Homo sapiens,Universidad CEU San Pablo
ST004199,AN006982,Reversed phase NEGATIVE ION MODE,Longitudinal Metabolomic Changes in Adolescents with Obesity: Efficacy of a One-Year Ketogenic Nutritional Intervention,Homo sapiens,Universidad CEU San Pablo
ST004199,AN006983,CE POSITIVE ION MODE,Longitudinal Metabolomic Changes in Adolescents with Obesity: Efficacy of a One-Year Ketogenic Nutritional Intervention,Homo sapiens,Universidad CEU San Pablo
ST004199,AN006984,CE NEGATIVE ION MODE,Longitudinal Metabolomic Changes in Adolescents with Obesity: Efficacy of a One-Year Ketogenic Nutritional Intervention,Homo sapiens,Universidad CEU San Pablo
ST004208,AN006998,Reversed phase POSITIVE ION MODE,Plasma Metabolomics Profiling in Men Who Have Sex with Men Before HIV-1 Infection,Homo sapiens,National Institute of Environmental Health Sciences
ST004208,AN006999,Reversed phase NEGATIVE ION MODE,Plasma Metabolomics Profiling in Men Who Have Sex with Men Before HIV-1 Infection,Homo sapiens,National Institute of Environmental Health Sciences
ST004209,AN007000,Reversed phase POSITIVE ION MODE,Oral Metabolomics Profiling in Men Who Have Sex with Men Before HIV-1 Infection,Homo sapiens,National Institute of Environmental Health Sciences
ST004209,AN007001,Reversed phase NEGATIVE ION MODE,Oral Metabolomics Profiling in Men Who Have Sex with Men Before HIV-1 Infection,Homo sapiens,National Institute of Environmental Health Sciences
ST004210,AN007002,Reversed phase POSITIVE ION MODE,Stool Metabolomics Profiling in Men Who Have Sex with Men Before HIV-1 Infection,Homo sapiens,National Institute of Environmental Health Sciences
ST004210,AN007003,Reversed phase NEGATIVE ION MODE,Stool Metabolomics Profiling in Men Who Have Sex with Men Before HIV-1 Infection,Homo sapiens,National Institute of Environmental Health Sciences
ST004211,AN007004,HILIC NEGATIVE ION MODE,Lost and Found: Rediscovering Microbiome-Associated Phenotypes that Reshape Agricultural Sustainability,Zea mays,University of Arizona
ST004211,AN007005,Reversed phase POSITIVE ION MODE,Lost and Found: Rediscovering Microbiome-Associated Phenotypes that Reshape Agricultural Sustainability,Zea mays,University of Arizona
ST004220,AN007022,Reversed phase POSITIVE ION MODE,Untargeted Metabolomics of NCI-H1299 Cells Transfected with siRNA Targeting MAT2A For 72h,Homo sapiens,"Shanghai Institute of Materia Medica, Chinese Academy of Sciences"
ST004220,AN007023,Reversed phase NEGATIVE ION MODE,Untargeted Metabolomics of NCI-H1299 Cells Transfected with siRNA Targeting MAT2A For 72h,Homo sapiens,"Shanghai Institute of Materia Medica, Chinese Academy of Sciences"
ST004232,AN007047,Reversed phase NEGATIVE ION MODE,Constitutive metabolite profiling of European and Asian Fraxinus with varying susceptibility to ash dieback,"Fraxinus excelsior, Fraxinus chinensis, Fraxinus mandshurica, Fraxinus platypoda",Swedish University of Agricultural Sciences
ST004241,AN007058,HILIC POSITIVE ION MODE,"Global metabolomics and lipidomics identified steroid, sphingolipid, and microbiome-associated pathways linked to asthma exacerbation",Homo sapiens,China Pharmaceutical University
ST004241,AN007059,Reversed phase NEGATIVE ION MODE,"Global metabolomics and lipidomics identified steroid, sphingolipid, and microbiome-associated pathways linked to asthma exacerbation",Homo sapiens,China Pharmaceutical University
ST004241,AN007060,Reversed phase POSITIVE ION MODE,"Global metabolomics and lipidomics identified steroid, sphingolipid, and microbiome-associated pathways linked to asthma exacerbation",Homo sapiens,China Pharmaceutical University
ST004242,AN007061,Reversed phase POSITIVE ION MODE,Glycolysis inhibition functionally reprograms T follicular helper cells and reverses lupus - lupus prone W.Yaa mouse treated with 2-deoxy-D-glucose,Mus musculus,UT Health San Antonio
ST004242,AN007062,Reversed phase NEGATIVE ION MODE,Glycolysis inhibition functionally reprograms T follicular helper cells and reverses lupus - lupus prone W.Yaa mouse treated with 2-deoxy-D-glucose,Mus musculus,UT Health San Antonio
ST004243,AN007063,Reversed phase POSITIVE ION MODE,Glycolysis inhibition functionally reprograms T follicular helper cells and reverses lupus - human Lupus patients,Homo sapiens,UT Health San Antonio
ST004243,AN007064,Reversed phase NEGATIVE ION MODE,Glycolysis inhibition functionally reprograms T follicular helper cells and reverses lupus - human Lupus patients,Homo sapiens,UT Health San Antonio
ST004245,AN007066,Reversed phase POSITIVE ION MODE,Untargeted LC‑MS metabolomics of fecal samples from MSALD mice under low‑ and high‑dose XOS intervention,Mus musculus,The Affiliated Hospital of Qingdao University
ST004245,AN007067,Reversed phase NEGATIVE ION MODE,Untargeted LC‑MS metabolomics of fecal samples from MSALD mice under low‑ and high‑dose XOS intervention,Mus musculus,The Affiliated Hospital of Qingdao University
ST004248,AN007070,Reversed phase POSITIVE ION MODE,A multi-omics exploration of biological responses upon high carotenoid intake,Homo sapiens,Ohio State University
ST004248,AN007071,Reversed phase NEGATIVE ION MODE,A multi-omics exploration of biological responses upon high carotenoid intake,Homo sapiens,Ohio State University
ST004255,AN007079,GC POSITIVE ION MODE,Untargeted GC-MS metabolomics of deep eutectic solvent exposure in mouse,Mus musculus,Sungkyunkwan University
ST004255,AN007080,GC POSITIVE ION MODE,Untargeted GC-MS metabolomics of deep eutectic solvent exposure in mouse,Mus musculus,Sungkyunkwan University
ST004255,AN007081,GC POSITIVE ION MODE,Untargeted GC-MS metabolomics of deep eutectic solvent exposure in mouse,Mus musculus,Sungkyunkwan University
ST004259,AN007087,Reversed phase POSITIVE ION MODE,Phytate enhances gut Parasutterella colonization to alleviate radiation injury via anti-inflammatory and antioxidant effects,Homo sapiens,Chinese Academy of Medical Sciences
ST004259,AN007088,Reversed phase NEGATIVE ION MODE,Phytate enhances gut Parasutterella colonization to alleviate radiation injury via anti-inflammatory and antioxidant effects,Homo sapiens,Chinese Academy of Medical Sciences
ST004265,AN007098,Reversed phase NEGATIVE ION MODE,"Seasonal Signatures in Asparagopsis taxiformis (Rhodophyta) Holobiont: Linking Epiphytic Microbial Communities, Metabolite Profiles, and Bioactivity",Asparagopsis taxiformis,Haifa University
ST004266,AN007099,HILIC POSITIVE ION MODE,UNTARGETED METABOLOMIC AND LIPIDOMIC PROFILING IN CYSTIC FIBROSIS PATIENTS USING UPLC-QTOF-MS,Homo sapiens,Université de Sherbrooke
ST004266,AN007100,Reversed phase NEGATIVE ION MODE,UNTARGETED METABOLOMIC AND LIPIDOMIC PROFILING IN CYSTIC FIBROSIS PATIENTS USING UPLC-QTOF-MS,Homo sapiens,Université de Sherbrooke
ST004266,AN007101,Reversed phase POSITIVE ION MODE,UNTARGETED METABOLOMIC AND LIPIDOMIC PROFILING IN CYSTIC FIBROSIS PATIENTS USING UPLC-QTOF-MS,Homo sapiens,Université de Sherbrooke
ST004266,AN007102,HILIC NEGATIVE ION MODE,UNTARGETED METABOLOMIC AND LIPIDOMIC PROFILING IN CYSTIC FIBROSIS PATIENTS USING UPLC-QTOF-MS,Homo sapiens,Université de Sherbrooke
ST004271,AN007109,Reversed phase NEGATIVE ION MODE,Metabolomic profiles of sweet potato (Ipomoea batatas) cultivars: Insights into biochemical differences,Ipomoea batatas,Nelson Mandela University
ST004299,AN007150,Reversed phase POSITIVE ION MODE,"Mediterranean Quercus acorns as functional foods: Phytochemical profile, metabolomic insights, and nutritional potential","Quercus ilex subsp. ballota, Quercus ilex subsp. ilex, Quercus faginea, Quercus suber, Quercus coccifera, Quercus robur, Quercus petraea, Quercus pubescens",University of Cordoba
ST004299,AN007151,Reversed phase NEGATIVE ION MODE,"Mediterranean Quercus acorns as functional foods: Phytochemical profile, metabolomic insights, and nutritional potential","Quercus ilex subsp. ballota, Quercus ilex subsp. ilex, Quercus faginea, Quercus suber, Quercus coccifera, Quercus robur, Quercus petraea, Quercus pubescens",University of Cordoba
ST004302,AN007158,HILIC NEGATIVE ION MODE,Metabolomic analysis of wild-type and TauT-/- murine Mesenchymal Stromal Cells (MSCs),Mus musculus,University of Rochester Medical Center
ST004302,AN007159,HILIC POSITIVE ION MODE,Metabolomic analysis of wild-type and TauT-/- murine Mesenchymal Stromal Cells (MSCs),Mus musculus,University of Rochester Medical Center
ST004304,AN007161,Reversed phase POSITIVE ION MODE,Untargeted UHPLC-Q-Orbitrap Metabolomic Profiling of Cattle Serum after Testosterone Propionate Administration,Bos taurus,Universidade Federal de Minas Gerais
ST004306,AN007165,Reversed phase POSITIVE ION MODE,Comparative Metabolomic Profiling of Bone Marrow-Derived Macrophages from Wild-Type and MG53-KO Mice,Mus musculus,Zhejiang University
ST004306,AN007166,Reversed phase NEGATIVE ION MODE,Comparative Metabolomic Profiling of Bone Marrow-Derived Macrophages from Wild-Type and MG53-KO Mice,Mus musculus,Zhejiang University
ST004308,AN007170,Reversed phase POSITIVE ION MODE,The Impact of IRF7 Overexpression on the Lipidome in THP1 Cells,Homo sapiens,Zhejiang University
ST004308,AN007171,Reversed phase NEGATIVE ION MODE,The Impact of IRF7 Overexpression on the Lipidome in THP1 Cells,Homo sapiens,Zhejiang University
ST004319,AN007196,Reversed phase POSITIVE ION MODE,Community structure and metabolite profiles of psychrophiles and thermophiles in bovine raw milk from arid inland areas,,Xinjiang University
ST004319,AN007197,Reversed phase NEGATIVE ION MODE,Community structure and metabolite profiles of psychrophiles and thermophiles in bovine raw milk from arid inland areas,,Xinjiang University
ST004331,AN007220,HILIC POSITIVE ION MODE,An integrating LC-MS approach for metabolome profile in whole-body tissue of adult zebrafish,Danio rerio,Minzu University of China
ST004331,AN007221,Reversed phase POSITIVE ION MODE,An integrating LC-MS approach for metabolome profile in whole-body tissue of adult zebrafish,Danio rerio,Minzu University of China
ST004341,AN007249,Reversed phase NEGATIVE ION MODE,Effects of honey on alcohol-associated liver disease (ALD): Honey combined with ethanol modeling and serum metabolomics,Mus musculus,Chinese Academy of Agricultural Sciences Institute of Apiculture Research
ST004341,AN007250,Reversed phase POSITIVE ION MODE,Effects of honey on alcohol-associated liver disease (ALD): Honey combined with ethanol modeling and serum metabolomics,Mus musculus,Chinese Academy of Agricultural Sciences Institute of Apiculture Research
ST004344,AN007253,Reversed phase POSITIVE ION MODE,The chemical profiles of Aroeira honey from Vale do Jequitinhonha and from Norte de Minas (Brazil) are largely similar,Myracrodruon urundeuva,Federal University of Minas Gerais
ST004344,AN007254,Reversed phase NEGATIVE ION MODE,The chemical profiles of Aroeira honey from Vale do Jequitinhonha and from Norte de Minas (Brazil) are largely similar,Myracrodruon urundeuva,Federal University of Minas Gerais
ST004346,AN007256,Reversed phase NEGATIVE ION MODE,Quantifying phosphatidylcholine species associated with T cell dysfunction in ovarian cancer ascites,Homo sapiens,University of Pennsylvania
ST004351,AN007263,Reversed phase POSITIVE ION MODE,Interactions with bacteria shape diatom adaptation to carbon concentration changes,"Phaeodactylum tricornutum, Loktanella vestfoldensis",Chinese Academy of Sciences
ST004351,AN007264,Reversed phase NEGATIVE ION MODE,Interactions with bacteria shape diatom adaptation to carbon concentration changes,"Phaeodactylum tricornutum, Loktanella vestfoldensis",Chinese Academy of Sciences
ST004373,AN007307,HILIC POSITIVE ION MODE,"In C57BL/6J mice, weight loss in previously obese mice shifted the cortical bone metabolome",Mus musculus,MaineHealth Institute for Research
ST004374,AN007308,HILIC POSITIVE ION MODE,Chemically Induced Alanine Auxotrophy of Mycobacterium tuberculosis,Mycobacterium tuberculosis,Trudeau Institute
ST004374,AN007309,HILIC NEGATIVE ION MODE,Chemically Induced Alanine Auxotrophy of Mycobacterium tuberculosis,Mycobacterium tuberculosis,Trudeau Institute
ST004386,AN007328,Reversed phase POSITIVE ION MODE,Metabolomic analysis of CAR T-cells and untransduced T-cells from healthy donor,Homo sapiens,King Faisal Specialist Hospital and Research Centre (KFSHRC)
ST004386,AN007329,Reversed phase NEGATIVE ION MODE,Metabolomic analysis of CAR T-cells and untransduced T-cells from healthy donor,Homo sapiens,King Faisal Specialist Hospital and Research Centre (KFSHRC)
ST004436,AN007423,HILIC POSITIVE ION MODE,Di-isononyl phthalate disrupts hepatic lipid metabolism and mitochondrial function,Mus musculus,University of Eastern Finland
ST004436,AN007424,HILIC POSITIVE ION MODE,Di-isononyl phthalate disrupts hepatic lipid metabolism and mitochondrial function,Mus musculus,University of Eastern Finland
ST004436,AN007425,HILIC NEGATIVE ION MODE,Di-isononyl phthalate disrupts hepatic lipid metabolism and mitochondrial function,Mus musculus,University of Eastern Finland
ST004436,AN007426,HILIC NEGATIVE ION MODE,Di-isononyl phthalate disrupts hepatic lipid metabolism and mitochondrial function,Mus musculus,University of Eastern Finland
ST004436,AN007427,Reversed phase POSITIVE ION MODE,Di-isononyl phthalate disrupts hepatic lipid metabolism and mitochondrial function,Mus musculus,University of Eastern Finland
ST004436,AN007428,Reversed phase POSITIVE ION MODE,Di-isononyl phthalate disrupts hepatic lipid metabolism and mitochondrial function,Mus musculus,University of Eastern Finland
ST004436,AN007429,Reversed phase NEGATIVE ION MODE,Di-isononyl phthalate disrupts hepatic lipid metabolism and mitochondrial function,Mus musculus,University of Eastern Finland
ST004436,AN007430,Reversed phase NEGATIVE ION MODE,Di-isononyl phthalate disrupts hepatic lipid metabolism and mitochondrial function,Mus musculus,University of Eastern Finland
ST004442,AN007439,GC POSITIVE ION MODE,Identification of Metabolomic Signatures of Diabetic Kidney Disease in Plasma Using Untargeted Gas Chromatography-Mass Spectrometry,Homo sapiens,"Center for Precision Medicine, Wake Forest University School of Medicine"
ST004443,AN007440,Reversed phase POSITIVE ION MODE,Profiling the small intestinal microbiota in vitro using 4 donors,Human gut microbiome,United States Department of Agriculture
ST004443,AN007441,Reversed phase NEGATIVE ION MODE,Profiling the small intestinal microbiota in vitro using 4 donors,Human gut microbiome,United States Department of Agriculture
ST004469,AN007492,Reversed phase POSITIVE ION MODE,Diel light dynamics regulate arsenic methylation in cyanobacteria and in microbial mats,Synechococcus sp. SAG2156,Universität Phillips-Marburg
ST004470,AN007493,HILIC UNSPECIFIED ION MODE,"Sex-specific effects of exogenous asparagine on colorectal tumor growth, 17β-estradiol levels, and aromatase in mice",Mus musculus,Yale University
ST004470,AN007494,HILIC UNSPECIFIED ION MODE,"Sex-specific effects of exogenous asparagine on colorectal tumor growth, 17β-estradiol levels, and aromatase in mice",Mus musculus,Yale University
ST004479,AN007511,Reversed phase POSITIVE ION MODE,Metabolomics to decipher the impact of the adjunct culture Lactiplantibacillus plantarum NDF28B2 on yoghurt quality,,Jiangnan University
ST004479,AN007512,Reversed phase NEGATIVE ION MODE,Metabolomics to decipher the impact of the adjunct culture Lactiplantibacillus plantarum NDF28B2 on yoghurt quality,,Jiangnan University
ST004483,AN007518,GC POSITIVE ION MODE,Identification of Metabolomic Signatures of Diabetic Kidney Disease in Urine Using Untargeted Gas Chromatography-Mass Spectrometry,Homo sapiens,"Center for Precision Medicine, Wake Forest University School of Medicine"
ST004499,AN007545,Reversed phase POSITIVE ION MODE,Compounded effects of warming and drought accelerate microbially mediated organic matter decomposition and suppress methanogenesis in peatlands,,University of Arizona
ST004499,AN007546,HILIC NEGATIVE ION MODE,Compounded effects of warming and drought accelerate microbially mediated organic matter decomposition and suppress methanogenesis in peatlands,,University of Arizona
ST004500,AN007547,Reversed phase NEGATIVE ION MODE,Benchmarking Data for Untargeted Mass Spectrometry-Based Metabolomics: LC (Reverse Phase)-Orbitrap MS (Negative),Homo sapiens,Washington University in St. Louis
ST004501,AN007548,HILIC POSITIVE ION MODE,Benchmarking Data for Untargeted Mass Spectrometry-Based Metabolomics: LC (HILIC)-Orbitrap MS (Positive),Homo sapiens,Washington University in St. Louis
ST004502,AN007549,HILIC NEGATIVE ION MODE,Benchmarking Data for Untargeted Mass Spectrometry-Based Metabolomics: LC (HILIC)-Orbitrap MS (Negative),Homo sapiens,Washington University in St. Louis
ST004504,AN007551,Reversed phase POSITIVE ION MODE,Benchmarking Data for Untargeted Mass Spectrometry-Based Metabolomics: LC (Reverse Phase)-Orbitrap MS (Positive),Homo sapiens,Washington University in St. Louis
ST004503,AN007557,Reversed phase POSITIVE ION MODE,Benchmarking Data for Untargeted Mass Spectrometry-Based Metabolomics: LC (Reverse Phase)-TOF MS (Positive),Homo sapiens,Colorado State University
ST004508,AN007558,Reversed phase POSITIVE ION MODE,Silage-derived flavonoids reprogram rumen microbiota to improve milk fat synthesis via rumen-mammary gland axis,Medicago sativa L.,"School of Life Sciences, Lanzhou University"
ST004508,AN007559,Reversed phase NEGATIVE ION MODE,Silage-derived flavonoids reprogram rumen microbiota to improve milk fat synthesis via rumen-mammary gland axis,Medicago sativa L.,"School of Life Sciences, Lanzhou University"
ST004512,AN007567,HILIC POSITIVE ION MODE,"Metabolomic Profiling of Squid Chromatophores Reveals Differential Biochemical Fingerprints across Red, Yellow, and Brown Colors",Doryteuthis pealeii,Vanderbilt University
ST004531,AN007611,HILIC POSITIVE ION MODE,Ex Vivo Hypothermic Perfusion Enables 48-Hour Heart Preservation and Bench-Top Functional Recovery via Normothermic Reperfusion in a Porcine Model,Sus scrofa,Columbia University
ST004531,AN007612,Reversed phase NEGATIVE ION MODE,Ex Vivo Hypothermic Perfusion Enables 48-Hour Heart Preservation and Bench-Top Functional Recovery via Normothermic Reperfusion in a Porcine Model,Sus scrofa,Columbia University
ST004534,AN007616,None (Direct infusion) POSITIVE ION MODE,Lipidomics studies of Mycoplasma gallisepticum cells and vesicles. Minimal cell - regulation of metabolism by size variation.,Mycoplasma gallisepticum,Research Institute for Systems Biology and Medicine (RISBM)
ST004536,AN007619,HILIC POSITIVE ION MODE,Non-Targeted lipidomics of AML12 Cells with NMT2 Knockdown.,Mus musculus,"Dalian Medical University, Dalian, China"
ST004536,AN007620,HILIC NEGATIVE ION MODE,Non-Targeted lipidomics of AML12 Cells with NMT2 Knockdown.,Mus musculus,"Dalian Medical University, Dalian, China"
ST004544,AN007633,HILIC POSITIVE ION MODE,Molecular and Cellular Adaptations to Extended Hypothermic Oxygenated Perfusion in Donation-After-Circulatory-Death Hearts in a Porcine Model,Sus scrofa,Columbia University
ST004544,AN007634,Reversed phase NEGATIVE ION MODE,Molecular and Cellular Adaptations to Extended Hypothermic Oxygenated Perfusion in Donation-After-Circulatory-Death Hearts in a Porcine Model,Sus scrofa,Columbia University
ST004547,AN007638,Reversed phase POSITIVE ION MODE,"Understanding the role of gut microbiome in the relationship between environment, S. mansoni infection and Cardiovascular risk.",Homo sapiens,MRC/UVRI & LSHTM Uganda Research Unit
ST004558,AN007655,Ion exchange NEGATIVE ION MODE,Interferon-γ Rewires Central Carbon Metabolism in OE33 and Hs578T Cells by Elevating TCA Cycle Intermediates,Homo sapiens,University of Texas MD Anderson Cancer Center
ST004559,AN007656,Normal phase POSITIVE ION MODE,Untargeted metabolomics applied for white-to-beige adipocyte trans-differentiation,Homo sapiens,CIC bioGUNE - Centro de Investigación Cooperativa en Biociencias
ST004559,AN007657,Normal phase NEGATIVE ION MODE,Untargeted metabolomics applied for white-to-beige adipocyte trans-differentiation,Homo sapiens,CIC bioGUNE - Centro de Investigación Cooperativa en Biociencias
ST004560,AN007658,Reversed phase POSITIVE ION MODE,Metabolic Remodeling Patterns in Mice under Low-pressure and Hypoxic Conditions and β-nicotinamide mononucleotide intervention Study (Heart),Mus musculus,Jimei University
ST004560,AN007659,Reversed phase NEGATIVE ION MODE,Metabolic Remodeling Patterns in Mice under Low-pressure and Hypoxic Conditions and β-nicotinamide mononucleotide intervention Study (Heart),Mus musculus,Jimei University
ST004561,AN007660,Reversed phase POSITIVE ION MODE,Metabolic Remodeling Patterns in Mice under Low-pressure and Hypoxic Conditions and β-nicotinamide mononucleotide intervention Study (Brain),Mus musculus,Jimei University
ST004561,AN007661,Reversed phase NEGATIVE ION MODE,Metabolic Remodeling Patterns in Mice under Low-pressure and Hypoxic Conditions and β-nicotinamide mononucleotide intervention Study (Brain),Mus musculus,Jimei University
ST004562,AN007662,Reversed phase POSITIVE ION MODE,Metabolic Remodeling Patterns in Mice under Low-pressure and Hypoxic Conditions and β-nicotinamide mononucleotide intervention Study (Intestine),Mus musculus,Jimei University
ST004562,AN007663,Reversed phase NEGATIVE ION MODE,Metabolic Remodeling Patterns in Mice under Low-pressure and Hypoxic Conditions and β-nicotinamide mononucleotide intervention Study (Intestine),Mus musculus,Jimei University
ST004564,AN007665,Reversed phase POSITIVE ION MODE,Metabolic Remodeling Patterns in Mice under Low-pressure and Hypoxic Conditions and β-nicotinamide mononucleotide intervention Study (Liver),Mus musculus,Jimei University
ST004564,AN007666,Reversed phase NEGATIVE ION MODE,Metabolic Remodeling Patterns in Mice under Low-pressure and Hypoxic Conditions and β-nicotinamide mononucleotide intervention Study (Liver),Mus musculus,Jimei University
ST004565,AN007667,Reversed phase POSITIVE ION MODE,Metabolic Remodeling Patterns in Mice under Low-pressure and Hypoxic Conditions and β-nicotinamide mononucleotide intervention Study (Kidney),Mus musculus,Jimei University
ST004565,AN007668,Reversed phase NEGATIVE ION MODE,Metabolic Remodeling Patterns in Mice under Low-pressure and Hypoxic Conditions and β-nicotinamide mononucleotide intervention Study (Kidney),Mus musculus,Jimei University
ST004566,AN007669,Reversed phase POSITIVE ION MODE,Metabolic Remodeling Patterns in Mice under Low-pressure and Hypoxic Conditions and β-nicotinamide mononucleotide intervention Study (Lung),Mus musculus,Jimei University
ST004566,AN007670,Reversed phase NEGATIVE ION MODE,Metabolic Remodeling Patterns in Mice under Low-pressure and Hypoxic Conditions and β-nicotinamide mononucleotide intervention Study (Lung),Mus musculus,Jimei University
ST004567,AN007671,Reversed phase POSITIVE ION MODE,Metabolic Remodeling Patterns in Mice under Low-pressure and Hypoxic Conditions and β-nicotinamide mononucleotide intervention Study (Serum),Mus musculus,Jimei University
ST004567,AN007672,Reversed phase NEGATIVE ION MODE,Metabolic Remodeling Patterns in Mice under Low-pressure and Hypoxic Conditions and β-nicotinamide mononucleotide intervention Study (Serum),Mus musculus,Jimei University
ST004570,AN007677,Reversed phase POSITIVE ION MODE,Metabolomic analysis of mesenchymal stem cell–derived exosomes isolated by polyethylene glycol precipitation,,Chungnam National University
ST004572,AN007679,HILIC POSITIVE ION MODE,Metabolomics analysis of granulocytic myeloid-derived suppressor cells,Mus musculus,University of Nebraska Medical Center
ST004572,AN007680,HILIC NEGATIVE ION MODE,Metabolomics analysis of granulocytic myeloid-derived suppressor cells,Mus musculus,University of Nebraska Medical Center
ST004526,AN007691,Reversed phase POSITIVE ION MODE,Lactiplantibacillus plantarum BX62-inoculated silage reprogram rumen microbiota and metabolic profile.,Capra hircus,Lanzhou University
ST004526,AN007692,Reversed phase NEGATIVE ION MODE,Lactiplantibacillus plantarum BX62-inoculated silage reprogram rumen microbiota and metabolic profile.,Capra hircus,Lanzhou University
ST004579,AN007693,Reversed phase POSITIVE ION MODE,The Metabolic Awakening of Barley Seedlings: A Time-Resolved View of how Germination Shapes Tissue-Specific Metabolic Networks,Hordeum vulgare,University of Johannesburg
ST004583,AN007701,Reversed phase POSITIVE ION MODE,Selection of cell-derived signals: a new strategy using cell lines and correlation analyses in CD3+ cells.,Homo sapiens,Universidad CEU San Pablo
ST004583,AN007702,Reversed phase NEGATIVE ION MODE,Selection of cell-derived signals: a new strategy using cell lines and correlation analyses in CD3+ cells.,Homo sapiens,Universidad CEU San Pablo
ST004584,AN007703,Reversed phase POSITIVE ION MODE,Effect of serum content after anaphylaxis on the lipidomics profile of endothelial cells.,Homo sapiens,Universidad CEU San Pablo
ST004584,AN007704,Reversed phase NEGATIVE ION MODE,Effect of serum content after anaphylaxis on the lipidomics profile of endothelial cells.,Homo sapiens,Universidad CEU San Pablo
ST004587,AN007711,Reversed phase UNSPECIFIED ION MODE,Characterization of leached molecules from pristine and weathered polyethylene.,,UIB
ST004602,AN007760,HILIC POSITIVE ION MODE,"SNH-119014, a novel pyruvate kinase activator, enhances ATP production in red blood cells from patients with β-thalassemia major",Homo sapiens,The First Affiliated Hospital of Guangxi Medical University
ST004602,AN007761,HILIC NEGATIVE ION MODE,"SNH-119014, a novel pyruvate kinase activator, enhances ATP production in red blood cells from patients with β-thalassemia major",Homo sapiens,The First Affiliated Hospital of Guangxi Medical University
ST004606,AN007766,HILIC POSITIVE ION MODE,Metabolomic and Lipidomic Mass Spectrometry-Based Strategies to Evaluate Treatment Effects on Cystic Fibrosis Patients,Homo sapiens,Université de Sherbrooke
ST004606,AN007767,Reversed phase POSITIVE ION MODE,Metabolomic and Lipidomic Mass Spectrometry-Based Strategies to Evaluate Treatment Effects on Cystic Fibrosis Patients,Homo sapiens,Université de Sherbrooke
ST004606,AN007768,HILIC NEGATIVE ION MODE,Metabolomic and Lipidomic Mass Spectrometry-Based Strategies to Evaluate Treatment Effects on Cystic Fibrosis Patients,Homo sapiens,Université de Sherbrooke
ST004606,AN007769,Reversed phase NEGATIVE ION MODE,Metabolomic and Lipidomic Mass Spectrometry-Based Strategies to Evaluate Treatment Effects on Cystic Fibrosis Patients,Homo sapiens,Université de Sherbrooke
ST004612,AN007778,Reversed Phase (Positive) POSITIVE ION MODE,Untargeted lipidomics analysis of H1299 cells under methionine-replete and methionine-depleted conditions,Homo sapiens,Korea Basic Science Institute
ST004612,AN007779,Reversed Phase (Positive) NEGATIVE ION MODE,Untargeted lipidomics analysis of H1299 cells under methionine-replete and methionine-depleted conditions,Homo sapiens,Korea Basic Science Institute
ST004604,AN007780,Reversed Phase (Positive) POSITIVE ION MODE,Untargeted lipidomics analysis of A549 cells under methionine-replete and methionine-depleted conditions,Homo sapiens,Korea Basic Science Institute
ST004604,AN007781,Reversed Phase (Positive) NEGATIVE ION MODE,Untargeted lipidomics analysis of A549 cells under methionine-replete and methionine-depleted conditions,Homo sapiens,Korea Basic Science Institute
ST004615,AN007786,HILIC NEGATIVE ION MODE,Multi-omics analyses reveal key immunological and metabolic determinants of mortality in HIV-associated Pneumocystis pneumonia,Homo sapiens,Imperial College London
ST004615,AN007787,HILIC POSITIVE ION MODE,Multi-omics analyses reveal key immunological and metabolic determinants of mortality in HIV-associated Pneumocystis pneumonia,Homo sapiens,Imperial College London
ST004617,AN007790,Reversed phase POSITIVE ION MODE,Discovery of the biosynthetic gene cluster for the fuscazines using tRNA-deacylase directed discovery of biosynthetic gene clusters,Escherichia coli,"University of California, Berkeley"
ST004619,AN007793,Reversed phase POSITIVE ION MODE,Metabolomics-Guided Discovery of Chlorinated Chaetoviridin-Type Azaphilones,Chaetomium globosum,Third Institute of Oceanography
ST004626,AN007804,Reversed phase POSITIVE ION MODE,Benchmarking Data for Untargeted Mass Spectrometry-Based Metabolomics: LC (Reverse Phase)-TOF MS (Negative),Homo sapiens,Colorado State University
ST004629,AN007807,Reversed phase UNSPECIFIED ION MODE,Characterization of leached molecules from pristine and weathered polyethylene - Study 2,,University of the Balearic Islands
ST004630,AN007808,Reversed phase POSITIVE ION MODE,Altered Gut Microbiota and Metabolites in Children with Non-organic Anorexia: A Multi-omics Integration Study,Homo sapiens,Shanghai Jiao Tong University School of Medicine
ST004630,AN007809,Reversed phase NEGATIVE ION MODE,Altered Gut Microbiota and Metabolites in Children with Non-organic Anorexia: A Multi-omics Integration Study,Homo sapiens,Shanghai Jiao Tong University School of Medicine
ST004636,AN007820,Reversed phase POSITIVE ION MODE,Nutritional Pressure from Serum Amplifies Dysbiotic Features in an Oral Microbiome Synthetic Community,Mixed bacterial community,University at Buffalo
ST004636,AN007821,Reversed phase NEGATIVE ION MODE,Nutritional Pressure from Serum Amplifies Dysbiotic Features in an Oral Microbiome Synthetic Community,Mixed bacterial community,University at Buffalo
ST004637,AN007822,HILIC POSITIVE ION MODE,The metabolic and anatomical complexity of root microhabitats modulate their interaction with the microbiota: Duckweed Plant Exudate analysis,Lemnoideae,University of Nottingham
ST004639,AN007824,HILIC POSITIVE ION MODE,Multi-omics analyses of E. coli strains that synthesized the non-natural cofactor nicotinamide cytosine dinucleotide,Escherichia coli,Dalian University of Technology
ST004639,AN007825,HILIC NEGATIVE ION MODE,Multi-omics analyses of E. coli strains that synthesized the non-natural cofactor nicotinamide cytosine dinucleotide,Escherichia coli,Dalian University of Technology
ST004639,AN007826,Reversed phase POSITIVE ION MODE,Multi-omics analyses of E. coli strains that synthesized the non-natural cofactor nicotinamide cytosine dinucleotide,Escherichia coli,Dalian University of Technology
ST004639,AN007827,Reversed phase NEGATIVE ION MODE,Multi-omics analyses of E. coli strains that synthesized the non-natural cofactor nicotinamide cytosine dinucleotide,Escherichia coli,Dalian University of Technology
ST004646,AN007838,HILIC NEGATIVE ION MODE,Adaptaquin treatment limits CMV replication,Homo sapiens,University of Rochester Medical Center
ST004646,AN007839,HILIC POSITIVE ION MODE,Adaptaquin treatment limits CMV replication,Homo sapiens,University of Rochester Medical Center
ST004647,AN007840,HILIC NEGATIVE ION MODE,EGLN1 knockdown limits CMV replication,Homo sapiens,University of Rochester Medical Center
ST004647,AN007841,HILIC POSITIVE ION MODE,EGLN1 knockdown limits CMV replication,Homo sapiens,University of Rochester Medical Center
ST004650,AN007846,HILIC POSITIVE ION MODE,Benchmarking Data for Untargeted Mass Spectrometry-Based Metabolomics: LC (HILIC)-TOF MS (Positive),Homo sapiens,Colorado State University
ST004651,AN007847,HILIC NEGATIVE ION MODE,Benchmarking Data for Untargeted Mass Spectrometry-Based Metabolomics: LC (HILIC)-TOF MS (Negative),Homo sapiens,Colorado State University
ST004654,AN007855,Reversed phase POSITIVE ION MODE,Metabolite changes in equine amniotic fluid associated with experimentally induced ascending placentitis,Equus caballus,Texas A&M University
ST004661,AN007868,Reversed phase POSITIVE ION MODE,Metabolite profiling in Hessian fly tolerant wheat,Triticum durum,United States Department of Agriculture
ST004668,AN007879,Reversed phase POSITIVE ION MODE,Nedd4L-mediated BMPR2 stabilization in lung fibroblasts protects against pulmonary fibrosis,Mus musculus,Ohio State University
ST004668,AN007880,Reversed phase NEGATIVE ION MODE,Nedd4L-mediated BMPR2 stabilization in lung fibroblasts protects against pulmonary fibrosis,Mus musculus,Ohio State University
ST004671,AN007885,GC POSITIVE ION MODE,Non-target profiling of the wastewater metabolome using a suite of HRMS tools: a study across diverse treatment plants,,Institute of Biomedical Research of Barcelona (IIBB-CSIC)
ST004671,AN007886,HILIC POSITIVE ION MODE,Non-target profiling of the wastewater metabolome using a suite of HRMS tools: a study across diverse treatment plants,,Institute of Biomedical Research of Barcelona (IIBB-CSIC)
ST004671,AN007887,HILIC NEGATIVE ION MODE,Non-target profiling of the wastewater metabolome using a suite of HRMS tools: a study across diverse treatment plants,,Institute of Biomedical Research of Barcelona (IIBB-CSIC)
ST004671,AN007888,Reversed phase POSITIVE ION MODE,Non-target profiling of the wastewater metabolome using a suite of HRMS tools: a study across diverse treatment plants,,Institute of Biomedical Research of Barcelona (IIBB-CSIC)
ST004671,AN007889,Reversed phase NEGATIVE ION MODE,Non-target profiling of the wastewater metabolome using a suite of HRMS tools: a study across diverse treatment plants,,Institute of Biomedical Research of Barcelona (IIBB-CSIC)
ST004674,AN007893,None (Direct infusion) NEGATIVE ION MODE,Enhanced Circadian Rhythmicity of Glycogen Labeling in Glucose-Challenged Drosophila Short-Sleep fmn Mutants Measured by DESI-MS,Drosophila melanogaster,University of Pennsylvania
ST004688,AN007916,Reversed phase POSITIVE ION MODE,Progesterone Induces Steroidome and Lipidome Remodeling in a BRCA-Resembling Mouse Model of High-Grade Serous Ovarian Cancer,Mus musculus,Georgia Institute of Technology
ST004688,AN007917,Reversed phase NEGATIVE ION MODE,Progesterone Induces Steroidome and Lipidome Remodeling in a BRCA-Resembling Mouse Model of High-Grade Serous Ovarian Cancer,Mus musculus,Georgia Institute of Technology
ST004689,AN007918,HILIC POSITIVE ION MODE,Local Delivery of rhBMP-2 Affects Systemic Metabolic Response During Healing of Critically-Sized Segmental Defects in a Rat Model,Rattus norvegicus,Georgia Institute of Technology
ST004689,AN007919,HILIC NEGATIVE ION MODE,Local Delivery of rhBMP-2 Affects Systemic Metabolic Response During Healing of Critically-Sized Segmental Defects in a Rat Model,Rattus norvegicus,Georgia Institute of Technology
ST004690,AN007920,Reversed phase POSITIVE ION MODE,"LC–MS Platform Benchmarking for Near-Single-Cell Lipidomic Profiling of Ovarian Cancer from Residual Papanicolaou Samples (Spiking, High-Flow)",Homo sapiens,Georgia Institute of Technology
ST004690,AN007921,Reversed phase NEGATIVE ION MODE,"LC–MS Platform Benchmarking for Near-Single-Cell Lipidomic Profiling of Ovarian Cancer from Residual Papanicolaou Samples (Spiking, High-Flow)",Homo sapiens,Georgia Institute of Technology
ST004691,AN007922,Reversed phase POSITIVE ION MODE,"LC–MS Platform Benchmarking for Near-Single-Cell Lipidomic Profiling of Ovarian Cancer from Residual Papanicolaou Samples (Spiking, Nano-Flow)",Homo sapiens,Georgia Institute of Technology
ST004691,AN007923, NEGATIVE ION MODE,"LC–MS Platform Benchmarking for Near-Single-Cell Lipidomic Profiling of Ovarian Cancer from Residual Papanicolaou Samples (Spiking, Nano-Flow)",Homo sapiens,Georgia Institute of Technology
ST004692,AN007924,Reversed phase POSITIVE ION MODE,"LC–MS Platform Benchmarking for Near-Single-Cell Lipidomic Profiling of Ovarian Cancer from Residual Papanicolaou Samples (Pilot, High-Flow)",Homo sapiens,Georgia Institute of Technology
ST004692,AN007925,Reversed phase NEGATIVE ION MODE,"LC–MS Platform Benchmarking for Near-Single-Cell Lipidomic Profiling of Ovarian Cancer from Residual Papanicolaou Samples (Pilot, High-Flow)",Homo sapiens,Georgia Institute of Technology
ST004703,AN007947,CE POSITIVE ION MODE,Mast cell desensitization induces a distinct IgE-dependent transcriptional program associated with immune regulation,Homo sapiens,Universidad CEU San Pablo
ST004703,AN007948,CE NEGATIVE ION MODE,Mast cell desensitization induces a distinct IgE-dependent transcriptional program associated with immune regulation,Homo sapiens,Universidad CEU San Pablo
ST004710,AN007960,Reversed phase POSITIVE ION MODE,"LC–MS Platform Benchmarking for Near-Single-Cell Lipidomic Profiling of Ovarian Cancer from Residual Papanicolaou Samples (Pilot, Nano-Flow)",Homo sapiens,Georgia Institute of Technology
ST004710,AN007961,Reversed phase NEGATIVE ION MODE,"LC–MS Platform Benchmarking for Near-Single-Cell Lipidomic Profiling of Ovarian Cancer from Residual Papanicolaou Samples (Pilot, Nano-Flow)",Homo sapiens,Georgia Institute of Technology
ST004717,AN007971,Reversed phase POSITIVE ION MODE,All roads lead to Rome? The case of combined heat and drought stresses in Pinus pinaster,Pinus pinaster,Universidad de Oviedo
ST004717,AN007972,Reversed phase NEGATIVE ION MODE,All roads lead to Rome? The case of combined heat and drought stresses in Pinus pinaster,Pinus pinaster,Universidad de Oviedo
ST004718,AN007973,Reversed phase POSITIVE ION MODE,Chikungunya virus infection significantly alters the metabolic composition of the human intestine,Homo sapiens,Zhujiang Hospital of Southern Medical University
ST004718,AN007974,Reversed phase NEGATIVE ION MODE,Chikungunya virus infection significantly alters the metabolic composition of the human intestine,Homo sapiens,Zhujiang Hospital of Southern Medical University
ST004721,AN007978,HILIC NEGATIVE ION MODE,"High relevance of fatty acid oxidation in a migrating mammal, the Nathusius’s pipistrelle (Pipistrellus nathusii)",Pipistrellus nathusii,Helmholtz Munich
ST004721,AN007979,HILIC POSITIVE ION MODE,"High relevance of fatty acid oxidation in a migrating mammal, the Nathusius’s pipistrelle (Pipistrellus nathusii)",Pipistrellus nathusii,Helmholtz Munich
ST004728,AN007992,Reversed phase POSITIVE ION MODE,The Metabolomic Profile of Honeydew Honey Distinguishes It From Blossom Honey,,University of British Columbia
ST004728,AN007993,Reversed phase NEGATIVE ION MODE,The Metabolomic Profile of Honeydew Honey Distinguishes It From Blossom Honey,,University of British Columbia
ST004738,AN008014,GC POSITIVE ION MODE,Interspecies signaling metabolites spatially organize a soil microbiome mutualism,Microcoleus vaginatus,Arizona State University
ST004741,AN008018,None (Direct infusion) POSITIVE ION MODE,"Metabolomic aging and mortality clocks based on ensemble learning identify systemic aging risk across the human lifespan in 18,476 individuals",Homo sapiens,Shanghai Jiao Tong University affiliated Renji Hospital
ST004746,AN008026,HILIC POSITIVE ION MODE,Untargeted metabolite profiling and PCS quantification in CD4+ T cells from HIV-1 infected persons (Part 1/2),Homo sapiens,Emory University
ST004746,AN008027,Reversed phase NEGATIVE ION MODE,Untargeted metabolite profiling and PCS quantification in CD4+ T cells from HIV-1 infected persons (Part 1/2),Homo sapiens,Emory University
ST004751,AN008033,Reversed phase NEGATIVE ION MODE,Kurarinone Ameliorates Experimental Autoimmune Encephalomyelitis by Modulating Gut Microbiota-Indole-3-Acetaldehyde-Aryl Hydrocarbon Receptor Axis in Mice,Mus musculus,"Tangdu Hospital, Air Force Medical University"
ST004751,AN008034,Reversed phase POSITIVE ION MODE,Kurarinone Ameliorates Experimental Autoimmune Encephalomyelitis by Modulating Gut Microbiota-Indole-3-Acetaldehyde-Aryl Hydrocarbon Receptor Axis in Mice,Mus musculus,"Tangdu Hospital, Air Force Medical University"
ST004757,AN008043,Reversed phase POSITIVE ION MODE,Varicocele induces dysbiosis in the epididymis and impairs sperm motility via polyamine synthesis,Homo sapiens,Cleveland Clinic
ST004757,AN008044,Reversed phase NEGATIVE ION MODE,Varicocele induces dysbiosis in the epididymis and impairs sperm motility via polyamine synthesis,Homo sapiens,Cleveland Clinic
ST004760,AN008048,HILIC POSITIVE ION MODE,Mass drug administration of Praziquantel lowers the susceptibility to Schistosoma mansoni,Homo sapiens,"Institute of Medical Research and Medicinal Plant Studies/Ministry of Scientific Research and Innovation, Yaoundé"
ST004760,AN008049,HILIC NEGATIVE ION MODE,Mass drug administration of Praziquantel lowers the susceptibility to Schistosoma mansoni,Homo sapiens,"Institute of Medical Research and Medicinal Plant Studies/Ministry of Scientific Research and Innovation, Yaoundé"
ST004762,AN008054,Reversed phase POSITIVE ION MODE,Worker honey bee lipidomics analysis in queenless and broodless conditions,Apis mellifera,University of British Columbia
ST004767,AN008060,HILIC POSITIVE ION MODE,Human multi-omics maps progression from pancreatitis to pancreatic ductal adenocarcinoma and identifies a diagnostic panel,Homo sapiens,"Affiliated Hangzhou First People's Hospital, Westlake University, School of Medicine"
ST004767,AN008061,HILIC NEGATIVE ION MODE,Human multi-omics maps progression from pancreatitis to pancreatic ductal adenocarcinoma and identifies a diagnostic panel,Homo sapiens,"Affiliated Hangzhou First People's Hospital, Westlake University, School of Medicine"
ST004768,AN008062,Reversed phase POSITIVE ION MODE,Mitochondrial complex I activity promotes antigen cross-presentation in dendritic cells,Mus musculus,Centro Nacional de Investigaciones Cardiovasculares Carlos III
ST004769,AN008063,HILIC POSITIVE ION MODE,"Identification of microbially-dependent sulfated products in mouse plasma, cecum, and feces (Part 1)",Mus musculus,Harvard Medical School
ST004769,AN008064,HILIC NEGATIVE ION MODE,"Identification of microbially-dependent sulfated products in mouse plasma, cecum, and feces (Part 1)",Mus musculus,Harvard Medical School
ST004771,AN008067,HILIC UNSPECIFIED ION MODE,Identification of microbially-dependent sulfated products in select bacterial species (Part 2),"Lactobacillus plantarum, Bacteroides sp., Eubacterium ramulus, Desulfovibrio piger",Harvard Medical School
ST004771,AN008068,Reversed phase UNSPECIFIED ION MODE,Identification of microbially-dependent sulfated products in select bacterial species (Part 2),"Lactobacillus plantarum, Bacteroides sp., Eubacterium ramulus, Desulfovibrio piger",Harvard Medical School
ST004772,AN008069,Reversed phase NEGATIVE ION MODE,"Identification of microbially-dependent sulfated products in specific pathogen free and germ free mouse plasma, cecum, and feces using Reversed-phase chromatography (Part 3)",Mus musculus,Harvard Medical School
ST004773,AN008070,HILIC POSITIVE ION MODE,Regulation of schistosomiasis by the host gut microbiome,Homo sapiens,"Institute of Medical Research and Medicinal Plant Studies/Ministry of Scientific Research and Innovation, Yaoundé"
ST004773,AN008071,HILIC NEGATIVE ION MODE,Regulation of schistosomiasis by the host gut microbiome,Homo sapiens,"Institute of Medical Research and Medicinal Plant Studies/Ministry of Scientific Research and Innovation, Yaoundé"
ST004787,AN008094,HILIC POSITIVE ION MODE,"Metabolomic Profiling of Cassava Roots in Response to Continuous Cropping, Drought, and Their Combination",Manihot esculenta,Guangxi University
ST004787,AN008095,HILIC NEGATIVE ION MODE,"Metabolomic Profiling of Cassava Roots in Response to Continuous Cropping, Drought, and Their Combination",Manihot esculenta,Guangxi University
ST004791,AN008100,Reversed phase POSITIVE ION MODE,"Multi-omics analysis reveals oxidative stress, apoptosis, and ferroptosis in Macrobrachium rosenbergii under ammonia–hypoxia co-stress",Macrobrachium rosenbergii,Shanghai Ocean University
ST004791,AN008101,Reversed phase NEGATIVE ION MODE,"Multi-omics analysis reveals oxidative stress, apoptosis, and ferroptosis in Macrobrachium rosenbergii under ammonia–hypoxia co-stress",Macrobrachium rosenbergii,Shanghai Ocean University
ST004803,AN008123,Reversed phase POSITIVE ION MODE,Identification of phenazines produced by the Pseudomonas aeruginosa Phz pathway that antagonize Klebsiella pneumoniae,"Pseudomonas aeruginosa, Escherichia coli",Indiana University School of Medicine
ST004818,AN008150,HILIC POSITIVE ION MODE,Whole Blood Metabolomics Reveals Coordinated Redox-One-Carbon Axis Disruption in NSCLC: A Pilot Study in an Indian Cohort,Homo sapiens,All India Institute of Medical Sciences
ST004828,AN008175,Reversed phase POSITIVE ION MODE,A high fermentable fiber Western diet reduces indole levels,Mus musculus,University of Illinois Chicago
ST004837,AN008189,Reversed phase POSITIVE ION MODE,Qihuang Jianpi Zishen decoction ameliorates lupus nephritis by reshaping an Akkermansia–HK3–lactate immunometabolic axis: a multi-omics study in MRL/lpr mice,Mus musculus,The First Affiliated Hospital of Anhui University of Chinese Medicine
ST004837,AN008190,Reversed phase NEGATIVE ION MODE,Qihuang Jianpi Zishen decoction ameliorates lupus nephritis by reshaping an Akkermansia–HK3–lactate immunometabolic axis: a multi-omics study in MRL/lpr mice,Mus musculus,The First Affiliated Hospital of Anhui University of Chinese Medicine
ST003774,AN008216,Reversed phase NEGATIVE ION MODE,"Lipidomic analysis of R10 media, ovarian cancer ascites, delipidated ovarian cancer ascites, non-malignant ascites, and supernatants of ascites or R10 media incubated with T cells",Homo sapiens,University of Pennsylvania
ST003774,AN008217,Reversed phase POSITIVE ION MODE,"Lipidomic analysis of R10 media, ovarian cancer ascites, delipidated ovarian cancer ascites, non-malignant ascites, and supernatants of ascites or R10 media incubated with T cells",Homo sapiens,University of Pennsylvania
ST004889,AN008287,HILIC NEGATIVE ION MODE,Untargeted metabolomic profiling of cardiac tissues from adult inducible cardiomyocyte-specific ASB2 knockout mice,Mus musculus,Shanghai Jiao Tong University
ST004889,AN008288,HILIC POSITIVE ION MODE,Untargeted metabolomic profiling of cardiac tissues from adult inducible cardiomyocyte-specific ASB2 knockout mice,Mus musculus,Shanghai Jiao Tong University
ST004890,AN008289,HILIC POSITIVE ION MODE,"Metabolomic Profiling and Multifunctional Bioactivities of Lacticaseibacillus paracasei-Fermented Whey: Antioxidant, Antibacterial, and Anti-Melanogenic Properties",Lacticaseibacillus paracasei,Xiamen Medical College
ST004890,AN008290,HILIC NEGATIVE ION MODE,"Metabolomic Profiling and Multifunctional Bioactivities of Lacticaseibacillus paracasei-Fermented Whey: Antioxidant, Antibacterial, and Anti-Melanogenic Properties",Lacticaseibacillus paracasei,Xiamen Medical College
ST004891,AN008291,Reverse phase LC POSITIVE ION MODE,Metabolomic profiling of simulated oral bacterial consortia identifies limited bacterial production of GDM-associated salivary metabolites and glutamine enrichment in Streptococcus-dominated communities,"Streptococcus salivarius, Gemella morbillorum, Prevotella intermedia, Porphyromonas gingivalis, Neisseria flava, Rothia dentocariosa",China Agricultural University
ST004891,AN008292,Reverse phase LC NEGATIVE ION MODE,Metabolomic profiling of simulated oral bacterial consortia identifies limited bacterial production of GDM-associated salivary metabolites and glutamine enrichment in Streptococcus-dominated communities,"Streptococcus salivarius, Gemella morbillorum, Prevotella intermedia, Porphyromonas gingivalis, Neisseria flava, Rothia dentocariosa",China Agricultural University
ST004907,AN008317,Reversed phase POSITIVE ION MODE,Lipopolysaccharide hydrolysis-targeting nano-chimeras detoxify endotoxin through specific adsorption and efficient degradation - Urine,Mus musculus,Zhejiang University
ST004907,AN008318,Reversed phase NEGATIVE ION MODE,Lipopolysaccharide hydrolysis-targeting nano-chimeras detoxify endotoxin through specific adsorption and efficient degradation - Urine,Mus musculus,Zhejiang University
ST004908,AN008319,Reversed phase POSITIVE ION MODE,Lipopolysaccharide hydrolysis-targeting nano-chimeras detoxify endotoxin through specific adsorption and efficient degradation - Feces,Mus musculus,Zhejiang University
ST004908,AN008320,Reversed phase NEGATIVE ION MODE,Lipopolysaccharide hydrolysis-targeting nano-chimeras detoxify endotoxin through specific adsorption and efficient degradation - Feces,Mus musculus,Zhejiang University
ST004912,AN008325,HILIC POSITIVE ION MODE,LC-MS based metabolomics study on blue crab urine after being fed oysters or mud crabs,"Callinectus sapidus, Crassostrea virginica, Panopeus herbstii",Georgia Institute of Technology
ST004913,AN008326,HILIC POSITIVE ION MODE,A Metabolomic Approach to Cracking the Secrets of Oyster Shell Strengthening,"Crassostrea virginica, Pogonias cromis, Archosargus probatocephalus",Georgia Institute of Technology
ST004913,AN008327,HILIC NEGATIVE ION MODE,A Metabolomic Approach to Cracking the Secrets of Oyster Shell Strengthening,"Crassostrea virginica, Pogonias cromis, Archosargus probatocephalus",Georgia Institute of Technology
ST004917,AN008334,None (Direct infusion) POSITIVE ION MODE,"The circadian clock protein BcFRQ1 coordinates nitrogen metabolism, mitochondrial function, and secondary metabolism in Botrytis cinerea",Botrytis cinerea,Pontificia Universidad Católica de Chile
ST004945,AN008382,Reversed phase POSITIVE ION MODE,Discovery of Serum Biomarkers for Early Detection of Rabies Virus Infection Using Global Metabolic Profiling,Mus musculus,"Princess Srisavangavadhana College of Medicine, Chulabhorn Royal Academy"
ST004945,AN008383,Reversed phase NEGATIVE ION MODE,Discovery of Serum Biomarkers for Early Detection of Rabies Virus Infection Using Global Metabolic Profiling,Mus musculus,"Princess Srisavangavadhana College of Medicine, Chulabhorn Royal Academy"
ST004975,AN008432,None (Direct infusion) POSITIVE ION MODE,A high-resolution circulating metabolic atlas of lung adenocarcinoma progression supports early and accurate diagnosis,Homo sapiens,Shanghai Jiao Tong University School of Medicine
ST004976,AN008433,Reversed phase POSITIVE ION MODE,Lipidomics datasets of Deep metabolic dysfunction profiling and drug-host-microbe interactions in the Wilson's Disease gut-liver axis,Homo sapiens,IIS La Fe
ST004976,AN008434,Reversed phase NEGATIVE ION MODE,Lipidomics datasets of Deep metabolic dysfunction profiling and drug-host-microbe interactions in the Wilson's Disease gut-liver axis,Homo sapiens,IIS La Fe
ST004988,AN008456,Reversed phase POSITIVE ION MODE,Simultaneous metabolome and nucleotidome profiling of PDAC cell lines by paired native/phosphatase-digested LC-MS: application to gemcitabine metabolism,Homo sapiens,Medical University of Gdańsk
ST004988,AN008457,Reversed phase NEGATIVE ION MODE,Simultaneous metabolome and nucleotidome profiling of PDAC cell lines by paired native/phosphatase-digested LC-MS: application to gemcitabine metabolism,Homo sapiens,Medical University of Gdańsk
ST004989,AN008458,Flow induction analysis POSITIVE ION MODE,"Comparative Evaluation of Mass Spectrometry, Nuclear Magnetic Resonance Spectroscopy, and Multi-Platform Integration for Honey Authentication - Mass spectrometry data",,University of British Columbia
ST004989,AN008459,Flow induction analysis NEGATIVE ION MODE,"Comparative Evaluation of Mass Spectrometry, Nuclear Magnetic Resonance Spectroscopy, and Multi-Platform Integration for Honey Authentication - Mass spectrometry data",,University of British Columbia
ST004989,AN008460,Flow induction analysis POSITIVE ION MODE,"Comparative Evaluation of Mass Spectrometry, Nuclear Magnetic Resonance Spectroscopy, and Multi-Platform Integration for Honey Authentication - Mass spectrometry data",,University of British Columbia
ST004989,AN008461,Flow induction analysis NEGATIVE ION MODE,"Comparative Evaluation of Mass Spectrometry, Nuclear Magnetic Resonance Spectroscopy, and Multi-Platform Integration for Honey Authentication - Mass spectrometry data",,University of British Columbia
ST004989,AN008462,Flow induction analysis POSITIVE ION MODE,"Comparative Evaluation of Mass Spectrometry, Nuclear Magnetic Resonance Spectroscopy, and Multi-Platform Integration for Honey Authentication - Mass spectrometry data",,University of British Columbia
ST004989,AN008463,Flow induction analysis NEGATIVE ION MODE,"Comparative Evaluation of Mass Spectrometry, Nuclear Magnetic Resonance Spectroscopy, and Multi-Platform Integration for Honey Authentication - Mass spectrometry data",,University of British Columbia
ST004989,AN008464,Flow induction analysis POSITIVE ION MODE,"Comparative Evaluation of Mass Spectrometry, Nuclear Magnetic Resonance Spectroscopy, and Multi-Platform Integration for Honey Authentication - Mass spectrometry data",,University of British Columbia
ST004989,AN008465,Flow induction analysis NEGATIVE ION MODE,"Comparative Evaluation of Mass Spectrometry, Nuclear Magnetic Resonance Spectroscopy, and Multi-Platform Integration for Honey Authentication - Mass spectrometry data",,University of British Columbia
ST004995,AN008479,HILIC POSITIVE ION MODE,IL4i1 activity generates oncometabolites that rescue neuroblastoma cells from oxidative death.,Mus musculus,St Jude Children's Research Hospital
ST005005,AN008498,Reversed phase POSITIVE ION MODE,Exome Sequencing and Metabolite Profiling Identifies Genetic Variants Associated with Altered Metabolism in Early-Onset Schizophrenia,Homo sapiens,Southern Medical University
ST005005,AN008499,Reversed phase NEGATIVE ION MODE,Exome Sequencing and Metabolite Profiling Identifies Genetic Variants Associated with Altered Metabolism in Early-Onset Schizophrenia,Homo sapiens,Southern Medical University
ST005016,AN008522,Supercritical fluid chromatography POSITIVE ION MODE,Investigation of Storage Conditions and Quality Control Markers for Metabolites and Lipids in Human Feces,Homo sapiens,"Otsuka Pharmaceutical Co., Ltd."
ST005016,AN008523,Supercritical fluid chromatography NEGATIVE ION MODE,Investigation of Storage Conditions and Quality Control Markers for Metabolites and Lipids in Human Feces,Homo sapiens,"Otsuka Pharmaceutical Co., Ltd."
ST005024,AN008537,Reversed phase POSITIVE ION MODE,Tissue-specific phenolic specialization in Quercus ilex subsp. ballota revealed through comparative metabolomics and feature-based molecular networking,Quercus ilex,University of Cordoba
ST005024,AN008538,Reversed phase NEGATIVE ION MODE,Tissue-specific phenolic specialization in Quercus ilex subsp. ballota revealed through comparative metabolomics and feature-based molecular networking,Quercus ilex,University of Cordoba
ST005040,AN008565,HILIC POSITIVE ION MODE,Untargeted Metabolomic Profiling of Rat Oviductal Fluid Identifies Ovulation-Associated Metabolites with Potential to Mediate Sperm Chemotaxis,Rattus norvegicus,ICMR - National Institute for Research in Reproductive and Child Health
ST005040,AN008566,HILIC NEGATIVE ION MODE,Untargeted Metabolomic Profiling of Rat Oviductal Fluid Identifies Ovulation-Associated Metabolites with Potential to Mediate Sperm Chemotaxis,Rattus norvegicus,ICMR - National Institute for Research in Reproductive and Child Health
ST005040,AN008567,Reversed phase POSITIVE ION MODE,Untargeted Metabolomic Profiling of Rat Oviductal Fluid Identifies Ovulation-Associated Metabolites with Potential to Mediate Sperm Chemotaxis,Rattus norvegicus,ICMR - National Institute for Research in Reproductive and Child Health
ST005040,AN008568,Reversed phase NEGATIVE ION MODE,Untargeted Metabolomic Profiling of Rat Oviductal Fluid Identifies Ovulation-Associated Metabolites with Potential to Mediate Sperm Chemotaxis,Rattus norvegicus,ICMR - National Institute for Research in Reproductive and Child Health
ST005066,AN008615,None (Direct infusion) POSITIVE ION MODE,Single-cell Lipidomics Studies on Gastric Cancer Cells and non-Gastric Cancer Cells,Homo sapiens,The First Affiliated Hospital of China Medical University
ST005067,AN008616,Reversed phase POSITIVE ION MODE,Integrated chemical exposome–metabolome profiling of follicular fluid and associations with fertility outcomes during assisted reproduction,Homo sapiens,Emory University
ST005067,AN008617,Reversed phase NEGATIVE ION MODE,Integrated chemical exposome–metabolome profiling of follicular fluid and associations with fertility outcomes during assisted reproduction,Homo sapiens,Emory University
ST005067,AN008618,HILIC POSITIVE ION MODE,Integrated chemical exposome–metabolome profiling of follicular fluid and associations with fertility outcomes during assisted reproduction,Homo sapiens,Emory University
ST005067,AN008619,HILIC NEGATIVE ION MODE,Integrated chemical exposome–metabolome profiling of follicular fluid and associations with fertility outcomes during assisted reproduction,Homo sapiens,Emory University
ST005067,AN008620,GC POSITIVE ION MODE,Integrated chemical exposome–metabolome profiling of follicular fluid and associations with fertility outcomes during assisted reproduction,Homo sapiens,Emory University
ST005077,AN008635,Reversed phase POSITIVE ION MODE,Untargeted Metabolomics Reveals That Combined DHODH and SLC29A1 Inhibition Disrupts Pyrimidine Metabolism and Depletes Nucleoside Pools in Pancreatic Cancer Cells,Homo sapiens,Ohio State University
ST005077,AN008636,Reversed phase POSITIVE ION MODE,Untargeted Metabolomics Reveals That Combined DHODH and SLC29A1 Inhibition Disrupts Pyrimidine Metabolism and Depletes Nucleoside Pools in Pancreatic Cancer Cells,Homo sapiens,Ohio State University
ST005080,AN008641,HILIC NEGATIVE ION MODE,Untargeted metabolomic profiling identifies N-lactoyl amino acids as transporter substrates of human MCT6 in vitro.,Homo sapiens,Stanford University
