feature_id,refmet_name,refmet_super_class,effect,effect_scale,p_value,fdr,fdr_method,fdr_scope,fdr_source,selection_status,source_study_id,source_dataset_id,contrast_id,platform,sex
lpc(17:1/0:0)_feature2 [refmet: lpc(17:1/0:0)_lp_b],lpc(17:1/0:0)_lp_b,unclassified_no_refmet_match,1.0173411,log2fc,2.336337e-07,0.0018582924,benjamini_hochberg,within_male_stratum_pass1b06_plasma_8w_timewise_da_as_released,provided,higher_in_numerator,MoTrPAC_pass1b06_rat,motrpac_pass1b06_plasma_8w,motrpac_pass1b06_plasma_8w_trained_vs_sedentary_male,not_reported,male
lpc(18:3/0:0)_and_lpc(0:0/18:3)_feature1and2 [refmet: lpc(18:3)_lp_ab],lpc(18:3)_lp_ab,unclassified_no_refmet_match,1.022464,log2fc,2.801081e-07,0.0021433383,benjamini_hochberg,within_male_stratum_pass1b06_plasma_8w_timewise_da_as_released,provided,higher_in_numerator,MoTrPAC_pass1b06_rat,motrpac_pass1b06_plasma_8w,motrpac_pass1b06_plasma_8w_trained_vs_sedentary_male,not_reported,male
pc(30:1)_feature1 [refmet: pc(30:1)_lp_a],pc(30:1)_lp_a,unclassified_no_refmet_match,1.3841876,log2fc,8.874994e-07,0.00506121,benjamini_hochberg,within_male_stratum_pass1b06_plasma_8w_timewise_da_as_released,provided,higher_in_numerator,MoTrPAC_pass1b06_rat,motrpac_pass1b06_plasma_8w,motrpac_pass1b06_plasma_8w_trained_vs_sedentary_male,not_reported,male
pc(33:1)_feature1 [refmet: pc(33:1)_lp_a],pc(33:1)_lp_a,unclassified_no_refmet_match,0.7315712,log2fc,9.444436e-07,0.005335614,benjamini_hochberg,within_male_stratum_pass1b06_plasma_8w_timewise_da_as_released,provided,higher_in_numerator,MoTrPAC_pass1b06_rat,motrpac_pass1b06_plasma_8w,motrpac_pass1b06_plasma_8w_trained_vs_sedentary_male,not_reported,male
lpc(16:1/0:0)_and_lpc(0:0/16:1)_feature1and2 [refmet: lpc(16:1)_lp_ab],lpc(16:1)_lp_ab,unclassified_no_refmet_match,1.0441104,log2fc,6.7302108e-06,0.021412492,benjamini_hochberg,within_male_stratum_pass1b06_plasma_8w_timewise_da_as_released,provided,higher_in_numerator,MoTrPAC_pass1b06_rat,motrpac_pass1b06_plasma_8w,motrpac_pass1b06_plasma_8w_trained_vs_sedentary_male,not_reported,male
lpc(14:0/0:0)_and_lpc(0:0/14:0)_feature1and2 [refmet: lpc(14:0)_lp_ab],lpc(14:0)_lp_ab,unclassified_no_refmet_match,0.76261234,log2fc,7.320784e-06,0.022929387,benjamini_hochberg,within_male_stratum_pass1b06_plasma_8w_timewise_da_as_released,provided,higher_in_numerator,MoTrPAC_pass1b06_rat,motrpac_pass1b06_plasma_8w,motrpac_pass1b06_plasma_8w_trained_vs_sedentary_male,not_reported,male
pc(32:2)_feature1 [refmet: pc(32:2)_lp_a],pc(32:2)_lp_a,unclassified_no_refmet_match,0.8425982,log2fc,8.432423e-06,0.025110103,benjamini_hochberg,within_male_stratum_pass1b06_plasma_8w_timewise_da_as_released,provided,higher_in_numerator,MoTrPAC_pass1b06_rat,motrpac_pass1b06_plasma_8w,motrpac_pass1b06_plasma_8w_trained_vs_sedentary_male,not_reported,male
pc(34:3)_feature3 [refmet: pc(34:3)_lp_c],pc(34:3)_lp_c,unclassified_no_refmet_match,0.6020763,log2fc,9.042541e-06,0.026216613,benjamini_hochberg,within_male_stratum_pass1b06_plasma_8w_timewise_da_as_released,provided,higher_in_numerator,MoTrPAC_pass1b06_rat,motrpac_pass1b06_plasma_8w,motrpac_pass1b06_plasma_8w_trained_vs_sedentary_male,not_reported,male
pc(34:3)_feature1 [refmet: pc(34:3)_lp_a],pc(34:3)_lp_a,unclassified_no_refmet_match,0.9428511,log2fc,1.3478936e-05,0.034957252,benjamini_hochberg,within_male_stratum_pass1b06_plasma_8w_timewise_da_as_released,provided,higher_in_numerator,MoTrPAC_pass1b06_rat,motrpac_pass1b06_plasma_8w,motrpac_pass1b06_plasma_8w_trained_vs_sedentary_male,not_reported,male
pc(35:3)_feature1 [refmet: pc(35:3)_lp_a],pc(35:3)_lp_a,unclassified_no_refmet_match,1.0322183,log2fc,1.3809722e-05,0.035418082,benjamini_hochberg,within_male_stratum_pass1b06_plasma_8w_timewise_da_as_released,provided,higher_in_numerator,MoTrPAC_pass1b06_rat,motrpac_pass1b06_plasma_8w,motrpac_pass1b06_plasma_8w_trained_vs_sedentary_male,not_reported,male
pc(32:1)_feature1 [refmet: pc(32:1)_lp_a],pc(32:1)_lp_a,unclassified_no_refmet_match,1.0008618,log2fc,1.7495133e-05,0.041303653,benjamini_hochberg,within_male_stratum_pass1b06_plasma_8w_timewise_da_as_released,provided,higher_in_numerator,MoTrPAC_pass1b06_rat,motrpac_pass1b06_plasma_8w,motrpac_pass1b06_plasma_8w_trained_vs_sedentary_male,not_reported,male
lpc(20:3)_feature1and2 [refmet: lpc(20:3)_lp_ab],lpc(20:3)_lp_ab,unclassified_no_refmet_match,0.73495245,log2fc,1.9507892e-05,0.04399406,benjamini_hochberg,within_male_stratum_pass1b06_plasma_8w_timewise_da_as_released,provided,higher_in_numerator,MoTrPAC_pass1b06_rat,motrpac_pass1b06_plasma_8w,motrpac_pass1b06_plasma_8w_trained_vs_sedentary_male,not_reported,male
glutamic acid [source metabolite label NA],glutamic acid,Organic acids,-0.66313607,log2fc,5.0171278e-15,2.021883e-09,benjamini_hochberg,within_male_stratum_pass1b06_plasma_8w_timewise_da_as_released,provided,lower_in_numerator,MoTrPAC_pass1b06_rat,motrpac_pass1b06_plasma_8w,motrpac_pass1b06_plasma_8w_trained_vs_sedentary_male,not_reported,male
car(16:0) [source metabolite label NA],car(16:0),unclassified_no_refmet_match,-0.49644962,log2fc,2.7727083e-06,0.011567708,benjamini_hochberg,within_male_stratum_pass1b06_plasma_8w_timewise_da_as_released,provided,lower_in_numerator,MoTrPAC_pass1b06_rat,motrpac_pass1b06_plasma_8w,motrpac_pass1b06_plasma_8w_trained_vs_sedentary_male,not_reported,male
citric acid [source metabolite label NA],citric acid,Organic acids,-0.5310895,log2fc,3.195445e-06,0.012855647,benjamini_hochberg,within_male_stratum_pass1b06_plasma_8w_timewise_da_as_released,provided,lower_in_numerator,MoTrPAC_pass1b06_rat,motrpac_pass1b06_plasma_8w,motrpac_pass1b06_plasma_8w_trained_vs_sedentary_male,not_reported,male
pc(38:6)>pc(16:0_22:6)_and_pc(18:0_20:6)_m+h2co2_feature2 [refmet: pc(38:6)_ln_b],pc(38:6)_ln_b,unclassified_no_refmet_match,-0.6014325,log2fc,1.2470643e-05,0.033282258,benjamini_hochberg,within_male_stratum_pass1b06_plasma_8w_timewise_da_as_released,provided,lower_in_numerator,MoTrPAC_pass1b06_rat,motrpac_pass1b06_plasma_8w,motrpac_pass1b06_plasma_8w_trained_vs_sedentary_male,not_reported,male
n-acetylputrescine,n-acetylputrescine,Alkaloids,-0.7201111,log2fc,1.3503055e-05,0.034957252,benjamini_hochberg,within_male_stratum_pass1b06_plasma_8w_timewise_da_as_released,provided,lower_in_numerator,MoTrPAC_pass1b06_rat,motrpac_pass1b06_plasma_8w,motrpac_pass1b06_plasma_8w_trained_vs_sedentary_male,not_reported,male
cystathionine 1 [refmet: cystathionine],cystathionine,Organic acids,-1.1266315,log2fc,1.564716e-05,0.03868555,benjamini_hochberg,within_male_stratum_pass1b06_plasma_8w_timewise_da_as_released,provided,lower_in_numerator,MoTrPAC_pass1b06_rat,motrpac_pass1b06_plasma_8w,motrpac_pass1b06_plasma_8w_trained_vs_sedentary_male,not_reported,male
c38:6 pe [refmet: pe(38:6)],pe(38:6),unclassified_no_refmet_match,-0.8186053,log2fc,1.6818663e-05,0.040290635,benjamini_hochberg,within_male_stratum_pass1b06_plasma_8w_timewise_da_as_released,provided,lower_in_numerator,MoTrPAC_pass1b06_rat,motrpac_pass1b06_plasma_8w,motrpac_pass1b06_plasma_8w_trained_vs_sedentary_male,not_reported,male
pi(40:6)>pi(18:0_22:6)_feature2 [refmet: pi(18:0_22:6)_ln_b],pi(18:0_22:6)_ln_b,unclassified_no_refmet_match,-0.60543734,log2fc,2.0428577e-05,0.044987094,benjamini_hochberg,within_male_stratum_pass1b06_plasma_8w_timewise_da_as_released,provided,lower_in_numerator,MoTrPAC_pass1b06_rat,motrpac_pass1b06_plasma_8w,motrpac_pass1b06_plasma_8w_trained_vs_sedentary_male,not_reported,male
kynurenine,kynurenine,Organic acids,-1.2381072,log2fc,2.2724378e-05,0.04811473,benjamini_hochberg,within_male_stratum_pass1b06_plasma_8w_timewise_da_as_released,provided,lower_in_numerator,MoTrPAC_pass1b06_rat,motrpac_pass1b06_plasma_8w,motrpac_pass1b06_plasma_8w_trained_vs_sedentary_male,not_reported,male
pc(35:1)_feature1 [refmet: pc(35:1)_lp_a],pc(35:1)_lp_a,unclassified_no_refmet_match,0.6324906,log2fc,3.3088432e-05,0.061559685,benjamini_hochberg,within_male_stratum_pass1b06_plasma_8w_timewise_da_as_released,provided,not_selected,MoTrPAC_pass1b06_rat,motrpac_pass1b06_plasma_8w,motrpac_pass1b06_plasma_8w_trained_vs_sedentary_male,not_reported,male
ce(18:3)_m+nh3_feature1 [refmet: ce(18:3)],ce(18:3),unclassified_no_refmet_match,0.8771346,log2fc,3.7832375e-05,0.067461506,benjamini_hochberg,within_male_stratum_pass1b06_plasma_8w_timewise_da_as_released,provided,not_selected,MoTrPAC_pass1b06_rat,motrpac_pass1b06_plasma_8w,motrpac_pass1b06_plasma_8w_trained_vs_sedentary_male,not_reported,male
pc(34:1)_feature2 [refmet: pc(34:1)_lp_b],pc(34:1)_lp_b,unclassified_no_refmet_match,0.47333187,log2fc,7.227948e-05,0.103170075,benjamini_hochberg,within_male_stratum_pass1b06_plasma_8w_timewise_da_as_released,provided,not_selected,MoTrPAC_pass1b06_rat,motrpac_pass1b06_plasma_8w,motrpac_pass1b06_plasma_8w_trained_vs_sedentary_male,not_reported,male
pi(40:5)>pi(18:0_22:5)_feature1 [refmet: pi(18:0_22:5)_lp_a],pi(18:0_22:5)_lp_a,unclassified_no_refmet_match,-0.6836211,log2fc,7.517388e-05,0.1058025,benjamini_hochberg,within_male_stratum_pass1b06_plasma_8w_timewise_da_as_released,provided,not_selected,MoTrPAC_pass1b06_rat,motrpac_pass1b06_plasma_8w,motrpac_pass1b06_plasma_8w_trained_vs_sedentary_male,not_reported,male
pe(38:6)>pe(16:0_22:6)_feature3 [refmet: pe(16:0_22:6)_ln_c],pe(16:0_22:6)_ln_c,unclassified_no_refmet_match,-0.9216547,log2fc,7.859423e-05,0.10834608,benjamini_hochberg,within_male_stratum_pass1b06_plasma_8w_timewise_da_as_released,provided,not_selected,MoTrPAC_pass1b06_rat,motrpac_pass1b06_plasma_8w,motrpac_pass1b06_plasma_8w_trained_vs_sedentary_male,not_reported,male
pc(42:8)_feature3 [refmet: pc(42:8)_lp_c],pc(42:8)_lp_c,unclassified_no_refmet_match,-0.61842674,log2fc,9.616789e-05,0.12173763,benjamini_hochberg,within_male_stratum_pass1b06_plasma_8w_timewise_da_as_released,provided,not_selected,MoTrPAC_pass1b06_rat,motrpac_pass1b06_plasma_8w,motrpac_pass1b06_plasma_8w_trained_vs_sedentary_male,not_reported,male
pc(31:0)_feature1 [refmet: pc(31:0)_lp_a],pc(31:0)_lp_a,unclassified_no_refmet_match,0.9987568,log2fc,0.00011779053,0.13893405,benjamini_hochberg,within_male_stratum_pass1b06_plasma_8w_timewise_da_as_released,provided,not_selected,MoTrPAC_pass1b06_rat,motrpac_pass1b06_plasma_8w,motrpac_pass1b06_plasma_8w_trained_vs_sedentary_male,not_reported,male
methionine [source metabolite label NA],methionine,Organic acids,0.2528506,log2fc,0.00012464453,0.1437918,benjamini_hochberg,within_male_stratum_pass1b06_plasma_8w_timewise_da_as_released,provided,not_selected,MoTrPAC_pass1b06_rat,motrpac_pass1b06_plasma_8w,motrpac_pass1b06_plasma_8w_trained_vs_sedentary_male,not_reported,male
lpe(18:1/0:0)_and_lpe(0:0/18:1)_feature1and2 [refmet: lpe(18:1)_lp_ab],lpe(18:1)_lp_ab,unclassified_no_refmet_match,0.429687,log2fc,0.00012520043,0.14415798,benjamini_hochberg,within_male_stratum_pass1b06_plasma_8w_timewise_da_as_released,provided,not_selected,MoTrPAC_pass1b06_rat,motrpac_pass1b06_plasma_8w,motrpac_pass1b06_plasma_8w_trained_vs_sedentary_male,not_reported,male
cortisol [source metabolite label NA],cortisol,Sterol Lipids,-1.1737683,log2fc,0.00013364761,0.1493331,benjamini_hochberg,within_male_stratum_pass1b06_plasma_8w_timewise_da_as_released,provided,not_selected,MoTrPAC_pass1b06_rat,motrpac_pass1b06_plasma_8w,motrpac_pass1b06_plasma_8w_trained_vs_sedentary_male,not_reported,male
pc(37:3)_feature2 [refmet: pc(37:3)_lp_b],pc(37:3)_lp_b,unclassified_no_refmet_match,0.7426899,log2fc,0.00014606563,0.15543924,benjamini_hochberg,within_male_stratum_pass1b06_plasma_8w_timewise_da_as_released,provided,not_selected,MoTrPAC_pass1b06_rat,motrpac_pass1b06_plasma_8w,motrpac_pass1b06_plasma_8w_trained_vs_sedentary_male,not_reported,male
pe(38:6)_feature3 [refmet: pe(38:6)_lp_c],pe(38:6)_lp_c,unclassified_no_refmet_match,-0.79239637,log2fc,0.00015053006,0.15825139,benjamini_hochberg,within_male_stratum_pass1b06_plasma_8w_timewise_da_as_released,provided,not_selected,MoTrPAC_pass1b06_rat,motrpac_pass1b06_plasma_8w,motrpac_pass1b06_plasma_8w_trained_vs_sedentary_male,not_reported,male
sm(d35:1) [source metabolite label NA],sm(d35:1),unclassified_no_refmet_match,0.4651424,log2fc,0.00015505824,0.16132842,benjamini_hochberg,within_male_stratum_pass1b06_plasma_8w_timewise_da_as_released,provided,not_selected,MoTrPAC_pass1b06_rat,motrpac_pass1b06_plasma_8w,motrpac_pass1b06_plasma_8w_trained_vs_sedentary_male,not_reported,male
car(12:0) [source metabolite label NA],car(12:0),unclassified_no_refmet_match,-0.46517006,log2fc,0.0001577014,0.1634629,benjamini_hochberg,within_male_stratum_pass1b06_plasma_8w_timewise_da_as_released,provided,not_selected,MoTrPAC_pass1b06_rat,motrpac_pass1b06_plasma_8w,motrpac_pass1b06_plasma_8w_trained_vs_sedentary_male,not_reported,male
lpc(18:2/0:0)_feature2 [refmet: lpc(18:2/0:0)_lp_b],lpc(18:2/0:0)_lp_b,unclassified_no_refmet_match,0.56321275,log2fc,0.00016086567,0.1650974,benjamini_hochberg,within_male_stratum_pass1b06_plasma_8w_timewise_da_as_released,provided,not_selected,MoTrPAC_pass1b06_rat,motrpac_pass1b06_plasma_8w,motrpac_pass1b06_plasma_8w_trained_vs_sedentary_male,not_reported,male
lpc(18:1/0:0)_feature2 [refmet: lpc(18:1/0:0)_lp_b],lpc(18:1/0:0)_lp_b,unclassified_no_refmet_match,0.4993596,log2fc,0.00019446184,0.18410502,benjamini_hochberg,within_male_stratum_pass1b06_plasma_8w_timewise_da_as_released,provided,not_selected,MoTrPAC_pass1b06_rat,motrpac_pass1b06_plasma_8w,motrpac_pass1b06_plasma_8w_trained_vs_sedentary_male,not_reported,male
pi(40:5)>pi(18:0_22:5)_feature1 [refmet: pi(18:0_22:5)_ln_a],pi(18:0_22:5)_ln_a,unclassified_no_refmet_match,-0.56807923,log2fc,0.00019512145,0.1845063,benjamini_hochberg,within_male_stratum_pass1b06_plasma_8w_timewise_da_as_released,provided,not_selected,MoTrPAC_pass1b06_rat,motrpac_pass1b06_plasma_8w,motrpac_pass1b06_plasma_8w_trained_vs_sedentary_male,not_reported,male
acisoga,acisoga,Alkaloids,-0.63051015,log2fc,0.0002712333,0.2245065,benjamini_hochberg,within_male_stratum_pass1b06_plasma_8w_timewise_da_as_released,provided,not_selected,MoTrPAC_pass1b06_rat,motrpac_pass1b06_plasma_8w,motrpac_pass1b06_plasma_8w_trained_vs_sedentary_male,not_reported,male
tg(54:4)_m+nh3_feature6 [refmet: tg(54:4)_lp_f],tg(54:4)_lp_f,unclassified_no_refmet_match,-0.55818504,log2fc,0.000271965,0.22459064,benjamini_hochberg,within_male_stratum_pass1b06_plasma_8w_timewise_da_as_released,provided,not_selected,MoTrPAC_pass1b06_rat,motrpac_pass1b06_plasma_8w,motrpac_pass1b06_plasma_8w_trained_vs_sedentary_male,not_reported,male
pc(40:6)>pc(18:0_22:6)_m+h2co2_feature3 [refmet: pc(18:0_22:6)_ln_c],pc(18:0_22:6)_ln_c,unclassified_no_refmet_match,-0.48323444,log2fc,0.00028749512,0.23019801,benjamini_hochberg,within_male_stratum_pass1b06_plasma_8w_timewise_da_as_released,provided,not_selected,MoTrPAC_pass1b06_rat,motrpac_pass1b06_plasma_8w,motrpac_pass1b06_plasma_8w_trained_vs_sedentary_male,not_reported,male
car(18:2) [source metabolite label NA],car(18:2),unclassified_no_refmet_match,-0.47029826,log2fc,0.00029135856,0.23135784,benjamini_hochberg,within_male_stratum_pass1b06_plasma_8w_timewise_da_as_released,provided,not_selected,MoTrPAC_pass1b06_rat,motrpac_pass1b06_plasma_8w,motrpac_pass1b06_plasma_8w_trained_vs_sedentary_male,not_reported,male
pc(40:7)>pc(18:1_22:6)_m+h2co2_feature3 [refmet: pc(18:1_22:6)_ln_c],pc(18:1_22:6)_ln_c,unclassified_no_refmet_match,-0.5561158,log2fc,0.00030495756,0.23832591,benjamini_hochberg,within_male_stratum_pass1b06_plasma_8w_timewise_da_as_released,provided,not_selected,MoTrPAC_pass1b06_rat,motrpac_pass1b06_plasma_8w,motrpac_pass1b06_plasma_8w_trained_vs_sedentary_male,not_reported,male
car(18:1) [source metabolite label NA],car(18:1),unclassified_no_refmet_match,-0.55839103,log2fc,0.00031559105,0.24194415,benjamini_hochberg,within_male_stratum_pass1b06_plasma_8w_timewise_da_as_released,provided,not_selected,MoTrPAC_pass1b06_rat,motrpac_pass1b06_plasma_8w,motrpac_pass1b06_plasma_8w_trained_vs_sedentary_male,not_reported,male
pi(36:3)_feature2 [refmet: pi(36:3)_lp_b],pi(36:3)_lp_b,unclassified_no_refmet_match,0.5742583,log2fc,0.0003167844,0.24270512,benjamini_hochberg,within_male_stratum_pass1b06_plasma_8w_timewise_da_as_released,provided,not_selected,MoTrPAC_pass1b06_rat,motrpac_pass1b06_plasma_8w,motrpac_pass1b06_plasma_8w_trained_vs_sedentary_male,not_reported,male
pc(34:3)>pc(16:0_18:3)_m+h2co2_feature3 [refmet: pc(16:0_18:3)_ln_c],pc(16:0_18:3)_ln_c,unclassified_no_refmet_match,0.7116132,log2fc,0.0003339885,0.24894464,benjamini_hochberg,within_male_stratum_pass1b06_plasma_8w_timewise_da_as_released,provided,not_selected,MoTrPAC_pass1b06_rat,motrpac_pass1b06_plasma_8w,motrpac_pass1b06_plasma_8w_trained_vs_sedentary_male,not_reported,male
4-acetamidobutanoate [refmet: 4-acetamidobutanoic acid],4-acetamidobutanoic acid,Organic acids,-0.5247556,log2fc,0.00035102636,0.25704834,benjamini_hochberg,within_male_stratum_pass1b06_plasma_8w_timewise_da_as_released,provided,not_selected,MoTrPAC_pass1b06_rat,motrpac_pass1b06_plasma_8w,motrpac_pass1b06_plasma_8w_trained_vs_sedentary_male,not_reported,male
pipecolic acid [source metabolite label NA],pipecolic acid,Organic acids,-0.2557094,log2fc,0.00036460467,0.26198748,benjamini_hochberg,within_male_stratum_pass1b06_plasma_8w_timewise_da_as_released,provided,not_selected,MoTrPAC_pass1b06_rat,motrpac_pass1b06_plasma_8w,motrpac_pass1b06_plasma_8w_trained_vs_sedentary_male,not_reported,male
tg(58:10)_m+nh3_feature3 [refmet: tg(58:10)_lp_c],tg(58:10)_lp_c,unclassified_no_refmet_match,-0.71919453,log2fc,0.00036912854,0.26311,benjamini_hochberg,within_male_stratum_pass1b06_plasma_8w_timewise_da_as_released,provided,not_selected,MoTrPAC_pass1b06_rat,motrpac_pass1b06_plasma_8w,motrpac_pass1b06_plasma_8w_trained_vs_sedentary_male,not_reported,male
sie(22:6)_m+nh3_feature1 [refmet: sitosterol ester(22:6)],sitosterol ester(22:6),unclassified_no_refmet_match,-0.6827494,log2fc,0.00038999922,0.26927727,benjamini_hochberg,within_male_stratum_pass1b06_plasma_8w_timewise_da_as_released,provided,not_selected,MoTrPAC_pass1b06_rat,motrpac_pass1b06_plasma_8w,motrpac_pass1b06_plasma_8w_trained_vs_sedentary_male,not_reported,male
pc(33:3)_feature2 [refmet: pc(33:3)_lp_b],pc(33:3)_lp_b,unclassified_no_refmet_match,0.7498218,log2fc,0.0004108062,0.27678508,benjamini_hochberg,within_male_stratum_pass1b06_plasma_8w_timewise_da_as_released,provided,not_selected,MoTrPAC_pass1b06_rat,motrpac_pass1b06_plasma_8w,motrpac_pass1b06_plasma_8w_trained_vs_sedentary_male,not_reported,male
car(8:0) [source metabolite label NA],car(8:0),unclassified_no_refmet_match,-0.45798436,log2fc,0.00041314785,0.2774338,benjamini_hochberg,within_male_stratum_pass1b06_plasma_8w_timewise_da_as_released,provided,not_selected,MoTrPAC_pass1b06_rat,motrpac_pass1b06_plasma_8w,motrpac_pass1b06_plasma_8w_trained_vs_sedentary_male,not_reported,male
putrescine,putrescine,Organic nitrogen compounds,-0.6203039,log2fc,0.0004190182,0.27988297,benjamini_hochberg,within_male_stratum_pass1b06_plasma_8w_timewise_da_as_released,provided,not_selected,MoTrPAC_pass1b06_rat,motrpac_pass1b06_plasma_8w,motrpac_pass1b06_plasma_8w_trained_vs_sedentary_male,not_reported,male
pe(40:6)>pe(18:0_22:6)_feature2 [refmet: pe(18:0_22:6)_ln_b],pe(18:0_22:6)_ln_b,unclassified_no_refmet_match,-0.7645941,log2fc,0.00046247675,0.2964629,benjamini_hochberg,within_male_stratum_pass1b06_plasma_8w_timewise_da_as_released,provided,not_selected,MoTrPAC_pass1b06_rat,motrpac_pass1b06_plasma_8w,motrpac_pass1b06_plasma_8w_trained_vs_sedentary_male,not_reported,male
5-methylcytosine,5-methylcytosine,Nucleic acids,0.5864189,log2fc,0.00047098138,0.29840016,benjamini_hochberg,within_male_stratum_pass1b06_plasma_8w_timewise_da_as_released,provided,not_selected,MoTrPAC_pass1b06_rat,motrpac_pass1b06_plasma_8w,motrpac_pass1b06_plasma_8w_trained_vs_sedentary_male,not_reported,male
pc(30:0)_feature2 [refmet: pc(30:0)_lp_b],pc(30:0)_lp_b,unclassified_no_refmet_match,-0.7364235,log2fc,0.00061243493,0.3507469,benjamini_hochberg,within_male_stratum_pass1b06_plasma_8w_timewise_da_as_released,provided,not_selected,MoTrPAC_pass1b06_rat,motrpac_pass1b06_plasma_8w,motrpac_pass1b06_plasma_8w_trained_vs_sedentary_male,not_reported,male
c40:6 pe [refmet: pe(40:6)],pe(40:6),unclassified_no_refmet_match,-0.6324086,log2fc,0.00062862213,0.35630423,benjamini_hochberg,within_male_stratum_pass1b06_plasma_8w_timewise_da_as_released,provided,not_selected,MoTrPAC_pass1b06_rat,motrpac_pass1b06_plasma_8w,motrpac_pass1b06_plasma_8w_trained_vs_sedentary_male,not_reported,male
pc(32:2) [source metabolite label NA],pc(32:2),unclassified_no_refmet_match,0.36749917,log2fc,0.0006447774,0.36122724,benjamini_hochberg,within_male_stratum_pass1b06_plasma_8w_timewise_da_as_released,provided,not_selected,MoTrPAC_pass1b06_rat,motrpac_pass1b06_plasma_8w,motrpac_pass1b06_plasma_8w_trained_vs_sedentary_male,not_reported,male
pc(38:6)_feature2 [refmet: pc(38:6)_lp_b],pc(38:6)_lp_b,unclassified_no_refmet_match,-0.4780275,log2fc,0.0006564085,0.36470142,benjamini_hochberg,within_male_stratum_pass1b06_plasma_8w_timewise_da_as_released,provided,not_selected,MoTrPAC_pass1b06_rat,motrpac_pass1b06_plasma_8w,motrpac_pass1b06_plasma_8w_trained_vs_sedentary_male,not_reported,male
tg(56:4)>tg(18:1_18:2_20:1)_and_tg(18:1_18:1_20:2)_m+nh3_feature3 [refmet: tg(56:4)_lp_c],tg(56:4)_lp_c,unclassified_no_refmet_match,-0.6260243,log2fc,0.0006583451,0.3652738,benjamini_hochberg,within_male_stratum_pass1b06_plasma_8w_timewise_da_as_released,provided,not_selected,MoTrPAC_pass1b06_rat,motrpac_pass1b06_plasma_8w,motrpac_pass1b06_plasma_8w_trained_vs_sedentary_male,not_reported,male
ce(16:1)_m+nh3_feature1 [refmet: ce(16:1)],ce(16:1),unclassified_no_refmet_match,0.78518075,log2fc,0.0007661773,0.39892313,benjamini_hochberg,within_male_stratum_pass1b06_plasma_8w_timewise_da_as_released,provided,not_selected,MoTrPAC_pass1b06_rat,motrpac_pass1b06_plasma_8w,motrpac_pass1b06_plasma_8w_trained_vs_sedentary_male,not_reported,male
tg(52:4)>tg(16:0_16:0_20:4)_and_tg(16:1_18:1_18:2)_and_tg(16:0_18:1_18:2)_m+nh3_feature6 [refmet: tg(52:4)_lp_f],tg(52:4)_lp_f,unclassified_no_refmet_match,-0.6914444,log2fc,0.0007982674,0.40945953,benjamini_hochberg,within_male_stratum_pass1b06_plasma_8w_timewise_da_as_released,provided,not_selected,MoTrPAC_pass1b06_rat,motrpac_pass1b06_plasma_8w,motrpac_pass1b06_plasma_8w_trained_vs_sedentary_male,not_reported,male
pc(o-36:4)>pc(o-16:0/20:4)  m+ h2co2_feature4 [refmet: pc(o-16:0/20:4)_ln_d],pc(o-16:0/20:4)_ln_d,unclassified_no_refmet_match,-0.41086537,log2fc,0.0008135654,0.41396934,benjamini_hochberg,within_male_stratum_pass1b06_plasma_8w_timewise_da_as_released,provided,not_selected,MoTrPAC_pass1b06_rat,motrpac_pass1b06_plasma_8w,motrpac_pass1b06_plasma_8w_trained_vs_sedentary_male,not_reported,male
lpc(19:1/0:0)_and_lpc(0:0/19:1)_feature1and2 [refmet: lpc(19:1)_lp_ab],lpc(19:1)_lp_ab,unclassified_no_refmet_match,0.40241227,log2fc,0.0008333221,0.41908354,benjamini_hochberg,within_male_stratum_pass1b06_plasma_8w_timewise_da_as_released,provided,not_selected,MoTrPAC_pass1b06_rat,motrpac_pass1b06_plasma_8w,motrpac_pass1b06_plasma_8w_trained_vs_sedentary_male,not_reported,male
car(16:3) [source metabolite label NA],car(16:3),unclassified_no_refmet_match,-0.42454067,log2fc,0.0010016564,0.46931413,benjamini_hochberg,within_male_stratum_pass1b06_plasma_8w_timewise_da_as_released,provided,not_selected,MoTrPAC_pass1b06_rat,motrpac_pass1b06_plasma_8w,motrpac_pass1b06_plasma_8w_trained_vs_sedentary_male,not_reported,male
pc(32:1)>pc(14:0_18:1)_and_pc(16:0_16:1)_m+h2co2_feature1 [refmet: pc(32:1)_ln_a],pc(32:1)_ln_a,unclassified_no_refmet_match,0.78808683,log2fc,0.0010566397,0.48364562,benjamini_hochberg,within_male_stratum_pass1b06_plasma_8w_timewise_da_as_released,provided,not_selected,MoTrPAC_pass1b06_rat,motrpac_pass1b06_plasma_8w,motrpac_pass1b06_plasma_8w_trained_vs_sedentary_male,not_reported,male
pc(32:1),pc(32:1),unclassified_no_refmet_match,0.7798791,log2fc,0.0010857286,0.49024534,benjamini_hochberg,within_male_stratum_pass1b06_plasma_8w_timewise_da_as_released,provided,not_selected,MoTrPAC_pass1b06_rat,motrpac_pass1b06_plasma_8w,motrpac_pass1b06_plasma_8w_trained_vs_sedentary_male,not_reported,male
lpc(16:1) [source metabolite label NA],lpc(16:1),unclassified_no_refmet_match,0.4474494,log2fc,0.0011644291,0.50840783,benjamini_hochberg,within_male_stratum_pass1b06_plasma_8w_timewise_da_as_released,provided,not_selected,MoTrPAC_pass1b06_rat,motrpac_pass1b06_plasma_8w,motrpac_pass1b06_plasma_8w_trained_vs_sedentary_male,not_reported,male
pc(34:1)>pc(16:0_18:1)_m+h2co2_feature2 [refmet: pc(16:0_18:1)_ln_b],pc(16:0_18:1)_ln_b,unclassified_no_refmet_match,0.3757383,log2fc,0.0011643429,0.50840783,benjamini_hochberg,within_male_stratum_pass1b06_plasma_8w_timewise_da_as_released,provided,not_selected,MoTrPAC_pass1b06_rat,motrpac_pass1b06_plasma_8w,motrpac_pass1b06_plasma_8w_trained_vs_sedentary_male,not_reported,male
n-acetylgalactosamine [refmet: n-acetyl-d-galactosamine],n-acetyl-d-galactosamine,Carbohydrates,-0.41449535,log2fc,0.0011665337,0.5089591,benjamini_hochberg,within_male_stratum_pass1b06_plasma_8w_timewise_da_as_released,provided,not_selected,MoTrPAC_pass1b06_rat,motrpac_pass1b06_plasma_8w,motrpac_pass1b06_plasma_8w_trained_vs_sedentary_male,not_reported,male
pc(36:1)_feature1 [refmet: pc(36:1)_lp_a],pc(36:1)_lp_a,unclassified_no_refmet_match,0.38612008,log2fc,0.0012118061,0.52106553,benjamini_hochberg,within_male_stratum_pass1b06_plasma_8w_timewise_da_as_released,provided,not_selected,MoTrPAC_pass1b06_rat,motrpac_pass1b06_plasma_8w,motrpac_pass1b06_plasma_8w_trained_vs_sedentary_male,not_reported,male
c38:7 pc plasmalogen [refmet: pc(p-38:6)/pc(o-38:7)],pc(p-38:6)/pc(o-38:7),unclassified_no_refmet_match,-0.35136774,log2fc,0.0013050631,0.5445141,benjamini_hochberg,within_male_stratum_pass1b06_plasma_8w_timewise_da_as_released,provided,not_selected,MoTrPAC_pass1b06_rat,motrpac_pass1b06_plasma_8w,motrpac_pass1b06_plasma_8w_trained_vs_sedentary_male,not_reported,male
lpc(16:1)_feature2 [refmet: lpc(16:1)_ln_b],lpc(16:1)_ln_b,unclassified_no_refmet_match,0.7435255,log2fc,0.0014076344,0.56904334,benjamini_hochberg,within_male_stratum_pass1b06_plasma_8w_timewise_da_as_released,provided,not_selected,MoTrPAC_pass1b06_rat,motrpac_pass1b06_plasma_8w,motrpac_pass1b06_plasma_8w_trained_vs_sedentary_male,not_reported,male
pc(32:2)>pc(14:0_18:2)_m+h2co2_feature1 [refmet: pc(14:0_18:2)_ln_a],pc(14:0_18:2)_ln_a,unclassified_no_refmet_match,0.6471831,log2fc,0.001456707,0.579235,benjamini_hochberg,within_male_stratum_pass1b06_plasma_8w_timewise_da_as_released,provided,not_selected,MoTrPAC_pass1b06_rat,motrpac_pass1b06_plasma_8w,motrpac_pass1b06_plasma_8w_trained_vs_sedentary_male,not_reported,male
pc(37:4)>pc(17:0_20:4)_m+h2co2_feature3 [refmet: pc(17:0_20:4)_ln_c],pc(17:0_20:4)_ln_c,unclassified_no_refmet_match,-0.42102388,log2fc,0.0015379377,0.5966163,benjamini_hochberg,within_male_stratum_pass1b06_plasma_8w_timewise_da_as_released,provided,not_selected,MoTrPAC_pass1b06_rat,motrpac_pass1b06_plasma_8w,motrpac_pass1b06_plasma_8w_trained_vs_sedentary_male,not_reported,male
ea(17:0)_feature1 [refmet: ea(17:0)],ea(17:0),unclassified_no_refmet_match,-3.2398765,log2fc,0.0015887902,0.6098168,benjamini_hochberg,within_male_stratum_pass1b06_plasma_8w_timewise_da_as_released,provided,not_selected,MoTrPAC_pass1b06_rat,motrpac_pass1b06_plasma_8w,motrpac_pass1b06_plasma_8w_trained_vs_sedentary_male,not_reported,male
car(16:1),car(16:1),unclassified_no_refmet_match,-0.7225188,log2fc,0.0016030252,0.6133035,benjamini_hochberg,within_male_stratum_pass1b06_plasma_8w_timewise_da_as_released,provided,not_selected,MoTrPAC_pass1b06_rat,motrpac_pass1b06_plasma_8w,motrpac_pass1b06_plasma_8w_trained_vs_sedentary_male,not_reported,male
pc(37:2)_feature1 [refmet: pc(37:2)_lp_a],pc(37:2)_lp_a,unclassified_no_refmet_match,0.39351416,log2fc,0.0017286685,0.6409276,benjamini_hochberg,within_male_stratum_pass1b06_plasma_8w_timewise_da_as_released,provided,not_selected,MoTrPAC_pass1b06_rat,motrpac_pass1b06_plasma_8w,motrpac_pass1b06_plasma_8w_trained_vs_sedentary_male,not_reported,male
pc(37:2)_feature2 [refmet: pc(37:2)_lp_b],pc(37:2)_lp_b,unclassified_no_refmet_match,0.39983577,log2fc,0.0017771221,0.6494922,benjamini_hochberg,within_male_stratum_pass1b06_plasma_8w_timewise_da_as_released,provided,not_selected,MoTrPAC_pass1b06_rat,motrpac_pass1b06_plasma_8w,motrpac_pass1b06_plasma_8w_trained_vs_sedentary_male,not_reported,male
pc(38:5)>pc(16:0_22:5)_m+h2co2_feature2 [refmet: pc(16:0_22:5)_ln_b],pc(16:0_22:5)_ln_b,unclassified_no_refmet_match,1.2858248,log2fc,0.0018684717,0.67051375,benjamini_hochberg,within_male_stratum_pass1b06_plasma_8w_timewise_da_as_released,provided,not_selected,MoTrPAC_pass1b06_rat,motrpac_pass1b06_plasma_8w,motrpac_pass1b06_plasma_8w_trained_vs_sedentary_male,not_reported,male
pc(o-36:5)>pc(o-16:1/20:4)_m+h2co2_feature5 [refmet: pc(o-36:5)_ln_e],pc(o-36:5)_ln_e,unclassified_no_refmet_match,-0.38208982,log2fc,0.0019647432,0.6874424,benjamini_hochberg,within_male_stratum_pass1b06_plasma_8w_timewise_da_as_released,provided,not_selected,MoTrPAC_pass1b06_rat,motrpac_pass1b06_plasma_8w,motrpac_pass1b06_plasma_8w_trained_vs_sedentary_male,not_reported,male
tg(56:5)>tg(16:0_18:1_22:4)_m+nh3_feature5 [refmet: tg(16:0_18:1_22:4)_lp_e],tg(16:0_18:1_22:4)_lp_e,unclassified_no_refmet_match,-0.67589515,log2fc,0.0020856163,0.7108687,benjamini_hochberg,within_male_stratum_pass1b06_plasma_8w_timewise_da_as_released,provided,not_selected,MoTrPAC_pass1b06_rat,motrpac_pass1b06_plasma_8w,motrpac_pass1b06_plasma_8w_trained_vs_sedentary_male,not_reported,male
pc(o-38:5)>pc(o-18:1/20:4)_m+h2co2_feature1 [refmet: pc(o-38:6)_ln_a],pc(o-38:6)_ln_a,unclassified_no_refmet_match,-0.33465707,log2fc,0.002098772,0.7122625,benjamini_hochberg,within_male_stratum_pass1b06_plasma_8w_timewise_da_as_released,provided,not_selected,MoTrPAC_pass1b06_rat,motrpac_pass1b06_plasma_8w,motrpac_pass1b06_plasma_8w_trained_vs_sedentary_male,not_reported,male
pc(38:4)>pc(18:0_20:4)_m+h2co2_feature4 [refmet: pc(18:0_20:4)_ln_d],pc(18:0_20:4)_ln_d,unclassified_no_refmet_match,-0.38313884,log2fc,0.0022909082,0.7527425,benjamini_hochberg,within_male_stratum_pass1b06_plasma_8w_timewise_da_as_released,provided,not_selected,MoTrPAC_pass1b06_rat,motrpac_pass1b06_plasma_8w,motrpac_pass1b06_plasma_8w_trained_vs_sedentary_male,not_reported,male
pi(40:6)>pi(18:0_22:6)_feature2 [refmet: pi(18:0_22:6)_lp_b],pi(18:0_22:6)_lp_b,unclassified_no_refmet_match,-0.5203956,log2fc,0.0023454945,0.7612552,benjamini_hochberg,within_male_stratum_pass1b06_plasma_8w_timewise_da_as_released,provided,not_selected,MoTrPAC_pass1b06_rat,motrpac_pass1b06_plasma_8w,motrpac_pass1b06_plasma_8w_trained_vs_sedentary_male,not_reported,male
pc(38:6)_feature1 [refmet: pc(38:6)_lp_a],pc(38:6)_lp_a,unclassified_no_refmet_match,0.41933578,log2fc,0.0024011196,0.77041554,benjamini_hochberg,within_male_stratum_pass1b06_plasma_8w_timewise_da_as_released,provided,not_selected,MoTrPAC_pass1b06_rat,motrpac_pass1b06_plasma_8w,motrpac_pass1b06_plasma_8w_trained_vs_sedentary_male,not_reported,male
pc(39:3)_feature1 [refmet: pc(39:3)_lp_a],pc(39:3)_lp_a,unclassified_no_refmet_match,0.3555633,log2fc,0.0024460214,0.78026694,benjamini_hochberg,within_male_stratum_pass1b06_plasma_8w_timewise_da_as_released,provided,not_selected,MoTrPAC_pass1b06_rat,motrpac_pass1b06_plasma_8w,motrpac_pass1b06_plasma_8w_trained_vs_sedentary_male,not_reported,male
pc(38:7)_feature1 [refmet: pc(38:7)_lp_a],pc(38:7)_lp_a,unclassified_no_refmet_match,0.9471081,log2fc,0.0025595683,0.804407,benjamini_hochberg,within_male_stratum_pass1b06_plasma_8w_timewise_da_as_released,provided,not_selected,MoTrPAC_pass1b06_rat,motrpac_pass1b06_plasma_8w,motrpac_pass1b06_plasma_8w_trained_vs_sedentary_male,not_reported,male
lpe(18:0/0:0)_and_lpe(0:0/18:0)_feature1and2 [refmet: lpe(18:0)_lp_ab],lpe(18:0)_lp_ab,unclassified_no_refmet_match,0.43116736,log2fc,0.0025842763,0.80900055,benjamini_hochberg,within_male_stratum_pass1b06_plasma_8w_timewise_da_as_released,provided,not_selected,MoTrPAC_pass1b06_rat,motrpac_pass1b06_plasma_8w,motrpac_pass1b06_plasma_8w_trained_vs_sedentary_male,not_reported,male
c20:1 lpe [refmet: lpe(20:1)],lpe(20:1),unclassified_no_refmet_match,0.56732464,log2fc,0.0026004144,0.81236976,benjamini_hochberg,within_male_stratum_pass1b06_plasma_8w_timewise_da_as_released,provided,not_selected,MoTrPAC_pass1b06_rat,motrpac_pass1b06_plasma_8w,motrpac_pass1b06_plasma_8w_trained_vs_sedentary_male,not_reported,male
3-indolepropionate [refmet: 3-indolepropionic acid],3-indolepropionic acid,Alkaloids,0.4527173,log2fc,0.0029370913,0.86607546,benjamini_hochberg,within_male_stratum_pass1b06_plasma_8w_timewise_da_as_released,provided,not_selected,MoTrPAC_pass1b06_rat,motrpac_pass1b06_plasma_8w,motrpac_pass1b06_plasma_8w_trained_vs_sedentary_male,not_reported,male
pc(39:4)>pc(19:0_20:4)_m+h2co2_feature3 [refmet: pc(19:0_20:4)_ln_c],pc(19:0_20:4)_ln_c,unclassified_no_refmet_match,-0.43246946,log2fc,0.0030415668,0.8867179,benjamini_hochberg,within_male_stratum_pass1b06_plasma_8w_timewise_da_as_released,provided,not_selected,MoTrPAC_pass1b06_rat,motrpac_pass1b06_plasma_8w,motrpac_pass1b06_plasma_8w_trained_vs_sedentary_male,not_reported,male
pc(36:3)>pc(16:0_20:3)_m+h2co2_feature5 [refmet: pc(16:0_20:3)_ln_e],pc(16:0_20:3)_ln_e,unclassified_no_refmet_match,0.6245319,log2fc,0.0030465191,0.8875196,benjamini_hochberg,within_male_stratum_pass1b06_plasma_8w_timewise_da_as_released,provided,not_selected,MoTrPAC_pass1b06_rat,motrpac_pass1b06_plasma_8w,motrpac_pass1b06_plasma_8w_trained_vs_sedentary_male,not_reported,male
s-allylcysteine [source metabolite label NA],s-allylcysteine,Organic acids,-0.4501364,log2fc,0.0031085715,0.8990973,benjamini_hochberg,within_male_stratum_pass1b06_plasma_8w_timewise_da_as_released,provided,not_selected,MoTrPAC_pass1b06_rat,motrpac_pass1b06_plasma_8w,motrpac_pass1b06_plasma_8w_trained_vs_sedentary_male,not_reported,male
tg(56:6)>tg(18:1_18:1_20:4)_and_tg(16:0_18:1_22:5)_and_tg(18:1_18:2_20:3)_m+nh3_feature3 [refmet: tg(56:6)_lp_c],tg(56:6)_lp_c,unclassified_no_refmet_match,-0.8201738,log2fc,0.0031164195,0.9001848,benjamini_hochberg,within_male_stratum_pass1b06_plasma_8w_timewise_da_as_released,provided,not_selected,MoTrPAC_pass1b06_rat,motrpac_pass1b06_plasma_8w,motrpac_pass1b06_plasma_8w_trained_vs_sedentary_male,not_reported,male
c18:0 lpe a [refmet: lpe(18:0)_hp_a],lpe(18:0)_hp_a,unclassified_no_refmet_match,0.3016414,log2fc,0.003237201,0.92153007,benjamini_hochberg,within_male_stratum_pass1b06_plasma_8w_timewise_da_as_released,provided,not_selected,MoTrPAC_pass1b06_rat,motrpac_pass1b06_plasma_8w,motrpac_pass1b06_plasma_8w_trained_vs_sedentary_male,not_reported,male
4-pyridoxate [refmet: 4-pyridoxic acid],4-pyridoxic acid,Alkaloids,-0.5162597,log2fc,0.003264131,0.9244078,benjamini_hochberg,within_male_stratum_pass1b06_plasma_8w_timewise_da_as_released,provided,not_selected,MoTrPAC_pass1b06_rat,motrpac_pass1b06_plasma_8w,motrpac_pass1b06_plasma_8w_trained_vs_sedentary_male,not_reported,male
tg(56:8)>tg(18:2_18:2_20:4)_m+nh3_feature1 [refmet: tg(18:2_18:2_20:4)_lp_a],tg(18:2_18:2_20:4)_lp_a,unclassified_no_refmet_match,0.60597456,log2fc,0.0032783363,0.92712766,benjamini_hochberg,within_male_stratum_pass1b06_plasma_8w_timewise_da_as_released,provided,not_selected,MoTrPAC_pass1b06_rat,motrpac_pass1b06_plasma_8w,motrpac_pass1b06_plasma_8w_trained_vs_sedentary_male,not_reported,male
tg(58:11)_m+nh3_feature1 [refmet: tg(58:11)_lp_a],tg(58:11)_lp_a,unclassified_no_refmet_match,0.60843545,log2fc,0.0033318412,0.9346073,benjamini_hochberg,within_male_stratum_pass1b06_plasma_8w_timewise_da_as_released,provided,not_selected,MoTrPAC_pass1b06_rat,motrpac_pass1b06_plasma_8w,motrpac_pass1b06_plasma_8w_trained_vs_sedentary_male,not_reported,male
pc(39:6)_feature1 [refmet: pc(39:6)_lp_a],pc(39:6)_lp_a,unclassified_no_refmet_match,-0.7067574,log2fc,0.0034986448,0.96070176,benjamini_hochberg,within_male_stratum_pass1b06_plasma_8w_timewise_da_as_released,provided,not_selected,MoTrPAC_pass1b06_rat,motrpac_pass1b06_plasma_8w,motrpac_pass1b06_plasma_8w_trained_vs_sedentary_male,not_reported,male
ltb4,ltb4,Fatty Acyls,2.5957105,log2fc,0.0035142107,0.9629377,benjamini_hochberg,within_male_stratum_pass1b06_plasma_8w_timewise_da_as_released,provided,not_selected,MoTrPAC_pass1b06_rat,motrpac_pass1b06_plasma_8w,motrpac_pass1b06_plasma_8w_trained_vs_sedentary_male,not_reported,male
pyroglutamate [refmet: pyroglutamic acid],pyroglutamic acid,Organic acids,-0.37754783,log2fc,0.0035615882,0.9690428,benjamini_hochberg,within_male_stratum_pass1b06_plasma_8w_timewise_da_as_released,provided,not_selected,MoTrPAC_pass1b06_rat,motrpac_pass1b06_plasma_8w,motrpac_pass1b06_plasma_8w_trained_vs_sedentary_male,not_reported,male
car(18:1(oh)) [source metabolite label NA],car(18:1(oh)),unclassified_no_refmet_match,0.47252476,log2fc,0.0036753695,0.98856026,benjamini_hochberg,within_male_stratum_pass1b06_plasma_8w_timewise_da_as_released,provided,not_selected,MoTrPAC_pass1b06_rat,motrpac_pass1b06_plasma_8w,motrpac_pass1b06_plasma_8w_trained_vs_sedentary_male,not_reported,male
resolvin d1,resolvin d1,Fatty Acyls,3.4942153,log2fc,0.02651893,1.0,benjamini_hochberg,within_male_stratum_pass1b06_plasma_8w_timewise_da_as_released,provided,not_selected,MoTrPAC_pass1b06_rat,motrpac_pass1b06_plasma_8w,motrpac_pass1b06_plasma_8w_trained_vs_sedentary_male,not_reported,male
9-hode,9-hode,Fatty Acyls,3.493824,log2fc,0.021404698,1.0,benjamini_hochberg,within_male_stratum_pass1b06_plasma_8w_timewise_da_as_released,provided,not_selected,MoTrPAC_pass1b06_rat,motrpac_pass1b06_plasma_8w,motrpac_pass1b06_plasma_8w_trained_vs_sedentary_male,not_reported,male
tg(54:6)>tg(16:0_16:0_22:6)_m+nh3_feature6 [refmet: tg(54:6)_lp_f],tg(54:6)_lp_f,unclassified_no_refmet_match,-2.3446736,log2fc,0.029865708,1.0,benjamini_hochberg,within_male_stratum_pass1b06_plasma_8w_timewise_da_as_released,provided,not_selected,MoTrPAC_pass1b06_rat,motrpac_pass1b06_plasma_8w,motrpac_pass1b06_plasma_8w_trained_vs_sedentary_male,not_reported,male
hydroxyindole acetate [refmet: 5-hydroxyindoleacetic acid],5-hydroxyindoleacetic acid,Alkaloids,-2.0043063,log2fc,0.011213991,1.0,benjamini_hochberg,within_male_stratum_pass1b06_plasma_8w_timewise_da_as_released,provided,not_selected,MoTrPAC_pass1b06_rat,motrpac_pass1b06_plasma_8w,motrpac_pass1b06_plasma_8w_trained_vs_sedentary_male,not_reported,male
13-hode,13-hode,Fatty Acyls,1.7990041,log2fc,0.021125605,1.0,benjamini_hochberg,within_male_stratum_pass1b06_plasma_8w_timewise_da_as_released,provided,not_selected,MoTrPAC_pass1b06_rat,motrpac_pass1b06_plasma_8w,motrpac_pass1b06_plasma_8w_trained_vs_sedentary_male,not_reported,male
lpc(0:0/18:2)_feature1 [refmet: lpc(0:0/18:2)_lp_a],lpc(0:0/18:2)_lp_a,unclassified_no_refmet_match,1.6922277,log2fc,0.037584264,1.0,benjamini_hochberg,within_male_stratum_pass1b06_plasma_8w_timewise_da_as_released,provided,not_selected,MoTrPAC_pass1b06_rat,motrpac_pass1b06_plasma_8w,motrpac_pass1b06_plasma_8w_trained_vs_sedentary_male,not_reported,male
sm(d42:2)_m+h2co2_feature1 [refmet: sm(d42:2)_ln_a],sm(d42:2)_ln_a,unclassified_no_refmet_match,1.6247532,log2fc,0.05036082,1.0,benjamini_hochberg,within_male_stratum_pass1b06_plasma_8w_timewise_da_as_released,provided,not_selected,MoTrPAC_pass1b06_rat,motrpac_pass1b06_plasma_8w,motrpac_pass1b06_plasma_8w_trained_vs_sedentary_male,not_reported,male
pc(40:6)_feature1 [refmet: pc(40:6)_lp_a],pc(40:6)_lp_a,unclassified_no_refmet_match,1.606731,log2fc,0.05105413,1.0,benjamini_hochberg,within_male_stratum_pass1b06_plasma_8w_timewise_da_as_released,provided,not_selected,MoTrPAC_pass1b06_rat,motrpac_pass1b06_plasma_8w,motrpac_pass1b06_plasma_8w_trained_vs_sedentary_male,not_reported,male
9-hotre,9-hotre,Fatty Acyls,1.5007718,log2fc,0.06303827,1.0,benjamini_hochberg,within_male_stratum_pass1b06_plasma_8w_timewise_da_as_released,provided,not_selected,MoTrPAC_pass1b06_rat,motrpac_pass1b06_plasma_8w,motrpac_pass1b06_plasma_8w_trained_vs_sedentary_male,not_reported,male
adenosine,adenosine,Nucleic acids,-1.3964657,log2fc,0.09590697,1.0,benjamini_hochberg,within_male_stratum_pass1b06_plasma_8w_timewise_da_as_released,provided,not_selected,MoTrPAC_pass1b06_rat,motrpac_pass1b06_plasma_8w,motrpac_pass1b06_plasma_8w_trained_vs_sedentary_male,not_reported,male
cer(d43:1)>cer(d18:1/25:0)_feature2 [refmet: cer(d18:1/25:0)_lp_b],cer(d18:1/25:0)_lp_b,unclassified_no_refmet_match,1.3269237,log2fc,0.16883695,1.0,benjamini_hochberg,within_male_stratum_pass1b06_plasma_8w_timewise_da_as_released,provided,not_selected,MoTrPAC_pass1b06_rat,motrpac_pass1b06_plasma_8w,motrpac_pass1b06_plasma_8w_trained_vs_sedentary_male,not_reported,male
deoxyguanosine,deoxyguanosine,Nucleic acids,-1.2566661,log2fc,0.12932953,1.0,benjamini_hochberg,within_male_stratum_pass1b06_plasma_8w_timewise_da_as_released,provided,not_selected,MoTrPAC_pass1b06_rat,motrpac_pass1b06_plasma_8w,motrpac_pass1b06_plasma_8w_trained_vs_sedentary_male,not_reported,male
inosine [source metabolite label NA],inosine,Nucleic acids,-1.2475268,log2fc,0.0038083442,1.0,benjamini_hochberg,within_male_stratum_pass1b06_plasma_8w_timewise_da_as_released,provided,not_selected,MoTrPAC_pass1b06_rat,motrpac_pass1b06_plasma_8w,motrpac_pass1b06_plasma_8w_trained_vs_sedentary_male,not_reported,male
tg(50:4)>tg(16:1_16:1_18:2)_and_tg(16:1_16:1_18:2)_m+nh3_feature2 [refmet: tg(50:4)_lp_b],tg(50:4)_lp_b,unclassified_no_refmet_match,-1.2320273,log2fc,0.16960706,1.0,benjamini_hochberg,within_male_stratum_pass1b06_plasma_8w_timewise_da_as_released,provided,not_selected,MoTrPAC_pass1b06_rat,motrpac_pass1b06_plasma_8w,motrpac_pass1b06_plasma_8w_trained_vs_sedentary_male,not_reported,male
tg(50:5)_m+nh3_feature3 [refmet: tg(50:5)_lp_c],tg(50:5)_lp_c,unclassified_no_refmet_match,-1.2160447,log2fc,0.010431409,1.0,benjamini_hochberg,within_male_stratum_pass1b06_plasma_8w_timewise_da_as_released,provided,not_selected,MoTrPAC_pass1b06_rat,motrpac_pass1b06_plasma_8w,motrpac_pass1b06_plasma_8w_trained_vs_sedentary_male,not_reported,male
tg(58:6)_m+nh3_feature4 [refmet: tg(58:6)_lp_d],tg(58:6)_lp_d,unclassified_no_refmet_match,-1.1874177,log2fc,0.006993521,1.0,benjamini_hochberg,within_male_stratum_pass1b06_plasma_8w_timewise_da_as_released,provided,not_selected,MoTrPAC_pass1b06_rat,motrpac_pass1b06_plasma_8w,motrpac_pass1b06_plasma_8w_trained_vs_sedentary_male,not_reported,male
tg(55:4)>tg(18:1_18:2_19:1)_and_tg(18:2_18:2_19:0)_and_tg(18:1_18:1_19:2)_m+nh3_feature2 [refmet: tg(55:4)_lp_b],tg(55:4)_lp_b,unclassified_no_refmet_match,-1.1853156,log2fc,0.06648923,1.0,benjamini_hochberg,within_male_stratum_pass1b06_plasma_8w_timewise_da_as_released,provided,not_selected,MoTrPAC_pass1b06_rat,motrpac_pass1b06_plasma_8w,motrpac_pass1b06_plasma_8w_trained_vs_sedentary_male,not_reported,male
glycodeoxycholate/glycochenodeoxycholate [refmet: glycodeoxycholic acid/glycochenodeoxycholic acid],glycodeoxycholic acid/glycochenodeoxycholic acid,Sterol Lipids,-1.1805286,log2fc,0.36270535,1.0,benjamini_hochberg,within_male_stratum_pass1b06_plasma_8w_timewise_da_as_released,provided,not_selected,MoTrPAC_pass1b06_rat,motrpac_pass1b06_plasma_8w,motrpac_pass1b06_plasma_8w_trained_vs_sedentary_male,not_reported,male
pc(39:5)_feature6 [refmet: pc(39:5)_lp_f],pc(39:5)_lp_f,unclassified_no_refmet_match,1.1198828,log2fc,0.1619497,1.0,benjamini_hochberg,within_male_stratum_pass1b06_plasma_8w_timewise_da_as_released,provided,not_selected,MoTrPAC_pass1b06_rat,motrpac_pass1b06_plasma_8w,motrpac_pass1b06_plasma_8w_trained_vs_sedentary_male,not_reported,male
sm(d43:1)_feature2 [refmet: sm(d43:1)_lp_b],sm(d43:1)_lp_b,unclassified_no_refmet_match,1.1048486,log2fc,0.104765505,1.0,benjamini_hochberg,within_male_stratum_pass1b06_plasma_8w_timewise_da_as_released,provided,not_selected,MoTrPAC_pass1b06_rat,motrpac_pass1b06_plasma_8w,motrpac_pass1b06_plasma_8w_trained_vs_sedentary_male,not_reported,male
urocanate [refmet: urocanic acid],urocanic acid,Alkaloids,-1.0769948,log2fc,0.011532333,1.0,benjamini_hochberg,within_male_stratum_pass1b06_plasma_8w_timewise_da_as_released,provided,not_selected,MoTrPAC_pass1b06_rat,motrpac_pass1b06_plasma_8w,motrpac_pass1b06_plasma_8w_trained_vs_sedentary_male,not_reported,male
pc(38:5)_feature2 [refmet: pc(38:5)_lp_b],pc(38:5)_lp_b,unclassified_no_refmet_match,1.070686,log2fc,0.01338971,1.0,benjamini_hochberg,within_male_stratum_pass1b06_plasma_8w_timewise_da_as_released,provided,not_selected,MoTrPAC_pass1b06_rat,motrpac_pass1b06_plasma_8w,motrpac_pass1b06_plasma_8w_trained_vs_sedentary_male,not_reported,male
taurocholate [refmet: taurocholic acid],taurocholic acid,Sterol Lipids,-1.063796,log2fc,0.12911719,1.0,benjamini_hochberg,within_male_stratum_pass1b06_plasma_8w_timewise_da_as_released,provided,not_selected,MoTrPAC_pass1b06_rat,motrpac_pass1b06_plasma_8w,motrpac_pass1b06_plasma_8w_trained_vs_sedentary_male,not_reported,male
"11,12-epetre","11,12-epetre",unclassified_no_refmet_match,1.0468063,log2fc,0.09572393,1.0,benjamini_hochberg,within_male_stratum_pass1b06_plasma_8w_timewise_da_as_released,provided,not_selected,MoTrPAC_pass1b06_rat,motrpac_pass1b06_plasma_8w,motrpac_pass1b06_plasma_8w_trained_vs_sedentary_male,not_reported,male
13-oxo-ode,13-oxo-ode,unclassified_no_refmet_match,1.042226,log2fc,0.18422034,1.0,benjamini_hochberg,within_male_stratum_pass1b06_plasma_8w_timewise_da_as_released,provided,not_selected,MoTrPAC_pass1b06_rat,motrpac_pass1b06_plasma_8w,motrpac_pass1b06_plasma_8w_trained_vs_sedentary_male,not_reported,male
tg(52:3)>tg(16:0_18:1_18:2)_m+nh3_feature2 [refmet: tg(52:3)_lp_b],tg(52:3)_lp_b,unclassified_no_refmet_match,-1.0401919,log2fc,0.028108604,1.0,benjamini_hochberg,within_male_stratum_pass1b06_plasma_8w_timewise_da_as_released,provided,not_selected,MoTrPAC_pass1b06_rat,motrpac_pass1b06_plasma_8w,motrpac_pass1b06_plasma_8w_trained_vs_sedentary_male,not_reported,male
histamine,histamine,Alkaloids,-1.0073236,log2fc,0.31262556,1.0,benjamini_hochberg,within_male_stratum_pass1b06_plasma_8w_timewise_da_as_released,provided,not_selected,MoTrPAC_pass1b06_rat,motrpac_pass1b06_plasma_8w,motrpac_pass1b06_plasma_8w_trained_vs_sedentary_male,not_reported,male
pc(36:4)_feature8 [refmet: pc(36:4)_lp_h],pc(36:4)_lp_h,unclassified_no_refmet_match,-0.9826305,log2fc,0.11805651,1.0,benjamini_hochberg,within_male_stratum_pass1b06_plasma_8w_timewise_da_as_released,provided,not_selected,MoTrPAC_pass1b06_rat,motrpac_pass1b06_plasma_8w,motrpac_pass1b06_plasma_8w_trained_vs_sedentary_male,not_reported,male
tg(58:5)_m+nh3_feature2 [refmet: tg(58:5)_lp_b],tg(58:5)_lp_b,unclassified_no_refmet_match,-0.93466836,log2fc,0.0075062234,1.0,benjamini_hochberg,within_male_stratum_pass1b06_plasma_8w_timewise_da_as_released,provided,not_selected,MoTrPAC_pass1b06_rat,motrpac_pass1b06_plasma_8w,motrpac_pass1b06_plasma_8w_trained_vs_sedentary_male,not_reported,male
resolvin d2,resolvin d2,Fatty Acyls,0.8900704,log2fc,0.35170254,1.0,benjamini_hochberg,within_male_stratum_pass1b06_plasma_8w_timewise_da_as_released,provided,not_selected,MoTrPAC_pass1b06_rat,motrpac_pass1b06_plasma_8w,motrpac_pass1b06_plasma_8w_trained_vs_sedentary_male,not_reported,male
dg(18:1_18:1),dg(18:1_18:1),unclassified_no_refmet_match,-0.8813409,log2fc,0.023414651,1.0,benjamini_hochberg,within_male_stratum_pass1b06_plasma_8w_timewise_da_as_released,provided,not_selected,MoTrPAC_pass1b06_rat,motrpac_pass1b06_plasma_8w,motrpac_pass1b06_plasma_8w_trained_vs_sedentary_male,not_reported,male
lpc(0:0/20:4)_feature1 [refmet: lpc(0:0/20:4)_lp_a],lpc(0:0/20:4)_lp_a,unclassified_no_refmet_match,0.881152,log2fc,0.5355273,1.0,benjamini_hochberg,within_male_stratum_pass1b06_plasma_8w_timewise_da_as_released,provided,not_selected,MoTrPAC_pass1b06_rat,motrpac_pass1b06_plasma_8w,motrpac_pass1b06_plasma_8w_trained_vs_sedentary_male,not_reported,male
bis(2-ethylhexyl)phthalate [refmet: bis(2-ethylhexyl)phthalic acid],bis(2-ethylhexyl)phthalic acid,Benzenoids,-0.8797854,log2fc,0.09919363,1.0,benjamini_hochberg,within_male_stratum_pass1b06_plasma_8w_timewise_da_as_released,provided,not_selected,MoTrPAC_pass1b06_rat,motrpac_pass1b06_plasma_8w,motrpac_pass1b06_plasma_8w_trained_vs_sedentary_male,not_reported,male
13-hpode,13-hpode,Fatty Acyls,0.863868,log2fc,0.25919855,1.0,benjamini_hochberg,within_male_stratum_pass1b06_plasma_8w_timewise_da_as_released,provided,not_selected,MoTrPAC_pass1b06_rat,motrpac_pass1b06_plasma_8w,motrpac_pass1b06_plasma_8w_trained_vs_sedentary_male,not_reported,male
pe(38:5)>pe(18:1_20:4)_feature8 [refmet: pe(18:1_20:4)_lp_h],pe(18:1_20:4)_lp_h,unclassified_no_refmet_match,-0.8411247,log2fc,0.20039366,1.0,benjamini_hochberg,within_male_stratum_pass1b06_plasma_8w_timewise_da_as_released,provided,not_selected,MoTrPAC_pass1b06_rat,motrpac_pass1b06_plasma_8w,motrpac_pass1b06_plasma_8w_trained_vs_sedentary_male,not_reported,male
sm(d42:1),sm(d42:1),unclassified_no_refmet_match,0.8376762,log2fc,0.017278036,1.0,benjamini_hochberg,within_male_stratum_pass1b06_plasma_8w_timewise_da_as_released,provided,not_selected,MoTrPAC_pass1b06_rat,motrpac_pass1b06_plasma_8w,motrpac_pass1b06_plasma_8w_trained_vs_sedentary_male,not_reported,male
omega-muricholate [refmet: omega-muricholic acid],omega-muricholic acid,Sterol Lipids,-0.81438756,log2fc,0.1891082,1.0,benjamini_hochberg,within_male_stratum_pass1b06_plasma_8w_timewise_da_as_released,provided,not_selected,MoTrPAC_pass1b06_rat,motrpac_pass1b06_plasma_8w,motrpac_pass1b06_plasma_8w_trained_vs_sedentary_male,not_reported,male
udp-n-acetylglucosamine,udp-n-acetylglucosamine,Nucleic acids,-0.80723965,log2fc,0.13537118,1.0,benjamini_hochberg,within_male_stratum_pass1b06_plasma_8w_timewise_da_as_released,provided,not_selected,MoTrPAC_pass1b06_rat,motrpac_pass1b06_plasma_8w,motrpac_pass1b06_plasma_8w_trained_vs_sedentary_male,not_reported,male
pc(38:3)_feature2 [refmet: pc(38:3)_lp_b],pc(38:3)_lp_b,unclassified_no_refmet_match,0.80676335,log2fc,0.032871537,1.0,benjamini_hochberg,within_male_stratum_pass1b06_plasma_8w_timewise_da_as_released,provided,not_selected,MoTrPAC_pass1b06_rat,motrpac_pass1b06_plasma_8w,motrpac_pass1b06_plasma_8w_trained_vs_sedentary_male,not_reported,male
pc(36:5)_feature3 [refmet: pc(36:5)_lp_c],pc(36:5)_lp_c,unclassified_no_refmet_match,0.78115916,log2fc,0.0057866136,1.0,benjamini_hochberg,within_male_stratum_pass1b06_plasma_8w_timewise_da_as_released,provided,not_selected,MoTrPAC_pass1b06_rat,motrpac_pass1b06_plasma_8w,motrpac_pass1b06_plasma_8w_trained_vs_sedentary_male,not_reported,male
tauro-beta-muricholate [refmet: tauro-beta-muricholic acid],tauro-beta-muricholic acid,Sterol Lipids,0.77830863,log2fc,0.4024967,1.0,benjamini_hochberg,within_male_stratum_pass1b06_plasma_8w_timewise_da_as_released,provided,not_selected,MoTrPAC_pass1b06_rat,motrpac_pass1b06_plasma_8w,motrpac_pass1b06_plasma_8w_trained_vs_sedentary_male,not_reported,male
lpc(0:0/18:1)_feature1 [refmet: lpc(0:0/18:1)_lp_a],lpc(0:0/18:1)_lp_a,unclassified_no_refmet_match,0.775107,log2fc,0.43480307,1.0,benjamini_hochberg,within_male_stratum_pass1b06_plasma_8w_timewise_da_as_released,provided,not_selected,MoTrPAC_pass1b06_rat,motrpac_pass1b06_plasma_8w,motrpac_pass1b06_plasma_8w_trained_vs_sedentary_male,not_reported,male
dg(36:5)>dg(18:2_18:3_0:0)_m+nh3_feature1 [refmet: dg(18:2_18:3)_lp_a],dg(18:2_18:3)_lp_a,unclassified_no_refmet_match,-0.7649882,log2fc,0.03762901,1.0,benjamini_hochberg,within_male_stratum_pass1b06_plasma_8w_timewise_da_as_released,provided,not_selected,MoTrPAC_pass1b06_rat,motrpac_pass1b06_plasma_8w,motrpac_pass1b06_plasma_8w_trained_vs_sedentary_male,not_reported,male
lpc(19:0/0:0)_feature2 [refmet: lpc(19:0/0:0)_b],lpc(19:0/0:0)_b,unclassified_no_refmet_match,0.7244951,log2fc,0.4325103,1.0,benjamini_hochberg,within_male_stratum_pass1b06_plasma_8w_timewise_da_as_released,provided,not_selected,MoTrPAC_pass1b06_rat,motrpac_pass1b06_plasma_8w,motrpac_pass1b06_plasma_8w_trained_vs_sedentary_male,not_reported,male
pc(34:3)>pc(16:1_18:2)_m+h2co2_feature2 [refmet: pc(16:1_18:2)_ln_b],pc(16:1_18:2)_ln_b,unclassified_no_refmet_match,0.7173723,log2fc,0.010000974,1.0,benjamini_hochberg,within_male_stratum_pass1b06_plasma_8w_timewise_da_as_released,provided,not_selected,MoTrPAC_pass1b06_rat,motrpac_pass1b06_plasma_8w,motrpac_pass1b06_plasma_8w_trained_vs_sedentary_male,not_reported,male
fa(19:1) [refmet: nonadecenoic acid],nonadecenoic acid,Fatty Acyls,0.70898634,log2fc,0.22681473,1.0,benjamini_hochberg,within_male_stratum_pass1b06_plasma_8w_timewise_da_as_released,provided,not_selected,MoTrPAC_pass1b06_rat,motrpac_pass1b06_plasma_8w,motrpac_pass1b06_plasma_8w_trained_vs_sedentary_male,not_reported,male
mg(18:1)_a_b [refmet: mg(18:1)],mg(18:1),unclassified_no_refmet_match,-0.69780546,log2fc,0.036507025,1.0,benjamini_hochberg,within_male_stratum_pass1b06_plasma_8w_timewise_da_as_released,provided,not_selected,MoTrPAC_pass1b06_rat,motrpac_pass1b06_plasma_8w,motrpac_pass1b06_plasma_8w_trained_vs_sedentary_male,not_reported,male
tg(58:8)>tg(18:0_20:4_20:4)_and_tg(18:0_18:2_22:6)_m+nh3_feature6 [refmet: tg(58:8)_lp_f],tg(58:8)_lp_f,unclassified_no_refmet_match,-0.69543725,log2fc,0.006062895,1.0,benjamini_hochberg,within_male_stratum_pass1b06_plasma_8w_timewise_da_as_released,provided,not_selected,MoTrPAC_pass1b06_rat,motrpac_pass1b06_plasma_8w,motrpac_pass1b06_plasma_8w_trained_vs_sedentary_male,not_reported,male
oleamide_feature2 [refmet: oleamide_lp_b],oleamide_lp_b,unclassified_no_refmet_match,-0.6914446,log2fc,0.36157677,1.0,benjamini_hochberg,within_male_stratum_pass1b06_plasma_8w_timewise_da_as_released,provided,not_selected,MoTrPAC_pass1b06_rat,motrpac_pass1b06_plasma_8w,motrpac_pass1b06_plasma_8w_trained_vs_sedentary_male,not_reported,male
pc(o-40:7)_feature4 [refmet: pc(o-40:7)_lp_d],pc(o-40:7)_lp_d,unclassified_no_refmet_match,-0.6896848,log2fc,0.19216639,1.0,benjamini_hochberg,within_male_stratum_pass1b06_plasma_8w_timewise_da_as_released,provided,not_selected,MoTrPAC_pass1b06_rat,motrpac_pass1b06_plasma_8w,motrpac_pass1b06_plasma_8w_trained_vs_sedentary_male,not_reported,male
acetylcholine,acetylcholine,Organic nitrogen compounds,-0.6835792,log2fc,0.33596766,1.0,benjamini_hochberg,within_male_stratum_pass1b06_plasma_8w_timewise_da_as_released,provided,not_selected,MoTrPAC_pass1b06_rat,motrpac_pass1b06_plasma_8w,motrpac_pass1b06_plasma_8w_trained_vs_sedentary_male,not_reported,male
erucamide_feature2 [refmet: erucamide_lp_b],erucamide_lp_b,unclassified_no_refmet_match,-0.67875063,log2fc,0.3528056,1.0,benjamini_hochberg,within_male_stratum_pass1b06_plasma_8w_timewise_da_as_released,provided,not_selected,MoTrPAC_pass1b06_rat,motrpac_pass1b06_plasma_8w,motrpac_pass1b06_plasma_8w_trained_vs_sedentary_male,not_reported,male
tg(60:4)_m+nh3_feature1 [refmet: tg(60:4)_lp_a],tg(60:4)_lp_a,unclassified_no_refmet_match,0.67841125,log2fc,0.34974903,1.0,benjamini_hochberg,within_male_stratum_pass1b06_plasma_8w_timewise_da_as_released,provided,not_selected,MoTrPAC_pass1b06_rat,motrpac_pass1b06_plasma_8w,motrpac_pass1b06_plasma_8w_trained_vs_sedentary_male,not_reported,male
corticosterone_feature1 [refmet: corticosterone],corticosterone,Sterol Lipids,0.67566156,log2fc,0.086975716,1.0,benjamini_hochberg,within_male_stratum_pass1b06_plasma_8w_timewise_da_as_released,provided,not_selected,MoTrPAC_pass1b06_rat,motrpac_pass1b06_plasma_8w,motrpac_pass1b06_plasma_8w_trained_vs_sedentary_male,not_reported,male
pc(36:4)_feature2 [refmet: pc(36:4)_lp_b],pc(36:4)_lp_b,unclassified_no_refmet_match,0.67438996,log2fc,0.045490306,1.0,benjamini_hochberg,within_male_stratum_pass1b06_plasma_8w_timewise_da_as_released,provided,not_selected,MoTrPAC_pass1b06_rat,motrpac_pass1b06_plasma_8w,motrpac_pass1b06_plasma_8w_trained_vs_sedentary_male,not_reported,male
tg(53:3)>tg(17:0_18:1_18:2)_and_tg(17:1_18:1_18:1)_and_tg(16:1_18:1_19:1)_and_tg(16:0_18:1_19:2)_m+nh3_feature4 [refmet: tg(53:3)_lp_d],tg(53:3)_lp_d,unclassified_no_refmet_match,-0.6701385,log2fc,0.22726469,1.0,benjamini_hochberg,within_male_stratum_pass1b06_plasma_8w_timewise_da_as_released,provided,not_selected,MoTrPAC_pass1b06_rat,motrpac_pass1b06_plasma_8w,motrpac_pass1b06_plasma_8w_trained_vs_sedentary_male,not_reported,male
lpc(20:5)_feature1and2 [refmet: lpc(20:5)_ln_ab],lpc(20:5)_ln_ab,unclassified_no_refmet_match,0.66727686,log2fc,0.030259669,1.0,benjamini_hochberg,within_male_stratum_pass1b06_plasma_8w_timewise_da_as_released,provided,not_selected,MoTrPAC_pass1b06_rat,motrpac_pass1b06_plasma_8w,motrpac_pass1b06_plasma_8w_trained_vs_sedentary_male,not_reported,male
pc(42:9)_feature2 [refmet: pc(42:9)_lp_b],pc(42:9)_lp_b,unclassified_no_refmet_match,0.6598691,log2fc,0.43603915,1.0,benjamini_hochberg,within_male_stratum_pass1b06_plasma_8w_timewise_da_as_released,provided,not_selected,MoTrPAC_pass1b06_rat,motrpac_pass1b06_plasma_8w,motrpac_pass1b06_plasma_8w_trained_vs_sedentary_male,not_reported,male
tg(54:3)>tg(18:1/18:1/18:1)_m+nh3_feature7 [refmet: tg(18:1_18:1_18:1)_lp_g],tg(18:1_18:1_18:1)_lp_g,unclassified_no_refmet_match,-0.6524379,log2fc,0.14143287,1.0,benjamini_hochberg,within_male_stratum_pass1b06_plasma_8w_timewise_da_as_released,provided,not_selected,MoTrPAC_pass1b06_rat,motrpac_pass1b06_plasma_8w,motrpac_pass1b06_plasma_8w_trained_vs_sedentary_male,not_reported,male
ps(40:6)>ps(18:0_22:6)_feature3 [refmet: ps(18:0_22:6)_lp_c],ps(18:0_22:6)_lp_c,unclassified_no_refmet_match,-0.6524042,log2fc,0.021551406,1.0,benjamini_hochberg,within_male_stratum_pass1b06_plasma_8w_timewise_da_as_released,provided,not_selected,MoTrPAC_pass1b06_rat,motrpac_pass1b06_plasma_8w,motrpac_pass1b06_plasma_8w_trained_vs_sedentary_male,not_reported,male
car(4:0(oh)) [source metabolite label NA],car(4:0(oh)),unclassified_no_refmet_match,-0.6484548,log2fc,0.025999706,1.0,benjamini_hochberg,within_male_stratum_pass1b06_plasma_8w_timewise_da_as_released,provided,not_selected,MoTrPAC_pass1b06_rat,motrpac_pass1b06_plasma_8w,motrpac_pass1b06_plasma_8w_trained_vs_sedentary_male,not_reported,male
fa(12:0) [refmet: lauric acid],lauric acid,Fatty Acyls,0.6480582,log2fc,0.26531947,1.0,benjamini_hochberg,within_male_stratum_pass1b06_plasma_8w_timewise_da_as_released,provided,not_selected,MoTrPAC_pass1b06_rat,motrpac_pass1b06_plasma_8w,motrpac_pass1b06_plasma_8w_trained_vs_sedentary_male,not_reported,male
tg(54:7)>tg(16:0_16:1_22:6)_and_tg(16:0_18:2_20:5)_m+nh3_feature4 [refmet: tg(54:7)_lp_d],tg(54:7)_lp_d,unclassified_no_refmet_match,-0.6435352,log2fc,0.115870334,1.0,benjamini_hochberg,within_male_stratum_pass1b06_plasma_8w_timewise_da_as_released,provided,not_selected,MoTrPAC_pass1b06_rat,motrpac_pass1b06_plasma_8w,motrpac_pass1b06_plasma_8w_trained_vs_sedentary_male,not_reported,male
cer(d36:1)>cer(d18:1/18:0)_feature1 [refmet: cer(d18:1/18:0)],cer(d18:1/18:0),unclassified_no_refmet_match,-0.64091045,log2fc,0.018538646,1.0,benjamini_hochberg,within_male_stratum_pass1b06_plasma_8w_timewise_da_as_released,provided,not_selected,MoTrPAC_pass1b06_rat,motrpac_pass1b06_plasma_8w,motrpac_pass1b06_plasma_8w_trained_vs_sedentary_male,not_reported,male
pc(36:3)_feature3 [refmet: pc(36:3)_lp_c],pc(36:3)_lp_c,unclassified_no_refmet_match,0.632442,log2fc,0.032001033,1.0,benjamini_hochberg,within_male_stratum_pass1b06_plasma_8w_timewise_da_as_released,provided,not_selected,MoTrPAC_pass1b06_rat,motrpac_pass1b06_plasma_8w,motrpac_pass1b06_plasma_8w_trained_vs_sedentary_male,not_reported,male
c16-oh carnitine [refmet: car(16:0(oh))],car(16:0(oh)),unclassified_no_refmet_match,0.6254273,log2fc,0.025155397,1.0,benjamini_hochberg,within_male_stratum_pass1b06_plasma_8w_timewise_da_as_released,provided,not_selected,MoTrPAC_pass1b06_rat,motrpac_pass1b06_plasma_8w,motrpac_pass1b06_plasma_8w_trained_vs_sedentary_male,not_reported,male
ce(20:5)_m+nh3_feature1 [refmet: ce(20:5)],ce(20:5),unclassified_no_refmet_match,0.6149767,log2fc,0.005436287,1.0,benjamini_hochberg,within_male_stratum_pass1b06_plasma_8w_timewise_da_as_released,provided,not_selected,MoTrPAC_pass1b06_rat,motrpac_pass1b06_plasma_8w,motrpac_pass1b06_plasma_8w_trained_vs_sedentary_male,not_reported,male
pc(o-36:4)_feature2 [refmet: pc(o-36:4)_lp_b],pc(o-36:4)_lp_b,unclassified_no_refmet_match,0.6144065,log2fc,0.3172678,1.0,benjamini_hochberg,within_male_stratum_pass1b06_plasma_8w_timewise_da_as_released,provided,not_selected,MoTrPAC_pass1b06_rat,motrpac_pass1b06_plasma_8w,motrpac_pass1b06_plasma_8w_trained_vs_sedentary_male,not_reported,male
oleamide,oleamide,Fatty Acyls,0.6139548,log2fc,0.10991474,1.0,benjamini_hochberg,within_male_stratum_pass1b06_plasma_8w_timewise_da_as_released,provided,not_selected,MoTrPAC_pass1b06_rat,motrpac_pass1b06_plasma_8w,motrpac_pass1b06_plasma_8w_trained_vs_sedentary_male,not_reported,male
tg(58:7)>tg(18:0_18:1_22:6)_m+nh3_feature3 [refmet: tg(58:7)_lp_c],tg(58:7)_lp_c,unclassified_no_refmet_match,-0.6070709,log2fc,0.07745346,1.0,benjamini_hochberg,within_male_stratum_pass1b06_plasma_8w_timewise_da_as_released,provided,not_selected,MoTrPAC_pass1b06_rat,motrpac_pass1b06_plasma_8w,motrpac_pass1b06_plasma_8w_trained_vs_sedentary_male,not_reported,male
9-hete,9-hete,Fatty Acyls,0.6053057,log2fc,0.47634816,1.0,benjamini_hochberg,within_male_stratum_pass1b06_plasma_8w_timewise_da_as_released,provided,not_selected,MoTrPAC_pass1b06_rat,motrpac_pass1b06_plasma_8w,motrpac_pass1b06_plasma_8w_trained_vs_sedentary_male,not_reported,male
xanthosine [source metabolite label NA],xanthosine,Nucleic acids,0.5978919,log2fc,0.25757965,1.0,benjamini_hochberg,within_male_stratum_pass1b06_plasma_8w_timewise_da_as_released,provided,not_selected,MoTrPAC_pass1b06_rat,motrpac_pass1b06_plasma_8w,motrpac_pass1b06_plasma_8w_trained_vs_sedentary_male,not_reported,male
n-acetylaspartate [refmet: n-acetylaspartic acid],n-acetylaspartic acid,Organic acids,-0.5947521,log2fc,0.05440096,1.0,benjamini_hochberg,within_male_stratum_pass1b06_plasma_8w_timewise_da_as_released,provided,not_selected,MoTrPAC_pass1b06_rat,motrpac_pass1b06_plasma_8w,motrpac_pass1b06_plasma_8w_trained_vs_sedentary_male,not_reported,male
tg(53:1)>tg(16:0_18:1_19:0)_and_tg(17:0_18:0_18:1)_m+nh3_feature1 [refmet: tg(53:1)_lp_a],tg(53:1)_lp_a,unclassified_no_refmet_match,-0.5929272,log2fc,0.053808473,1.0,benjamini_hochberg,within_male_stratum_pass1b06_plasma_8w_timewise_da_as_released,provided,not_selected,MoTrPAC_pass1b06_rat,motrpac_pass1b06_plasma_8w,motrpac_pass1b06_plasma_8w_trained_vs_sedentary_male,not_reported,male
homocysteine,homocysteine,Organic acids,-0.59263283,log2fc,0.0072409026,1.0,benjamini_hochberg,within_male_stratum_pass1b06_plasma_8w_timewise_da_as_released,provided,not_selected,MoTrPAC_pass1b06_rat,motrpac_pass1b06_plasma_8w,motrpac_pass1b06_plasma_8w_trained_vs_sedentary_male,not_reported,male
car(20:4) [source metabolite label NA],car(20:4),unclassified_no_refmet_match,-0.5885722,log2fc,0.12256788,1.0,benjamini_hochberg,within_male_stratum_pass1b06_plasma_8w_timewise_da_as_released,provided,not_selected,MoTrPAC_pass1b06_rat,motrpac_pass1b06_plasma_8w,motrpac_pass1b06_plasma_8w_trained_vs_sedentary_male,not_reported,male
lpc(20:5)_feature1and2 [refmet: lpc(20:5)_lp_ab],lpc(20:5)_lp_ab,unclassified_no_refmet_match,0.5879307,log2fc,0.019063536,1.0,benjamini_hochberg,within_male_stratum_pass1b06_plasma_8w_timewise_da_as_released,provided,not_selected,MoTrPAC_pass1b06_rat,motrpac_pass1b06_plasma_8w,motrpac_pass1b06_plasma_8w_trained_vs_sedentary_male,not_reported,male
n-alpha-acetylarginine [refmet: n-acetylarginine],n-acetylarginine,Organic acids,-0.580036,log2fc,0.19203112,1.0,benjamini_hochberg,within_male_stratum_pass1b06_plasma_8w_timewise_da_as_released,provided,not_selected,MoTrPAC_pass1b06_rat,motrpac_pass1b06_plasma_8w,motrpac_pass1b06_plasma_8w_trained_vs_sedentary_male,not_reported,male
glycodeoxycholate [refmet: glycodeoxycholic acid],glycodeoxycholic acid,Sterol Lipids,-0.5764334,log2fc,0.472646,1.0,benjamini_hochberg,within_male_stratum_pass1b06_plasma_8w_timewise_da_as_released,provided,not_selected,MoTrPAC_pass1b06_rat,motrpac_pass1b06_plasma_8w,motrpac_pass1b06_plasma_8w_trained_vs_sedentary_male,not_reported,male
taurodeoxycholate [refmet: taurodeoxycholic acid],taurodeoxycholic acid,Sterol Lipids,-0.5686171,log2fc,0.33046845,1.0,benjamini_hochberg,within_male_stratum_pass1b06_plasma_8w_timewise_da_as_released,provided,not_selected,MoTrPAC_pass1b06_rat,motrpac_pass1b06_plasma_8w,motrpac_pass1b06_plasma_8w_trained_vs_sedentary_male,not_reported,male
ribose 5-phosphate+ribulose 5-phosphate+xylulose 5-phosphate [refmet: pentose 5-phosphate],pentose 5-phosphate,Carbohydrates,-0.56408954,log2fc,0.27627745,1.0,benjamini_hochberg,within_male_stratum_pass1b06_plasma_8w_timewise_da_as_released,provided,not_selected,MoTrPAC_pass1b06_rat,motrpac_pass1b06_plasma_8w,motrpac_pass1b06_plasma_8w_trained_vs_sedentary_male,not_reported,male
lpc(14:0)_feature1and2 [refmet: lpc(14:0)_ln_ab],lpc(14:0)_ln_ab,unclassified_no_refmet_match,0.56204593,log2fc,0.005775065,1.0,benjamini_hochberg,within_male_stratum_pass1b06_plasma_8w_timewise_da_as_released,provided,not_selected,MoTrPAC_pass1b06_rat,motrpac_pass1b06_plasma_8w,motrpac_pass1b06_plasma_8w_trained_vs_sedentary_male,not_reported,male
pc(40:7)_feature2 [refmet: pc(40:7)_lp_b],pc(40:7)_lp_b,unclassified_no_refmet_match,0.5588534,log2fc,0.013996273,1.0,benjamini_hochberg,within_male_stratum_pass1b06_plasma_8w_timewise_da_as_released,provided,not_selected,MoTrPAC_pass1b06_rat,motrpac_pass1b06_plasma_8w,motrpac_pass1b06_plasma_8w_trained_vs_sedentary_male,not_reported,male
fumaric acid [source metabolite label NA],fumaric acid,Organic acids,-0.55633813,log2fc,0.08094256,1.0,benjamini_hochberg,within_male_stratum_pass1b06_plasma_8w_timewise_da_as_released,provided,not_selected,MoTrPAC_pass1b06_rat,motrpac_pass1b06_plasma_8w,motrpac_pass1b06_plasma_8w_trained_vs_sedentary_male,not_reported,male
pc(35:3),pc(35:3),unclassified_no_refmet_match,0.5562012,log2fc,0.011594584,1.0,benjamini_hochberg,within_male_stratum_pass1b06_plasma_8w_timewise_da_as_released,provided,not_selected,MoTrPAC_pass1b06_rat,motrpac_pass1b06_plasma_8w,motrpac_pass1b06_plasma_8w_trained_vs_sedentary_male,not_reported,male
sm(d41:2)_feature2and3 [refmet: sm(d41:2)_lp_bc],sm(d41:2)_lp_bc,unclassified_no_refmet_match,0.5561715,log2fc,0.01012058,1.0,benjamini_hochberg,within_male_stratum_pass1b06_plasma_8w_timewise_da_as_released,provided,not_selected,MoTrPAC_pass1b06_rat,motrpac_pass1b06_plasma_8w,motrpac_pass1b06_plasma_8w_trained_vs_sedentary_male,not_reported,male
homoarginine,homoarginine,Organic acids,0.5545322,log2fc,0.009766174,1.0,benjamini_hochberg,within_male_stratum_pass1b06_plasma_8w_timewise_da_as_released,provided,not_selected,MoTrPAC_pass1b06_rat,motrpac_pass1b06_plasma_8w,motrpac_pass1b06_plasma_8w_trained_vs_sedentary_male,not_reported,male
tg(60:10)>tg(18:0_20:4_22:6)_m+nh3_feature5 [refmet: tg(60:10)_lp_e],tg(60:10)_lp_e,unclassified_no_refmet_match,-0.551302,log2fc,0.036218308,1.0,benjamini_hochberg,within_male_stratum_pass1b06_plasma_8w_timewise_da_as_released,provided,not_selected,MoTrPAC_pass1b06_rat,motrpac_pass1b06_plasma_8w,motrpac_pass1b06_plasma_8w_trained_vs_sedentary_male,not_reported,male
pc(42:3)_feature1 [refmet: pc(42:3)_lp_a],pc(42:3)_lp_a,unclassified_no_refmet_match,0.550598,log2fc,0.0076181823,1.0,benjamini_hochberg,within_male_stratum_pass1b06_plasma_8w_timewise_da_as_released,provided,not_selected,MoTrPAC_pass1b06_rat,motrpac_pass1b06_plasma_8w,motrpac_pass1b06_plasma_8w_trained_vs_sedentary_male,not_reported,male
3-(1-pyrazolyl)-alanine_feature1 [refmet: 3-(1-pyrazolyl)-alanine],3-(1-pyrazolyl)-alanine,Organic acids,0.54092836,log2fc,0.10434867,1.0,benjamini_hochberg,within_male_stratum_pass1b06_plasma_8w_timewise_da_as_released,provided,not_selected,MoTrPAC_pass1b06_rat,motrpac_pass1b06_plasma_8w,motrpac_pass1b06_plasma_8w_trained_vs_sedentary_male,not_reported,male
sie(20:4)_m+nh3_feature2 [refmet: sitosterol ester(20:4)_lp_b],sitosterol ester(20:4)_lp_b,unclassified_no_refmet_match,-0.54092735,log2fc,0.0040881317,1.0,benjamini_hochberg,within_male_stratum_pass1b06_plasma_8w_timewise_da_as_released,provided,not_selected,MoTrPAC_pass1b06_rat,motrpac_pass1b06_plasma_8w,motrpac_pass1b06_plasma_8w_trained_vs_sedentary_male,not_reported,male
pc(36:5)>pc(16:0_20:5)_m+h2co2_feature3 [refmet: pc(16:0_20:5)_ln_c],pc(16:0_20:5)_ln_c,unclassified_no_refmet_match,0.5403185,log2fc,0.046272933,1.0,benjamini_hochberg,within_male_stratum_pass1b06_plasma_8w_timewise_da_as_released,provided,not_selected,MoTrPAC_pass1b06_rat,motrpac_pass1b06_plasma_8w,motrpac_pass1b06_plasma_8w_trained_vs_sedentary_male,not_reported,male
thyroxine,thyroxine,Organic acids,-0.53958046,log2fc,0.016134273,1.0,benjamini_hochberg,within_male_stratum_pass1b06_plasma_8w_timewise_da_as_released,provided,not_selected,MoTrPAC_pass1b06_rat,motrpac_pass1b06_plasma_8w,motrpac_pass1b06_plasma_8w_trained_vs_sedentary_male,not_reported,male
alpha-muricholate [refmet: alpha-muricholic acid],alpha-muricholic acid,Sterol Lipids,-0.5372109,log2fc,0.46836385,1.0,benjamini_hochberg,within_male_stratum_pass1b06_plasma_8w_timewise_da_as_released,provided,not_selected,MoTrPAC_pass1b06_rat,motrpac_pass1b06_plasma_8w,motrpac_pass1b06_plasma_8w_trained_vs_sedentary_male,not_reported,male
tg(56:7)_m+nh3_feature2 [refmet: tg(56:7)_lp_b],tg(56:7)_lp_b,unclassified_no_refmet_match,-0.5352834,log2fc,0.07630414,1.0,benjamini_hochberg,within_male_stratum_pass1b06_plasma_8w_timewise_da_as_released,provided,not_selected,MoTrPAC_pass1b06_rat,motrpac_pass1b06_plasma_8w,motrpac_pass1b06_plasma_8w_trained_vs_sedentary_male,not_reported,male
tg(56:5)>tg(16:0_18:1_22:4)_m+nh3_feature4 [refmet: tg(16:0_18:1_22:4)_lp_d],tg(16:0_18:1_22:4)_lp_d,unclassified_no_refmet_match,-0.53332496,log2fc,0.130259,1.0,benjamini_hochberg,within_male_stratum_pass1b06_plasma_8w_timewise_da_as_released,provided,not_selected,MoTrPAC_pass1b06_rat,motrpac_pass1b06_plasma_8w,motrpac_pass1b06_plasma_8w_trained_vs_sedentary_male,not_reported,male
lpc(20:3)_feature2 [refmet: lpc(20:3)_ln_b],lpc(20:3)_ln_b,unclassified_no_refmet_match,0.53246933,log2fc,0.004096103,1.0,benjamini_hochberg,within_male_stratum_pass1b06_plasma_8w_timewise_da_as_released,provided,not_selected,MoTrPAC_pass1b06_rat,motrpac_pass1b06_plasma_8w,motrpac_pass1b06_plasma_8w_trained_vs_sedentary_male,not_reported,male
"14,15-epetre","14,15-epetre",unclassified_no_refmet_match,0.531881,log2fc,0.22810546,1.0,benjamini_hochberg,within_male_stratum_pass1b06_plasma_8w_timewise_da_as_released,provided,not_selected,MoTrPAC_pass1b06_rat,motrpac_pass1b06_plasma_8w,motrpac_pass1b06_plasma_8w_trained_vs_sedentary_male,not_reported,male
tg(50:2)>tg(16:0_16:1_18:1)_and_tg(14:0_18:1_18:1)_m+nh3_feature3 [refmet: tg(50:2)_lp_c],tg(50:2)_lp_c,unclassified_no_refmet_match,-0.53135496,log2fc,0.03422334,1.0,benjamini_hochberg,within_male_stratum_pass1b06_plasma_8w_timewise_da_as_released,provided,not_selected,MoTrPAC_pass1b06_rat,motrpac_pass1b06_plasma_8w,motrpac_pass1b06_plasma_8w_trained_vs_sedentary_male,not_reported,male
pc(o-38:4)_feature2 [refmet: pc(o-38:4)_lp_b],pc(o-38:4)_lp_b,unclassified_no_refmet_match,0.52875996,log2fc,0.00463728,1.0,benjamini_hochberg,within_male_stratum_pass1b06_plasma_8w_timewise_da_as_released,provided,not_selected,MoTrPAC_pass1b06_rat,motrpac_pass1b06_plasma_8w,motrpac_pass1b06_plasma_8w_trained_vs_sedentary_male,not_reported,male
methylimidazoleacetate [refmet: methylimidazoleacetic acid],methylimidazoleacetic acid,Alkaloids,0.52517986,log2fc,0.0663812,1.0,benjamini_hochberg,within_male_stratum_pass1b06_plasma_8w_timewise_da_as_released,provided,not_selected,MoTrPAC_pass1b06_rat,motrpac_pass1b06_plasma_8w,motrpac_pass1b06_plasma_8w_trained_vs_sedentary_male,not_reported,male
car(20:0),car(20:0),unclassified_no_refmet_match,-0.52344126,log2fc,0.012129979,1.0,benjamini_hochberg,within_male_stratum_pass1b06_plasma_8w_timewise_da_as_released,provided,not_selected,MoTrPAC_pass1b06_rat,motrpac_pass1b06_plasma_8w,motrpac_pass1b06_plasma_8w_trained_vs_sedentary_male,not_reported,male
"8,9-dihetre","8,9-dihetre",Fatty Acyls,0.5222006,log2fc,0.1581235,1.0,benjamini_hochberg,within_male_stratum_pass1b06_plasma_8w_timewise_da_as_released,provided,not_selected,MoTrPAC_pass1b06_rat,motrpac_pass1b06_plasma_8w,motrpac_pass1b06_plasma_8w_trained_vs_sedentary_male,not_reported,male
pc(38:6)_feature3 [refmet: pc(38:6)_lp_c],pc(38:6)_lp_c,unclassified_no_refmet_match,-0.5155679,log2fc,0.13540398,1.0,benjamini_hochberg,within_male_stratum_pass1b06_plasma_8w_timewise_da_as_released,provided,not_selected,MoTrPAC_pass1b06_rat,motrpac_pass1b06_plasma_8w,motrpac_pass1b06_plasma_8w_trained_vs_sedentary_male,not_reported,male
tg(54:4)>tg(18:1_18:1_18:2)_feature4 [refmet: tg(18:1_18:1_18:2)_lp_d],tg(18:1_18:1_18:2)_lp_d,unclassified_no_refmet_match,-0.5136201,log2fc,0.08508481,1.0,benjamini_hochberg,within_male_stratum_pass1b06_plasma_8w_timewise_da_as_released,provided,not_selected,MoTrPAC_pass1b06_rat,motrpac_pass1b06_plasma_8w,motrpac_pass1b06_plasma_8w_trained_vs_sedentary_male,not_reported,male
oxaloacetate [refmet: oxaloacetic acid],oxaloacetic acid,Organic acids,0.51201504,log2fc,0.07165236,1.0,benjamini_hochberg,within_male_stratum_pass1b06_plasma_8w_timewise_da_as_released,provided,not_selected,MoTrPAC_pass1b06_rat,motrpac_pass1b06_plasma_8w,motrpac_pass1b06_plasma_8w_trained_vs_sedentary_male,not_reported,male
methyl n-methylanthranilate,methyl n-methylanthranilate,Benzenoids,-0.5099433,log2fc,0.021715568,1.0,benjamini_hochberg,within_male_stratum_pass1b06_plasma_8w_timewise_da_as_released,provided,not_selected,MoTrPAC_pass1b06_rat,motrpac_pass1b06_plasma_8w,motrpac_pass1b06_plasma_8w_trained_vs_sedentary_male,not_reported,male
pc(42:7)_feature1 [refmet: pc(42:7)_lp_a],pc(42:7)_lp_a,unclassified_no_refmet_match,-0.50149065,log2fc,0.008414005,1.0,benjamini_hochberg,within_male_stratum_pass1b06_plasma_8w_timewise_da_as_released,provided,not_selected,MoTrPAC_pass1b06_rat,motrpac_pass1b06_plasma_8w,motrpac_pass1b06_plasma_8w_trained_vs_sedentary_male,not_reported,male
pc(o-38:6)_feature2 [refmet: pc(o-38:6)_lp_b],pc(o-38:6)_lp_b,unclassified_no_refmet_match,-0.494699,log2fc,0.026742283,1.0,benjamini_hochberg,within_male_stratum_pass1b06_plasma_8w_timewise_da_as_released,provided,not_selected,MoTrPAC_pass1b06_rat,motrpac_pass1b06_plasma_8w,motrpac_pass1b06_plasma_8w_trained_vs_sedentary_male,not_reported,male
pc(36:4)>pc(18:2/18:2)_m+h2co2_feature2 [refmet: pc(18:2/18:2)_ln_b],pc(18:2/18:2)_ln_b,unclassified_no_refmet_match,0.49237776,log2fc,0.118344665,1.0,benjamini_hochberg,within_male_stratum_pass1b06_plasma_8w_timewise_da_as_released,provided,not_selected,MoTrPAC_pass1b06_rat,motrpac_pass1b06_plasma_8w,motrpac_pass1b06_plasma_8w_trained_vs_sedentary_male,not_reported,male
erucamide_feature1 [refmet: 13-docosenamide],13-docosenamide,Fatty Acyls,-0.4894749,log2fc,0.45449474,1.0,benjamini_hochberg,within_male_stratum_pass1b06_plasma_8w_timewise_da_as_released,provided,not_selected,MoTrPAC_pass1b06_rat,motrpac_pass1b06_plasma_8w,motrpac_pass1b06_plasma_8w_trained_vs_sedentary_male,not_reported,male
tg(55:5)>tg(18:2_18:2_19:1)_and_tg(18:1_18:2_19:2)_m+nh3_feature2 [refmet: tg(55:5)_lp_b],tg(55:5)_lp_b,unclassified_no_refmet_match,0.48916975,log2fc,0.4658895,1.0,benjamini_hochberg,within_male_stratum_pass1b06_plasma_8w_timewise_da_as_released,provided,not_selected,MoTrPAC_pass1b06_rat,motrpac_pass1b06_plasma_8w,motrpac_pass1b06_plasma_8w_trained_vs_sedentary_male,not_reported,male
dg(36:4)>dg(16:0_20:4_0:0)_m+nh3_feature2 [refmet: dg(16:0_20:4)_lp_b],dg(16:0_20:4)_lp_b,unclassified_no_refmet_match,-0.4875334,log2fc,0.0046098046,1.0,benjamini_hochberg,within_male_stratum_pass1b06_plasma_8w_timewise_da_as_released,provided,not_selected,MoTrPAC_pass1b06_rat,motrpac_pass1b06_plasma_8w,motrpac_pass1b06_plasma_8w_trained_vs_sedentary_male,not_reported,male
n4-acetylcytidine,n4-acetylcytidine,Nucleic acids,0.4874266,log2fc,0.0062935287,1.0,benjamini_hochberg,within_male_stratum_pass1b06_plasma_8w_timewise_da_as_released,provided,not_selected,MoTrPAC_pass1b06_rat,motrpac_pass1b06_plasma_8w,motrpac_pass1b06_plasma_8w_trained_vs_sedentary_male,not_reported,male
pc(o-40:7)_feature3 [refmet: pc(o-40:7)_lp_c],pc(o-40:7)_lp_c,unclassified_no_refmet_match,-0.48501888,log2fc,0.03376718,1.0,benjamini_hochberg,within_male_stratum_pass1b06_plasma_8w_timewise_da_as_released,provided,not_selected,MoTrPAC_pass1b06_rat,motrpac_pass1b06_plasma_8w,motrpac_pass1b06_plasma_8w_trained_vs_sedentary_male,not_reported,male
tg(50:1)>tg(16:0_16:0_18:1)_feature4 [refmet: tg(16:0_16:0_18:1)_lp_d],tg(16:0_16:0_18:1)_lp_d,unclassified_no_refmet_match,-0.4837806,log2fc,0.084355645,1.0,benjamini_hochberg,within_male_stratum_pass1b06_plasma_8w_timewise_da_as_released,provided,not_selected,MoTrPAC_pass1b06_rat,motrpac_pass1b06_plasma_8w,motrpac_pass1b06_plasma_8w_trained_vs_sedentary_male,not_reported,male
pe(40:6)_feature2 [refmet: pe(40:6)_lp_b],pe(40:6)_lp_b,unclassified_no_refmet_match,-0.48346412,log2fc,0.012781213,1.0,benjamini_hochberg,within_male_stratum_pass1b06_plasma_8w_timewise_da_as_released,provided,not_selected,MoTrPAC_pass1b06_rat,motrpac_pass1b06_plasma_8w,motrpac_pass1b06_plasma_8w_trained_vs_sedentary_male,not_reported,male
tg(48:1)>tg(16:0_16:0_16:1)_and_tg(14:0_16:0_18:1)_m+nh3_feature3 [refmet: tg(48:1)_lp_c],tg(48:1)_lp_c,unclassified_no_refmet_match,-0.48167393,log2fc,0.27945033,1.0,benjamini_hochberg,within_male_stratum_pass1b06_plasma_8w_timewise_da_as_released,provided,not_selected,MoTrPAC_pass1b06_rat,motrpac_pass1b06_plasma_8w,motrpac_pass1b06_plasma_8w_trained_vs_sedentary_male,not_reported,male
tg(60:10)>tg(18:0_20:4_22:6)_m+nh3_feature3 [refmet: tg(60:10)_lp_c],tg(60:10)_lp_c,unclassified_no_refmet_match,-0.47627237,log2fc,0.03267062,1.0,benjamini_hochberg,within_male_stratum_pass1b06_plasma_8w_timewise_da_as_released,provided,not_selected,MoTrPAC_pass1b06_rat,motrpac_pass1b06_plasma_8w,motrpac_pass1b06_plasma_8w_trained_vs_sedentary_male,not_reported,male
glycoursodeoxycholate [refmet: glycoursodeoxycholic acid],glycoursodeoxycholic acid,Sterol Lipids,-0.47263342,log2fc,0.6846165,1.0,benjamini_hochberg,within_male_stratum_pass1b06_plasma_8w_timewise_da_as_released,provided,not_selected,MoTrPAC_pass1b06_rat,motrpac_pass1b06_plasma_8w,motrpac_pass1b06_plasma_8w_trained_vs_sedentary_male,not_reported,male
phenylacetylglutamine [refmet: alpha-n-phenylacetylglutamine],alpha-n-phenylacetylglutamine,Organic acids,-0.47107378,log2fc,0.2907652,1.0,benjamini_hochberg,within_male_stratum_pass1b06_plasma_8w_timewise_da_as_released,provided,not_selected,MoTrPAC_pass1b06_rat,motrpac_pass1b06_plasma_8w,motrpac_pass1b06_plasma_8w_trained_vs_sedentary_male,not_reported,male
tg(54:5)>tg(18:1_18:2_18:2)_and_tg(16:0_16:0_22:5)_and_tg(16:0_18:1_20:4)_feature5 [refmet: tg(54:5)_lp_e],tg(54:5)_lp_e,unclassified_no_refmet_match,-0.46990493,log2fc,0.012261694,1.0,benjamini_hochberg,within_male_stratum_pass1b06_plasma_8w_timewise_da_as_released,provided,not_selected,MoTrPAC_pass1b06_rat,motrpac_pass1b06_plasma_8w,motrpac_pass1b06_plasma_8w_trained_vs_sedentary_male,not_reported,male
dg(34:2)>dg(16:0_18:2_0:0)_m+nh3_feature3 [refmet: dg(16:0_18:2)_lp_c],dg(16:0_18:2)_lp_c,unclassified_no_refmet_match,-0.4682904,log2fc,0.10399981,1.0,benjamini_hochberg,within_male_stratum_pass1b06_plasma_8w_timewise_da_as_released,provided,not_selected,MoTrPAC_pass1b06_rat,motrpac_pass1b06_plasma_8w,motrpac_pass1b06_plasma_8w_trained_vs_sedentary_male,not_reported,male
lpc(0:0/20:2)_feature1 [refmet: lpc(0:0/20:2)_lp_a],lpc(0:0/20:2)_lp_a,unclassified_no_refmet_match,0.46763322,log2fc,0.0044020317,1.0,benjamini_hochberg,within_male_stratum_pass1b06_plasma_8w_timewise_da_as_released,provided,not_selected,MoTrPAC_pass1b06_rat,motrpac_pass1b06_plasma_8w,motrpac_pass1b06_plasma_8w_trained_vs_sedentary_male,not_reported,male
tg(49:1)>tg(15:0_16:0_18:0)_and_tg(16:0_16:0_17:1)_and_tg(16:0_16:1_17:0)_m+nh3_feature1 [refmet: tg(49:1)],tg(49:1),unclassified_no_refmet_match,-0.46668628,log2fc,0.27702925,1.0,benjamini_hochberg,within_male_stratum_pass1b06_plasma_8w_timewise_da_as_released,provided,not_selected,MoTrPAC_pass1b06_rat,motrpac_pass1b06_plasma_8w,motrpac_pass1b06_plasma_8w_trained_vs_sedentary_male,not_reported,male
pc(40:5)>pc(18:0_22:5)_m+h2co2_feature4 [refmet: pc(18:0_22:5)_ln_d],pc(18:0_22:5)_ln_d,unclassified_no_refmet_match,-0.4661036,log2fc,0.016107474,1.0,benjamini_hochberg,within_male_stratum_pass1b06_plasma_8w_timewise_da_as_released,provided,not_selected,MoTrPAC_pass1b06_rat,motrpac_pass1b06_plasma_8w,motrpac_pass1b06_plasma_8w_trained_vs_sedentary_male,not_reported,male
pc(38:3)_feature3 [refmet: pc(38:3)_lp_c],pc(38:3)_lp_c,unclassified_no_refmet_match,0.4651219,log2fc,0.020212803,1.0,benjamini_hochberg,within_male_stratum_pass1b06_plasma_8w_timewise_da_as_released,provided,not_selected,MoTrPAC_pass1b06_rat,motrpac_pass1b06_plasma_8w,motrpac_pass1b06_plasma_8w_trained_vs_sedentary_male,not_reported,male
pc(38:2)_feature1 [refmet: pc(38:2)_lp_a],pc(38:2)_lp_a,unclassified_no_refmet_match,0.46355966,log2fc,0.010428397,1.0,benjamini_hochberg,within_male_stratum_pass1b06_plasma_8w_timewise_da_as_released,provided,not_selected,MoTrPAC_pass1b06_rat,motrpac_pass1b06_plasma_8w,motrpac_pass1b06_plasma_8w_trained_vs_sedentary_male,not_reported,male
dg(34:1),dg(34:1),unclassified_no_refmet_match,-0.46197996,log2fc,0.29035285,1.0,benjamini_hochberg,within_male_stratum_pass1b06_plasma_8w_timewise_da_as_released,provided,not_selected,MoTrPAC_pass1b06_rat,motrpac_pass1b06_plasma_8w,motrpac_pass1b06_plasma_8w_trained_vs_sedentary_male,not_reported,male
tg(58:4)_m+nh3_feature3 [refmet: tg(58:4)_lp_c],tg(58:4)_lp_c,unclassified_no_refmet_match,-0.4613823,log2fc,0.094623365,1.0,benjamini_hochberg,within_male_stratum_pass1b06_plasma_8w_timewise_da_as_released,provided,not_selected,MoTrPAC_pass1b06_rat,motrpac_pass1b06_plasma_8w,motrpac_pass1b06_plasma_8w_trained_vs_sedentary_male,not_reported,male
tg(50:2)>tg(16:0_16:1_18:1)_and_tg(14:0_18:1_18:1)_m+nh3_feature1 [refmet: tg(50:2)_lp_a],tg(50:2)_lp_a,unclassified_no_refmet_match,-0.45696545,log2fc,0.4673705,1.0,benjamini_hochberg,within_male_stratum_pass1b06_plasma_8w_timewise_da_as_released,provided,not_selected,MoTrPAC_pass1b06_rat,motrpac_pass1b06_plasma_8w,motrpac_pass1b06_plasma_8w_trained_vs_sedentary_male,not_reported,male
car(2:0) [source metabolite label NA],car(2:0),unclassified_no_refmet_match,-0.45675084,log2fc,0.013526997,1.0,benjamini_hochberg,within_male_stratum_pass1b06_plasma_8w_timewise_da_as_released,provided,not_selected,MoTrPAC_pass1b06_rat,motrpac_pass1b06_plasma_8w,motrpac_pass1b06_plasma_8w_trained_vs_sedentary_male,not_reported,male
pc(o-36:5)_feature1 [refmet: pc(o-36:5)_lp_a],pc(o-36:5)_lp_a,unclassified_no_refmet_match,-0.45557693,log2fc,0.0068537584,1.0,benjamini_hochberg,within_male_stratum_pass1b06_plasma_8w_timewise_da_as_released,provided,not_selected,MoTrPAC_pass1b06_rat,motrpac_pass1b06_plasma_8w,motrpac_pass1b06_plasma_8w_trained_vs_sedentary_male,not_reported,male
retinoate [refmet: retinoic acid],retinoic acid,Prenol Lipids,0.45318174,log2fc,0.17700242,1.0,benjamini_hochberg,within_male_stratum_pass1b06_plasma_8w_timewise_da_as_released,provided,not_selected,MoTrPAC_pass1b06_rat,motrpac_pass1b06_plasma_8w,motrpac_pass1b06_plasma_8w_trained_vs_sedentary_male,not_reported,male
tg(48:2)>tg(14:0_16:0_18:2)_and_tg(14:0_16:1_18:1)_m+nh3_feature3 [refmet: tg(48:2)_lp_c],tg(48:2)_lp_c,unclassified_no_refmet_match,-0.45299792,log2fc,0.3446438,1.0,benjamini_hochberg,within_male_stratum_pass1b06_plasma_8w_timewise_da_as_released,provided,not_selected,MoTrPAC_pass1b06_rat,motrpac_pass1b06_plasma_8w,motrpac_pass1b06_plasma_8w_trained_vs_sedentary_male,not_reported,male
sm(d40:1),sm(d40:1),unclassified_no_refmet_match,0.45132488,log2fc,0.07356222,1.0,benjamini_hochberg,within_male_stratum_pass1b06_plasma_8w_timewise_da_as_released,provided,not_selected,MoTrPAC_pass1b06_rat,motrpac_pass1b06_plasma_8w,motrpac_pass1b06_plasma_8w_trained_vs_sedentary_male,not_reported,male
aspartic acid,aspartic acid,Organic acids,-0.45118877,log2fc,0.10545169,1.0,benjamini_hochberg,within_male_stratum_pass1b06_plasma_8w_timewise_da_as_released,provided,not_selected,MoTrPAC_pass1b06_rat,motrpac_pass1b06_plasma_8w,motrpac_pass1b06_plasma_8w_trained_vs_sedentary_male,not_reported,male
chenodeoxycholate [refmet: chenodeoxycholic acid],chenodeoxycholic acid,Sterol Lipids,0.45060062,log2fc,0.72737247,1.0,benjamini_hochberg,within_male_stratum_pass1b06_plasma_8w_timewise_da_as_released,provided,not_selected,MoTrPAC_pass1b06_rat,motrpac_pass1b06_plasma_8w,motrpac_pass1b06_plasma_8w_trained_vs_sedentary_male,not_reported,male
pc(o-38:7)_feature2 [refmet: pc(o-38:7)_lp_b],pc(o-38:7)_lp_b,unclassified_no_refmet_match,-0.45043227,log2fc,0.022472683,1.0,benjamini_hochberg,within_male_stratum_pass1b06_plasma_8w_timewise_da_as_released,provided,not_selected,MoTrPAC_pass1b06_rat,motrpac_pass1b06_plasma_8w,motrpac_pass1b06_plasma_8w_trained_vs_sedentary_male,not_reported,male
tg(54:3)>tg(18:1/18:1/18:1)_m+nh3_feature6 [refmet: tg(18:1_18:1_18:1)_lp_f],tg(18:1_18:1_18:1)_lp_f,unclassified_no_refmet_match,-0.44932473,log2fc,0.20538281,1.0,benjamini_hochberg,within_male_stratum_pass1b06_plasma_8w_timewise_da_as_released,provided,not_selected,MoTrPAC_pass1b06_rat,motrpac_pass1b06_plasma_8w,motrpac_pass1b06_plasma_8w_trained_vs_sedentary_male,not_reported,male
tg(50:5)_m+nh3_feature2 [refmet: tg(50:5)_lp_b],tg(50:5)_lp_b,unclassified_no_refmet_match,0.44909868,log2fc,0.29980037,1.0,benjamini_hochberg,within_male_stratum_pass1b06_plasma_8w_timewise_da_as_released,provided,not_selected,MoTrPAC_pass1b06_rat,motrpac_pass1b06_plasma_8w,motrpac_pass1b06_plasma_8w_trained_vs_sedentary_male,not_reported,male
ps(36:2)_feature4 [refmet: ps(36:2)_lp_d],ps(36:2)_lp_d,unclassified_no_refmet_match,0.4481929,log2fc,0.5977483,1.0,benjamini_hochberg,within_male_stratum_pass1b06_plasma_8w_timewise_da_as_released,provided,not_selected,MoTrPAC_pass1b06_rat,motrpac_pass1b06_plasma_8w,motrpac_pass1b06_plasma_8w_trained_vs_sedentary_male,not_reported,male
pc(39:6)_feature3 [refmet: pc(39:6)_lp_c],pc(39:6)_lp_c,unclassified_no_refmet_match,-0.44649243,log2fc,0.02318131,1.0,benjamini_hochberg,within_male_stratum_pass1b06_plasma_8w_timewise_da_as_released,provided,not_selected,MoTrPAC_pass1b06_rat,motrpac_pass1b06_plasma_8w,motrpac_pass1b06_plasma_8w_trained_vs_sedentary_male,not_reported,male
pc(37:1)_feature3 [refmet: pc(37:1)_lp_c],pc(37:1)_lp_c,unclassified_no_refmet_match,0.44646445,log2fc,0.027088143,1.0,benjamini_hochberg,within_male_stratum_pass1b06_plasma_8w_timewise_da_as_released,provided,not_selected,MoTrPAC_pass1b06_rat,motrpac_pass1b06_plasma_8w,motrpac_pass1b06_plasma_8w_trained_vs_sedentary_male,not_reported,male
glycerol 3-phosphate [refmet: sn-glycero-3-phosphate],sn-glycero-3-phosphate,Organic acids,0.43910664,log2fc,0.01347897,1.0,benjamini_hochberg,within_male_stratum_pass1b06_plasma_8w_timewise_da_as_released,provided,not_selected,MoTrPAC_pass1b06_rat,motrpac_pass1b06_plasma_8w,motrpac_pass1b06_plasma_8w_trained_vs_sedentary_male,not_reported,male
lpc(15:0/0:0)_and_lpc(0:0/15:0)_feature1and2 [refmet: lpc(15:0)_lp_ab],lpc(15:0)_lp_ab,unclassified_no_refmet_match,0.43713045,log2fc,0.01103672,1.0,benjamini_hochberg,within_male_stratum_pass1b06_plasma_8w_timewise_da_as_released,provided,not_selected,MoTrPAC_pass1b06_rat,motrpac_pass1b06_plasma_8w,motrpac_pass1b06_plasma_8w_trained_vs_sedentary_male,not_reported,male
isocitrate [refmet: isocitric acid],isocitric acid,Organic acids,-0.43496722,log2fc,0.050963417,1.0,benjamini_hochberg,within_male_stratum_pass1b06_plasma_8w_timewise_da_as_released,provided,not_selected,MoTrPAC_pass1b06_rat,motrpac_pass1b06_plasma_8w,motrpac_pass1b06_plasma_8w_trained_vs_sedentary_male,not_reported,male
diethylphthalate [refmet: diethyl phthalate],diethyl phthalate,Benzenoids,0.4340958,log2fc,0.062360656,1.0,benjamini_hochberg,within_male_stratum_pass1b06_plasma_8w_timewise_da_as_released,provided,not_selected,MoTrPAC_pass1b06_rat,motrpac_pass1b06_plasma_8w,motrpac_pass1b06_plasma_8w_trained_vs_sedentary_male,not_reported,male
dmgv,dmgv,Organic acids,-0.43366438,log2fc,0.0074728266,1.0,benjamini_hochberg,within_male_stratum_pass1b06_plasma_8w_timewise_da_as_released,provided,not_selected,MoTrPAC_pass1b06_rat,motrpac_pass1b06_plasma_8w,motrpac_pass1b06_plasma_8w_trained_vs_sedentary_male,not_reported,male
dg(34:2),dg(34:2),unclassified_no_refmet_match,-0.4293972,log2fc,0.25276434,1.0,benjamini_hochberg,within_male_stratum_pass1b06_plasma_8w_timewise_da_as_released,provided,not_selected,MoTrPAC_pass1b06_rat,motrpac_pass1b06_plasma_8w,motrpac_pass1b06_plasma_8w_trained_vs_sedentary_male,not_reported,male
deoxycholic acid [source metabolite label NA],deoxycholic acid,Sterol Lipids,0.42801327,log2fc,0.1883067,1.0,benjamini_hochberg,within_male_stratum_pass1b06_plasma_8w_timewise_da_as_released,provided,not_selected,MoTrPAC_pass1b06_rat,motrpac_pass1b06_plasma_8w,motrpac_pass1b06_plasma_8w_trained_vs_sedentary_male,not_reported,male
pi(38:5)>pi(18:1_20:4)_feature2 [refmet: pi(18:1_20:4)_lp_b],pi(18:1_20:4)_lp_b,unclassified_no_refmet_match,0.42692164,log2fc,0.1596831,1.0,benjamini_hochberg,within_male_stratum_pass1b06_plasma_8w_timewise_da_as_released,provided,not_selected,MoTrPAC_pass1b06_rat,motrpac_pass1b06_plasma_8w,motrpac_pass1b06_plasma_8w_trained_vs_sedentary_male,not_reported,male
hypotaurine,hypotaurine,Organic acids,-0.42442164,log2fc,0.06706772,1.0,benjamini_hochberg,within_male_stratum_pass1b06_plasma_8w_timewise_da_as_released,provided,not_selected,MoTrPAC_pass1b06_rat,motrpac_pass1b06_plasma_8w,motrpac_pass1b06_plasma_8w_trained_vs_sedentary_male,not_reported,male
dg(36:3),dg(36:3),unclassified_no_refmet_match,-0.42183116,log2fc,0.20161992,1.0,benjamini_hochberg,within_male_stratum_pass1b06_plasma_8w_timewise_da_as_released,provided,not_selected,MoTrPAC_pass1b06_rat,motrpac_pass1b06_plasma_8w,motrpac_pass1b06_plasma_8w_trained_vs_sedentary_male,not_reported,male
pe(o-36:3)>pe(o-18:1/18:2)_feature6 [refmet: pe(o-18:1/18:2)_lp_f],pe(o-18:1/18:2)_lp_f,unclassified_no_refmet_match,0.42130333,log2fc,0.06806228,1.0,benjamini_hochberg,within_male_stratum_pass1b06_plasma_8w_timewise_da_as_released,provided,not_selected,MoTrPAC_pass1b06_rat,motrpac_pass1b06_plasma_8w,motrpac_pass1b06_plasma_8w_trained_vs_sedentary_male,not_reported,male
pc(42:7)_feature4 [refmet: pc(42:7)_lp_d],pc(42:7)_lp_d,unclassified_no_refmet_match,-0.42109984,log2fc,0.021653682,1.0,benjamini_hochberg,within_male_stratum_pass1b06_plasma_8w_timewise_da_as_released,provided,not_selected,MoTrPAC_pass1b06_rat,motrpac_pass1b06_plasma_8w,motrpac_pass1b06_plasma_8w_trained_vs_sedentary_male,not_reported,male
tg(50:3)_m+nh3_feature3 [refmet: tg(50:3)_lp_c],tg(50:3)_lp_c,unclassified_no_refmet_match,-0.4207166,log2fc,0.2618364,1.0,benjamini_hochberg,within_male_stratum_pass1b06_plasma_8w_timewise_da_as_released,provided,not_selected,MoTrPAC_pass1b06_rat,motrpac_pass1b06_plasma_8w,motrpac_pass1b06_plasma_8w_trained_vs_sedentary_male,not_reported,male
tg(56:10)>tg(18:2_18:3_20:5)_m+nh3_feature1 [refmet: tg(18:2_18:3_20:5)],tg(18:2_18:3_20:5),unclassified_no_refmet_match,0.420245,log2fc,0.049244247,1.0,benjamini_hochberg,within_male_stratum_pass1b06_plasma_8w_timewise_da_as_released,provided,not_selected,MoTrPAC_pass1b06_rat,motrpac_pass1b06_plasma_8w,motrpac_pass1b06_plasma_8w_trained_vs_sedentary_male,not_reported,male
car(18:0)_feature2 [refmet: tg(50:2)_lp_b],tg(50:2)_lp_b,unclassified_no_refmet_match,-0.4192802,log2fc,0.38704416,1.0,benjamini_hochberg,within_male_stratum_pass1b06_plasma_8w_timewise_da_as_released,provided,not_selected,MoTrPAC_pass1b06_rat,motrpac_pass1b06_plasma_8w,motrpac_pass1b06_plasma_8w_trained_vs_sedentary_male,not_reported,male
lpc(24:2/0:0)_and_lpc(0:0/24:2)_feature1and2 [refmet: lpc(24:2)_lp_ab],lpc(24:2)_lp_ab,unclassified_no_refmet_match,0.41904822,log2fc,0.017422646,1.0,benjamini_hochberg,within_male_stratum_pass1b06_plasma_8w_timewise_da_as_released,provided,not_selected,MoTrPAC_pass1b06_rat,motrpac_pass1b06_plasma_8w,motrpac_pass1b06_plasma_8w_trained_vs_sedentary_male,not_reported,male
lpc(20:0),lpc(20:0),unclassified_no_refmet_match,-0.41893423,log2fc,0.034511387,1.0,benjamini_hochberg,within_male_stratum_pass1b06_plasma_8w_timewise_da_as_released,provided,not_selected,MoTrPAC_pass1b06_rat,motrpac_pass1b06_plasma_8w,motrpac_pass1b06_plasma_8w_trained_vs_sedentary_male,not_reported,male
amp [source metabolite label NA],amp,Nucleic acids,-0.4178878,log2fc,0.3502081,1.0,benjamini_hochberg,within_male_stratum_pass1b06_plasma_8w_timewise_da_as_released,provided,not_selected,MoTrPAC_pass1b06_rat,motrpac_pass1b06_plasma_8w,motrpac_pass1b06_plasma_8w_trained_vs_sedentary_male,not_reported,male
lithocholate [refmet: lithocholic acid],lithocholic acid,Sterol Lipids,0.41783935,log2fc,0.14401568,1.0,benjamini_hochberg,within_male_stratum_pass1b06_plasma_8w_timewise_da_as_released,provided,not_selected,MoTrPAC_pass1b06_rat,motrpac_pass1b06_plasma_8w,motrpac_pass1b06_plasma_8w_trained_vs_sedentary_male,not_reported,male
pc(40:2)_feature1 [refmet: pc(40:2)_lp_a],pc(40:2)_lp_a,unclassified_no_refmet_match,0.41535208,log2fc,0.046209067,1.0,benjamini_hochberg,within_male_stratum_pass1b06_plasma_8w_timewise_da_as_released,provided,not_selected,MoTrPAC_pass1b06_rat,motrpac_pass1b06_plasma_8w,motrpac_pass1b06_plasma_8w_trained_vs_sedentary_male,not_reported,male
tg(46:1)>tg(12:0_16:0_18:1)_and_tg(10:0_18:0_18:1)_and_tg(14:0_16:0_16:1)_m+nh3_feature2 [refmet: tg(46:1)_lp_b],tg(46:1)_lp_b,unclassified_no_refmet_match,-0.4152573,log2fc,0.47726816,1.0,benjamini_hochberg,within_male_stratum_pass1b06_plasma_8w_timewise_da_as_released,provided,not_selected,MoTrPAC_pass1b06_rat,motrpac_pass1b06_plasma_8w,motrpac_pass1b06_plasma_8w_trained_vs_sedentary_male,not_reported,male
dg(36:4)>dg18:2_18:2_0:0)_feature1 [refmet: dg(36:4)_lp_a],dg(36:4)_lp_a,unclassified_no_refmet_match,-0.4127496,log2fc,0.055519864,1.0,benjamini_hochberg,within_male_stratum_pass1b06_plasma_8w_timewise_da_as_released,provided,not_selected,MoTrPAC_pass1b06_rat,motrpac_pass1b06_plasma_8w,motrpac_pass1b06_plasma_8w_trained_vs_sedentary_male,not_reported,male
tg(56:5)>tg(16:0_18:1_22:4)_m+nh3_feature3 [refmet: tg(16:0_18:1_22:4)_lp_c],tg(16:0_18:1_22:4)_lp_c,unclassified_no_refmet_match,-0.41268653,log2fc,0.14498264,1.0,benjamini_hochberg,within_male_stratum_pass1b06_plasma_8w_timewise_da_as_released,provided,not_selected,MoTrPAC_pass1b06_rat,motrpac_pass1b06_plasma_8w,motrpac_pass1b06_plasma_8w_trained_vs_sedentary_male,not_reported,male
lpc(0:0/20:0)_feature1 [refmet: lpc(0:0/20:0)_lp_a],lpc(0:0/20:0)_lp_a,unclassified_no_refmet_match,0.4093416,log2fc,0.047565527,1.0,benjamini_hochberg,within_male_stratum_pass1b06_plasma_8w_timewise_da_as_released,provided,not_selected,MoTrPAC_pass1b06_rat,motrpac_pass1b06_plasma_8w,motrpac_pass1b06_plasma_8w_trained_vs_sedentary_male,not_reported,male
tg(58:4)_m+nh3_feature2 [refmet: tg(58:4)_lp_b],tg(58:4)_lp_b,unclassified_no_refmet_match,-0.40897605,log2fc,0.18037456,1.0,benjamini_hochberg,within_male_stratum_pass1b06_plasma_8w_timewise_da_as_released,provided,not_selected,MoTrPAC_pass1b06_rat,motrpac_pass1b06_plasma_8w,motrpac_pass1b06_plasma_8w_trained_vs_sedentary_male,not_reported,male
pc(o-40:7)_feature1 [refmet: pc(o-40:7)_lp_a],pc(o-40:7)_lp_a,unclassified_no_refmet_match,-0.40777108,log2fc,0.038405363,1.0,benjamini_hochberg,within_male_stratum_pass1b06_plasma_8w_timewise_da_as_released,provided,not_selected,MoTrPAC_pass1b06_rat,motrpac_pass1b06_plasma_8w,motrpac_pass1b06_plasma_8w_trained_vs_sedentary_male,not_reported,male
tg(55:3)_m+nh3_feature3 [refmet: tg(55:3)_lp_c],tg(55:3)_lp_c,unclassified_no_refmet_match,-0.4077695,log2fc,0.15325817,1.0,benjamini_hochberg,within_male_stratum_pass1b06_plasma_8w_timewise_da_as_released,provided,not_selected,MoTrPAC_pass1b06_rat,motrpac_pass1b06_plasma_8w,motrpac_pass1b06_plasma_8w_trained_vs_sedentary_male,not_reported,male
tg(54:7)>tg(18:2_18:2_18:3)_m+nh3_feature2 [refmet: tg(18:2_18:2_18:3)_lp_b],tg(18:2_18:2_18:3)_lp_b,unclassified_no_refmet_match,-0.40613186,log2fc,0.5299098,1.0,benjamini_hochberg,within_male_stratum_pass1b06_plasma_8w_timewise_da_as_released,provided,not_selected,MoTrPAC_pass1b06_rat,motrpac_pass1b06_plasma_8w,motrpac_pass1b06_plasma_8w_trained_vs_sedentary_male,not_reported,male
pe(o-42:5)>pe(o-20:1/22:4)_feature1 [refmet: pe(o-20:1/22:4)_ln_a],pe(o-20:1/22:4)_ln_a,unclassified_no_refmet_match,-0.405692,log2fc,0.32924062,1.0,benjamini_hochberg,within_male_stratum_pass1b06_plasma_8w_timewise_da_as_released,provided,not_selected,MoTrPAC_pass1b06_rat,motrpac_pass1b06_plasma_8w,motrpac_pass1b06_plasma_8w_trained_vs_sedentary_male,not_reported,male
pc(35:2)_feature2 [refmet: pc(35:2)_lp_b],pc(35:2)_lp_b,unclassified_no_refmet_match,0.4011395,log2fc,0.005447777,1.0,benjamini_hochberg,within_male_stratum_pass1b06_plasma_8w_timewise_da_as_released,provided,not_selected,MoTrPAC_pass1b06_rat,motrpac_pass1b06_plasma_8w,motrpac_pass1b06_plasma_8w_trained_vs_sedentary_male,not_reported,male
pc(38:3)>pc(18:0_20:3)_m+h2co2_feature3 [refmet: pc(18:0_20:3)_ln_c],pc(18:0_20:3)_ln_c,unclassified_no_refmet_match,0.39944404,log2fc,0.024546135,1.0,benjamini_hochberg,within_male_stratum_pass1b06_plasma_8w_timewise_da_as_released,provided,not_selected,MoTrPAC_pass1b06_rat,motrpac_pass1b06_plasma_8w,motrpac_pass1b06_plasma_8w_trained_vs_sedentary_male,not_reported,male
21-deoxycortisol,21-deoxycortisol,Sterol Lipids,0.39866504,log2fc,0.3289775,1.0,benjamini_hochberg,within_male_stratum_pass1b06_plasma_8w_timewise_da_as_released,provided,not_selected,MoTrPAC_pass1b06_rat,motrpac_pass1b06_plasma_8w,motrpac_pass1b06_plasma_8w_trained_vs_sedentary_male,not_reported,male
tg(48:3)_m+nh3_feature2 [refmet: tg(48:3)_lp_b],tg(48:3)_lp_b,unclassified_no_refmet_match,-0.3964621,log2fc,0.51366204,1.0,benjamini_hochberg,within_male_stratum_pass1b06_plasma_8w_timewise_da_as_released,provided,not_selected,MoTrPAC_pass1b06_rat,motrpac_pass1b06_plasma_8w,motrpac_pass1b06_plasma_8w_trained_vs_sedentary_male,not_reported,male
mg(16:0),mg(16:0),unclassified_no_refmet_match,0.3958706,log2fc,0.20817775,1.0,benjamini_hochberg,within_male_stratum_pass1b06_plasma_8w_timewise_da_as_released,provided,not_selected,MoTrPAC_pass1b06_rat,motrpac_pass1b06_plasma_8w,motrpac_pass1b06_plasma_8w_trained_vs_sedentary_male,not_reported,male
pi(36:3)_feature1 [refmet: pi(36:3)_lp_a],pi(36:3)_lp_a,unclassified_no_refmet_match,0.39503267,log2fc,0.088738434,1.0,benjamini_hochberg,within_male_stratum_pass1b06_plasma_8w_timewise_da_as_released,provided,not_selected,MoTrPAC_pass1b06_rat,motrpac_pass1b06_plasma_8w,motrpac_pass1b06_plasma_8w_trained_vs_sedentary_male,not_reported,male
pc(36:5)_feature1 [refmet: pc(36:5)_lp_a],pc(36:5)_lp_a,unclassified_no_refmet_match,0.39442852,log2fc,0.1897386,1.0,benjamini_hochberg,within_male_stratum_pass1b06_plasma_8w_timewise_da_as_released,provided,not_selected,MoTrPAC_pass1b06_rat,motrpac_pass1b06_plasma_8w,motrpac_pass1b06_plasma_8w_trained_vs_sedentary_male,not_reported,male
pe(o-36:2)>pe(o-18:1/18:1)_feature2 [refmet: pe(o-18:1/18:1)_lp_b],pe(o-18:1/18:1)_lp_b,unclassified_no_refmet_match,0.39438656,log2fc,0.282429,1.0,benjamini_hochberg,within_male_stratum_pass1b06_plasma_8w_timewise_da_as_released,provided,not_selected,MoTrPAC_pass1b06_rat,motrpac_pass1b06_plasma_8w,motrpac_pass1b06_plasma_8w_trained_vs_sedentary_male,not_reported,male
succinic acid [source metabolite label NA],succinic acid,Organic acids,-0.39416212,log2fc,0.00714603,1.0,benjamini_hochberg,within_male_stratum_pass1b06_plasma_8w_timewise_da_as_released,provided,not_selected,MoTrPAC_pass1b06_rat,motrpac_pass1b06_plasma_8w,motrpac_pass1b06_plasma_8w_trained_vs_sedentary_male,not_reported,male
glycohyodeoxycholate [refmet: glycohyodeoxycholic acid],glycohyodeoxycholic acid,Sterol Lipids,-0.39408395,log2fc,0.68890756,1.0,benjamini_hochberg,within_male_stratum_pass1b06_plasma_8w_timewise_da_as_released,provided,not_selected,MoTrPAC_pass1b06_rat,motrpac_pass1b06_plasma_8w,motrpac_pass1b06_plasma_8w_trained_vs_sedentary_male,not_reported,male
xanthine,xanthine,Nucleic acids,-0.39407983,log2fc,0.5321674,1.0,benjamini_hochberg,within_male_stratum_pass1b06_plasma_8w_timewise_da_as_released,provided,not_selected,MoTrPAC_pass1b06_rat,motrpac_pass1b06_plasma_8w,motrpac_pass1b06_plasma_8w_trained_vs_sedentary_male,not_reported,male
tg(52:2)>tg(16:0_18:1_18:1)_and_tg(16:0_18:0_18:2)_m+nh3_feature4 [refmet: tg(52:2)_lp_d],tg(52:2)_lp_d,unclassified_no_refmet_match,-0.3928302,log2fc,0.35728538,1.0,benjamini_hochberg,within_male_stratum_pass1b06_plasma_8w_timewise_da_as_released,provided,not_selected,MoTrPAC_pass1b06_rat,motrpac_pass1b06_plasma_8w,motrpac_pass1b06_plasma_8w_trained_vs_sedentary_male,not_reported,male
tg(56:8)>tg(18:2_18:2_20:4)_m+nh3_feature2 [refmet: tg(18:2_18:2_20:4)_lp_b],tg(18:2_18:2_20:4)_lp_b,unclassified_no_refmet_match,-0.39152384,log2fc,0.09649837,1.0,benjamini_hochberg,within_male_stratum_pass1b06_plasma_8w_timewise_da_as_released,provided,not_selected,MoTrPAC_pass1b06_rat,motrpac_pass1b06_plasma_8w,motrpac_pass1b06_plasma_8w_trained_vs_sedentary_male,not_reported,male
sm(d33:1)_feature1 [refmet: sm(d33:1)],sm(d33:1),unclassified_no_refmet_match,0.39130765,log2fc,0.0043869563,1.0,benjamini_hochberg,within_male_stratum_pass1b06_plasma_8w_timewise_da_as_released,provided,not_selected,MoTrPAC_pass1b06_rat,motrpac_pass1b06_plasma_8w,motrpac_pass1b06_plasma_8w_trained_vs_sedentary_male,not_reported,male
n-lauroylglycine,n-lauroylglycine,unclassified_no_refmet_match,-0.39099488,log2fc,0.035563927,1.0,benjamini_hochberg,within_male_stratum_pass1b06_plasma_8w_timewise_da_as_released,provided,not_selected,MoTrPAC_pass1b06_rat,motrpac_pass1b06_plasma_8w,motrpac_pass1b06_plasma_8w_trained_vs_sedentary_male,not_reported,male
tg(54:6)>tg(18:2/18:2/18:2)_and_tg(18:1_18:2_18:3)_m+nh3_feature1 [refmet: tg(54:6)_lp_a],tg(54:6)_lp_a,unclassified_no_refmet_match,-0.39056975,log2fc,0.3131833,1.0,benjamini_hochberg,within_male_stratum_pass1b06_plasma_8w_timewise_da_as_released,provided,not_selected,MoTrPAC_pass1b06_rat,motrpac_pass1b06_plasma_8w,motrpac_pass1b06_plasma_8w_trained_vs_sedentary_male,not_reported,male
sm(d37:1)_feature1 [refmet: sm(d37:1)],sm(d37:1),unclassified_no_refmet_match,0.3894859,log2fc,0.05585991,1.0,benjamini_hochberg,within_male_stratum_pass1b06_plasma_8w_timewise_da_as_released,provided,not_selected,MoTrPAC_pass1b06_rat,motrpac_pass1b06_plasma_8w,motrpac_pass1b06_plasma_8w_trained_vs_sedentary_male,not_reported,male
tg(58:5)_m+nh3_feature3 [refmet: tg(58:5)_lp_c],tg(58:5)_lp_c,unclassified_no_refmet_match,0.38898075,log2fc,0.50325507,1.0,benjamini_hochberg,within_male_stratum_pass1b06_plasma_8w_timewise_da_as_released,provided,not_selected,MoTrPAC_pass1b06_rat,motrpac_pass1b06_plasma_8w,motrpac_pass1b06_plasma_8w_trained_vs_sedentary_male,not_reported,male
pc(40:6)_feature3 [refmet: pc(40:6)_lp_c],pc(40:6)_lp_c,unclassified_no_refmet_match,-0.38812405,log2fc,0.009952878,1.0,benjamini_hochberg,within_male_stratum_pass1b06_plasma_8w_timewise_da_as_released,provided,not_selected,MoTrPAC_pass1b06_rat,motrpac_pass1b06_plasma_8w,motrpac_pass1b06_plasma_8w_trained_vs_sedentary_male,not_reported,male
tg(56:7)_m+nh3_feature5 [refmet: tg(56:7)_lp_e],tg(56:7)_lp_e,unclassified_no_refmet_match,-0.3876759,log2fc,0.18892963,1.0,benjamini_hochberg,within_male_stratum_pass1b06_plasma_8w_timewise_da_as_released,provided,not_selected,MoTrPAC_pass1b06_rat,motrpac_pass1b06_plasma_8w,motrpac_pass1b06_plasma_8w_trained_vs_sedentary_male,not_reported,male
12-hete,12-hete,Fatty Acyls,0.38692507,log2fc,0.4251727,1.0,benjamini_hochberg,within_male_stratum_pass1b06_plasma_8w_timewise_da_as_released,provided,not_selected,MoTrPAC_pass1b06_rat,motrpac_pass1b06_plasma_8w,motrpac_pass1b06_plasma_8w_trained_vs_sedentary_male,not_reported,male
arginine,arginine,Organic acids,0.38641092,log2fc,0.015459745,1.0,benjamini_hochberg,within_male_stratum_pass1b06_plasma_8w_timewise_da_as_released,provided,not_selected,MoTrPAC_pass1b06_rat,motrpac_pass1b06_plasma_8w,motrpac_pass1b06_plasma_8w_trained_vs_sedentary_male,not_reported,male
pc(34:2),pc(34:2),unclassified_no_refmet_match,0.38546312,log2fc,0.030101012,1.0,benjamini_hochberg,within_male_stratum_pass1b06_plasma_8w_timewise_da_as_released,provided,not_selected,MoTrPAC_pass1b06_rat,motrpac_pass1b06_plasma_8w,motrpac_pass1b06_plasma_8w_trained_vs_sedentary_male,not_reported,male
pc(42:6)_feature4 [refmet: pc(42:6)_lp_d],pc(42:6)_lp_d,unclassified_no_refmet_match,-0.38412428,log2fc,0.02253145,1.0,benjamini_hochberg,within_male_stratum_pass1b06_plasma_8w_timewise_da_as_released,provided,not_selected,MoTrPAC_pass1b06_rat,motrpac_pass1b06_plasma_8w,motrpac_pass1b06_plasma_8w_trained_vs_sedentary_male,not_reported,male
tg(58:6)_m+nh3_feature2 [refmet: tg(58:6)_lp_b],tg(58:6)_lp_b,unclassified_no_refmet_match,-0.38390353,log2fc,0.05136295,1.0,benjamini_hochberg,within_male_stratum_pass1b06_plasma_8w_timewise_da_as_released,provided,not_selected,MoTrPAC_pass1b06_rat,motrpac_pass1b06_plasma_8w,motrpac_pass1b06_plasma_8w_trained_vs_sedentary_male,not_reported,male
sm(d35:2)_feature1 [refmet: sm(d35:2)],sm(d35:2),unclassified_no_refmet_match,0.38383666,log2fc,0.009610363,1.0,benjamini_hochberg,within_male_stratum_pass1b06_plasma_8w_timewise_da_as_released,provided,not_selected,MoTrPAC_pass1b06_rat,motrpac_pass1b06_plasma_8w,motrpac_pass1b06_plasma_8w_trained_vs_sedentary_male,not_reported,male
lpc(18:2)_feature2 [refmet: lpc(18:2)_ln_b],lpc(18:2)_ln_b,unclassified_no_refmet_match,0.38353696,log2fc,0.034613576,1.0,benjamini_hochberg,within_male_stratum_pass1b06_plasma_8w_timewise_da_as_released,provided,not_selected,MoTrPAC_pass1b06_rat,motrpac_pass1b06_plasma_8w,motrpac_pass1b06_plasma_8w_trained_vs_sedentary_male,not_reported,male
c18:2 lpe [refmet: lpe(18:2)],lpe(18:2),unclassified_no_refmet_match,0.38342637,log2fc,0.018588807,1.0,benjamini_hochberg,within_male_stratum_pass1b06_plasma_8w_timewise_da_as_released,provided,not_selected,MoTrPAC_pass1b06_rat,motrpac_pass1b06_plasma_8w,motrpac_pass1b06_plasma_8w_trained_vs_sedentary_male,not_reported,male
leu-pro,leu-pro,Organic acids,-0.38183624,log2fc,0.008799991,1.0,benjamini_hochberg,within_male_stratum_pass1b06_plasma_8w_timewise_da_as_released,provided,not_selected,MoTrPAC_pass1b06_rat,motrpac_pass1b06_plasma_8w,motrpac_pass1b06_plasma_8w_trained_vs_sedentary_male,not_reported,male
pc(o-40:4)>pc(o-20:0/20:4)_m+h2co2_feature2 [refmet: pc(p-18:1/20:4)_ln_b],pc(p-18:1/20:4)_ln_b,unclassified_no_refmet_match,-0.3809085,log2fc,0.0037846281,1.0,benjamini_hochberg,within_male_stratum_pass1b06_plasma_8w_timewise_da_as_released,provided,not_selected,MoTrPAC_pass1b06_rat,motrpac_pass1b06_plasma_8w,motrpac_pass1b06_plasma_8w_trained_vs_sedentary_male,not_reported,male
dg(36:3)>dg(18:1_18:2_0:0)_feature3 [refmet: dg(18:1_18:2)_lp_c],dg(18:1_18:2)_lp_c,unclassified_no_refmet_match,-0.3800813,log2fc,0.12687285,1.0,benjamini_hochberg,within_male_stratum_pass1b06_plasma_8w_timewise_da_as_released,provided,not_selected,MoTrPAC_pass1b06_rat,motrpac_pass1b06_plasma_8w,motrpac_pass1b06_plasma_8w_trained_vs_sedentary_male,not_reported,male
pc(35:0)_feature2 [refmet: pc(35:0)_lp_b],pc(35:0)_lp_b,unclassified_no_refmet_match,0.37875012,log2fc,0.06258842,1.0,benjamini_hochberg,within_male_stratum_pass1b06_plasma_8w_timewise_da_as_released,provided,not_selected,MoTrPAC_pass1b06_rat,motrpac_pass1b06_plasma_8w,motrpac_pass1b06_plasma_8w_trained_vs_sedentary_male,not_reported,male
tg(56:8)_m+nh3_feature5 [refmet: tg(56:8)_lp_e],tg(56:8)_lp_e,unclassified_no_refmet_match,-0.37831205,log2fc,0.045312222,1.0,benjamini_hochberg,within_male_stratum_pass1b06_plasma_8w_timewise_da_as_released,provided,not_selected,MoTrPAC_pass1b06_rat,motrpac_pass1b06_plasma_8w,motrpac_pass1b06_plasma_8w_trained_vs_sedentary_male,not_reported,male
pc(40:2)_feature2 [refmet: pc(40:2)_lp_b],pc(40:2)_lp_b,unclassified_no_refmet_match,0.3781083,log2fc,0.0069846897,1.0,benjamini_hochberg,within_male_stratum_pass1b06_plasma_8w_timewise_da_as_released,provided,not_selected,MoTrPAC_pass1b06_rat,motrpac_pass1b06_plasma_8w,motrpac_pass1b06_plasma_8w_trained_vs_sedentary_male,not_reported,male
pc(41:7)_feature1 [refmet: pc(41:7)_lp_a],pc(41:7)_lp_a,unclassified_no_refmet_match,-0.3780154,log2fc,0.031963967,1.0,benjamini_hochberg,within_male_stratum_pass1b06_plasma_8w_timewise_da_as_released,provided,not_selected,MoTrPAC_pass1b06_rat,motrpac_pass1b06_plasma_8w,motrpac_pass1b06_plasma_8w_trained_vs_sedentary_male,not_reported,male
fa(16:0-oh) [refmet: hydroxyhexadecanoic acid],hydroxyhexadecanoic acid,Fatty Acyls,-0.3774866,log2fc,0.07824262,1.0,benjamini_hochberg,within_male_stratum_pass1b06_plasma_8w_timewise_da_as_released,provided,not_selected,MoTrPAC_pass1b06_rat,motrpac_pass1b06_plasma_8w,motrpac_pass1b06_plasma_8w_trained_vs_sedentary_male,not_reported,male
uracil,uracil,Nucleic acids,-0.3760432,log2fc,0.009392044,1.0,benjamini_hochberg,within_male_stratum_pass1b06_plasma_8w_timewise_da_as_released,provided,not_selected,MoTrPAC_pass1b06_rat,motrpac_pass1b06_plasma_8w,motrpac_pass1b06_plasma_8w_trained_vs_sedentary_male,not_reported,male
cer(d41:2)>cer(d18:2/23:0)_feature2 [refmet: cer(d18:2/23:0)_lp_b],cer(d18:2/23:0)_lp_b,unclassified_no_refmet_match,0.37494826,log2fc,0.00857213,1.0,benjamini_hochberg,within_male_stratum_pass1b06_plasma_8w_timewise_da_as_released,provided,not_selected,MoTrPAC_pass1b06_rat,motrpac_pass1b06_plasma_8w,motrpac_pass1b06_plasma_8w_trained_vs_sedentary_male,not_reported,male
dg(36:2)>dg(18:1_18:1_0:0)_feature3 [refmet: dg(18:1_18:1)_lp_c],dg(18:1_18:1)_lp_c,unclassified_no_refmet_match,-0.37481374,log2fc,0.2085251,1.0,benjamini_hochberg,within_male_stratum_pass1b06_plasma_8w_timewise_da_as_released,provided,not_selected,MoTrPAC_pass1b06_rat,motrpac_pass1b06_plasma_8w,motrpac_pass1b06_plasma_8w_trained_vs_sedentary_male,not_reported,male
n-methylaspartate [refmet: n-methyl-d-aspartic acid],n-methyl-d-aspartic acid,Organic acids,0.37226734,log2fc,0.17323488,1.0,benjamini_hochberg,within_male_stratum_pass1b06_plasma_8w_timewise_da_as_released,provided,not_selected,MoTrPAC_pass1b06_rat,motrpac_pass1b06_plasma_8w,motrpac_pass1b06_plasma_8w_trained_vs_sedentary_male,not_reported,male
car(3:0) [source metabolite label NA],car(3:0),unclassified_no_refmet_match,0.3702501,log2fc,0.003907975,1.0,benjamini_hochberg,within_male_stratum_pass1b06_plasma_8w_timewise_da_as_released,provided,not_selected,MoTrPAC_pass1b06_rat,motrpac_pass1b06_plasma_8w,motrpac_pass1b06_plasma_8w_trained_vs_sedentary_male,not_reported,male
pc(39:5)_feature7 [refmet: pc(39:5)_lp_g],pc(39:5)_lp_g,unclassified_no_refmet_match,0.36871058,log2fc,0.09833676,1.0,benjamini_hochberg,within_male_stratum_pass1b06_plasma_8w_timewise_da_as_released,provided,not_selected,MoTrPAC_pass1b06_rat,motrpac_pass1b06_plasma_8w,motrpac_pass1b06_plasma_8w_trained_vs_sedentary_male,not_reported,male
lpc(0:0/18:0)_feature1 [refmet: lpc(0:0/18:0)_lp_a],lpc(0:0/18:0)_lp_a,unclassified_no_refmet_match,0.36858046,log2fc,0.069021955,1.0,benjamini_hochberg,within_male_stratum_pass1b06_plasma_8w_timewise_da_as_released,provided,not_selected,MoTrPAC_pass1b06_rat,motrpac_pass1b06_plasma_8w,motrpac_pass1b06_plasma_8w_trained_vs_sedentary_male,not_reported,male
pc(40:7)_feature3 [refmet: pc(40:7)_lp_c],pc(40:7)_lp_c,unclassified_no_refmet_match,-0.3682669,log2fc,0.010374927,1.0,benjamini_hochberg,within_male_stratum_pass1b06_plasma_8w_timewise_da_as_released,provided,not_selected,MoTrPAC_pass1b06_rat,motrpac_pass1b06_plasma_8w,motrpac_pass1b06_plasma_8w_trained_vs_sedentary_male,not_reported,male
pc(37:4)_feature2 [refmet: pc(37:4)_lp_b],pc(37:4)_lp_b,unclassified_no_refmet_match,-0.3654372,log2fc,0.0065170517,1.0,benjamini_hochberg,within_male_stratum_pass1b06_plasma_8w_timewise_da_as_released,provided,not_selected,MoTrPAC_pass1b06_rat,motrpac_pass1b06_plasma_8w,motrpac_pass1b06_plasma_8w_trained_vs_sedentary_male,not_reported,male
sm(d39:2)_feature2 [refmet: sm(d39:2)_lp_b],sm(d39:2)_lp_b,unclassified_no_refmet_match,0.36422008,log2fc,0.049841855,1.0,benjamini_hochberg,within_male_stratum_pass1b06_plasma_8w_timewise_da_as_released,provided,not_selected,MoTrPAC_pass1b06_rat,motrpac_pass1b06_plasma_8w,motrpac_pass1b06_plasma_8w_trained_vs_sedentary_male,not_reported,male
tg(56:4)_m+nh3_feature2 [refmet: tg(56:4)_lp_b],tg(56:4)_lp_b,unclassified_no_refmet_match,-0.36294794,log2fc,0.33439863,1.0,benjamini_hochberg,within_male_stratum_pass1b06_plasma_8w_timewise_da_as_released,provided,not_selected,MoTrPAC_pass1b06_rat,motrpac_pass1b06_plasma_8w,motrpac_pass1b06_plasma_8w_trained_vs_sedentary_male,not_reported,male
ce(18:2)_m+nh3_feature1 [refmet: ce(18:2)],ce(18:2),unclassified_no_refmet_match,0.36286628,log2fc,0.01207228,1.0,benjamini_hochberg,within_male_stratum_pass1b06_plasma_8w_timewise_da_as_released,provided,not_selected,MoTrPAC_pass1b06_rat,motrpac_pass1b06_plasma_8w,motrpac_pass1b06_plasma_8w_trained_vs_sedentary_male,not_reported,male
pc(34:4)_feature2 [refmet: pc(34:4)_lp_b],pc(34:4)_lp_b,unclassified_no_refmet_match,0.36185542,log2fc,0.004376933,1.0,benjamini_hochberg,within_male_stratum_pass1b06_plasma_8w_timewise_da_as_released,provided,not_selected,MoTrPAC_pass1b06_rat,motrpac_pass1b06_plasma_8w,motrpac_pass1b06_plasma_8w_trained_vs_sedentary_male,not_reported,male
tg(56:7)>tg(16:0_18:1_22:6)_m+nh3_feature6 [refmet: tg(16:0_18:1_22:6)_lp_f],tg(16:0_18:1_22:6)_lp_f,unclassified_no_refmet_match,-0.36074275,log2fc,0.08602323,1.0,benjamini_hochberg,within_male_stratum_pass1b06_plasma_8w_timewise_da_as_released,provided,not_selected,MoTrPAC_pass1b06_rat,motrpac_pass1b06_plasma_8w,motrpac_pass1b06_plasma_8w_trained_vs_sedentary_male,not_reported,male
fa(15:0) [refmet: pentadecylic acid],pentadecylic acid,Fatty Acyls,-0.36059102,log2fc,0.15781856,1.0,benjamini_hochberg,within_male_stratum_pass1b06_plasma_8w_timewise_da_as_released,provided,not_selected,MoTrPAC_pass1b06_rat,motrpac_pass1b06_plasma_8w,motrpac_pass1b06_plasma_8w_trained_vs_sedentary_male,not_reported,male
vitamin a [refmet: retinol],retinol,Prenol Lipids,0.3596034,log2fc,0.2774209,1.0,benjamini_hochberg,within_male_stratum_pass1b06_plasma_8w_timewise_da_as_released,provided,not_selected,MoTrPAC_pass1b06_rat,motrpac_pass1b06_plasma_8w,motrpac_pass1b06_plasma_8w_trained_vs_sedentary_male,not_reported,male
2-acetylpyrrolidine,2-acetylpyrrolidine,Alkaloids,-0.35878617,log2fc,0.18886298,1.0,benjamini_hochberg,within_male_stratum_pass1b06_plasma_8w_timewise_da_as_released,provided,not_selected,MoTrPAC_pass1b06_rat,motrpac_pass1b06_plasma_8w,motrpac_pass1b06_plasma_8w_trained_vs_sedentary_male,not_reported,male
fa(16:0-cooh) [refmet: heptadecanedioic acid],heptadecanedioic acid,Fatty Acyls,-0.3577326,log2fc,0.087833725,1.0,benjamini_hochberg,within_male_stratum_pass1b06_plasma_8w_timewise_da_as_released,provided,not_selected,MoTrPAC_pass1b06_rat,motrpac_pass1b06_plasma_8w,motrpac_pass1b06_plasma_8w_trained_vs_sedentary_male,not_reported,male
tg(58:5)_m+nh3_feature4 [refmet: tg(58:5)_lp_d],tg(58:5)_lp_d,unclassified_no_refmet_match,-0.35553694,log2fc,0.10697347,1.0,benjamini_hochberg,within_male_stratum_pass1b06_plasma_8w_timewise_da_as_released,provided,not_selected,MoTrPAC_pass1b06_rat,motrpac_pass1b06_plasma_8w,motrpac_pass1b06_plasma_8w_trained_vs_sedentary_male,not_reported,male
methyl-3-hydroxybenzoate [refmet: methyl 3-hydroxybenzoate],methyl 3-hydroxybenzoate,Benzenoids,-0.35547253,log2fc,0.36395368,1.0,benjamini_hochberg,within_male_stratum_pass1b06_plasma_8w_timewise_da_as_released,provided,not_selected,MoTrPAC_pass1b06_rat,motrpac_pass1b06_plasma_8w,motrpac_pass1b06_plasma_8w_trained_vs_sedentary_male,not_reported,male
5'-methylthioadenosine,5'-methylthioadenosine,Nucleic acids,-0.3547934,log2fc,0.02635808,1.0,benjamini_hochberg,within_male_stratum_pass1b06_plasma_8w_timewise_da_as_released,provided,not_selected,MoTrPAC_pass1b06_rat,motrpac_pass1b06_plasma_8w,motrpac_pass1b06_plasma_8w_trained_vs_sedentary_male,not_reported,male
lpe(16:0/0:0)_feature1and2 [refmet: lpe(16:0)_lp_ab],lpe(16:0)_lp_ab,unclassified_no_refmet_match,0.35405663,log2fc,0.01215861,1.0,benjamini_hochberg,within_male_stratum_pass1b06_plasma_8w_timewise_da_as_released,provided,not_selected,MoTrPAC_pass1b06_rat,motrpac_pass1b06_plasma_8w,motrpac_pass1b06_plasma_8w_trained_vs_sedentary_male,not_reported,male
oxoglutaric acid [source metabolite label NA],oxoglutaric acid,unclassified_no_refmet_match,-0.3525127,log2fc,0.012504993,1.0,benjamini_hochberg,within_male_stratum_pass1b06_plasma_8w_timewise_da_as_released,provided,not_selected,MoTrPAC_pass1b06_rat,motrpac_pass1b06_plasma_8w,motrpac_pass1b06_plasma_8w_trained_vs_sedentary_male,not_reported,male
glucose [source metabolite label NA],glucose,Carbohydrates,-0.35085395,log2fc,0.0056313854,1.0,benjamini_hochberg,within_male_stratum_pass1b06_plasma_8w_timewise_da_as_released,provided,not_selected,MoTrPAC_pass1b06_rat,motrpac_pass1b06_plasma_8w,motrpac_pass1b06_plasma_8w_trained_vs_sedentary_male,not_reported,male
pc(o-38:4)>pc(o-18:0/20:4)_m+h2co2_feature6 [refmet: pc(o-18:0/20:4)_ln_f],pc(o-18:0/20:4)_ln_f,unclassified_no_refmet_match,-0.34901237,log2fc,0.00492445,1.0,benjamini_hochberg,within_male_stratum_pass1b06_plasma_8w_timewise_da_as_released,provided,not_selected,MoTrPAC_pass1b06_rat,motrpac_pass1b06_plasma_8w,motrpac_pass1b06_plasma_8w_trained_vs_sedentary_male,not_reported,male
dg(34:1)>dg(16:0_18:1_0:0)_feature2 [refmet: dg(16:0_18:1)_lp_b],dg(16:0_18:1)_lp_b,unclassified_no_refmet_match,-0.34880733,log2fc,0.23689798,1.0,benjamini_hochberg,within_male_stratum_pass1b06_plasma_8w_timewise_da_as_released,provided,not_selected,MoTrPAC_pass1b06_rat,motrpac_pass1b06_plasma_8w,motrpac_pass1b06_plasma_8w_trained_vs_sedentary_male,not_reported,male
tg(53:5)>tg(17:1_18:2_18:2)_m+nh3_feature2 [refmet: tg(17:1_18:2_18:2)_lp_b],tg(17:1_18:2_18:2)_lp_b,unclassified_no_refmet_match,-0.34709275,log2fc,0.13660401,1.0,benjamini_hochberg,within_male_stratum_pass1b06_plasma_8w_timewise_da_as_released,provided,not_selected,MoTrPAC_pass1b06_rat,motrpac_pass1b06_plasma_8w,motrpac_pass1b06_plasma_8w_trained_vs_sedentary_male,not_reported,male
pc(42:2)_feature1 [refmet: pc(42:2)_lp_a],pc(42:2)_lp_a,unclassified_no_refmet_match,0.34680125,log2fc,0.011691087,1.0,benjamini_hochberg,within_male_stratum_pass1b06_plasma_8w_timewise_da_as_released,provided,not_selected,MoTrPAC_pass1b06_rat,motrpac_pass1b06_plasma_8w,motrpac_pass1b06_plasma_8w_trained_vs_sedentary_male,not_reported,male
fa(22:3) [refmet: docosatrienoic acid],docosatrienoic acid,Fatty Acyls,-0.3443648,log2fc,0.19139965,1.0,benjamini_hochberg,within_male_stratum_pass1b06_plasma_8w_timewise_da_as_released,provided,not_selected,MoTrPAC_pass1b06_rat,motrpac_pass1b06_plasma_8w,motrpac_pass1b06_plasma_8w_trained_vs_sedentary_male,not_reported,male
sm(d36:3),sm(d36:3),unclassified_no_refmet_match,-0.34421366,log2fc,0.020737007,1.0,benjamini_hochberg,within_male_stratum_pass1b06_plasma_8w_timewise_da_as_released,provided,not_selected,MoTrPAC_pass1b06_rat,motrpac_pass1b06_plasma_8w,motrpac_pass1b06_plasma_8w_trained_vs_sedentary_male,not_reported,male
tg(51:2)>tg(15:0_18:1_18:1)_and_tg(16:0_17:1_18:1)_and_tg(16:1_17:0_18:1)_m+nh3_feature3 [refmet: tg(51:2)_lp_c],tg(51:2)_lp_c,unclassified_no_refmet_match,-0.34362596,log2fc,0.25804824,1.0,benjamini_hochberg,within_male_stratum_pass1b06_plasma_8w_timewise_da_as_released,provided,not_selected,MoTrPAC_pass1b06_rat,motrpac_pass1b06_plasma_8w,motrpac_pass1b06_plasma_8w_trained_vs_sedentary_male,not_reported,male
pc(40:5)_feature4 [refmet: pc(40:5)_lp_d],pc(40:5)_lp_d,unclassified_no_refmet_match,-0.34361297,log2fc,0.15237474,1.0,benjamini_hochberg,within_male_stratum_pass1b06_plasma_8w_timewise_da_as_released,provided,not_selected,MoTrPAC_pass1b06_rat,motrpac_pass1b06_plasma_8w,motrpac_pass1b06_plasma_8w_trained_vs_sedentary_male,not_reported,male
pi(38:3)>pi(18:0_20:3)_feature4 [refmet: pi(18:0_20:3)_lp_d],pi(18:0_20:3)_lp_d,unclassified_no_refmet_match,0.3420134,log2fc,0.17683414,1.0,benjamini_hochberg,within_male_stratum_pass1b06_plasma_8w_timewise_da_as_released,provided,not_selected,MoTrPAC_pass1b06_rat,motrpac_pass1b06_plasma_8w,motrpac_pass1b06_plasma_8w_trained_vs_sedentary_male,not_reported,male
pc(33:2),pc(33:2),unclassified_no_refmet_match,0.33924374,log2fc,0.023494719,1.0,benjamini_hochberg,within_male_stratum_pass1b06_plasma_8w_timewise_da_as_released,provided,not_selected,MoTrPAC_pass1b06_rat,motrpac_pass1b06_plasma_8w,motrpac_pass1b06_plasma_8w_trained_vs_sedentary_male,not_reported,male
pc(36:6)_feature3 [refmet: pc(36:6)_lp_c],pc(36:6)_lp_c,unclassified_no_refmet_match,0.33731604,log2fc,0.047330525,1.0,benjamini_hochberg,within_male_stratum_pass1b06_plasma_8w_timewise_da_as_released,provided,not_selected,MoTrPAC_pass1b06_rat,motrpac_pass1b06_plasma_8w,motrpac_pass1b06_plasma_8w_trained_vs_sedentary_male,not_reported,male
pc(36:4),pc(36:4),unclassified_no_refmet_match,0.33692002,log2fc,0.106771305,1.0,benjamini_hochberg,within_male_stratum_pass1b06_plasma_8w_timewise_da_as_released,provided,not_selected,MoTrPAC_pass1b06_rat,motrpac_pass1b06_plasma_8w,motrpac_pass1b06_plasma_8w_trained_vs_sedentary_male,not_reported,male
lpc(23:0/0:0)_feature2 [refmet: lpc(23:0/0:0)_lp_b],lpc(23:0/0:0)_lp_b,unclassified_no_refmet_match,0.3368794,log2fc,0.014353277,1.0,benjamini_hochberg,within_male_stratum_pass1b06_plasma_8w_timewise_da_as_released,provided,not_selected,MoTrPAC_pass1b06_rat,motrpac_pass1b06_plasma_8w,motrpac_pass1b06_plasma_8w_trained_vs_sedentary_male,not_reported,male
cer(d41:1)>cer(d18:1/23:0)_feature1 [refmet: cer(d18:1/23:0)],cer(d18:1/23:0),unclassified_no_refmet_match,0.33575603,log2fc,0.026782691,1.0,benjamini_hochberg,within_male_stratum_pass1b06_plasma_8w_timewise_da_as_released,provided,not_selected,MoTrPAC_pass1b06_rat,motrpac_pass1b06_plasma_8w,motrpac_pass1b06_plasma_8w_trained_vs_sedentary_male,not_reported,male
pc(40:4)>pc(20:0_20:4)_m+h2co2_feature3 [refmet: pc(40:4)_ln_c],pc(40:4)_ln_c,unclassified_no_refmet_match,-0.3355928,log2fc,0.01087775,1.0,benjamini_hochberg,within_male_stratum_pass1b06_plasma_8w_timewise_da_as_released,provided,not_selected,MoTrPAC_pass1b06_rat,motrpac_pass1b06_plasma_8w,motrpac_pass1b06_plasma_8w_trained_vs_sedentary_male,not_reported,male
tg(49:2)_m+nh3_feature3 [refmet: tg(49:2)_lp_c],tg(49:2)_lp_c,unclassified_no_refmet_match,-0.3336233,log2fc,0.37914467,1.0,benjamini_hochberg,within_male_stratum_pass1b06_plasma_8w_timewise_da_as_released,provided,not_selected,MoTrPAC_pass1b06_rat,motrpac_pass1b06_plasma_8w,motrpac_pass1b06_plasma_8w_trained_vs_sedentary_male,not_reported,male
c16:1 lpc plasmalogen [refmet: lpc(p-16:0)/lpc(o-16:1)],lpc(p-16:0)/lpc(o-16:1),unclassified_no_refmet_match,-0.3329789,log2fc,0.06978812,1.0,benjamini_hochberg,within_male_stratum_pass1b06_plasma_8w_timewise_da_as_released,provided,not_selected,MoTrPAC_pass1b06_rat,motrpac_pass1b06_plasma_8w,motrpac_pass1b06_plasma_8w_trained_vs_sedentary_male,not_reported,male
pc(o-40:4)_feature3 [refmet: pc(o-40:4)_lp_c],pc(o-40:4)_lp_c,unclassified_no_refmet_match,-0.33021942,log2fc,0.114386596,1.0,benjamini_hochberg,within_male_stratum_pass1b06_plasma_8w_timewise_da_as_released,provided,not_selected,MoTrPAC_pass1b06_rat,motrpac_pass1b06_plasma_8w,motrpac_pass1b06_plasma_8w_trained_vs_sedentary_male,not_reported,male
c22:6 lpc [refmet: lpc(22:6)],lpc(22:6),unclassified_no_refmet_match,-0.32999876,log2fc,0.017899452,1.0,benjamini_hochberg,within_male_stratum_pass1b06_plasma_8w_timewise_da_as_released,provided,not_selected,MoTrPAC_pass1b06_rat,motrpac_pass1b06_plasma_8w,motrpac_pass1b06_plasma_8w_trained_vs_sedentary_male,not_reported,male
lpc(17:0/0:0)_feature2 [refmet: lpc(17:0/0:0)_lp_b],lpc(17:0/0:0)_lp_b,unclassified_no_refmet_match,0.32941693,log2fc,0.029134292,1.0,benjamini_hochberg,within_male_stratum_pass1b06_plasma_8w_timewise_da_as_released,provided,not_selected,MoTrPAC_pass1b06_rat,motrpac_pass1b06_plasma_8w,motrpac_pass1b06_plasma_8w_trained_vs_sedentary_male,not_reported,male
pe(36:2)>pe(18:2_18:0)_feature2 [refmet: pe(36:2)_lp_b],pe(36:2)_lp_b,unclassified_no_refmet_match,0.3278551,log2fc,0.45395684,1.0,benjamini_hochberg,within_male_stratum_pass1b06_plasma_8w_timewise_da_as_released,provided,not_selected,MoTrPAC_pass1b06_rat,motrpac_pass1b06_plasma_8w,motrpac_pass1b06_plasma_8w_trained_vs_sedentary_male,not_reported,male
pe(o-38:7)>pe(o-16:1/22:6)_and_pe(o-20:7/18:0)_feature2 [refmet: pe(o-38:7)_ln_b],pe(o-38:7)_ln_b,unclassified_no_refmet_match,-0.3276334,log2fc,0.0049326657,1.0,benjamini_hochberg,within_male_stratum_pass1b06_plasma_8w_timewise_da_as_released,provided,not_selected,MoTrPAC_pass1b06_rat,motrpac_pass1b06_plasma_8w,motrpac_pass1b06_plasma_8w_trained_vs_sedentary_male,not_reported,male
pc(38:5)>pc(16:0_22:5)_and_pc(18:1_20:4)_m+h2co2_feature3 [refmet: pc(38:5)_ln_c],pc(38:5)_ln_c,unclassified_no_refmet_match,-0.32763338,log2fc,0.0084286025,1.0,benjamini_hochberg,within_male_stratum_pass1b06_plasma_8w_timewise_da_as_released,provided,not_selected,MoTrPAC_pass1b06_rat,motrpac_pass1b06_plasma_8w,motrpac_pass1b06_plasma_8w_trained_vs_sedentary_male,not_reported,male
tg(58:2)_m+nh3_feature1 [refmet: tg(58:2)_lp_a],tg(58:2)_lp_a,unclassified_no_refmet_match,-0.32739612,log2fc,0.3167333,1.0,benjamini_hochberg,within_male_stratum_pass1b06_plasma_8w_timewise_da_as_released,provided,not_selected,MoTrPAC_pass1b06_rat,motrpac_pass1b06_plasma_8w,motrpac_pass1b06_plasma_8w_trained_vs_sedentary_male,not_reported,male
tg(58:7)>tg(18:0_18:1_22:6)_m+nh3_feature5 [refmet: tg(58:7)_lp_e],tg(58:7)_lp_e,unclassified_no_refmet_match,-0.3268889,log2fc,0.07860749,1.0,benjamini_hochberg,within_male_stratum_pass1b06_plasma_8w_timewise_da_as_released,provided,not_selected,MoTrPAC_pass1b06_rat,motrpac_pass1b06_plasma_8w,motrpac_pass1b06_plasma_8w_trained_vs_sedentary_male,not_reported,male
fa(23:0) [refmet: tricosanoic acid],tricosanoic acid,unclassified_no_refmet_match,-0.3265346,log2fc,0.0886696,1.0,benjamini_hochberg,within_male_stratum_pass1b06_plasma_8w_timewise_da_as_released,provided,not_selected,MoTrPAC_pass1b06_rat,motrpac_pass1b06_plasma_8w,motrpac_pass1b06_plasma_8w_trained_vs_sedentary_male,not_reported,male
pc(38:2)_feature5 [refmet: pc(38:2)_lp_e],pc(38:2)_lp_e,unclassified_no_refmet_match,0.32627335,log2fc,0.027866527,1.0,benjamini_hochberg,within_male_stratum_pass1b06_plasma_8w_timewise_da_as_released,provided,not_selected,MoTrPAC_pass1b06_rat,motrpac_pass1b06_plasma_8w,motrpac_pass1b06_plasma_8w_trained_vs_sedentary_male,not_reported,male
aspartate [refmet: aspartic acid],aspartic acid,Organic acids,-0.32554168,log2fc,0.32371417,1.0,benjamini_hochberg,within_male_stratum_pass1b06_plasma_8w_timewise_da_as_released,provided,not_selected,MoTrPAC_pass1b06_rat,motrpac_pass1b06_plasma_8w,motrpac_pass1b06_plasma_8w_trained_vs_sedentary_male,not_reported,male
lpe(20:4)_feature2 [refmet: lpe(20:4)_ln_b],lpe(20:4)_ln_b,unclassified_no_refmet_match,0.3252947,log2fc,0.01950958,1.0,benjamini_hochberg,within_male_stratum_pass1b06_plasma_8w_timewise_da_as_released,provided,not_selected,MoTrPAC_pass1b06_rat,motrpac_pass1b06_plasma_8w,motrpac_pass1b06_plasma_8w_trained_vs_sedentary_male,not_reported,male
maleate [refmet: maleic acid],maleic acid,Fatty Acyls,-0.3239224,log2fc,0.07319635,1.0,benjamini_hochberg,within_male_stratum_pass1b06_plasma_8w_timewise_da_as_released,provided,not_selected,MoTrPAC_pass1b06_rat,motrpac_pass1b06_plasma_8w,motrpac_pass1b06_plasma_8w_trained_vs_sedentary_male,not_reported,male
cer(d44:1)>cer(d18:1/26:0)_feature1 [refmet: cer(d18:1/26:0)],cer(d18:1/26:0),unclassified_no_refmet_match,0.32279807,log2fc,0.025744338,1.0,benjamini_hochberg,within_male_stratum_pass1b06_plasma_8w_timewise_da_as_released,provided,not_selected,MoTrPAC_pass1b06_rat,motrpac_pass1b06_plasma_8w,motrpac_pass1b06_plasma_8w_trained_vs_sedentary_male,not_reported,male
lpc(20:4)_a_b [refmet: lpc(20:4)],lpc(20:4),unclassified_no_refmet_match,-0.32248774,log2fc,0.024385855,1.0,benjamini_hochberg,within_male_stratum_pass1b06_plasma_8w_timewise_da_as_released,provided,not_selected,MoTrPAC_pass1b06_rat,motrpac_pass1b06_plasma_8w,motrpac_pass1b06_plasma_8w_trained_vs_sedentary_male,not_reported,male
tg(53:6)>tg(17:2_18:2_18:2)_and_tg(17:1_18:2_18:3)_m+nh3_feature2 [refmet: tg(53:6)_lp_b],tg(53:6)_lp_b,unclassified_no_refmet_match,-0.32046548,log2fc,0.22518294,1.0,benjamini_hochberg,within_male_stratum_pass1b06_plasma_8w_timewise_da_as_released,provided,not_selected,MoTrPAC_pass1b06_rat,motrpac_pass1b06_plasma_8w,motrpac_pass1b06_plasma_8w_trained_vs_sedentary_male,not_reported,male
pc(44:12)_feature1 [refmet: pc(44:12)],pc(44:12),unclassified_no_refmet_match,0.3179863,log2fc,0.053140737,1.0,benjamini_hochberg,within_male_stratum_pass1b06_plasma_8w_timewise_da_as_released,provided,not_selected,MoTrPAC_pass1b06_rat,motrpac_pass1b06_plasma_8w,motrpac_pass1b06_plasma_8w_trained_vs_sedentary_male,not_reported,male
tg(52:6)>tg(16:1_18:2_18:3)_and_tg(52:6)>tg(16:2_18:2_18:2)_m+nh3_feature4 [refmet: tg(52:6)_lp_d],tg(52:6)_lp_d,unclassified_no_refmet_match,-0.31713155,log2fc,0.34013107,1.0,benjamini_hochberg,within_male_stratum_pass1b06_plasma_8w_timewise_da_as_released,provided,not_selected,MoTrPAC_pass1b06_rat,motrpac_pass1b06_plasma_8w,motrpac_pass1b06_plasma_8w_trained_vs_sedentary_male,not_reported,male
ste(20:4)_and_sie(20:5)_feature1 [refmet: stigmasterol ester(20:4)/sitosterol ester(20:5)],stigmasterol ester(20:4)/sitosterol ester(20:5),unclassified_no_refmet_match,-0.3154908,log2fc,0.5561641,1.0,benjamini_hochberg,within_male_stratum_pass1b06_plasma_8w_timewise_da_as_released,provided,not_selected,MoTrPAC_pass1b06_rat,motrpac_pass1b06_plasma_8w,motrpac_pass1b06_plasma_8w_trained_vs_sedentary_male,not_reported,male
glycohyocholate [refmet: glycohyocholic acid],glycohyocholic acid,Sterol Lipids,-0.31546304,log2fc,0.67297673,1.0,benjamini_hochberg,within_male_stratum_pass1b06_plasma_8w_timewise_da_as_released,provided,not_selected,MoTrPAC_pass1b06_rat,motrpac_pass1b06_plasma_8w,motrpac_pass1b06_plasma_8w_trained_vs_sedentary_male,not_reported,male
cer(d43:1)_m+h2co2_feature1 [refmet: cer(d43:1)_ln_a],cer(d43:1)_ln_a,unclassified_no_refmet_match,0.31529748,log2fc,0.8247539,1.0,benjamini_hochberg,within_male_stratum_pass1b06_plasma_8w_timewise_da_as_released,provided,not_selected,MoTrPAC_pass1b06_rat,motrpac_pass1b06_plasma_8w,motrpac_pass1b06_plasma_8w_trained_vs_sedentary_male,not_reported,male
cholate [refmet: cholic acid],cholic acid,Sterol Lipids,-0.31334463,log2fc,0.84581476,1.0,benjamini_hochberg,within_male_stratum_pass1b06_plasma_8w_timewise_da_as_released,provided,not_selected,MoTrPAC_pass1b06_rat,motrpac_pass1b06_plasma_8w,motrpac_pass1b06_plasma_8w_trained_vs_sedentary_male,not_reported,male
tg(49:3)_m+nh3_feature2 [refmet: tg(49:3)_lp_b],tg(49:3)_lp_b,unclassified_no_refmet_match,-0.3128711,log2fc,0.52749515,1.0,benjamini_hochberg,within_male_stratum_pass1b06_plasma_8w_timewise_da_as_released,provided,not_selected,MoTrPAC_pass1b06_rat,motrpac_pass1b06_plasma_8w,motrpac_pass1b06_plasma_8w_trained_vs_sedentary_male,not_reported,male
fa(14:1) [refmet: myristoleic acid],myristoleic acid,Fatty Acyls,-0.31286588,log2fc,0.23419674,1.0,benjamini_hochberg,within_male_stratum_pass1b06_plasma_8w_timewise_da_as_released,provided,not_selected,MoTrPAC_pass1b06_rat,motrpac_pass1b06_plasma_8w,motrpac_pass1b06_plasma_8w_trained_vs_sedentary_male,not_reported,male
dg(38:6)>dg(18:2_20:4_0:0)_m+nh3_feature1 [refmet: dg(18:2_20:4)_lp_a],dg(18:2_20:4)_lp_a,unclassified_no_refmet_match,-0.31253374,log2fc,0.08996055,1.0,benjamini_hochberg,within_male_stratum_pass1b06_plasma_8w_timewise_da_as_released,provided,not_selected,MoTrPAC_pass1b06_rat,motrpac_pass1b06_plasma_8w,motrpac_pass1b06_plasma_8w_trained_vs_sedentary_male,not_reported,male
20-hete,20-hete,Fatty Acyls,0.31172976,log2fc,0.86667234,1.0,benjamini_hochberg,within_male_stratum_pass1b06_plasma_8w_timewise_da_as_released,provided,not_selected,MoTrPAC_pass1b06_rat,motrpac_pass1b06_plasma_8w,motrpac_pass1b06_plasma_8w_trained_vs_sedentary_male,not_reported,male
lpc(20:2/0:0)_feature2 [refmet: lpc(20:2/0:0)_lp_ab],lpc(20:2/0:0)_lp_ab,unclassified_no_refmet_match,0.31167617,log2fc,0.048282724,1.0,benjamini_hochberg,within_male_stratum_pass1b06_plasma_8w_timewise_da_as_released,provided,not_selected,MoTrPAC_pass1b06_rat,motrpac_pass1b06_plasma_8w,motrpac_pass1b06_plasma_8w_trained_vs_sedentary_male,not_reported,male
fa(20:3) [refmet: eicosatrienoic acid],eicosatrienoic acid,Fatty Acyls,-0.30960283,log2fc,0.24264693,1.0,benjamini_hochberg,within_male_stratum_pass1b06_plasma_8w_timewise_da_as_released,provided,not_selected,MoTrPAC_pass1b06_rat,motrpac_pass1b06_plasma_8w,motrpac_pass1b06_plasma_8w_trained_vs_sedentary_male,not_reported,male
"5-henicosylbenzene-1,3-diol_feature1 [refmet: 5-heneicosyl-1,3-benzenediol]","5-heneicosyl-1,3-benzenediol",unclassified_no_refmet_match,0.30939665,log2fc,0.0492042,1.0,benjamini_hochberg,within_male_stratum_pass1b06_plasma_8w_timewise_da_as_released,provided,not_selected,MoTrPAC_pass1b06_rat,motrpac_pass1b06_plasma_8w,motrpac_pass1b06_plasma_8w_trained_vs_sedentary_male,not_reported,male
pc(36:3),pc(36:3),unclassified_no_refmet_match,0.3093437,log2fc,0.030371457,1.0,benjamini_hochberg,within_male_stratum_pass1b06_plasma_8w_timewise_da_as_released,provided,not_selected,MoTrPAC_pass1b06_rat,motrpac_pass1b06_plasma_8w,motrpac_pass1b06_plasma_8w_trained_vs_sedentary_male,not_reported,male
pc(o-36:2)_feature2 [refmet: pc(o-36:2)_lp_b],pc(o-36:2)_lp_b,unclassified_no_refmet_match,0.3087761,log2fc,0.16603324,1.0,benjamini_hochberg,within_male_stratum_pass1b06_plasma_8w_timewise_da_as_released,provided,not_selected,MoTrPAC_pass1b06_rat,motrpac_pass1b06_plasma_8w,motrpac_pass1b06_plasma_8w_trained_vs_sedentary_male,not_reported,male
lpc(24:1/0:0)_feature1and2 [refmet: lpc(24:1)_lp_ab],lpc(24:1)_lp_ab,unclassified_no_refmet_match,0.30852246,log2fc,0.03686217,1.0,benjamini_hochberg,within_male_stratum_pass1b06_plasma_8w_timewise_da_as_released,provided,not_selected,MoTrPAC_pass1b06_rat,motrpac_pass1b06_plasma_8w,motrpac_pass1b06_plasma_8w_trained_vs_sedentary_male,not_reported,male
car(14:0) [source metabolite label NA],car(14:0),unclassified_no_refmet_match,-0.30703878,log2fc,0.01464111,1.0,benjamini_hochberg,within_male_stratum_pass1b06_plasma_8w_timewise_da_as_released,provided,not_selected,MoTrPAC_pass1b06_rat,motrpac_pass1b06_plasma_8w,motrpac_pass1b06_plasma_8w_trained_vs_sedentary_male,not_reported,male
pc(30:0)_feature1 [refmet: pc(30:0)_lp_a],pc(30:0)_lp_a,unclassified_no_refmet_match,0.30663094,log2fc,0.1895739,1.0,benjamini_hochberg,within_male_stratum_pass1b06_plasma_8w_timewise_da_as_released,provided,not_selected,MoTrPAC_pass1b06_rat,motrpac_pass1b06_plasma_8w,motrpac_pass1b06_plasma_8w_trained_vs_sedentary_male,not_reported,male
pc(39:6)_feature2 [refmet: pc(39:6)_lp_b],pc(39:6)_lp_b,unclassified_no_refmet_match,-0.30607235,log2fc,0.058663495,1.0,benjamini_hochberg,within_male_stratum_pass1b06_plasma_8w_timewise_da_as_released,provided,not_selected,MoTrPAC_pass1b06_rat,motrpac_pass1b06_plasma_8w,motrpac_pass1b06_plasma_8w_trained_vs_sedentary_male,not_reported,male
lpc(22:1/0:0)_and_lpc(0:0/22:1)_feature1and2 [refmet: lpc(22:1)_lp_ab],lpc(22:1)_lp_ab,unclassified_no_refmet_match,0.30602062,log2fc,0.050370954,1.0,benjamini_hochberg,within_male_stratum_pass1b06_plasma_8w_timewise_da_as_released,provided,not_selected,MoTrPAC_pass1b06_rat,motrpac_pass1b06_plasma_8w,motrpac_pass1b06_plasma_8w_trained_vs_sedentary_male,not_reported,male
tg(51:3)>tg(15:0_18:1_18:2)_and_tg(16:0_17:1_18:2)_and_tg(16:1_17:1_18:1)_m+nh3_feature3 [refmet: tg(51:3)_lp_c],tg(51:3)_lp_c,unclassified_no_refmet_match,-0.3039619,log2fc,0.39794353,1.0,benjamini_hochberg,within_male_stratum_pass1b06_plasma_8w_timewise_da_as_released,provided,not_selected,MoTrPAC_pass1b06_rat,motrpac_pass1b06_plasma_8w,motrpac_pass1b06_plasma_8w_trained_vs_sedentary_male,not_reported,male
pc(o-38:5)_feature2 [refmet: pc(o-38:5)_lp_b],pc(o-38:5)_lp_b,unclassified_no_refmet_match,-0.3028089,log2fc,0.26807797,1.0,benjamini_hochberg,within_male_stratum_pass1b06_plasma_8w_timewise_da_as_released,provided,not_selected,MoTrPAC_pass1b06_rat,motrpac_pass1b06_plasma_8w,motrpac_pass1b06_plasma_8w_trained_vs_sedentary_male,not_reported,male
car(14:2) [source metabolite label NA],car(14:2),unclassified_no_refmet_match,-0.30272278,log2fc,0.027318425,1.0,benjamini_hochberg,within_male_stratum_pass1b06_plasma_8w_timewise_da_as_released,provided,not_selected,MoTrPAC_pass1b06_rat,motrpac_pass1b06_plasma_8w,motrpac_pass1b06_plasma_8w_trained_vs_sedentary_male,not_reported,male
c20:5 lpc [refmet: lpc(20:5)],lpc(20:5),unclassified_no_refmet_match,0.3026502,log2fc,0.019652175,1.0,benjamini_hochberg,within_male_stratum_pass1b06_plasma_8w_timewise_da_as_released,provided,not_selected,MoTrPAC_pass1b06_rat,motrpac_pass1b06_plasma_8w,motrpac_pass1b06_plasma_8w_trained_vs_sedentary_male,not_reported,male
glycocholic acid [source metabolite label NA],glycocholic acid,Sterol Lipids,-0.30227628,log2fc,0.48311388,1.0,benjamini_hochberg,within_male_stratum_pass1b06_plasma_8w_timewise_da_as_released,provided,not_selected,MoTrPAC_pass1b06_rat,motrpac_pass1b06_plasma_8w,motrpac_pass1b06_plasma_8w_trained_vs_sedentary_male,not_reported,male
lpc(18:1/0:0)_and_lpc(0:0/18:1)_m+h2co2_feature1and2 [refmet: lpc(18:1)_ln_b],lpc(18:1)_ln_b,unclassified_no_refmet_match,0.30201265,log2fc,0.032991886,1.0,benjamini_hochberg,within_male_stratum_pass1b06_plasma_8w_timewise_da_as_released,provided,not_selected,MoTrPAC_pass1b06_rat,motrpac_pass1b06_plasma_8w,motrpac_pass1b06_plasma_8w_trained_vs_sedentary_male,not_reported,male
pc(o-42:6)_feature4 [refmet: pc(o-42:6)_lp_d],pc(o-42:6)_lp_d,unclassified_no_refmet_match,-0.30104825,log2fc,0.06742584,1.0,benjamini_hochberg,within_male_stratum_pass1b06_plasma_8w_timewise_da_as_released,provided,not_selected,MoTrPAC_pass1b06_rat,motrpac_pass1b06_plasma_8w,motrpac_pass1b06_plasma_8w_trained_vs_sedentary_male,not_reported,male
dg(40:7)>dg(18:1_22:6_0:0)_m+nh3_feature3 [refmet: dg(18:1_22:6)_lp_c],dg(18:1_22:6)_lp_c,unclassified_no_refmet_match,-0.30018342,log2fc,0.17648199,1.0,benjamini_hochberg,within_male_stratum_pass1b06_plasma_8w_timewise_da_as_released,provided,not_selected,MoTrPAC_pass1b06_rat,motrpac_pass1b06_plasma_8w,motrpac_pass1b06_plasma_8w_trained_vs_sedentary_male,not_reported,male
lpe(18:0)_feature2 [refmet: lpe(18:0)_ln_b],lpe(18:0)_ln_b,unclassified_no_refmet_match,0.299761,log2fc,0.008724961,1.0,benjamini_hochberg,within_male_stratum_pass1b06_plasma_8w_timewise_da_as_released,provided,not_selected,MoTrPAC_pass1b06_rat,motrpac_pass1b06_plasma_8w,motrpac_pass1b06_plasma_8w_trained_vs_sedentary_male,not_reported,male
pc(40:8)>pc(20:4_20:4)_m+h2co2_feature1 [refmet: pc(20:4_20:4)],pc(20:4_20:4),unclassified_no_refmet_match,-0.29836348,log2fc,0.0056997235,1.0,benjamini_hochberg,within_male_stratum_pass1b06_plasma_8w_timewise_da_as_released,provided,not_selected,MoTrPAC_pass1b06_rat,motrpac_pass1b06_plasma_8w,motrpac_pass1b06_plasma_8w_trained_vs_sedentary_male,not_reported,male
carnosine,carnosine,Organic acids,-0.29608095,log2fc,0.25939423,1.0,benjamini_hochberg,within_male_stratum_pass1b06_plasma_8w_timewise_da_as_released,provided,not_selected,MoTrPAC_pass1b06_rat,motrpac_pass1b06_plasma_8w,motrpac_pass1b06_plasma_8w_trained_vs_sedentary_male,not_reported,male
c18:0 lpe b [refmet: lpe(18:0)_hp_b],lpe(18:0)_hp_b,unclassified_no_refmet_match,0.29596573,log2fc,0.042236496,1.0,benjamini_hochberg,within_male_stratum_pass1b06_plasma_8w_timewise_da_as_released,provided,not_selected,MoTrPAC_pass1b06_rat,motrpac_pass1b06_plasma_8w,motrpac_pass1b06_plasma_8w_trained_vs_sedentary_male,not_reported,male
n-carbamoyl-beta-alanine [refmet: ureidopropionic acid],ureidopropionic acid,Organic nitrogen compounds,-0.29552314,log2fc,0.1464252,1.0,benjamini_hochberg,within_male_stratum_pass1b06_plasma_8w_timewise_da_as_released,provided,not_selected,MoTrPAC_pass1b06_rat,motrpac_pass1b06_plasma_8w,motrpac_pass1b06_plasma_8w_trained_vs_sedentary_male,not_reported,male
fa(11:0-cooh) [refmet: undecanedioic acid],undecanedioic acid,Fatty Acyls,-0.29413396,log2fc,0.12591854,1.0,benjamini_hochberg,within_male_stratum_pass1b06_plasma_8w_timewise_da_as_released,provided,not_selected,MoTrPAC_pass1b06_rat,motrpac_pass1b06_plasma_8w,motrpac_pass1b06_plasma_8w_trained_vs_sedentary_male,not_reported,male
car(14:1) [source metabolite label NA],car(14:1),unclassified_no_refmet_match,-0.29406062,log2fc,0.014695335,1.0,benjamini_hochberg,within_male_stratum_pass1b06_plasma_8w_timewise_da_as_released,provided,not_selected,MoTrPAC_pass1b06_rat,motrpac_pass1b06_plasma_8w,motrpac_pass1b06_plasma_8w_trained_vs_sedentary_male,not_reported,male
lpc(14:0) [source metabolite label NA],lpc(14:0),unclassified_no_refmet_match,0.29366437,log2fc,0.005617623,1.0,benjamini_hochberg,within_male_stratum_pass1b06_plasma_8w_timewise_da_as_released,provided,not_selected,MoTrPAC_pass1b06_rat,motrpac_pass1b06_plasma_8w,motrpac_pass1b06_plasma_8w_trained_vs_sedentary_male,not_reported,male
sm(d40:1)_feature1 [refmet: sm(d40:1)_lp_a],sm(d40:1)_lp_a,unclassified_no_refmet_match,0.29330677,log2fc,0.15446459,1.0,benjamini_hochberg,within_male_stratum_pass1b06_plasma_8w_timewise_da_as_released,provided,not_selected,MoTrPAC_pass1b06_rat,motrpac_pass1b06_plasma_8w,motrpac_pass1b06_plasma_8w_trained_vs_sedentary_male,not_reported,male
fa(20:2) [refmet: eicosadienoic acid],eicosadienoic acid,Fatty Acyls,-0.29157043,log2fc,0.20846967,1.0,benjamini_hochberg,within_male_stratum_pass1b06_plasma_8w_timewise_da_as_released,provided,not_selected,MoTrPAC_pass1b06_rat,motrpac_pass1b06_plasma_8w,motrpac_pass1b06_plasma_8w_trained_vs_sedentary_male,not_reported,male
pc(o-32:1)_feature1 [refmet: pc(o-32:1)_lp_a],pc(o-32:1)_lp_a,unclassified_no_refmet_match,-0.28813004,log2fc,0.16664033,1.0,benjamini_hochberg,within_male_stratum_pass1b06_plasma_8w_timewise_da_as_released,provided,not_selected,MoTrPAC_pass1b06_rat,motrpac_pass1b06_plasma_8w,motrpac_pass1b06_plasma_8w_trained_vs_sedentary_male,not_reported,male
tg(48:0)>tg(16:0/16:0/16:0)_and_tg(14:0_16:0_18:0)_m+nh3_feature1 [refmet: tg(48:0)],tg(48:0),unclassified_no_refmet_match,-0.2880416,log2fc,0.19507293,1.0,benjamini_hochberg,within_male_stratum_pass1b06_plasma_8w_timewise_da_as_released,provided,not_selected,MoTrPAC_pass1b06_rat,motrpac_pass1b06_plasma_8w,motrpac_pass1b06_plasma_8w_trained_vs_sedentary_male,not_reported,male
pc(34:2)_feature1 [refmet: pc(34:2)_lp_a],pc(34:2)_lp_a,unclassified_no_refmet_match,0.28799102,log2fc,0.02555951,1.0,benjamini_hochberg,within_male_stratum_pass1b06_plasma_8w_timewise_da_as_released,provided,not_selected,MoTrPAC_pass1b06_rat,motrpac_pass1b06_plasma_8w,motrpac_pass1b06_plasma_8w_trained_vs_sedentary_male,not_reported,male
pc(40:5)>pc(18:0_22:5)_m+h2co2_feature3 [refmet: pc(18:0_22:5)_ln_c],pc(18:0_22:5)_ln_c,unclassified_no_refmet_match,-0.28778318,log2fc,0.020859867,1.0,benjamini_hochberg,within_male_stratum_pass1b06_plasma_8w_timewise_da_as_released,provided,not_selected,MoTrPAC_pass1b06_rat,motrpac_pass1b06_plasma_8w,motrpac_pass1b06_plasma_8w_trained_vs_sedentary_male,not_reported,male
"14,15-dihetre","14,15-dihetre",Fatty Acyls,0.2875182,log2fc,0.20004253,1.0,benjamini_hochberg,within_male_stratum_pass1b06_plasma_8w_timewise_da_as_released,provided,not_selected,MoTrPAC_pass1b06_rat,motrpac_pass1b06_plasma_8w,motrpac_pass1b06_plasma_8w_trained_vs_sedentary_male,not_reported,male
car(12:1) [source metabolite label NA],car(12:1),unclassified_no_refmet_match,-0.2872235,log2fc,0.17573218,1.0,benjamini_hochberg,within_male_stratum_pass1b06_plasma_8w_timewise_da_as_released,provided,not_selected,MoTrPAC_pass1b06_rat,motrpac_pass1b06_plasma_8w,motrpac_pass1b06_plasma_8w_trained_vs_sedentary_male,not_reported,male
sm(d34:0-oh)_feature1 [refmet: sm(d34:0-oh)],sm(d34:0-oh),unclassified_no_refmet_match,0.28701594,log2fc,0.03433877,1.0,benjamini_hochberg,within_male_stratum_pass1b06_plasma_8w_timewise_da_as_released,provided,not_selected,MoTrPAC_pass1b06_rat,motrpac_pass1b06_plasma_8w,motrpac_pass1b06_plasma_8w_trained_vs_sedentary_male,not_reported,male
cer(d42:1)>cer(d18:1/24:0)_feature2 [refmet: cer(d18:1/24:0)_lp_b],cer(d18:1/24:0)_lp_b,unclassified_no_refmet_match,0.28620312,log2fc,0.04810037,1.0,benjamini_hochberg,within_male_stratum_pass1b06_plasma_8w_timewise_da_as_released,provided,not_selected,MoTrPAC_pass1b06_rat,motrpac_pass1b06_plasma_8w,motrpac_pass1b06_plasma_8w_trained_vs_sedentary_male,not_reported,male
"n2,n2-dimethylguanosine","n2,n2-dimethylguanosine",Nucleic acids,-0.2857413,log2fc,0.043490708,1.0,benjamini_hochberg,within_male_stratum_pass1b06_plasma_8w_timewise_da_as_released,provided,not_selected,MoTrPAC_pass1b06_rat,motrpac_pass1b06_plasma_8w,motrpac_pass1b06_plasma_8w_trained_vs_sedentary_male,not_reported,male
c18:2 lpc [refmet: lpc(0:0/18:2)],lpc(0:0/18:2),unclassified_no_refmet_match,0.28528222,log2fc,0.02299459,1.0,benjamini_hochberg,within_male_stratum_pass1b06_plasma_8w_timewise_da_as_released,provided,not_selected,MoTrPAC_pass1b06_rat,motrpac_pass1b06_plasma_8w,motrpac_pass1b06_plasma_8w_trained_vs_sedentary_male,not_reported,male
pc(35:2)>pc(17:0_18:2)_m+h2co2_feature2 [refmet: pc(17:0_18:2)_ln_b],pc(17:0_18:2)_ln_b,unclassified_no_refmet_match,0.28440914,log2fc,0.091016114,1.0,benjamini_hochberg,within_male_stratum_pass1b06_plasma_8w_timewise_da_as_released,provided,not_selected,MoTrPAC_pass1b06_rat,motrpac_pass1b06_plasma_8w,motrpac_pass1b06_plasma_8w_trained_vs_sedentary_male,not_reported,male
lpc(20:0/0:0)_feature2 [refmet: lpc(20:0/0:0)_lp_b],lpc(20:0/0:0)_lp_b,unclassified_no_refmet_match,0.28316674,log2fc,0.044478625,1.0,benjamini_hochberg,within_male_stratum_pass1b06_plasma_8w_timewise_da_as_released,provided,not_selected,MoTrPAC_pass1b06_rat,motrpac_pass1b06_plasma_8w,motrpac_pass1b06_plasma_8w_trained_vs_sedentary_male,not_reported,male
pc(37:3)_feature1 [refmet: pc(37:3)_lp_a],pc(37:3)_lp_a,unclassified_no_refmet_match,0.28204748,log2fc,0.07126302,1.0,benjamini_hochberg,within_male_stratum_pass1b06_plasma_8w_timewise_da_as_released,provided,not_selected,MoTrPAC_pass1b06_rat,motrpac_pass1b06_plasma_8w,motrpac_pass1b06_plasma_8w_trained_vs_sedentary_male,not_reported,male
pe(36:2)>pe(18:2_18:0)_feature3 [refmet: pe(36:2)_lp_c],pe(36:2)_lp_c,unclassified_no_refmet_match,0.281576,log2fc,0.19818297,1.0,benjamini_hochberg,within_male_stratum_pass1b06_plasma_8w_timewise_da_as_released,provided,not_selected,MoTrPAC_pass1b06_rat,motrpac_pass1b06_plasma_8w,motrpac_pass1b06_plasma_8w_trained_vs_sedentary_male,not_reported,male
hexcer(d42:1-oh)>hexcer(d18:1/24:0-oh)_feature1 [refmet: hexcer(d18:1/24:0-oh)],hexcer(d18:1/24:0-oh),unclassified_no_refmet_match,0.28132832,log2fc,0.06605801,1.0,benjamini_hochberg,within_male_stratum_pass1b06_plasma_8w_timewise_da_as_released,provided,not_selected,MoTrPAC_pass1b06_rat,motrpac_pass1b06_plasma_8w,motrpac_pass1b06_plasma_8w_trained_vs_sedentary_male,not_reported,male
pc(o-40:6)_feature1 [refmet: pc(o-40:6)_lp_a],pc(o-40:6)_lp_a,unclassified_no_refmet_match,-0.28076765,log2fc,0.080639094,1.0,benjamini_hochberg,within_male_stratum_pass1b06_plasma_8w_timewise_da_as_released,provided,not_selected,MoTrPAC_pass1b06_rat,motrpac_pass1b06_plasma_8w,motrpac_pass1b06_plasma_8w_trained_vs_sedentary_male,not_reported,male
pc(35:2),pc(35:2),unclassified_no_refmet_match,0.28032959,log2fc,0.0984461,1.0,benjamini_hochberg,within_male_stratum_pass1b06_plasma_8w_timewise_da_as_released,provided,not_selected,MoTrPAC_pass1b06_rat,motrpac_pass1b06_plasma_8w,motrpac_pass1b06_plasma_8w_trained_vs_sedentary_male,not_reported,male
2-hydroxybutyrate [refmet: 2-hydroxybutyric acid],2-hydroxybutyric acid,Fatty Acyls,-0.28023583,log2fc,0.16458565,1.0,benjamini_hochberg,within_male_stratum_pass1b06_plasma_8w_timewise_da_as_released,provided,not_selected,MoTrPAC_pass1b06_rat,motrpac_pass1b06_plasma_8w,motrpac_pass1b06_plasma_8w_trained_vs_sedentary_male,not_reported,male
tg(58:4)_m+nh3_feature5 [refmet: tg(58:4)_lp_e],tg(58:4)_lp_e,unclassified_no_refmet_match,-0.2798708,log2fc,0.31146127,1.0,benjamini_hochberg,within_male_stratum_pass1b06_plasma_8w_timewise_da_as_released,provided,not_selected,MoTrPAC_pass1b06_rat,motrpac_pass1b06_plasma_8w,motrpac_pass1b06_plasma_8w_trained_vs_sedentary_male,not_reported,male
pc(39:4)_feature3 [refmet: pc(39:4)_lp_c],pc(39:4)_lp_c,unclassified_no_refmet_match,-0.27928558,log2fc,0.039761025,1.0,benjamini_hochberg,within_male_stratum_pass1b06_plasma_8w_timewise_da_as_released,provided,not_selected,MoTrPAC_pass1b06_rat,motrpac_pass1b06_plasma_8w,motrpac_pass1b06_plasma_8w_trained_vs_sedentary_male,not_reported,male
ile-pro,ile-pro,Organic acids,-0.27841252,log2fc,0.036330245,1.0,benjamini_hochberg,within_male_stratum_pass1b06_plasma_8w_timewise_da_as_released,provided,not_selected,MoTrPAC_pass1b06_rat,motrpac_pass1b06_plasma_8w,motrpac_pass1b06_plasma_8w_trained_vs_sedentary_male,not_reported,male
pc(35:2)>pc(17:0_18:2)_m+h2co2_feature1 [refmet: pc(17:0_18:2)_ln_a],pc(17:0_18:2)_ln_a,unclassified_no_refmet_match,0.27803248,log2fc,0.16938162,1.0,benjamini_hochberg,within_male_stratum_pass1b06_plasma_8w_timewise_da_as_released,provided,not_selected,MoTrPAC_pass1b06_rat,motrpac_pass1b06_plasma_8w,motrpac_pass1b06_plasma_8w_trained_vs_sedentary_male,not_reported,male
car(16:2),car(16:2),unclassified_no_refmet_match,-0.2779785,log2fc,0.19173516,1.0,benjamini_hochberg,within_male_stratum_pass1b06_plasma_8w_timewise_da_as_released,provided,not_selected,MoTrPAC_pass1b06_rat,motrpac_pass1b06_plasma_8w,motrpac_pass1b06_plasma_8w_trained_vs_sedentary_male,not_reported,male
pi(38:6)>pi(16:0_22:6)_feature1 [refmet: pi(16:0_22:6)],pi(16:0_22:6),unclassified_no_refmet_match,-0.27705422,log2fc,0.043287158,1.0,benjamini_hochberg,within_male_stratum_pass1b06_plasma_8w_timewise_da_as_released,provided,not_selected,MoTrPAC_pass1b06_rat,motrpac_pass1b06_plasma_8w,motrpac_pass1b06_plasma_8w_trained_vs_sedentary_male,not_reported,male
1-methyladenosine,1-methyladenosine,Nucleic acids,-0.27637783,log2fc,0.1320417,1.0,benjamini_hochberg,within_male_stratum_pass1b06_plasma_8w_timewise_da_as_released,provided,not_selected,MoTrPAC_pass1b06_rat,motrpac_pass1b06_plasma_8w,motrpac_pass1b06_plasma_8w_trained_vs_sedentary_male,not_reported,male
pc(34:3) [source metabolite label NA],pc(34:3),unclassified_no_refmet_match,0.2763059,log2fc,0.08669015,1.0,benjamini_hochberg,within_male_stratum_pass1b06_plasma_8w_timewise_da_as_released,provided,not_selected,MoTrPAC_pass1b06_rat,motrpac_pass1b06_plasma_8w,motrpac_pass1b06_plasma_8w_trained_vs_sedentary_male,not_reported,male
pc(o-36:4)_feature4 [refmet: pc(o-36:4)_lp_d],pc(o-36:4)_lp_d,unclassified_no_refmet_match,-0.27585134,log2fc,0.06453027,1.0,benjamini_hochberg,within_male_stratum_pass1b06_plasma_8w_timewise_da_as_released,provided,not_selected,MoTrPAC_pass1b06_rat,motrpac_pass1b06_plasma_8w,motrpac_pass1b06_plasma_8w_trained_vs_sedentary_male,not_reported,male
pc(o-38:4)_feature3 [refmet: pc(o-38:4)_lp_c],pc(o-38:4)_lp_c,unclassified_no_refmet_match,0.27540532,log2fc,0.11378588,1.0,benjamini_hochberg,within_male_stratum_pass1b06_plasma_8w_timewise_da_as_released,provided,not_selected,MoTrPAC_pass1b06_rat,motrpac_pass1b06_plasma_8w,motrpac_pass1b06_plasma_8w_trained_vs_sedentary_male,not_reported,male
car(8:1),car(8:1),unclassified_no_refmet_match,-0.27434403,log2fc,0.38600102,1.0,benjamini_hochberg,within_male_stratum_pass1b06_plasma_8w_timewise_da_as_released,provided,not_selected,MoTrPAC_pass1b06_rat,motrpac_pass1b06_plasma_8w,motrpac_pass1b06_plasma_8w_trained_vs_sedentary_male,not_reported,male
sm(d38:3)_feature1 [refmet: sm(d38:3)],sm(d38:3),unclassified_no_refmet_match,-0.27344775,log2fc,0.1478383,1.0,benjamini_hochberg,within_male_stratum_pass1b06_plasma_8w_timewise_da_as_released,provided,not_selected,MoTrPAC_pass1b06_rat,motrpac_pass1b06_plasma_8w,motrpac_pass1b06_plasma_8w_trained_vs_sedentary_male,not_reported,male
dg(38:5)>dg(18:1_20:4_0:0)_m+nh3_feature2 [refmet: dg(18:1_20:4)_lp_b],dg(18:1_20:4)_lp_b,unclassified_no_refmet_match,-0.2726931,log2fc,0.062252223,1.0,benjamini_hochberg,within_male_stratum_pass1b06_plasma_8w_timewise_da_as_released,provided,not_selected,MoTrPAC_pass1b06_rat,motrpac_pass1b06_plasma_8w,motrpac_pass1b06_plasma_8w_trained_vs_sedentary_male,not_reported,male
pc(38:5)_feature1 [refmet: pc(38:5)_lp_a],pc(38:5)_lp_a,unclassified_no_refmet_match,-0.2721392,log2fc,0.12418393,1.0,benjamini_hochberg,within_male_stratum_pass1b06_plasma_8w_timewise_da_as_released,provided,not_selected,MoTrPAC_pass1b06_rat,motrpac_pass1b06_plasma_8w,motrpac_pass1b06_plasma_8w_trained_vs_sedentary_male,not_reported,male
pc(39:5)_feature3 [refmet: pc(39:5)_lp_c],pc(39:5)_lp_c,unclassified_no_refmet_match,-0.27211362,log2fc,0.026419166,1.0,benjamini_hochberg,within_male_stratum_pass1b06_plasma_8w_timewise_da_as_released,provided,not_selected,MoTrPAC_pass1b06_rat,motrpac_pass1b06_plasma_8w,motrpac_pass1b06_plasma_8w_trained_vs_sedentary_male,not_reported,male
benzylbutylphthalate [refmet: benzyl butyl phthalate],benzyl butyl phthalate,Benzenoids,0.27193165,log2fc,0.15811022,1.0,benjamini_hochberg,within_male_stratum_pass1b06_plasma_8w_timewise_da_as_released,provided,not_selected,MoTrPAC_pass1b06_rat,motrpac_pass1b06_plasma_8w,motrpac_pass1b06_plasma_8w_trained_vs_sedentary_male,not_reported,male
pc(32:0)_feature1 [refmet: pc(32:0)_lp_a],pc(32:0)_lp_a,unclassified_no_refmet_match,-0.27109206,log2fc,0.11605121,1.0,benjamini_hochberg,within_male_stratum_pass1b06_plasma_8w_timewise_da_as_released,provided,not_selected,MoTrPAC_pass1b06_rat,motrpac_pass1b06_plasma_8w,motrpac_pass1b06_plasma_8w_trained_vs_sedentary_male,not_reported,male
pc(o-40:3)_feature2 [refmet: pc(o-40:3)_lp_b],pc(o-40:3)_lp_b,unclassified_no_refmet_match,0.27101424,log2fc,0.22460271,1.0,benjamini_hochberg,within_male_stratum_pass1b06_plasma_8w_timewise_da_as_released,provided,not_selected,MoTrPAC_pass1b06_rat,motrpac_pass1b06_plasma_8w,motrpac_pass1b06_plasma_8w_trained_vs_sedentary_male,not_reported,male
tg(53:4)>tg(17:0_18:2_18:2)_and_tg(17:1_18:1_18:2)_m+nh3_feature3 [refmet: tg(53:4)_lp_c],tg(53:4)_lp_c,unclassified_no_refmet_match,0.27101138,log2fc,0.4637032,1.0,benjamini_hochberg,within_male_stratum_pass1b06_plasma_8w_timewise_da_as_released,provided,not_selected,MoTrPAC_pass1b06_rat,motrpac_pass1b06_plasma_8w,motrpac_pass1b06_plasma_8w_trained_vs_sedentary_male,not_reported,male
tg(54:2)>tg(16:0_18:1_20:1)_and_tg(18:0_18:1_18:1)_m+nh3_feature3 [refmet: tg(54:2)_lp_c],tg(54:2)_lp_c,unclassified_no_refmet_match,-0.2707243,log2fc,0.34944168,1.0,benjamini_hochberg,within_male_stratum_pass1b06_plasma_8w_timewise_da_as_released,provided,not_selected,MoTrPAC_pass1b06_rat,motrpac_pass1b06_plasma_8w,motrpac_pass1b06_plasma_8w_trained_vs_sedentary_male,not_reported,male
pc(34:1),pc(34:1),unclassified_no_refmet_match,0.269133,log2fc,0.03521137,1.0,benjamini_hochberg,within_male_stratum_pass1b06_plasma_8w_timewise_da_as_released,provided,not_selected,MoTrPAC_pass1b06_rat,motrpac_pass1b06_plasma_8w,motrpac_pass1b06_plasma_8w_trained_vs_sedentary_male,not_reported,male
c36:4 pe [refmet: pe(36:4)],pe(36:4),unclassified_no_refmet_match,-0.2691005,log2fc,0.073266834,1.0,benjamini_hochberg,within_male_stratum_pass1b06_plasma_8w_timewise_da_as_released,provided,not_selected,MoTrPAC_pass1b06_rat,motrpac_pass1b06_plasma_8w,motrpac_pass1b06_plasma_8w_trained_vs_sedentary_male,not_reported,male
fa(22:5) [refmet: docosapentaenoic acid],docosapentaenoic acid,Fatty Acyls,-0.26797897,log2fc,0.27676913,1.0,benjamini_hochberg,within_male_stratum_pass1b06_plasma_8w_timewise_da_as_released,provided,not_selected,MoTrPAC_pass1b06_rat,motrpac_pass1b06_plasma_8w,motrpac_pass1b06_plasma_8w_trained_vs_sedentary_male,not_reported,male
kynurenate [refmet: kynurenic acid],kynurenic acid,Alkaloids,-0.2674387,log2fc,0.24066368,1.0,benjamini_hochberg,within_male_stratum_pass1b06_plasma_8w_timewise_da_as_released,provided,not_selected,MoTrPAC_pass1b06_rat,motrpac_pass1b06_plasma_8w,motrpac_pass1b06_plasma_8w_trained_vs_sedentary_male,not_reported,male
pc(35:0)_feature1 [refmet: pc(35:0)_lp_a],pc(35:0)_lp_a,unclassified_no_refmet_match,0.26602882,log2fc,0.100469485,1.0,benjamini_hochberg,within_male_stratum_pass1b06_plasma_8w_timewise_da_as_released,provided,not_selected,MoTrPAC_pass1b06_rat,motrpac_pass1b06_plasma_8w,motrpac_pass1b06_plasma_8w_trained_vs_sedentary_male,not_reported,male
hydroxylysine [refmet: 5-hydroxylysine],5-hydroxylysine,Organic acids,0.2643856,log2fc,0.13803224,1.0,benjamini_hochberg,within_male_stratum_pass1b06_plasma_8w_timewise_da_as_released,provided,not_selected,MoTrPAC_pass1b06_rat,motrpac_pass1b06_plasma_8w,motrpac_pass1b06_plasma_8w_trained_vs_sedentary_male,not_reported,male
tg(55:5)>tg(18:2_18:2_19:1)_and_tg(18:1_18:2_19:2)_m+nh3_feature3 [refmet: tg(55:5)_lp_c],tg(55:5)_lp_c,unclassified_no_refmet_match,-0.26373708,log2fc,0.21666385,1.0,benjamini_hochberg,within_male_stratum_pass1b06_plasma_8w_timewise_da_as_released,provided,not_selected,MoTrPAC_pass1b06_rat,motrpac_pass1b06_plasma_8w,motrpac_pass1b06_plasma_8w_trained_vs_sedentary_male,not_reported,male
n1-acetylspermidine,n1-acetylspermidine,Alkaloids,-0.2619235,log2fc,0.013919302,1.0,benjamini_hochberg,within_male_stratum_pass1b06_plasma_8w_timewise_da_as_released,provided,not_selected,MoTrPAC_pass1b06_rat,motrpac_pass1b06_plasma_8w,motrpac_pass1b06_plasma_8w_trained_vs_sedentary_male,not_reported,male
sm(d40:2)_feature2 [refmet: sm(d40:2)_lp_b],sm(d40:2)_lp_b,unclassified_no_refmet_match,0.2618156,log2fc,0.056750134,1.0,benjamini_hochberg,within_male_stratum_pass1b06_plasma_8w_timewise_da_as_released,provided,not_selected,MoTrPAC_pass1b06_rat,motrpac_pass1b06_plasma_8w,motrpac_pass1b06_plasma_8w_trained_vs_sedentary_male,not_reported,male
ce(18:1)_m+nh3_feature1 [refmet: ce(18:1)],ce(18:1),unclassified_no_refmet_match,0.26171255,log2fc,0.07430013,1.0,benjamini_hochberg,within_male_stratum_pass1b06_plasma_8w_timewise_da_as_released,provided,not_selected,MoTrPAC_pass1b06_rat,motrpac_pass1b06_plasma_8w,motrpac_pass1b06_plasma_8w_trained_vs_sedentary_male,not_reported,male
car(15:0)_feature1 [refmet: car(15:0)_lp_a],car(15:0)_lp_a,unclassified_no_refmet_match,-0.26156756,log2fc,0.69384927,1.0,benjamini_hochberg,within_male_stratum_pass1b06_plasma_8w_timewise_da_as_released,provided,not_selected,MoTrPAC_pass1b06_rat,motrpac_pass1b06_plasma_8w,motrpac_pass1b06_plasma_8w_trained_vs_sedentary_male,not_reported,male
pc(36:5)_feature2 [refmet: pc(36:5)_lp_b],pc(36:5)_lp_b,unclassified_no_refmet_match,0.26025108,log2fc,0.1738256,1.0,benjamini_hochberg,within_male_stratum_pass1b06_plasma_8w_timewise_da_as_released,provided,not_selected,MoTrPAC_pass1b06_rat,motrpac_pass1b06_plasma_8w,motrpac_pass1b06_plasma_8w_trained_vs_sedentary_male,not_reported,male
fa(22:4) [refmet: docosatetraenoic acid],docosatetraenoic acid,Fatty Acyls,-0.2595148,log2fc,0.23551852,1.0,benjamini_hochberg,within_male_stratum_pass1b06_plasma_8w_timewise_da_as_released,provided,not_selected,MoTrPAC_pass1b06_rat,motrpac_pass1b06_plasma_8w,motrpac_pass1b06_plasma_8w_trained_vs_sedentary_male,not_reported,male
pc(41:6)_feature3 [refmet: pc(41:6)_lp_c],pc(41:6)_lp_c,unclassified_no_refmet_match,-0.2592766,log2fc,0.09070924,1.0,benjamini_hochberg,within_male_stratum_pass1b06_plasma_8w_timewise_da_as_released,provided,not_selected,MoTrPAC_pass1b06_rat,motrpac_pass1b06_plasma_8w,motrpac_pass1b06_plasma_8w_trained_vs_sedentary_male,not_reported,male
tg(56:3)>tg(18:1_18:1_20:1)_and_tg(18:1_18:2_20:0)_and_tg(18:0_18:2_20:1)_and_tg(16:0_18:1_22:2)_m+nh3_feature3 [refmet: tg(56:3)_lp_c],tg(56:3)_lp_c,unclassified_no_refmet_match,-0.25902075,log2fc,0.39934334,1.0,benjamini_hochberg,within_male_stratum_pass1b06_plasma_8w_timewise_da_as_released,provided,not_selected,MoTrPAC_pass1b06_rat,motrpac_pass1b06_plasma_8w,motrpac_pass1b06_plasma_8w_trained_vs_sedentary_male,not_reported,male
tg(56:2)_m+nh3_feature2 [refmet: tg(56:2)_lp_b],tg(56:2)_lp_b,unclassified_no_refmet_match,-0.25891712,log2fc,0.2975744,1.0,benjamini_hochberg,within_male_stratum_pass1b06_plasma_8w_timewise_da_as_released,provided,not_selected,MoTrPAC_pass1b06_rat,motrpac_pass1b06_plasma_8w,motrpac_pass1b06_plasma_8w_trained_vs_sedentary_male,not_reported,male
pe(38:5)>pe(16:0_22:5)_and_pe(38:5)>pe(18:1_20:4)_feature3 [refmet: pe(38:5)_ln_c],pe(38:5)_ln_c,unclassified_no_refmet_match,-0.25883704,log2fc,0.093745925,1.0,benjamini_hochberg,within_male_stratum_pass1b06_plasma_8w_timewise_da_as_released,provided,not_selected,MoTrPAC_pass1b06_rat,motrpac_pass1b06_plasma_8w,motrpac_pass1b06_plasma_8w_trained_vs_sedentary_male,not_reported,male
gamma-aminobutyric acid [source metabolite label NA],gamma-aminobutyric acid,Fatty Acyls,-0.25819695,log2fc,0.023956552,1.0,benjamini_hochberg,within_male_stratum_pass1b06_plasma_8w_timewise_da_as_released,provided,not_selected,MoTrPAC_pass1b06_rat,motrpac_pass1b06_plasma_8w,motrpac_pass1b06_plasma_8w_trained_vs_sedentary_male,not_reported,male
sphingosine 1-phosphate [source metabolite label NA],sphingosine 1-phosphate,Sphingolipids,-0.2574434,log2fc,0.35098693,1.0,benjamini_hochberg,within_male_stratum_pass1b06_plasma_8w_timewise_da_as_released,provided,not_selected,MoTrPAC_pass1b06_rat,motrpac_pass1b06_plasma_8w,motrpac_pass1b06_plasma_8w_trained_vs_sedentary_male,not_reported,male
pc(o-34:2)_feature2 [refmet: pc(o-34:2)_lp_b],pc(o-34:2)_lp_b,unclassified_no_refmet_match,0.25724003,log2fc,0.0902662,1.0,benjamini_hochberg,within_male_stratum_pass1b06_plasma_8w_timewise_da_as_released,provided,not_selected,MoTrPAC_pass1b06_rat,motrpac_pass1b06_plasma_8w,motrpac_pass1b06_plasma_8w_trained_vs_sedentary_male,not_reported,male
car(18:1)_feature1 [refmet: car(18:1)_lp_a],car(18:1)_lp_a,unclassified_no_refmet_match,-0.25711063,log2fc,0.33108026,1.0,benjamini_hochberg,within_male_stratum_pass1b06_plasma_8w_timewise_da_as_released,provided,not_selected,MoTrPAC_pass1b06_rat,motrpac_pass1b06_plasma_8w,motrpac_pass1b06_plasma_8w_trained_vs_sedentary_male,not_reported,male
pc(36:0)>pc(18:0/18:0)_m+h2co2_feature2 [refmet: pc(18:0/18:0)_ln_b],pc(18:0/18:0)_ln_b,unclassified_no_refmet_match,-0.2561986,log2fc,0.024564845,1.0,benjamini_hochberg,within_male_stratum_pass1b06_plasma_8w_timewise_da_as_released,provided,not_selected,MoTrPAC_pass1b06_rat,motrpac_pass1b06_plasma_8w,motrpac_pass1b06_plasma_8w_trained_vs_sedentary_male,not_reported,male
tg(52:5)>tg(16:0_18:2_18:3)_m+nh3_feature5 [refmet: tg(16:0_18:2_18:3)_lp_e],tg(16:0_18:2_18:3)_lp_e,unclassified_no_refmet_match,-0.25546053,log2fc,0.32246792,1.0,benjamini_hochberg,within_male_stratum_pass1b06_plasma_8w_timewise_da_as_released,provided,not_selected,MoTrPAC_pass1b06_rat,motrpac_pass1b06_plasma_8w,motrpac_pass1b06_plasma_8w_trained_vs_sedentary_male,not_reported,male
lpc(18:2)_a_b [refmet: lpc(18:2)],lpc(18:2),unclassified_no_refmet_match,0.25483635,log2fc,0.10684919,1.0,benjamini_hochberg,within_male_stratum_pass1b06_plasma_8w_timewise_da_as_released,provided,not_selected,MoTrPAC_pass1b06_rat,motrpac_pass1b06_plasma_8w,motrpac_pass1b06_plasma_8w_trained_vs_sedentary_male,not_reported,male
c38:7 pe plasmalogen [refmet: pe(p-38:6)/pe(o-38:7)],pe(p-38:6)/pe(o-38:7),unclassified_no_refmet_match,-0.25461355,log2fc,0.08207745,1.0,benjamini_hochberg,within_male_stratum_pass1b06_plasma_8w_timewise_da_as_released,provided,not_selected,MoTrPAC_pass1b06_rat,motrpac_pass1b06_plasma_8w,motrpac_pass1b06_plasma_8w_trained_vs_sedentary_male,not_reported,male
tg(58:8)>tg(18:2_18:2_22:4)_m+nh3_feature1 [refmet: tg(58:8)_lp_a],tg(58:8)_lp_a,unclassified_no_refmet_match,-0.25399226,log2fc,0.10391339,1.0,benjamini_hochberg,within_male_stratum_pass1b06_plasma_8w_timewise_da_as_released,provided,not_selected,MoTrPAC_pass1b06_rat,motrpac_pass1b06_plasma_8w,motrpac_pass1b06_plasma_8w_trained_vs_sedentary_male,not_reported,male
pc(35:4)_feature2 [refmet: pc(35:4)_lp_b],pc(35:4)_lp_b,unclassified_no_refmet_match,0.25368342,log2fc,0.030124096,1.0,benjamini_hochberg,within_male_stratum_pass1b06_plasma_8w_timewise_da_as_released,provided,not_selected,MoTrPAC_pass1b06_rat,motrpac_pass1b06_plasma_8w,motrpac_pass1b06_plasma_8w_trained_vs_sedentary_male,not_reported,male
"5,6-dihetre","5,6-dihetre",Fatty Acyls,0.25317985,log2fc,0.14337756,1.0,benjamini_hochberg,within_male_stratum_pass1b06_plasma_8w_timewise_da_as_released,provided,not_selected,MoTrPAC_pass1b06_rat,motrpac_pass1b06_plasma_8w,motrpac_pass1b06_plasma_8w_trained_vs_sedentary_male,not_reported,male
uridine [source metabolite label NA],uridine,Nucleic acids,-0.25282478,log2fc,0.03266748,1.0,benjamini_hochberg,within_male_stratum_pass1b06_plasma_8w_timewise_da_as_released,provided,not_selected,MoTrPAC_pass1b06_rat,motrpac_pass1b06_plasma_8w,motrpac_pass1b06_plasma_8w_trained_vs_sedentary_male,not_reported,male
l-alpha-glutamyl-l-lysine [refmet: glu-lys],glu-lys,Organic acids,-0.2521096,log2fc,0.16482204,1.0,benjamini_hochberg,within_male_stratum_pass1b06_plasma_8w_timewise_da_as_released,provided,not_selected,MoTrPAC_pass1b06_rat,motrpac_pass1b06_plasma_8w,motrpac_pass1b06_plasma_8w_trained_vs_sedentary_male,not_reported,male
lpc(22:0/0:0)_feature1and2 [refmet: lpc(22:0)_lp_ab],lpc(22:0)_lp_ab,unclassified_no_refmet_match,0.25208524,log2fc,0.08379836,1.0,benjamini_hochberg,within_male_stratum_pass1b06_plasma_8w_timewise_da_as_released,provided,not_selected,MoTrPAC_pass1b06_rat,motrpac_pass1b06_plasma_8w,motrpac_pass1b06_plasma_8w_trained_vs_sedentary_male,not_reported,male
pi(38:3)>pi(18:0_20:3)_feature2 [refmet: pi(18:0_20:3)_lp_b],pi(18:0_20:3)_lp_b,unclassified_no_refmet_match,0.2510349,log2fc,0.106989935,1.0,benjamini_hochberg,within_male_stratum_pass1b06_plasma_8w_timewise_da_as_released,provided,not_selected,MoTrPAC_pass1b06_rat,motrpac_pass1b06_plasma_8w,motrpac_pass1b06_plasma_8w_trained_vs_sedentary_male,not_reported,male
c20:4 lpc a [refmet: lpc(20:4)_hp_a],lpc(20:4)_hp_a,unclassified_no_refmet_match,-0.2505381,log2fc,0.006429037,1.0,benjamini_hochberg,within_male_stratum_pass1b06_plasma_8w_timewise_da_as_released,provided,not_selected,MoTrPAC_pass1b06_rat,motrpac_pass1b06_plasma_8w,motrpac_pass1b06_plasma_8w_trained_vs_sedentary_male,not_reported,male
pc(40:5)_feature1 [refmet: pc(40:5)_lp_a],pc(40:5)_lp_a,unclassified_no_refmet_match,0.25050235,log2fc,0.21374622,1.0,benjamini_hochberg,within_male_stratum_pass1b06_plasma_8w_timewise_da_as_released,provided,not_selected,MoTrPAC_pass1b06_rat,motrpac_pass1b06_plasma_8w,motrpac_pass1b06_plasma_8w_trained_vs_sedentary_male,not_reported,male
c34:3 pc plasmalogen [refmet: pc(p-34:2)/pc(o-34:3)],pc(p-34:2)/pc(o-34:3),unclassified_no_refmet_match,0.25032094,log2fc,0.31481484,1.0,benjamini_hochberg,within_male_stratum_pass1b06_plasma_8w_timewise_da_as_released,provided,not_selected,MoTrPAC_pass1b06_rat,motrpac_pass1b06_plasma_8w,motrpac_pass1b06_plasma_8w_trained_vs_sedentary_male,not_reported,male
pi(38:3)>pi(18:0_20:3)_feature2 [refmet: pi(18:0_20:3)_ln_b],pi(18:0_20:3)_ln_b,unclassified_no_refmet_match,0.24957228,log2fc,0.0333872,1.0,benjamini_hochberg,within_male_stratum_pass1b06_plasma_8w_timewise_da_as_released,provided,not_selected,MoTrPAC_pass1b06_rat,motrpac_pass1b06_plasma_8w,motrpac_pass1b06_plasma_8w_trained_vs_sedentary_male,not_reported,male
c36:5 pe plasmalogen [refmet: pe(p-36:4)/pe(o-36:5)],pe(p-36:4)/pe(o-36:5),unclassified_no_refmet_match,-0.24877653,log2fc,0.5412764,1.0,benjamini_hochberg,within_male_stratum_pass1b06_plasma_8w_timewise_da_as_released,provided,not_selected,MoTrPAC_pass1b06_rat,motrpac_pass1b06_plasma_8w,motrpac_pass1b06_plasma_8w_trained_vs_sedentary_male,not_reported,male
tg(58:2)_m+nh3_feature2 [refmet: tg(58:2)_lp_b],tg(58:2)_lp_b,unclassified_no_refmet_match,-0.24848811,log2fc,0.39201707,1.0,benjamini_hochberg,within_male_stratum_pass1b06_plasma_8w_timewise_da_as_released,provided,not_selected,MoTrPAC_pass1b06_rat,motrpac_pass1b06_plasma_8w,motrpac_pass1b06_plasma_8w_trained_vs_sedentary_male,not_reported,male
pc(o-34:2)_feature1 [refmet: pc(o-34:2)_lp_a],pc(o-34:2)_lp_a,unclassified_no_refmet_match,0.2483279,log2fc,0.11694744,1.0,benjamini_hochberg,within_male_stratum_pass1b06_plasma_8w_timewise_da_as_released,provided,not_selected,MoTrPAC_pass1b06_rat,motrpac_pass1b06_plasma_8w,motrpac_pass1b06_plasma_8w_trained_vs_sedentary_male,not_reported,male
car(18:0-oh)_feature1 [refmet: car(18:0(oh))],car(18:0(oh)),unclassified_no_refmet_match,0.24803403,log2fc,0.37449527,1.0,benjamini_hochberg,within_male_stratum_pass1b06_plasma_8w_timewise_da_as_released,provided,not_selected,MoTrPAC_pass1b06_rat,motrpac_pass1b06_plasma_8w,motrpac_pass1b06_plasma_8w_trained_vs_sedentary_male,not_reported,male
sm(d39:1)_feature2 [refmet: sm(d39:1)_lp_b],sm(d39:1)_lp_b,unclassified_no_refmet_match,0.24603145,log2fc,0.14073873,1.0,benjamini_hochberg,within_male_stratum_pass1b06_plasma_8w_timewise_da_as_released,provided,not_selected,MoTrPAC_pass1b06_rat,motrpac_pass1b06_plasma_8w,motrpac_pass1b06_plasma_8w_trained_vs_sedentary_male,not_reported,male
pc(o-40:6)_feature4 [refmet: pc(o-40:6)_lp_d],pc(o-40:6)_lp_d,unclassified_no_refmet_match,-0.24560665,log2fc,0.12742816,1.0,benjamini_hochberg,within_male_stratum_pass1b06_plasma_8w_timewise_da_as_released,provided,not_selected,MoTrPAC_pass1b06_rat,motrpac_pass1b06_plasma_8w,motrpac_pass1b06_plasma_8w_trained_vs_sedentary_male,not_reported,male
c18:1 lpc [refmet: lpc(18:1)],lpc(18:1),unclassified_no_refmet_match,0.24540819,log2fc,0.014012299,1.0,benjamini_hochberg,within_male_stratum_pass1b06_plasma_8w_timewise_da_as_released,provided,not_selected,MoTrPAC_pass1b06_rat,motrpac_pass1b06_plasma_8w,motrpac_pass1b06_plasma_8w_trained_vs_sedentary_male,not_reported,male
lpc(20:3)_a_b [refmet: lpc(20:3)],lpc(20:3),unclassified_no_refmet_match,-0.24467076,log2fc,0.11136309,1.0,benjamini_hochberg,within_male_stratum_pass1b06_plasma_8w_timewise_da_as_released,provided,not_selected,MoTrPAC_pass1b06_rat,motrpac_pass1b06_plasma_8w,motrpac_pass1b06_plasma_8w_trained_vs_sedentary_male,not_reported,male
sm(d42:3)_feature1 [refmet: sm(d42:3)_lp_a],sm(d42:3)_lp_a,unclassified_no_refmet_match,0.24419953,log2fc,0.15728411,1.0,benjamini_hochberg,within_male_stratum_pass1b06_plasma_8w_timewise_da_as_released,provided,not_selected,MoTrPAC_pass1b06_rat,motrpac_pass1b06_plasma_8w,motrpac_pass1b06_plasma_8w_trained_vs_sedentary_male,not_reported,male
pi(38:4)>pi(18:0_20:4)_feature3 [refmet: pi(18:0_20:4)_ln_c],pi(18:0_20:4)_ln_c,unclassified_no_refmet_match,-0.24131118,log2fc,0.011563057,1.0,benjamini_hochberg,within_male_stratum_pass1b06_plasma_8w_timewise_da_as_released,provided,not_selected,MoTrPAC_pass1b06_rat,motrpac_pass1b06_plasma_8w,motrpac_pass1b06_plasma_8w_trained_vs_sedentary_male,not_reported,male
tg(54:6)>tg(18:2/18:2/18:2)_and_tg(18:1_18:2_18:3)_m+nh3_feature4 [refmet: tg(54:6)_lp_d],tg(54:6)_lp_d,unclassified_no_refmet_match,-0.24114487,log2fc,0.5089866,1.0,benjamini_hochberg,within_male_stratum_pass1b06_plasma_8w_timewise_da_as_released,provided,not_selected,MoTrPAC_pass1b06_rat,motrpac_pass1b06_plasma_8w,motrpac_pass1b06_plasma_8w_trained_vs_sedentary_male,not_reported,male
pc(36:5)>pc(16:1_20:4)_m+h2co2_feature2 [refmet: pc(16:1_20:4)_ln_b],pc(16:1_20:4)_ln_b,unclassified_no_refmet_match,0.23997098,log2fc,0.16372077,1.0,benjamini_hochberg,within_male_stratum_pass1b06_plasma_8w_timewise_da_as_released,provided,not_selected,MoTrPAC_pass1b06_rat,motrpac_pass1b06_plasma_8w,motrpac_pass1b06_plasma_8w_trained_vs_sedentary_male,not_reported,male
pc(38:7)_feature2 [refmet: pc(38:7)_lp_b],pc(38:7)_lp_b,unclassified_no_refmet_match,0.23982434,log2fc,0.17783281,1.0,benjamini_hochberg,within_male_stratum_pass1b06_plasma_8w_timewise_da_as_released,provided,not_selected,MoTrPAC_pass1b06_rat,motrpac_pass1b06_plasma_8w,motrpac_pass1b06_plasma_8w_trained_vs_sedentary_male,not_reported,male
oleamide_feature1 [refmet: oleamide_lp_a],oleamide_lp_a,unclassified_no_refmet_match,-0.23931636,log2fc,0.46059975,1.0,benjamini_hochberg,within_male_stratum_pass1b06_plasma_8w_timewise_da_as_released,provided,not_selected,MoTrPAC_pass1b06_rat,motrpac_pass1b06_plasma_8w,motrpac_pass1b06_plasma_8w_trained_vs_sedentary_male,not_reported,male
tg(58:8)_m+nh3_feature5 [refmet: tg(58:8)_lp_e],tg(58:8)_lp_e,unclassified_no_refmet_match,0.2384375,log2fc,0.40463412,1.0,benjamini_hochberg,within_male_stratum_pass1b06_plasma_8w_timewise_da_as_released,provided,not_selected,MoTrPAC_pass1b06_rat,motrpac_pass1b06_plasma_8w,motrpac_pass1b06_plasma_8w_trained_vs_sedentary_male,not_reported,male
car(5:1) [source metabolite label NA],car(5:1),unclassified_no_refmet_match,-0.23804244,log2fc,0.3813529,1.0,benjamini_hochberg,within_male_stratum_pass1b06_plasma_8w_timewise_da_as_released,provided,not_selected,MoTrPAC_pass1b06_rat,motrpac_pass1b06_plasma_8w,motrpac_pass1b06_plasma_8w_trained_vs_sedentary_male,not_reported,male
tg(53:1)>tg(16:0_18:1_19:0)_and_tg(17:0_18:0_18:1)_m+nh3_feature3 [refmet: tg(53:1)_lp_c],tg(53:1)_lp_c,unclassified_no_refmet_match,-0.23794563,log2fc,0.32336664,1.0,benjamini_hochberg,within_male_stratum_pass1b06_plasma_8w_timewise_da_as_released,provided,not_selected,MoTrPAC_pass1b06_rat,motrpac_pass1b06_plasma_8w,motrpac_pass1b06_plasma_8w_trained_vs_sedentary_male,not_reported,male
car(22:2)_feature1 [refmet: car(22:2)],car(22:2),unclassified_no_refmet_match,0.23794352,log2fc,0.3821938,1.0,benjamini_hochberg,within_male_stratum_pass1b06_plasma_8w_timewise_da_as_released,provided,not_selected,MoTrPAC_pass1b06_rat,motrpac_pass1b06_plasma_8w,motrpac_pass1b06_plasma_8w_trained_vs_sedentary_male,not_reported,male
pc(34:4)_feature5 [refmet: pc(34:4)_lp_e],pc(34:4)_lp_e,unclassified_no_refmet_match,-0.2376317,log2fc,0.35860428,1.0,benjamini_hochberg,within_male_stratum_pass1b06_plasma_8w_timewise_da_as_released,provided,not_selected,MoTrPAC_pass1b06_rat,motrpac_pass1b06_plasma_8w,motrpac_pass1b06_plasma_8w_trained_vs_sedentary_male,not_reported,male
pc(39:5)_feature1 [refmet: pc(39:5)_lp_a],pc(39:5)_lp_a,unclassified_no_refmet_match,0.23612949,log2fc,0.14225274,1.0,benjamini_hochberg,within_male_stratum_pass1b06_plasma_8w_timewise_da_as_released,provided,not_selected,MoTrPAC_pass1b06_rat,motrpac_pass1b06_plasma_8w,motrpac_pass1b06_plasma_8w_trained_vs_sedentary_male,not_reported,male
indole-3-methyl acetate,indole-3-methyl acetate,Alkaloids,0.235788,log2fc,0.17252134,1.0,benjamini_hochberg,within_male_stratum_pass1b06_plasma_8w_timewise_da_as_released,provided,not_selected,MoTrPAC_pass1b06_rat,motrpac_pass1b06_plasma_8w,motrpac_pass1b06_plasma_8w_trained_vs_sedentary_male,not_reported,male
c18:1 lpe [refmet: lpe(18:1)],lpe(18:1),unclassified_no_refmet_match,0.23534754,log2fc,0.042637154,1.0,benjamini_hochberg,within_male_stratum_pass1b06_plasma_8w_timewise_da_as_released,provided,not_selected,MoTrPAC_pass1b06_rat,motrpac_pass1b06_plasma_8w,motrpac_pass1b06_plasma_8w_trained_vs_sedentary_male,not_reported,male
car(10:0) [source metabolite label NA],car(10:0),unclassified_no_refmet_match,-0.23483914,log2fc,0.06639744,1.0,benjamini_hochberg,within_male_stratum_pass1b06_plasma_8w_timewise_da_as_released,provided,not_selected,MoTrPAC_pass1b06_rat,motrpac_pass1b06_plasma_8w,motrpac_pass1b06_plasma_8w_trained_vs_sedentary_male,not_reported,male
lpc(22:6)_feature2 [refmet: lpc(22:6)_ln_b],lpc(22:6)_ln_b,unclassified_no_refmet_match,-0.23468022,log2fc,0.062878504,1.0,benjamini_hochberg,within_male_stratum_pass1b06_plasma_8w_timewise_da_as_released,provided,not_selected,MoTrPAC_pass1b06_rat,motrpac_pass1b06_plasma_8w,motrpac_pass1b06_plasma_8w_trained_vs_sedentary_male,not_reported,male
sm(d38:2)_feature1 [refmet: sm(d38:2)_lp_a],sm(d38:2)_lp_a,unclassified_no_refmet_match,-0.23266034,log2fc,0.33177337,1.0,benjamini_hochberg,within_male_stratum_pass1b06_plasma_8w_timewise_da_as_released,provided,not_selected,MoTrPAC_pass1b06_rat,motrpac_pass1b06_plasma_8w,motrpac_pass1b06_plasma_8w_trained_vs_sedentary_male,not_reported,male
3-methoxytyrosine,3-methoxytyrosine,unclassified_no_refmet_match,0.23238765,log2fc,0.2669251,1.0,benjamini_hochberg,within_male_stratum_pass1b06_plasma_8w_timewise_da_as_released,provided,not_selected,MoTrPAC_pass1b06_rat,motrpac_pass1b06_plasma_8w,motrpac_pass1b06_plasma_8w_trained_vs_sedentary_male,not_reported,male
tg(52:4)>tg(16:1_18:1_18:2)_m+nh3_feature1 [refmet: tg(16:1_18:1_18:2)_lp_a],tg(16:1_18:1_18:2)_lp_a,unclassified_no_refmet_match,-0.23220098,log2fc,0.39872319,1.0,benjamini_hochberg,within_male_stratum_pass1b06_plasma_8w_timewise_da_as_released,provided,not_selected,MoTrPAC_pass1b06_rat,motrpac_pass1b06_plasma_8w,motrpac_pass1b06_plasma_8w_trained_vs_sedentary_male,not_reported,male
taurohyodeoxycholate [refmet: taurohyodeoxycholic acid],taurohyodeoxycholic acid,Sterol Lipids,-0.23125151,log2fc,0.73861974,1.0,benjamini_hochberg,within_male_stratum_pass1b06_plasma_8w_timewise_da_as_released,provided,not_selected,MoTrPAC_pass1b06_rat,motrpac_pass1b06_plasma_8w,motrpac_pass1b06_plasma_8w_trained_vs_sedentary_male,not_reported,male
tg(52:3)>tg(16:0_18:1_18:2)_m+nh3_feature3 [refmet: tg(52:3)_lp_c],tg(52:3)_lp_c,unclassified_no_refmet_match,-0.22982739,log2fc,0.22456162,1.0,benjamini_hochberg,within_male_stratum_pass1b06_plasma_8w_timewise_da_as_released,provided,not_selected,MoTrPAC_pass1b06_rat,motrpac_pass1b06_plasma_8w,motrpac_pass1b06_plasma_8w_trained_vs_sedentary_male,not_reported,male
pc(o-36:5)_feature5 [refmet: pc(o-36:5)_lp_e],pc(o-36:5)_lp_e,unclassified_no_refmet_match,-0.2297073,log2fc,0.15640427,1.0,benjamini_hochberg,within_male_stratum_pass1b06_plasma_8w_timewise_da_as_released,provided,not_selected,MoTrPAC_pass1b06_rat,motrpac_pass1b06_plasma_8w,motrpac_pass1b06_plasma_8w_trained_vs_sedentary_male,not_reported,male
tg(55:7)_m+nh3_feature1 [refmet: tg(55:7)_lp_a],tg(55:7)_lp_a,unclassified_no_refmet_match,-0.2296037,log2fc,0.37444085,1.0,benjamini_hochberg,within_male_stratum_pass1b06_plasma_8w_timewise_da_as_released,provided,not_selected,MoTrPAC_pass1b06_rat,motrpac_pass1b06_plasma_8w,motrpac_pass1b06_plasma_8w_trained_vs_sedentary_male,not_reported,male
pi(36:2)_feature2 [refmet: pi(36:2)_lp_b],pi(36:2)_lp_b,unclassified_no_refmet_match,0.22942807,log2fc,0.11487658,1.0,benjamini_hochberg,within_male_stratum_pass1b06_plasma_8w_timewise_da_as_released,provided,not_selected,MoTrPAC_pass1b06_rat,motrpac_pass1b06_plasma_8w,motrpac_pass1b06_plasma_8w_trained_vs_sedentary_male,not_reported,male
car(5:0-oh) [refmet: car(5:0(oh))],car(5:0(oh)),unclassified_no_refmet_match,-0.22855085,log2fc,0.15375799,1.0,benjamini_hochberg,within_male_stratum_pass1b06_plasma_8w_timewise_da_as_released,provided,not_selected,MoTrPAC_pass1b06_rat,motrpac_pass1b06_plasma_8w,motrpac_pass1b06_plasma_8w_trained_vs_sedentary_male,not_reported,male
cer(d36:1)_m+h2co2_feature1 [refmet: cer(d36:1)],cer(d36:1),unclassified_no_refmet_match,-0.22805132,log2fc,0.19164798,1.0,benjamini_hochberg,within_male_stratum_pass1b06_plasma_8w_timewise_da_as_released,provided,not_selected,MoTrPAC_pass1b06_rat,motrpac_pass1b06_plasma_8w,motrpac_pass1b06_plasma_8w_trained_vs_sedentary_male,not_reported,male
sm(d34:1-oh)_feature1 [refmet: sm(d34:1-oh)],sm(d34:1-oh),unclassified_no_refmet_match,0.22782855,log2fc,0.09609817,1.0,benjamini_hochberg,within_male_stratum_pass1b06_plasma_8w_timewise_da_as_released,provided,not_selected,MoTrPAC_pass1b06_rat,motrpac_pass1b06_plasma_8w,motrpac_pass1b06_plasma_8w_trained_vs_sedentary_male,not_reported,male
pe(o-40:7)>pe(o-18:1/22:6)_and_pe(o-22:7/18:0)_feature6 [refmet: pe(o-40:7)_ln_f],pe(o-40:7)_ln_f,unclassified_no_refmet_match,-0.22759712,log2fc,0.015230536,1.0,benjamini_hochberg,within_male_stratum_pass1b06_plasma_8w_timewise_da_as_released,provided,not_selected,MoTrPAC_pass1b06_rat,motrpac_pass1b06_plasma_8w,motrpac_pass1b06_plasma_8w_trained_vs_sedentary_male,not_reported,male
tg(54:5)>tg(18:1_18:2_18:2)_and_tg(16:0_16:0_22:5)_and_tg(16:0_18:1_20:4)_m+nh3_feature3 [refmet: tg(54:5)_lp_c],tg(54:5)_lp_c,unclassified_no_refmet_match,-0.22759177,log2fc,0.35032892,1.0,benjamini_hochberg,within_male_stratum_pass1b06_plasma_8w_timewise_da_as_released,provided,not_selected,MoTrPAC_pass1b06_rat,motrpac_pass1b06_plasma_8w,motrpac_pass1b06_plasma_8w_trained_vs_sedentary_male,not_reported,male
pe(36:1)_feature3 [refmet: pe(36:1)_lp_c],pe(36:1)_lp_c,unclassified_no_refmet_match,0.22591743,log2fc,0.3892547,1.0,benjamini_hochberg,within_male_stratum_pass1b06_plasma_8w_timewise_da_as_released,provided,not_selected,MoTrPAC_pass1b06_rat,motrpac_pass1b06_plasma_8w,motrpac_pass1b06_plasma_8w_trained_vs_sedentary_male,not_reported,male
c34:3 pe plasmalogen [refmet: pe(p-34:2)/pe(o-34:3)],pe(p-34:2)/pe(o-34:3),unclassified_no_refmet_match,0.22502455,log2fc,0.29580864,1.0,benjamini_hochberg,within_male_stratum_pass1b06_plasma_8w_timewise_da_as_released,provided,not_selected,MoTrPAC_pass1b06_rat,motrpac_pass1b06_plasma_8w,motrpac_pass1b06_plasma_8w_trained_vs_sedentary_male,not_reported,male
pc(36:2)_feature3 [refmet: pc(36:2)_lp_c],pc(36:2)_lp_c,unclassified_no_refmet_match,0.22484793,log2fc,0.04321132,1.0,benjamini_hochberg,within_male_stratum_pass1b06_plasma_8w_timewise_da_as_released,provided,not_selected,MoTrPAC_pass1b06_rat,motrpac_pass1b06_plasma_8w,motrpac_pass1b06_plasma_8w_trained_vs_sedentary_male,not_reported,male
tg(54:5)>tg(18:1_18:2_18:2)_m+nh3_feature3 [refmet: tg(18:1_18:2_18:2)_lp_c],tg(18:1_18:2_18:2)_lp_c,unclassified_no_refmet_match,-0.22452553,log2fc,0.51659966,1.0,benjamini_hochberg,within_male_stratum_pass1b06_plasma_8w_timewise_da_as_released,provided,not_selected,MoTrPAC_pass1b06_rat,motrpac_pass1b06_plasma_8w,motrpac_pass1b06_plasma_8w_trained_vs_sedentary_male,not_reported,male
cotinine n-oxide,cotinine n-oxide,Alkaloids,-0.22427893,log2fc,0.78917015,1.0,benjamini_hochberg,within_male_stratum_pass1b06_plasma_8w_timewise_da_as_released,provided,not_selected,MoTrPAC_pass1b06_rat,motrpac_pass1b06_plasma_8w,motrpac_pass1b06_plasma_8w_trained_vs_sedentary_male,not_reported,male
fa(20:1) [refmet: eicosenoic acid],eicosenoic acid,Fatty Acyls,-0.22415279,log2fc,0.32732642,1.0,benjamini_hochberg,within_male_stratum_pass1b06_plasma_8w_timewise_da_as_released,provided,not_selected,MoTrPAC_pass1b06_rat,motrpac_pass1b06_plasma_8w,motrpac_pass1b06_plasma_8w_trained_vs_sedentary_male,not_reported,male
car(17:1)_feature1 [refmet: car(17:1)],car(17:1),unclassified_no_refmet_match,-0.2234701,log2fc,0.36046523,1.0,benjamini_hochberg,within_male_stratum_pass1b06_plasma_8w_timewise_da_as_released,provided,not_selected,MoTrPAC_pass1b06_rat,motrpac_pass1b06_plasma_8w,motrpac_pass1b06_plasma_8w_trained_vs_sedentary_male,not_reported,male
pc(o-38:4)_feature4 [refmet: pc(o-38:4)_lp_d],pc(o-38:4)_lp_d,unclassified_no_refmet_match,-0.22324608,log2fc,0.15451787,1.0,benjamini_hochberg,within_male_stratum_pass1b06_plasma_8w_timewise_da_as_released,provided,not_selected,MoTrPAC_pass1b06_rat,motrpac_pass1b06_plasma_8w,motrpac_pass1b06_plasma_8w_trained_vs_sedentary_male,not_reported,male
pc(39:4)>pc(19:0_20:4)_m+h2co2_feature5 [refmet: pc(19:0_20:4)_ln_e],pc(19:0_20:4)_ln_e,unclassified_no_refmet_match,-0.22221097,log2fc,0.08479088,1.0,benjamini_hochberg,within_male_stratum_pass1b06_plasma_8w_timewise_da_as_released,provided,not_selected,MoTrPAC_pass1b06_rat,motrpac_pass1b06_plasma_8w,motrpac_pass1b06_plasma_8w_trained_vs_sedentary_male,not_reported,male
gluconate [refmet: gluconic acid],gluconic acid,Carbohydrates,0.22145358,log2fc,0.36897156,1.0,benjamini_hochberg,within_male_stratum_pass1b06_plasma_8w_timewise_da_as_released,provided,not_selected,MoTrPAC_pass1b06_rat,motrpac_pass1b06_plasma_8w,motrpac_pass1b06_plasma_8w_trained_vs_sedentary_male,not_reported,male
sphingosine [source metabolite label NA],sphingosine,Sphingolipids,0.2212967,log2fc,0.7463823,1.0,benjamini_hochberg,within_male_stratum_pass1b06_plasma_8w_timewise_da_as_released,provided,not_selected,MoTrPAC_pass1b06_rat,motrpac_pass1b06_plasma_8w,motrpac_pass1b06_plasma_8w_trained_vs_sedentary_male,not_reported,male
cytidine [source metabolite label NA],cytidine,Nucleic acids,-0.22017127,log2fc,0.117920555,1.0,benjamini_hochberg,within_male_stratum_pass1b06_plasma_8w_timewise_da_as_released,provided,not_selected,MoTrPAC_pass1b06_rat,motrpac_pass1b06_plasma_8w,motrpac_pass1b06_plasma_8w_trained_vs_sedentary_male,not_reported,male
eicosatetraenoic acid [source metabolite label NA],eicosatetraenoic acid,Fatty Acyls,-0.21949546,log2fc,0.26893187,1.0,benjamini_hochberg,within_male_stratum_pass1b06_plasma_8w_timewise_da_as_released,provided,not_selected,MoTrPAC_pass1b06_rat,motrpac_pass1b06_plasma_8w,motrpac_pass1b06_plasma_8w_trained_vs_sedentary_male,not_reported,male
malic acid [source metabolite label NA],malic acid,Organic acids,-0.21824098,log2fc,0.058654767,1.0,benjamini_hochberg,within_male_stratum_pass1b06_plasma_8w_timewise_da_as_released,provided,not_selected,MoTrPAC_pass1b06_rat,motrpac_pass1b06_plasma_8w,motrpac_pass1b06_plasma_8w_trained_vs_sedentary_male,not_reported,male
pc(40:4)>pc(18:0_22:4)_m+h2co2_feature2 [refmet: pc(18:0_22:4)_ln_b],pc(18:0_22:4)_ln_b,unclassified_no_refmet_match,-0.21659626,log2fc,0.044297125,1.0,benjamini_hochberg,within_male_stratum_pass1b06_plasma_8w_timewise_da_as_released,provided,not_selected,MoTrPAC_pass1b06_rat,motrpac_pass1b06_plasma_8w,motrpac_pass1b06_plasma_8w_trained_vs_sedentary_male,not_reported,male
c36:5 pc plasmalogen [refmet: pc(p-36:4)/pc(o-36:5)],pc(p-36:4)/pc(o-36:5),unclassified_no_refmet_match,-0.21659318,log2fc,0.034424156,1.0,benjamini_hochberg,within_male_stratum_pass1b06_plasma_8w_timewise_da_as_released,provided,not_selected,MoTrPAC_pass1b06_rat,motrpac_pass1b06_plasma_8w,motrpac_pass1b06_plasma_8w_trained_vs_sedentary_male,not_reported,male
tg(54:4)>tg(18:1_18:1_18:2)_and_tg(18:0_18:2_18:2)_m+nh3_feature3 [refmet: tg(54:4)_lp_c],tg(54:4)_lp_c,unclassified_no_refmet_match,-0.21598381,log2fc,0.33276078,1.0,benjamini_hochberg,within_male_stratum_pass1b06_plasma_8w_timewise_da_as_released,provided,not_selected,MoTrPAC_pass1b06_rat,motrpac_pass1b06_plasma_8w,motrpac_pass1b06_plasma_8w_trained_vs_sedentary_male,not_reported,male
alpha-amino-n-butyric-acid [refmet: 2-aminobutyric acid],2-aminobutyric acid,Organic acids,-0.21551977,log2fc,0.42082307,1.0,benjamini_hochberg,within_male_stratum_pass1b06_plasma_8w_timewise_da_as_released,provided,not_selected,MoTrPAC_pass1b06_rat,motrpac_pass1b06_plasma_8w,motrpac_pass1b06_plasma_8w_trained_vs_sedentary_male,not_reported,male
n1-methyl-2-pyridone-5-carboxamide,n1-methyl-2-pyridone-5-carboxamide,Alkaloids,-0.21429808,log2fc,0.08114396,1.0,benjamini_hochberg,within_male_stratum_pass1b06_plasma_8w_timewise_da_as_released,provided,not_selected,MoTrPAC_pass1b06_rat,motrpac_pass1b06_plasma_8w,motrpac_pass1b06_plasma_8w_trained_vs_sedentary_male,not_reported,male
pc(39:3)_feature2 [refmet: pc(39:3)_lp_b],pc(39:3)_lp_b,unclassified_no_refmet_match,-0.21387583,log2fc,0.38294825,1.0,benjamini_hochberg,within_male_stratum_pass1b06_plasma_8w_timewise_da_as_released,provided,not_selected,MoTrPAC_pass1b06_rat,motrpac_pass1b06_plasma_8w,motrpac_pass1b06_plasma_8w_trained_vs_sedentary_male,not_reported,male
pc(34:2)>pc(16:0_18:2)_m+h2co2_feature1 [refmet: pc(16:0_18:2)_ln_a],pc(16:0_18:2)_ln_a,unclassified_no_refmet_match,0.21355057,log2fc,0.1082709,1.0,benjamini_hochberg,within_male_stratum_pass1b06_plasma_8w_timewise_da_as_released,provided,not_selected,MoTrPAC_pass1b06_rat,motrpac_pass1b06_plasma_8w,motrpac_pass1b06_plasma_8w_trained_vs_sedentary_male,not_reported,male
lpc(16:0/0:0)_feature2 [refmet: lpc(16:0/0:0)_lp_b],lpc(16:0/0:0)_lp_b,unclassified_no_refmet_match,0.21354188,log2fc,0.100539334,1.0,benjamini_hochberg,within_male_stratum_pass1b06_plasma_8w_timewise_da_as_released,provided,not_selected,MoTrPAC_pass1b06_rat,motrpac_pass1b06_plasma_8w,motrpac_pass1b06_plasma_8w_trained_vs_sedentary_male,not_reported,male
sm(d40:1-oh)_feature2 [refmet: sm(d40:1-oh)_lp_b],sm(d40:1-oh)_lp_b,unclassified_no_refmet_match,-0.2130245,log2fc,0.4257099,1.0,benjamini_hochberg,within_male_stratum_pass1b06_plasma_8w_timewise_da_as_released,provided,not_selected,MoTrPAC_pass1b06_rat,motrpac_pass1b06_plasma_8w,motrpac_pass1b06_plasma_8w_trained_vs_sedentary_male,not_reported,male
tg(53:3)>tg(17:0_18:1_18:2)_and_tg(17:1_18:1_18:1)_and_tg(16:1_18:1_19:1)_and_tg(16:0_18:1_19:2)_m+nh3_feature5 [refmet: tg(53:3)_lp_e],tg(53:3)_lp_e,unclassified_no_refmet_match,-0.21262619,log2fc,0.5918321,1.0,benjamini_hochberg,within_male_stratum_pass1b06_plasma_8w_timewise_da_as_released,provided,not_selected,MoTrPAC_pass1b06_rat,motrpac_pass1b06_plasma_8w,motrpac_pass1b06_plasma_8w_trained_vs_sedentary_male,not_reported,male
guanidinoacetate [refmet: guanidoacetic acid],guanidoacetic acid,Organic acids,0.21227577,log2fc,0.14840871,1.0,benjamini_hochberg,within_male_stratum_pass1b06_plasma_8w_timewise_da_as_released,provided,not_selected,MoTrPAC_pass1b06_rat,motrpac_pass1b06_plasma_8w,motrpac_pass1b06_plasma_8w_trained_vs_sedentary_male,not_reported,male
taurochenodeoxycholate [refmet: taurochenodeoxycholic acid],taurochenodeoxycholic acid,Sterol Lipids,-0.21226436,log2fc,0.82757986,1.0,benjamini_hochberg,within_male_stratum_pass1b06_plasma_8w_timewise_da_as_released,provided,not_selected,MoTrPAC_pass1b06_rat,motrpac_pass1b06_plasma_8w,motrpac_pass1b06_plasma_8w_trained_vs_sedentary_male,not_reported,male
pc(o-36:3)_feature1 [refmet: pc(o-36:3)_lp_a],pc(o-36:3)_lp_a,unclassified_no_refmet_match,0.21196468,log2fc,0.43798566,1.0,benjamini_hochberg,within_male_stratum_pass1b06_plasma_8w_timewise_da_as_released,provided,not_selected,MoTrPAC_pass1b06_rat,motrpac_pass1b06_plasma_8w,motrpac_pass1b06_plasma_8w_trained_vs_sedentary_male,not_reported,male
tg(58:9)_m+nh3_feature3 [refmet: tg(58:9)_lp_c],tg(58:9)_lp_c,unclassified_no_refmet_match,-0.21131752,log2fc,0.12146894,1.0,benjamini_hochberg,within_male_stratum_pass1b06_plasma_8w_timewise_da_as_released,provided,not_selected,MoTrPAC_pass1b06_rat,motrpac_pass1b06_plasma_8w,motrpac_pass1b06_plasma_8w_trained_vs_sedentary_male,not_reported,male
cer(d42:2)>cer(d18:2/24:0)_feature4 [refmet: cer(d18:2/24:0)_lp_d],cer(d18:2/24:0)_lp_d,unclassified_no_refmet_match,0.21110918,log2fc,0.1875786,1.0,benjamini_hochberg,within_male_stratum_pass1b06_plasma_8w_timewise_da_as_released,provided,not_selected,MoTrPAC_pass1b06_rat,motrpac_pass1b06_plasma_8w,motrpac_pass1b06_plasma_8w_trained_vs_sedentary_male,not_reported,male
aminobutyrate [refmet: aminobutyric acid],aminobutyric acid,Fatty Acyls,0.21108492,log2fc,0.34915745,1.0,benjamini_hochberg,within_male_stratum_pass1b06_plasma_8w_timewise_da_as_released,provided,not_selected,MoTrPAC_pass1b06_rat,motrpac_pass1b06_plasma_8w,motrpac_pass1b06_plasma_8w_trained_vs_sedentary_male,not_reported,male
pc(o-38:5)_feature1 [refmet: pc(o-38:5)_lp_a],pc(o-38:5)_lp_a,unclassified_no_refmet_match,-0.21042275,log2fc,0.19300464,1.0,benjamini_hochberg,within_male_stratum_pass1b06_plasma_8w_timewise_da_as_released,provided,not_selected,MoTrPAC_pass1b06_rat,motrpac_pass1b06_plasma_8w,motrpac_pass1b06_plasma_8w_trained_vs_sedentary_male,not_reported,male
tg(52:2)>tg(16:0_18:1_18:1)_and_tg(16:0_18:0_18:2)_m+nh3_feature5 [refmet: tg(52:2)_lp_e],tg(52:2)_lp_e,unclassified_no_refmet_match,-0.2091393,log2fc,0.35261285,1.0,benjamini_hochberg,within_male_stratum_pass1b06_plasma_8w_timewise_da_as_released,provided,not_selected,MoTrPAC_pass1b06_rat,motrpac_pass1b06_plasma_8w,motrpac_pass1b06_plasma_8w_trained_vs_sedentary_male,not_reported,male
pc(36:0)_feature1 [refmet: pc(36:0)_lp_a],pc(36:0)_lp_a,unclassified_no_refmet_match,0.20878871,log2fc,0.6357384,1.0,benjamini_hochberg,within_male_stratum_pass1b06_plasma_8w_timewise_da_as_released,provided,not_selected,MoTrPAC_pass1b06_rat,motrpac_pass1b06_plasma_8w,motrpac_pass1b06_plasma_8w_trained_vs_sedentary_male,not_reported,male
pe(o-38:4)>pe(o-18:0/20:4)_and_pe(o-18:2/20:2)_feature4 [refmet: pe(o-38:4)_ln_d],pe(o-38:4)_ln_d,unclassified_no_refmet_match,-0.20817105,log2fc,0.581074,1.0,benjamini_hochberg,within_male_stratum_pass1b06_plasma_8w_timewise_da_as_released,provided,not_selected,MoTrPAC_pass1b06_rat,motrpac_pass1b06_plasma_8w,motrpac_pass1b06_plasma_8w_trained_vs_sedentary_male,not_reported,male
tg(55:1)>tg(18:0_18:1_19:0)_and_tg(16:0_18:1_21:0)_m+nh3_feature1 [refmet: tg(55:1)_lp_a],tg(55:1)_lp_a,unclassified_no_refmet_match,-0.20815109,log2fc,0.4892638,1.0,benjamini_hochberg,within_male_stratum_pass1b06_plasma_8w_timewise_da_as_released,provided,not_selected,MoTrPAC_pass1b06_rat,motrpac_pass1b06_plasma_8w,motrpac_pass1b06_plasma_8w_trained_vs_sedentary_male,not_reported,male
fa(8:0-oh) [refmet: hydroxyoctanoic acid],hydroxyoctanoic acid,Fatty Acyls,0.20739397,log2fc,0.29367667,1.0,benjamini_hochberg,within_male_stratum_pass1b06_plasma_8w_timewise_da_as_released,provided,not_selected,MoTrPAC_pass1b06_rat,motrpac_pass1b06_plasma_8w,motrpac_pass1b06_plasma_8w_trained_vs_sedentary_male,not_reported,male
fa(18:4) [refmet: octadecatetraenoic acid],octadecatetraenoic acid,Fatty Acyls,-0.20651339,log2fc,0.4216181,1.0,benjamini_hochberg,within_male_stratum_pass1b06_plasma_8w_timewise_da_as_released,provided,not_selected,MoTrPAC_pass1b06_rat,motrpac_pass1b06_plasma_8w,motrpac_pass1b06_plasma_8w_trained_vs_sedentary_male,not_reported,male
pc(42:10)>pc(20:4_22:6)_m+h2co2_feature1 [refmet: pc(20:4_22:6)],pc(20:4_22:6),unclassified_no_refmet_match,-0.20622963,log2fc,0.096553035,1.0,benjamini_hochberg,within_male_stratum_pass1b06_plasma_8w_timewise_da_as_released,provided,not_selected,MoTrPAC_pass1b06_rat,motrpac_pass1b06_plasma_8w,motrpac_pass1b06_plasma_8w_trained_vs_sedentary_male,not_reported,male
car(24:1)_feature1 [refmet: car(24:1)],car(24:1),unclassified_no_refmet_match,0.20609368,log2fc,0.36660308,1.0,benjamini_hochberg,within_male_stratum_pass1b06_plasma_8w_timewise_da_as_released,provided,not_selected,MoTrPAC_pass1b06_rat,motrpac_pass1b06_plasma_8w,motrpac_pass1b06_plasma_8w_trained_vs_sedentary_male,not_reported,male
2-hydroxyglutarate [refmet: 2-hydroxyglutaric acid],2-hydroxyglutaric acid,Fatty Acyls,-0.2060299,log2fc,0.49062097,1.0,benjamini_hochberg,within_male_stratum_pass1b06_plasma_8w_timewise_da_as_released,provided,not_selected,MoTrPAC_pass1b06_rat,motrpac_pass1b06_plasma_8w,motrpac_pass1b06_plasma_8w_trained_vs_sedentary_male,not_reported,male
tg(51:2)_m+nh3_feature2 [refmet: tg(51:2)_m+nh3_lp_b],tg(51:2)_m+nh3_lp_b,unclassified_no_refmet_match,-0.20583087,log2fc,0.6312517,1.0,benjamini_hochberg,within_male_stratum_pass1b06_plasma_8w_timewise_da_as_released,provided,not_selected,MoTrPAC_pass1b06_rat,motrpac_pass1b06_plasma_8w,motrpac_pass1b06_plasma_8w_trained_vs_sedentary_male,not_reported,male
tg(52:1)>tg(16:0_18:0_18:1)_and_tg(16:0_16:0_20:1)_m+nh3_feature3 [refmet: tg(52:1)_lp_c],tg(52:1)_lp_c,unclassified_no_refmet_match,-0.20576784,log2fc,0.4618741,1.0,benjamini_hochberg,within_male_stratum_pass1b06_plasma_8w_timewise_da_as_released,provided,not_selected,MoTrPAC_pass1b06_rat,motrpac_pass1b06_plasma_8w,motrpac_pass1b06_plasma_8w_trained_vs_sedentary_male,not_reported,male
pc(37:4)_feature3 [refmet: pc(37:4)_lp_c],pc(37:4)_lp_c,unclassified_no_refmet_match,-0.20551656,log2fc,0.12900743,1.0,benjamini_hochberg,within_male_stratum_pass1b06_plasma_8w_timewise_da_as_released,provided,not_selected,MoTrPAC_pass1b06_rat,motrpac_pass1b06_plasma_8w,motrpac_pass1b06_plasma_8w_trained_vs_sedentary_male,not_reported,male
c26 carnitine [refmet: car(26:0)],car(26:0),unclassified_no_refmet_match,-0.20548782,log2fc,0.1970746,1.0,benjamini_hochberg,within_male_stratum_pass1b06_plasma_8w_timewise_da_as_released,provided,not_selected,MoTrPAC_pass1b06_rat,motrpac_pass1b06_plasma_8w,motrpac_pass1b06_plasma_8w_trained_vs_sedentary_male,not_reported,male
lpc(0:0/22:5)_feature1 [refmet: lpc(0:0/22:5)_lp_a],lpc(0:0/22:5)_lp_a,unclassified_no_refmet_match,0.20548083,log2fc,0.08270811,1.0,benjamini_hochberg,within_male_stratum_pass1b06_plasma_8w_timewise_da_as_released,provided,not_selected,MoTrPAC_pass1b06_rat,motrpac_pass1b06_plasma_8w,motrpac_pass1b06_plasma_8w_trained_vs_sedentary_male,not_reported,male
car(12:0)_feature1 [refmet: car(12:0)_lp_a],car(12:0)_lp_a,unclassified_no_refmet_match,-0.20409681,log2fc,0.37107864,1.0,benjamini_hochberg,within_male_stratum_pass1b06_plasma_8w_timewise_da_as_released,provided,not_selected,MoTrPAC_pass1b06_rat,motrpac_pass1b06_plasma_8w,motrpac_pass1b06_plasma_8w_trained_vs_sedentary_male,not_reported,male
pc(40:1)_feature1 [refmet: pc(40:1)],pc(40:1),unclassified_no_refmet_match,0.20362473,log2fc,0.2405331,1.0,benjamini_hochberg,within_male_stratum_pass1b06_plasma_8w_timewise_da_as_released,provided,not_selected,MoTrPAC_pass1b06_rat,motrpac_pass1b06_plasma_8w,motrpac_pass1b06_plasma_8w_trained_vs_sedentary_male,not_reported,male
c24:0 lpc [refmet: lpc(24:0)],lpc(24:0),unclassified_no_refmet_match,0.20271951,log2fc,0.33872572,1.0,benjamini_hochberg,within_male_stratum_pass1b06_plasma_8w_timewise_da_as_released,provided,not_selected,MoTrPAC_pass1b06_rat,motrpac_pass1b06_plasma_8w,motrpac_pass1b06_plasma_8w_trained_vs_sedentary_male,not_reported,male
deoxyuridine [source metabolite label NA],deoxyuridine,Nucleic acids,-0.20253941,log2fc,0.30089337,1.0,benjamini_hochberg,within_male_stratum_pass1b06_plasma_8w_timewise_da_as_released,provided,not_selected,MoTrPAC_pass1b06_rat,motrpac_pass1b06_plasma_8w,motrpac_pass1b06_plasma_8w_trained_vs_sedentary_male,not_reported,male
sm(d42:2)_feature1 [refmet: sm(d42:2)_lp_a],sm(d42:2)_lp_a,unclassified_no_refmet_match,0.20249133,log2fc,0.44253525,1.0,benjamini_hochberg,within_male_stratum_pass1b06_plasma_8w_timewise_da_as_released,provided,not_selected,MoTrPAC_pass1b06_rat,motrpac_pass1b06_plasma_8w,motrpac_pass1b06_plasma_8w_trained_vs_sedentary_male,not_reported,male
pe(o-36:5)>pe(o-16:1/20:4)_feature3 [refmet: pe(o-16:1/20:4)_lp_c],pe(o-16:1/20:4)_lp_c,unclassified_no_refmet_match,-0.20188864,log2fc,0.7156279,1.0,benjamini_hochberg,within_male_stratum_pass1b06_plasma_8w_timewise_da_as_released,provided,not_selected,MoTrPAC_pass1b06_rat,motrpac_pass1b06_plasma_8w,motrpac_pass1b06_plasma_8w_trained_vs_sedentary_male,not_reported,male
tg(57:2)_m+nh3_feature1 [refmet: tg(57:2)],tg(57:2),unclassified_no_refmet_match,-0.20127857,log2fc,0.4917876,1.0,benjamini_hochberg,within_male_stratum_pass1b06_plasma_8w_timewise_da_as_released,provided,not_selected,MoTrPAC_pass1b06_rat,motrpac_pass1b06_plasma_8w,motrpac_pass1b06_plasma_8w_trained_vs_sedentary_male,not_reported,male
"8,9-epetre","8,9-epetre",Fatty Acyls,0.20039779,log2fc,0.5907251,1.0,benjamini_hochberg,within_male_stratum_pass1b06_plasma_8w_timewise_da_as_released,provided,not_selected,MoTrPAC_pass1b06_rat,motrpac_pass1b06_plasma_8w,motrpac_pass1b06_plasma_8w_trained_vs_sedentary_male,not_reported,male
tg(53:3)>tg(17:0_18:1_18:2)_and_tg(17:1_18:1_18:1)_and_tg(16:1_18:1_19:1)_and_tg(16:0_18:1_19:2)_m+nh3_feature1 [refmet: tg(53:3)_lp_a],tg(53:3)_lp_a,unclassified_no_refmet_match,-0.20035471,log2fc,0.42395085,1.0,benjamini_hochberg,within_male_stratum_pass1b06_plasma_8w_timewise_da_as_released,provided,not_selected,MoTrPAC_pass1b06_rat,motrpac_pass1b06_plasma_8w,motrpac_pass1b06_plasma_8w_trained_vs_sedentary_male,not_reported,male
dg(38:4)>dg(16:0_22:4_0:0)_m+nh3_feature4 [refmet: dg(38:4)_lp_d],dg(38:4)_lp_d,unclassified_no_refmet_match,-0.19977808,log2fc,0.26571143,1.0,benjamini_hochberg,within_male_stratum_pass1b06_plasma_8w_timewise_da_as_released,provided,not_selected,MoTrPAC_pass1b06_rat,motrpac_pass1b06_plasma_8w,motrpac_pass1b06_plasma_8w_trained_vs_sedentary_male,not_reported,male
pc(33:0)_feature1 [refmet: pc(33:0)_lp_a],pc(33:0)_lp_a,unclassified_no_refmet_match,0.19889688,log2fc,0.18373796,1.0,benjamini_hochberg,within_male_stratum_pass1b06_plasma_8w_timewise_da_as_released,provided,not_selected,MoTrPAC_pass1b06_rat,motrpac_pass1b06_plasma_8w,motrpac_pass1b06_plasma_8w_trained_vs_sedentary_male,not_reported,male
pe(36:4)>(16:0_20:4)_feature3 [refmet: pe(16:0_20:4)_ln_c],pe(16:0_20:4)_ln_c,unclassified_no_refmet_match,-0.1987919,log2fc,0.1653528,1.0,benjamini_hochberg,within_male_stratum_pass1b06_plasma_8w_timewise_da_as_released,provided,not_selected,MoTrPAC_pass1b06_rat,motrpac_pass1b06_plasma_8w,motrpac_pass1b06_plasma_8w_trained_vs_sedentary_male,not_reported,male
car(6:0) [source metabolite label NA],car(6:0),unclassified_no_refmet_match,-0.19816379,log2fc,0.26058084,1.0,benjamini_hochberg,within_male_stratum_pass1b06_plasma_8w_timewise_da_as_released,provided,not_selected,MoTrPAC_pass1b06_rat,motrpac_pass1b06_plasma_8w,motrpac_pass1b06_plasma_8w_trained_vs_sedentary_male,not_reported,male
pe(o-40:4)>pe(o-18:0/22:4)_feature1 [refmet: pe(o-18:0/22:4)_ln_a],pe(o-18:0/22:4)_ln_a,unclassified_no_refmet_match,-0.19806252,log2fc,0.6050481,1.0,benjamini_hochberg,within_male_stratum_pass1b06_plasma_8w_timewise_da_as_released,provided,not_selected,MoTrPAC_pass1b06_rat,motrpac_pass1b06_plasma_8w,motrpac_pass1b06_plasma_8w_trained_vs_sedentary_male,not_reported,male
pc(36:2)_m+na_feature4 [refmet: pc(36:2)_lp_d],pc(36:2)_lp_d,unclassified_no_refmet_match,0.1976522,log2fc,0.2207547,1.0,benjamini_hochberg,within_male_stratum_pass1b06_plasma_8w_timewise_da_as_released,provided,not_selected,MoTrPAC_pass1b06_rat,motrpac_pass1b06_plasma_8w,motrpac_pass1b06_plasma_8w_trained_vs_sedentary_male,not_reported,male
cholesterol sulfate_feature1 [refmet: cholesterol sulfate],cholesterol sulfate,Sterol Lipids,-0.19747192,log2fc,0.18789087,1.0,benjamini_hochberg,within_male_stratum_pass1b06_plasma_8w_timewise_da_as_released,provided,not_selected,MoTrPAC_pass1b06_rat,motrpac_pass1b06_plasma_8w,motrpac_pass1b06_plasma_8w_trained_vs_sedentary_male,not_reported,male
sm(d44:2)_m+h2co2_feature1 [refmet: sm(d44:2)_ln_a],sm(d44:2)_ln_a,unclassified_no_refmet_match,-0.19719,log2fc,0.11381911,1.0,benjamini_hochberg,within_male_stratum_pass1b06_plasma_8w_timewise_da_as_released,provided,not_selected,MoTrPAC_pass1b06_rat,motrpac_pass1b06_plasma_8w,motrpac_pass1b06_plasma_8w_trained_vs_sedentary_male,not_reported,male
sm(d38:1)_feature2 [refmet: sm(d38:1)_lp_b],sm(d38:1)_lp_b,unclassified_no_refmet_match,0.19643229,log2fc,0.29906213,1.0,benjamini_hochberg,within_male_stratum_pass1b06_plasma_8w_timewise_da_as_released,provided,not_selected,MoTrPAC_pass1b06_rat,motrpac_pass1b06_plasma_8w,motrpac_pass1b06_plasma_8w_trained_vs_sedentary_male,not_reported,male
c40:7 pe plasmalogen [refmet: pe(p-40:6)/pe(o-40:7)],pe(p-40:6)/pe(o-40:7),unclassified_no_refmet_match,-0.1961506,log2fc,0.13538834,1.0,benjamini_hochberg,within_male_stratum_pass1b06_plasma_8w_timewise_da_as_released,provided,not_selected,MoTrPAC_pass1b06_rat,motrpac_pass1b06_plasma_8w,motrpac_pass1b06_plasma_8w_trained_vs_sedentary_male,not_reported,male
car(18:0) [source metabolite label NA],car(18:0),unclassified_no_refmet_match,-0.19593075,log2fc,0.15400809,1.0,benjamini_hochberg,within_male_stratum_pass1b06_plasma_8w_timewise_da_as_released,provided,not_selected,MoTrPAC_pass1b06_rat,motrpac_pass1b06_plasma_8w,motrpac_pass1b06_plasma_8w_trained_vs_sedentary_male,not_reported,male
pc(32:1)_feature3 [refmet: pc(32:1)_lp_c],pc(32:1)_lp_c,unclassified_no_refmet_match,-0.1954037,log2fc,0.19559969,1.0,benjamini_hochberg,within_male_stratum_pass1b06_plasma_8w_timewise_da_as_released,provided,not_selected,MoTrPAC_pass1b06_rat,motrpac_pass1b06_plasma_8w,motrpac_pass1b06_plasma_8w_trained_vs_sedentary_male,not_reported,male
c38:4 pe [refmet: pe(38:4)],pe(38:4),unclassified_no_refmet_match,-0.19493067,log2fc,0.23147146,1.0,benjamini_hochberg,within_male_stratum_pass1b06_plasma_8w_timewise_da_as_released,provided,not_selected,MoTrPAC_pass1b06_rat,motrpac_pass1b06_plasma_8w,motrpac_pass1b06_plasma_8w_trained_vs_sedentary_male,not_reported,male
pc(37:1)_feature2 [refmet: pc(37:1)_lp_b],pc(37:1)_lp_b,unclassified_no_refmet_match,0.19422553,log2fc,0.21933459,1.0,benjamini_hochberg,within_male_stratum_pass1b06_plasma_8w_timewise_da_as_released,provided,not_selected,MoTrPAC_pass1b06_rat,motrpac_pass1b06_plasma_8w,motrpac_pass1b06_plasma_8w_trained_vs_sedentary_male,not_reported,male
car(5:0) [source metabolite label NA],car(5:0),unclassified_no_refmet_match,0.19371495,log2fc,0.14306492,1.0,benjamini_hochberg,within_male_stratum_pass1b06_plasma_8w_timewise_da_as_released,provided,not_selected,MoTrPAC_pass1b06_rat,motrpac_pass1b06_plasma_8w,motrpac_pass1b06_plasma_8w_trained_vs_sedentary_male,not_reported,male
car(18:2)_feature1 [refmet: car(18:2)_lp_a],car(18:2)_lp_a,unclassified_no_refmet_match,0.19285503,log2fc,0.4560775,1.0,benjamini_hochberg,within_male_stratum_pass1b06_plasma_8w_timewise_da_as_released,provided,not_selected,MoTrPAC_pass1b06_rat,motrpac_pass1b06_plasma_8w,motrpac_pass1b06_plasma_8w_trained_vs_sedentary_male,not_reported,male
c18:3 lpe [refmet: lpe(18:3)],lpe(18:3),unclassified_no_refmet_match,0.19246906,log2fc,0.04740598,1.0,benjamini_hochberg,within_male_stratum_pass1b06_plasma_8w_timewise_da_as_released,provided,not_selected,MoTrPAC_pass1b06_rat,motrpac_pass1b06_plasma_8w,motrpac_pass1b06_plasma_8w_trained_vs_sedentary_male,not_reported,male
pc(36:3)>pc(18:1_18:2)_m+h2co2_feature2 [refmet: pc(18:1_18:2)_ln_b],pc(18:1_18:2)_ln_b,unclassified_no_refmet_match,-0.19239824,log2fc,0.22743425,1.0,benjamini_hochberg,within_male_stratum_pass1b06_plasma_8w_timewise_da_as_released,provided,not_selected,MoTrPAC_pass1b06_rat,motrpac_pass1b06_plasma_8w,motrpac_pass1b06_plasma_8w_trained_vs_sedentary_male,not_reported,male
pe(o-36:5)>pe(o-16:1/20:4)_feature3 [refmet: pe(o-16:1/20:4)_ln_c],pe(o-16:1/20:4)_ln_c,unclassified_no_refmet_match,-0.19228275,log2fc,0.6557764,1.0,benjamini_hochberg,within_male_stratum_pass1b06_plasma_8w_timewise_da_as_released,provided,not_selected,MoTrPAC_pass1b06_rat,motrpac_pass1b06_plasma_8w,motrpac_pass1b06_plasma_8w_trained_vs_sedentary_male,not_reported,male
tg(52:4)>tg(16:1_18:1_18:2)_m+nh3_feature5 [refmet: tg(16:1_18:1_18:2)_lp_e],tg(16:1_18:1_18:2)_lp_e,unclassified_no_refmet_match,-0.1920218,log2fc,0.2979552,1.0,benjamini_hochberg,within_male_stratum_pass1b06_plasma_8w_timewise_da_as_released,provided,not_selected,MoTrPAC_pass1b06_rat,motrpac_pass1b06_plasma_8w,motrpac_pass1b06_plasma_8w_trained_vs_sedentary_male,not_reported,male
tauroursodeoxycholate [refmet: tauroursodeoxycholic acid],tauroursodeoxycholic acid,Sterol Lipids,-0.19174935,log2fc,0.7838032,1.0,benjamini_hochberg,within_male_stratum_pass1b06_plasma_8w_timewise_da_as_released,provided,not_selected,MoTrPAC_pass1b06_rat,motrpac_pass1b06_plasma_8w,motrpac_pass1b06_plasma_8w_trained_vs_sedentary_male,not_reported,male
pc(o-34:1)_feature2 [refmet: pc(o-34:1)_ln_b],pc(o-34:1)_ln_b,unclassified_no_refmet_match,-0.19169953,log2fc,0.21926741,1.0,benjamini_hochberg,within_male_stratum_pass1b06_plasma_8w_timewise_da_as_released,provided,not_selected,MoTrPAC_pass1b06_rat,motrpac_pass1b06_plasma_8w,motrpac_pass1b06_plasma_8w_trained_vs_sedentary_male,not_reported,male
tg(46:0)>tg(14:0_16:0_16:0)_and_tg(12:0_16:0_18:0)_m+nh3_feature1 [refmet: tg(46:0)],tg(46:0),unclassified_no_refmet_match,-0.19134352,log2fc,0.6374672,1.0,benjamini_hochberg,within_male_stratum_pass1b06_plasma_8w_timewise_da_as_released,provided,not_selected,MoTrPAC_pass1b06_rat,motrpac_pass1b06_plasma_8w,motrpac_pass1b06_plasma_8w_trained_vs_sedentary_male,not_reported,male
pc(33:0)_feature3 [refmet: pc(33:0)_lp_c],pc(33:0)_lp_c,unclassified_no_refmet_match,0.1910258,log2fc,0.49334183,1.0,benjamini_hochberg,within_male_stratum_pass1b06_plasma_8w_timewise_da_as_released,provided,not_selected,MoTrPAC_pass1b06_rat,motrpac_pass1b06_plasma_8w,motrpac_pass1b06_plasma_8w_trained_vs_sedentary_male,not_reported,male
glutamine,glutamine,Organic acids,-0.1909931,log2fc,0.005444258,1.0,benjamini_hochberg,within_male_stratum_pass1b06_plasma_8w_timewise_da_as_released,provided,not_selected,MoTrPAC_pass1b06_rat,motrpac_pass1b06_plasma_8w,motrpac_pass1b06_plasma_8w_trained_vs_sedentary_male,not_reported,male
c34:0 pe [refmet: pe(34:0)],pe(34:0),unclassified_no_refmet_match,0.19072181,log2fc,0.37126744,1.0,benjamini_hochberg,within_male_stratum_pass1b06_plasma_8w_timewise_da_as_released,provided,not_selected,MoTrPAC_pass1b06_rat,motrpac_pass1b06_plasma_8w,motrpac_pass1b06_plasma_8w_trained_vs_sedentary_male,not_reported,male
n-acetyltryptophan [refmet: n-acetyl-d-tryptophan],n-acetyl-d-tryptophan,Organic acids,-0.19050455,log2fc,0.2240633,1.0,benjamini_hochberg,within_male_stratum_pass1b06_plasma_8w_timewise_da_as_released,provided,not_selected,MoTrPAC_pass1b06_rat,motrpac_pass1b06_plasma_8w,motrpac_pass1b06_plasma_8w_trained_vs_sedentary_male,not_reported,male
cer(d42:1)>cer(d18:0/24:1)_feature1 [refmet: cer(d18:0/24:1)_lp_a],cer(d18:0/24:1)_lp_a,unclassified_no_refmet_match,0.19026616,log2fc,0.5894853,1.0,benjamini_hochberg,within_male_stratum_pass1b06_plasma_8w_timewise_da_as_released,provided,not_selected,MoTrPAC_pass1b06_rat,motrpac_pass1b06_plasma_8w,motrpac_pass1b06_plasma_8w_trained_vs_sedentary_male,not_reported,male
c20:4 lpc b [refmet: lpc(20:4)_hp_b],lpc(20:4)_hp_b,unclassified_no_refmet_match,-0.19004042,log2fc,0.16268027,1.0,benjamini_hochberg,within_male_stratum_pass1b06_plasma_8w_timewise_da_as_released,provided,not_selected,MoTrPAC_pass1b06_rat,motrpac_pass1b06_plasma_8w,motrpac_pass1b06_plasma_8w_trained_vs_sedentary_male,not_reported,male
3-hydroxyphenyl-valerate [refmet: 3-hydroxyphenyl valeric acid],3-hydroxyphenyl valeric acid,Fatty Acyls,-0.18852589,log2fc,0.39884853,1.0,benjamini_hochberg,within_male_stratum_pass1b06_plasma_8w_timewise_da_as_released,provided,not_selected,MoTrPAC_pass1b06_rat,motrpac_pass1b06_plasma_8w,motrpac_pass1b06_plasma_8w_trained_vs_sedentary_male,not_reported,male
sm(d41:2)_feature1 [refmet: sm(d41:2)_lp_a],sm(d41:2)_lp_a,unclassified_no_refmet_match,0.18778838,log2fc,0.19280212,1.0,benjamini_hochberg,within_male_stratum_pass1b06_plasma_8w_timewise_da_as_released,provided,not_selected,MoTrPAC_pass1b06_rat,motrpac_pass1b06_plasma_8w,motrpac_pass1b06_plasma_8w_trained_vs_sedentary_male,not_reported,male
proline-betaine [refmet: proline betaine],proline betaine,Organic acids,-0.18770899,log2fc,0.12341732,1.0,benjamini_hochberg,within_male_stratum_pass1b06_plasma_8w_timewise_da_as_released,provided,not_selected,MoTrPAC_pass1b06_rat,motrpac_pass1b06_plasma_8w,motrpac_pass1b06_plasma_8w_trained_vs_sedentary_male,not_reported,male
sm(d38:1),sm(d38:1),unclassified_no_refmet_match,0.1876382,log2fc,0.37857756,1.0,benjamini_hochberg,within_male_stratum_pass1b06_plasma_8w_timewise_da_as_released,provided,not_selected,MoTrPAC_pass1b06_rat,motrpac_pass1b06_plasma_8w,motrpac_pass1b06_plasma_8w_trained_vs_sedentary_male,not_reported,male
cer(d44:2)>cer(d18:1/26:1)_feature1 [refmet: cer(d18:1/26:1)_lp_a],cer(d18:1/26:1)_lp_a,unclassified_no_refmet_match,0.18745244,log2fc,0.22966497,1.0,benjamini_hochberg,within_male_stratum_pass1b06_plasma_8w_timewise_da_as_released,provided,not_selected,MoTrPAC_pass1b06_rat,motrpac_pass1b06_plasma_8w,motrpac_pass1b06_plasma_8w_trained_vs_sedentary_male,not_reported,male
sm(d41:2)_m+h2co2_feature1 [refmet: sm(d41:2)_ln_a],sm(d41:2)_ln_a,unclassified_no_refmet_match,0.18537515,log2fc,0.112216525,1.0,benjamini_hochberg,within_male_stratum_pass1b06_plasma_8w_timewise_da_as_released,provided,not_selected,MoTrPAC_pass1b06_rat,motrpac_pass1b06_plasma_8w,motrpac_pass1b06_plasma_8w_trained_vs_sedentary_male,not_reported,male
pe(34:1)_feature1 [refmet: pe(34:1)_lp_a],pe(34:1)_lp_a,unclassified_no_refmet_match,0.18484634,log2fc,0.5862326,1.0,benjamini_hochberg,within_male_stratum_pass1b06_plasma_8w_timewise_da_as_released,provided,not_selected,MoTrPAC_pass1b06_rat,motrpac_pass1b06_plasma_8w,motrpac_pass1b06_plasma_8w_trained_vs_sedentary_male,not_reported,male
pe(38:5)_feature3 [refmet: pe(38:5)_lp_c],pe(38:5)_lp_c,unclassified_no_refmet_match,-0.18481265,log2fc,0.35986078,1.0,benjamini_hochberg,within_male_stratum_pass1b06_plasma_8w_timewise_da_as_released,provided,not_selected,MoTrPAC_pass1b06_rat,motrpac_pass1b06_plasma_8w,motrpac_pass1b06_plasma_8w_trained_vs_sedentary_male,not_reported,male
n-gammaglutamylmethionine [refmet: gamma-glutamylmethionine],gamma-glutamylmethionine,Organic acids,-0.18413891,log2fc,0.2742272,1.0,benjamini_hochberg,within_male_stratum_pass1b06_plasma_8w_timewise_da_as_released,provided,not_selected,MoTrPAC_pass1b06_rat,motrpac_pass1b06_plasma_8w,motrpac_pass1b06_plasma_8w_trained_vs_sedentary_male,not_reported,male
pc(o-38:4)_feature6 [refmet: pc(o-38:4)_lp_f],pc(o-38:4)_lp_f,unclassified_no_refmet_match,-0.1835856,log2fc,0.40341988,1.0,benjamini_hochberg,within_male_stratum_pass1b06_plasma_8w_timewise_da_as_released,provided,not_selected,MoTrPAC_pass1b06_rat,motrpac_pass1b06_plasma_8w,motrpac_pass1b06_plasma_8w_trained_vs_sedentary_male,not_reported,male
lpe(16:0)_feature1and2 [refmet: lpe(16:0)_ln_ab],lpe(16:0)_ln_ab,unclassified_no_refmet_match,0.18222001,log2fc,0.15634403,1.0,benjamini_hochberg,within_male_stratum_pass1b06_plasma_8w_timewise_da_as_released,provided,not_selected,MoTrPAC_pass1b06_rat,motrpac_pass1b06_plasma_8w,motrpac_pass1b06_plasma_8w_trained_vs_sedentary_male,not_reported,male
phosphoethanolamine,phosphoethanolamine,Organic acids,-0.18215385,log2fc,0.55560666,1.0,benjamini_hochberg,within_male_stratum_pass1b06_plasma_8w_timewise_da_as_released,provided,not_selected,MoTrPAC_pass1b06_rat,motrpac_pass1b06_plasma_8w,motrpac_pass1b06_plasma_8w_trained_vs_sedentary_male,not_reported,male
lpc(24:0/0:0)_feature2 [refmet: lpc(24:0/0:0)_lp_b],lpc(24:0/0:0)_lp_b,unclassified_no_refmet_match,0.18156429,log2fc,0.12450437,1.0,benjamini_hochberg,within_male_stratum_pass1b06_plasma_8w_timewise_da_as_released,provided,not_selected,MoTrPAC_pass1b06_rat,motrpac_pass1b06_plasma_8w,motrpac_pass1b06_plasma_8w_trained_vs_sedentary_male,not_reported,male
fa(22:0) [refmet: behenic acid],behenic acid,Fatty Acyls,-0.18142185,log2fc,0.30745465,1.0,benjamini_hochberg,within_male_stratum_pass1b06_plasma_8w_timewise_da_as_released,provided,not_selected,MoTrPAC_pass1b06_rat,motrpac_pass1b06_plasma_8w,motrpac_pass1b06_plasma_8w_trained_vs_sedentary_male,not_reported,male
pc(o-38:4)_feature7 [refmet: pc(o-38:4)_lp_g],pc(o-38:4)_lp_g,unclassified_no_refmet_match,0.18115239,log2fc,0.4654215,1.0,benjamini_hochberg,within_male_stratum_pass1b06_plasma_8w_timewise_da_as_released,provided,not_selected,MoTrPAC_pass1b06_rat,motrpac_pass1b06_plasma_8w,motrpac_pass1b06_plasma_8w_trained_vs_sedentary_male,not_reported,male
ps(o-40:7)>ps(o-20:3/20:4)_feature2 [refmet: ps(o-20:3/20:4)_ln_b],ps(o-20:3/20:4)_ln_b,unclassified_no_refmet_match,-0.18102884,log2fc,0.6488662,1.0,benjamini_hochberg,within_male_stratum_pass1b06_plasma_8w_timewise_da_as_released,provided,not_selected,MoTrPAC_pass1b06_rat,motrpac_pass1b06_plasma_8w,motrpac_pass1b06_plasma_8w_trained_vs_sedentary_male,not_reported,male
pe(38:4)>pe(18:0_20:4)_feature5 [refmet: pe(18:0_20:4)_ln_e],pe(18:0_20:4)_ln_e,unclassified_no_refmet_match,-0.18077634,log2fc,0.256647,1.0,benjamini_hochberg,within_male_stratum_pass1b06_plasma_8w_timewise_da_as_released,provided,not_selected,MoTrPAC_pass1b06_rat,motrpac_pass1b06_plasma_8w,motrpac_pass1b06_plasma_8w_trained_vs_sedentary_male,not_reported,male
hexcer(d40:1)>hexcer(d18:1/22:0)_feature2 [refmet: hexcer(d40:1)_lp_b],hexcer(d40:1)_lp_b,unclassified_no_refmet_match,0.18052566,log2fc,0.2346087,1.0,benjamini_hochberg,within_male_stratum_pass1b06_plasma_8w_timewise_da_as_released,provided,not_selected,MoTrPAC_pass1b06_rat,motrpac_pass1b06_plasma_8w,motrpac_pass1b06_plasma_8w_trained_vs_sedentary_male,not_reported,male
pc(37:4)>pc(17:0_20:4)_m+h2co2_feature2 [refmet: pc(17:0_20:4)_ln_b],pc(17:0_20:4)_ln_b,unclassified_no_refmet_match,-0.17923132,log2fc,0.14248069,1.0,benjamini_hochberg,within_male_stratum_pass1b06_plasma_8w_timewise_da_as_released,provided,not_selected,MoTrPAC_pass1b06_rat,motrpac_pass1b06_plasma_8w,motrpac_pass1b06_plasma_8w_trained_vs_sedentary_male,not_reported,male
tg(55:6)_m+nh3_feature1 [refmet: tg(55:6)_lp_a],tg(55:6)_lp_a,unclassified_no_refmet_match,-0.17815976,log2fc,0.41764504,1.0,benjamini_hochberg,within_male_stratum_pass1b06_plasma_8w_timewise_da_as_released,provided,not_selected,MoTrPAC_pass1b06_rat,motrpac_pass1b06_plasma_8w,motrpac_pass1b06_plasma_8w_trained_vs_sedentary_male,not_reported,male
fa(14:0) [refmet: myristic acid],myristic acid,Fatty Acyls,-0.17758143,log2fc,0.3675165,1.0,benjamini_hochberg,within_male_stratum_pass1b06_plasma_8w_timewise_da_as_released,provided,not_selected,MoTrPAC_pass1b06_rat,motrpac_pass1b06_plasma_8w,motrpac_pass1b06_plasma_8w_trained_vs_sedentary_male,not_reported,male
thiamine,thiamine,Nucleic acids,-0.17749348,log2fc,0.21914536,1.0,benjamini_hochberg,within_male_stratum_pass1b06_plasma_8w_timewise_da_as_released,provided,not_selected,MoTrPAC_pass1b06_rat,motrpac_pass1b06_plasma_8w,motrpac_pass1b06_plasma_8w_trained_vs_sedentary_male,not_reported,male
pi(34:2)>pi(16:0_18:2)_feature1 [refmet: pi(16:0_18:2)],pi(16:0_18:2),unclassified_no_refmet_match,0.17748559,log2fc,0.14088464,1.0,benjamini_hochberg,within_male_stratum_pass1b06_plasma_8w_timewise_da_as_released,provided,not_selected,MoTrPAC_pass1b06_rat,motrpac_pass1b06_plasma_8w,motrpac_pass1b06_plasma_8w_trained_vs_sedentary_male,not_reported,male
pc(41:6)_feature1 [refmet: pc(41:6)_lp_a],pc(41:6)_lp_a,unclassified_no_refmet_match,-0.17739059,log2fc,0.30126435,1.0,benjamini_hochberg,within_male_stratum_pass1b06_plasma_8w_timewise_da_as_released,provided,not_selected,MoTrPAC_pass1b06_rat,motrpac_pass1b06_plasma_8w,motrpac_pass1b06_plasma_8w_trained_vs_sedentary_male,not_reported,male
glycochenodeoxycholic acid [source metabolite label NA],glycochenodeoxycholic acid,Sterol Lipids,-0.1770204,log2fc,0.6766222,1.0,benjamini_hochberg,within_male_stratum_pass1b06_plasma_8w_timewise_da_as_released,provided,not_selected,MoTrPAC_pass1b06_rat,motrpac_pass1b06_plasma_8w,motrpac_pass1b06_plasma_8w_trained_vs_sedentary_male,not_reported,male
n-acetylmethionine,n-acetylmethionine,Organic acids,-0.17686228,log2fc,0.28670743,1.0,benjamini_hochberg,within_male_stratum_pass1b06_plasma_8w_timewise_da_as_released,provided,not_selected,MoTrPAC_pass1b06_rat,motrpac_pass1b06_plasma_8w,motrpac_pass1b06_plasma_8w_trained_vs_sedentary_male,not_reported,male
pe(o-38:5)>pe(o-18:1/20:4)_feature6 [refmet: pe(o-18:1/20:4)_ln_f],pe(o-18:1/20:4)_ln_f,unclassified_no_refmet_match,-0.17681158,log2fc,0.6516731,1.0,benjamini_hochberg,within_male_stratum_pass1b06_plasma_8w_timewise_da_as_released,provided,not_selected,MoTrPAC_pass1b06_rat,motrpac_pass1b06_plasma_8w,motrpac_pass1b06_plasma_8w_trained_vs_sedentary_male,not_reported,male
cer(d42:1)_feature1 [refmet: cer(d42:1)_ln_a],cer(d42:1)_ln_a,unclassified_no_refmet_match,0.17665626,log2fc,0.05516968,1.0,benjamini_hochberg,within_male_stratum_pass1b06_plasma_8w_timewise_da_as_released,provided,not_selected,MoTrPAC_pass1b06_rat,motrpac_pass1b06_plasma_8w,motrpac_pass1b06_plasma_8w_trained_vs_sedentary_male,not_reported,male
lpc(0:0/16:0)_feature1 [refmet: lpc(0:0/16:0)_lp_a],lpc(0:0/16:0)_lp_a,unclassified_no_refmet_match,0.17646746,log2fc,0.27473396,1.0,benjamini_hochberg,within_male_stratum_pass1b06_plasma_8w_timewise_da_as_released,provided,not_selected,MoTrPAC_pass1b06_rat,motrpac_pass1b06_plasma_8w,motrpac_pass1b06_plasma_8w_trained_vs_sedentary_male,not_reported,male
tauro-alpha-muricholate [refmet: tauro-alpha-muricholic acid],tauro-alpha-muricholic acid,Sterol Lipids,0.1755944,log2fc,0.71045065,1.0,benjamini_hochberg,within_male_stratum_pass1b06_plasma_8w_timewise_da_as_released,provided,not_selected,MoTrPAC_pass1b06_rat,motrpac_pass1b06_plasma_8w,motrpac_pass1b06_plasma_8w_trained_vs_sedentary_male,not_reported,male
c18:1 lpc plasmalogen a [refmet: lpc(p-18:0)/lpc(o-18:1)_hp_a],lpc(p-18:0)/lpc(o-18:1)_hp_a,unclassified_no_refmet_match,-0.17546058,log2fc,0.11001765,1.0,benjamini_hochberg,within_male_stratum_pass1b06_plasma_8w_timewise_da_as_released,provided,not_selected,MoTrPAC_pass1b06_rat,motrpac_pass1b06_plasma_8w,motrpac_pass1b06_plasma_8w_trained_vs_sedentary_male,not_reported,male
c22:6 lpe [refmet: lpe(22:6)],lpe(22:6),unclassified_no_refmet_match,-0.17472954,log2fc,0.16373445,1.0,benjamini_hochberg,within_male_stratum_pass1b06_plasma_8w_timewise_da_as_released,provided,not_selected,MoTrPAC_pass1b06_rat,motrpac_pass1b06_plasma_8w,motrpac_pass1b06_plasma_8w_trained_vs_sedentary_male,not_reported,male
lpc(16:0)_lp_a [refmet: lpc(16:0)_ln_a],lpc(16:0)_ln_a,unclassified_no_refmet_match,0.17409165,log2fc,0.31053993,1.0,benjamini_hochberg,within_male_stratum_pass1b06_plasma_8w_timewise_da_as_released,provided,not_selected,MoTrPAC_pass1b06_rat,motrpac_pass1b06_plasma_8w,motrpac_pass1b06_plasma_8w_trained_vs_sedentary_male,not_reported,male
tyrosine [source metabolite label NA],tyrosine,Organic acids,0.17281502,log2fc,0.06669319,1.0,benjamini_hochberg,within_male_stratum_pass1b06_plasma_8w_timewise_da_as_released,provided,not_selected,MoTrPAC_pass1b06_rat,motrpac_pass1b06_plasma_8w,motrpac_pass1b06_plasma_8w_trained_vs_sedentary_male,not_reported,male
gamma-glutamylleucine [source metabolite label NA],gamma-glutamylleucine,Organic acids,-0.17279156,log2fc,0.28297552,1.0,benjamini_hochberg,within_male_stratum_pass1b06_plasma_8w_timewise_da_as_released,provided,not_selected,MoTrPAC_pass1b06_rat,motrpac_pass1b06_plasma_8w,motrpac_pass1b06_plasma_8w_trained_vs_sedentary_male,not_reported,male
pe(36:3)_feature1 [refmet: pe(36:3)_lp_a],pe(36:3)_lp_a,unclassified_no_refmet_match,0.1716227,log2fc,0.38974178,1.0,benjamini_hochberg,within_male_stratum_pass1b06_plasma_8w_timewise_da_as_released,provided,not_selected,MoTrPAC_pass1b06_rat,motrpac_pass1b06_plasma_8w,motrpac_pass1b06_plasma_8w_trained_vs_sedentary_male,not_reported,male
pc(31:0)_feature2 [refmet: pc(31:0)_lp_b],pc(31:0)_lp_b,unclassified_no_refmet_match,0.17108983,log2fc,0.4978397,1.0,benjamini_hochberg,within_male_stratum_pass1b06_plasma_8w_timewise_da_as_released,provided,not_selected,MoTrPAC_pass1b06_rat,motrpac_pass1b06_plasma_8w,motrpac_pass1b06_plasma_8w_trained_vs_sedentary_male,not_reported,male
cer(d41:0)>cer(d18:0/23:0)_feature1 [refmet: cer(d18:0/23:0)],cer(d18:0/23:0),unclassified_no_refmet_match,0.17108881,log2fc,0.37655422,1.0,benjamini_hochberg,within_male_stratum_pass1b06_plasma_8w_timewise_da_as_released,provided,not_selected,MoTrPAC_pass1b06_rat,motrpac_pass1b06_plasma_8w,motrpac_pass1b06_plasma_8w_trained_vs_sedentary_male,not_reported,male
c38:6 pe plasmalogen [refmet: pe(p-38:5)/pe(o-38:6)],pe(p-38:5)/pe(o-38:6),unclassified_no_refmet_match,-0.16978276,log2fc,0.59236586,1.0,benjamini_hochberg,within_male_stratum_pass1b06_plasma_8w_timewise_da_as_released,provided,not_selected,MoTrPAC_pass1b06_rat,motrpac_pass1b06_plasma_8w,motrpac_pass1b06_plasma_8w_trained_vs_sedentary_male,not_reported,male
c18:0 lpc [refmet: lpc(18:0)],lpc(18:0),unclassified_no_refmet_match,-0.16968688,log2fc,0.051860582,1.0,benjamini_hochberg,within_male_stratum_pass1b06_plasma_8w_timewise_da_as_released,provided,not_selected,MoTrPAC_pass1b06_rat,motrpac_pass1b06_plasma_8w,motrpac_pass1b06_plasma_8w_trained_vs_sedentary_male,not_reported,male
alanine [source metabolite label NA],alanine,Organic acids,0.16891411,log2fc,0.09667308,1.0,benjamini_hochberg,within_male_stratum_pass1b06_plasma_8w_timewise_da_as_released,provided,not_selected,MoTrPAC_pass1b06_rat,motrpac_pass1b06_plasma_8w,motrpac_pass1b06_plasma_8w_trained_vs_sedentary_male,not_reported,male
cer(d41:1)_m+h2co2_feature1 [refmet: cer(d41:1)],cer(d41:1),unclassified_no_refmet_match,0.1687868,log2fc,0.14559567,1.0,benjamini_hochberg,within_male_stratum_pass1b06_plasma_8w_timewise_da_as_released,provided,not_selected,MoTrPAC_pass1b06_rat,motrpac_pass1b06_plasma_8w,motrpac_pass1b06_plasma_8w_trained_vs_sedentary_male,not_reported,male
methyl-histidine_feature1 [refmet: n-methylhistidine],n-methylhistidine,Organic acids,0.16875784,log2fc,0.37599033,1.0,benjamini_hochberg,within_male_stratum_pass1b06_plasma_8w_timewise_da_as_released,provided,not_selected,MoTrPAC_pass1b06_rat,motrpac_pass1b06_plasma_8w,motrpac_pass1b06_plasma_8w_trained_vs_sedentary_male,not_reported,male
fa(14:2) [refmet: tetradecadienoic acid],tetradecadienoic acid,Fatty Acyls,0.16815694,log2fc,0.5595964,1.0,benjamini_hochberg,within_male_stratum_pass1b06_plasma_8w_timewise_da_as_released,provided,not_selected,MoTrPAC_pass1b06_rat,motrpac_pass1b06_plasma_8w,motrpac_pass1b06_plasma_8w_trained_vs_sedentary_male,not_reported,male
pc(38:6)>pc(18:2_20:4)_m+h2co2_feature1 [refmet: pc(18:2_20:4)_ln_a],pc(18:2_20:4)_ln_a,unclassified_no_refmet_match,0.16776912,log2fc,0.2204247,1.0,benjamini_hochberg,within_male_stratum_pass1b06_plasma_8w_timewise_da_as_released,provided,not_selected,MoTrPAC_pass1b06_rat,motrpac_pass1b06_plasma_8w,motrpac_pass1b06_plasma_8w_trained_vs_sedentary_male,not_reported,male
c36:3 pe plasmalogen [refmet: pe(p-36:2)/pe(o-36:3)],pe(p-36:2)/pe(o-36:3),unclassified_no_refmet_match,0.16740794,log2fc,0.44397867,1.0,benjamini_hochberg,within_male_stratum_pass1b06_plasma_8w_timewise_da_as_released,provided,not_selected,MoTrPAC_pass1b06_rat,motrpac_pass1b06_plasma_8w,motrpac_pass1b06_plasma_8w_trained_vs_sedentary_male,not_reported,male
car(20:2)_feature1 [refmet: car(20:2)_lp_a],car(20:2)_lp_a,unclassified_no_refmet_match,-0.16699773,log2fc,0.5272007,1.0,benjamini_hochberg,within_male_stratum_pass1b06_plasma_8w_timewise_da_as_released,provided,not_selected,MoTrPAC_pass1b06_rat,motrpac_pass1b06_plasma_8w,motrpac_pass1b06_plasma_8w_trained_vs_sedentary_male,not_reported,male
pe(o-38:5)>pe(o-16:1/22:4)_feature5 [refmet: pe(o-16:1/22:4)_lp_e],pe(o-16:1/22:4)_lp_e,unclassified_no_refmet_match,0.16672572,log2fc,0.7387107,1.0,benjamini_hochberg,within_male_stratum_pass1b06_plasma_8w_timewise_da_as_released,provided,not_selected,MoTrPAC_pass1b06_rat,motrpac_pass1b06_plasma_8w,motrpac_pass1b06_plasma_8w_trained_vs_sedentary_male,not_reported,male
pseudouridine,pseudouridine,Nucleic acids,-0.1664985,log2fc,0.13580085,1.0,benjamini_hochberg,within_male_stratum_pass1b06_plasma_8w_timewise_da_as_released,provided,not_selected,MoTrPAC_pass1b06_rat,motrpac_pass1b06_plasma_8w,motrpac_pass1b06_plasma_8w_trained_vs_sedentary_male,not_reported,male
alpha-tocopherol [source metabolite label NA],alpha-tocopherol,Prenol Lipids,-0.1662063,log2fc,0.23338081,1.0,benjamini_hochberg,within_male_stratum_pass1b06_plasma_8w_timewise_da_as_released,provided,not_selected,MoTrPAC_pass1b06_rat,motrpac_pass1b06_plasma_8w,motrpac_pass1b06_plasma_8w_trained_vs_sedentary_male,not_reported,male
tg(56:6)>tg(18:1_18:1_20:4)_and_tg(16:0_18:1_22:5)_and_tg(18:1_18:2_20:3)_m+nh3_feature2 [refmet: tg(56:6)_lp_b],tg(56:6)_lp_b,unclassified_no_refmet_match,-0.16556448,log2fc,0.8272068,1.0,benjamini_hochberg,within_male_stratum_pass1b06_plasma_8w_timewise_da_as_released,provided,not_selected,MoTrPAC_pass1b06_rat,motrpac_pass1b06_plasma_8w,motrpac_pass1b06_plasma_8w_trained_vs_sedentary_male,not_reported,male
serotonin [source metabolite label NA],serotonin,Alkaloids,-0.16547467,log2fc,0.81197214,1.0,benjamini_hochberg,within_male_stratum_pass1b06_plasma_8w_timewise_da_as_released,provided,not_selected,MoTrPAC_pass1b06_rat,motrpac_pass1b06_plasma_8w,motrpac_pass1b06_plasma_8w_trained_vs_sedentary_male,not_reported,male
n-acetylphenylalanine,n-acetylphenylalanine,Organic acids,-0.16479117,log2fc,0.51027733,1.0,benjamini_hochberg,within_male_stratum_pass1b06_plasma_8w_timewise_da_as_released,provided,not_selected,MoTrPAC_pass1b06_rat,motrpac_pass1b06_plasma_8w,motrpac_pass1b06_plasma_8w_trained_vs_sedentary_male,not_reported,male
pc(40:7)_feature1 [refmet: pc(40:7)_lp_a],pc(40:7)_lp_a,unclassified_no_refmet_match,0.16441835,log2fc,0.39736378,1.0,benjamini_hochberg,within_male_stratum_pass1b06_plasma_8w_timewise_da_as_released,provided,not_selected,MoTrPAC_pass1b06_rat,motrpac_pass1b06_plasma_8w,motrpac_pass1b06_plasma_8w_trained_vs_sedentary_male,not_reported,male
tg(56:2)_m+nh3_feature1 [refmet: tg(56:2)_lp_a],tg(56:2)_lp_a,unclassified_no_refmet_match,0.16382039,log2fc,0.56197864,1.0,benjamini_hochberg,within_male_stratum_pass1b06_plasma_8w_timewise_da_as_released,provided,not_selected,MoTrPAC_pass1b06_rat,motrpac_pass1b06_plasma_8w,motrpac_pass1b06_plasma_8w_trained_vs_sedentary_male,not_reported,male
pc(38:5)_feature3 [refmet: pc(38:5)_lp_c],pc(38:5)_lp_c,unclassified_no_refmet_match,-0.16241975,log2fc,0.17489304,1.0,benjamini_hochberg,within_male_stratum_pass1b06_plasma_8w_timewise_da_as_released,provided,not_selected,MoTrPAC_pass1b06_rat,motrpac_pass1b06_plasma_8w,motrpac_pass1b06_plasma_8w_trained_vs_sedentary_male,not_reported,male
c38:5 pe plasmalogen [refmet: pe(p-38:4)/pe(o-38:5)],pe(p-38:4)/pe(o-38:5),unclassified_no_refmet_match,-0.16195157,log2fc,0.6697432,1.0,benjamini_hochberg,within_male_stratum_pass1b06_plasma_8w_timewise_da_as_released,provided,not_selected,MoTrPAC_pass1b06_rat,motrpac_pass1b06_plasma_8w,motrpac_pass1b06_plasma_8w_trained_vs_sedentary_male,not_reported,male
c18:1 sm [refmet: sm(d18:1/18:1)],sm(d18:1/18:1),unclassified_no_refmet_match,-0.16175103,log2fc,0.22562976,1.0,benjamini_hochberg,within_male_stratum_pass1b06_plasma_8w_timewise_da_as_released,provided,not_selected,MoTrPAC_pass1b06_rat,motrpac_pass1b06_plasma_8w,motrpac_pass1b06_plasma_8w_trained_vs_sedentary_male,not_reported,male
pe(38:5)_feature5 [refmet: pe(38:5)_lp_e],pe(38:5)_lp_e,unclassified_no_refmet_match,0.16049793,log2fc,0.5190862,1.0,benjamini_hochberg,within_male_stratum_pass1b06_plasma_8w_timewise_da_as_released,provided,not_selected,MoTrPAC_pass1b06_rat,motrpac_pass1b06_plasma_8w,motrpac_pass1b06_plasma_8w_trained_vs_sedentary_male,not_reported,male
cer(d42:0)>cer(d18:0/24:0)_feature1 [refmet: cer(d18:0/24:0)],cer(d18:0/24:0),unclassified_no_refmet_match,0.1604265,log2fc,0.60267836,1.0,benjamini_hochberg,within_male_stratum_pass1b06_plasma_8w_timewise_da_as_released,provided,not_selected,MoTrPAC_pass1b06_rat,motrpac_pass1b06_plasma_8w,motrpac_pass1b06_plasma_8w_trained_vs_sedentary_male,not_reported,male
hexose phosphate [refmet: hexose 6-phosphate],hexose 6-phosphate,Carbohydrates,-0.15973185,log2fc,0.7700854,1.0,benjamini_hochberg,within_male_stratum_pass1b06_plasma_8w_timewise_da_as_released,provided,not_selected,MoTrPAC_pass1b06_rat,motrpac_pass1b06_plasma_8w,motrpac_pass1b06_plasma_8w_trained_vs_sedentary_male,not_reported,male
pantothenic acid [source metabolite label NA],pantothenic acid,Organic acids,-0.15920778,log2fc,0.085586116,1.0,benjamini_hochberg,within_male_stratum_pass1b06_plasma_8w_timewise_da_as_released,provided,not_selected,MoTrPAC_pass1b06_rat,motrpac_pass1b06_plasma_8w,motrpac_pass1b06_plasma_8w_trained_vs_sedentary_male,not_reported,male
pc(o-38:2)_feature3 [refmet: pc(o-38:2)_lp_c],pc(o-38:2)_lp_c,unclassified_no_refmet_match,0.15763175,log2fc,0.2541074,1.0,benjamini_hochberg,within_male_stratum_pass1b06_plasma_8w_timewise_da_as_released,provided,not_selected,MoTrPAC_pass1b06_rat,motrpac_pass1b06_plasma_8w,motrpac_pass1b06_plasma_8w_trained_vs_sedentary_male,not_reported,male
pc(36:3)_feature2 [refmet: pc(36:3)_lp_b],pc(36:3)_lp_b,unclassified_no_refmet_match,0.15727271,log2fc,0.48308536,1.0,benjamini_hochberg,within_male_stratum_pass1b06_plasma_8w_timewise_da_as_released,provided,not_selected,MoTrPAC_pass1b06_rat,motrpac_pass1b06_plasma_8w,motrpac_pass1b06_plasma_8w_trained_vs_sedentary_male,not_reported,male
fructose 6-phosphate,fructose 6-phosphate,Carbohydrates,-0.15706375,log2fc,0.77251494,1.0,benjamini_hochberg,within_male_stratum_pass1b06_plasma_8w_timewise_da_as_released,provided,not_selected,MoTrPAC_pass1b06_rat,motrpac_pass1b06_plasma_8w,motrpac_pass1b06_plasma_8w_trained_vs_sedentary_male,not_reported,male
25-hydroxy-cholesterol [refmet: 25-hydroxycholesterol],25-hydroxycholesterol,Sterol Lipids,-0.15648796,log2fc,0.3977432,1.0,benjamini_hochberg,within_male_stratum_pass1b06_plasma_8w_timewise_da_as_released,provided,not_selected,MoTrPAC_pass1b06_rat,motrpac_pass1b06_plasma_8w,motrpac_pass1b06_plasma_8w_trained_vs_sedentary_male,not_reported,male
n-undecanoylglycine,n-undecanoylglycine,unclassified_no_refmet_match,0.15640073,log2fc,0.55675536,1.0,benjamini_hochberg,within_male_stratum_pass1b06_plasma_8w_timewise_da_as_released,provided,not_selected,MoTrPAC_pass1b06_rat,motrpac_pass1b06_plasma_8w,motrpac_pass1b06_plasma_8w_trained_vs_sedentary_male,not_reported,male
tg(56:4)>tg(18:1_18:2_20:1)_and_tg(18:1_18:1_20:2)_m+nh3_feature4 [refmet: tg(56:4)_lp_d],tg(56:4)_lp_d,unclassified_no_refmet_match,-0.15619917,log2fc,0.5527685,1.0,benjamini_hochberg,within_male_stratum_pass1b06_plasma_8w_timewise_da_as_released,provided,not_selected,MoTrPAC_pass1b06_rat,motrpac_pass1b06_plasma_8w,motrpac_pass1b06_plasma_8w_trained_vs_sedentary_male,not_reported,male
pc(42:4)_feature2 [refmet: pc(42:4)_lp_b],pc(42:4)_lp_b,unclassified_no_refmet_match,-0.15564714,log2fc,0.30816564,1.0,benjamini_hochberg,within_male_stratum_pass1b06_plasma_8w_timewise_da_as_released,provided,not_selected,MoTrPAC_pass1b06_rat,motrpac_pass1b06_plasma_8w,motrpac_pass1b06_plasma_8w_trained_vs_sedentary_male,not_reported,male
sm(d36:1) [source metabolite label NA],sm(d36:1),unclassified_no_refmet_match,-0.15538427,log2fc,0.2737298,1.0,benjamini_hochberg,within_male_stratum_pass1b06_plasma_8w_timewise_da_as_released,provided,not_selected,MoTrPAC_pass1b06_rat,motrpac_pass1b06_plasma_8w,motrpac_pass1b06_plasma_8w_trained_vs_sedentary_male,not_reported,male
fa(22:6)_feature1 [refmet: docosahexaenoic acid],docosahexaenoic acid,Fatty Acyls,-0.15486363,log2fc,0.51081634,1.0,benjamini_hochberg,within_male_stratum_pass1b06_plasma_8w_timewise_da_as_released,provided,not_selected,MoTrPAC_pass1b06_rat,motrpac_pass1b06_plasma_8w,motrpac_pass1b06_plasma_8w_trained_vs_sedentary_male,not_reported,male
indoleacetate [refmet: indoleacetic acid],indoleacetic acid,Alkaloids,-0.1548381,log2fc,0.49692684,1.0,benjamini_hochberg,within_male_stratum_pass1b06_plasma_8w_timewise_da_as_released,provided,not_selected,MoTrPAC_pass1b06_rat,motrpac_pass1b06_plasma_8w,motrpac_pass1b06_plasma_8w_trained_vs_sedentary_male,not_reported,male
1-methylnicotinamide [refmet: 1-methyl nicotinamide],1-methyl nicotinamide,Alkaloids,0.1547906,log2fc,0.26458302,1.0,benjamini_hochberg,within_male_stratum_pass1b06_plasma_8w_timewise_da_as_released,provided,not_selected,MoTrPAC_pass1b06_rat,motrpac_pass1b06_plasma_8w,motrpac_pass1b06_plasma_8w_trained_vs_sedentary_male,not_reported,male
deoxycytidine [source metabolite label NA],deoxycytidine,Nucleic acids,-0.15457527,log2fc,0.03945591,1.0,benjamini_hochberg,within_male_stratum_pass1b06_plasma_8w_timewise_da_as_released,provided,not_selected,MoTrPAC_pass1b06_rat,motrpac_pass1b06_plasma_8w,motrpac_pass1b06_plasma_8w_trained_vs_sedentary_male,not_reported,male
lpc(20:1)_feature2 [refmet: lpc(20:1)_ln_b],lpc(20:1)_ln_b,unclassified_no_refmet_match,0.15452726,log2fc,0.31696922,1.0,benjamini_hochberg,within_male_stratum_pass1b06_plasma_8w_timewise_da_as_released,provided,not_selected,MoTrPAC_pass1b06_rat,motrpac_pass1b06_plasma_8w,motrpac_pass1b06_plasma_8w_trained_vs_sedentary_male,not_reported,male
biotin,biotin,Organoheterocyclic compounds,-0.15438983,log2fc,0.20001218,1.0,benjamini_hochberg,within_male_stratum_pass1b06_plasma_8w_timewise_da_as_released,provided,not_selected,MoTrPAC_pass1b06_rat,motrpac_pass1b06_plasma_8w,motrpac_pass1b06_plasma_8w_trained_vs_sedentary_male,not_reported,male
suberic acid [source metabolite label NA],suberic acid,Fatty Acyls,0.15437603,log2fc,0.5018222,1.0,benjamini_hochberg,within_male_stratum_pass1b06_plasma_8w_timewise_da_as_released,provided,not_selected,MoTrPAC_pass1b06_rat,motrpac_pass1b06_plasma_8w,motrpac_pass1b06_plasma_8w_trained_vs_sedentary_male,not_reported,male
c34:2 pe [refmet: pe(34:2)],pe(34:2),unclassified_no_refmet_match,-0.15411408,log2fc,0.35154143,1.0,benjamini_hochberg,within_male_stratum_pass1b06_plasma_8w_timewise_da_as_released,provided,not_selected,MoTrPAC_pass1b06_rat,motrpac_pass1b06_plasma_8w,motrpac_pass1b06_plasma_8w_trained_vs_sedentary_male,not_reported,male
pc(o-36:2)_feature1 [refmet: pc(o-36:2)_lp_a],pc(o-36:2)_lp_a,unclassified_no_refmet_match,0.15363187,log2fc,0.5885802,1.0,benjamini_hochberg,within_male_stratum_pass1b06_plasma_8w_timewise_da_as_released,provided,not_selected,MoTrPAC_pass1b06_rat,motrpac_pass1b06_plasma_8w,motrpac_pass1b06_plasma_8w_trained_vs_sedentary_male,not_reported,male
c16:0 lpe [refmet: lpe(16:0)],lpe(16:0),unclassified_no_refmet_match,0.15260322,log2fc,0.08151377,1.0,benjamini_hochberg,within_male_stratum_pass1b06_plasma_8w_timewise_da_as_released,provided,not_selected,MoTrPAC_pass1b06_rat,motrpac_pass1b06_plasma_8w,motrpac_pass1b06_plasma_8w_trained_vs_sedentary_male,not_reported,male
pc(34:4)>pc(14:0_20:4)_m+h2co2_feature3 [refmet: pc(14:0_20:4)_ln_c],pc(14:0_20:4)_ln_c,unclassified_no_refmet_match,0.15257393,log2fc,0.33481577,1.0,benjamini_hochberg,within_male_stratum_pass1b06_plasma_8w_timewise_da_as_released,provided,not_selected,MoTrPAC_pass1b06_rat,motrpac_pass1b06_plasma_8w,motrpac_pass1b06_plasma_8w_trained_vs_sedentary_male,not_reported,male
fa(18:1-2oh)_feature1 [refmet: dihydroxyoctadecenoic acid],dihydroxyoctadecenoic acid,unclassified_no_refmet_match,-0.1522297,log2fc,0.3903114,1.0,benjamini_hochberg,within_male_stratum_pass1b06_plasma_8w_timewise_da_as_released,provided,not_selected,MoTrPAC_pass1b06_rat,motrpac_pass1b06_plasma_8w,motrpac_pass1b06_plasma_8w_trained_vs_sedentary_male,not_reported,male
tg(55:7)_m+nh3_feature2 [refmet: tg(55:7)_lp_b],tg(55:7)_lp_b,unclassified_no_refmet_match,-0.1517053,log2fc,0.5453612,1.0,benjamini_hochberg,within_male_stratum_pass1b06_plasma_8w_timewise_da_as_released,provided,not_selected,MoTrPAC_pass1b06_rat,motrpac_pass1b06_plasma_8w,motrpac_pass1b06_plasma_8w_trained_vs_sedentary_male,not_reported,male
azelaic acid [source metabolite label NA],azelaic acid,Fatty Acyls,-0.15128945,log2fc,0.44435242,1.0,benjamini_hochberg,within_male_stratum_pass1b06_plasma_8w_timewise_da_as_released,provided,not_selected,MoTrPAC_pass1b06_rat,motrpac_pass1b06_plasma_8w,motrpac_pass1b06_plasma_8w_trained_vs_sedentary_male,not_reported,male
tg(56:9)_m+nh3_feature1 [refmet: tg(56:9)_lp_a],tg(56:9)_lp_a,unclassified_no_refmet_match,0.15083374,log2fc,0.47955993,1.0,benjamini_hochberg,within_male_stratum_pass1b06_plasma_8w_timewise_da_as_released,provided,not_selected,MoTrPAC_pass1b06_rat,motrpac_pass1b06_plasma_8w,motrpac_pass1b06_plasma_8w_trained_vs_sedentary_male,not_reported,male
pe(38:4)>pe(18:0_20:4)_feature5 [refmet: pe(18:0_20:4)_lp_e],pe(18:0_20:4)_lp_e,unclassified_no_refmet_match,-0.15077855,log2fc,0.49718308,1.0,benjamini_hochberg,within_male_stratum_pass1b06_plasma_8w_timewise_da_as_released,provided,not_selected,MoTrPAC_pass1b06_rat,motrpac_pass1b06_plasma_8w,motrpac_pass1b06_plasma_8w_trained_vs_sedentary_male,not_reported,male
tg(54:3)>tg(18:0_18:1_18:2)_and_tg(18:1/18:1/18:1)_and_tg(16:0_18:2_20:1)_m+nh3_feature8 [refmet: tg(54:3)_lp_h],tg(54:3)_lp_h,unclassified_no_refmet_match,-0.1504062,log2fc,0.6087193,1.0,benjamini_hochberg,within_male_stratum_pass1b06_plasma_8w_timewise_da_as_released,provided,not_selected,MoTrPAC_pass1b06_rat,motrpac_pass1b06_plasma_8w,motrpac_pass1b06_plasma_8w_trained_vs_sedentary_male,not_reported,male
car(10:1) [source metabolite label NA],car(10:1),unclassified_no_refmet_match,-0.14992967,log2fc,0.38034296,1.0,benjamini_hochberg,within_male_stratum_pass1b06_plasma_8w_timewise_da_as_released,provided,not_selected,MoTrPAC_pass1b06_rat,motrpac_pass1b06_plasma_8w,motrpac_pass1b06_plasma_8w_trained_vs_sedentary_male,not_reported,male
pe(38:3)>pe(18:0_20:3)_feature2 [refmet: pe(18:0_20:3)_lp_b],pe(18:0_20:3)_lp_b,unclassified_no_refmet_match,0.14950979,log2fc,0.4198308,1.0,benjamini_hochberg,within_male_stratum_pass1b06_plasma_8w_timewise_da_as_released,provided,not_selected,MoTrPAC_pass1b06_rat,motrpac_pass1b06_plasma_8w,motrpac_pass1b06_plasma_8w_trained_vs_sedentary_male,not_reported,male
cer(d42:0-oh)_m+h2co2_feature1 [refmet: cer(d42:0(oh))],cer(d42:0(oh)),unclassified_no_refmet_match,0.1481542,log2fc,0.1386755,1.0,benjamini_hochberg,within_male_stratum_pass1b06_plasma_8w_timewise_da_as_released,provided,not_selected,MoTrPAC_pass1b06_rat,motrpac_pass1b06_plasma_8w,motrpac_pass1b06_plasma_8w_trained_vs_sedentary_male,not_reported,male
gamma-glutamylisoleucine [source metabolite label NA],gamma-glutamylisoleucine,Organic acids,-0.14795955,log2fc,0.21065967,1.0,benjamini_hochberg,within_male_stratum_pass1b06_plasma_8w_timewise_da_as_released,provided,not_selected,MoTrPAC_pass1b06_rat,motrpac_pass1b06_plasma_8w,motrpac_pass1b06_plasma_8w_trained_vs_sedentary_male,not_reported,male
nmma [refmet: targinine],targinine,Organic acids,0.14758898,log2fc,0.123190634,1.0,benjamini_hochberg,within_male_stratum_pass1b06_plasma_8w_timewise_da_as_released,provided,not_selected,MoTrPAC_pass1b06_rat,motrpac_pass1b06_plasma_8w,motrpac_pass1b06_plasma_8w_trained_vs_sedentary_male,not_reported,male
pi(38:5)>pi(18:1_20:4)_feature1 [refmet: pi(18:1_20:4)_lp_a],pi(18:1_20:4)_lp_a,unclassified_no_refmet_match,0.14716111,log2fc,0.19657,1.0,benjamini_hochberg,within_male_stratum_pass1b06_plasma_8w_timewise_da_as_released,provided,not_selected,MoTrPAC_pass1b06_rat,motrpac_pass1b06_plasma_8w,motrpac_pass1b06_plasma_8w_trained_vs_sedentary_male,not_reported,male
4-aminohippurate [refmet: 4-aminohippuric acid],4-aminohippuric acid,Benzenoids,0.14647302,log2fc,0.5117725,1.0,benjamini_hochberg,within_male_stratum_pass1b06_plasma_8w_timewise_da_as_released,provided,not_selected,MoTrPAC_pass1b06_rat,motrpac_pass1b06_plasma_8w,motrpac_pass1b06_plasma_8w_trained_vs_sedentary_male,not_reported,male
pc(36:1)>pc(16:0_20:1)_and_pc(18:0_18:1)_m+h2co2_feature1 [refmet: pc(36:1)_ln_a],pc(36:1)_ln_a,unclassified_no_refmet_match,0.14546858,log2fc,0.15578565,1.0,benjamini_hochberg,within_male_stratum_pass1b06_plasma_8w_timewise_da_as_released,provided,not_selected,MoTrPAC_pass1b06_rat,motrpac_pass1b06_plasma_8w,motrpac_pass1b06_plasma_8w_trained_vs_sedentary_male,not_reported,male
tg(54:2)>tg(16:0_18:1_20:1)_and_tg(18:0_18:1_18:1)_m+nh3_feature2 [refmet: tg(54:2)_lp_b],tg(54:2)_lp_b,unclassified_no_refmet_match,-0.14383525,log2fc,0.6487369,1.0,benjamini_hochberg,within_male_stratum_pass1b06_plasma_8w_timewise_da_as_released,provided,not_selected,MoTrPAC_pass1b06_rat,motrpac_pass1b06_plasma_8w,motrpac_pass1b06_plasma_8w_trained_vs_sedentary_male,not_reported,male
13s-hotre(gamma),13s-hotre(gamma),Fatty Acyls,0.14368619,log2fc,0.9160743,1.0,benjamini_hochberg,within_male_stratum_pass1b06_plasma_8w_timewise_da_as_released,provided,not_selected,MoTrPAC_pass1b06_rat,motrpac_pass1b06_plasma_8w,motrpac_pass1b06_plasma_8w_trained_vs_sedentary_male,not_reported,male
betaine,betaine,Organic acids,-0.1431054,log2fc,0.14452118,1.0,benjamini_hochberg,within_male_stratum_pass1b06_plasma_8w_timewise_da_as_released,provided,not_selected,MoTrPAC_pass1b06_rat,motrpac_pass1b06_plasma_8w,motrpac_pass1b06_plasma_8w_trained_vs_sedentary_male,not_reported,male
trimethylbenzene,trimethylbenzene,Benzenoids,-0.14262839,log2fc,0.17898563,1.0,benjamini_hochberg,within_male_stratum_pass1b06_plasma_8w_timewise_da_as_released,provided,not_selected,MoTrPAC_pass1b06_rat,motrpac_pass1b06_plasma_8w,motrpac_pass1b06_plasma_8w_trained_vs_sedentary_male,not_reported,male
tg(53:3)>tg(17:0_18:1_18:2)_and_tg(17:1_18:1_18:1)_and_tg(16:1_18:1_19:1)_and_tg(16:0_18:1_19:2)_m+nh3_feature2 [refmet: tg(53:3)_lp_b],tg(53:3)_lp_b,unclassified_no_refmet_match,-0.1421084,log2fc,0.6343952,1.0,benjamini_hochberg,within_male_stratum_pass1b06_plasma_8w_timewise_da_as_released,provided,not_selected,MoTrPAC_pass1b06_rat,motrpac_pass1b06_plasma_8w,motrpac_pass1b06_plasma_8w_trained_vs_sedentary_male,not_reported,male
dg(36:1)>dg(18:0_18:1_0:0)_m+nh3_feature2 [refmet: dg(18:0_18:1)_lp_b],dg(18:0_18:1)_lp_b,unclassified_no_refmet_match,-0.14169328,log2fc,0.5041677,1.0,benjamini_hochberg,within_male_stratum_pass1b06_plasma_8w_timewise_da_as_released,provided,not_selected,MoTrPAC_pass1b06_rat,motrpac_pass1b06_plasma_8w,motrpac_pass1b06_plasma_8w_trained_vs_sedentary_male,not_reported,male
pc(38:1)_feature1 [refmet: pc(38:1)],pc(38:1),unclassified_no_refmet_match,0.1416219,log2fc,0.47299317,1.0,benjamini_hochberg,within_male_stratum_pass1b06_plasma_8w_timewise_da_as_released,provided,not_selected,MoTrPAC_pass1b06_rat,motrpac_pass1b06_plasma_8w,motrpac_pass1b06_plasma_8w_trained_vs_sedentary_male,not_reported,male
hexcer(d41:1)_m+h2co2_feature1 [refmet: hexcer(d41:1)],hexcer(d41:1),unclassified_no_refmet_match,0.14148755,log2fc,0.36921677,1.0,benjamini_hochberg,within_male_stratum_pass1b06_plasma_8w_timewise_da_as_released,provided,not_selected,MoTrPAC_pass1b06_rat,motrpac_pass1b06_plasma_8w,motrpac_pass1b06_plasma_8w_trained_vs_sedentary_male,not_reported,male
pc(32:0)>pc(16:0_16:0)_m+h2co2_feature2 [refmet: pc(32:0)_ln_b],pc(32:0)_ln_b,unclassified_no_refmet_match,-0.14146772,log2fc,0.5021725,1.0,benjamini_hochberg,within_male_stratum_pass1b06_plasma_8w_timewise_da_as_released,provided,not_selected,MoTrPAC_pass1b06_rat,motrpac_pass1b06_plasma_8w,motrpac_pass1b06_plasma_8w_trained_vs_sedentary_male,not_reported,male
phenylacetate [refmet: phenylacetic acid],phenylacetic acid,Organic acids,0.1413835,log2fc,0.8112523,1.0,benjamini_hochberg,within_male_stratum_pass1b06_plasma_8w_timewise_da_as_released,provided,not_selected,MoTrPAC_pass1b06_rat,motrpac_pass1b06_plasma_8w,motrpac_pass1b06_plasma_8w_trained_vs_sedentary_male,not_reported,male
hexcer(d42:2)>hexcer(d18:1/24:1)_feature3 [refmet: hexcer(d42:2)_lp_c],hexcer(d42:2)_lp_c,unclassified_no_refmet_match,0.14129646,log2fc,0.346729,1.0,benjamini_hochberg,within_male_stratum_pass1b06_plasma_8w_timewise_da_as_released,provided,not_selected,MoTrPAC_pass1b06_rat,motrpac_pass1b06_plasma_8w,motrpac_pass1b06_plasma_8w_trained_vs_sedentary_male,not_reported,male
dg(38:3)>dg(18:2_20:1_0:0)_m+nh3_feature2 [refmet: dg(18:2_20:1)_lp_b],dg(18:2_20:1)_lp_b,unclassified_no_refmet_match,-0.14121048,log2fc,0.40946084,1.0,benjamini_hochberg,within_male_stratum_pass1b06_plasma_8w_timewise_da_as_released,provided,not_selected,MoTrPAC_pass1b06_rat,motrpac_pass1b06_plasma_8w,motrpac_pass1b06_plasma_8w_trained_vs_sedentary_male,not_reported,male
3-methyl-2-oxovalerate [refmet: 3-methyl-2-oxovaleric acid],3-methyl-2-oxovaleric acid,Organic acids,0.14094737,log2fc,0.18714106,1.0,benjamini_hochberg,within_male_stratum_pass1b06_plasma_8w_timewise_da_as_released,provided,not_selected,MoTrPAC_pass1b06_rat,motrpac_pass1b06_plasma_8w,motrpac_pass1b06_plasma_8w_trained_vs_sedentary_male,not_reported,male
pc(o-32:1)_feature3 [refmet: pc(o-32:1)_lp_c],pc(o-32:1)_lp_c,unclassified_no_refmet_match,0.14084236,log2fc,0.38329276,1.0,benjamini_hochberg,within_male_stratum_pass1b06_plasma_8w_timewise_da_as_released,provided,not_selected,MoTrPAC_pass1b06_rat,motrpac_pass1b06_plasma_8w,motrpac_pass1b06_plasma_8w_trained_vs_sedentary_male,not_reported,male
pc(38:4)_feature4 [refmet: pc(38:4)_lp_d],pc(38:4)_lp_d,unclassified_no_refmet_match,-0.14080381,log2fc,0.46042085,1.0,benjamini_hochberg,within_male_stratum_pass1b06_plasma_8w_timewise_da_as_released,provided,not_selected,MoTrPAC_pass1b06_rat,motrpac_pass1b06_plasma_8w,motrpac_pass1b06_plasma_8w_trained_vs_sedentary_male,not_reported,male
monoethylhexyl phthalate [refmet: monoethylhexyl phthalic acid],monoethylhexyl phthalic acid,Benzenoids,-0.14035282,log2fc,0.51816815,1.0,benjamini_hochberg,within_male_stratum_pass1b06_plasma_8w_timewise_da_as_released,provided,not_selected,MoTrPAC_pass1b06_rat,motrpac_pass1b06_plasma_8w,motrpac_pass1b06_plasma_8w_trained_vs_sedentary_male,not_reported,male
hexcer(t42:1)>hexcer(t18:0/24:1)_feature1 [refmet: hexcer(t18:0/24:1)_lp_a],hexcer(t18:0/24:1)_lp_a,unclassified_no_refmet_match,0.14024727,log2fc,0.30383095,1.0,benjamini_hochberg,within_male_stratum_pass1b06_plasma_8w_timewise_da_as_released,provided,not_selected,MoTrPAC_pass1b06_rat,motrpac_pass1b06_plasma_8w,motrpac_pass1b06_plasma_8w_trained_vs_sedentary_male,not_reported,male
pc(36:2)>pc(18:0_18:2)_m+h2co2_feature3 [refmet: pc(18:0_18:2)_ln_c],pc(18:0_18:2)_ln_c,unclassified_no_refmet_match,0.14009559,log2fc,0.2806313,1.0,benjamini_hochberg,within_male_stratum_pass1b06_plasma_8w_timewise_da_as_released,provided,not_selected,MoTrPAC_pass1b06_rat,motrpac_pass1b06_plasma_8w,motrpac_pass1b06_plasma_8w_trained_vs_sedentary_male,not_reported,male
tg(51:4)>tg(16:1_17:1_18:2)_and_tg(15:0_18:2_18:2)_and_tg(15:1_18:1_18:2)_m+nh3_feature1 [refmet: tg(51:4)],tg(51:4),unclassified_no_refmet_match,-0.14001404,log2fc,0.66402036,1.0,benjamini_hochberg,within_male_stratum_pass1b06_plasma_8w_timewise_da_as_released,provided,not_selected,MoTrPAC_pass1b06_rat,motrpac_pass1b06_plasma_8w,motrpac_pass1b06_plasma_8w_trained_vs_sedentary_male,not_reported,male
pc(36:2) [source metabolite label NA],pc(36:2),unclassified_no_refmet_match,0.1399443,log2fc,0.15989329,1.0,benjamini_hochberg,within_male_stratum_pass1b06_plasma_8w_timewise_da_as_released,provided,not_selected,MoTrPAC_pass1b06_rat,motrpac_pass1b06_plasma_8w,motrpac_pass1b06_plasma_8w_trained_vs_sedentary_male,not_reported,male
lysine,lysine,Organic acids,0.13949883,log2fc,0.096584134,1.0,benjamini_hochberg,within_male_stratum_pass1b06_plasma_8w_timewise_da_as_released,provided,not_selected,MoTrPAC_pass1b06_rat,motrpac_pass1b06_plasma_8w,motrpac_pass1b06_plasma_8w_trained_vs_sedentary_male,not_reported,male
lpc(0:0/19:0)_feature1 [refmet: lpc(0:0/19:0)_a],lpc(0:0/19:0)_a,unclassified_no_refmet_match,0.13855243,log2fc,0.5029644,1.0,benjamini_hochberg,within_male_stratum_pass1b06_plasma_8w_timewise_da_as_released,provided,not_selected,MoTrPAC_pass1b06_rat,motrpac_pass1b06_plasma_8w,motrpac_pass1b06_plasma_8w_trained_vs_sedentary_male,not_reported,male
biliverdin [source metabolite label NA],biliverdin,Organoheterocyclic compounds,-0.1377823,log2fc,0.25913477,1.0,benjamini_hochberg,within_male_stratum_pass1b06_plasma_8w_timewise_da_as_released,provided,not_selected,MoTrPAC_pass1b06_rat,motrpac_pass1b06_plasma_8w,motrpac_pass1b06_plasma_8w_trained_vs_sedentary_male,not_reported,male
sm(d41:0)_feature1 [refmet: sm(d41:0)],sm(d41:0),unclassified_no_refmet_match,0.13753292,log2fc,0.50373864,1.0,benjamini_hochberg,within_male_stratum_pass1b06_plasma_8w_timewise_da_as_released,provided,not_selected,MoTrPAC_pass1b06_rat,motrpac_pass1b06_plasma_8w,motrpac_pass1b06_plasma_8w_trained_vs_sedentary_male,not_reported,male
sm(d42:2)_feature2 [refmet: sm(d42:2)_lp_b],sm(d42:2)_lp_b,unclassified_no_refmet_match,0.13731423,log2fc,0.36043742,1.0,benjamini_hochberg,within_male_stratum_pass1b06_plasma_8w_timewise_da_as_released,provided,not_selected,MoTrPAC_pass1b06_rat,motrpac_pass1b06_plasma_8w,motrpac_pass1b06_plasma_8w_trained_vs_sedentary_male,not_reported,male
threonine [source metabolite label NA],threonine,Organic acids,0.13723947,log2fc,0.0643062,1.0,benjamini_hochberg,within_male_stratum_pass1b06_plasma_8w_timewise_da_as_released,provided,not_selected,MoTrPAC_pass1b06_rat,motrpac_pass1b06_plasma_8w,motrpac_pass1b06_plasma_8w_trained_vs_sedentary_male,not_reported,male
sm(d40:1)_feature2 [refmet: sm(d40:1)_lp_b],sm(d40:1)_lp_b,unclassified_no_refmet_match,0.1369747,log2fc,0.39929608,1.0,benjamini_hochberg,within_male_stratum_pass1b06_plasma_8w_timewise_da_as_released,provided,not_selected,MoTrPAC_pass1b06_rat,motrpac_pass1b06_plasma_8w,motrpac_pass1b06_plasma_8w_trained_vs_sedentary_male,not_reported,male
5-hydroxytryptophol,5-hydroxytryptophol,Alkaloids,-0.13642235,log2fc,0.2944103,1.0,benjamini_hochberg,within_male_stratum_pass1b06_plasma_8w_timewise_da_as_released,provided,not_selected,MoTrPAC_pass1b06_rat,motrpac_pass1b06_plasma_8w,motrpac_pass1b06_plasma_8w_trained_vs_sedentary_male,not_reported,male
pe(o-38:7)>pe(o-16:1/22:6)_feature2 [refmet: pe(o-16:1/22:6)_lp_b],pe(o-16:1/22:6)_lp_b,unclassified_no_refmet_match,-0.13619025,log2fc,0.3788383,1.0,benjamini_hochberg,within_male_stratum_pass1b06_plasma_8w_timewise_da_as_released,provided,not_selected,MoTrPAC_pass1b06_rat,motrpac_pass1b06_plasma_8w,motrpac_pass1b06_plasma_8w_trained_vs_sedentary_male,not_reported,male
lpc(20:2)_feature2 [refmet: lpc(20:2)_ln_b],lpc(20:2)_ln_b,unclassified_no_refmet_match,0.13608441,log2fc,0.41750777,1.0,benjamini_hochberg,within_male_stratum_pass1b06_plasma_8w_timewise_da_as_released,provided,not_selected,MoTrPAC_pass1b06_rat,motrpac_pass1b06_plasma_8w,motrpac_pass1b06_plasma_8w_trained_vs_sedentary_male,not_reported,male
5-methylcytidine,5-methylcytidine,Nucleic acids,-0.13599974,log2fc,0.08045882,1.0,benjamini_hochberg,within_male_stratum_pass1b06_plasma_8w_timewise_da_as_released,provided,not_selected,MoTrPAC_pass1b06_rat,motrpac_pass1b06_plasma_8w,motrpac_pass1b06_plasma_8w_trained_vs_sedentary_male,not_reported,male
dg(38:4)>dg(18:0_20:4_0:0)_feature6 [refmet: dg(18:0_20:4)_lp_f],dg(18:0_20:4)_lp_f,unclassified_no_refmet_match,-0.13576157,log2fc,0.2976336,1.0,benjamini_hochberg,within_male_stratum_pass1b06_plasma_8w_timewise_da_as_released,provided,not_selected,MoTrPAC_pass1b06_rat,motrpac_pass1b06_plasma_8w,motrpac_pass1b06_plasma_8w_trained_vs_sedentary_male,not_reported,male
tg(54:8)_m+nh3_feature1 [refmet: tg(54:8)_lp_a],tg(54:8)_lp_a,unclassified_no_refmet_match,0.13573603,log2fc,0.75430244,1.0,benjamini_hochberg,within_male_stratum_pass1b06_plasma_8w_timewise_da_as_released,provided,not_selected,MoTrPAC_pass1b06_rat,motrpac_pass1b06_plasma_8w,motrpac_pass1b06_plasma_8w_trained_vs_sedentary_male,not_reported,male
sm(d40:2)_feature1 [refmet: sm(d40:2)_lp_a],sm(d40:2)_lp_a,unclassified_no_refmet_match,0.13495131,log2fc,0.537361,1.0,benjamini_hochberg,within_male_stratum_pass1b06_plasma_8w_timewise_da_as_released,provided,not_selected,MoTrPAC_pass1b06_rat,motrpac_pass1b06_plasma_8w,motrpac_pass1b06_plasma_8w_trained_vs_sedentary_male,not_reported,male
hydroxyproline [source metabolite label NA],hydroxyproline,Organic acids,-0.13418517,log2fc,0.12280466,1.0,benjamini_hochberg,within_male_stratum_pass1b06_plasma_8w_timewise_da_as_released,provided,not_selected,MoTrPAC_pass1b06_rat,motrpac_pass1b06_plasma_8w,motrpac_pass1b06_plasma_8w_trained_vs_sedentary_male,not_reported,male
glycine [source metabolite label NA],glycine,Organic acids,0.1335435,log2fc,0.103038594,1.0,benjamini_hochberg,within_male_stratum_pass1b06_plasma_8w_timewise_da_as_released,provided,not_selected,MoTrPAC_pass1b06_rat,motrpac_pass1b06_plasma_8w,motrpac_pass1b06_plasma_8w_trained_vs_sedentary_male,not_reported,male
car(26:1)_feature1 [refmet: car(26:1)],car(26:1),unclassified_no_refmet_match,0.13344118,log2fc,0.48496097,1.0,benjamini_hochberg,within_male_stratum_pass1b06_plasma_8w_timewise_da_as_released,provided,not_selected,MoTrPAC_pass1b06_rat,motrpac_pass1b06_plasma_8w,motrpac_pass1b06_plasma_8w_trained_vs_sedentary_male,not_reported,male
c20:4 lpe [refmet: lpe(20:4)],lpe(20:4),unclassified_no_refmet_match,0.13341182,log2fc,0.2839432,1.0,benjamini_hochberg,within_male_stratum_pass1b06_plasma_8w_timewise_da_as_released,provided,not_selected,MoTrPAC_pass1b06_rat,motrpac_pass1b06_plasma_8w,motrpac_pass1b06_plasma_8w_trained_vs_sedentary_male,not_reported,male
pc(o-30:0)_feature1 [refmet: pc(o-30:0)],pc(o-30:0),unclassified_no_refmet_match,-0.13318779,log2fc,0.524967,1.0,benjamini_hochberg,within_male_stratum_pass1b06_plasma_8w_timewise_da_as_released,provided,not_selected,MoTrPAC_pass1b06_rat,motrpac_pass1b06_plasma_8w,motrpac_pass1b06_plasma_8w_trained_vs_sedentary_male,not_reported,male
pe(o-40:4)_feature4 [refmet: pe(o-40:4)_lp_d],pe(o-40:4)_lp_d,unclassified_no_refmet_match,0.1330811,log2fc,0.34468916,1.0,benjamini_hochberg,within_male_stratum_pass1b06_plasma_8w_timewise_da_as_released,provided,not_selected,MoTrPAC_pass1b06_rat,motrpac_pass1b06_plasma_8w,motrpac_pass1b06_plasma_8w_trained_vs_sedentary_male,not_reported,male
c36:2 ps plasmalogen [refmet: ps(p-36:1)/ps(o-36:2)],ps(p-36:1)/ps(o-36:2),unclassified_no_refmet_match,-0.13306296,log2fc,0.6045931,1.0,benjamini_hochberg,within_male_stratum_pass1b06_plasma_8w_timewise_da_as_released,provided,not_selected,MoTrPAC_pass1b06_rat,motrpac_pass1b06_plasma_8w,motrpac_pass1b06_plasma_8w_trained_vs_sedentary_male,not_reported,male
tg(49:0)>tg(16:0_16:0_17:0)_and_tg(15:0_16:0_18:0)_and_tg(14:0_16:0_19:0)_m+nh3_feature2 [refmet: tg(51:1)_lp_b],tg(51:1)_lp_b,unclassified_no_refmet_match,-0.13305563,log2fc,0.6114828,1.0,benjamini_hochberg,within_male_stratum_pass1b06_plasma_8w_timewise_da_as_released,provided,not_selected,MoTrPAC_pass1b06_rat,motrpac_pass1b06_plasma_8w,motrpac_pass1b06_plasma_8w_trained_vs_sedentary_male,not_reported,male
1-methylguanosine,1-methylguanosine,Nucleic acids,-0.1326219,log2fc,0.783327,1.0,benjamini_hochberg,within_male_stratum_pass1b06_plasma_8w_timewise_da_as_released,provided,not_selected,MoTrPAC_pass1b06_rat,motrpac_pass1b06_plasma_8w,motrpac_pass1b06_plasma_8w_trained_vs_sedentary_male,not_reported,male
sm(d43:2)_feature2 [refmet: sm(d43:2)_lp_b],sm(d43:2)_lp_b,unclassified_no_refmet_match,0.1323124,log2fc,0.46403646,1.0,benjamini_hochberg,within_male_stratum_pass1b06_plasma_8w_timewise_da_as_released,provided,not_selected,MoTrPAC_pass1b06_rat,motrpac_pass1b06_plasma_8w,motrpac_pass1b06_plasma_8w_trained_vs_sedentary_male,not_reported,male
pc(38:2)>pc(18:0_20:2)_m+h2co2_feature3 [refmet: pc(18:0_20:2)_ln_c],pc(18:0_20:2)_ln_c,unclassified_no_refmet_match,0.1301271,log2fc,0.34532696,1.0,benjamini_hochberg,within_male_stratum_pass1b06_plasma_8w_timewise_da_as_released,provided,not_selected,MoTrPAC_pass1b06_rat,motrpac_pass1b06_plasma_8w,motrpac_pass1b06_plasma_8w_trained_vs_sedentary_male,not_reported,male
c16:1 sm [refmet: sm(d18:1/16:1)],sm(d18:1/16:1),unclassified_no_refmet_match,-0.12984063,log2fc,0.25142148,1.0,benjamini_hochberg,within_male_stratum_pass1b06_plasma_8w_timewise_da_as_released,provided,not_selected,MoTrPAC_pass1b06_rat,motrpac_pass1b06_plasma_8w,motrpac_pass1b06_plasma_8w_trained_vs_sedentary_male,not_reported,male
serine [source metabolite label NA],serine,Organic acids,0.12956421,log2fc,0.043692358,1.0,benjamini_hochberg,within_male_stratum_pass1b06_plasma_8w_timewise_da_as_released,provided,not_selected,MoTrPAC_pass1b06_rat,motrpac_pass1b06_plasma_8w,motrpac_pass1b06_plasma_8w_trained_vs_sedentary_male,not_reported,male
tg(57:3)_m+nh3_feature1 [refmet: tg(57:3)_lp_a],tg(57:3)_lp_a,unclassified_no_refmet_match,-0.12888786,log2fc,0.57954013,1.0,benjamini_hochberg,within_male_stratum_pass1b06_plasma_8w_timewise_da_as_released,provided,not_selected,MoTrPAC_pass1b06_rat,motrpac_pass1b06_plasma_8w,motrpac_pass1b06_plasma_8w_trained_vs_sedentary_male,not_reported,male
tauro-alpha-muricholate + tauro-beta-muricholiate [refmet: tauromuricholic acid],tauromuricholic acid,Sterol Lipids,0.1284254,log2fc,0.84171563,1.0,benjamini_hochberg,within_male_stratum_pass1b06_plasma_8w_timewise_da_as_released,provided,not_selected,MoTrPAC_pass1b06_rat,motrpac_pass1b06_plasma_8w,motrpac_pass1b06_plasma_8w_trained_vs_sedentary_male,not_reported,male
anthranilate [refmet: 2-aminobenzoic acid],2-aminobenzoic acid,Benzenoids,0.12799953,log2fc,0.4382499,1.0,benjamini_hochberg,within_male_stratum_pass1b06_plasma_8w_timewise_da_as_released,provided,not_selected,MoTrPAC_pass1b06_rat,motrpac_pass1b06_plasma_8w,motrpac_pass1b06_plasma_8w_trained_vs_sedentary_male,not_reported,male
7-methylguanine,7-methylguanine,Nucleic acids,-0.12727088,log2fc,0.24976686,1.0,benjamini_hochberg,within_male_stratum_pass1b06_plasma_8w_timewise_da_as_released,provided,not_selected,MoTrPAC_pass1b06_rat,motrpac_pass1b06_plasma_8w,motrpac_pass1b06_plasma_8w_trained_vs_sedentary_male,not_reported,male
pi(36:3)>pi(18:1_18:2)_feature1 [refmet: pi(18:1_18:2)_ln_a],pi(18:1_18:2)_ln_a,unclassified_no_refmet_match,0.12637961,log2fc,0.64138156,1.0,benjamini_hochberg,within_male_stratum_pass1b06_plasma_8w_timewise_da_as_released,provided,not_selected,MoTrPAC_pass1b06_rat,motrpac_pass1b06_plasma_8w,motrpac_pass1b06_plasma_8w_trained_vs_sedentary_male,not_reported,male
sm(d41:1)_feature1 [refmet: sm(d41:1)],sm(d41:1),unclassified_no_refmet_match,0.12611,log2fc,0.49532434,1.0,benjamini_hochberg,within_male_stratum_pass1b06_plasma_8w_timewise_da_as_released,provided,not_selected,MoTrPAC_pass1b06_rat,motrpac_pass1b06_plasma_8w,motrpac_pass1b06_plasma_8w_trained_vs_sedentary_male,not_reported,male
c34:2 pe plasmalogen [refmet: pe(p-34:1)/pe(o-34:2)],pe(p-34:1)/pe(o-34:2),unclassified_no_refmet_match,0.1258358,log2fc,0.63452864,1.0,benjamini_hochberg,within_male_stratum_pass1b06_plasma_8w_timewise_da_as_released,provided,not_selected,MoTrPAC_pass1b06_rat,motrpac_pass1b06_plasma_8w,motrpac_pass1b06_plasma_8w_trained_vs_sedentary_male,not_reported,male
pyruvate [refmet: pyruvic acid],pyruvic acid,Organic acids,-0.12560126,log2fc,0.5961031,1.0,benjamini_hochberg,within_male_stratum_pass1b06_plasma_8w_timewise_da_as_released,provided,not_selected,MoTrPAC_pass1b06_rat,motrpac_pass1b06_plasma_8w,motrpac_pass1b06_plasma_8w_trained_vs_sedentary_male,not_reported,male
linoleoyl ethanolamide [refmet: linoleoyl-ea],linoleoyl-ea,Fatty Acyls,-0.12539105,log2fc,0.43132335,1.0,benjamini_hochberg,within_male_stratum_pass1b06_plasma_8w_timewise_da_as_released,provided,not_selected,MoTrPAC_pass1b06_rat,motrpac_pass1b06_plasma_8w,motrpac_pass1b06_plasma_8w_trained_vs_sedentary_male,not_reported,male
"n6,n6-dimethyllysine [refmet: n(6),n(6)-dimethyl-lysine]","n(6),n(6)-dimethyl-lysine",Organic acids,-0.1253425,log2fc,0.25043613,1.0,benjamini_hochberg,within_male_stratum_pass1b06_plasma_8w_timewise_da_as_released,provided,not_selected,MoTrPAC_pass1b06_rat,motrpac_pass1b06_plasma_8w,motrpac_pass1b06_plasma_8w_trained_vs_sedentary_male,not_reported,male
fa(24:0) [refmet: lignoceric acid],lignoceric acid,Fatty Acyls,0.12411941,log2fc,0.49207696,1.0,benjamini_hochberg,within_male_stratum_pass1b06_plasma_8w_timewise_da_as_released,provided,not_selected,MoTrPAC_pass1b06_rat,motrpac_pass1b06_plasma_8w,motrpac_pass1b06_plasma_8w_trained_vs_sedentary_male,not_reported,male
pc(37:4)_feature5 [refmet: pc(37:4)_lp_e],pc(37:4)_lp_e,unclassified_no_refmet_match,-0.12405531,log2fc,0.8022393,1.0,benjamini_hochberg,within_male_stratum_pass1b06_plasma_8w_timewise_da_as_released,provided,not_selected,MoTrPAC_pass1b06_rat,motrpac_pass1b06_plasma_8w,motrpac_pass1b06_plasma_8w_trained_vs_sedentary_male,not_reported,male
oxidized glutathione,oxidized glutathione,Organic acids,-0.123354554,log2fc,0.87814826,1.0,benjamini_hochberg,within_male_stratum_pass1b06_plasma_8w_timewise_da_as_released,provided,not_selected,MoTrPAC_pass1b06_rat,motrpac_pass1b06_plasma_8w,motrpac_pass1b06_plasma_8w_trained_vs_sedentary_male,not_reported,male
n-acetylalanine,n-acetylalanine,Organic acids,0.122831084,log2fc,0.44740605,1.0,benjamini_hochberg,within_male_stratum_pass1b06_plasma_8w_timewise_da_as_released,provided,not_selected,MoTrPAC_pass1b06_rat,motrpac_pass1b06_plasma_8w,motrpac_pass1b06_plasma_8w_trained_vs_sedentary_male,not_reported,male
tg(57:1)>tg(16:0_18:1_23:0)_and_tg(18:0_18:1_21:0)_m+nh3_feature1 [refmet: tg(57:1)],tg(57:1),unclassified_no_refmet_match,-0.122829065,log2fc,0.74157524,1.0,benjamini_hochberg,within_male_stratum_pass1b06_plasma_8w_timewise_da_as_released,provided,not_selected,MoTrPAC_pass1b06_rat,motrpac_pass1b06_plasma_8w,motrpac_pass1b06_plasma_8w_trained_vs_sedentary_male,not_reported,male
pc(o-36:1)_feature3 [refmet: pc(o-36:1)_lp_c],pc(o-36:1)_lp_c,unclassified_no_refmet_match,0.12213795,log2fc,0.6336928,1.0,benjamini_hochberg,within_male_stratum_pass1b06_plasma_8w_timewise_da_as_released,provided,not_selected,MoTrPAC_pass1b06_rat,motrpac_pass1b06_plasma_8w,motrpac_pass1b06_plasma_8w_trained_vs_sedentary_male,not_reported,male
cer(d42:2)>cer(d18:1/24:1)_feature3 [refmet: cer(d18:1/24:1)_lp_c],cer(d18:1/24:1)_lp_c,unclassified_no_refmet_match,0.12127185,log2fc,0.48191935,1.0,benjamini_hochberg,within_male_stratum_pass1b06_plasma_8w_timewise_da_as_released,provided,not_selected,MoTrPAC_pass1b06_rat,motrpac_pass1b06_plasma_8w,motrpac_pass1b06_plasma_8w_trained_vs_sedentary_male,not_reported,male
n-acetylornithine,n-acetylornithine,Organic acids,0.121022254,log2fc,0.23741038,1.0,benjamini_hochberg,within_male_stratum_pass1b06_plasma_8w_timewise_da_as_released,provided,not_selected,MoTrPAC_pass1b06_rat,motrpac_pass1b06_plasma_8w,motrpac_pass1b06_plasma_8w_trained_vs_sedentary_male,not_reported,male
sm(d43:3)_feature1 [refmet: sm(d43:3)],sm(d43:3),unclassified_no_refmet_match,0.12084614,log2fc,0.4087223,1.0,benjamini_hochberg,within_male_stratum_pass1b06_plasma_8w_timewise_da_as_released,provided,not_selected,MoTrPAC_pass1b06_rat,motrpac_pass1b06_plasma_8w,motrpac_pass1b06_plasma_8w_trained_vs_sedentary_male,not_reported,male
choline [source metabolite label NA],choline,Organic nitrogen compounds,-0.12054157,log2fc,0.22911242,1.0,benjamini_hochberg,within_male_stratum_pass1b06_plasma_8w_timewise_da_as_released,provided,not_selected,MoTrPAC_pass1b06_rat,motrpac_pass1b06_plasma_8w,motrpac_pass1b06_plasma_8w_trained_vs_sedentary_male,not_reported,male
pc(o-36:0)_feature1 [refmet: pc(o-36:0)],pc(o-36:0),unclassified_no_refmet_match,-0.11949614,log2fc,0.5405456,1.0,benjamini_hochberg,within_male_stratum_pass1b06_plasma_8w_timewise_da_as_released,provided,not_selected,MoTrPAC_pass1b06_rat,motrpac_pass1b06_plasma_8w,motrpac_pass1b06_plasma_8w_trained_vs_sedentary_male,not_reported,male
asparagine [source metabolite label NA],asparagine,Organic acids,0.11945457,log2fc,0.059112716,1.0,benjamini_hochberg,within_male_stratum_pass1b06_plasma_8w_timewise_da_as_released,provided,not_selected,MoTrPAC_pass1b06_rat,motrpac_pass1b06_plasma_8w,motrpac_pass1b06_plasma_8w_trained_vs_sedentary_male,not_reported,male
pc(34:0)>pc(16:0/18:0)_m+h2co2_feature4 [refmet: pc(16:0/18:0)_ln_c],pc(16:0/18:0)_ln_c,unclassified_no_refmet_match,-0.11938611,log2fc,0.093007475,1.0,benjamini_hochberg,within_male_stratum_pass1b06_plasma_8w_timewise_da_as_released,provided,not_selected,MoTrPAC_pass1b06_rat,motrpac_pass1b06_plasma_8w,motrpac_pass1b06_plasma_8w_trained_vs_sedentary_male,not_reported,male
campesterol ester(18:2)_m+nh3_feature1 [refmet: campesterol ester(18:2)],campesterol ester(18:2),unclassified_no_refmet_match,0.11905008,log2fc,0.43957773,1.0,benjamini_hochberg,within_male_stratum_pass1b06_plasma_8w_timewise_da_as_released,provided,not_selected,MoTrPAC_pass1b06_rat,motrpac_pass1b06_plasma_8w,motrpac_pass1b06_plasma_8w_trained_vs_sedentary_male,not_reported,male
lpc(20:4/0:0)_feature2 [refmet: lpc(20:4/0:0)_lp_b],lpc(20:4/0:0)_lp_b,unclassified_no_refmet_match,0.118714444,log2fc,0.41364473,1.0,benjamini_hochberg,within_male_stratum_pass1b06_plasma_8w_timewise_da_as_released,provided,not_selected,MoTrPAC_pass1b06_rat,motrpac_pass1b06_plasma_8w,motrpac_pass1b06_plasma_8w_trained_vs_sedentary_male,not_reported,male
pc(40:4)_feature3 [refmet: pc(40:4)_lp_c],pc(40:4)_lp_c,unclassified_no_refmet_match,-0.11772451,log2fc,0.28462988,1.0,benjamini_hochberg,within_male_stratum_pass1b06_plasma_8w_timewise_da_as_released,provided,not_selected,MoTrPAC_pass1b06_rat,motrpac_pass1b06_plasma_8w,motrpac_pass1b06_plasma_8w_trained_vs_sedentary_male,not_reported,male
citrate+isocitrate [refmet: citric acid/isocitric acid],citric acid/isocitric acid,Organic acids,-0.11650407,log2fc,0.73361677,1.0,benjamini_hochberg,within_male_stratum_pass1b06_plasma_8w_timewise_da_as_released,provided,not_selected,MoTrPAC_pass1b06_rat,motrpac_pass1b06_plasma_8w,motrpac_pass1b06_plasma_8w_trained_vs_sedentary_male,not_reported,male
lpc(22:4)_feature1and2 [refmet: lpc(22:4)_lp_ab],lpc(22:4)_lp_ab,unclassified_no_refmet_match,0.11647129,log2fc,0.33793902,1.0,benjamini_hochberg,within_male_stratum_pass1b06_plasma_8w_timewise_da_as_released,provided,not_selected,MoTrPAC_pass1b06_rat,motrpac_pass1b06_plasma_8w,motrpac_pass1b06_plasma_8w_trained_vs_sedentary_male,not_reported,male
hexcer(d42:1)>hexcer(d18:1/24:0)_feature2 [refmet: hexcer(d42:1)_lp_b],hexcer(d42:1)_lp_b,unclassified_no_refmet_match,0.1158796,log2fc,0.7225385,1.0,benjamini_hochberg,within_male_stratum_pass1b06_plasma_8w_timewise_da_as_released,provided,not_selected,MoTrPAC_pass1b06_rat,motrpac_pass1b06_plasma_8w,motrpac_pass1b06_plasma_8w_trained_vs_sedentary_male,not_reported,male
lpe(22:6)_feature2 [refmet: lpe(22:6)_ln_b],lpe(22:6)_ln_b,unclassified_no_refmet_match,-0.11527076,log2fc,0.39865902,1.0,benjamini_hochberg,within_male_stratum_pass1b06_plasma_8w_timewise_da_as_released,provided,not_selected,MoTrPAC_pass1b06_rat,motrpac_pass1b06_plasma_8w,motrpac_pass1b06_plasma_8w_trained_vs_sedentary_male,not_reported,male
fa(20:0) [refmet: arachidic acid],arachidic acid,Fatty Acyls,0.1140135,log2fc,0.5197622,1.0,benjamini_hochberg,within_male_stratum_pass1b06_plasma_8w_timewise_da_as_released,provided,not_selected,MoTrPAC_pass1b06_rat,motrpac_pass1b06_plasma_8w,motrpac_pass1b06_plasma_8w_trained_vs_sedentary_male,not_reported,male
allantoin,allantoin,Organoheterocyclic compounds,0.11365222,log2fc,0.4497408,1.0,benjamini_hochberg,within_male_stratum_pass1b06_plasma_8w_timewise_da_as_released,provided,not_selected,MoTrPAC_pass1b06_rat,motrpac_pass1b06_plasma_8w,motrpac_pass1b06_plasma_8w_trained_vs_sedentary_male,not_reported,male
tg(53:4)>tg(17:0_18:2_18:2)_and_tg(17:1_18:1_18:2)_m+nh3_feature1 [refmet: tg(53:4)_lp_a],tg(53:4)_lp_a,unclassified_no_refmet_match,-0.11353244,log2fc,0.6354141,1.0,benjamini_hochberg,within_male_stratum_pass1b06_plasma_8w_timewise_da_as_released,provided,not_selected,MoTrPAC_pass1b06_rat,motrpac_pass1b06_plasma_8w,motrpac_pass1b06_plasma_8w_trained_vs_sedentary_male,not_reported,male
car(16:1)_feature1 [refmet: car(16:1)_lp_a],car(16:1)_lp_a,unclassified_no_refmet_match,-0.11307219,log2fc,0.61997205,1.0,benjamini_hochberg,within_male_stratum_pass1b06_plasma_8w_timewise_da_as_released,provided,not_selected,MoTrPAC_pass1b06_rat,motrpac_pass1b06_plasma_8w,motrpac_pass1b06_plasma_8w_trained_vs_sedentary_male,not_reported,male
hexcer(d42:2)_m+h2co2_feature3 [refmet: hexcer(d42:2)_ln_c],hexcer(d42:2)_ln_c,unclassified_no_refmet_match,-0.11306606,log2fc,0.6367162,1.0,benjamini_hochberg,within_male_stratum_pass1b06_plasma_8w_timewise_da_as_released,provided,not_selected,MoTrPAC_pass1b06_rat,motrpac_pass1b06_plasma_8w,motrpac_pass1b06_plasma_8w_trained_vs_sedentary_male,not_reported,male
car(20:1-oh)_feature1 [refmet: car(20:1(oh))],car(20:1(oh)),unclassified_no_refmet_match,-0.11277689,log2fc,0.6586416,1.0,benjamini_hochberg,within_male_stratum_pass1b06_plasma_8w_timewise_da_as_released,provided,not_selected,MoTrPAC_pass1b06_rat,motrpac_pass1b06_plasma_8w,motrpac_pass1b06_plasma_8w_trained_vs_sedentary_male,not_reported,male
sm(d34:1) [source metabolite label NA],sm(d34:1),unclassified_no_refmet_match,0.11207018,log2fc,0.21821995,1.0,benjamini_hochberg,within_male_stratum_pass1b06_plasma_8w_timewise_da_as_released,provided,not_selected,MoTrPAC_pass1b06_rat,motrpac_pass1b06_plasma_8w,motrpac_pass1b06_plasma_8w_trained_vs_sedentary_male,not_reported,male
cysteine,cysteine,Organic acids,0.11171999,log2fc,0.42228025,1.0,benjamini_hochberg,within_male_stratum_pass1b06_plasma_8w_timewise_da_as_released,provided,not_selected,MoTrPAC_pass1b06_rat,motrpac_pass1b06_plasma_8w,motrpac_pass1b06_plasma_8w_trained_vs_sedentary_male,not_reported,male
pe(o-40:6)>pe(o-18:1/22:5)_feature5 [refmet: pe(o-18:1/22:5)_lp_e],pe(o-18:1/22:5)_lp_e,unclassified_no_refmet_match,0.11031054,log2fc,0.5627288,1.0,benjamini_hochberg,within_male_stratum_pass1b06_plasma_8w_timewise_da_as_released,provided,not_selected,MoTrPAC_pass1b06_rat,motrpac_pass1b06_plasma_8w,motrpac_pass1b06_plasma_8w_trained_vs_sedentary_male,not_reported,male
tg(52:7)_m+nh3_feature2 [refmet: tg(52:7)_lp_b],tg(52:7)_lp_b,unclassified_no_refmet_match,0.11016349,log2fc,0.74448264,1.0,benjamini_hochberg,within_male_stratum_pass1b06_plasma_8w_timewise_da_as_released,provided,not_selected,MoTrPAC_pass1b06_rat,motrpac_pass1b06_plasma_8w,motrpac_pass1b06_plasma_8w_trained_vs_sedentary_male,not_reported,male
pe(34:2)_feature2 [refmet: pe(34:2)_lp_b],pe(34:2)_lp_b,unclassified_no_refmet_match,-0.10948298,log2fc,0.43847513,1.0,benjamini_hochberg,within_male_stratum_pass1b06_plasma_8w_timewise_da_as_released,provided,not_selected,MoTrPAC_pass1b06_rat,motrpac_pass1b06_plasma_8w,motrpac_pass1b06_plasma_8w_trained_vs_sedentary_male,not_reported,male
lactic acid [source metabolite label NA],lactic acid,Organic acids,-0.109090194,log2fc,0.420164,1.0,benjamini_hochberg,within_male_stratum_pass1b06_plasma_8w_timewise_da_as_released,provided,not_selected,MoTrPAC_pass1b06_rat,motrpac_pass1b06_plasma_8w,motrpac_pass1b06_plasma_8w_trained_vs_sedentary_male,not_reported,male
sm(d44:3)_feature1 [refmet: sm(d44:3)],sm(d44:3),unclassified_no_refmet_match,0.10901076,log2fc,0.563017,1.0,benjamini_hochberg,within_male_stratum_pass1b06_plasma_8w_timewise_da_as_released,provided,not_selected,MoTrPAC_pass1b06_rat,motrpac_pass1b06_plasma_8w,motrpac_pass1b06_plasma_8w_trained_vs_sedentary_male,not_reported,male
tg(52:5)>tg(16:1_18:2_18:2)_m+nh3_feature1 [refmet: tg(16:1_18:2_18:2)_lp_a],tg(16:1_18:2_18:2)_lp_a,unclassified_no_refmet_match,-0.108304694,log2fc,0.7520443,1.0,benjamini_hochberg,within_male_stratum_pass1b06_plasma_8w_timewise_da_as_released,provided,not_selected,MoTrPAC_pass1b06_rat,motrpac_pass1b06_plasma_8w,motrpac_pass1b06_plasma_8w_trained_vs_sedentary_male,not_reported,male
tg(54:1)>tg(18:0_18:0_18:1)_and_tg(16:1_18:0_20:0)_and_tg(16:0_18:0_20:1)_m+nh3_feature3 [refmet: tg(54:1)_lp_c],tg(54:1)_lp_c,unclassified_no_refmet_match,-0.10807481,log2fc,0.62389666,1.0,benjamini_hochberg,within_male_stratum_pass1b06_plasma_8w_timewise_da_as_released,provided,not_selected,MoTrPAC_pass1b06_rat,motrpac_pass1b06_plasma_8w,motrpac_pass1b06_plasma_8w_trained_vs_sedentary_male,not_reported,male
pe(o-40:8)>pe(o-18:2/22:6)_feature2 [refmet: pe(o-40:8)_lp_b],pe(o-40:8)_lp_b,unclassified_no_refmet_match,-0.107638754,log2fc,0.52954435,1.0,benjamini_hochberg,within_male_stratum_pass1b06_plasma_8w_timewise_da_as_released,provided,not_selected,MoTrPAC_pass1b06_rat,motrpac_pass1b06_plasma_8w,motrpac_pass1b06_plasma_8w_trained_vs_sedentary_male,not_reported,male
sm(d36:2) [source metabolite label NA],sm(d36:2),unclassified_no_refmet_match,-0.1073928,log2fc,0.26657903,1.0,benjamini_hochberg,within_male_stratum_pass1b06_plasma_8w_timewise_da_as_released,provided,not_selected,MoTrPAC_pass1b06_rat,motrpac_pass1b06_plasma_8w,motrpac_pass1b06_plasma_8w_trained_vs_sedentary_male,not_reported,male
taurine [source metabolite label NA],taurine,Organic acids,-0.10662165,log2fc,0.22484088,1.0,benjamini_hochberg,within_male_stratum_pass1b06_plasma_8w_timewise_da_as_released,provided,not_selected,MoTrPAC_pass1b06_rat,motrpac_pass1b06_plasma_8w,motrpac_pass1b06_plasma_8w_trained_vs_sedentary_male,not_reported,male
tg(54:8)_m+nh3_feature2 [refmet: tg(54:8)_lp_b],tg(54:8)_lp_b,unclassified_no_refmet_match,-0.10638054,log2fc,0.75700104,1.0,benjamini_hochberg,within_male_stratum_pass1b06_plasma_8w_timewise_da_as_released,provided,not_selected,MoTrPAC_pass1b06_rat,motrpac_pass1b06_plasma_8w,motrpac_pass1b06_plasma_8w_trained_vs_sedentary_male,not_reported,male
1-methylhistidine,1-methylhistidine,Organic acids,-0.10503774,log2fc,0.44853508,1.0,benjamini_hochberg,within_male_stratum_pass1b06_plasma_8w_timewise_da_as_released,provided,not_selected,MoTrPAC_pass1b06_rat,motrpac_pass1b06_plasma_8w,motrpac_pass1b06_plasma_8w_trained_vs_sedentary_male,not_reported,male
creatine [source metabolite label NA],creatine,Organic acids,0.10481269,log2fc,0.38620958,1.0,benjamini_hochberg,within_male_stratum_pass1b06_plasma_8w_timewise_da_as_released,provided,not_selected,MoTrPAC_pass1b06_rat,motrpac_pass1b06_plasma_8w,motrpac_pass1b06_plasma_8w_trained_vs_sedentary_male,not_reported,male
c38:6 pc plasmalogen [refmet: pc(p-38:5)/pc(o-38:6)],pc(p-38:5)/pc(o-38:6),unclassified_no_refmet_match,-0.10442981,log2fc,0.31682992,1.0,benjamini_hochberg,within_male_stratum_pass1b06_plasma_8w_timewise_da_as_released,provided,not_selected,MoTrPAC_pass1b06_rat,motrpac_pass1b06_plasma_8w,motrpac_pass1b06_plasma_8w_trained_vs_sedentary_male,not_reported,male
pi(38:4)>pi(18:0_20:4)_feature2 [refmet: pi(18:0_20:4)_lp_b],pi(18:0_20:4)_lp_b,unclassified_no_refmet_match,-0.10433753,log2fc,0.48302084,1.0,benjamini_hochberg,within_male_stratum_pass1b06_plasma_8w_timewise_da_as_released,provided,not_selected,MoTrPAC_pass1b06_rat,motrpac_pass1b06_plasma_8w,motrpac_pass1b06_plasma_8w_trained_vs_sedentary_male,not_reported,male
hippuric acid [source metabolite label NA],hippuric acid,Benzenoids,-0.10419249,log2fc,0.73165536,1.0,benjamini_hochberg,within_male_stratum_pass1b06_plasma_8w_timewise_da_as_released,provided,not_selected,MoTrPAC_pass1b06_rat,motrpac_pass1b06_plasma_8w,motrpac_pass1b06_plasma_8w_trained_vs_sedentary_male,not_reported,male
cer(d40:2)>cer(d18:2/22:0)_feature2 [refmet: cer(d18:2/22:0)_lp_b],cer(d18:2/22:0)_lp_b,unclassified_no_refmet_match,0.10343506,log2fc,0.42929578,1.0,benjamini_hochberg,within_male_stratum_pass1b06_plasma_8w_timewise_da_as_released,provided,not_selected,MoTrPAC_pass1b06_rat,motrpac_pass1b06_plasma_8w,motrpac_pass1b06_plasma_8w_trained_vs_sedentary_male,not_reported,male
car(4:0) [source metabolite label NA],car(4:0),unclassified_no_refmet_match,0.10330082,log2fc,0.4825079,1.0,benjamini_hochberg,within_male_stratum_pass1b06_plasma_8w_timewise_da_as_released,provided,not_selected,MoTrPAC_pass1b06_rat,motrpac_pass1b06_plasma_8w,motrpac_pass1b06_plasma_8w_trained_vs_sedentary_male,not_reported,male
"n6,n6,n6-trimethyllysine [refmet: n-6-trimethyllysine]",n-6-trimethyllysine,Organic acids,-0.10308275,log2fc,0.21664259,1.0,benjamini_hochberg,within_male_stratum_pass1b06_plasma_8w_timewise_da_as_released,provided,not_selected,MoTrPAC_pass1b06_rat,motrpac_pass1b06_plasma_8w,motrpac_pass1b06_plasma_8w_trained_vs_sedentary_male,not_reported,male
sm(d43:2)_m+h2co2_feature1 [refmet: sm(d43:2)_ln_b],sm(d43:2)_ln_b,unclassified_no_refmet_match,-0.10220993,log2fc,0.4978496,1.0,benjamini_hochberg,within_male_stratum_pass1b06_plasma_8w_timewise_da_as_released,provided,not_selected,MoTrPAC_pass1b06_rat,motrpac_pass1b06_plasma_8w,motrpac_pass1b06_plasma_8w_trained_vs_sedentary_male,not_reported,male
tg(56:4)>tg(18:0_18:0_20:4)_m+nh3_feature5 [refmet: tg(56:4)_lp_e],tg(56:4)_lp_e,unclassified_no_refmet_match,-0.10217727,log2fc,0.58971715,1.0,benjamini_hochberg,within_male_stratum_pass1b06_plasma_8w_timewise_da_as_released,provided,not_selected,MoTrPAC_pass1b06_rat,motrpac_pass1b06_plasma_8w,motrpac_pass1b06_plasma_8w_trained_vs_sedentary_male,not_reported,male
c22:4 lpc [refmet: lpc(22:4)],lpc(22:4),unclassified_no_refmet_match,0.10216335,log2fc,0.46184164,1.0,benjamini_hochberg,within_male_stratum_pass1b06_plasma_8w_timewise_da_as_released,provided,not_selected,MoTrPAC_pass1b06_rat,motrpac_pass1b06_plasma_8w,motrpac_pass1b06_plasma_8w_trained_vs_sedentary_male,not_reported,male
pc(36:3)_feature1 [refmet: pc(36:3)_lp_a],pc(36:3)_lp_a,unclassified_no_refmet_match,0.10117711,log2fc,0.5143258,1.0,benjamini_hochberg,within_male_stratum_pass1b06_plasma_8w_timewise_da_as_released,provided,not_selected,MoTrPAC_pass1b06_rat,motrpac_pass1b06_plasma_8w,motrpac_pass1b06_plasma_8w_trained_vs_sedentary_male,not_reported,male
pe(o-38:5)_feature3 [refmet: pe(o-38:5)_lp_c],pe(o-38:5)_lp_c,unclassified_no_refmet_match,0.10108779,log2fc,0.84620416,1.0,benjamini_hochberg,within_male_stratum_pass1b06_plasma_8w_timewise_da_as_released,provided,not_selected,MoTrPAC_pass1b06_rat,motrpac_pass1b06_plasma_8w,motrpac_pass1b06_plasma_8w_trained_vs_sedentary_male,not_reported,male
ce(20:4)_m+nh3_feature1 [refmet: ce(20:4)_lp_a],ce(20:4)_lp_a,unclassified_no_refmet_match,-0.10102079,log2fc,0.5079043,1.0,benjamini_hochberg,within_male_stratum_pass1b06_plasma_8w_timewise_da_as_released,provided,not_selected,MoTrPAC_pass1b06_rat,motrpac_pass1b06_plasma_8w,motrpac_pass1b06_plasma_8w_trained_vs_sedentary_male,not_reported,male
pi(36:2)>pi(18:0_18:2)_feature2 [refmet: pi(18:0_18:2)_ln_b],pi(18:0_18:2)_ln_b,unclassified_no_refmet_match,0.10038586,log2fc,0.31762528,1.0,benjamini_hochberg,within_male_stratum_pass1b06_plasma_8w_timewise_da_as_released,provided,not_selected,MoTrPAC_pass1b06_rat,motrpac_pass1b06_plasma_8w,motrpac_pass1b06_plasma_8w_trained_vs_sedentary_male,not_reported,male
car(16:2)_feature1 [refmet: car(16:2)_lp_a],car(16:2)_lp_a,unclassified_no_refmet_match,-0.09992174,log2fc,0.69725746,1.0,benjamini_hochberg,within_male_stratum_pass1b06_plasma_8w_timewise_da_as_released,provided,not_selected,MoTrPAC_pass1b06_rat,motrpac_pass1b06_plasma_8w,motrpac_pass1b06_plasma_8w_trained_vs_sedentary_male,not_reported,male
lpc(22:6/0:0)_and_lpc(0:0/22:6)_feature1and2 [refmet: lpc(22:6)_lp_ab],lpc(22:6)_lp_ab,unclassified_no_refmet_match,0.09942735,log2fc,0.41998434,1.0,benjamini_hochberg,within_male_stratum_pass1b06_plasma_8w_timewise_da_as_released,provided,not_selected,MoTrPAC_pass1b06_rat,motrpac_pass1b06_plasma_8w,motrpac_pass1b06_plasma_8w_trained_vs_sedentary_male,not_reported,male
phenylacetylglycine,phenylacetylglycine,Organic acids,-0.09801574,log2fc,0.75892293,1.0,benjamini_hochberg,within_male_stratum_pass1b06_plasma_8w_timewise_da_as_released,provided,not_selected,MoTrPAC_pass1b06_rat,motrpac_pass1b06_plasma_8w,motrpac_pass1b06_plasma_8w_trained_vs_sedentary_male,not_reported,male
tg(53:4)>tg(17:0_18:2_18:2)_and_tg(17:1_18:1_18:2)_m+nh3_feature2 [refmet: tg(53:4)_lp_b],tg(53:4)_lp_b,unclassified_no_refmet_match,0.096652664,log2fc,0.77016276,1.0,benjamini_hochberg,within_male_stratum_pass1b06_plasma_8w_timewise_da_as_released,provided,not_selected,MoTrPAC_pass1b06_rat,motrpac_pass1b06_plasma_8w,motrpac_pass1b06_plasma_8w_trained_vs_sedentary_male,not_reported,male
isoleucine [source metabolite label NA],isoleucine,Organic acids,0.09634527,log2fc,0.21613136,1.0,benjamini_hochberg,within_male_stratum_pass1b06_plasma_8w_timewise_da_as_released,provided,not_selected,MoTrPAC_pass1b06_rat,motrpac_pass1b06_plasma_8w,motrpac_pass1b06_plasma_8w_trained_vs_sedentary_male,not_reported,male
cis-aconitic acid [source metabolite label NA],cis-aconitic acid,Organic acids,-0.09626297,log2fc,0.71152705,1.0,benjamini_hochberg,within_male_stratum_pass1b06_plasma_8w_timewise_da_as_released,provided,not_selected,MoTrPAC_pass1b06_rat,motrpac_pass1b06_plasma_8w,motrpac_pass1b06_plasma_8w_trained_vs_sedentary_male,not_reported,male
taurohyocoholate [refmet: taurohyocholic acid],taurohyocholic acid,Sterol Lipids,0.09614139,log2fc,0.8941608,1.0,benjamini_hochberg,within_male_stratum_pass1b06_plasma_8w_timewise_da_as_released,provided,not_selected,MoTrPAC_pass1b06_rat,motrpac_pass1b06_plasma_8w,motrpac_pass1b06_plasma_8w_trained_vs_sedentary_male,not_reported,male
pc(37:0)_feature4 [refmet: pc(37:0)_lp_d],pc(37:0)_lp_d,unclassified_no_refmet_match,0.09609209,log2fc,0.54508466,1.0,benjamini_hochberg,within_male_stratum_pass1b06_plasma_8w_timewise_da_as_released,provided,not_selected,MoTrPAC_pass1b06_rat,motrpac_pass1b06_plasma_8w,motrpac_pass1b06_plasma_8w_trained_vs_sedentary_male,not_reported,male
pc(o-38:7)_feature1 [refmet: pc(o-38:7)_lp_a],pc(o-38:7)_lp_a,unclassified_no_refmet_match,0.09566799,log2fc,0.6155536,1.0,benjamini_hochberg,within_male_stratum_pass1b06_plasma_8w_timewise_da_as_released,provided,not_selected,MoTrPAC_pass1b06_rat,motrpac_pass1b06_plasma_8w,motrpac_pass1b06_plasma_8w_trained_vs_sedentary_male,not_reported,male
hexose,hexose,Carbohydrates,-0.09557093,log2fc,0.5767899,1.0,benjamini_hochberg,within_male_stratum_pass1b06_plasma_8w_timewise_da_as_released,provided,not_selected,MoTrPAC_pass1b06_rat,motrpac_pass1b06_plasma_8w,motrpac_pass1b06_plasma_8w_trained_vs_sedentary_male,not_reported,male
pc(40:4)_feature2 [refmet: pc(40:4)_lp_b],pc(40:4)_lp_b,unclassified_no_refmet_match,-0.09555661,log2fc,0.5285397,1.0,benjamini_hochberg,within_male_stratum_pass1b06_plasma_8w_timewise_da_as_released,provided,not_selected,MoTrPAC_pass1b06_rat,motrpac_pass1b06_plasma_8w,motrpac_pass1b06_plasma_8w_trained_vs_sedentary_male,not_reported,male
tg(51:5)>tg(15:0_18:2_18:3)_and_tg(15:1_18:2_18:2)_m+nh3_feature2 [refmet: tg(51:5)_lp_b],tg(51:5)_lp_b,unclassified_no_refmet_match,-0.095042,log2fc,0.81854004,1.0,benjamini_hochberg,within_male_stratum_pass1b06_plasma_8w_timewise_da_as_released,provided,not_selected,MoTrPAC_pass1b06_rat,motrpac_pass1b06_plasma_8w,motrpac_pass1b06_plasma_8w_trained_vs_sedentary_male,not_reported,male
cer(d40:0)>cer(d18:0/22:0)_feature1 [refmet: cer(d18:0/22:0)],cer(d18:0/22:0),unclassified_no_refmet_match,0.09476903,log2fc,0.77925205,1.0,benjamini_hochberg,within_male_stratum_pass1b06_plasma_8w_timewise_da_as_released,provided,not_selected,MoTrPAC_pass1b06_rat,motrpac_pass1b06_plasma_8w,motrpac_pass1b06_plasma_8w_trained_vs_sedentary_male,not_reported,male
pi(16:0_20:4) [source metabolite label NA],pi(16:0_20:4),unclassified_no_refmet_match,0.09442659,log2fc,0.16965279,1.0,benjamini_hochberg,within_male_stratum_pass1b06_plasma_8w_timewise_da_as_released,provided,not_selected,MoTrPAC_pass1b06_rat,motrpac_pass1b06_plasma_8w,motrpac_pass1b06_plasma_8w_trained_vs_sedentary_male,not_reported,male
pe(o-40:3)>pe(o-18:0/22:3)_feature1 [refmet: pe(o-18:0/22:3)],pe(o-18:0/22:3),unclassified_no_refmet_match,-0.09426016,log2fc,0.49300712,1.0,benjamini_hochberg,within_male_stratum_pass1b06_plasma_8w_timewise_da_as_released,provided,not_selected,MoTrPAC_pass1b06_rat,motrpac_pass1b06_plasma_8w,motrpac_pass1b06_plasma_8w_trained_vs_sedentary_male,not_reported,male
pe(34:2)>pe(16:0_18:2)_feature2 [refmet: pe(16:0_18:2)_ln_b],pe(16:0_18:2)_ln_b,unclassified_no_refmet_match,-0.09414853,log2fc,0.582582,1.0,benjamini_hochberg,within_male_stratum_pass1b06_plasma_8w_timewise_da_as_released,provided,not_selected,MoTrPAC_pass1b06_rat,motrpac_pass1b06_plasma_8w,motrpac_pass1b06_plasma_8w_trained_vs_sedentary_male,not_reported,male
5-hete,5-hete,Fatty Acyls,-0.09339169,log2fc,0.5348481,1.0,benjamini_hochberg,within_male_stratum_pass1b06_plasma_8w_timewise_da_as_released,provided,not_selected,MoTrPAC_pass1b06_rat,motrpac_pass1b06_plasma_8w,motrpac_pass1b06_plasma_8w_trained_vs_sedentary_male,not_reported,male
c14:0 sm [refmet: sm(d18:1/14:0)],sm(d18:1/14:0),unclassified_no_refmet_match,-0.09333844,log2fc,0.8523373,1.0,benjamini_hochberg,within_male_stratum_pass1b06_plasma_8w_timewise_da_as_released,provided,not_selected,MoTrPAC_pass1b06_rat,motrpac_pass1b06_plasma_8w,motrpac_pass1b06_plasma_8w_trained_vs_sedentary_male,not_reported,male
trigonelline,trigonelline,Alkaloids,-0.093240455,log2fc,0.6059507,1.0,benjamini_hochberg,within_male_stratum_pass1b06_plasma_8w_timewise_da_as_released,provided,not_selected,MoTrPAC_pass1b06_rat,motrpac_pass1b06_plasma_8w,motrpac_pass1b06_plasma_8w_trained_vs_sedentary_male,not_reported,male
pc(o-32:0)_feature1 [refmet: pc(o-32:0)],pc(o-32:0),unclassified_no_refmet_match,-0.09309463,log2fc,0.7691264,1.0,benjamini_hochberg,within_male_stratum_pass1b06_plasma_8w_timewise_da_as_released,provided,not_selected,MoTrPAC_pass1b06_rat,motrpac_pass1b06_plasma_8w,motrpac_pass1b06_plasma_8w_trained_vs_sedentary_male,not_reported,male
cer(d43:1)>cer(d18:1/25:0)_feature1 [refmet: cer(d18:1/25:0)_lp_a],cer(d18:1/25:0)_lp_a,unclassified_no_refmet_match,0.09306124,log2fc,0.6175245,1.0,benjamini_hochberg,within_male_stratum_pass1b06_plasma_8w_timewise_da_as_released,provided,not_selected,MoTrPAC_pass1b06_rat,motrpac_pass1b06_plasma_8w,motrpac_pass1b06_plasma_8w_trained_vs_sedentary_male,not_reported,male
pe(o-38:6)>pe(o-18:2/20:4)_and_pe(o-16:1/22:5)_feature2 [refmet: pe(o-38:6)_lp_b],pe(o-38:6)_lp_b,unclassified_no_refmet_match,-0.09282459,log2fc,0.8413954,1.0,benjamini_hochberg,within_male_stratum_pass1b06_plasma_8w_timewise_da_as_released,provided,not_selected,MoTrPAC_pass1b06_rat,motrpac_pass1b06_plasma_8w,motrpac_pass1b06_plasma_8w_trained_vs_sedentary_male,not_reported,male
niacinamide [source metabolite label NA],niacinamide,Alkaloids,-0.09257673,log2fc,0.39235222,1.0,benjamini_hochberg,within_male_stratum_pass1b06_plasma_8w_timewise_da_as_released,provided,not_selected,MoTrPAC_pass1b06_rat,motrpac_pass1b06_plasma_8w,motrpac_pass1b06_plasma_8w_trained_vs_sedentary_male,not_reported,male
c24:1 ceramide (d18:1) [refmet: cer(d18:0/24:1)],cer(d18:0/24:1),unclassified_no_refmet_match,0.092102684,log2fc,0.54641557,1.0,benjamini_hochberg,within_male_stratum_pass1b06_plasma_8w_timewise_da_as_released,provided,not_selected,MoTrPAC_pass1b06_rat,motrpac_pass1b06_plasma_8w,motrpac_pass1b06_plasma_8w_trained_vs_sedentary_male,not_reported,male
oleoyl-ea,oleoyl-ea,Fatty Acyls,-0.092073865,log2fc,0.8913902,1.0,benjamini_hochberg,within_male_stratum_pass1b06_plasma_8w_timewise_da_as_released,provided,not_selected,MoTrPAC_pass1b06_rat,motrpac_pass1b06_plasma_8w,motrpac_pass1b06_plasma_8w_trained_vs_sedentary_male,not_reported,male
3-hydroxybutyrate [refmet: 3-hydroxybutyric acid],3-hydroxybutyric acid,Fatty Acyls,-0.09202686,log2fc,0.6268781,1.0,benjamini_hochberg,within_male_stratum_pass1b06_plasma_8w_timewise_da_as_released,provided,not_selected,MoTrPAC_pass1b06_rat,motrpac_pass1b06_plasma_8w,motrpac_pass1b06_plasma_8w_trained_vs_sedentary_male,not_reported,male
lpc(16:0)_feature2 [refmet: lpc(16:0)_ln_b],lpc(16:0)_ln_b,unclassified_no_refmet_match,0.09178189,log2fc,0.49030948,1.0,benjamini_hochberg,within_male_stratum_pass1b06_plasma_8w_timewise_da_as_released,provided,not_selected,MoTrPAC_pass1b06_rat,motrpac_pass1b06_plasma_8w,motrpac_pass1b06_plasma_8w_trained_vs_sedentary_male,not_reported,male
car(10:0-oh)_feature1 [refmet: car(10:0(oh))],car(10:0(oh)),unclassified_no_refmet_match,0.09165557,log2fc,0.68436766,1.0,benjamini_hochberg,within_male_stratum_pass1b06_plasma_8w_timewise_da_as_released,provided,not_selected,MoTrPAC_pass1b06_rat,motrpac_pass1b06_plasma_8w,motrpac_pass1b06_plasma_8w_trained_vs_sedentary_male,not_reported,male
lpc(17:0)_a_b [refmet: lpc(17:0)],lpc(17:0),unclassified_no_refmet_match,-0.09150756,log2fc,0.5841854,1.0,benjamini_hochberg,within_male_stratum_pass1b06_plasma_8w_timewise_da_as_released,provided,not_selected,MoTrPAC_pass1b06_rat,motrpac_pass1b06_plasma_8w,motrpac_pass1b06_plasma_8w_trained_vs_sedentary_male,not_reported,male
valine,valine,Organic acids,0.09146749,log2fc,0.28860304,1.0,benjamini_hochberg,within_male_stratum_pass1b06_plasma_8w_timewise_da_as_released,provided,not_selected,MoTrPAC_pass1b06_rat,motrpac_pass1b06_plasma_8w,motrpac_pass1b06_plasma_8w_trained_vs_sedentary_male,not_reported,male
pe(o-40:6)>pe(o-18:1/22:5)_feature4 [refmet: pe(o-18:1/22:5)_lp_d],pe(o-18:1/22:5)_lp_d,unclassified_no_refmet_match,-0.091425315,log2fc,0.719736,1.0,benjamini_hochberg,within_male_stratum_pass1b06_plasma_8w_timewise_da_as_released,provided,not_selected,MoTrPAC_pass1b06_rat,motrpac_pass1b06_plasma_8w,motrpac_pass1b06_plasma_8w_trained_vs_sedentary_male,not_reported,male
methionine sulfoxide,methionine sulfoxide,Organic acids,0.08999556,log2fc,0.6984882,1.0,benjamini_hochberg,within_male_stratum_pass1b06_plasma_8w_timewise_da_as_released,provided,not_selected,MoTrPAC_pass1b06_rat,motrpac_pass1b06_plasma_8w,motrpac_pass1b06_plasma_8w_trained_vs_sedentary_male,not_reported,male
ketoisovalerate [refmet: ketoisovaleric acid],ketoisovaleric acid,Fatty Acyls,0.089991845,log2fc,0.3976381,1.0,benjamini_hochberg,within_male_stratum_pass1b06_plasma_8w_timewise_da_as_released,provided,not_selected,MoTrPAC_pass1b06_rat,motrpac_pass1b06_plasma_8w,motrpac_pass1b06_plasma_8w_trained_vs_sedentary_male,not_reported,male
sm(d32:1) [source metabolite label NA],sm(d32:1),unclassified_no_refmet_match,0.089811295,log2fc,0.4410158,1.0,benjamini_hochberg,within_male_stratum_pass1b06_plasma_8w_timewise_da_as_released,provided,not_selected,MoTrPAC_pass1b06_rat,motrpac_pass1b06_plasma_8w,motrpac_pass1b06_plasma_8w_trained_vs_sedentary_male,not_reported,male
pc(35:0)_feature3 [refmet: pc(35:0)_lp_c],pc(35:0)_lp_c,unclassified_no_refmet_match,0.08918575,log2fc,0.5009283,1.0,benjamini_hochberg,within_male_stratum_pass1b06_plasma_8w_timewise_da_as_released,provided,not_selected,MoTrPAC_pass1b06_rat,motrpac_pass1b06_plasma_8w,motrpac_pass1b06_plasma_8w_trained_vs_sedentary_male,not_reported,male
fa(24:1) [refmet: tetracosenoic acid],tetracosenoic acid,Fatty Acyls,-0.08917618,log2fc,0.66493344,1.0,benjamini_hochberg,within_male_stratum_pass1b06_plasma_8w_timewise_da_as_released,provided,not_selected,MoTrPAC_pass1b06_rat,motrpac_pass1b06_plasma_8w,motrpac_pass1b06_plasma_8w_trained_vs_sedentary_male,not_reported,male
fa(12:1) [refmet: dodecenoic acid],dodecenoic acid,Fatty Acyls,-0.08896267,log2fc,0.6173986,1.0,benjamini_hochberg,within_male_stratum_pass1b06_plasma_8w_timewise_da_as_released,provided,not_selected,MoTrPAC_pass1b06_rat,motrpac_pass1b06_plasma_8w,motrpac_pass1b06_plasma_8w_trained_vs_sedentary_male,not_reported,male
tg(46:2)_m+nh3_feature2 [refmet: tg(46:2)_lp_b],tg(46:2)_lp_b,unclassified_no_refmet_match,-0.08826419,log2fc,0.86427957,1.0,benjamini_hochberg,within_male_stratum_pass1b06_plasma_8w_timewise_da_as_released,provided,not_selected,MoTrPAC_pass1b06_rat,motrpac_pass1b06_plasma_8w,motrpac_pass1b06_plasma_8w_trained_vs_sedentary_male,not_reported,male
sie(20:4)_m+nh3_feature1 [refmet: sitosterol ester(20:4)_lp_a],sitosterol ester(20:4)_lp_a,unclassified_no_refmet_match,-0.087911256,log2fc,0.68569845,1.0,benjamini_hochberg,within_male_stratum_pass1b06_plasma_8w_timewise_da_as_released,provided,not_selected,MoTrPAC_pass1b06_rat,motrpac_pass1b06_plasma_8w,motrpac_pass1b06_plasma_8w_trained_vs_sedentary_male,not_reported,male
imidazole propionate [refmet: imidazolepropionic acid],imidazolepropionic acid,Alkaloids,-0.08751818,log2fc,0.74015903,1.0,benjamini_hochberg,within_male_stratum_pass1b06_plasma_8w_timewise_da_as_released,provided,not_selected,MoTrPAC_pass1b06_rat,motrpac_pass1b06_plasma_8w,motrpac_pass1b06_plasma_8w_trained_vs_sedentary_male,not_reported,male
n6-methyllysine [refmet: n(6)-methyllysine],n(6)-methyllysine,Organic acids,0.08741715,log2fc,0.41011217,1.0,benjamini_hochberg,within_male_stratum_pass1b06_plasma_8w_timewise_da_as_released,provided,not_selected,MoTrPAC_pass1b06_rat,motrpac_pass1b06_plasma_8w,motrpac_pass1b06_plasma_8w_trained_vs_sedentary_male,not_reported,male
tg(58:5)_m+nh3_feature5 [refmet: tg(58:5)_lp_e],tg(58:5)_lp_e,unclassified_no_refmet_match,-0.08618999,log2fc,0.7955496,1.0,benjamini_hochberg,within_male_stratum_pass1b06_plasma_8w_timewise_da_as_released,provided,not_selected,MoTrPAC_pass1b06_rat,motrpac_pass1b06_plasma_8w,motrpac_pass1b06_plasma_8w_trained_vs_sedentary_male,not_reported,male
pc(43:4)_feature1 [refmet: pc(43:4)],pc(43:4),unclassified_no_refmet_match,-0.08587838,log2fc,0.59563833,1.0,benjamini_hochberg,within_male_stratum_pass1b06_plasma_8w_timewise_da_as_released,provided,not_selected,MoTrPAC_pass1b06_rat,motrpac_pass1b06_plasma_8w,motrpac_pass1b06_plasma_8w_trained_vs_sedentary_male,not_reported,male
cer(d18:1/16:0) [source metabolite label NA],cer(d18:1/16:0),unclassified_no_refmet_match,0.08580362,log2fc,0.44506145,1.0,benjamini_hochberg,within_male_stratum_pass1b06_plasma_8w_timewise_da_as_released,provided,not_selected,MoTrPAC_pass1b06_rat,motrpac_pass1b06_plasma_8w,motrpac_pass1b06_plasma_8w_trained_vs_sedentary_male,not_reported,male
cer(d40:1)>cer(d18:1/22:0)_feature1 [refmet: cer(d18:1/22:0)_lp_a],cer(d18:1/22:0)_lp_a,unclassified_no_refmet_match,0.08479317,log2fc,0.5529932,1.0,benjamini_hochberg,within_male_stratum_pass1b06_plasma_8w_timewise_da_as_released,provided,not_selected,MoTrPAC_pass1b06_rat,motrpac_pass1b06_plasma_8w,motrpac_pass1b06_plasma_8w_trained_vs_sedentary_male,not_reported,male
pe(o-38:6)>pe(o-18:2/20:4)_and_pe(o-16:1/22:5)_feature2 [refmet: pe(o-38:6)_ln_b],pe(o-38:6)_ln_b,unclassified_no_refmet_match,-0.08353018,log2fc,0.82031024,1.0,benjamini_hochberg,within_male_stratum_pass1b06_plasma_8w_timewise_da_as_released,provided,not_selected,MoTrPAC_pass1b06_rat,motrpac_pass1b06_plasma_8w,motrpac_pass1b06_plasma_8w_trained_vs_sedentary_male,not_reported,male
tg(52:0)>tg(16:0_16:0_20:0)_m+nh3_feature3 [refmet: tg(16:0_16:0_20:0)_lp_c],tg(16:0_16:0_20:0)_lp_c,unclassified_no_refmet_match,0.08294114,log2fc,0.7021392,1.0,benjamini_hochberg,within_male_stratum_pass1b06_plasma_8w_timewise_da_as_released,provided,not_selected,MoTrPAC_pass1b06_rat,motrpac_pass1b06_plasma_8w,motrpac_pass1b06_plasma_8w_trained_vs_sedentary_male,not_reported,male
pc(32:0),pc(32:0),unclassified_no_refmet_match,0.08191911,log2fc,0.7309133,1.0,benjamini_hochberg,within_male_stratum_pass1b06_plasma_8w_timewise_da_as_released,provided,not_selected,MoTrPAC_pass1b06_rat,motrpac_pass1b06_plasma_8w,motrpac_pass1b06_plasma_8w_trained_vs_sedentary_male,not_reported,male
sm(d42:1)_feature2 [refmet: sm(d42:1)_lp_b],sm(d42:1)_lp_b,unclassified_no_refmet_match,0.08160698,log2fc,0.76095635,1.0,benjamini_hochberg,within_male_stratum_pass1b06_plasma_8w_timewise_da_as_released,provided,not_selected,MoTrPAC_pass1b06_rat,motrpac_pass1b06_plasma_8w,motrpac_pass1b06_plasma_8w_trained_vs_sedentary_male,not_reported,male
cholesterol [source metabolite label NA],cholesterol,Sterol Lipids,0.08082925,log2fc,0.47700757,1.0,benjamini_hochberg,within_male_stratum_pass1b06_plasma_8w_timewise_da_as_released,provided,not_selected,MoTrPAC_pass1b06_rat,motrpac_pass1b06_plasma_8w,motrpac_pass1b06_plasma_8w_trained_vs_sedentary_male,not_reported,male
pe(o-40:7)>pe(o-18:1/22:6)_feature7 [refmet: pe(o-18:1/22:6)_lp_g],pe(o-18:1/22:6)_lp_g,unclassified_no_refmet_match,-0.08012922,log2fc,0.5873899,1.0,benjamini_hochberg,within_male_stratum_pass1b06_plasma_8w_timewise_da_as_released,provided,not_selected,MoTrPAC_pass1b06_rat,motrpac_pass1b06_plasma_8w,motrpac_pass1b06_plasma_8w_trained_vs_sedentary_male,not_reported,male
octadecadienoic acid [source metabolite label NA],octadecadienoic acid,Fatty Acyls,-0.07994952,log2fc,0.38484603,1.0,benjamini_hochberg,within_male_stratum_pass1b06_plasma_8w_timewise_da_as_released,provided,not_selected,MoTrPAC_pass1b06_rat,motrpac_pass1b06_plasma_8w,motrpac_pass1b06_plasma_8w_trained_vs_sedentary_male,not_reported,male
pro-gly,pro-gly,Organic acids,0.07960102,log2fc,0.5334314,1.0,benjamini_hochberg,within_male_stratum_pass1b06_plasma_8w_timewise_da_as_released,provided,not_selected,MoTrPAC_pass1b06_rat,motrpac_pass1b06_plasma_8w,motrpac_pass1b06_plasma_8w_trained_vs_sedentary_male,not_reported,male
anserine,anserine,Organic acids,0.07935966,log2fc,0.65962917,1.0,benjamini_hochberg,within_male_stratum_pass1b06_plasma_8w_timewise_da_as_released,provided,not_selected,MoTrPAC_pass1b06_rat,motrpac_pass1b06_plasma_8w,motrpac_pass1b06_plasma_8w_trained_vs_sedentary_male,not_reported,male
pe(36:4)_feature3 [refmet: pe(36:4)_lp_c],pe(36:4)_lp_c,unclassified_no_refmet_match,-0.07857302,log2fc,0.6353459,1.0,benjamini_hochberg,within_male_stratum_pass1b06_plasma_8w_timewise_da_as_released,provided,not_selected,MoTrPAC_pass1b06_rat,motrpac_pass1b06_plasma_8w,motrpac_pass1b06_plasma_8w_trained_vs_sedentary_male,not_reported,male
sm(d40:2),sm(d40:2),unclassified_no_refmet_match,-0.07846331,log2fc,0.53424555,1.0,benjamini_hochberg,within_male_stratum_pass1b06_plasma_8w_timewise_da_as_released,provided,not_selected,MoTrPAC_pass1b06_rat,motrpac_pass1b06_plasma_8w,motrpac_pass1b06_plasma_8w_trained_vs_sedentary_male,not_reported,male
pc(36:5)_feature4 [refmet: pc(36:5)_lp_d],pc(36:5)_lp_d,unclassified_no_refmet_match,0.07828946,log2fc,0.6792736,1.0,benjamini_hochberg,within_male_stratum_pass1b06_plasma_8w_timewise_da_as_released,provided,not_selected,MoTrPAC_pass1b06_rat,motrpac_pass1b06_plasma_8w,motrpac_pass1b06_plasma_8w_trained_vs_sedentary_male,not_reported,male
lpc(22:5/0:0)_feature2 [refmet: lpc(22:5/0:0)_lp_b],lpc(22:5/0:0)_lp_b,unclassified_no_refmet_match,0.078009136,log2fc,0.67339987,1.0,benjamini_hochberg,within_male_stratum_pass1b06_plasma_8w_timewise_da_as_released,provided,not_selected,MoTrPAC_pass1b06_rat,motrpac_pass1b06_plasma_8w,motrpac_pass1b06_plasma_8w_trained_vs_sedentary_male,not_reported,male
"fa(20:5(5z,8z,11z,14z,17z))) [refmet: epa]",epa,Fatty Acyls,-0.07765699,log2fc,0.687101,1.0,benjamini_hochberg,within_male_stratum_pass1b06_plasma_8w_timewise_da_as_released,provided,not_selected,MoTrPAC_pass1b06_rat,motrpac_pass1b06_plasma_8w,motrpac_pass1b06_plasma_8w_trained_vs_sedentary_male,not_reported,male
hypoxanthine,hypoxanthine,Nucleic acids,0.07698792,log2fc,0.53077954,1.0,benjamini_hochberg,within_male_stratum_pass1b06_plasma_8w_timewise_da_as_released,provided,not_selected,MoTrPAC_pass1b06_rat,motrpac_pass1b06_plasma_8w,motrpac_pass1b06_plasma_8w_trained_vs_sedentary_male,not_reported,male
fa(20:5)_feature1 [refmet: eicosapentaenoic acid],eicosapentaenoic acid,Fatty Acyls,-0.076860674,log2fc,0.7576609,1.0,benjamini_hochberg,within_male_stratum_pass1b06_plasma_8w_timewise_da_as_released,provided,not_selected,MoTrPAC_pass1b06_rat,motrpac_pass1b06_plasma_8w,motrpac_pass1b06_plasma_8w_trained_vs_sedentary_male,not_reported,male
creatinine [source metabolite label NA],creatinine,Organoheterocyclic compounds,0.07677494,log2fc,0.47400773,1.0,benjamini_hochberg,within_male_stratum_pass1b06_plasma_8w_timewise_da_as_released,provided,not_selected,MoTrPAC_pass1b06_rat,motrpac_pass1b06_plasma_8w,motrpac_pass1b06_plasma_8w_trained_vs_sedentary_male,not_reported,male
pe(o-40:4)>pe(o-20:0/20:4)_feature2 [refmet: pe(o-20:0/20:4)_ln_b],pe(o-20:0/20:4)_ln_b,unclassified_no_refmet_match,-0.07635469,log2fc,0.39118323,1.0,benjamini_hochberg,within_male_stratum_pass1b06_plasma_8w_timewise_da_as_released,provided,not_selected,MoTrPAC_pass1b06_rat,motrpac_pass1b06_plasma_8w,motrpac_pass1b06_plasma_8w_trained_vs_sedentary_male,not_reported,male
pc(44:4)_feature2 [refmet: pc(44:4)_lp_b],pc(44:4)_lp_b,unclassified_no_refmet_match,-0.07457424,log2fc,0.6172595,1.0,benjamini_hochberg,within_male_stratum_pass1b06_plasma_8w_timewise_da_as_released,provided,not_selected,MoTrPAC_pass1b06_rat,motrpac_pass1b06_plasma_8w,motrpac_pass1b06_plasma_8w_trained_vs_sedentary_male,not_reported,male
uric acid [source metabolite label NA],uric acid,Nucleic acids,0.07436323,log2fc,0.5396164,1.0,benjamini_hochberg,within_male_stratum_pass1b06_plasma_8w_timewise_da_as_released,provided,not_selected,MoTrPAC_pass1b06_rat,motrpac_pass1b06_plasma_8w,motrpac_pass1b06_plasma_8w_trained_vs_sedentary_male,not_reported,male
sm(d43:1)_feature1 [refmet: sm(d43:1)_lp_a],sm(d43:1)_lp_a,unclassified_no_refmet_match,-0.07370648,log2fc,0.7020082,1.0,benjamini_hochberg,within_male_stratum_pass1b06_plasma_8w_timewise_da_as_released,provided,not_selected,MoTrPAC_pass1b06_rat,motrpac_pass1b06_plasma_8w,motrpac_pass1b06_plasma_8w_trained_vs_sedentary_male,not_reported,male
hyodeoxycholate [refmet: hyodeoxycholic acid],hyodeoxycholic acid,Sterol Lipids,0.07364151,log2fc,0.9249657,1.0,benjamini_hochberg,within_male_stratum_pass1b06_plasma_8w_timewise_da_as_released,provided,not_selected,MoTrPAC_pass1b06_rat,motrpac_pass1b06_plasma_8w,motrpac_pass1b06_plasma_8w_trained_vs_sedentary_male,not_reported,male
sm(d40:2)_m+h2co2_feature2 [refmet: sm(d40:2)_ln_b],sm(d40:2)_ln_b,unclassified_no_refmet_match,0.073238306,log2fc,0.49378207,1.0,benjamini_hochberg,within_male_stratum_pass1b06_plasma_8w_timewise_da_as_released,provided,not_selected,MoTrPAC_pass1b06_rat,motrpac_pass1b06_plasma_8w,motrpac_pass1b06_plasma_8w_trained_vs_sedentary_male,not_reported,male
pe(o-40:5)>pe(o-18:1/22:4)_feature3 [refmet: pe(o-18:1/22:4)_ln_c],pe(o-18:1/22:4)_ln_c,unclassified_no_refmet_match,-0.07192582,log2fc,0.8583886,1.0,benjamini_hochberg,within_male_stratum_pass1b06_plasma_8w_timewise_da_as_released,provided,not_selected,MoTrPAC_pass1b06_rat,motrpac_pass1b06_plasma_8w,motrpac_pass1b06_plasma_8w_trained_vs_sedentary_male,not_reported,male
ectoine,ectoine,Nucleic acids,-0.07175785,log2fc,0.8031347,1.0,benjamini_hochberg,within_male_stratum_pass1b06_plasma_8w_timewise_da_as_released,provided,not_selected,MoTrPAC_pass1b06_rat,motrpac_pass1b06_plasma_8w,motrpac_pass1b06_plasma_8w_trained_vs_sedentary_male,not_reported,male
sm(d36:0)_feature1 [refmet: sm(d36:0)],sm(d36:0),unclassified_no_refmet_match,-0.07130417,log2fc,0.77997494,1.0,benjamini_hochberg,within_male_stratum_pass1b06_plasma_8w_timewise_da_as_released,provided,not_selected,MoTrPAC_pass1b06_rat,motrpac_pass1b06_plasma_8w,motrpac_pass1b06_plasma_8w_trained_vs_sedentary_male,not_reported,male
tg(58:10)_m+nh3_feature2 [refmet: tg(58:10)_lp_b],tg(58:10)_lp_b,unclassified_no_refmet_match,0.07126595,log2fc,0.7017336,1.0,benjamini_hochberg,within_male_stratum_pass1b06_plasma_8w_timewise_da_as_released,provided,not_selected,MoTrPAC_pass1b06_rat,motrpac_pass1b06_plasma_8w,motrpac_pass1b06_plasma_8w_trained_vs_sedentary_male,not_reported,male
tg(60:3)_m+nh3_feature1 [refmet: tg(60:3)_lp_a],tg(60:3)_lp_a,unclassified_no_refmet_match,-0.07126093,log2fc,0.77268595,1.0,benjamini_hochberg,within_male_stratum_pass1b06_plasma_8w_timewise_da_as_released,provided,not_selected,MoTrPAC_pass1b06_rat,motrpac_pass1b06_plasma_8w,motrpac_pass1b06_plasma_8w_trained_vs_sedentary_male,not_reported,male
car(12:0)_feature2 [refmet: car(12:0)_lp_b],car(12:0)_lp_b,unclassified_no_refmet_match,-0.07117903,log2fc,0.7425028,1.0,benjamini_hochberg,within_male_stratum_pass1b06_plasma_8w_timewise_da_as_released,provided,not_selected,MoTrPAC_pass1b06_rat,motrpac_pass1b06_plasma_8w,motrpac_pass1b06_plasma_8w_trained_vs_sedentary_male,not_reported,male
pe(36:2)>pe(18:0_18:2)_feature2 [refmet: pe(18:0_18:2)_ln_b],pe(18:0_18:2)_ln_b,unclassified_no_refmet_match,0.067295134,log2fc,0.7619342,1.0,benjamini_hochberg,within_male_stratum_pass1b06_plasma_8w_timewise_da_as_released,provided,not_selected,MoTrPAC_pass1b06_rat,motrpac_pass1b06_plasma_8w,motrpac_pass1b06_plasma_8w_trained_vs_sedentary_male,not_reported,male
homocitrulline,homocitrulline,Organic acids,-0.066170625,log2fc,0.64232045,1.0,benjamini_hochberg,within_male_stratum_pass1b06_plasma_8w_timewise_da_as_released,provided,not_selected,MoTrPAC_pass1b06_rat,motrpac_pass1b06_plasma_8w,motrpac_pass1b06_plasma_8w_trained_vs_sedentary_male,not_reported,male
ps(38:4)>ps(18:0_20:4)_feature2 [refmet: ps(18:0_20:4)_lp_b],ps(18:0_20:4)_lp_b,unclassified_no_refmet_match,0.066122755,log2fc,0.9295466,1.0,benjamini_hochberg,within_male_stratum_pass1b06_plasma_8w_timewise_da_as_released,provided,not_selected,MoTrPAC_pass1b06_rat,motrpac_pass1b06_plasma_8w,motrpac_pass1b06_plasma_8w_trained_vs_sedentary_male,not_reported,male
"9,10-dihome","9,10-dihome",Fatty Acyls,0.064790875,log2fc,0.7707774,1.0,benjamini_hochberg,within_male_stratum_pass1b06_plasma_8w_timewise_da_as_released,provided,not_selected,MoTrPAC_pass1b06_rat,motrpac_pass1b06_plasma_8w,motrpac_pass1b06_plasma_8w_trained_vs_sedentary_male,not_reported,male
beta-muricholate [refmet: beta-muricholic acid],beta-muricholic acid,Sterol Lipids,0.06477093,log2fc,0.9274997,1.0,benjamini_hochberg,within_male_stratum_pass1b06_plasma_8w_timewise_da_as_released,provided,not_selected,MoTrPAC_pass1b06_rat,motrpac_pass1b06_plasma_8w,motrpac_pass1b06_plasma_8w_trained_vs_sedentary_male,not_reported,male
pe(o-40:5)>pe(o-18:1/22:4)_feature4 [refmet: pe(o-18:1/22:4)_lp_d],pe(o-18:1/22:4)_lp_d,unclassified_no_refmet_match,0.0644292,log2fc,0.89639324,1.0,benjamini_hochberg,within_male_stratum_pass1b06_plasma_8w_timewise_da_as_released,provided,not_selected,MoTrPAC_pass1b06_rat,motrpac_pass1b06_plasma_8w,motrpac_pass1b06_plasma_8w_trained_vs_sedentary_male,not_reported,male
lpc(18:0/0:0)_feature2 [refmet: lpc(18:0/0:0)_lp_b],lpc(18:0/0:0)_lp_b,unclassified_no_refmet_match,0.06383781,log2fc,0.6260977,1.0,benjamini_hochberg,within_male_stratum_pass1b06_plasma_8w_timewise_da_as_released,provided,not_selected,MoTrPAC_pass1b06_rat,motrpac_pass1b06_plasma_8w,motrpac_pass1b06_plasma_8w_trained_vs_sedentary_male,not_reported,male
tg(56:1)_m+nh3_feature1 [refmet: tg(56:1)_lp_a],tg(56:1)_lp_a,unclassified_no_refmet_match,-0.06372493,log2fc,0.7896591,1.0,benjamini_hochberg,within_male_stratum_pass1b06_plasma_8w_timewise_da_as_released,provided,not_selected,MoTrPAC_pass1b06_rat,motrpac_pass1b06_plasma_8w,motrpac_pass1b06_plasma_8w_trained_vs_sedentary_male,not_reported,male
c22:5 lpc [refmet: lpc(22:5)],lpc(22:5),unclassified_no_refmet_match,-0.06345813,log2fc,0.6623078,1.0,benjamini_hochberg,within_male_stratum_pass1b06_plasma_8w_timewise_da_as_released,provided,not_selected,MoTrPAC_pass1b06_rat,motrpac_pass1b06_plasma_8w,motrpac_pass1b06_plasma_8w_trained_vs_sedentary_male,not_reported,male
fa(18:2-2oh)_feature1 [refmet: dihydroxyoctadecadienoic acid],dihydroxyoctadecadienoic acid,Fatty Acyls,-0.06274161,log2fc,0.824914,1.0,benjamini_hochberg,within_male_stratum_pass1b06_plasma_8w_timewise_da_as_released,provided,not_selected,MoTrPAC_pass1b06_rat,motrpac_pass1b06_plasma_8w,motrpac_pass1b06_plasma_8w_trained_vs_sedentary_male,not_reported,male
ps(38:4)>ps(18:0_20:4)_feature2 [refmet: ps(18:0_20:4)_ln_b],ps(18:0_20:4)_ln_b,unclassified_no_refmet_match,-0.062081356,log2fc,0.9282324,1.0,benjamini_hochberg,within_male_stratum_pass1b06_plasma_8w_timewise_da_as_released,provided,not_selected,MoTrPAC_pass1b06_rat,motrpac_pass1b06_plasma_8w,motrpac_pass1b06_plasma_8w_trained_vs_sedentary_male,not_reported,male
sebacic acid [source metabolite label NA],sebacic acid,Fatty Acyls,-0.062010184,log2fc,0.84442604,1.0,benjamini_hochberg,within_male_stratum_pass1b06_plasma_8w_timewise_da_as_released,provided,not_selected,MoTrPAC_pass1b06_rat,motrpac_pass1b06_plasma_8w,motrpac_pass1b06_plasma_8w_trained_vs_sedentary_male,not_reported,male
pc(42:6)_feature3 [refmet: pc(42:6)_lp_c],pc(42:6)_lp_c,unclassified_no_refmet_match,0.061572693,log2fc,0.779969,1.0,benjamini_hochberg,within_male_stratum_pass1b06_plasma_8w_timewise_da_as_released,provided,not_selected,MoTrPAC_pass1b06_rat,motrpac_pass1b06_plasma_8w,motrpac_pass1b06_plasma_8w_trained_vs_sedentary_male,not_reported,male
pc(42:4)_feature3 [refmet: pc(42:4)_lp_c],pc(42:4)_lp_c,unclassified_no_refmet_match,-0.06141528,log2fc,0.66028464,1.0,benjamini_hochberg,within_male_stratum_pass1b06_plasma_8w_timewise_da_as_released,provided,not_selected,MoTrPAC_pass1b06_rat,motrpac_pass1b06_plasma_8w,motrpac_pass1b06_plasma_8w_trained_vs_sedentary_male,not_reported,male
pc(42:9)_feature1 [refmet: pc(42:9)_lp_a],pc(42:9)_lp_a,unclassified_no_refmet_match,-0.061275702,log2fc,0.7050137,1.0,benjamini_hochberg,within_male_stratum_pass1b06_plasma_8w_timewise_da_as_released,provided,not_selected,MoTrPAC_pass1b06_rat,motrpac_pass1b06_plasma_8w,motrpac_pass1b06_plasma_8w_trained_vs_sedentary_male,not_reported,male
octadecanamine_feature1 [refmet: octadecylamine],octadecylamine,Organic nitrogen compounds,0.061183013,log2fc,0.8105073,1.0,benjamini_hochberg,within_male_stratum_pass1b06_plasma_8w_timewise_da_as_released,provided,not_selected,MoTrPAC_pass1b06_rat,motrpac_pass1b06_plasma_8w,motrpac_pass1b06_plasma_8w_trained_vs_sedentary_male,not_reported,male
pc(40:6),pc(40:6),unclassified_no_refmet_match,-0.059885144,log2fc,0.64180744,1.0,benjamini_hochberg,within_male_stratum_pass1b06_plasma_8w_timewise_da_as_released,provided,not_selected,MoTrPAC_pass1b06_rat,motrpac_pass1b06_plasma_8w,motrpac_pass1b06_plasma_8w_trained_vs_sedentary_male,not_reported,male
sie(18:2)_m+nh3_feature1 [refmet: sitosterol ester(18:2)],sitosterol ester(18:2),unclassified_no_refmet_match,0.059758864,log2fc,0.699465,1.0,benjamini_hochberg,within_male_stratum_pass1b06_plasma_8w_timewise_da_as_released,provided,not_selected,MoTrPAC_pass1b06_rat,motrpac_pass1b06_plasma_8w,motrpac_pass1b06_plasma_8w_trained_vs_sedentary_male,not_reported,male
fa(10:0) [refmet: capric acid],capric acid,Fatty Acyls,0.05951951,log2fc,0.7635366,1.0,benjamini_hochberg,within_male_stratum_pass1b06_plasma_8w_timewise_da_as_released,provided,not_selected,MoTrPAC_pass1b06_rat,motrpac_pass1b06_plasma_8w,motrpac_pass1b06_plasma_8w_trained_vs_sedentary_male,not_reported,male
pc(41:3)_feature1 [refmet: pc(41:3)],pc(41:3),unclassified_no_refmet_match,-0.059500974,log2fc,0.6621971,1.0,benjamini_hochberg,within_male_stratum_pass1b06_plasma_8w_timewise_da_as_released,provided,not_selected,MoTrPAC_pass1b06_rat,motrpac_pass1b06_plasma_8w,motrpac_pass1b06_plasma_8w_trained_vs_sedentary_male,not_reported,male
2-aminooctanoate [refmet: 2-aminooctanoic acid],2-aminooctanoic acid,unclassified_no_refmet_match,0.059500784,log2fc,0.7278269,1.0,benjamini_hochberg,within_male_stratum_pass1b06_plasma_8w_timewise_da_as_released,provided,not_selected,MoTrPAC_pass1b06_rat,motrpac_pass1b06_plasma_8w,motrpac_pass1b06_plasma_8w_trained_vs_sedentary_male,not_reported,male
citrulline [source metabolite label NA],citrulline,Organic acids,-0.059051055,log2fc,0.2811344,1.0,benjamini_hochberg,within_male_stratum_pass1b06_plasma_8w_timewise_da_as_released,provided,not_selected,MoTrPAC_pass1b06_rat,motrpac_pass1b06_plasma_8w,motrpac_pass1b06_plasma_8w_trained_vs_sedentary_male,not_reported,male
sm(d34:0) [source metabolite label NA],sm(d34:0),unclassified_no_refmet_match,0.058585603,log2fc,0.67522633,1.0,benjamini_hochberg,within_male_stratum_pass1b06_plasma_8w_timewise_da_as_released,provided,not_selected,MoTrPAC_pass1b06_rat,motrpac_pass1b06_plasma_8w,motrpac_pass1b06_plasma_8w_trained_vs_sedentary_male,not_reported,male
pc(o-40:3)_feature1 [refmet: pc(o-40:3)_lp_a],pc(o-40:3)_lp_a,unclassified_no_refmet_match,-0.057928268,log2fc,0.6957792,1.0,benjamini_hochberg,within_male_stratum_pass1b06_plasma_8w_timewise_da_as_released,provided,not_selected,MoTrPAC_pass1b06_rat,motrpac_pass1b06_plasma_8w,motrpac_pass1b06_plasma_8w_trained_vs_sedentary_male,not_reported,male
tg(58:3)>tg(18:1_20:1_20:1)_and_tg(18:1_18:1_22:1)_m+nh3_feature2 [refmet: tg(58:3)_lp_b],tg(58:3)_lp_b,unclassified_no_refmet_match,-0.056948975,log2fc,0.8200777,1.0,benjamini_hochberg,within_male_stratum_pass1b06_plasma_8w_timewise_da_as_released,provided,not_selected,MoTrPAC_pass1b06_rat,motrpac_pass1b06_plasma_8w,motrpac_pass1b06_plasma_8w_trained_vs_sedentary_male,not_reported,male
pc(39:6)_feature5 [refmet: pc(39:6)_lp_e],pc(39:6)_lp_e,unclassified_no_refmet_match,-0.056920424,log2fc,0.8620651,1.0,benjamini_hochberg,within_male_stratum_pass1b06_plasma_8w_timewise_da_as_released,provided,not_selected,MoTrPAC_pass1b06_rat,motrpac_pass1b06_plasma_8w,motrpac_pass1b06_plasma_8w_trained_vs_sedentary_male,not_reported,male
ketoleucine [source metabolite label NA],ketoleucine,Organic acids,0.056538742,log2fc,0.62170863,1.0,benjamini_hochberg,within_male_stratum_pass1b06_plasma_8w_timewise_da_as_released,provided,not_selected,MoTrPAC_pass1b06_rat,motrpac_pass1b06_plasma_8w,motrpac_pass1b06_plasma_8w_trained_vs_sedentary_male,not_reported,male
car(17:0)_feature1 [refmet: car(17:0)_lp_a],car(17:0)_lp_a,unclassified_no_refmet_match,-0.05640745,log2fc,0.8289959,1.0,benjamini_hochberg,within_male_stratum_pass1b06_plasma_8w_timewise_da_as_released,provided,not_selected,MoTrPAC_pass1b06_rat,motrpac_pass1b06_plasma_8w,motrpac_pass1b06_plasma_8w_trained_vs_sedentary_male,not_reported,male
n-acetylleucine [source metabolite label NA],n-acetylleucine,Organic acids,0.055557854,log2fc,0.73129964,1.0,benjamini_hochberg,within_male_stratum_pass1b06_plasma_8w_timewise_da_as_released,provided,not_selected,MoTrPAC_pass1b06_rat,motrpac_pass1b06_plasma_8w,motrpac_pass1b06_plasma_8w_trained_vs_sedentary_male,not_reported,male
cystine,cystine,Organic acids,0.055082913,log2fc,0.70739007,1.0,benjamini_hochberg,within_male_stratum_pass1b06_plasma_8w_timewise_da_as_released,provided,not_selected,MoTrPAC_pass1b06_rat,motrpac_pass1b06_plasma_8w,motrpac_pass1b06_plasma_8w_trained_vs_sedentary_male,not_reported,male
lpc(20:4)_feature2 [refmet: lpc(20:4)_ln_b],lpc(20:4)_ln_b,unclassified_no_refmet_match,-0.05470135,log2fc,0.6415993,1.0,benjamini_hochberg,within_male_stratum_pass1b06_plasma_8w_timewise_da_as_released,provided,not_selected,MoTrPAC_pass1b06_rat,motrpac_pass1b06_plasma_8w,motrpac_pass1b06_plasma_8w_trained_vs_sedentary_male,not_reported,male
glycocholate_feature1 [refmet: glycocholic acid],glycocholic acid,Sterol Lipids,0.05384421,log2fc,0.95126224,1.0,benjamini_hochberg,within_male_stratum_pass1b06_plasma_8w_timewise_da_as_released,provided,not_selected,MoTrPAC_pass1b06_rat,motrpac_pass1b06_plasma_8w,motrpac_pass1b06_plasma_8w_trained_vs_sedentary_male,not_reported,male
lpc(22:5)_feature2 [refmet: lpc(22:5)_ln_b],lpc(22:5)_ln_b,unclassified_no_refmet_match,-0.05357073,log2fc,0.7119812,1.0,benjamini_hochberg,within_male_stratum_pass1b06_plasma_8w_timewise_da_as_released,provided,not_selected,MoTrPAC_pass1b06_rat,motrpac_pass1b06_plasma_8w,motrpac_pass1b06_plasma_8w_trained_vs_sedentary_male,not_reported,male
pc(40:8) [source metabolite label NA],pc(40:8),unclassified_no_refmet_match,0.053123016,log2fc,0.80209994,1.0,benjamini_hochberg,within_male_stratum_pass1b06_plasma_8w_timewise_da_as_released,provided,not_selected,MoTrPAC_pass1b06_rat,motrpac_pass1b06_plasma_8w,motrpac_pass1b06_plasma_8w_trained_vs_sedentary_male,not_reported,male
pc(34:0)_feature4 [refmet: pc(34:0)_lp_c],pc(34:0)_lp_c,unclassified_no_refmet_match,0.052966237,log2fc,0.7332889,1.0,benjamini_hochberg,within_male_stratum_pass1b06_plasma_8w_timewise_da_as_released,provided,not_selected,MoTrPAC_pass1b06_rat,motrpac_pass1b06_plasma_8w,motrpac_pass1b06_plasma_8w_trained_vs_sedentary_male,not_reported,male
pi(38:5)>pi(18:1_20:4)_feature1 [refmet: pi(18:1_20:4)_ln_a],pi(18:1_20:4)_ln_a,unclassified_no_refmet_match,-0.05260996,log2fc,0.67653495,1.0,benjamini_hochberg,within_male_stratum_pass1b06_plasma_8w_timewise_da_as_released,provided,not_selected,MoTrPAC_pass1b06_rat,motrpac_pass1b06_plasma_8w,motrpac_pass1b06_plasma_8w_trained_vs_sedentary_male,not_reported,male
methylguanidine,methylguanidine,Organic nitrogen compounds,-0.05230418,log2fc,0.9274545,1.0,benjamini_hochberg,within_male_stratum_pass1b06_plasma_8w_timewise_da_as_released,provided,not_selected,MoTrPAC_pass1b06_rat,motrpac_pass1b06_plasma_8w,motrpac_pass1b06_plasma_8w_trained_vs_sedentary_male,not_reported,male
pc(o-32:1)_feature2 [refmet: pc(o-32:1)_lp_b],pc(o-32:1)_lp_b,unclassified_no_refmet_match,0.05187668,log2fc,0.87971944,1.0,benjamini_hochberg,within_male_stratum_pass1b06_plasma_8w_timewise_da_as_released,provided,not_selected,MoTrPAC_pass1b06_rat,motrpac_pass1b06_plasma_8w,motrpac_pass1b06_plasma_8w_trained_vs_sedentary_male,not_reported,male
fa(18:3) [refmet: octadecatrienoic acid],octadecatrienoic acid,Fatty Acyls,-0.051688824,log2fc,0.7741294,1.0,benjamini_hochberg,within_male_stratum_pass1b06_plasma_8w_timewise_da_as_released,provided,not_selected,MoTrPAC_pass1b06_rat,motrpac_pass1b06_plasma_8w,motrpac_pass1b06_plasma_8w_trained_vs_sedentary_male,not_reported,male
pc(42:5)_feature6 [refmet: pc(42:5)_lp_f],pc(42:5)_lp_f,unclassified_no_refmet_match,-0.05088975,log2fc,0.748717,1.0,benjamini_hochberg,within_male_stratum_pass1b06_plasma_8w_timewise_da_as_released,provided,not_selected,MoTrPAC_pass1b06_rat,motrpac_pass1b06_plasma_8w,motrpac_pass1b06_plasma_8w_trained_vs_sedentary_male,not_reported,male
pc(37:5)_feature4 [refmet: pc(37:5)_lp_d],pc(37:5)_lp_d,unclassified_no_refmet_match,0.05075796,log2fc,0.74417245,1.0,benjamini_hochberg,within_male_stratum_pass1b06_plasma_8w_timewise_da_as_released,provided,not_selected,MoTrPAC_pass1b06_rat,motrpac_pass1b06_plasma_8w,motrpac_pass1b06_plasma_8w_trained_vs_sedentary_male,not_reported,male
glu-phe,glu-phe,Organic acids,-0.050555747,log2fc,0.7120675,1.0,benjamini_hochberg,within_male_stratum_pass1b06_plasma_8w_timewise_da_as_released,provided,not_selected,MoTrPAC_pass1b06_rat,motrpac_pass1b06_plasma_8w,motrpac_pass1b06_plasma_8w_trained_vs_sedentary_male,not_reported,male
pc(32:0)_feature2 [refmet: pc(32:0)_lp_b],pc(32:0)_lp_b,unclassified_no_refmet_match,-0.049857307,log2fc,0.8648627,1.0,benjamini_hochberg,within_male_stratum_pass1b06_plasma_8w_timewise_da_as_released,provided,not_selected,MoTrPAC_pass1b06_rat,motrpac_pass1b06_plasma_8w,motrpac_pass1b06_plasma_8w_trained_vs_sedentary_male,not_reported,male
n-acetylhistamine,n-acetylhistamine,Organic nitrogen compounds,-0.049557116,log2fc,0.78043914,1.0,benjamini_hochberg,within_male_stratum_pass1b06_plasma_8w_timewise_da_as_released,provided,not_selected,MoTrPAC_pass1b06_rat,motrpac_pass1b06_plasma_8w,motrpac_pass1b06_plasma_8w_trained_vs_sedentary_male,not_reported,male
car(24:0)_feature1 [refmet: car(24:0)],car(24:0),unclassified_no_refmet_match,0.04910675,log2fc,0.76912653,1.0,benjamini_hochberg,within_male_stratum_pass1b06_plasma_8w_timewise_da_as_released,provided,not_selected,MoTrPAC_pass1b06_rat,motrpac_pass1b06_plasma_8w,motrpac_pass1b06_plasma_8w_trained_vs_sedentary_male,not_reported,male
sm(d38:1)_m+h2co2_feature2 [refmet: sm(d38:1)_ln_b],sm(d38:1)_ln_b,unclassified_no_refmet_match,-0.048467934,log2fc,0.7607292,1.0,benjamini_hochberg,within_male_stratum_pass1b06_plasma_8w_timewise_da_as_released,provided,not_selected,MoTrPAC_pass1b06_rat,motrpac_pass1b06_plasma_8w,motrpac_pass1b06_plasma_8w_trained_vs_sedentary_male,not_reported,male
sphingosine-1p (c18)_feature1 [refmet: sphingosine-1-phosphate],sphingosine-1-phosphate,unclassified_no_refmet_match,-0.048122168,log2fc,0.7738272,1.0,benjamini_hochberg,within_male_stratum_pass1b06_plasma_8w_timewise_da_as_released,provided,not_selected,MoTrPAC_pass1b06_rat,motrpac_pass1b06_plasma_8w,motrpac_pass1b06_plasma_8w_trained_vs_sedentary_male,not_reported,male
cer(d42:2)_feature1 [refmet: cer(d42:2)_ln_a],cer(d42:2)_ln_a,unclassified_no_refmet_match,-0.048004806,log2fc,0.7324134,1.0,benjamini_hochberg,within_male_stratum_pass1b06_plasma_8w_timewise_da_as_released,provided,not_selected,MoTrPAC_pass1b06_rat,motrpac_pass1b06_plasma_8w,motrpac_pass1b06_plasma_8w_trained_vs_sedentary_male,not_reported,male
pc(o-40:4)_feature2 [refmet: pc(o-40:4)_lp_b],pc(o-40:4)_lp_b,unclassified_no_refmet_match,-0.047585417,log2fc,0.807663,1.0,benjamini_hochberg,within_male_stratum_pass1b06_plasma_8w_timewise_da_as_released,provided,not_selected,MoTrPAC_pass1b06_rat,motrpac_pass1b06_plasma_8w,motrpac_pass1b06_plasma_8w_trained_vs_sedentary_male,not_reported,male
proline [source metabolite label NA],proline,Organic acids,0.047547184,log2fc,0.4354648,1.0,benjamini_hochberg,within_male_stratum_pass1b06_plasma_8w_timewise_da_as_released,provided,not_selected,MoTrPAC_pass1b06_rat,motrpac_pass1b06_plasma_8w,motrpac_pass1b06_plasma_8w_trained_vs_sedentary_male,not_reported,male
pc(36:4)_feature3 [refmet: pc(36:4)_lp_c],pc(36:4)_lp_c,unclassified_no_refmet_match,-0.04737682,log2fc,0.6839469,1.0,benjamini_hochberg,within_male_stratum_pass1b06_plasma_8w_timewise_da_as_released,provided,not_selected,MoTrPAC_pass1b06_rat,motrpac_pass1b06_plasma_8w,motrpac_pass1b06_plasma_8w_trained_vs_sedentary_male,not_reported,male
sm(d36:3)_feature1 [refmet: sm(d36:3)_lp_a],sm(d36:3)_lp_a,unclassified_no_refmet_match,0.047037523,log2fc,0.8082289,1.0,benjamini_hochberg,within_male_stratum_pass1b06_plasma_8w_timewise_da_as_released,provided,not_selected,MoTrPAC_pass1b06_rat,motrpac_pass1b06_plasma_8w,motrpac_pass1b06_plasma_8w_trained_vs_sedentary_male,not_reported,male
tg(50:4)>tg(16:1_16:1_18:2)_m+nh3_feature2 [refmet: tg(16:1_16:1_18:2)_lp_b],tg(16:1_16:1_18:2)_lp_b,unclassified_no_refmet_match,-0.0458723,log2fc,0.9160585,1.0,benjamini_hochberg,within_male_stratum_pass1b06_plasma_8w_timewise_da_as_released,provided,not_selected,MoTrPAC_pass1b06_rat,motrpac_pass1b06_plasma_8w,motrpac_pass1b06_plasma_8w_trained_vs_sedentary_male,not_reported,male
pc(39:4)_feature2 [refmet: pc(39:4)_lp_b],pc(39:4)_lp_b,unclassified_no_refmet_match,-0.04567032,log2fc,0.8507903,1.0,benjamini_hochberg,within_male_stratum_pass1b06_plasma_8w_timewise_da_as_released,provided,not_selected,MoTrPAC_pass1b06_rat,motrpac_pass1b06_plasma_8w,motrpac_pass1b06_plasma_8w_trained_vs_sedentary_male,not_reported,male
palmitoyl-ea,palmitoyl-ea,Fatty Acyls,-0.045627695,log2fc,0.8326261,1.0,benjamini_hochberg,within_male_stratum_pass1b06_plasma_8w_timewise_da_as_released,provided,not_selected,MoTrPAC_pass1b06_rat,motrpac_pass1b06_plasma_8w,motrpac_pass1b06_plasma_8w_trained_vs_sedentary_male,not_reported,male
car(14:1-oh)_feature1 [refmet: car(14:1(oh))],car(14:1(oh)),unclassified_no_refmet_match,0.045511693,log2fc,0.8373447,1.0,benjamini_hochberg,within_male_stratum_pass1b06_plasma_8w_timewise_da_as_released,provided,not_selected,MoTrPAC_pass1b06_rat,motrpac_pass1b06_plasma_8w,motrpac_pass1b06_plasma_8w_trained_vs_sedentary_male,not_reported,male
oleic acid [source metabolite label NA],oleic acid,Fatty Acyls,0.045489285,log2fc,0.7778781,1.0,benjamini_hochberg,within_male_stratum_pass1b06_plasma_8w_timewise_da_as_released,provided,not_selected,MoTrPAC_pass1b06_rat,motrpac_pass1b06_plasma_8w,motrpac_pass1b06_plasma_8w_trained_vs_sedentary_male,not_reported,male
phosphocholine [refmet: choline phosphate],choline phosphate,Organic nitrogen compounds,0.045399047,log2fc,0.90396446,1.0,benjamini_hochberg,within_male_stratum_pass1b06_plasma_8w_timewise_da_as_released,provided,not_selected,MoTrPAC_pass1b06_rat,motrpac_pass1b06_plasma_8w,motrpac_pass1b06_plasma_8w_trained_vs_sedentary_male,not_reported,male
pc(44:5)_feature1 [refmet: pc(44:5)_lp_a],pc(44:5)_lp_a,unclassified_no_refmet_match,0.04533919,log2fc,0.81945056,1.0,benjamini_hochberg,within_male_stratum_pass1b06_plasma_8w_timewise_da_as_released,provided,not_selected,MoTrPAC_pass1b06_rat,motrpac_pass1b06_plasma_8w,motrpac_pass1b06_plasma_8w_trained_vs_sedentary_male,not_reported,male
butyrobetaine [refmet: 3-dehydroxycarnitine],3-dehydroxycarnitine,Fatty Acyls,-0.0449681,log2fc,0.6671141,1.0,benjamini_hochberg,within_male_stratum_pass1b06_plasma_8w_timewise_da_as_released,provided,not_selected,MoTrPAC_pass1b06_rat,motrpac_pass1b06_plasma_8w,motrpac_pass1b06_plasma_8w_trained_vs_sedentary_male,not_reported,male
tg(58:1)>tg(16:0_18:1_24:0)_and_tg(16:0_16:0_26:1)_and_tg(18:0_18:1_22:0)_m+nh3_feature2 [refmet: tg(58:1)_lp_b],tg(58:1)_lp_b,unclassified_no_refmet_match,-0.044819094,log2fc,0.8666436,1.0,benjamini_hochberg,within_male_stratum_pass1b06_plasma_8w_timewise_da_as_released,provided,not_selected,MoTrPAC_pass1b06_rat,motrpac_pass1b06_plasma_8w,motrpac_pass1b06_plasma_8w_trained_vs_sedentary_male,not_reported,male
fa(14:0-oh) [refmet: hydroxytetradecanoic acid],hydroxytetradecanoic acid,Fatty Acyls,-0.044510476,log2fc,0.87544394,1.0,benjamini_hochberg,within_male_stratum_pass1b06_plasma_8w_timewise_da_as_released,provided,not_selected,MoTrPAC_pass1b06_rat,motrpac_pass1b06_plasma_8w,motrpac_pass1b06_plasma_8w_trained_vs_sedentary_male,not_reported,male
pc(o-38:6)_feature1 [refmet: pc(o-38:6)_lp_a],pc(o-38:6)_lp_a,unclassified_no_refmet_match,-0.043411586,log2fc,0.81741905,1.0,benjamini_hochberg,within_male_stratum_pass1b06_plasma_8w_timewise_da_as_released,provided,not_selected,MoTrPAC_pass1b06_rat,motrpac_pass1b06_plasma_8w,motrpac_pass1b06_plasma_8w_trained_vs_sedentary_male,not_reported,male
car(20:1)_feature1 [refmet: car(20:1)],car(20:1),unclassified_no_refmet_match,0.04292493,log2fc,0.86279,1.0,benjamini_hochberg,within_male_stratum_pass1b06_plasma_8w_timewise_da_as_released,provided,not_selected,MoTrPAC_pass1b06_rat,motrpac_pass1b06_plasma_8w,motrpac_pass1b06_plasma_8w_trained_vs_sedentary_male,not_reported,male
pc(o-38:4)_feature1 [refmet: pc(o-38:4)_lp_a],pc(o-38:4)_lp_a,unclassified_no_refmet_match,0.042678975,log2fc,0.856192,1.0,benjamini_hochberg,within_male_stratum_pass1b06_plasma_8w_timewise_da_as_released,provided,not_selected,MoTrPAC_pass1b06_rat,motrpac_pass1b06_plasma_8w,motrpac_pass1b06_plasma_8w_trained_vs_sedentary_male,not_reported,male
tg(53:2)_m+nh3_feature4 [refmet: tg(53:2)_lp_d],tg(53:2)_lp_d,unclassified_no_refmet_match,0.04255609,log2fc,0.8642254,1.0,benjamini_hochberg,within_male_stratum_pass1b06_plasma_8w_timewise_da_as_released,provided,not_selected,MoTrPAC_pass1b06_rat,motrpac_pass1b06_plasma_8w,motrpac_pass1b06_plasma_8w_trained_vs_sedentary_male,not_reported,male
ursodeoxycholate [refmet: ursodeoxycholic acid],ursodeoxycholic acid,Sterol Lipids,-0.042425208,log2fc,0.9215411,1.0,benjamini_hochberg,within_male_stratum_pass1b06_plasma_8w_timewise_da_as_released,provided,not_selected,MoTrPAC_pass1b06_rat,motrpac_pass1b06_plasma_8w,motrpac_pass1b06_plasma_8w_trained_vs_sedentary_male,not_reported,male
indolelactic acid [source metabolite label NA],indolelactic acid,Alkaloids,0.042245228,log2fc,0.7629076,1.0,benjamini_hochberg,within_male_stratum_pass1b06_plasma_8w_timewise_da_as_released,provided,not_selected,MoTrPAC_pass1b06_rat,motrpac_pass1b06_plasma_8w,motrpac_pass1b06_plasma_8w_trained_vs_sedentary_male,not_reported,male
pe(o-38:5)>pe(o-16:1/22:4)_feature5 [refmet: pe(o-16:1/22:4)_ln_e],pe(o-16:1/22:4)_ln_e,unclassified_no_refmet_match,-0.04187997,log2fc,0.91698486,1.0,benjamini_hochberg,within_male_stratum_pass1b06_plasma_8w_timewise_da_as_released,provided,not_selected,MoTrPAC_pass1b06_rat,motrpac_pass1b06_plasma_8w,motrpac_pass1b06_plasma_8w_trained_vs_sedentary_male,not_reported,male
hydroxyphenyllactic acid,hydroxyphenyllactic acid,Organic acids,-0.041805025,log2fc,0.9345071,1.0,benjamini_hochberg,within_male_stratum_pass1b06_plasma_8w_timewise_da_as_released,provided,not_selected,MoTrPAC_pass1b06_rat,motrpac_pass1b06_plasma_8w,motrpac_pass1b06_plasma_8w_trained_vs_sedentary_male,not_reported,male
sm(d42:2),sm(d42:2),unclassified_no_refmet_match,-0.0417938,log2fc,0.7133325,1.0,benjamini_hochberg,within_male_stratum_pass1b06_plasma_8w_timewise_da_as_released,provided,not_selected,MoTrPAC_pass1b06_rat,motrpac_pass1b06_plasma_8w,motrpac_pass1b06_plasma_8w_trained_vs_sedentary_male,not_reported,male
pc(42:6)_feature2 [refmet: pc(42:6)_lp_b],pc(42:6)_lp_b,unclassified_no_refmet_match,-0.041775327,log2fc,0.82057977,1.0,benjamini_hochberg,within_male_stratum_pass1b06_plasma_8w_timewise_da_as_released,provided,not_selected,MoTrPAC_pass1b06_rat,motrpac_pass1b06_plasma_8w,motrpac_pass1b06_plasma_8w_trained_vs_sedentary_male,not_reported,male
sphinganine (c16) [refmet: c16 sphinganine],c16 sphinganine,Sphingolipids,0.04121403,log2fc,0.8650611,1.0,benjamini_hochberg,within_male_stratum_pass1b06_plasma_8w_timewise_da_as_released,provided,not_selected,MoTrPAC_pass1b06_rat,motrpac_pass1b06_plasma_8w,motrpac_pass1b06_plasma_8w_trained_vs_sedentary_male,not_reported,male
fa(10:0-oh) [refmet: hydroxydecanoic acid],hydroxydecanoic acid,Fatty Acyls,0.041193318,log2fc,0.8476124,1.0,benjamini_hochberg,within_male_stratum_pass1b06_plasma_8w_timewise_da_as_released,provided,not_selected,MoTrPAC_pass1b06_rat,motrpac_pass1b06_plasma_8w,motrpac_pass1b06_plasma_8w_trained_vs_sedentary_male,not_reported,male
pc(46:5)_feature1 [refmet: pc(46:5)_lp_a],pc(46:5)_lp_a,unclassified_no_refmet_match,0.041025456,log2fc,0.88517857,1.0,benjamini_hochberg,within_male_stratum_pass1b06_plasma_8w_timewise_da_as_released,provided,not_selected,MoTrPAC_pass1b06_rat,motrpac_pass1b06_plasma_8w,motrpac_pass1b06_plasma_8w_trained_vs_sedentary_male,not_reported,male
car(20:2-oh)_feature1 [refmet: car(20:2(oh))],car(20:2(oh)),unclassified_no_refmet_match,0.040929973,log2fc,0.9168764,1.0,benjamini_hochberg,within_male_stratum_pass1b06_plasma_8w_timewise_da_as_released,provided,not_selected,MoTrPAC_pass1b06_rat,motrpac_pass1b06_plasma_8w,motrpac_pass1b06_plasma_8w_trained_vs_sedentary_male,not_reported,male
tg(48:1)>tg(16:0_16:0_16:1)_and_tg(14:0_16:0_18:1)_m+nh3_feature2 [refmet: tg(48:1)_lp_b],tg(48:1)_lp_b,unclassified_no_refmet_match,0.039269626,log2fc,0.92427295,1.0,benjamini_hochberg,within_male_stratum_pass1b06_plasma_8w_timewise_da_as_released,provided,not_selected,MoTrPAC_pass1b06_rat,motrpac_pass1b06_plasma_8w,motrpac_pass1b06_plasma_8w_trained_vs_sedentary_male,not_reported,male
carnitine [source metabolite label NA],carnitine,Organic nitrogen compounds,-0.038569275,log2fc,0.8079629,1.0,benjamini_hochberg,within_male_stratum_pass1b06_plasma_8w_timewise_da_as_released,provided,not_selected,MoTrPAC_pass1b06_rat,motrpac_pass1b06_plasma_8w,motrpac_pass1b06_plasma_8w_trained_vs_sedentary_male,not_reported,male
leucine [source metabolite label NA],leucine,Organic acids,0.037724268,log2fc,0.5883718,1.0,benjamini_hochberg,within_male_stratum_pass1b06_plasma_8w_timewise_da_as_released,provided,not_selected,MoTrPAC_pass1b06_rat,motrpac_pass1b06_plasma_8w,motrpac_pass1b06_plasma_8w_trained_vs_sedentary_male,not_reported,male
pe(o-38:4)_feature4 [refmet: pe(o-38:4)_lp_d],pe(o-38:4)_lp_d,unclassified_no_refmet_match,-0.03690639,log2fc,0.9367272,1.0,benjamini_hochberg,within_male_stratum_pass1b06_plasma_8w_timewise_da_as_released,provided,not_selected,MoTrPAC_pass1b06_rat,motrpac_pass1b06_plasma_8w,motrpac_pass1b06_plasma_8w_trained_vs_sedentary_male,not_reported,male
2-piperidinone,2-piperidinone,Organoheterocyclic compounds,0.03673963,log2fc,0.90088356,1.0,benjamini_hochberg,within_male_stratum_pass1b06_plasma_8w_timewise_da_as_released,provided,not_selected,MoTrPAC_pass1b06_rat,motrpac_pass1b06_plasma_8w,motrpac_pass1b06_plasma_8w_trained_vs_sedentary_male,not_reported,male
histidine [source metabolite label NA],histidine,Organic acids,-0.0364188,log2fc,0.65375865,1.0,benjamini_hochberg,within_male_stratum_pass1b06_plasma_8w_timewise_da_as_released,provided,not_selected,MoTrPAC_pass1b06_rat,motrpac_pass1b06_plasma_8w,motrpac_pass1b06_plasma_8w_trained_vs_sedentary_male,not_reported,male
cer(d40:1)_m+h2co2_feature1 [refmet: cer(d40:1)_ln_a],cer(d40:1)_ln_a,unclassified_no_refmet_match,0.03565244,log2fc,0.6986051,1.0,benjamini_hochberg,within_male_stratum_pass1b06_plasma_8w_timewise_da_as_released,provided,not_selected,MoTrPAC_pass1b06_rat,motrpac_pass1b06_plasma_8w,motrpac_pass1b06_plasma_8w_trained_vs_sedentary_male,not_reported,male
pc(36:0)_feature2 [refmet: pc(36:0)_lp_b],pc(36:0)_lp_b,unclassified_no_refmet_match,-0.035435833,log2fc,0.8156649,1.0,benjamini_hochberg,within_male_stratum_pass1b06_plasma_8w_timewise_da_as_released,provided,not_selected,MoTrPAC_pass1b06_rat,motrpac_pass1b06_plasma_8w,motrpac_pass1b06_plasma_8w_trained_vs_sedentary_male,not_reported,male
sdma [refmet: symmetric dimethyl-arginine],symmetric dimethyl-arginine,unclassified_no_refmet_match,-0.035235666,log2fc,0.7311215,1.0,benjamini_hochberg,within_male_stratum_pass1b06_plasma_8w_timewise_da_as_released,provided,not_selected,MoTrPAC_pass1b06_rat,motrpac_pass1b06_plasma_8w,motrpac_pass1b06_plasma_8w_trained_vs_sedentary_male,not_reported,male
sm(d42:3)_m+h2co2_feature1 [refmet: sm(d42:3)_ln_a],sm(d42:3)_ln_a,unclassified_no_refmet_match,0.0350078,log2fc,0.72404504,1.0,benjamini_hochberg,within_male_stratum_pass1b06_plasma_8w_timewise_da_as_released,provided,not_selected,MoTrPAC_pass1b06_rat,motrpac_pass1b06_plasma_8w,motrpac_pass1b06_plasma_8w_trained_vs_sedentary_male,not_reported,male
fa(14:1-oh)_feature2 [refmet: hydroxytetradecenoic acid_ln_b],hydroxytetradecenoic acid_ln_b,unclassified_no_refmet_match,0.03457721,log2fc,0.8787135,1.0,benjamini_hochberg,within_male_stratum_pass1b06_plasma_8w_timewise_da_as_released,provided,not_selected,MoTrPAC_pass1b06_rat,motrpac_pass1b06_plasma_8w,motrpac_pass1b06_plasma_8w_trained_vs_sedentary_male,not_reported,male
tryptophan [source metabolite label NA],tryptophan,Organic acids,0.034131005,log2fc,0.64721674,1.0,benjamini_hochberg,within_male_stratum_pass1b06_plasma_8w_timewise_da_as_released,provided,not_selected,MoTrPAC_pass1b06_rat,motrpac_pass1b06_plasma_8w,motrpac_pass1b06_plasma_8w_trained_vs_sedentary_male,not_reported,male
indole,indole,Alkaloids,-0.03396423,log2fc,0.9317758,1.0,benjamini_hochberg,within_male_stratum_pass1b06_plasma_8w_timewise_da_as_released,provided,not_selected,MoTrPAC_pass1b06_rat,motrpac_pass1b06_plasma_8w,motrpac_pass1b06_plasma_8w_trained_vs_sedentary_male,not_reported,male
sn-glycero-3-phosphocholine [source metabolite label NA],sn-glycero-3-phosphocholine,Organic acids,0.033483148,log2fc,0.7357385,1.0,benjamini_hochberg,within_male_stratum_pass1b06_plasma_8w_timewise_da_as_released,provided,not_selected,MoTrPAC_pass1b06_rat,motrpac_pass1b06_plasma_8w,motrpac_pass1b06_plasma_8w_trained_vs_sedentary_male,not_reported,male
pe(o-36:3)_feature2 [refmet: pe(o-36:3)_lp_b],pe(o-36:3)_lp_b,unclassified_no_refmet_match,-0.03327291,log2fc,0.9539248,1.0,benjamini_hochberg,within_male_stratum_pass1b06_plasma_8w_timewise_da_as_released,provided,not_selected,MoTrPAC_pass1b06_rat,motrpac_pass1b06_plasma_8w,motrpac_pass1b06_plasma_8w_trained_vs_sedentary_male,not_reported,male
pe(o-38:5)>pe(o-18:1/20:4)_feature6 [refmet: pe(o-18:1/20:4)_lp_f],pe(o-18:1/20:4)_lp_f,unclassified_no_refmet_match,-0.033188228,log2fc,0.9485446,1.0,benjamini_hochberg,within_male_stratum_pass1b06_plasma_8w_timewise_da_as_released,provided,not_selected,MoTrPAC_pass1b06_rat,motrpac_pass1b06_plasma_8w,motrpac_pass1b06_plasma_8w_trained_vs_sedentary_male,not_reported,male
sm(d18:1/18:0) [source metabolite label NA],sm(d18:1/18:0),unclassified_no_refmet_match,-0.033179633,log2fc,0.7871701,1.0,benjamini_hochberg,within_male_stratum_pass1b06_plasma_8w_timewise_da_as_released,provided,not_selected,MoTrPAC_pass1b06_rat,motrpac_pass1b06_plasma_8w,motrpac_pass1b06_plasma_8w_trained_vs_sedentary_male,not_reported,male
lpe(o-15:0)_feature1 [refmet: lpe(o-15:0)],lpe(o-15:0),unclassified_no_refmet_match,-0.031097187,log2fc,0.8026357,1.0,benjamini_hochberg,within_male_stratum_pass1b06_plasma_8w_timewise_da_as_released,provided,not_selected,MoTrPAC_pass1b06_rat,motrpac_pass1b06_plasma_8w,motrpac_pass1b06_plasma_8w_trained_vs_sedentary_male,not_reported,male
pe(o-40:4)_feature3 [refmet: pe(o-40:4)_lp_c],pe(o-40:4)_lp_c,unclassified_no_refmet_match,-0.03006606,log2fc,0.93558586,1.0,benjamini_hochberg,within_male_stratum_pass1b06_plasma_8w_timewise_da_as_released,provided,not_selected,MoTrPAC_pass1b06_rat,motrpac_pass1b06_plasma_8w,motrpac_pass1b06_plasma_8w_trained_vs_sedentary_male,not_reported,male
"11,12-dihetre","11,12-dihetre",Fatty Acyls,-0.02950775,log2fc,0.656938,1.0,benjamini_hochberg,within_male_stratum_pass1b06_plasma_8w_timewise_da_as_released,provided,not_selected,MoTrPAC_pass1b06_rat,motrpac_pass1b06_plasma_8w,motrpac_pass1b06_plasma_8w_trained_vs_sedentary_male,not_reported,male
car(13:0)_feature1 [refmet: car(13:0)],car(13:0),unclassified_no_refmet_match,0.029468006,log2fc,0.8574966,1.0,benjamini_hochberg,within_male_stratum_pass1b06_plasma_8w_timewise_da_as_released,provided,not_selected,MoTrPAC_pass1b06_rat,motrpac_pass1b06_plasma_8w,motrpac_pass1b06_plasma_8w_trained_vs_sedentary_male,not_reported,male
fa(12:0-oh) [refmet: hydroxydodecanoic acid],hydroxydodecanoic acid,Fatty Acyls,0.029271854,log2fc,0.9036391,1.0,benjamini_hochberg,within_male_stratum_pass1b06_plasma_8w_timewise_da_as_released,provided,not_selected,MoTrPAC_pass1b06_rat,motrpac_pass1b06_plasma_8w,motrpac_pass1b06_plasma_8w_trained_vs_sedentary_male,not_reported,male
cer(d42:3)_feature1 [refmet: cer(d42:3)_lp_a],cer(d42:3)_lp_a,unclassified_no_refmet_match,0.029083936,log2fc,0.84700125,1.0,benjamini_hochberg,within_male_stratum_pass1b06_plasma_8w_timewise_da_as_released,provided,not_selected,MoTrPAC_pass1b06_rat,motrpac_pass1b06_plasma_8w,motrpac_pass1b06_plasma_8w_trained_vs_sedentary_male,not_reported,male
pc(34:4) [source metabolite label NA],pc(34:4),unclassified_no_refmet_match,0.028641554,log2fc,0.8280137,1.0,benjamini_hochberg,within_male_stratum_pass1b06_plasma_8w_timewise_da_as_released,provided,not_selected,MoTrPAC_pass1b06_rat,motrpac_pass1b06_plasma_8w,motrpac_pass1b06_plasma_8w_trained_vs_sedentary_male,not_reported,male
c20:0 lpe [refmet: lpe(20:0)],lpe(20:0),unclassified_no_refmet_match,-0.028587162,log2fc,0.79056156,1.0,benjamini_hochberg,within_male_stratum_pass1b06_plasma_8w_timewise_da_as_released,provided,not_selected,MoTrPAC_pass1b06_rat,motrpac_pass1b06_plasma_8w,motrpac_pass1b06_plasma_8w_trained_vs_sedentary_male,not_reported,male
bilirubin [source metabolite label NA],bilirubin,Organoheterocyclic compounds,0.028351814,log2fc,0.8731294,1.0,benjamini_hochberg,within_male_stratum_pass1b06_plasma_8w_timewise_da_as_released,provided,not_selected,MoTrPAC_pass1b06_rat,motrpac_pass1b06_plasma_8w,motrpac_pass1b06_plasma_8w_trained_vs_sedentary_male,not_reported,male
hexcer(d42:0-oh)_m+h2co2_feature2 [refmet: hexcer(d42:0-oh)_ln_b],hexcer(d42:0-oh)_ln_b,unclassified_no_refmet_match,0.028284574,log2fc,0.8389082,1.0,benjamini_hochberg,within_male_stratum_pass1b06_plasma_8w_timewise_da_as_released,provided,not_selected,MoTrPAC_pass1b06_rat,motrpac_pass1b06_plasma_8w,motrpac_pass1b06_plasma_8w_trained_vs_sedentary_male,not_reported,male
c7 carnitine [refmet: car(7:0)],car(7:0),unclassified_no_refmet_match,0.027814714,log2fc,0.91583276,1.0,benjamini_hochberg,within_male_stratum_pass1b06_plasma_8w_timewise_da_as_released,provided,not_selected,MoTrPAC_pass1b06_rat,motrpac_pass1b06_plasma_8w,motrpac_pass1b06_plasma_8w_trained_vs_sedentary_male,not_reported,male
cer(d34:1)_m+h2co2_feature1 [refmet: cer(d34:1)],cer(d34:1),unclassified_no_refmet_match,-0.027696004,log2fc,0.8113636,1.0,benjamini_hochberg,within_male_stratum_pass1b06_plasma_8w_timewise_da_as_released,provided,not_selected,MoTrPAC_pass1b06_rat,motrpac_pass1b06_plasma_8w,motrpac_pass1b06_plasma_8w_trained_vs_sedentary_male,not_reported,male
fa(17:0) [refmet: margaric acid],margaric acid,Fatty Acyls,0.027578844,log2fc,0.97578144,1.0,benjamini_hochberg,within_male_stratum_pass1b06_plasma_8w_timewise_da_as_released,provided,not_selected,MoTrPAC_pass1b06_rat,motrpac_pass1b06_plasma_8w,motrpac_pass1b06_plasma_8w_trained_vs_sedentary_male,not_reported,male
pc(39:4)_feature5 [refmet: pc(39:4)_lp_e],pc(39:4)_lp_e,unclassified_no_refmet_match,0.027528737,log2fc,0.85899574,1.0,benjamini_hochberg,within_male_stratum_pass1b06_plasma_8w_timewise_da_as_released,provided,not_selected,MoTrPAC_pass1b06_rat,motrpac_pass1b06_plasma_8w,motrpac_pass1b06_plasma_8w_trained_vs_sedentary_male,not_reported,male
pe(o-40:5)>pe(o-18:1/22:4)_feature5 [refmet: pe(o-18:1/22:4)_lp_e],pe(o-18:1/22:4)_lp_e,unclassified_no_refmet_match,0.026893089,log2fc,0.83863014,1.0,benjamini_hochberg,within_male_stratum_pass1b06_plasma_8w_timewise_da_as_released,provided,not_selected,MoTrPAC_pass1b06_rat,motrpac_pass1b06_plasma_8w,motrpac_pass1b06_plasma_8w_trained_vs_sedentary_male,not_reported,male
car(22:4)_feature1 [refmet: car(22:4)],car(22:4),unclassified_no_refmet_match,0.026884217,log2fc,0.9338212,1.0,benjamini_hochberg,within_male_stratum_pass1b06_plasma_8w_timewise_da_as_released,provided,not_selected,MoTrPAC_pass1b06_rat,motrpac_pass1b06_plasma_8w,motrpac_pass1b06_plasma_8w_trained_vs_sedentary_male,not_reported,male
dimethylglycine [source metabolite label NA],dimethylglycine,Organic acids,0.025953783,log2fc,0.84492016,1.0,benjamini_hochberg,within_male_stratum_pass1b06_plasma_8w_timewise_da_as_released,provided,not_selected,MoTrPAC_pass1b06_rat,motrpac_pass1b06_plasma_8w,motrpac_pass1b06_plasma_8w_trained_vs_sedentary_male,not_reported,male
pc(o-40:4)_feature1 [refmet: pc(o-40:4)_lp_a],pc(o-40:4)_lp_a,unclassified_no_refmet_match,-0.025720855,log2fc,0.88025045,1.0,benjamini_hochberg,within_male_stratum_pass1b06_plasma_8w_timewise_da_as_released,provided,not_selected,MoTrPAC_pass1b06_rat,motrpac_pass1b06_plasma_8w,motrpac_pass1b06_plasma_8w_trained_vs_sedentary_male,not_reported,male
tg(49:0)>tg(16:0_16:0_17:0)_and_tg(15:0_16:0_18:0)_and_tg(14:0_16:0_19:0)_m+nh3_feature1 [refmet: tg(49:0)],tg(49:0),unclassified_no_refmet_match,0.025683012,log2fc,0.9054772,1.0,benjamini_hochberg,within_male_stratum_pass1b06_plasma_8w_timewise_da_as_released,provided,not_selected,MoTrPAC_pass1b06_rat,motrpac_pass1b06_plasma_8w,motrpac_pass1b06_plasma_8w_trained_vs_sedentary_male,not_reported,male
lpc(17:0)_feature1and2 [refmet: lpc(17:0)_ln_ab],lpc(17:0)_ln_ab,unclassified_no_refmet_match,-0.025038714,log2fc,0.87873644,1.0,benjamini_hochberg,within_male_stratum_pass1b06_plasma_8w_timewise_da_as_released,provided,not_selected,MoTrPAC_pass1b06_rat,motrpac_pass1b06_plasma_8w,motrpac_pass1b06_plasma_8w_trained_vs_sedentary_male,not_reported,male
tg(55:6)_m+nh3_feature2 [refmet: tg(55:6)_lp_b],tg(55:6)_lp_b,unclassified_no_refmet_match,0.02439596,log2fc,0.9184452,1.0,benjamini_hochberg,within_male_stratum_pass1b06_plasma_8w_timewise_da_as_released,provided,not_selected,MoTrPAC_pass1b06_rat,motrpac_pass1b06_plasma_8w,motrpac_pass1b06_plasma_8w_trained_vs_sedentary_male,not_reported,male
c20:0 sm [refmet: sm(d18:1/20:0)],sm(d18:1/20:0),unclassified_no_refmet_match,0.024238676,log2fc,0.87617964,1.0,benjamini_hochberg,within_male_stratum_pass1b06_plasma_8w_timewise_da_as_released,provided,not_selected,MoTrPAC_pass1b06_rat,motrpac_pass1b06_plasma_8w,motrpac_pass1b06_plasma_8w_trained_vs_sedentary_male,not_reported,male
c20:1 lpc [refmet: lpc(20:1)],lpc(20:1),unclassified_no_refmet_match,-0.023993671,log2fc,0.86411357,1.0,benjamini_hochberg,within_male_stratum_pass1b06_plasma_8w_timewise_da_as_released,provided,not_selected,MoTrPAC_pass1b06_rat,motrpac_pass1b06_plasma_8w,motrpac_pass1b06_plasma_8w_trained_vs_sedentary_male,not_reported,male
sarcosine,sarcosine,Organic acids,0.02355538,log2fc,0.7699802,1.0,benjamini_hochberg,within_male_stratum_pass1b06_plasma_8w_timewise_da_as_released,provided,not_selected,MoTrPAC_pass1b06_rat,motrpac_pass1b06_plasma_8w,motrpac_pass1b06_plasma_8w_trained_vs_sedentary_male,not_reported,male
"fa(22:6(4z,7z,10z,16z,19z)) [refmet: dha]",dha,Fatty Acyls,-0.023327205,log2fc,0.8959799,1.0,benjamini_hochberg,within_male_stratum_pass1b06_plasma_8w_timewise_da_as_released,provided,not_selected,MoTrPAC_pass1b06_rat,motrpac_pass1b06_plasma_8w,motrpac_pass1b06_plasma_8w_trained_vs_sedentary_male,not_reported,male
taurocholate_feature1 [refmet: taurocholic acid],taurocholic acid,Sterol Lipids,-0.023307482,log2fc,0.97480166,1.0,benjamini_hochberg,within_male_stratum_pass1b06_plasma_8w_timewise_da_as_released,provided,not_selected,MoTrPAC_pass1b06_rat,motrpac_pass1b06_plasma_8w,motrpac_pass1b06_plasma_8w_trained_vs_sedentary_male,not_reported,male
lpc(18:0)_feature2 [refmet: lpc(18:0)_ln_b],lpc(18:0)_ln_b,unclassified_no_refmet_match,-0.023224816,log2fc,0.8551922,1.0,benjamini_hochberg,within_male_stratum_pass1b06_plasma_8w_timewise_da_as_released,provided,not_selected,MoTrPAC_pass1b06_rat,motrpac_pass1b06_plasma_8w,motrpac_pass1b06_plasma_8w_trained_vs_sedentary_male,not_reported,male
lpc(26:0)_feature1and2 [refmet: lpc(26:0)_lp_ab],lpc(26:0)_lp_ab,unclassified_no_refmet_match,0.02238809,log2fc,0.9183569,1.0,benjamini_hochberg,within_male_stratum_pass1b06_plasma_8w_timewise_da_as_released,provided,not_selected,MoTrPAC_pass1b06_rat,motrpac_pass1b06_plasma_8w,motrpac_pass1b06_plasma_8w_trained_vs_sedentary_male,not_reported,male
pge2,pge2,Fatty Acyls,-0.02224644,log2fc,0.9661416,1.0,benjamini_hochberg,within_male_stratum_pass1b06_plasma_8w_timewise_da_as_released,provided,not_selected,MoTrPAC_pass1b06_rat,motrpac_pass1b06_plasma_8w,motrpac_pass1b06_plasma_8w_trained_vs_sedentary_male,not_reported,male
c18:1 lpc plasmalogen b [refmet: lpc(p-18:0)/lpc(o-18:1)_hp_b],lpc(p-18:0)/lpc(o-18:1)_hp_b,unclassified_no_refmet_match,0.02097677,log2fc,0.8723362,1.0,benjamini_hochberg,within_male_stratum_pass1b06_plasma_8w_timewise_da_as_released,provided,not_selected,MoTrPAC_pass1b06_rat,motrpac_pass1b06_plasma_8w,motrpac_pass1b06_plasma_8w_trained_vs_sedentary_male,not_reported,male
sphinganine [source metabolite label NA],sphinganine,Sphingolipids,0.020852854,log2fc,0.9610914,1.0,benjamini_hochberg,within_male_stratum_pass1b06_plasma_8w_timewise_da_as_released,provided,not_selected,MoTrPAC_pass1b06_rat,motrpac_pass1b06_plasma_8w,motrpac_pass1b06_plasma_8w_trained_vs_sedentary_male,not_reported,male
sm(d42:1)_m+h2co2_feature1 [refmet: sm(d42:1)_ln_a],sm(d42:1)_ln_a,unclassified_no_refmet_match,-0.019643353,log2fc,0.84867924,1.0,benjamini_hochberg,within_male_stratum_pass1b06_plasma_8w_timewise_da_as_released,provided,not_selected,MoTrPAC_pass1b06_rat,motrpac_pass1b06_plasma_8w,motrpac_pass1b06_plasma_8w_trained_vs_sedentary_male,not_reported,male
pe(o-38:4)_feature3 [refmet: pe(o-38:4)_lp_c],pe(o-38:4)_lp_c,unclassified_no_refmet_match,-0.01811136,log2fc,0.9770145,1.0,benjamini_hochberg,within_male_stratum_pass1b06_plasma_8w_timewise_da_as_released,provided,not_selected,MoTrPAC_pass1b06_rat,motrpac_pass1b06_plasma_8w,motrpac_pass1b06_plasma_8w_trained_vs_sedentary_male,not_reported,male
pc(o-42:6)_feature1 [refmet: pc(o-42:6)_lp_a],pc(o-42:6)_lp_a,unclassified_no_refmet_match,0.017789219,log2fc,0.9253225,1.0,benjamini_hochberg,within_male_stratum_pass1b06_plasma_8w_timewise_da_as_released,provided,not_selected,MoTrPAC_pass1b06_rat,motrpac_pass1b06_plasma_8w,motrpac_pass1b06_plasma_8w_trained_vs_sedentary_male,not_reported,male
pc(o-34:0)_feature1 [refmet: pc(o-34:0)],pc(o-34:0),unclassified_no_refmet_match,-0.01634563,log2fc,0.9752563,1.0,benjamini_hochberg,within_male_stratum_pass1b06_plasma_8w_timewise_da_as_released,provided,not_selected,MoTrPAC_pass1b06_rat,motrpac_pass1b06_plasma_8w,motrpac_pass1b06_plasma_8w_trained_vs_sedentary_male,not_reported,male
c20:3 lpc a [refmet: lpc(20:3)_hp_a],lpc(20:3)_hp_a,unclassified_no_refmet_match,0.016048893,log2fc,0.86811936,1.0,benjamini_hochberg,within_male_stratum_pass1b06_plasma_8w_timewise_da_as_released,provided,not_selected,MoTrPAC_pass1b06_rat,motrpac_pass1b06_plasma_8w,motrpac_pass1b06_plasma_8w_trained_vs_sedentary_male,not_reported,male
pc(30:0) [source metabolite label NA],pc(30:0),unclassified_no_refmet_match,-0.015589749,log2fc,0.9437612,1.0,benjamini_hochberg,within_male_stratum_pass1b06_plasma_8w_timewise_da_as_released,provided,not_selected,MoTrPAC_pass1b06_rat,motrpac_pass1b06_plasma_8w,motrpac_pass1b06_plasma_8w_trained_vs_sedentary_male,not_reported,male
edetic acid [source metabolite label NA],edetic acid,unclassified_no_refmet_match,0.015344354,log2fc,0.88814384,1.0,benjamini_hochberg,within_male_stratum_pass1b06_plasma_8w_timewise_da_as_released,provided,not_selected,MoTrPAC_pass1b06_rat,motrpac_pass1b06_plasma_8w,motrpac_pass1b06_plasma_8w_trained_vs_sedentary_male,not_reported,male
sm(d40:0-oh)_m+h2co2_feature1 [refmet: sm(d40:0-oh)],sm(d40:0-oh),unclassified_no_refmet_match,-0.014767601,log2fc,0.90324724,1.0,benjamini_hochberg,within_male_stratum_pass1b06_plasma_8w_timewise_da_as_released,provided,not_selected,MoTrPAC_pass1b06_rat,motrpac_pass1b06_plasma_8w,motrpac_pass1b06_plasma_8w_trained_vs_sedentary_male,not_reported,male
phenylalanine,phenylalanine,Organic acids,0.014719384,log2fc,0.83652335,1.0,benjamini_hochberg,within_male_stratum_pass1b06_plasma_8w_timewise_da_as_released,provided,not_selected,MoTrPAC_pass1b06_rat,motrpac_pass1b06_plasma_8w,motrpac_pass1b06_plasma_8w_trained_vs_sedentary_male,not_reported,male
sm(d38:2)_feature2 [refmet: sm(d38:2)_lp_b],sm(d38:2)_lp_b,unclassified_no_refmet_match,0.014608379,log2fc,0.95621663,1.0,benjamini_hochberg,within_male_stratum_pass1b06_plasma_8w_timewise_da_as_released,provided,not_selected,MoTrPAC_pass1b06_rat,motrpac_pass1b06_plasma_8w,motrpac_pass1b06_plasma_8w_trained_vs_sedentary_male,not_reported,male
c18:3 lpc [refmet: lpc(18:3)],lpc(18:3),unclassified_no_refmet_match,0.014097086,log2fc,0.8715653,1.0,benjamini_hochberg,within_male_stratum_pass1b06_plasma_8w_timewise_da_as_released,provided,not_selected,MoTrPAC_pass1b06_rat,motrpac_pass1b06_plasma_8w,motrpac_pass1b06_plasma_8w_trained_vs_sedentary_male,not_reported,male
sm(d40:1)_m+h2co2_feature1 [refmet: sm(d40:1)_ln_a],sm(d40:1)_ln_a,unclassified_no_refmet_match,0.013332308,log2fc,0.88165015,1.0,benjamini_hochberg,within_male_stratum_pass1b06_plasma_8w_timewise_da_as_released,provided,not_selected,MoTrPAC_pass1b06_rat,motrpac_pass1b06_plasma_8w,motrpac_pass1b06_plasma_8w_trained_vs_sedentary_male,not_reported,male
pc(38:6),pc(38:6),unclassified_no_refmet_match,-0.013264296,log2fc,0.9201705,1.0,benjamini_hochberg,within_male_stratum_pass1b06_plasma_8w_timewise_da_as_released,provided,not_selected,MoTrPAC_pass1b06_rat,motrpac_pass1b06_plasma_8w,motrpac_pass1b06_plasma_8w_trained_vs_sedentary_male,not_reported,male
sm(d34:2) [source metabolite label NA],sm(d34:2),unclassified_no_refmet_match,0.013091893,log2fc,0.85972553,1.0,benjamini_hochberg,within_male_stratum_pass1b06_plasma_8w_timewise_da_as_released,provided,not_selected,MoTrPAC_pass1b06_rat,motrpac_pass1b06_plasma_8w,motrpac_pass1b06_plasma_8w_trained_vs_sedentary_male,not_reported,male
alpha-aminoadipic-acid [refmet: aminoadipic acid],aminoadipic acid,Organic acids,-0.012637642,log2fc,0.91376364,1.0,benjamini_hochberg,within_male_stratum_pass1b06_plasma_8w_timewise_da_as_released,provided,not_selected,MoTrPAC_pass1b06_rat,motrpac_pass1b06_plasma_8w,motrpac_pass1b06_plasma_8w_trained_vs_sedentary_male,not_reported,male
fa(16:0) [refmet: palmitic acid],palmitic acid,Fatty Acyls,0.012530599,log2fc,0.94147575,1.0,benjamini_hochberg,within_male_stratum_pass1b06_plasma_8w_timewise_da_as_released,provided,not_selected,MoTrPAC_pass1b06_rat,motrpac_pass1b06_plasma_8w,motrpac_pass1b06_plasma_8w_trained_vs_sedentary_male,not_reported,male
3-methylhistidine [source metabolite label NA],3-methylhistidine,Organic acids,-0.012458449,log2fc,0.8994061,1.0,benjamini_hochberg,within_male_stratum_pass1b06_plasma_8w_timewise_da_as_released,provided,not_selected,MoTrPAC_pass1b06_rat,motrpac_pass1b06_plasma_8w,motrpac_pass1b06_plasma_8w_trained_vs_sedentary_male,not_reported,male
c16:0 sm [refmet: sm(d18:1/16:0)],sm(d18:1/16:0),unclassified_no_refmet_match,0.012080274,log2fc,0.9260139,1.0,benjamini_hochberg,within_male_stratum_pass1b06_plasma_8w_timewise_da_as_released,provided,not_selected,MoTrPAC_pass1b06_rat,motrpac_pass1b06_plasma_8w,motrpac_pass1b06_plasma_8w_trained_vs_sedentary_male,not_reported,male
palmitoleic acid [source metabolite label NA],palmitoleic acid,Fatty Acyls,0.010824842,log2fc,0.9665039,1.0,benjamini_hochberg,within_male_stratum_pass1b06_plasma_8w_timewise_da_as_released,provided,not_selected,MoTrPAC_pass1b06_rat,motrpac_pass1b06_plasma_8w,motrpac_pass1b06_plasma_8w_trained_vs_sedentary_male,not_reported,male
pc(35:4)>pc(15:0_20:4)_m+h2co2_feature2 [refmet: pc(15:0_20:4)_ln_b],pc(15:0_20:4)_ln_b,unclassified_no_refmet_match,-0.010313015,log2fc,0.93083125,1.0,benjamini_hochberg,within_male_stratum_pass1b06_plasma_8w_timewise_da_as_released,provided,not_selected,MoTrPAC_pass1b06_rat,motrpac_pass1b06_plasma_8w,motrpac_pass1b06_plasma_8w_trained_vs_sedentary_male,not_reported,male
ornithine [source metabolite label NA],ornithine,Organic acids,-0.01028335,log2fc,0.92642325,1.0,benjamini_hochberg,within_male_stratum_pass1b06_plasma_8w_timewise_da_as_released,provided,not_selected,MoTrPAC_pass1b06_rat,motrpac_pass1b06_plasma_8w,motrpac_pass1b06_plasma_8w_trained_vs_sedentary_male,not_reported,male
tg(55:2)>tg(18:1_18:1_19:0)_m+nh3_feature1 [refmet: tg(18:1_18:1_19:0)_lp_a],tg(18:1_18:1_19:0)_lp_a,unclassified_no_refmet_match,-0.009821522,log2fc,0.9812362,1.0,benjamini_hochberg,within_male_stratum_pass1b06_plasma_8w_timewise_da_as_released,provided,not_selected,MoTrPAC_pass1b06_rat,motrpac_pass1b06_plasma_8w,motrpac_pass1b06_plasma_8w_trained_vs_sedentary_male,not_reported,male
tg(51:0)>tg(16:0_17:0_18:0)_and_tg(16:0_16:0_19:0)_and_tg(15:0_17:0_19:0)_m+nh3_feature1 [refmet: tg(51:0)_lp_a],tg(51:0)_lp_a,unclassified_no_refmet_match,0.009813491,log2fc,0.9676723,1.0,benjamini_hochberg,within_male_stratum_pass1b06_plasma_8w_timewise_da_as_released,provided,not_selected,MoTrPAC_pass1b06_rat,motrpac_pass1b06_plasma_8w,motrpac_pass1b06_plasma_8w_trained_vs_sedentary_male,not_reported,male
adma [refmet: dimethylarginine],dimethylarginine,Organic acids,-0.00973437,log2fc,0.9195054,1.0,benjamini_hochberg,within_male_stratum_pass1b06_plasma_8w_timewise_da_as_released,provided,not_selected,MoTrPAC_pass1b06_rat,motrpac_pass1b06_plasma_8w,motrpac_pass1b06_plasma_8w_trained_vs_sedentary_male,not_reported,male
beta-guanidinopropionate [refmet: 3-guanidinopropanoic acid],3-guanidinopropanoic acid,Organic nitrogen compounds,0.009660094,log2fc,0.9540968,1.0,benjamini_hochberg,within_male_stratum_pass1b06_plasma_8w_timewise_da_as_released,provided,not_selected,MoTrPAC_pass1b06_rat,motrpac_pass1b06_plasma_8w,motrpac_pass1b06_plasma_8w_trained_vs_sedentary_male,not_reported,male
n-methylproline [refmet: n-methyl-proline],n-methyl-proline,Organic acids,-0.00893773,log2fc,0.9726875,1.0,benjamini_hochberg,within_male_stratum_pass1b06_plasma_8w_timewise_da_as_released,provided,not_selected,MoTrPAC_pass1b06_rat,motrpac_pass1b06_plasma_8w,motrpac_pass1b06_plasma_8w_trained_vs_sedentary_male,not_reported,male
hexcer(d40:1)_m+h2co2_feature2 [refmet: hexcer(d40:1)_ln_b],hexcer(d40:1)_ln_b,unclassified_no_refmet_match,-0.0087091,log2fc,0.9471608,1.0,benjamini_hochberg,within_male_stratum_pass1b06_plasma_8w_timewise_da_as_released,provided,not_selected,MoTrPAC_pass1b06_rat,motrpac_pass1b06_plasma_8w,motrpac_pass1b06_plasma_8w_trained_vs_sedentary_male,not_reported,male
c22:1 sm [refmet: sm(d18:1/22:1)],sm(d18:1/22:1),unclassified_no_refmet_match,0.008263215,log2fc,0.9466282,1.0,benjamini_hochberg,within_male_stratum_pass1b06_plasma_8w_timewise_da_as_released,provided,not_selected,MoTrPAC_pass1b06_rat,motrpac_pass1b06_plasma_8w,motrpac_pass1b06_plasma_8w_trained_vs_sedentary_male,not_reported,male
sm(d44:1)_feature1 [refmet: sm(d44:1)],sm(d44:1),unclassified_no_refmet_match,0.007653897,log2fc,0.9618562,1.0,benjamini_hochberg,within_male_stratum_pass1b06_plasma_8w_timewise_da_as_released,provided,not_selected,MoTrPAC_pass1b06_rat,motrpac_pass1b06_plasma_8w,motrpac_pass1b06_plasma_8w_trained_vs_sedentary_male,not_reported,male
c36:2 pe [refmet: pe(36:2)],pe(36:2),unclassified_no_refmet_match,-0.007267217,log2fc,0.9746664,1.0,benjamini_hochberg,within_male_stratum_pass1b06_plasma_8w_timewise_da_as_released,provided,not_selected,MoTrPAC_pass1b06_rat,motrpac_pass1b06_plasma_8w,motrpac_pass1b06_plasma_8w_trained_vs_sedentary_male,not_reported,male
lpc(15:0),lpc(15:0),unclassified_no_refmet_match,-0.007243355,log2fc,0.9732283,1.0,benjamini_hochberg,within_male_stratum_pass1b06_plasma_8w_timewise_da_as_released,provided,not_selected,MoTrPAC_pass1b06_rat,motrpac_pass1b06_plasma_8w,motrpac_pass1b06_plasma_8w_trained_vs_sedentary_male,not_reported,male
leucine/isoleucine [source metabolite label NA],leucine/isoleucine,Organic acids,-0.0071065803,log2fc,0.9391531,1.0,benjamini_hochberg,within_male_stratum_pass1b06_plasma_8w_timewise_da_as_released,provided,not_selected,MoTrPAC_pass1b06_rat,motrpac_pass1b06_plasma_8w,motrpac_pass1b06_plasma_8w_trained_vs_sedentary_male,not_reported,male
resolvin e1,resolvin e1,Fatty Acyls,-0.006652152,log2fc,0.95703626,1.0,benjamini_hochberg,within_male_stratum_pass1b06_plasma_8w_timewise_da_as_released,provided,not_selected,MoTrPAC_pass1b06_rat,motrpac_pass1b06_plasma_8w,motrpac_pass1b06_plasma_8w_trained_vs_sedentary_male,not_reported,male
pc(40:5)_feature3 [refmet: pc(40:5)_lp_c],pc(40:5)_lp_c,unclassified_no_refmet_match,-0.005893553,log2fc,0.9590734,1.0,benjamini_hochberg,within_male_stratum_pass1b06_plasma_8w_timewise_da_as_released,provided,not_selected,MoTrPAC_pass1b06_rat,motrpac_pass1b06_plasma_8w,motrpac_pass1b06_plasma_8w_trained_vs_sedentary_male,not_reported,male
lpc(22:0)_feature2 [refmet: lpc(22:0)_ln_b],lpc(22:0)_ln_b,unclassified_no_refmet_match,-0.005779863,log2fc,0.95278025,1.0,benjamini_hochberg,within_male_stratum_pass1b06_plasma_8w_timewise_da_as_released,provided,not_selected,MoTrPAC_pass1b06_rat,motrpac_pass1b06_plasma_8w,motrpac_pass1b06_plasma_8w_trained_vs_sedentary_male,not_reported,male
imidazoleacetate [refmet: imidazoleacetic acid],imidazoleacetic acid,Alkaloids,-0.0048995274,log2fc,0.97398067,1.0,benjamini_hochberg,within_male_stratum_pass1b06_plasma_8w_timewise_da_as_released,provided,not_selected,MoTrPAC_pass1b06_rat,motrpac_pass1b06_plasma_8w,motrpac_pass1b06_plasma_8w_trained_vs_sedentary_male,not_reported,male
pe(40:5)_feature3 [refmet: pe(40:5)_lp_c],pe(40:5)_lp_c,unclassified_no_refmet_match,-0.004835298,log2fc,0.9849993,1.0,benjamini_hochberg,within_male_stratum_pass1b06_plasma_8w_timewise_da_as_released,provided,not_selected,MoTrPAC_pass1b06_rat,motrpac_pass1b06_plasma_8w,motrpac_pass1b06_plasma_8w_trained_vs_sedentary_male,not_reported,male
pc(o-34:1)_feature2 [refmet: pc(o-34:1)_lp_b],pc(o-34:1)_lp_b,unclassified_no_refmet_match,-0.004483863,log2fc,0.9847173,1.0,benjamini_hochberg,within_male_stratum_pass1b06_plasma_8w_timewise_da_as_released,provided,not_selected,MoTrPAC_pass1b06_rat,motrpac_pass1b06_plasma_8w,motrpac_pass1b06_plasma_8w_trained_vs_sedentary_male,not_reported,male
fa(18:0) [refmet: stearic acid],stearic acid,Fatty Acyls,0.003808729,log2fc,0.99691594,1.0,benjamini_hochberg,within_male_stratum_pass1b06_plasma_8w_timewise_da_as_released,provided,not_selected,MoTrPAC_pass1b06_rat,motrpac_pass1b06_plasma_8w,motrpac_pass1b06_plasma_8w_trained_vs_sedentary_male,not_reported,male
pc(o-42:6)_feature3 [refmet: pc(o-42:6)_lp_c],pc(o-42:6)_lp_c,unclassified_no_refmet_match,-0.0037797762,log2fc,0.9846742,1.0,benjamini_hochberg,within_male_stratum_pass1b06_plasma_8w_timewise_da_as_released,provided,not_selected,MoTrPAC_pass1b06_rat,motrpac_pass1b06_plasma_8w,motrpac_pass1b06_plasma_8w_trained_vs_sedentary_male,not_reported,male
c20:3 lpc b [refmet: lpc(20:3)_hp_b],lpc(20:3)_hp_b,unclassified_no_refmet_match,0.0034741107,log2fc,0.9697437,1.0,benjamini_hochberg,within_male_stratum_pass1b06_plasma_8w_timewise_da_as_released,provided,not_selected,MoTrPAC_pass1b06_rat,motrpac_pass1b06_plasma_8w,motrpac_pass1b06_plasma_8w_trained_vs_sedentary_male,not_reported,male
cer(d40:2)>cer(d18:1/22:1)_feature1 [refmet: cer(d18:1/22:1)_lp_a],cer(d18:1/22:1)_lp_a,unclassified_no_refmet_match,0.003282862,log2fc,0.9858457,1.0,benjamini_hochberg,within_male_stratum_pass1b06_plasma_8w_timewise_da_as_released,provided,not_selected,MoTrPAC_pass1b06_rat,motrpac_pass1b06_plasma_8w,motrpac_pass1b06_plasma_8w_trained_vs_sedentary_male,not_reported,male
sm(d44:2)_feature1 [refmet: sm(d44:2)_lp_a],sm(d44:2)_lp_a,unclassified_no_refmet_match,0.003197726,log2fc,0.98659354,1.0,benjamini_hochberg,within_male_stratum_pass1b06_plasma_8w_timewise_da_as_released,provided,not_selected,MoTrPAC_pass1b06_rat,motrpac_pass1b06_plasma_8w,motrpac_pass1b06_plasma_8w_trained_vs_sedentary_male,not_reported,male
c22:0 sm [refmet: sm(d18:1/22:0)],sm(d18:1/22:0),unclassified_no_refmet_match,-0.0025686282,log2fc,0.9826828,1.0,benjamini_hochberg,within_male_stratum_pass1b06_plasma_8w_timewise_da_as_released,provided,not_selected,MoTrPAC_pass1b06_rat,motrpac_pass1b06_plasma_8w,motrpac_pass1b06_plasma_8w_trained_vs_sedentary_male,not_reported,male
lpe(20:0)_feature2 [refmet: lpe(20:0)_ln_b],lpe(20:0)_ln_b,unclassified_no_refmet_match,-0.0023835313,log2fc,0.98428994,1.0,benjamini_hochberg,within_male_stratum_pass1b06_plasma_8w_timewise_da_as_released,provided,not_selected,MoTrPAC_pass1b06_rat,motrpac_pass1b06_plasma_8w,motrpac_pass1b06_plasma_8w_trained_vs_sedentary_male,not_reported,male
sm(d40:2)_m+h2co2_feature1 [refmet: sm(d40:2)_ln_a],sm(d40:2)_ln_a,unclassified_no_refmet_match,-0.0021004637,log2fc,0.98697895,1.0,benjamini_hochberg,within_male_stratum_pass1b06_plasma_8w_timewise_da_as_released,provided,not_selected,MoTrPAC_pass1b06_rat,motrpac_pass1b06_plasma_8w,motrpac_pass1b06_plasma_8w_trained_vs_sedentary_male,not_reported,male
ethanolamine,ethanolamine,Organic nitrogen compounds,-0.002036976,log2fc,0.97984576,1.0,benjamini_hochberg,within_male_stratum_pass1b06_plasma_8w_timewise_da_as_released,provided,not_selected,MoTrPAC_pass1b06_rat,motrpac_pass1b06_plasma_8w,motrpac_pass1b06_plasma_8w_trained_vs_sedentary_male,not_reported,male
c16:0 lpc [refmet: lpc(0:0/16:0)],lpc(0:0/16:0),unclassified_no_refmet_match,-0.001124999,log2fc,0.9894095,1.0,benjamini_hochberg,within_male_stratum_pass1b06_plasma_8w_timewise_da_as_released,provided,not_selected,MoTrPAC_pass1b06_rat,motrpac_pass1b06_plasma_8w,motrpac_pass1b06_plasma_8w_trained_vs_sedentary_male,not_reported,male
pc(37:6)_feature1 [refmet: pc(37:6)_lp_a],pc(37:6)_lp_a,unclassified_no_refmet_match,-0.00034892058,log2fc,0.99731815,1.0,benjamini_hochberg,within_male_stratum_pass1b06_plasma_8w_timewise_da_as_released,provided,not_selected,MoTrPAC_pass1b06_rat,motrpac_pass1b06_plasma_8w,motrpac_pass1b06_plasma_8w_trained_vs_sedentary_male,not_reported,male
n6-acetyllysine,n6-acetyllysine,Organic acids,0.0003366432,log2fc,0.99721503,1.0,benjamini_hochberg,within_male_stratum_pass1b06_plasma_8w_timewise_da_as_released,provided,not_selected,MoTrPAC_pass1b06_rat,motrpac_pass1b06_plasma_8w,motrpac_pass1b06_plasma_8w_trained_vs_sedentary_male,not_reported,male
trimethylamine-n-oxide [refmet: trimethylamine n-oxide],trimethylamine n-oxide,Organic nitrogen compounds,7.880381e-05,log2fc,0.9997081,1.0,benjamini_hochberg,within_male_stratum_pass1b06_plasma_8w_timewise_da_as_released,provided,not_selected,MoTrPAC_pass1b06_rat,motrpac_pass1b06_plasma_8w,motrpac_pass1b06_plasma_8w_trained_vs_sedentary_male,not_reported,male
