feature_id,refmet_name,refmet_super_class,effect,effect_scale,p_value,fdr,fdr_method,fdr_scope,fdr_source,selection_status,source_study_id,source_dataset_id,contrast_id,platform,sex
dmgv,dmgv,Organic acids,-0.8511474,log2fc,5.3853696e-06,0.018602427,benjamini_hochberg,within_female_stratum_pass1b06_plasma_8w_timewise_da_as_released,provided,lower_in_numerator,MoTrPAC_pass1b06_rat,motrpac_pass1b06_plasma_8w,motrpac_pass1b06_plasma_8w_trained_vs_sedentary_female,not_reported,female
car(14:1) [source metabolite label NA],car(14:1),unclassified_no_refmet_match,-0.5594098,log2fc,1.8400277e-05,0.04248797,benjamini_hochberg,within_female_stratum_pass1b06_plasma_8w_timewise_da_as_released,provided,lower_in_numerator,MoTrPAC_pass1b06_rat,motrpac_pass1b06_plasma_8w,motrpac_pass1b06_plasma_8w_trained_vs_sedentary_female,not_reported,female
creatinine [source metabolite label NA],creatinine,Organoheterocyclic compounds,0.3613778,log2fc,4.6423684e-05,0.076942705,benjamini_hochberg,within_female_stratum_pass1b06_plasma_8w_timewise_da_as_released,provided,not_selected,MoTrPAC_pass1b06_rat,motrpac_pass1b06_plasma_8w,motrpac_pass1b06_plasma_8w_trained_vs_sedentary_female,not_reported,female
car(14:0) [source metabolite label NA],car(14:0),unclassified_no_refmet_match,-0.4774162,log2fc,0.0003473366,0.25527412,benjamini_hochberg,within_female_stratum_pass1b06_plasma_8w_timewise_da_as_released,provided,not_selected,MoTrPAC_pass1b06_rat,motrpac_pass1b06_plasma_8w,motrpac_pass1b06_plasma_8w_trained_vs_sedentary_female,not_reported,female
car(18:2) [source metabolite label NA],car(18:2),unclassified_no_refmet_match,-0.5417065,log2fc,0.00048413718,0.30313268,benjamini_hochberg,within_female_stratum_pass1b06_plasma_8w_timewise_da_as_released,provided,not_selected,MoTrPAC_pass1b06_rat,motrpac_pass1b06_plasma_8w,motrpac_pass1b06_plasma_8w_trained_vs_sedentary_female,not_reported,female
c16:1 sm [refmet: sm(d18:1/16:1)],sm(d18:1/16:1),unclassified_no_refmet_match,-0.3964862,log2fc,0.0006548194,0.36465642,benjamini_hochberg,within_female_stratum_pass1b06_plasma_8w_timewise_da_as_released,provided,not_selected,MoTrPAC_pass1b06_rat,motrpac_pass1b06_plasma_8w,motrpac_pass1b06_plasma_8w_trained_vs_sedentary_female,not_reported,female
3-methoxytyrosine,3-methoxytyrosine,unclassified_no_refmet_match,0.5571795,log2fc,0.00072924746,0.38770965,benjamini_hochberg,within_female_stratum_pass1b06_plasma_8w_timewise_da_as_released,provided,not_selected,MoTrPAC_pass1b06_rat,motrpac_pass1b06_plasma_8w,motrpac_pass1b06_plasma_8w_trained_vs_sedentary_female,not_reported,female
lpc(18:3/0:0)_and_lpc(0:0/18:3)_feature1and2 [refmet: lpc(18:3)_lp_ab],lpc(18:3)_lp_ab,unclassified_no_refmet_match,0.41317835,log2fc,0.0010584294,0.4839746,benjamini_hochberg,within_female_stratum_pass1b06_plasma_8w_timewise_da_as_released,provided,not_selected,MoTrPAC_pass1b06_rat,motrpac_pass1b06_plasma_8w,motrpac_pass1b06_plasma_8w_trained_vs_sedentary_female,not_reported,female
gamma-aminobutyric acid [source metabolite label NA],gamma-aminobutyric acid,Fatty Acyls,-0.28289837,log2fc,0.0013475455,0.5552716,benjamini_hochberg,within_female_stratum_pass1b06_plasma_8w_timewise_da_as_released,provided,not_selected,MoTrPAC_pass1b06_rat,motrpac_pass1b06_plasma_8w,motrpac_pass1b06_plasma_8w_trained_vs_sedentary_female,not_reported,female
pc(36:4)_feature8 [refmet: pc(36:4)_lp_h],pc(36:4)_lp_h,unclassified_no_refmet_match,-2.1524806,log2fc,0.0016211198,0.61826974,benjamini_hochberg,within_female_stratum_pass1b06_plasma_8w_timewise_da_as_released,provided,not_selected,MoTrPAC_pass1b06_rat,motrpac_pass1b06_plasma_8w,motrpac_pass1b06_plasma_8w_trained_vs_sedentary_female,not_reported,female
pe(o-38:7)>pe(o-16:1/22:6)_and_pe(o-20:7/18:0)_feature2 [refmet: pe(o-38:7)_ln_b],pe(o-38:7)_ln_b,unclassified_no_refmet_match,-0.5030169,log2fc,0.0016715879,0.6286975,benjamini_hochberg,within_female_stratum_pass1b06_plasma_8w_timewise_da_as_released,provided,not_selected,MoTrPAC_pass1b06_rat,motrpac_pass1b06_plasma_8w,motrpac_pass1b06_plasma_8w_trained_vs_sedentary_female,not_reported,female
hexcer(d42:0-oh)_m+h2co2_feature2 [refmet: hexcer(d42:0-oh)_ln_b],hexcer(d42:0-oh)_ln_b,unclassified_no_refmet_match,0.32768318,log2fc,0.0017937598,0.65320325,benjamini_hochberg,within_female_stratum_pass1b06_plasma_8w_timewise_da_as_released,provided,not_selected,MoTrPAC_pass1b06_rat,motrpac_pass1b06_plasma_8w,motrpac_pass1b06_plasma_8w_trained_vs_sedentary_female,not_reported,female
sie(22:6)_m+nh3_feature1 [refmet: sitosterol ester(22:6)],sitosterol ester(22:6),unclassified_no_refmet_match,-0.44912913,log2fc,0.0018801077,0.67309105,benjamini_hochberg,within_female_stratum_pass1b06_plasma_8w_timewise_da_as_released,provided,not_selected,MoTrPAC_pass1b06_rat,motrpac_pass1b06_plasma_8w,motrpac_pass1b06_plasma_8w_trained_vs_sedentary_female,not_reported,female
c16:0 sm [refmet: sm(d18:1/16:0)],sm(d18:1/16:0),unclassified_no_refmet_match,-0.31570938,log2fc,0.002570347,0.8061011,benjamini_hochberg,within_female_stratum_pass1b06_plasma_8w_timewise_da_as_released,provided,not_selected,MoTrPAC_pass1b06_rat,motrpac_pass1b06_plasma_8w,motrpac_pass1b06_plasma_8w_trained_vs_sedentary_female,not_reported,female
car(14:2) [source metabolite label NA],car(14:2),unclassified_no_refmet_match,-0.42461404,log2fc,0.0025733488,0.8068332,benjamini_hochberg,within_female_stratum_pass1b06_plasma_8w_timewise_da_as_released,provided,not_selected,MoTrPAC_pass1b06_rat,motrpac_pass1b06_plasma_8w,motrpac_pass1b06_plasma_8w_trained_vs_sedentary_female,not_reported,female
car(16:1),car(16:1),unclassified_no_refmet_match,-0.8727404,log2fc,0.0027875856,0.8412778,benjamini_hochberg,within_female_stratum_pass1b06_plasma_8w_timewise_da_as_released,provided,not_selected,MoTrPAC_pass1b06_rat,motrpac_pass1b06_plasma_8w,motrpac_pass1b06_plasma_8w_trained_vs_sedentary_female,not_reported,female
lpc(18:1/0:0)_and_lpc(0:0/18:1)_m+h2co2_feature1and2 [refmet: lpc(18:1)_ln_b],lpc(18:1)_ln_b,unclassified_no_refmet_match,0.27955797,log2fc,0.0031357717,0.9037215,benjamini_hochberg,within_female_stratum_pass1b06_plasma_8w_timewise_da_as_released,provided,not_selected,MoTrPAC_pass1b06_rat,motrpac_pass1b06_plasma_8w,motrpac_pass1b06_plasma_8w_trained_vs_sedentary_female,not_reported,female
car(16:3) [source metabolite label NA],car(16:3),unclassified_no_refmet_match,-0.584889,log2fc,0.0034031072,0.9475627,benjamini_hochberg,within_female_stratum_pass1b06_plasma_8w_timewise_da_as_released,provided,not_selected,MoTrPAC_pass1b06_rat,motrpac_pass1b06_plasma_8w,motrpac_pass1b06_plasma_8w_trained_vs_sedentary_female,not_reported,female
dg(38:3)>dg(18:2_20:1_0:0)_m+nh3_feature2 [refmet: dg(18:2_20:1)_lp_b],dg(18:2_20:1)_lp_b,unclassified_no_refmet_match,0.53713983,log2fc,0.003502639,0.96070176,benjamini_hochberg,within_female_stratum_pass1b06_plasma_8w_timewise_da_as_released,provided,not_selected,MoTrPAC_pass1b06_rat,motrpac_pass1b06_plasma_8w,motrpac_pass1b06_plasma_8w_trained_vs_sedentary_female,not_reported,female
tg(58:10)_m+nh3_feature3 [refmet: tg(58:10)_lp_c],tg(58:10)_lp_c,unclassified_no_refmet_match,-3.1471837,log2fc,0.0039665974,1.0,benjamini_hochberg,within_female_stratum_pass1b06_plasma_8w_timewise_da_as_released,provided,not_selected,MoTrPAC_pass1b06_rat,motrpac_pass1b06_plasma_8w,motrpac_pass1b06_plasma_8w_trained_vs_sedentary_female,not_reported,female
fa(17:0) [refmet: margaric acid],margaric acid,Fatty Acyls,2.341533,log2fc,0.07134177,1.0,benjamini_hochberg,within_female_stratum_pass1b06_plasma_8w_timewise_da_as_released,provided,not_selected,MoTrPAC_pass1b06_rat,motrpac_pass1b06_plasma_8w,motrpac_pass1b06_plasma_8w_trained_vs_sedentary_female,not_reported,female
lpc(0:0/18:1)_feature1 [refmet: lpc(0:0/18:1)_lp_a],lpc(0:0/18:1)_lp_a,unclassified_no_refmet_match,2.090063,log2fc,0.05092301,1.0,benjamini_hochberg,within_female_stratum_pass1b06_plasma_8w_timewise_da_as_released,provided,not_selected,MoTrPAC_pass1b06_rat,motrpac_pass1b06_plasma_8w,motrpac_pass1b06_plasma_8w_trained_vs_sedentary_female,not_reported,female
erucamide_feature1 [refmet: 13-docosenamide],13-docosenamide,Fatty Acyls,2.020877,log2fc,0.021249987,1.0,benjamini_hochberg,within_female_stratum_pass1b06_plasma_8w_timewise_da_as_released,provided,not_selected,MoTrPAC_pass1b06_rat,motrpac_pass1b06_plasma_8w,motrpac_pass1b06_plasma_8w_trained_vs_sedentary_female,not_reported,female
fa(12:0) [refmet: lauric acid],lauric acid,Fatty Acyls,2.0147183,log2fc,0.054247547,1.0,benjamini_hochberg,within_female_stratum_pass1b06_plasma_8w_timewise_da_as_released,provided,not_selected,MoTrPAC_pass1b06_rat,motrpac_pass1b06_plasma_8w,motrpac_pass1b06_plasma_8w_trained_vs_sedentary_female,not_reported,female
lpc(0:0/20:4)_feature1 [refmet: lpc(0:0/20:4)_lp_a],lpc(0:0/20:4)_lp_a,unclassified_no_refmet_match,1.9647784,log2fc,0.07788595,1.0,benjamini_hochberg,within_female_stratum_pass1b06_plasma_8w_timewise_da_as_released,provided,not_selected,MoTrPAC_pass1b06_rat,motrpac_pass1b06_plasma_8w,motrpac_pass1b06_plasma_8w_trained_vs_sedentary_female,not_reported,female
adenosine,adenosine,Nucleic acids,-1.8944153,log2fc,0.03542458,1.0,benjamini_hochberg,within_female_stratum_pass1b06_plasma_8w_timewise_da_as_released,provided,not_selected,MoTrPAC_pass1b06_rat,motrpac_pass1b06_plasma_8w,motrpac_pass1b06_plasma_8w_trained_vs_sedentary_female,not_reported,female
chenodeoxycholate [refmet: chenodeoxycholic acid],chenodeoxycholic acid,Sterol Lipids,-1.67788,log2fc,0.31132764,1.0,benjamini_hochberg,within_female_stratum_pass1b06_plasma_8w_timewise_da_as_released,provided,not_selected,MoTrPAC_pass1b06_rat,motrpac_pass1b06_plasma_8w,motrpac_pass1b06_plasma_8w_trained_vs_sedentary_female,not_reported,female
taurocholate_feature1 [refmet: taurocholic acid],taurocholic acid,Sterol Lipids,-1.5885589,log2fc,0.017641984,1.0,benjamini_hochberg,within_female_stratum_pass1b06_plasma_8w_timewise_da_as_released,provided,not_selected,MoTrPAC_pass1b06_rat,motrpac_pass1b06_plasma_8w,motrpac_pass1b06_plasma_8w_trained_vs_sedentary_female,not_reported,female
taurocholate [refmet: taurocholic acid],taurocholic acid,Sterol Lipids,-1.5523964,log2fc,0.037890263,1.0,benjamini_hochberg,within_female_stratum_pass1b06_plasma_8w_timewise_da_as_released,provided,not_selected,MoTrPAC_pass1b06_rat,motrpac_pass1b06_plasma_8w,motrpac_pass1b06_plasma_8w_trained_vs_sedentary_female,not_reported,female
taurohyocoholate [refmet: taurohyocholic acid],taurohyocholic acid,Sterol Lipids,-1.5198119,log2fc,0.007833036,1.0,benjamini_hochberg,within_female_stratum_pass1b06_plasma_8w_timewise_da_as_released,provided,not_selected,MoTrPAC_pass1b06_rat,motrpac_pass1b06_plasma_8w,motrpac_pass1b06_plasma_8w_trained_vs_sedentary_female,not_reported,female
13-oxo-ode,13-oxo-ode,unclassified_no_refmet_match,1.4383851,log2fc,0.1418873,1.0,benjamini_hochberg,within_female_stratum_pass1b06_plasma_8w_timewise_da_as_released,provided,not_selected,MoTrPAC_pass1b06_rat,motrpac_pass1b06_plasma_8w,motrpac_pass1b06_plasma_8w_trained_vs_sedentary_female,not_reported,female
oleamide_feature2 [refmet: oleamide_lp_b],oleamide_lp_b,unclassified_no_refmet_match,1.4003643,log2fc,0.10432503,1.0,benjamini_hochberg,within_female_stratum_pass1b06_plasma_8w_timewise_da_as_released,provided,not_selected,MoTrPAC_pass1b06_rat,motrpac_pass1b06_plasma_8w,motrpac_pass1b06_plasma_8w_trained_vs_sedentary_female,not_reported,female
pge2,pge2,Fatty Acyls,-1.3405731,log2fc,0.10007679,1.0,benjamini_hochberg,within_female_stratum_pass1b06_plasma_8w_timewise_da_as_released,provided,not_selected,MoTrPAC_pass1b06_rat,motrpac_pass1b06_plasma_8w,motrpac_pass1b06_plasma_8w_trained_vs_sedentary_female,not_reported,female
resolvin d2,resolvin d2,Fatty Acyls,1.3343513,log2fc,0.18966958,1.0,benjamini_hochberg,within_female_stratum_pass1b06_plasma_8w_timewise_da_as_released,provided,not_selected,MoTrPAC_pass1b06_rat,motrpac_pass1b06_plasma_8w,motrpac_pass1b06_plasma_8w_trained_vs_sedentary_female,not_reported,female
tauroursodeoxycholate [refmet: tauroursodeoxycholic acid],tauroursodeoxycholic acid,Sterol Lipids,-1.2169834,log2fc,0.02101034,1.0,benjamini_hochberg,within_female_stratum_pass1b06_plasma_8w_timewise_da_as_released,provided,not_selected,MoTrPAC_pass1b06_rat,motrpac_pass1b06_plasma_8w,motrpac_pass1b06_plasma_8w_trained_vs_sedentary_female,not_reported,female
cholate [refmet: cholic acid],cholic acid,Sterol Lipids,-1.2155818,log2fc,0.5082861,1.0,benjamini_hochberg,within_female_stratum_pass1b06_plasma_8w_timewise_da_as_released,provided,not_selected,MoTrPAC_pass1b06_rat,motrpac_pass1b06_plasma_8w,motrpac_pass1b06_plasma_8w_trained_vs_sedentary_female,not_reported,female
tauro-alpha-muricholate + tauro-beta-muricholiate [refmet: tauromuricholic acid],tauromuricholic acid,Sterol Lipids,-1.2136961,log2fc,0.01789289,1.0,benjamini_hochberg,within_female_stratum_pass1b06_plasma_8w_timewise_da_as_released,provided,not_selected,MoTrPAC_pass1b06_rat,motrpac_pass1b06_plasma_8w,motrpac_pass1b06_plasma_8w_trained_vs_sedentary_female,not_reported,female
resolvin d1,resolvin d1,Fatty Acyls,1.1975523,log2fc,0.5079723,1.0,benjamini_hochberg,within_female_stratum_pass1b06_plasma_8w_timewise_da_as_released,provided,not_selected,MoTrPAC_pass1b06_rat,motrpac_pass1b06_plasma_8w,motrpac_pass1b06_plasma_8w_trained_vs_sedentary_female,not_reported,female
taurohyodeoxycholate [refmet: taurohyodeoxycholic acid],taurohyodeoxycholic acid,Sterol Lipids,-1.1974362,log2fc,0.03113622,1.0,benjamini_hochberg,within_female_stratum_pass1b06_plasma_8w_timewise_da_as_released,provided,not_selected,MoTrPAC_pass1b06_rat,motrpac_pass1b06_plasma_8w,motrpac_pass1b06_plasma_8w_trained_vs_sedentary_female,not_reported,female
pc(o-40:7)_feature4 [refmet: pc(o-40:7)_lp_d],pc(o-40:7)_lp_d,unclassified_no_refmet_match,-1.1826018,log2fc,0.057270028,1.0,benjamini_hochberg,within_female_stratum_pass1b06_plasma_8w_timewise_da_as_released,provided,not_selected,MoTrPAC_pass1b06_rat,motrpac_pass1b06_plasma_8w,motrpac_pass1b06_plasma_8w_trained_vs_sedentary_female,not_reported,female
fa(10:0) [refmet: capric acid],capric acid,Fatty Acyls,1.0944095,log2fc,0.08836934,1.0,benjamini_hochberg,within_female_stratum_pass1b06_plasma_8w_timewise_da_as_released,provided,not_selected,MoTrPAC_pass1b06_rat,motrpac_pass1b06_plasma_8w,motrpac_pass1b06_plasma_8w_trained_vs_sedentary_female,not_reported,female
erucamide_feature2 [refmet: erucamide_lp_b],erucamide_lp_b,unclassified_no_refmet_match,1.0820146,log2fc,0.2084336,1.0,benjamini_hochberg,within_female_stratum_pass1b06_plasma_8w_timewise_da_as_released,provided,not_selected,MoTrPAC_pass1b06_rat,motrpac_pass1b06_plasma_8w,motrpac_pass1b06_plasma_8w_trained_vs_sedentary_female,not_reported,female
tg(54:4)>tg(18:1_18:1_18:2)_and_tg(18:0_18:2_18:2)_m+nh3_feature3 [refmet: tg(54:4)_lp_c],tg(54:4)_lp_c,unclassified_no_refmet_match,1.0313509,log2fc,0.13339344,1.0,benjamini_hochberg,within_female_stratum_pass1b06_plasma_8w_timewise_da_as_released,provided,not_selected,MoTrPAC_pass1b06_rat,motrpac_pass1b06_plasma_8w,motrpac_pass1b06_plasma_8w_trained_vs_sedentary_female,not_reported,female
deoxyguanosine,deoxyguanosine,Nucleic acids,-0.9645183,log2fc,0.12440664,1.0,benjamini_hochberg,within_female_stratum_pass1b06_plasma_8w_timewise_da_as_released,provided,not_selected,MoTrPAC_pass1b06_rat,motrpac_pass1b06_plasma_8w,motrpac_pass1b06_plasma_8w_trained_vs_sedentary_female,not_reported,female
tauro-alpha-muricholate [refmet: tauro-alpha-muricholic acid],tauro-alpha-muricholic acid,Sterol Lipids,-0.96057546,log2fc,0.057501193,1.0,benjamini_hochberg,within_female_stratum_pass1b06_plasma_8w_timewise_da_as_released,provided,not_selected,MoTrPAC_pass1b06_rat,motrpac_pass1b06_plasma_8w,motrpac_pass1b06_plasma_8w_trained_vs_sedentary_female,not_reported,female
car(15:0)_feature1 [refmet: car(15:0)_lp_a],car(15:0)_lp_a,unclassified_no_refmet_match,0.95833665,log2fc,0.116147354,1.0,benjamini_hochberg,within_female_stratum_pass1b06_plasma_8w_timewise_da_as_released,provided,not_selected,MoTrPAC_pass1b06_rat,motrpac_pass1b06_plasma_8w,motrpac_pass1b06_plasma_8w_trained_vs_sedentary_female,not_reported,female
tg(50:4)>tg(16:1_16:1_18:2)_m+nh3_feature2 [refmet: tg(16:1_16:1_18:2)_lp_b],tg(16:1_16:1_18:2)_lp_b,unclassified_no_refmet_match,0.92645144,log2fc,0.02904338,1.0,benjamini_hochberg,within_female_stratum_pass1b06_plasma_8w_timewise_da_as_released,provided,not_selected,MoTrPAC_pass1b06_rat,motrpac_pass1b06_plasma_8w,motrpac_pass1b06_plasma_8w_trained_vs_sedentary_female,not_reported,female
pc(40:6)_feature1 [refmet: pc(40:6)_lp_a],pc(40:6)_lp_a,unclassified_no_refmet_match,-0.9122961,log2fc,0.274654,1.0,benjamini_hochberg,within_female_stratum_pass1b06_plasma_8w_timewise_da_as_released,provided,not_selected,MoTrPAC_pass1b06_rat,motrpac_pass1b06_plasma_8w,motrpac_pass1b06_plasma_8w_trained_vs_sedentary_female,not_reported,female
histamine,histamine,Alkaloids,0.8974465,log2fc,0.3568206,1.0,benjamini_hochberg,within_female_stratum_pass1b06_plasma_8w_timewise_da_as_released,provided,not_selected,MoTrPAC_pass1b06_rat,motrpac_pass1b06_plasma_8w,motrpac_pass1b06_plasma_8w_trained_vs_sedentary_female,not_reported,female
taurochenodeoxycholate [refmet: taurochenodeoxycholic acid],taurochenodeoxycholic acid,Sterol Lipids,-0.89588755,log2fc,0.13243574,1.0,benjamini_hochberg,within_female_stratum_pass1b06_plasma_8w_timewise_da_as_released,provided,not_selected,MoTrPAC_pass1b06_rat,motrpac_pass1b06_plasma_8w,motrpac_pass1b06_plasma_8w_trained_vs_sedentary_female,not_reported,female
ltb4,ltb4,Fatty Acyls,0.8908169,log2fc,0.4650022,1.0,benjamini_hochberg,within_female_stratum_pass1b06_plasma_8w_timewise_da_as_released,provided,not_selected,MoTrPAC_pass1b06_rat,motrpac_pass1b06_plasma_8w,motrpac_pass1b06_plasma_8w_trained_vs_sedentary_female,not_reported,female
tg(60:4)_m+nh3_feature1 [refmet: tg(60:4)_lp_a],tg(60:4)_lp_a,unclassified_no_refmet_match,0.88778585,log2fc,0.08819777,1.0,benjamini_hochberg,within_female_stratum_pass1b06_plasma_8w_timewise_da_as_released,provided,not_selected,MoTrPAC_pass1b06_rat,motrpac_pass1b06_plasma_8w,motrpac_pass1b06_plasma_8w_trained_vs_sedentary_female,not_reported,female
sphingosine [source metabolite label NA],sphingosine,Sphingolipids,-0.88771766,log2fc,0.1817061,1.0,benjamini_hochberg,within_female_stratum_pass1b06_plasma_8w_timewise_da_as_released,provided,not_selected,MoTrPAC_pass1b06_rat,motrpac_pass1b06_plasma_8w,motrpac_pass1b06_plasma_8w_trained_vs_sedentary_female,not_reported,female
car(16:2)_feature1 [refmet: car(16:2)_lp_a],car(16:2)_lp_a,unclassified_no_refmet_match,-0.8419618,log2fc,0.02500721,1.0,benjamini_hochberg,within_female_stratum_pass1b06_plasma_8w_timewise_da_as_released,provided,not_selected,MoTrPAC_pass1b06_rat,motrpac_pass1b06_plasma_8w,motrpac_pass1b06_plasma_8w_trained_vs_sedentary_female,not_reported,female
tg(50:4)>tg(16:1_16:1_18:2)_and_tg(16:1_16:1_18:2)_m+nh3_feature2 [refmet: tg(50:4)_lp_b],tg(50:4)_lp_b,unclassified_no_refmet_match,-0.82834864,log2fc,0.19764432,1.0,benjamini_hochberg,within_female_stratum_pass1b06_plasma_8w_timewise_da_as_released,provided,not_selected,MoTrPAC_pass1b06_rat,motrpac_pass1b06_plasma_8w,motrpac_pass1b06_plasma_8w_trained_vs_sedentary_female,not_reported,female
2-hydroxybutyrate [refmet: 2-hydroxybutyric acid],2-hydroxybutyric acid,Fatty Acyls,0.8042691,log2fc,0.20266154,1.0,benjamini_hochberg,within_female_stratum_pass1b06_plasma_8w_timewise_da_as_released,provided,not_selected,MoTrPAC_pass1b06_rat,motrpac_pass1b06_plasma_8w,motrpac_pass1b06_plasma_8w_trained_vs_sedentary_female,not_reported,female
ursodeoxycholate [refmet: ursodeoxycholic acid],ursodeoxycholic acid,Sterol Lipids,-0.79265285,log2fc,0.28017497,1.0,benjamini_hochberg,within_female_stratum_pass1b06_plasma_8w_timewise_da_as_released,provided,not_selected,MoTrPAC_pass1b06_rat,motrpac_pass1b06_plasma_8w,motrpac_pass1b06_plasma_8w_trained_vs_sedentary_female,not_reported,female
pc(38:7)_feature1 [refmet: pc(38:7)_lp_a],pc(38:7)_lp_a,unclassified_no_refmet_match,0.7689795,log2fc,0.03133879,1.0,benjamini_hochberg,within_female_stratum_pass1b06_plasma_8w_timewise_da_as_released,provided,not_selected,MoTrPAC_pass1b06_rat,motrpac_pass1b06_plasma_8w,motrpac_pass1b06_plasma_8w_trained_vs_sedentary_female,not_reported,female
tg(56:2)_m+nh3_feature1 [refmet: tg(56:2)_lp_a],tg(56:2)_lp_a,unclassified_no_refmet_match,0.76533335,log2fc,0.040874656,1.0,benjamini_hochberg,within_female_stratum_pass1b06_plasma_8w_timewise_da_as_released,provided,not_selected,MoTrPAC_pass1b06_rat,motrpac_pass1b06_plasma_8w,motrpac_pass1b06_plasma_8w_trained_vs_sedentary_female,not_reported,female
phenylacetate [refmet: phenylacetic acid],phenylacetic acid,Organic acids,0.76319665,log2fc,0.19845027,1.0,benjamini_hochberg,within_female_stratum_pass1b06_plasma_8w_timewise_da_as_released,provided,not_selected,MoTrPAC_pass1b06_rat,motrpac_pass1b06_plasma_8w,motrpac_pass1b06_plasma_8w_trained_vs_sedentary_female,not_reported,female
car(20:4) [source metabolite label NA],car(20:4),unclassified_no_refmet_match,-0.7482786,log2fc,0.07067451,1.0,benjamini_hochberg,within_female_stratum_pass1b06_plasma_8w_timewise_da_as_released,provided,not_selected,MoTrPAC_pass1b06_rat,motrpac_pass1b06_plasma_8w,motrpac_pass1b06_plasma_8w_trained_vs_sedentary_female,not_reported,female
tg(50:5)_m+nh3_feature2 [refmet: tg(50:5)_lp_b],tg(50:5)_lp_b,unclassified_no_refmet_match,0.7389908,log2fc,0.05697141,1.0,benjamini_hochberg,within_female_stratum_pass1b06_plasma_8w_timewise_da_as_released,provided,not_selected,MoTrPAC_pass1b06_rat,motrpac_pass1b06_plasma_8w,motrpac_pass1b06_plasma_8w_trained_vs_sedentary_female,not_reported,female
3-hydroxybutyrate [refmet: 3-hydroxybutyric acid],3-hydroxybutyric acid,Fatty Acyls,0.73747087,log2fc,0.26086843,1.0,benjamini_hochberg,within_female_stratum_pass1b06_plasma_8w_timewise_da_as_released,provided,not_selected,MoTrPAC_pass1b06_rat,motrpac_pass1b06_plasma_8w,motrpac_pass1b06_plasma_8w_trained_vs_sedentary_female,not_reported,female
car(16:1)_feature1 [refmet: car(16:1)_lp_a],car(16:1)_lp_a,unclassified_no_refmet_match,-0.7329607,log2fc,0.028630907,1.0,benjamini_hochberg,within_female_stratum_pass1b06_plasma_8w_timewise_da_as_released,provided,not_selected,MoTrPAC_pass1b06_rat,motrpac_pass1b06_plasma_8w,motrpac_pass1b06_plasma_8w_trained_vs_sedentary_female,not_reported,female
udp-n-acetylglucosamine,udp-n-acetylglucosamine,Nucleic acids,-0.70985675,log2fc,0.21094216,1.0,benjamini_hochberg,within_female_stratum_pass1b06_plasma_8w_timewise_da_as_released,provided,not_selected,MoTrPAC_pass1b06_rat,motrpac_pass1b06_plasma_8w,motrpac_pass1b06_plasma_8w_trained_vs_sedentary_female,not_reported,female
pc(38:5)>pc(16:0_22:5)_m+h2co2_feature2 [refmet: pc(16:0_22:5)_ln_b],pc(16:0_22:5)_ln_b,unclassified_no_refmet_match,0.7031338,log2fc,0.1200734,1.0,benjamini_hochberg,within_female_stratum_pass1b06_plasma_8w_timewise_da_as_released,provided,not_selected,MoTrPAC_pass1b06_rat,motrpac_pass1b06_plasma_8w,motrpac_pass1b06_plasma_8w_trained_vs_sedentary_female,not_reported,female
oleamide_feature1 [refmet: oleamide_lp_a],oleamide_lp_a,unclassified_no_refmet_match,0.70171666,log2fc,0.07091192,1.0,benjamini_hochberg,within_female_stratum_pass1b06_plasma_8w_timewise_da_as_released,provided,not_selected,MoTrPAC_pass1b06_rat,motrpac_pass1b06_plasma_8w,motrpac_pass1b06_plasma_8w_trained_vs_sedentary_female,not_reported,female
tg(55:2)>tg(18:1_18:1_19:0)_m+nh3_feature1 [refmet: tg(18:1_18:1_19:0)_lp_a],tg(18:1_18:1_19:0)_lp_a,unclassified_no_refmet_match,0.69566613,log2fc,0.08417792,1.0,benjamini_hochberg,within_female_stratum_pass1b06_plasma_8w_timewise_da_as_released,provided,not_selected,MoTrPAC_pass1b06_rat,motrpac_pass1b06_plasma_8w,motrpac_pass1b06_plasma_8w_trained_vs_sedentary_female,not_reported,female
oxidized glutathione,oxidized glutathione,Organic acids,-0.6952357,log2fc,0.3983919,1.0,benjamini_hochberg,within_female_stratum_pass1b06_plasma_8w_timewise_da_as_released,provided,not_selected,MoTrPAC_pass1b06_rat,motrpac_pass1b06_plasma_8w,motrpac_pass1b06_plasma_8w_trained_vs_sedentary_female,not_reported,female
pc(39:5)_feature6 [refmet: pc(39:5)_lp_f],pc(39:5)_lp_f,unclassified_no_refmet_match,-0.68915576,log2fc,0.46191004,1.0,benjamini_hochberg,within_female_stratum_pass1b06_plasma_8w_timewise_da_as_released,provided,not_selected,MoTrPAC_pass1b06_rat,motrpac_pass1b06_plasma_8w,motrpac_pass1b06_plasma_8w_trained_vs_sedentary_female,not_reported,female
c16-oh carnitine [refmet: car(16:0(oh))],car(16:0(oh)),unclassified_no_refmet_match,-0.68097925,log2fc,0.052874204,1.0,benjamini_hochberg,within_female_stratum_pass1b06_plasma_8w_timewise_da_as_released,provided,not_selected,MoTrPAC_pass1b06_rat,motrpac_pass1b06_plasma_8w,motrpac_pass1b06_plasma_8w_trained_vs_sedentary_female,not_reported,female
tg(54:7)>tg(18:2_18:2_18:3)_m+nh3_feature2 [refmet: tg(18:2_18:2_18:3)_lp_b],tg(18:2_18:2_18:3)_lp_b,unclassified_no_refmet_match,0.67170745,log2fc,0.29182497,1.0,benjamini_hochberg,within_female_stratum_pass1b06_plasma_8w_timewise_da_as_released,provided,not_selected,MoTrPAC_pass1b06_rat,motrpac_pass1b06_plasma_8w,motrpac_pass1b06_plasma_8w_trained_vs_sedentary_female,not_reported,female
kynurenine,kynurenine,Organic acids,-0.66631085,log2fc,0.007366924,1.0,benjamini_hochberg,within_female_stratum_pass1b06_plasma_8w_timewise_da_as_released,provided,not_selected,MoTrPAC_pass1b06_rat,motrpac_pass1b06_plasma_8w,motrpac_pass1b06_plasma_8w_trained_vs_sedentary_female,not_reported,female
pc(38:5)_feature2 [refmet: pc(38:5)_lp_b],pc(38:5)_lp_b,unclassified_no_refmet_match,0.65767395,log2fc,0.09737041,1.0,benjamini_hochberg,within_female_stratum_pass1b06_plasma_8w_timewise_da_as_released,provided,not_selected,MoTrPAC_pass1b06_rat,motrpac_pass1b06_plasma_8w,motrpac_pass1b06_plasma_8w_trained_vs_sedentary_female,not_reported,female
sm(d43:1)_feature2 [refmet: sm(d43:1)_lp_b],sm(d43:1)_lp_b,unclassified_no_refmet_match,-0.6557356,log2fc,0.14052746,1.0,benjamini_hochberg,within_female_stratum_pass1b06_plasma_8w_timewise_da_as_released,provided,not_selected,MoTrPAC_pass1b06_rat,motrpac_pass1b06_plasma_8w,motrpac_pass1b06_plasma_8w_trained_vs_sedentary_female,not_reported,female
oleoyl-ea,oleoyl-ea,Fatty Acyls,-0.65051466,log2fc,0.28382596,1.0,benjamini_hochberg,within_female_stratum_pass1b06_plasma_8w_timewise_da_as_released,provided,not_selected,MoTrPAC_pass1b06_rat,motrpac_pass1b06_plasma_8w,motrpac_pass1b06_plasma_8w_trained_vs_sedentary_female,not_reported,female
corticosterone_feature1 [refmet: corticosterone],corticosterone,Sterol Lipids,-0.63856983,log2fc,0.041945368,1.0,benjamini_hochberg,within_female_stratum_pass1b06_plasma_8w_timewise_da_as_released,provided,not_selected,MoTrPAC_pass1b06_rat,motrpac_pass1b06_plasma_8w,motrpac_pass1b06_plasma_8w_trained_vs_sedentary_female,not_reported,female
car(14:1-oh)_feature1 [refmet: car(14:1(oh))],car(14:1(oh)),unclassified_no_refmet_match,-0.6359223,log2fc,0.083750635,1.0,benjamini_hochberg,within_female_stratum_pass1b06_plasma_8w_timewise_da_as_released,provided,not_selected,MoTrPAC_pass1b06_rat,motrpac_pass1b06_plasma_8w,motrpac_pass1b06_plasma_8w_trained_vs_sedentary_female,not_reported,female
sm(d42:2)_feature1 [refmet: sm(d42:2)_lp_a],sm(d42:2)_lp_a,unclassified_no_refmet_match,-0.6347218,log2fc,0.012016363,1.0,benjamini_hochberg,within_female_stratum_pass1b06_plasma_8w_timewise_da_as_released,provided,not_selected,MoTrPAC_pass1b06_rat,motrpac_pass1b06_plasma_8w,motrpac_pass1b06_plasma_8w_trained_vs_sedentary_female,not_reported,female
ps(38:4)>ps(18:0_20:4)_feature2 [refmet: ps(18:0_20:4)_ln_b],ps(18:0_20:4)_ln_b,unclassified_no_refmet_match,-0.6282805,log2fc,0.39672837,1.0,benjamini_hochberg,within_female_stratum_pass1b06_plasma_8w_timewise_da_as_released,provided,not_selected,MoTrPAC_pass1b06_rat,motrpac_pass1b06_plasma_8w,motrpac_pass1b06_plasma_8w_trained_vs_sedentary_female,not_reported,female
sm(d36:3)_feature1 [refmet: sm(d36:3)_lp_a],sm(d36:3)_lp_a,unclassified_no_refmet_match,-0.62160224,log2fc,0.03200449,1.0,benjamini_hochberg,within_female_stratum_pass1b06_plasma_8w_timewise_da_as_released,provided,not_selected,MoTrPAC_pass1b06_rat,motrpac_pass1b06_plasma_8w,motrpac_pass1b06_plasma_8w_trained_vs_sedentary_female,not_reported,female
sm(d40:1)_feature1 [refmet: sm(d40:1)_lp_a],sm(d40:1)_lp_a,unclassified_no_refmet_match,-0.61384624,log2fc,0.015208831,1.0,benjamini_hochberg,within_female_stratum_pass1b06_plasma_8w_timewise_da_as_released,provided,not_selected,MoTrPAC_pass1b06_rat,motrpac_pass1b06_plasma_8w,motrpac_pass1b06_plasma_8w_trained_vs_sedentary_female,not_reported,female
fumaric acid [source metabolite label NA],fumaric acid,Organic acids,-0.60788757,log2fc,0.06706813,1.0,benjamini_hochberg,within_female_stratum_pass1b06_plasma_8w_timewise_da_as_released,provided,not_selected,MoTrPAC_pass1b06_rat,motrpac_pass1b06_plasma_8w,motrpac_pass1b06_plasma_8w_trained_vs_sedentary_female,not_reported,female
phenylacetylglutamine [refmet: alpha-n-phenylacetylglutamine],alpha-n-phenylacetylglutamine,Organic acids,0.5999422,log2fc,0.054018296,1.0,benjamini_hochberg,within_female_stratum_pass1b06_plasma_8w_timewise_da_as_released,provided,not_selected,MoTrPAC_pass1b06_rat,motrpac_pass1b06_plasma_8w,motrpac_pass1b06_plasma_8w_trained_vs_sedentary_female,not_reported,female
taurodeoxycholate [refmet: taurodeoxycholic acid],taurodeoxycholic acid,Sterol Lipids,-0.5988954,log2fc,0.26939726,1.0,benjamini_hochberg,within_female_stratum_pass1b06_plasma_8w_timewise_da_as_released,provided,not_selected,MoTrPAC_pass1b06_rat,motrpac_pass1b06_plasma_8w,motrpac_pass1b06_plasma_8w_trained_vs_sedentary_female,not_reported,female
tg(56:2)_m+nh3_feature2 [refmet: tg(56:2)_lp_b],tg(56:2)_lp_b,unclassified_no_refmet_match,0.5988069,log2fc,0.07162635,1.0,benjamini_hochberg,within_female_stratum_pass1b06_plasma_8w_timewise_da_as_released,provided,not_selected,MoTrPAC_pass1b06_rat,motrpac_pass1b06_plasma_8w,motrpac_pass1b06_plasma_8w_trained_vs_sedentary_female,not_reported,female
deoxycholic acid [source metabolite label NA],deoxycholic acid,Sterol Lipids,-0.5960556,log2fc,0.23469922,1.0,benjamini_hochberg,within_female_stratum_pass1b06_plasma_8w_timewise_da_as_released,provided,not_selected,MoTrPAC_pass1b06_rat,motrpac_pass1b06_plasma_8w,motrpac_pass1b06_plasma_8w_trained_vs_sedentary_female,not_reported,female
mg(18:1)_a_b [refmet: mg(18:1)],mg(18:1),unclassified_no_refmet_match,-0.58913887,log2fc,0.08586855,1.0,benjamini_hochberg,within_female_stratum_pass1b06_plasma_8w_timewise_da_as_released,provided,not_selected,MoTrPAC_pass1b06_rat,motrpac_pass1b06_plasma_8w,motrpac_pass1b06_plasma_8w_trained_vs_sedentary_female,not_reported,female
mg(16:0),mg(16:0),unclassified_no_refmet_match,0.5880028,log2fc,0.05936105,1.0,benjamini_hochberg,within_female_stratum_pass1b06_plasma_8w_timewise_da_as_released,provided,not_selected,MoTrPAC_pass1b06_rat,motrpac_pass1b06_plasma_8w,motrpac_pass1b06_plasma_8w_trained_vs_sedentary_female,not_reported,female
oleamide,oleamide,Fatty Acyls,0.58762944,log2fc,0.13993558,1.0,benjamini_hochberg,within_female_stratum_pass1b06_plasma_8w_timewise_da_as_released,provided,not_selected,MoTrPAC_pass1b06_rat,motrpac_pass1b06_plasma_8w,motrpac_pass1b06_plasma_8w_trained_vs_sedentary_female,not_reported,female
tg(56:1)_m+nh3_feature1 [refmet: tg(56:1)_lp_a],tg(56:1)_lp_a,unclassified_no_refmet_match,0.58551294,log2fc,0.03452402,1.0,benjamini_hochberg,within_female_stratum_pass1b06_plasma_8w_timewise_da_as_released,provided,not_selected,MoTrPAC_pass1b06_rat,motrpac_pass1b06_plasma_8w,motrpac_pass1b06_plasma_8w_trained_vs_sedentary_female,not_reported,female
xanthine,xanthine,Nucleic acids,0.56470716,log2fc,0.36587226,1.0,benjamini_hochberg,within_female_stratum_pass1b06_plasma_8w_timewise_da_as_released,provided,not_selected,MoTrPAC_pass1b06_rat,motrpac_pass1b06_plasma_8w,motrpac_pass1b06_plasma_8w_trained_vs_sedentary_female,not_reported,female
"8,9-dihetre","8,9-dihetre",Fatty Acyls,0.5596191,log2fc,0.17138425,1.0,benjamini_hochberg,within_female_stratum_pass1b06_plasma_8w_timewise_da_as_released,provided,not_selected,MoTrPAC_pass1b06_rat,motrpac_pass1b06_plasma_8w,motrpac_pass1b06_plasma_8w_trained_vs_sedentary_female,not_reported,female
tg(58:5)_m+nh3_feature5 [refmet: tg(58:5)_lp_e],tg(58:5)_lp_e,unclassified_no_refmet_match,0.5577428,log2fc,0.23737356,1.0,benjamini_hochberg,within_female_stratum_pass1b06_plasma_8w_timewise_da_as_released,provided,not_selected,MoTrPAC_pass1b06_rat,motrpac_pass1b06_plasma_8w,motrpac_pass1b06_plasma_8w_trained_vs_sedentary_female,not_reported,female
tg(56:3)>tg(18:1_18:1_20:1)_and_tg(18:1_18:2_20:0)_and_tg(18:0_18:2_20:1)_and_tg(16:0_18:1_22:2)_m+nh3_feature3 [refmet: tg(56:3)_lp_c],tg(56:3)_lp_c,unclassified_no_refmet_match,0.5539439,log2fc,0.08311195,1.0,benjamini_hochberg,within_female_stratum_pass1b06_plasma_8w_timewise_da_as_released,provided,not_selected,MoTrPAC_pass1b06_rat,motrpac_pass1b06_plasma_8w,motrpac_pass1b06_plasma_8w_trained_vs_sedentary_female,not_reported,female
pc(39:6)_feature5 [refmet: pc(39:6)_lp_e],pc(39:6)_lp_e,unclassified_no_refmet_match,0.55347085,log2fc,0.110799685,1.0,benjamini_hochberg,within_female_stratum_pass1b06_plasma_8w_timewise_da_as_released,provided,not_selected,MoTrPAC_pass1b06_rat,motrpac_pass1b06_plasma_8w,motrpac_pass1b06_plasma_8w_trained_vs_sedentary_female,not_reported,female
pc(o-36:4)_feature2 [refmet: pc(o-36:4)_lp_b],pc(o-36:4)_lp_b,unclassified_no_refmet_match,0.54794294,log2fc,0.22388265,1.0,benjamini_hochberg,within_female_stratum_pass1b06_plasma_8w_timewise_da_as_released,provided,not_selected,MoTrPAC_pass1b06_rat,motrpac_pass1b06_plasma_8w,motrpac_pass1b06_plasma_8w_trained_vs_sedentary_female,not_reported,female
tg(58:2)_m+nh3_feature2 [refmet: tg(58:2)_lp_b],tg(58:2)_lp_b,unclassified_no_refmet_match,0.54737616,log2fc,0.0964269,1.0,benjamini_hochberg,within_female_stratum_pass1b06_plasma_8w_timewise_da_as_released,provided,not_selected,MoTrPAC_pass1b06_rat,motrpac_pass1b06_plasma_8w,motrpac_pass1b06_plasma_8w_trained_vs_sedentary_female,not_reported,female
ps(38:4)>ps(18:0_20:4)_feature2 [refmet: ps(18:0_20:4)_lp_b],ps(18:0_20:4)_lp_b,unclassified_no_refmet_match,-0.533235,log2fc,0.48213872,1.0,benjamini_hochberg,within_female_stratum_pass1b06_plasma_8w_timewise_da_as_released,provided,not_selected,MoTrPAC_pass1b06_rat,motrpac_pass1b06_plasma_8w,motrpac_pass1b06_plasma_8w_trained_vs_sedentary_female,not_reported,female
cer(d36:1)_m+h2co2_feature1 [refmet: cer(d36:1)],cer(d36:1),unclassified_no_refmet_match,-0.5324968,log2fc,0.02338478,1.0,benjamini_hochberg,within_female_stratum_pass1b06_plasma_8w_timewise_da_as_released,provided,not_selected,MoTrPAC_pass1b06_rat,motrpac_pass1b06_plasma_8w,motrpac_pass1b06_plasma_8w_trained_vs_sedentary_female,not_reported,female
alpha-amino-n-butyric-acid [refmet: 2-aminobutyric acid],2-aminobutyric acid,Organic acids,-0.53119,log2fc,0.2718868,1.0,benjamini_hochberg,within_female_stratum_pass1b06_plasma_8w_timewise_da_as_released,provided,not_selected,MoTrPAC_pass1b06_rat,motrpac_pass1b06_plasma_8w,motrpac_pass1b06_plasma_8w_trained_vs_sedentary_female,not_reported,female
linoleoyl ethanolamide [refmet: linoleoyl-ea],linoleoyl-ea,Fatty Acyls,0.5300754,log2fc,0.057606835,1.0,benjamini_hochberg,within_female_stratum_pass1b06_plasma_8w_timewise_da_as_released,provided,not_selected,MoTrPAC_pass1b06_rat,motrpac_pass1b06_plasma_8w,motrpac_pass1b06_plasma_8w_trained_vs_sedentary_female,not_reported,female
tg(56:5)>tg(16:0_18:1_22:4)_m+nh3_feature3 [refmet: tg(16:0_18:1_22:4)_lp_c],tg(16:0_18:1_22:4)_lp_c,unclassified_no_refmet_match,0.528328,log2fc,0.22258723,1.0,benjamini_hochberg,within_female_stratum_pass1b06_plasma_8w_timewise_da_as_released,provided,not_selected,MoTrPAC_pass1b06_rat,motrpac_pass1b06_plasma_8w,motrpac_pass1b06_plasma_8w_trained_vs_sedentary_female,not_reported,female
car(18:0)_feature2 [refmet: tg(50:2)_lp_b],tg(50:2)_lp_b,unclassified_no_refmet_match,0.5277832,log2fc,0.35584724,1.0,benjamini_hochberg,within_female_stratum_pass1b06_plasma_8w_timewise_da_as_released,provided,not_selected,MoTrPAC_pass1b06_rat,motrpac_pass1b06_plasma_8w,motrpac_pass1b06_plasma_8w_trained_vs_sedentary_female,not_reported,female
car(4:0(oh)) [source metabolite label NA],car(4:0(oh)),unclassified_no_refmet_match,-0.5237086,log2fc,0.061894342,1.0,benjamini_hochberg,within_female_stratum_pass1b06_plasma_8w_timewise_da_as_released,provided,not_selected,MoTrPAC_pass1b06_rat,motrpac_pass1b06_plasma_8w,motrpac_pass1b06_plasma_8w_trained_vs_sedentary_female,not_reported,female
tg(58:4)_m+nh3_feature5 [refmet: tg(58:4)_lp_e],tg(58:4)_lp_e,unclassified_no_refmet_match,0.5209639,log2fc,0.10484245,1.0,benjamini_hochberg,within_female_stratum_pass1b06_plasma_8w_timewise_da_as_released,provided,not_selected,MoTrPAC_pass1b06_rat,motrpac_pass1b06_plasma_8w,motrpac_pass1b06_plasma_8w_trained_vs_sedentary_female,not_reported,female
sm(d36:0)_feature1 [refmet: sm(d36:0)],sm(d36:0),unclassified_no_refmet_match,-0.513012,log2fc,0.03704464,1.0,benjamini_hochberg,within_female_stratum_pass1b06_plasma_8w_timewise_da_as_released,provided,not_selected,MoTrPAC_pass1b06_rat,motrpac_pass1b06_plasma_8w,motrpac_pass1b06_plasma_8w_trained_vs_sedentary_female,not_reported,female
car(12:1) [source metabolite label NA],car(12:1),unclassified_no_refmet_match,-0.51038855,log2fc,0.017809464,1.0,benjamini_hochberg,within_female_stratum_pass1b06_plasma_8w_timewise_da_as_released,provided,not_selected,MoTrPAC_pass1b06_rat,motrpac_pass1b06_plasma_8w,motrpac_pass1b06_plasma_8w_trained_vs_sedentary_female,not_reported,female
tg(60:3)_m+nh3_feature1 [refmet: tg(60:3)_lp_a],tg(60:3)_lp_a,unclassified_no_refmet_match,0.501304,log2fc,0.10952317,1.0,benjamini_hochberg,within_female_stratum_pass1b06_plasma_8w_timewise_da_as_released,provided,not_selected,MoTrPAC_pass1b06_rat,motrpac_pass1b06_plasma_8w,motrpac_pass1b06_plasma_8w_trained_vs_sedentary_female,not_reported,female
hydroxyphenyllactic acid,hydroxyphenyllactic acid,Organic acids,0.50073445,log2fc,0.28222582,1.0,benjamini_hochberg,within_female_stratum_pass1b06_plasma_8w_timewise_da_as_released,provided,not_selected,MoTrPAC_pass1b06_rat,motrpac_pass1b06_plasma_8w,motrpac_pass1b06_plasma_8w_trained_vs_sedentary_female,not_reported,female
phenylacetylglycine,phenylacetylglycine,Organic acids,0.4965954,log2fc,0.10403534,1.0,benjamini_hochberg,within_female_stratum_pass1b06_plasma_8w_timewise_da_as_released,provided,not_selected,MoTrPAC_pass1b06_rat,motrpac_pass1b06_plasma_8w,motrpac_pass1b06_plasma_8w_trained_vs_sedentary_female,not_reported,female
tg(58:2)_m+nh3_feature1 [refmet: tg(58:2)_lp_a],tg(58:2)_lp_a,unclassified_no_refmet_match,0.49162894,log2fc,0.14644301,1.0,benjamini_hochberg,within_female_stratum_pass1b06_plasma_8w_timewise_da_as_released,provided,not_selected,MoTrPAC_pass1b06_rat,motrpac_pass1b06_plasma_8w,motrpac_pass1b06_plasma_8w_trained_vs_sedentary_female,not_reported,female
car(18:1(oh)) [source metabolite label NA],car(18:1(oh)),unclassified_no_refmet_match,-0.4874988,log2fc,0.03053553,1.0,benjamini_hochberg,within_female_stratum_pass1b06_plasma_8w_timewise_da_as_released,provided,not_selected,MoTrPAC_pass1b06_rat,motrpac_pass1b06_plasma_8w,motrpac_pass1b06_plasma_8w_trained_vs_sedentary_female,not_reported,female
tg(54:1)>tg(18:0_18:0_18:1)_and_tg(16:1_18:0_20:0)_and_tg(16:0_18:0_20:1)_m+nh3_feature3 [refmet: tg(54:1)_lp_c],tg(54:1)_lp_c,unclassified_no_refmet_match,0.48736462,log2fc,0.037196442,1.0,benjamini_hochberg,within_female_stratum_pass1b06_plasma_8w_timewise_da_as_released,provided,not_selected,MoTrPAC_pass1b06_rat,motrpac_pass1b06_plasma_8w,motrpac_pass1b06_plasma_8w_trained_vs_sedentary_female,not_reported,female
pc(36:3)_feature3 [refmet: pc(36:3)_lp_c],pc(36:3)_lp_c,unclassified_no_refmet_match,0.4871729,log2fc,0.025477305,1.0,benjamini_hochberg,within_female_stratum_pass1b06_plasma_8w_timewise_da_as_released,provided,not_selected,MoTrPAC_pass1b06_rat,motrpac_pass1b06_plasma_8w,motrpac_pass1b06_plasma_8w_trained_vs_sedentary_female,not_reported,female
fa(24:0) [refmet: lignoceric acid],lignoceric acid,Fatty Acyls,0.4839963,log2fc,0.16455705,1.0,benjamini_hochberg,within_female_stratum_pass1b06_plasma_8w_timewise_da_as_released,provided,not_selected,MoTrPAC_pass1b06_rat,motrpac_pass1b06_plasma_8w,motrpac_pass1b06_plasma_8w_trained_vs_sedentary_female,not_reported,female
lpc(20:5)_feature1and2 [refmet: lpc(20:5)_ln_ab],lpc(20:5)_ln_ab,unclassified_no_refmet_match,0.48384082,log2fc,0.015632542,1.0,benjamini_hochberg,within_female_stratum_pass1b06_plasma_8w_timewise_da_as_released,provided,not_selected,MoTrPAC_pass1b06_rat,motrpac_pass1b06_plasma_8w,motrpac_pass1b06_plasma_8w_trained_vs_sedentary_female,not_reported,female
"8,9-epetre","8,9-epetre",Fatty Acyls,-0.48144224,log2fc,0.09179572,1.0,benjamini_hochberg,within_female_stratum_pass1b06_plasma_8w_timewise_da_as_released,provided,not_selected,MoTrPAC_pass1b06_rat,motrpac_pass1b06_plasma_8w,motrpac_pass1b06_plasma_8w_trained_vs_sedentary_female,not_reported,female
tg(53:2)_m+nh3_feature4 [refmet: tg(53:2)_lp_d],tg(53:2)_lp_d,unclassified_no_refmet_match,0.4789568,log2fc,0.042923544,1.0,benjamini_hochberg,within_female_stratum_pass1b06_plasma_8w_timewise_da_as_released,provided,not_selected,MoTrPAC_pass1b06_rat,motrpac_pass1b06_plasma_8w,motrpac_pass1b06_plasma_8w_trained_vs_sedentary_female,not_reported,female
tg(55:1)>tg(18:0_18:1_19:0)_and_tg(16:0_18:1_21:0)_m+nh3_feature1 [refmet: tg(55:1)_lp_a],tg(55:1)_lp_a,unclassified_no_refmet_match,0.4714213,log2fc,0.11692749,1.0,benjamini_hochberg,within_female_stratum_pass1b06_plasma_8w_timewise_da_as_released,provided,not_selected,MoTrPAC_pass1b06_rat,motrpac_pass1b06_plasma_8w,motrpac_pass1b06_plasma_8w_trained_vs_sedentary_female,not_reported,female
pc(o-38:5)_feature2 [refmet: pc(o-38:5)_lp_b],pc(o-38:5)_lp_b,unclassified_no_refmet_match,-0.47136468,log2fc,0.06983276,1.0,benjamini_hochberg,within_female_stratum_pass1b06_plasma_8w_timewise_da_as_released,provided,not_selected,MoTrPAC_pass1b06_rat,motrpac_pass1b06_plasma_8w,motrpac_pass1b06_plasma_8w_trained_vs_sedentary_female,not_reported,female
tg(50:2)>tg(16:0_16:1_18:1)_and_tg(14:0_18:1_18:1)_m+nh3_feature1 [refmet: tg(50:2)_lp_a],tg(50:2)_lp_a,unclassified_no_refmet_match,-0.47024852,log2fc,0.21809979,1.0,benjamini_hochberg,within_female_stratum_pass1b06_plasma_8w_timewise_da_as_released,provided,not_selected,MoTrPAC_pass1b06_rat,motrpac_pass1b06_plasma_8w,motrpac_pass1b06_plasma_8w_trained_vs_sedentary_female,not_reported,female
arginine,arginine,Organic acids,0.4675054,log2fc,0.012217093,1.0,benjamini_hochberg,within_female_stratum_pass1b06_plasma_8w_timewise_da_as_released,provided,not_selected,MoTrPAC_pass1b06_rat,motrpac_pass1b06_plasma_8w,motrpac_pass1b06_plasma_8w_trained_vs_sedentary_female,not_reported,female
tg(58:3)>tg(18:1_20:1_20:1)_and_tg(18:1_18:1_22:1)_m+nh3_feature2 [refmet: tg(58:3)_lp_b],tg(58:3)_lp_b,unclassified_no_refmet_match,0.46640083,log2fc,0.16296229,1.0,benjamini_hochberg,within_female_stratum_pass1b06_plasma_8w_timewise_da_as_released,provided,not_selected,MoTrPAC_pass1b06_rat,motrpac_pass1b06_plasma_8w,motrpac_pass1b06_plasma_8w_trained_vs_sedentary_female,not_reported,female
beta-muricholate [refmet: beta-muricholic acid],beta-muricholic acid,Sterol Lipids,-0.46448958,log2fc,0.54692864,1.0,benjamini_hochberg,within_female_stratum_pass1b06_plasma_8w_timewise_da_as_released,provided,not_selected,MoTrPAC_pass1b06_rat,motrpac_pass1b06_plasma_8w,motrpac_pass1b06_plasma_8w_trained_vs_sedentary_female,not_reported,female
cer(d42:1)>cer(d18:0/24:1)_feature1 [refmet: cer(d18:0/24:1)_lp_a],cer(d18:0/24:1)_lp_a,unclassified_no_refmet_match,-0.46326068,log2fc,0.1212908,1.0,benjamini_hochberg,within_female_stratum_pass1b06_plasma_8w_timewise_da_as_released,provided,not_selected,MoTrPAC_pass1b06_rat,motrpac_pass1b06_plasma_8w,motrpac_pass1b06_plasma_8w_trained_vs_sedentary_female,not_reported,female
tg(57:1)>tg(16:0_18:1_23:0)_and_tg(18:0_18:1_21:0)_m+nh3_feature1 [refmet: tg(57:1)],tg(57:1),unclassified_no_refmet_match,0.46279263,log2fc,0.18311016,1.0,benjamini_hochberg,within_female_stratum_pass1b06_plasma_8w_timewise_da_as_released,provided,not_selected,MoTrPAC_pass1b06_rat,motrpac_pass1b06_plasma_8w,motrpac_pass1b06_plasma_8w_trained_vs_sedentary_female,not_reported,female
car(16:2),car(16:2),unclassified_no_refmet_match,-0.46118036,log2fc,0.11451064,1.0,benjamini_hochberg,within_female_stratum_pass1b06_plasma_8w_timewise_da_as_released,provided,not_selected,MoTrPAC_pass1b06_rat,motrpac_pass1b06_plasma_8w,motrpac_pass1b06_plasma_8w_trained_vs_sedentary_female,not_reported,female
pc(38:3)_feature2 [refmet: pc(38:3)_lp_b],pc(38:3)_lp_b,unclassified_no_refmet_match,0.45860124,log2fc,0.04310475,1.0,benjamini_hochberg,within_female_stratum_pass1b06_plasma_8w_timewise_da_as_released,provided,not_selected,MoTrPAC_pass1b06_rat,motrpac_pass1b06_plasma_8w,motrpac_pass1b06_plasma_8w_trained_vs_sedentary_female,not_reported,female
pc(42:6)_feature4 [refmet: pc(42:6)_lp_d],pc(42:6)_lp_d,unclassified_no_refmet_match,-0.45455548,log2fc,0.04781311,1.0,benjamini_hochberg,within_female_stratum_pass1b06_plasma_8w_timewise_da_as_released,provided,not_selected,MoTrPAC_pass1b06_rat,motrpac_pass1b06_plasma_8w,motrpac_pass1b06_plasma_8w_trained_vs_sedentary_female,not_reported,female
methyl n-methylanthranilate,methyl n-methylanthranilate,Benzenoids,0.45423937,log2fc,0.26475713,1.0,benjamini_hochberg,within_female_stratum_pass1b06_plasma_8w_timewise_da_as_released,provided,not_selected,MoTrPAC_pass1b06_rat,motrpac_pass1b06_plasma_8w,motrpac_pass1b06_plasma_8w_trained_vs_sedentary_female,not_reported,female
tg(53:1)>tg(16:0_18:1_19:0)_and_tg(17:0_18:0_18:1)_m+nh3_feature3 [refmet: tg(53:1)_lp_c],tg(53:1)_lp_c,unclassified_no_refmet_match,0.45392722,log2fc,0.046799947,1.0,benjamini_hochberg,within_female_stratum_pass1b06_plasma_8w_timewise_da_as_released,provided,not_selected,MoTrPAC_pass1b06_rat,motrpac_pass1b06_plasma_8w,motrpac_pass1b06_plasma_8w_trained_vs_sedentary_female,not_reported,female
pc(36:5)_feature1 [refmet: pc(36:5)_lp_a],pc(36:5)_lp_a,unclassified_no_refmet_match,-0.4536108,log2fc,0.14150359,1.0,benjamini_hochberg,within_female_stratum_pass1b06_plasma_8w_timewise_da_as_released,provided,not_selected,MoTrPAC_pass1b06_rat,motrpac_pass1b06_plasma_8w,motrpac_pass1b06_plasma_8w_trained_vs_sedentary_female,not_reported,female
octadecanamine_feature1 [refmet: octadecylamine],octadecylamine,Organic nitrogen compounds,0.4496073,log2fc,0.069746815,1.0,benjamini_hochberg,within_female_stratum_pass1b06_plasma_8w_timewise_da_as_released,provided,not_selected,MoTrPAC_pass1b06_rat,motrpac_pass1b06_plasma_8w,motrpac_pass1b06_plasma_8w_trained_vs_sedentary_female,not_reported,female
tg(48:1)>tg(16:0_16:0_16:1)_and_tg(14:0_16:0_18:1)_m+nh3_feature2 [refmet: tg(48:1)_lp_b],tg(48:1)_lp_b,unclassified_no_refmet_match,0.44428012,log2fc,0.19778052,1.0,benjamini_hochberg,within_female_stratum_pass1b06_plasma_8w_timewise_da_as_released,provided,not_selected,MoTrPAC_pass1b06_rat,motrpac_pass1b06_plasma_8w,motrpac_pass1b06_plasma_8w_trained_vs_sedentary_female,not_reported,female
pe(38:6)>pe(16:0_22:6)_feature3 [refmet: pe(16:0_22:6)_ln_c],pe(16:0_22:6)_ln_c,unclassified_no_refmet_match,-0.44387594,log2fc,0.0050621964,1.0,benjamini_hochberg,within_female_stratum_pass1b06_plasma_8w_timewise_da_as_released,provided,not_selected,MoTrPAC_pass1b06_rat,motrpac_pass1b06_plasma_8w,motrpac_pass1b06_plasma_8w_trained_vs_sedentary_female,not_reported,female
n-carbamoyl-beta-alanine [refmet: ureidopropionic acid],ureidopropionic acid,Organic nitrogen compounds,-0.44129777,log2fc,0.012468484,1.0,benjamini_hochberg,within_female_stratum_pass1b06_plasma_8w_timewise_da_as_released,provided,not_selected,MoTrPAC_pass1b06_rat,motrpac_pass1b06_plasma_8w,motrpac_pass1b06_plasma_8w_trained_vs_sedentary_female,not_reported,female
tg(53:4)>tg(17:0_18:2_18:2)_and_tg(17:1_18:1_18:2)_m+nh3_feature3 [refmet: tg(53:4)_lp_c],tg(53:4)_lp_c,unclassified_no_refmet_match,0.44057104,log2fc,0.11901082,1.0,benjamini_hochberg,within_female_stratum_pass1b06_plasma_8w_timewise_da_as_released,provided,not_selected,MoTrPAC_pass1b06_rat,motrpac_pass1b06_plasma_8w,motrpac_pass1b06_plasma_8w_trained_vs_sedentary_female,not_reported,female
"11,12-epetre","11,12-epetre",unclassified_no_refmet_match,0.43663925,log2fc,0.43151432,1.0,benjamini_hochberg,within_female_stratum_pass1b06_plasma_8w_timewise_da_as_released,provided,not_selected,MoTrPAC_pass1b06_rat,motrpac_pass1b06_plasma_8w,motrpac_pass1b06_plasma_8w_trained_vs_sedentary_female,not_reported,female
ps(40:6)>ps(18:0_22:6)_feature3 [refmet: ps(18:0_22:6)_lp_c],ps(18:0_22:6)_lp_c,unclassified_no_refmet_match,-0.4366201,log2fc,0.056886345,1.0,benjamini_hochberg,within_female_stratum_pass1b06_plasma_8w_timewise_da_as_released,provided,not_selected,MoTrPAC_pass1b06_rat,motrpac_pass1b06_plasma_8w,motrpac_pass1b06_plasma_8w_trained_vs_sedentary_female,not_reported,female
pi(38:3)>pi(18:0_20:3)_feature2 [refmet: pi(18:0_20:3)_ln_b],pi(18:0_20:3)_ln_b,unclassified_no_refmet_match,0.43568435,log2fc,0.007846214,1.0,benjamini_hochberg,within_female_stratum_pass1b06_plasma_8w_timewise_da_as_released,provided,not_selected,MoTrPAC_pass1b06_rat,motrpac_pass1b06_plasma_8w,motrpac_pass1b06_plasma_8w_trained_vs_sedentary_female,not_reported,female
pc(34:4)_feature5 [refmet: pc(34:4)_lp_e],pc(34:4)_lp_e,unclassified_no_refmet_match,-0.43350273,log2fc,0.10962783,1.0,benjamini_hochberg,within_female_stratum_pass1b06_plasma_8w_timewise_da_as_released,provided,not_selected,MoTrPAC_pass1b06_rat,motrpac_pass1b06_plasma_8w,motrpac_pass1b06_plasma_8w_trained_vs_sedentary_female,not_reported,female
13s-hotre(gamma),13s-hotre(gamma),Fatty Acyls,0.43182075,log2fc,0.72144985,1.0,benjamini_hochberg,within_female_stratum_pass1b06_plasma_8w_timewise_da_as_released,provided,not_selected,MoTrPAC_pass1b06_rat,motrpac_pass1b06_plasma_8w,motrpac_pass1b06_plasma_8w_trained_vs_sedentary_female,not_reported,female
tg(56:4)>tg(18:1_18:2_20:1)_and_tg(18:1_18:1_20:2)_m+nh3_feature4 [refmet: tg(56:4)_lp_d],tg(56:4)_lp_d,unclassified_no_refmet_match,0.43083867,log2fc,0.17525549,1.0,benjamini_hochberg,within_female_stratum_pass1b06_plasma_8w_timewise_da_as_released,provided,not_selected,MoTrPAC_pass1b06_rat,motrpac_pass1b06_plasma_8w,motrpac_pass1b06_plasma_8w_trained_vs_sedentary_female,not_reported,female
ps(36:2)_feature4 [refmet: ps(36:2)_lp_d],ps(36:2)_lp_d,unclassified_no_refmet_match,-0.42944613,log2fc,0.64732397,1.0,benjamini_hochberg,within_female_stratum_pass1b06_plasma_8w_timewise_da_as_released,provided,not_selected,MoTrPAC_pass1b06_rat,motrpac_pass1b06_plasma_8w,motrpac_pass1b06_plasma_8w_trained_vs_sedentary_female,not_reported,female
cotinine n-oxide,cotinine n-oxide,Alkaloids,-0.42914417,log2fc,0.6968391,1.0,benjamini_hochberg,within_female_stratum_pass1b06_plasma_8w_timewise_da_as_released,provided,not_selected,MoTrPAC_pass1b06_rat,motrpac_pass1b06_plasma_8w,motrpac_pass1b06_plasma_8w_trained_vs_sedentary_female,not_reported,female
lpc(0:0/20:2)_feature1 [refmet: lpc(0:0/20:2)_lp_a],lpc(0:0/20:2)_lp_a,unclassified_no_refmet_match,0.4244592,log2fc,0.017442692,1.0,benjamini_hochberg,within_female_stratum_pass1b06_plasma_8w_timewise_da_as_released,provided,not_selected,MoTrPAC_pass1b06_rat,motrpac_pass1b06_plasma_8w,motrpac_pass1b06_plasma_8w_trained_vs_sedentary_female,not_reported,female
kynurenate [refmet: kynurenic acid],kynurenic acid,Alkaloids,-0.42334557,log2fc,0.0051637106,1.0,benjamini_hochberg,within_female_stratum_pass1b06_plasma_8w_timewise_da_as_released,provided,not_selected,MoTrPAC_pass1b06_rat,motrpac_pass1b06_plasma_8w,motrpac_pass1b06_plasma_8w_trained_vs_sedentary_female,not_reported,female
c18:1 sm [refmet: sm(d18:1/18:1)],sm(d18:1/18:1),unclassified_no_refmet_match,-0.41799977,log2fc,0.013449271,1.0,benjamini_hochberg,within_female_stratum_pass1b06_plasma_8w_timewise_da_as_released,provided,not_selected,MoTrPAC_pass1b06_rat,motrpac_pass1b06_plasma_8w,motrpac_pass1b06_plasma_8w_trained_vs_sedentary_female,not_reported,female
pc(41:7)_feature1 [refmet: pc(41:7)_lp_a],pc(41:7)_lp_a,unclassified_no_refmet_match,-0.41186947,log2fc,0.030857893,1.0,benjamini_hochberg,within_female_stratum_pass1b06_plasma_8w_timewise_da_as_released,provided,not_selected,MoTrPAC_pass1b06_rat,motrpac_pass1b06_plasma_8w,motrpac_pass1b06_plasma_8w_trained_vs_sedentary_female,not_reported,female
pc(36:5)_feature2 [refmet: pc(36:5)_lp_b],pc(36:5)_lp_b,unclassified_no_refmet_match,-0.40946376,log2fc,0.113083765,1.0,benjamini_hochberg,within_female_stratum_pass1b06_plasma_8w_timewise_da_as_released,provided,not_selected,MoTrPAC_pass1b06_rat,motrpac_pass1b06_plasma_8w,motrpac_pass1b06_plasma_8w_trained_vs_sedentary_female,not_reported,female
lpc(17:1/0:0)_feature2 [refmet: lpc(17:1/0:0)_lp_b],lpc(17:1/0:0)_lp_b,unclassified_no_refmet_match,0.40933442,log2fc,0.00944212,1.0,benjamini_hochberg,within_female_stratum_pass1b06_plasma_8w_timewise_da_as_released,provided,not_selected,MoTrPAC_pass1b06_rat,motrpac_pass1b06_plasma_8w,motrpac_pass1b06_plasma_8w_trained_vs_sedentary_female,not_reported,female
car(18:1)_feature1 [refmet: car(18:1)_lp_a],car(18:1)_lp_a,unclassified_no_refmet_match,-0.40859234,log2fc,0.15918745,1.0,benjamini_hochberg,within_female_stratum_pass1b06_plasma_8w_timewise_da_as_released,provided,not_selected,MoTrPAC_pass1b06_rat,motrpac_pass1b06_plasma_8w,motrpac_pass1b06_plasma_8w_trained_vs_sedentary_female,not_reported,female
tg(56:5)>tg(16:0_18:1_22:4)_m+nh3_feature4 [refmet: tg(16:0_18:1_22:4)_lp_d],tg(16:0_18:1_22:4)_lp_d,unclassified_no_refmet_match,0.40826866,log2fc,0.063790835,1.0,benjamini_hochberg,within_female_stratum_pass1b06_plasma_8w_timewise_da_as_released,provided,not_selected,MoTrPAC_pass1b06_rat,motrpac_pass1b06_plasma_8w,motrpac_pass1b06_plasma_8w_trained_vs_sedentary_female,not_reported,female
tg(55:7)_m+nh3_feature2 [refmet: tg(55:7)_lp_b],tg(55:7)_lp_b,unclassified_no_refmet_match,0.40549377,log2fc,0.019455785,1.0,benjamini_hochberg,within_female_stratum_pass1b06_plasma_8w_timewise_da_as_released,provided,not_selected,MoTrPAC_pass1b06_rat,motrpac_pass1b06_plasma_8w,motrpac_pass1b06_plasma_8w_trained_vs_sedentary_female,not_reported,female
3-(1-pyrazolyl)-alanine_feature1 [refmet: 3-(1-pyrazolyl)-alanine],3-(1-pyrazolyl)-alanine,Organic acids,0.40413663,log2fc,0.2247432,1.0,benjamini_hochberg,within_female_stratum_pass1b06_plasma_8w_timewise_da_as_released,provided,not_selected,MoTrPAC_pass1b06_rat,motrpac_pass1b06_plasma_8w,motrpac_pass1b06_plasma_8w_trained_vs_sedentary_female,not_reported,female
putrescine,putrescine,Organic nitrogen compounds,-0.4040563,log2fc,0.021291442,1.0,benjamini_hochberg,within_female_stratum_pass1b06_plasma_8w_timewise_da_as_released,provided,not_selected,MoTrPAC_pass1b06_rat,motrpac_pass1b06_plasma_8w,motrpac_pass1b06_plasma_8w_trained_vs_sedentary_female,not_reported,female
12-hete,12-hete,Fatty Acyls,-0.40322438,log2fc,0.4305747,1.0,benjamini_hochberg,within_female_stratum_pass1b06_plasma_8w_timewise_da_as_released,provided,not_selected,MoTrPAC_pass1b06_rat,motrpac_pass1b06_plasma_8w,motrpac_pass1b06_plasma_8w_trained_vs_sedentary_female,not_reported,female
tg(55:6)_m+nh3_feature2 [refmet: tg(55:6)_lp_b],tg(55:6)_lp_b,unclassified_no_refmet_match,0.40287992,log2fc,0.10795515,1.0,benjamini_hochberg,within_female_stratum_pass1b06_plasma_8w_timewise_da_as_released,provided,not_selected,MoTrPAC_pass1b06_rat,motrpac_pass1b06_plasma_8w,motrpac_pass1b06_plasma_8w_trained_vs_sedentary_female,not_reported,female
lpc(20:3)_feature2 [refmet: lpc(20:3)_ln_b],lpc(20:3)_ln_b,unclassified_no_refmet_match,0.40285516,log2fc,0.0049401307,1.0,benjamini_hochberg,within_female_stratum_pass1b06_plasma_8w_timewise_da_as_released,provided,not_selected,MoTrPAC_pass1b06_rat,motrpac_pass1b06_plasma_8w,motrpac_pass1b06_plasma_8w_trained_vs_sedentary_female,not_reported,female
omega-muricholate [refmet: omega-muricholic acid],omega-muricholic acid,Sterol Lipids,-0.4017636,log2fc,0.6256029,1.0,benjamini_hochberg,within_female_stratum_pass1b06_plasma_8w_timewise_da_as_released,provided,not_selected,MoTrPAC_pass1b06_rat,motrpac_pass1b06_plasma_8w,motrpac_pass1b06_plasma_8w_trained_vs_sedentary_female,not_reported,female
lpc(14:0)_feature1and2 [refmet: lpc(14:0)_ln_ab],lpc(14:0)_ln_ab,unclassified_no_refmet_match,0.40106678,log2fc,0.005197639,1.0,benjamini_hochberg,within_female_stratum_pass1b06_plasma_8w_timewise_da_as_released,provided,not_selected,MoTrPAC_pass1b06_rat,motrpac_pass1b06_plasma_8w,motrpac_pass1b06_plasma_8w_trained_vs_sedentary_female,not_reported,female
bis(2-ethylhexyl)phthalate [refmet: bis(2-ethylhexyl)phthalic acid],bis(2-ethylhexyl)phthalic acid,Benzenoids,-0.40002427,log2fc,0.5636905,1.0,benjamini_hochberg,within_female_stratum_pass1b06_plasma_8w_timewise_da_as_released,provided,not_selected,MoTrPAC_pass1b06_rat,motrpac_pass1b06_plasma_8w,motrpac_pass1b06_plasma_8w_trained_vs_sedentary_female,not_reported,female
homocysteine,homocysteine,Organic acids,-0.3999866,log2fc,0.076304235,1.0,benjamini_hochberg,within_female_stratum_pass1b06_plasma_8w_timewise_da_as_released,provided,not_selected,MoTrPAC_pass1b06_rat,motrpac_pass1b06_plasma_8w,motrpac_pass1b06_plasma_8w_trained_vs_sedentary_female,not_reported,female
pi(36:3)_feature2 [refmet: pi(36:3)_lp_b],pi(36:3)_lp_b,unclassified_no_refmet_match,0.39791092,log2fc,0.016975442,1.0,benjamini_hochberg,within_female_stratum_pass1b06_plasma_8w_timewise_da_as_released,provided,not_selected,MoTrPAC_pass1b06_rat,motrpac_pass1b06_plasma_8w,motrpac_pass1b06_plasma_8w_trained_vs_sedentary_female,not_reported,female
carnitine [source metabolite label NA],carnitine,Organic nitrogen compounds,0.397821,log2fc,0.02893146,1.0,benjamini_hochberg,within_female_stratum_pass1b06_plasma_8w_timewise_da_as_released,provided,not_selected,MoTrPAC_pass1b06_rat,motrpac_pass1b06_plasma_8w,motrpac_pass1b06_plasma_8w_trained_vs_sedentary_female,not_reported,female
fa(24:1) [refmet: tetracosenoic acid],tetracosenoic acid,Fatty Acyls,0.39762163,log2fc,0.18406455,1.0,benjamini_hochberg,within_female_stratum_pass1b06_plasma_8w_timewise_da_as_released,provided,not_selected,MoTrPAC_pass1b06_rat,motrpac_pass1b06_plasma_8w,motrpac_pass1b06_plasma_8w_trained_vs_sedentary_female,not_reported,female
glycodeoxycholate/glycochenodeoxycholate [refmet: glycodeoxycholic acid/glycochenodeoxycholic acid],glycodeoxycholic acid/glycochenodeoxycholic acid,Sterol Lipids,-0.39736345,log2fc,0.63208145,1.0,benjamini_hochberg,within_female_stratum_pass1b06_plasma_8w_timewise_da_as_released,provided,not_selected,MoTrPAC_pass1b06_rat,motrpac_pass1b06_plasma_8w,motrpac_pass1b06_plasma_8w_trained_vs_sedentary_female,not_reported,female
tg(58:4)_m+nh3_feature3 [refmet: tg(58:4)_lp_c],tg(58:4)_lp_c,unclassified_no_refmet_match,0.39635575,log2fc,0.2334017,1.0,benjamini_hochberg,within_female_stratum_pass1b06_plasma_8w_timewise_da_as_released,provided,not_selected,MoTrPAC_pass1b06_rat,motrpac_pass1b06_plasma_8w,motrpac_pass1b06_plasma_8w_trained_vs_sedentary_female,not_reported,female
20-hete,20-hete,Fatty Acyls,0.39575648,log2fc,0.60854065,1.0,benjamini_hochberg,within_female_stratum_pass1b06_plasma_8w_timewise_da_as_released,provided,not_selected,MoTrPAC_pass1b06_rat,motrpac_pass1b06_plasma_8w,motrpac_pass1b06_plasma_8w_trained_vs_sedentary_female,not_reported,female
tg(55:6)_m+nh3_feature1 [refmet: tg(55:6)_lp_a],tg(55:6)_lp_a,unclassified_no_refmet_match,0.39558458,log2fc,0.10438706,1.0,benjamini_hochberg,within_female_stratum_pass1b06_plasma_8w_timewise_da_as_released,provided,not_selected,MoTrPAC_pass1b06_rat,motrpac_pass1b06_plasma_8w,motrpac_pass1b06_plasma_8w_trained_vs_sedentary_female,not_reported,female
lpc(0:0/18:0)_feature1 [refmet: lpc(0:0/18:0)_lp_a],lpc(0:0/18:0)_lp_a,unclassified_no_refmet_match,-0.39273146,log2fc,0.07175533,1.0,benjamini_hochberg,within_female_stratum_pass1b06_plasma_8w_timewise_da_as_released,provided,not_selected,MoTrPAC_pass1b06_rat,motrpac_pass1b06_plasma_8w,motrpac_pass1b06_plasma_8w_trained_vs_sedentary_female,not_reported,female
lpc(14:0/0:0)_and_lpc(0:0/14:0)_feature1and2 [refmet: lpc(14:0)_lp_ab],lpc(14:0)_lp_ab,unclassified_no_refmet_match,0.39268127,log2fc,0.0066211,1.0,benjamini_hochberg,within_female_stratum_pass1b06_plasma_8w_timewise_da_as_released,provided,not_selected,MoTrPAC_pass1b06_rat,motrpac_pass1b06_plasma_8w,motrpac_pass1b06_plasma_8w_trained_vs_sedentary_female,not_reported,female
car(18:1) [source metabolite label NA],car(18:1),unclassified_no_refmet_match,-0.39194328,log2fc,0.015809419,1.0,benjamini_hochberg,within_female_stratum_pass1b06_plasma_8w_timewise_da_as_released,provided,not_selected,MoTrPAC_pass1b06_rat,motrpac_pass1b06_plasma_8w,motrpac_pass1b06_plasma_8w_trained_vs_sedentary_female,not_reported,female
tg(53:4)>tg(17:0_18:2_18:2)_and_tg(17:1_18:1_18:2)_m+nh3_feature1 [refmet: tg(53:4)_lp_a],tg(53:4)_lp_a,unclassified_no_refmet_match,0.38924626,log2fc,0.08372645,1.0,benjamini_hochberg,within_female_stratum_pass1b06_plasma_8w_timewise_da_as_released,provided,not_selected,MoTrPAC_pass1b06_rat,motrpac_pass1b06_plasma_8w,motrpac_pass1b06_plasma_8w_trained_vs_sedentary_female,not_reported,female
tg(49:0)>tg(16:0_16:0_17:0)_and_tg(15:0_16:0_18:0)_and_tg(14:0_16:0_19:0)_m+nh3_feature1 [refmet: tg(49:0)],tg(49:0),unclassified_no_refmet_match,0.38916075,log2fc,0.120706715,1.0,benjamini_hochberg,within_female_stratum_pass1b06_plasma_8w_timewise_da_as_released,provided,not_selected,MoTrPAC_pass1b06_rat,motrpac_pass1b06_plasma_8w,motrpac_pass1b06_plasma_8w_trained_vs_sedentary_female,not_reported,female
pe(o-36:5)>pe(o-16:1/20:4)_feature3 [refmet: pe(o-16:1/20:4)_lp_c],pe(o-16:1/20:4)_lp_c,unclassified_no_refmet_match,-0.3879259,log2fc,0.22646207,1.0,benjamini_hochberg,within_female_stratum_pass1b06_plasma_8w_timewise_da_as_released,provided,not_selected,MoTrPAC_pass1b06_rat,motrpac_pass1b06_plasma_8w,motrpac_pass1b06_plasma_8w_trained_vs_sedentary_female,not_reported,female
21-deoxycortisol,21-deoxycortisol,Sterol Lipids,-0.38688016,log2fc,0.23762219,1.0,benjamini_hochberg,within_female_stratum_pass1b06_plasma_8w_timewise_da_as_released,provided,not_selected,MoTrPAC_pass1b06_rat,motrpac_pass1b06_plasma_8w,motrpac_pass1b06_plasma_8w_trained_vs_sedentary_female,not_reported,female
fa(15:0) [refmet: pentadecylic acid],pentadecylic acid,Fatty Acyls,0.3865298,log2fc,0.119424164,1.0,benjamini_hochberg,within_female_stratum_pass1b06_plasma_8w_timewise_da_as_released,provided,not_selected,MoTrPAC_pass1b06_rat,motrpac_pass1b06_plasma_8w,motrpac_pass1b06_plasma_8w_trained_vs_sedentary_female,not_reported,female
car(22:2)_feature1 [refmet: car(22:2)],car(22:2),unclassified_no_refmet_match,-0.38519093,log2fc,0.16574346,1.0,benjamini_hochberg,within_female_stratum_pass1b06_plasma_8w_timewise_da_as_released,provided,not_selected,MoTrPAC_pass1b06_rat,motrpac_pass1b06_plasma_8w,motrpac_pass1b06_plasma_8w_trained_vs_sedentary_female,not_reported,female
tg(53:3)>tg(17:0_18:1_18:2)_and_tg(17:1_18:1_18:1)_and_tg(16:1_18:1_19:1)_and_tg(16:0_18:1_19:2)_m+nh3_feature2 [refmet: tg(53:3)_lp_b],tg(53:3)_lp_b,unclassified_no_refmet_match,0.38121662,log2fc,0.10482022,1.0,benjamini_hochberg,within_female_stratum_pass1b06_plasma_8w_timewise_da_as_released,provided,not_selected,MoTrPAC_pass1b06_rat,motrpac_pass1b06_plasma_8w,motrpac_pass1b06_plasma_8w_trained_vs_sedentary_female,not_reported,female
tg(54:6)>tg(16:0_16:0_22:6)_m+nh3_feature6 [refmet: tg(54:6)_lp_f],tg(54:6)_lp_f,unclassified_no_refmet_match,0.37988374,log2fc,0.24759302,1.0,benjamini_hochberg,within_female_stratum_pass1b06_plasma_8w_timewise_da_as_released,provided,not_selected,MoTrPAC_pass1b06_rat,motrpac_pass1b06_plasma_8w,motrpac_pass1b06_plasma_8w_trained_vs_sedentary_female,not_reported,female
tg(49:0)>tg(16:0_16:0_17:0)_and_tg(15:0_16:0_18:0)_and_tg(14:0_16:0_19:0)_m+nh3_feature2 [refmet: tg(51:1)_lp_b],tg(51:1)_lp_b,unclassified_no_refmet_match,0.37961355,log2fc,0.06358986,1.0,benjamini_hochberg,within_female_stratum_pass1b06_plasma_8w_timewise_da_as_released,provided,not_selected,MoTrPAC_pass1b06_rat,motrpac_pass1b06_plasma_8w,motrpac_pass1b06_plasma_8w_trained_vs_sedentary_female,not_reported,female
sm(d36:3),sm(d36:3),unclassified_no_refmet_match,-0.37916848,log2fc,0.15990734,1.0,benjamini_hochberg,within_female_stratum_pass1b06_plasma_8w_timewise_da_as_released,provided,not_selected,MoTrPAC_pass1b06_rat,motrpac_pass1b06_plasma_8w,motrpac_pass1b06_plasma_8w_trained_vs_sedentary_female,not_reported,female
tg(57:3)_m+nh3_feature1 [refmet: tg(57:3)_lp_a],tg(57:3)_lp_a,unclassified_no_refmet_match,0.37625632,log2fc,0.0551273,1.0,benjamini_hochberg,within_female_stratum_pass1b06_plasma_8w_timewise_da_as_released,provided,not_selected,MoTrPAC_pass1b06_rat,motrpac_pass1b06_plasma_8w,motrpac_pass1b06_plasma_8w_trained_vs_sedentary_female,not_reported,female
tg(52:2)>tg(16:0_18:1_18:1)_and_tg(16:0_18:0_18:2)_m+nh3_feature4 [refmet: tg(52:2)_lp_d],tg(52:2)_lp_d,unclassified_no_refmet_match,-0.37486485,log2fc,0.21345551,1.0,benjamini_hochberg,within_female_stratum_pass1b06_plasma_8w_timewise_da_as_released,provided,not_selected,MoTrPAC_pass1b06_rat,motrpac_pass1b06_plasma_8w,motrpac_pass1b06_plasma_8w_trained_vs_sedentary_female,not_reported,female
tg(54:2)>tg(16:0_18:1_20:1)_and_tg(18:0_18:1_18:1)_m+nh3_feature3 [refmet: tg(54:2)_lp_c],tg(54:2)_lp_c,unclassified_no_refmet_match,0.37458867,log2fc,0.11614296,1.0,benjamini_hochberg,within_female_stratum_pass1b06_plasma_8w_timewise_da_as_released,provided,not_selected,MoTrPAC_pass1b06_rat,motrpac_pass1b06_plasma_8w,motrpac_pass1b06_plasma_8w_trained_vs_sedentary_female,not_reported,female
tg(46:0)>tg(14:0_16:0_16:0)_and_tg(12:0_16:0_18:0)_m+nh3_feature1 [refmet: tg(46:0)],tg(46:0),unclassified_no_refmet_match,0.37368494,log2fc,0.33652613,1.0,benjamini_hochberg,within_female_stratum_pass1b06_plasma_8w_timewise_da_as_released,provided,not_selected,MoTrPAC_pass1b06_rat,motrpac_pass1b06_plasma_8w,motrpac_pass1b06_plasma_8w_trained_vs_sedentary_female,not_reported,female
resolvin e1,resolvin e1,Fatty Acyls,-0.3721873,log2fc,0.026098313,1.0,benjamini_hochberg,within_female_stratum_pass1b06_plasma_8w_timewise_da_as_released,provided,not_selected,MoTrPAC_pass1b06_rat,motrpac_pass1b06_plasma_8w,motrpac_pass1b06_plasma_8w_trained_vs_sedentary_female,not_reported,female
cystathionine 1 [refmet: cystathionine],cystathionine,Organic acids,-0.37173805,log2fc,0.09357143,1.0,benjamini_hochberg,within_female_stratum_pass1b06_plasma_8w_timewise_da_as_released,provided,not_selected,MoTrPAC_pass1b06_rat,motrpac_pass1b06_plasma_8w,motrpac_pass1b06_plasma_8w_trained_vs_sedentary_female,not_reported,female
9-hode,9-hode,Fatty Acyls,0.37123838,log2fc,0.78235215,1.0,benjamini_hochberg,within_female_stratum_pass1b06_plasma_8w_timewise_da_as_released,provided,not_selected,MoTrPAC_pass1b06_rat,motrpac_pass1b06_plasma_8w,motrpac_pass1b06_plasma_8w_trained_vs_sedentary_female,not_reported,female
sm(d42:1),sm(d42:1),unclassified_no_refmet_match,-0.3706013,log2fc,0.2911272,1.0,benjamini_hochberg,within_female_stratum_pass1b06_plasma_8w_timewise_da_as_released,provided,not_selected,MoTrPAC_pass1b06_rat,motrpac_pass1b06_plasma_8w,motrpac_pass1b06_plasma_8w_trained_vs_sedentary_female,not_reported,female
lpc(18:2)_feature2 [refmet: lpc(18:2)_ln_b],lpc(18:2)_ln_b,unclassified_no_refmet_match,0.36929676,log2fc,0.022990631,1.0,benjamini_hochberg,within_female_stratum_pass1b06_plasma_8w_timewise_da_as_released,provided,not_selected,MoTrPAC_pass1b06_rat,motrpac_pass1b06_plasma_8w,motrpac_pass1b06_plasma_8w_trained_vs_sedentary_female,not_reported,female
tg(57:2)_m+nh3_feature1 [refmet: tg(57:2)],tg(57:2),unclassified_no_refmet_match,0.3683493,log2fc,0.2619684,1.0,benjamini_hochberg,within_female_stratum_pass1b06_plasma_8w_timewise_da_as_released,provided,not_selected,MoTrPAC_pass1b06_rat,motrpac_pass1b06_plasma_8w,motrpac_pass1b06_plasma_8w_trained_vs_sedentary_female,not_reported,female
lpc(15:0/0:0)_and_lpc(0:0/15:0)_feature1and2 [refmet: lpc(15:0)_lp_ab],lpc(15:0)_lp_ab,unclassified_no_refmet_match,0.36787158,log2fc,0.05212303,1.0,benjamini_hochberg,within_female_stratum_pass1b06_plasma_8w_timewise_da_as_released,provided,not_selected,MoTrPAC_pass1b06_rat,motrpac_pass1b06_plasma_8w,motrpac_pass1b06_plasma_8w_trained_vs_sedentary_female,not_reported,female
c36:2 ps plasmalogen [refmet: ps(p-36:1)/ps(o-36:2)],ps(p-36:1)/ps(o-36:2),unclassified_no_refmet_match,-0.36749285,log2fc,0.25964057,1.0,benjamini_hochberg,within_female_stratum_pass1b06_plasma_8w_timewise_da_as_released,provided,not_selected,MoTrPAC_pass1b06_rat,motrpac_pass1b06_plasma_8w,motrpac_pass1b06_plasma_8w_trained_vs_sedentary_female,not_reported,female
pc(41:6)_feature3 [refmet: pc(41:6)_lp_c],pc(41:6)_lp_c,unclassified_no_refmet_match,-0.36711282,log2fc,0.030234752,1.0,benjamini_hochberg,within_female_stratum_pass1b06_plasma_8w_timewise_da_as_released,provided,not_selected,MoTrPAC_pass1b06_rat,motrpac_pass1b06_plasma_8w,motrpac_pass1b06_plasma_8w_trained_vs_sedentary_female,not_reported,female
pc(36:5)_feature4 [refmet: pc(36:5)_lp_d],pc(36:5)_lp_d,unclassified_no_refmet_match,-0.3667519,log2fc,0.05076609,1.0,benjamini_hochberg,within_female_stratum_pass1b06_plasma_8w_timewise_da_as_released,provided,not_selected,MoTrPAC_pass1b06_rat,motrpac_pass1b06_plasma_8w,motrpac_pass1b06_plasma_8w_trained_vs_sedentary_female,not_reported,female
pe(o-40:4)_feature3 [refmet: pe(o-40:4)_lp_c],pe(o-40:4)_lp_c,unclassified_no_refmet_match,-0.36667186,log2fc,0.07774663,1.0,benjamini_hochberg,within_female_stratum_pass1b06_plasma_8w_timewise_da_as_released,provided,not_selected,MoTrPAC_pass1b06_rat,motrpac_pass1b06_plasma_8w,motrpac_pass1b06_plasma_8w_trained_vs_sedentary_female,not_reported,female
dg(36:1)>dg(18:0_18:1_0:0)_m+nh3_feature2 [refmet: dg(18:0_18:1)_lp_b],dg(18:0_18:1)_lp_b,unclassified_no_refmet_match,0.36607862,log2fc,0.14505199,1.0,benjamini_hochberg,within_female_stratum_pass1b06_plasma_8w_timewise_da_as_released,provided,not_selected,MoTrPAC_pass1b06_rat,motrpac_pass1b06_plasma_8w,motrpac_pass1b06_plasma_8w_trained_vs_sedentary_female,not_reported,female
inosine [source metabolite label NA],inosine,Nucleic acids,0.36379012,log2fc,0.5227441,1.0,benjamini_hochberg,within_female_stratum_pass1b06_plasma_8w_timewise_da_as_released,provided,not_selected,MoTrPAC_pass1b06_rat,motrpac_pass1b06_plasma_8w,motrpac_pass1b06_plasma_8w_trained_vs_sedentary_female,not_reported,female
imidazoleacetate [refmet: imidazoleacetic acid],imidazoleacetic acid,Alkaloids,-0.36161348,log2fc,0.010141709,1.0,benjamini_hochberg,within_female_stratum_pass1b06_plasma_8w_timewise_da_as_released,provided,not_selected,MoTrPAC_pass1b06_rat,motrpac_pass1b06_plasma_8w,motrpac_pass1b06_plasma_8w_trained_vs_sedentary_female,not_reported,female
pc(30:1)_feature1 [refmet: pc(30:1)_lp_a],pc(30:1)_lp_a,unclassified_no_refmet_match,0.36123124,log2fc,0.10943522,1.0,benjamini_hochberg,within_female_stratum_pass1b06_plasma_8w_timewise_da_as_released,provided,not_selected,MoTrPAC_pass1b06_rat,motrpac_pass1b06_plasma_8w,motrpac_pass1b06_plasma_8w_trained_vs_sedentary_female,not_reported,female
lpc(20:3)_feature1and2 [refmet: lpc(20:3)_lp_ab],lpc(20:3)_lp_ab,unclassified_no_refmet_match,0.36092618,log2fc,0.012451407,1.0,benjamini_hochberg,within_female_stratum_pass1b06_plasma_8w_timewise_da_as_released,provided,not_selected,MoTrPAC_pass1b06_rat,motrpac_pass1b06_plasma_8w,motrpac_pass1b06_plasma_8w_trained_vs_sedentary_female,not_reported,female
pe(38:6)_feature3 [refmet: pe(38:6)_lp_c],pe(38:6)_lp_c,unclassified_no_refmet_match,-0.3584138,log2fc,0.021258337,1.0,benjamini_hochberg,within_female_stratum_pass1b06_plasma_8w_timewise_da_as_released,provided,not_selected,MoTrPAC_pass1b06_rat,motrpac_pass1b06_plasma_8w,motrpac_pass1b06_plasma_8w_trained_vs_sedentary_female,not_reported,female
tg(51:0)>tg(16:0_17:0_18:0)_and_tg(16:0_16:0_19:0)_and_tg(15:0_17:0_19:0)_m+nh3_feature1 [refmet: tg(51:0)_lp_a],tg(51:0)_lp_a,unclassified_no_refmet_match,0.3573078,log2fc,0.11760827,1.0,benjamini_hochberg,within_female_stratum_pass1b06_plasma_8w_timewise_da_as_released,provided,not_selected,MoTrPAC_pass1b06_rat,motrpac_pass1b06_plasma_8w,motrpac_pass1b06_plasma_8w_trained_vs_sedentary_female,not_reported,female
tg(54:2)>tg(16:0_18:1_20:1)_and_tg(18:0_18:1_18:1)_m+nh3_feature2 [refmet: tg(54:2)_lp_b],tg(54:2)_lp_b,unclassified_no_refmet_match,0.35707185,log2fc,0.1605244,1.0,benjamini_hochberg,within_female_stratum_pass1b06_plasma_8w_timewise_da_as_released,provided,not_selected,MoTrPAC_pass1b06_rat,motrpac_pass1b06_plasma_8w,motrpac_pass1b06_plasma_8w_trained_vs_sedentary_female,not_reported,female
isocitrate [refmet: isocitric acid],isocitric acid,Organic acids,-0.35573125,log2fc,0.11008008,1.0,benjamini_hochberg,within_female_stratum_pass1b06_plasma_8w_timewise_da_as_released,provided,not_selected,MoTrPAC_pass1b06_rat,motrpac_pass1b06_plasma_8w,motrpac_pass1b06_plasma_8w_trained_vs_sedentary_female,not_reported,female
pe(o-38:5)>pe(o-16:1/22:4)_feature5 [refmet: pe(o-16:1/22:4)_lp_e],pe(o-16:1/22:4)_lp_e,unclassified_no_refmet_match,-0.35350314,log2fc,0.2074365,1.0,benjamini_hochberg,within_female_stratum_pass1b06_plasma_8w_timewise_da_as_released,provided,not_selected,MoTrPAC_pass1b06_rat,motrpac_pass1b06_plasma_8w,motrpac_pass1b06_plasma_8w_trained_vs_sedentary_female,not_reported,female
sm(d35:2)_feature1 [refmet: sm(d35:2)],sm(d35:2),unclassified_no_refmet_match,-0.35323223,log2fc,0.07433757,1.0,benjamini_hochberg,within_female_stratum_pass1b06_plasma_8w_timewise_da_as_released,provided,not_selected,MoTrPAC_pass1b06_rat,motrpac_pass1b06_plasma_8w,motrpac_pass1b06_plasma_8w_trained_vs_sedentary_female,not_reported,female
pc(42:6)_feature2 [refmet: pc(42:6)_lp_b],pc(42:6)_lp_b,unclassified_no_refmet_match,0.3517377,log2fc,0.14803581,1.0,benjamini_hochberg,within_female_stratum_pass1b06_plasma_8w_timewise_da_as_released,provided,not_selected,MoTrPAC_pass1b06_rat,motrpac_pass1b06_plasma_8w,motrpac_pass1b06_plasma_8w_trained_vs_sedentary_female,not_reported,female
pi(38:3)>pi(18:0_20:3)_feature2 [refmet: pi(18:0_20:3)_lp_b],pi(18:0_20:3)_lp_b,unclassified_no_refmet_match,0.35045874,log2fc,0.06823535,1.0,benjamini_hochberg,within_female_stratum_pass1b06_plasma_8w_timewise_da_as_released,provided,not_selected,MoTrPAC_pass1b06_rat,motrpac_pass1b06_plasma_8w,motrpac_pass1b06_plasma_8w_trained_vs_sedentary_female,not_reported,female
car(17:1)_feature1 [refmet: car(17:1)],car(17:1),unclassified_no_refmet_match,-0.35001785,log2fc,0.40444732,1.0,benjamini_hochberg,within_female_stratum_pass1b06_plasma_8w_timewise_da_as_released,provided,not_selected,MoTrPAC_pass1b06_rat,motrpac_pass1b06_plasma_8w,motrpac_pass1b06_plasma_8w_trained_vs_sedentary_female,not_reported,female
13-hpode,13-hpode,Fatty Acyls,0.3488114,log2fc,0.6776251,1.0,benjamini_hochberg,within_female_stratum_pass1b06_plasma_8w_timewise_da_as_released,provided,not_selected,MoTrPAC_pass1b06_rat,motrpac_pass1b06_plasma_8w,motrpac_pass1b06_plasma_8w_trained_vs_sedentary_female,not_reported,female
sie(20:4)_m+nh3_feature2 [refmet: sitosterol ester(20:4)_lp_b],sitosterol ester(20:4)_lp_b,unclassified_no_refmet_match,-0.3483009,log2fc,0.024365626,1.0,benjamini_hochberg,within_female_stratum_pass1b06_plasma_8w_timewise_da_as_released,provided,not_selected,MoTrPAC_pass1b06_rat,motrpac_pass1b06_plasma_8w,motrpac_pass1b06_plasma_8w_trained_vs_sedentary_female,not_reported,female
sm(d34:1-oh)_feature1 [refmet: sm(d34:1-oh)],sm(d34:1-oh),unclassified_no_refmet_match,-0.34727797,log2fc,0.06777311,1.0,benjamini_hochberg,within_female_stratum_pass1b06_plasma_8w_timewise_da_as_released,provided,not_selected,MoTrPAC_pass1b06_rat,motrpac_pass1b06_plasma_8w,motrpac_pass1b06_plasma_8w_trained_vs_sedentary_female,not_reported,female
pe(o-38:4)_feature3 [refmet: pe(o-38:4)_lp_c],pe(o-38:4)_lp_c,unclassified_no_refmet_match,-0.3469848,log2fc,0.3798234,1.0,benjamini_hochberg,within_female_stratum_pass1b06_plasma_8w_timewise_da_as_released,provided,not_selected,MoTrPAC_pass1b06_rat,motrpac_pass1b06_plasma_8w,motrpac_pass1b06_plasma_8w_trained_vs_sedentary_female,not_reported,female
tg(52:1)>tg(16:0_18:0_18:1)_and_tg(16:0_16:0_20:1)_m+nh3_feature3 [refmet: tg(52:1)_lp_c],tg(52:1)_lp_c,unclassified_no_refmet_match,0.34602195,log2fc,0.11633577,1.0,benjamini_hochberg,within_female_stratum_pass1b06_plasma_8w_timewise_da_as_released,provided,not_selected,MoTrPAC_pass1b06_rat,motrpac_pass1b06_plasma_8w,motrpac_pass1b06_plasma_8w_trained_vs_sedentary_female,not_reported,female
pc(o-38:6)_feature2 [refmet: pc(o-38:6)_lp_b],pc(o-38:6)_lp_b,unclassified_no_refmet_match,-0.34423038,log2fc,0.20677619,1.0,benjamini_hochberg,within_female_stratum_pass1b06_plasma_8w_timewise_da_as_released,provided,not_selected,MoTrPAC_pass1b06_rat,motrpac_pass1b06_plasma_8w,motrpac_pass1b06_plasma_8w_trained_vs_sedentary_female,not_reported,female
tg(53:4)>tg(17:0_18:2_18:2)_and_tg(17:1_18:1_18:2)_m+nh3_feature2 [refmet: tg(53:4)_lp_b],tg(53:4)_lp_b,unclassified_no_refmet_match,0.3441705,log2fc,0.31494176,1.0,benjamini_hochberg,within_female_stratum_pass1b06_plasma_8w_timewise_da_as_released,provided,not_selected,MoTrPAC_pass1b06_rat,motrpac_pass1b06_plasma_8w,motrpac_pass1b06_plasma_8w_trained_vs_sedentary_female,not_reported,female
pe(o-38:6)>pe(o-18:2/20:4)_and_pe(o-16:1/22:5)_feature2 [refmet: pe(o-38:6)_lp_b],pe(o-38:6)_lp_b,unclassified_no_refmet_match,-0.3441572,log2fc,0.23757707,1.0,benjamini_hochberg,within_female_stratum_pass1b06_plasma_8w_timewise_da_as_released,provided,not_selected,MoTrPAC_pass1b06_rat,motrpac_pass1b06_plasma_8w,motrpac_pass1b06_plasma_8w_trained_vs_sedentary_female,not_reported,female
pe(o-38:5)>pe(o-18:1/20:4)_feature6 [refmet: pe(o-18:1/20:4)_lp_f],pe(o-18:1/20:4)_lp_f,unclassified_no_refmet_match,-0.34364188,log2fc,0.21243975,1.0,benjamini_hochberg,within_female_stratum_pass1b06_plasma_8w_timewise_da_as_released,provided,not_selected,MoTrPAC_pass1b06_rat,motrpac_pass1b06_plasma_8w,motrpac_pass1b06_plasma_8w_trained_vs_sedentary_female,not_reported,female
c38:6 pe [refmet: pe(38:6)],pe(38:6),unclassified_no_refmet_match,-0.34192267,log2fc,0.009900155,1.0,benjamini_hochberg,within_female_stratum_pass1b06_plasma_8w_timewise_da_as_released,provided,not_selected,MoTrPAC_pass1b06_rat,motrpac_pass1b06_plasma_8w,motrpac_pass1b06_plasma_8w_trained_vs_sedentary_female,not_reported,female
indolelactic acid [source metabolite label NA],indolelactic acid,Alkaloids,0.34104276,log2fc,0.014852029,1.0,benjamini_hochberg,within_female_stratum_pass1b06_plasma_8w_timewise_da_as_released,provided,not_selected,MoTrPAC_pass1b06_rat,motrpac_pass1b06_plasma_8w,motrpac_pass1b06_plasma_8w_trained_vs_sedentary_female,not_reported,female
lpc(18:0/0:0)_feature2 [refmet: lpc(18:0/0:0)_lp_b],lpc(18:0/0:0)_lp_b,unclassified_no_refmet_match,0.3407318,log2fc,0.036018122,1.0,benjamini_hochberg,within_female_stratum_pass1b06_plasma_8w_timewise_da_as_released,provided,not_selected,MoTrPAC_pass1b06_rat,motrpac_pass1b06_plasma_8w,motrpac_pass1b06_plasma_8w_trained_vs_sedentary_female,not_reported,female
glycocholic acid [source metabolite label NA],glycocholic acid,Sterol Lipids,-0.3405558,log2fc,0.37580982,1.0,benjamini_hochberg,within_female_stratum_pass1b06_plasma_8w_timewise_da_as_released,provided,not_selected,MoTrPAC_pass1b06_rat,motrpac_pass1b06_plasma_8w,motrpac_pass1b06_plasma_8w_trained_vs_sedentary_female,not_reported,female
car(18:2)_feature1 [refmet: car(18:2)_lp_a],car(18:2)_lp_a,unclassified_no_refmet_match,-0.33901617,log2fc,0.26057774,1.0,benjamini_hochberg,within_female_stratum_pass1b06_plasma_8w_timewise_da_as_released,provided,not_selected,MoTrPAC_pass1b06_rat,motrpac_pass1b06_plasma_8w,motrpac_pass1b06_plasma_8w_trained_vs_sedentary_female,not_reported,female
tg(58:5)_m+nh3_feature4 [refmet: tg(58:5)_lp_d],tg(58:5)_lp_d,unclassified_no_refmet_match,-0.33600736,log2fc,0.07137662,1.0,benjamini_hochberg,within_female_stratum_pass1b06_plasma_8w_timewise_da_as_released,provided,not_selected,MoTrPAC_pass1b06_rat,motrpac_pass1b06_plasma_8w,motrpac_pass1b06_plasma_8w_trained_vs_sedentary_female,not_reported,female
fa(20:0) [refmet: arachidic acid],arachidic acid,Fatty Acyls,0.33157706,log2fc,0.26693794,1.0,benjamini_hochberg,within_female_stratum_pass1b06_plasma_8w_timewise_da_as_released,provided,not_selected,MoTrPAC_pass1b06_rat,motrpac_pass1b06_plasma_8w,motrpac_pass1b06_plasma_8w_trained_vs_sedentary_female,not_reported,female
pc(o-32:1)_feature1 [refmet: pc(o-32:1)_lp_a],pc(o-32:1)_lp_a,unclassified_no_refmet_match,-0.33088642,log2fc,0.09516775,1.0,benjamini_hochberg,within_female_stratum_pass1b06_plasma_8w_timewise_da_as_released,provided,not_selected,MoTrPAC_pass1b06_rat,motrpac_pass1b06_plasma_8w,motrpac_pass1b06_plasma_8w_trained_vs_sedentary_female,not_reported,female
fa(23:0) [refmet: tricosanoic acid],tricosanoic acid,unclassified_no_refmet_match,0.32990903,log2fc,0.21055472,1.0,benjamini_hochberg,within_female_stratum_pass1b06_plasma_8w_timewise_da_as_released,provided,not_selected,MoTrPAC_pass1b06_rat,motrpac_pass1b06_plasma_8w,motrpac_pass1b06_plasma_8w_trained_vs_sedentary_female,not_reported,female
pc(37:3)_feature2 [refmet: pc(37:3)_lp_b],pc(37:3)_lp_b,unclassified_no_refmet_match,0.3298599,log2fc,0.10767899,1.0,benjamini_hochberg,within_female_stratum_pass1b06_plasma_8w_timewise_da_as_released,provided,not_selected,MoTrPAC_pass1b06_rat,motrpac_pass1b06_plasma_8w,motrpac_pass1b06_plasma_8w_trained_vs_sedentary_female,not_reported,female
cholesterol sulfate_feature1 [refmet: cholesterol sulfate],cholesterol sulfate,Sterol Lipids,-0.32860756,log2fc,0.11528836,1.0,benjamini_hochberg,within_female_stratum_pass1b06_plasma_8w_timewise_da_as_released,provided,not_selected,MoTrPAC_pass1b06_rat,motrpac_pass1b06_plasma_8w,motrpac_pass1b06_plasma_8w_trained_vs_sedentary_female,not_reported,female
tg(53:6)>tg(17:2_18:2_18:2)_and_tg(17:1_18:2_18:3)_m+nh3_feature2 [refmet: tg(53:6)_lp_b],tg(53:6)_lp_b,unclassified_no_refmet_match,0.32830897,log2fc,0.08114767,1.0,benjamini_hochberg,within_female_stratum_pass1b06_plasma_8w_timewise_da_as_released,provided,not_selected,MoTrPAC_pass1b06_rat,motrpac_pass1b06_plasma_8w,motrpac_pass1b06_plasma_8w_trained_vs_sedentary_female,not_reported,female
car(16:0) [source metabolite label NA],car(16:0),unclassified_no_refmet_match,-0.32795817,log2fc,0.009726609,1.0,benjamini_hochberg,within_female_stratum_pass1b06_plasma_8w_timewise_da_as_released,provided,not_selected,MoTrPAC_pass1b06_rat,motrpac_pass1b06_plasma_8w,motrpac_pass1b06_plasma_8w_trained_vs_sedentary_female,not_reported,female
pi(36:2)_feature2 [refmet: pi(36:2)_lp_b],pi(36:2)_lp_b,unclassified_no_refmet_match,0.32683325,log2fc,0.019085411,1.0,benjamini_hochberg,within_female_stratum_pass1b06_plasma_8w_timewise_da_as_released,provided,not_selected,MoTrPAC_pass1b06_rat,motrpac_pass1b06_plasma_8w,motrpac_pass1b06_plasma_8w_trained_vs_sedentary_female,not_reported,female
pc(o-38:4)_feature4 [refmet: pc(o-38:4)_lp_d],pc(o-38:4)_lp_d,unclassified_no_refmet_match,-0.32604742,log2fc,0.08166504,1.0,benjamini_hochberg,within_female_stratum_pass1b06_plasma_8w_timewise_da_as_released,provided,not_selected,MoTrPAC_pass1b06_rat,motrpac_pass1b06_plasma_8w,motrpac_pass1b06_plasma_8w_trained_vs_sedentary_female,not_reported,female
pi(38:3)>pi(18:0_20:3)_feature4 [refmet: pi(18:0_20:3)_lp_d],pi(18:0_20:3)_lp_d,unclassified_no_refmet_match,0.32493612,log2fc,0.27657565,1.0,benjamini_hochberg,within_female_stratum_pass1b06_plasma_8w_timewise_da_as_released,provided,not_selected,MoTrPAC_pass1b06_rat,motrpac_pass1b06_plasma_8w,motrpac_pass1b06_plasma_8w_trained_vs_sedentary_female,not_reported,female
hippuric acid [source metabolite label NA],hippuric acid,Benzenoids,0.3246036,log2fc,0.18439397,1.0,benjamini_hochberg,within_female_stratum_pass1b06_plasma_8w_timewise_da_as_released,provided,not_selected,MoTrPAC_pass1b06_rat,motrpac_pass1b06_plasma_8w,motrpac_pass1b06_plasma_8w_trained_vs_sedentary_female,not_reported,female
sm(d32:1) [source metabolite label NA],sm(d32:1),unclassified_no_refmet_match,-0.32398862,log2fc,0.024094932,1.0,benjamini_hochberg,within_female_stratum_pass1b06_plasma_8w_timewise_da_as_released,provided,not_selected,MoTrPAC_pass1b06_rat,motrpac_pass1b06_plasma_8w,motrpac_pass1b06_plasma_8w_trained_vs_sedentary_female,not_reported,female
sm(d37:1)_feature1 [refmet: sm(d37:1)],sm(d37:1),unclassified_no_refmet_match,-0.32312965,log2fc,0.1582326,1.0,benjamini_hochberg,within_female_stratum_pass1b06_plasma_8w_timewise_da_as_released,provided,not_selected,MoTrPAC_pass1b06_rat,motrpac_pass1b06_plasma_8w,motrpac_pass1b06_plasma_8w_trained_vs_sedentary_female,not_reported,female
lpc(18:2/0:0)_feature2 [refmet: lpc(18:2/0:0)_lp_b],lpc(18:2/0:0)_lp_b,unclassified_no_refmet_match,0.32081985,log2fc,0.06398861,1.0,benjamini_hochberg,within_female_stratum_pass1b06_plasma_8w_timewise_da_as_released,provided,not_selected,MoTrPAC_pass1b06_rat,motrpac_pass1b06_plasma_8w,motrpac_pass1b06_plasma_8w_trained_vs_sedentary_female,not_reported,female
glycocholate_feature1 [refmet: glycocholic acid],glycocholic acid,Sterol Lipids,-0.3192089,log2fc,0.6900352,1.0,benjamini_hochberg,within_female_stratum_pass1b06_plasma_8w_timewise_da_as_released,provided,not_selected,MoTrPAC_pass1b06_rat,motrpac_pass1b06_plasma_8w,motrpac_pass1b06_plasma_8w_trained_vs_sedentary_female,not_reported,female
n-undecanoylglycine,n-undecanoylglycine,unclassified_no_refmet_match,0.31768867,log2fc,0.31682912,1.0,benjamini_hochberg,within_female_stratum_pass1b06_plasma_8w_timewise_da_as_released,provided,not_selected,MoTrPAC_pass1b06_rat,motrpac_pass1b06_plasma_8w,motrpac_pass1b06_plasma_8w_trained_vs_sedentary_female,not_reported,female
tg(54:3)>tg(18:1/18:1/18:1)_m+nh3_feature7 [refmet: tg(18:1_18:1_18:1)_lp_g],tg(18:1_18:1_18:1)_lp_g,unclassified_no_refmet_match,0.315735,log2fc,0.25131488,1.0,benjamini_hochberg,within_female_stratum_pass1b06_plasma_8w_timewise_da_as_released,provided,not_selected,MoTrPAC_pass1b06_rat,motrpac_pass1b06_plasma_8w,motrpac_pass1b06_plasma_8w_trained_vs_sedentary_female,not_reported,female
tg(54:6)>tg(18:2/18:2/18:2)_and_tg(18:1_18:2_18:3)_m+nh3_feature4 [refmet: tg(54:6)_lp_d],tg(54:6)_lp_d,unclassified_no_refmet_match,0.31494665,log2fc,0.25002238,1.0,benjamini_hochberg,within_female_stratum_pass1b06_plasma_8w_timewise_da_as_released,provided,not_selected,MoTrPAC_pass1b06_rat,motrpac_pass1b06_plasma_8w,motrpac_pass1b06_plasma_8w_trained_vs_sedentary_female,not_reported,female
tg(58:1)>tg(16:0_18:1_24:0)_and_tg(16:0_16:0_26:1)_and_tg(18:0_18:1_22:0)_m+nh3_feature2 [refmet: tg(58:1)_lp_b],tg(58:1)_lp_b,unclassified_no_refmet_match,0.3147842,log2fc,0.38981742,1.0,benjamini_hochberg,within_female_stratum_pass1b06_plasma_8w_timewise_da_as_released,provided,not_selected,MoTrPAC_pass1b06_rat,motrpac_pass1b06_plasma_8w,motrpac_pass1b06_plasma_8w_trained_vs_sedentary_female,not_reported,female
tg(52:0)>tg(16:0_16:0_20:0)_m+nh3_feature3 [refmet: tg(16:0_16:0_20:0)_lp_c],tg(16:0_16:0_20:0)_lp_c,unclassified_no_refmet_match,0.31423253,log2fc,0.0958965,1.0,benjamini_hochberg,within_female_stratum_pass1b06_plasma_8w_timewise_da_as_released,provided,not_selected,MoTrPAC_pass1b06_rat,motrpac_pass1b06_plasma_8w,motrpac_pass1b06_plasma_8w_trained_vs_sedentary_female,not_reported,female
pc(39:3)_feature2 [refmet: pc(39:3)_lp_b],pc(39:3)_lp_b,unclassified_no_refmet_match,-0.3141952,log2fc,0.04471991,1.0,benjamini_hochberg,within_female_stratum_pass1b06_plasma_8w_timewise_da_as_released,provided,not_selected,MoTrPAC_pass1b06_rat,motrpac_pass1b06_plasma_8w,motrpac_pass1b06_plasma_8w_trained_vs_sedentary_female,not_reported,female
pc(o-38:7)_feature2 [refmet: pc(o-38:7)_lp_b],pc(o-38:7)_lp_b,unclassified_no_refmet_match,-0.31278008,log2fc,0.095052205,1.0,benjamini_hochberg,within_female_stratum_pass1b06_plasma_8w_timewise_da_as_released,provided,not_selected,MoTrPAC_pass1b06_rat,motrpac_pass1b06_plasma_8w,motrpac_pass1b06_plasma_8w_trained_vs_sedentary_female,not_reported,female
homocitrulline,homocitrulline,Organic acids,-0.31255642,log2fc,0.054175004,1.0,benjamini_hochberg,within_female_stratum_pass1b06_plasma_8w_timewise_da_as_released,provided,not_selected,MoTrPAC_pass1b06_rat,motrpac_pass1b06_plasma_8w,motrpac_pass1b06_plasma_8w_trained_vs_sedentary_female,not_reported,female
fa(20:1) [refmet: eicosenoic acid],eicosenoic acid,Fatty Acyls,0.3114279,log2fc,0.24298482,1.0,benjamini_hochberg,within_female_stratum_pass1b06_plasma_8w_timewise_da_as_released,provided,not_selected,MoTrPAC_pass1b06_rat,motrpac_pass1b06_plasma_8w,motrpac_pass1b06_plasma_8w_trained_vs_sedentary_female,not_reported,female
25-hydroxy-cholesterol [refmet: 25-hydroxycholesterol],25-hydroxycholesterol,Sterol Lipids,-0.3104729,log2fc,0.14612408,1.0,benjamini_hochberg,within_female_stratum_pass1b06_plasma_8w_timewise_da_as_released,provided,not_selected,MoTrPAC_pass1b06_rat,motrpac_pass1b06_plasma_8w,motrpac_pass1b06_plasma_8w_trained_vs_sedentary_female,not_reported,female
pc(34:3)_feature1 [refmet: pc(34:3)_lp_a],pc(34:3)_lp_a,unclassified_no_refmet_match,-0.3097923,log2fc,0.33786646,1.0,benjamini_hochberg,within_female_stratum_pass1b06_plasma_8w_timewise_da_as_released,provided,not_selected,MoTrPAC_pass1b06_rat,motrpac_pass1b06_plasma_8w,motrpac_pass1b06_plasma_8w_trained_vs_sedentary_female,not_reported,female
sm(d38:1)_feature2 [refmet: sm(d38:1)_lp_b],sm(d38:1)_lp_b,unclassified_no_refmet_match,-0.30902678,log2fc,0.18639418,1.0,benjamini_hochberg,within_female_stratum_pass1b06_plasma_8w_timewise_da_as_released,provided,not_selected,MoTrPAC_pass1b06_rat,motrpac_pass1b06_plasma_8w,motrpac_pass1b06_plasma_8w_trained_vs_sedentary_female,not_reported,female
cer(d43:1)>cer(d18:1/25:0)_feature1 [refmet: cer(d18:1/25:0)_lp_a],cer(d18:1/25:0)_lp_a,unclassified_no_refmet_match,0.30865526,log2fc,0.08040346,1.0,benjamini_hochberg,within_female_stratum_pass1b06_plasma_8w_timewise_da_as_released,provided,not_selected,MoTrPAC_pass1b06_rat,motrpac_pass1b06_plasma_8w,motrpac_pass1b06_plasma_8w_trained_vs_sedentary_female,not_reported,female
pc(o-40:7)_feature1 [refmet: pc(o-40:7)_lp_a],pc(o-40:7)_lp_a,unclassified_no_refmet_match,-0.30673146,log2fc,0.14663799,1.0,benjamini_hochberg,within_female_stratum_pass1b06_plasma_8w_timewise_da_as_released,provided,not_selected,MoTrPAC_pass1b06_rat,motrpac_pass1b06_plasma_8w,motrpac_pass1b06_plasma_8w_trained_vs_sedentary_female,not_reported,female
tg(55:7)_m+nh3_feature1 [refmet: tg(55:7)_lp_a],tg(55:7)_lp_a,unclassified_no_refmet_match,0.30598143,log2fc,0.023608465,1.0,benjamini_hochberg,within_female_stratum_pass1b06_plasma_8w_timewise_da_as_released,provided,not_selected,MoTrPAC_pass1b06_rat,motrpac_pass1b06_plasma_8w,motrpac_pass1b06_plasma_8w_trained_vs_sedentary_female,not_reported,female
pe(o-36:5)>pe(o-16:1/20:4)_feature3 [refmet: pe(o-16:1/20:4)_ln_c],pe(o-16:1/20:4)_ln_c,unclassified_no_refmet_match,-0.3055417,log2fc,0.2958436,1.0,benjamini_hochberg,within_female_stratum_pass1b06_plasma_8w_timewise_da_as_released,provided,not_selected,MoTrPAC_pass1b06_rat,motrpac_pass1b06_plasma_8w,motrpac_pass1b06_plasma_8w_trained_vs_sedentary_female,not_reported,female
pc(32:1)_feature1 [refmet: pc(32:1)_lp_a],pc(32:1)_lp_a,unclassified_no_refmet_match,0.30414614,log2fc,0.11511848,1.0,benjamini_hochberg,within_female_stratum_pass1b06_plasma_8w_timewise_da_as_released,provided,not_selected,MoTrPAC_pass1b06_rat,motrpac_pass1b06_plasma_8w,motrpac_pass1b06_plasma_8w_trained_vs_sedentary_female,not_reported,female
tg(54:3)>tg(18:0_18:1_18:2)_and_tg(18:1/18:1/18:1)_and_tg(16:0_18:2_20:1)_m+nh3_feature8 [refmet: tg(54:3)_lp_h],tg(54:3)_lp_h,unclassified_no_refmet_match,0.30352184,log2fc,0.23947409,1.0,benjamini_hochberg,within_female_stratum_pass1b06_plasma_8w_timewise_da_as_released,provided,not_selected,MoTrPAC_pass1b06_rat,motrpac_pass1b06_plasma_8w,motrpac_pass1b06_plasma_8w_trained_vs_sedentary_female,not_reported,female
n-acetylornithine,n-acetylornithine,Organic acids,0.30349275,log2fc,0.005989453,1.0,benjamini_hochberg,within_female_stratum_pass1b06_plasma_8w_timewise_da_as_released,provided,not_selected,MoTrPAC_pass1b06_rat,motrpac_pass1b06_plasma_8w,motrpac_pass1b06_plasma_8w_trained_vs_sedentary_female,not_reported,female
sm(d18:1/18:0) [source metabolite label NA],sm(d18:1/18:0),unclassified_no_refmet_match,-0.30337414,log2fc,0.020188266,1.0,benjamini_hochberg,within_female_stratum_pass1b06_plasma_8w_timewise_da_as_released,provided,not_selected,MoTrPAC_pass1b06_rat,motrpac_pass1b06_plasma_8w,motrpac_pass1b06_plasma_8w_trained_vs_sedentary_female,not_reported,female
1-methylnicotinamide [refmet: 1-methyl nicotinamide],1-methyl nicotinamide,Alkaloids,0.30308574,log2fc,0.033764362,1.0,benjamini_hochberg,within_female_stratum_pass1b06_plasma_8w_timewise_da_as_released,provided,not_selected,MoTrPAC_pass1b06_rat,motrpac_pass1b06_plasma_8w,motrpac_pass1b06_plasma_8w_trained_vs_sedentary_female,not_reported,female
succinic acid [source metabolite label NA],succinic acid,Organic acids,-0.30208454,log2fc,0.028401455,1.0,benjamini_hochberg,within_female_stratum_pass1b06_plasma_8w_timewise_da_as_released,provided,not_selected,MoTrPAC_pass1b06_rat,motrpac_pass1b06_plasma_8w,motrpac_pass1b06_plasma_8w_trained_vs_sedentary_female,not_reported,female
pc(40:5)_feature4 [refmet: pc(40:5)_lp_d],pc(40:5)_lp_d,unclassified_no_refmet_match,-0.3011972,log2fc,0.11487722,1.0,benjamini_hochberg,within_female_stratum_pass1b06_plasma_8w_timewise_da_as_released,provided,not_selected,MoTrPAC_pass1b06_rat,motrpac_pass1b06_plasma_8w,motrpac_pass1b06_plasma_8w_trained_vs_sedentary_female,not_reported,female
car(12:0) [source metabolite label NA],car(12:0),unclassified_no_refmet_match,-0.30086097,log2fc,0.0074607264,1.0,benjamini_hochberg,within_female_stratum_pass1b06_plasma_8w_timewise_da_as_released,provided,not_selected,MoTrPAC_pass1b06_rat,motrpac_pass1b06_plasma_8w,motrpac_pass1b06_plasma_8w_trained_vs_sedentary_female,not_reported,female
sphinganine [source metabolite label NA],sphinganine,Sphingolipids,-0.3002212,log2fc,0.36815336,1.0,benjamini_hochberg,within_female_stratum_pass1b06_plasma_8w_timewise_da_as_released,provided,not_selected,MoTrPAC_pass1b06_rat,motrpac_pass1b06_plasma_8w,motrpac_pass1b06_plasma_8w_trained_vs_sedentary_female,not_reported,female
pc(36:5)>pc(16:0_20:5)_m+h2co2_feature3 [refmet: pc(16:0_20:5)_ln_c],pc(16:0_20:5)_ln_c,unclassified_no_refmet_match,0.29904926,log2fc,0.083668604,1.0,benjamini_hochberg,within_female_stratum_pass1b06_plasma_8w_timewise_da_as_released,provided,not_selected,MoTrPAC_pass1b06_rat,motrpac_pass1b06_plasma_8w,motrpac_pass1b06_plasma_8w_trained_vs_sedentary_female,not_reported,female
pc(38:6)_feature3 [refmet: pc(38:6)_lp_c],pc(38:6)_lp_c,unclassified_no_refmet_match,0.29882428,log2fc,0.18228762,1.0,benjamini_hochberg,within_female_stratum_pass1b06_plasma_8w_timewise_da_as_released,provided,not_selected,MoTrPAC_pass1b06_rat,motrpac_pass1b06_plasma_8w,motrpac_pass1b06_plasma_8w_trained_vs_sedentary_female,not_reported,female
pc(42:8)_feature3 [refmet: pc(42:8)_lp_c],pc(42:8)_lp_c,unclassified_no_refmet_match,-0.29786643,log2fc,0.06296354,1.0,benjamini_hochberg,within_female_stratum_pass1b06_plasma_8w_timewise_da_as_released,provided,not_selected,MoTrPAC_pass1b06_rat,motrpac_pass1b06_plasma_8w,motrpac_pass1b06_plasma_8w_trained_vs_sedentary_female,not_reported,female
c36:5 pe plasmalogen [refmet: pe(p-36:4)/pe(o-36:5)],pe(p-36:4)/pe(o-36:5),unclassified_no_refmet_match,-0.2975809,log2fc,0.25506708,1.0,benjamini_hochberg,within_female_stratum_pass1b06_plasma_8w_timewise_da_as_released,provided,not_selected,MoTrPAC_pass1b06_rat,motrpac_pass1b06_plasma_8w,motrpac_pass1b06_plasma_8w_trained_vs_sedentary_female,not_reported,female
lpc(19:1/0:0)_and_lpc(0:0/19:1)_feature1and2 [refmet: lpc(19:1)_lp_ab],lpc(19:1)_lp_ab,unclassified_no_refmet_match,0.29757443,log2fc,0.05587179,1.0,benjamini_hochberg,within_female_stratum_pass1b06_plasma_8w_timewise_da_as_released,provided,not_selected,MoTrPAC_pass1b06_rat,motrpac_pass1b06_plasma_8w,motrpac_pass1b06_plasma_8w_trained_vs_sedentary_female,not_reported,female
lpc(16:1/0:0)_and_lpc(0:0/16:1)_feature1and2 [refmet: lpc(16:1)_lp_ab],lpc(16:1)_lp_ab,unclassified_no_refmet_match,0.2974779,log2fc,0.05734301,1.0,benjamini_hochberg,within_female_stratum_pass1b06_plasma_8w_timewise_da_as_released,provided,not_selected,MoTrPAC_pass1b06_rat,motrpac_pass1b06_plasma_8w,motrpac_pass1b06_plasma_8w_trained_vs_sedentary_female,not_reported,female
car(20:0),car(20:0),unclassified_no_refmet_match,-0.29705575,log2fc,0.033832133,1.0,benjamini_hochberg,within_female_stratum_pass1b06_plasma_8w_timewise_da_as_released,provided,not_selected,MoTrPAC_pass1b06_rat,motrpac_pass1b06_plasma_8w,motrpac_pass1b06_plasma_8w_trained_vs_sedentary_female,not_reported,female
pe(34:1)_feature1 [refmet: pe(34:1)_lp_a],pe(34:1)_lp_a,unclassified_no_refmet_match,-0.29626474,log2fc,0.35579422,1.0,benjamini_hochberg,within_female_stratum_pass1b06_plasma_8w_timewise_da_as_released,provided,not_selected,MoTrPAC_pass1b06_rat,motrpac_pass1b06_plasma_8w,motrpac_pass1b06_plasma_8w_trained_vs_sedentary_female,not_reported,female
lpc(20:2)_feature2 [refmet: lpc(20:2)_ln_b],lpc(20:2)_ln_b,unclassified_no_refmet_match,0.2952022,log2fc,0.026261548,1.0,benjamini_hochberg,within_female_stratum_pass1b06_plasma_8w_timewise_da_as_released,provided,not_selected,MoTrPAC_pass1b06_rat,motrpac_pass1b06_plasma_8w,motrpac_pass1b06_plasma_8w_trained_vs_sedentary_female,not_reported,female
"14,15-epetre","14,15-epetre",unclassified_no_refmet_match,0.29263723,log2fc,0.5873962,1.0,benjamini_hochberg,within_female_stratum_pass1b06_plasma_8w_timewise_da_as_released,provided,not_selected,MoTrPAC_pass1b06_rat,motrpac_pass1b06_plasma_8w,motrpac_pass1b06_plasma_8w_trained_vs_sedentary_female,not_reported,female
2-hydroxyglutarate [refmet: 2-hydroxyglutaric acid],2-hydroxyglutaric acid,Fatty Acyls,-0.2914458,log2fc,0.14869255,1.0,benjamini_hochberg,within_female_stratum_pass1b06_plasma_8w_timewise_da_as_released,provided,not_selected,MoTrPAC_pass1b06_rat,motrpac_pass1b06_plasma_8w,motrpac_pass1b06_plasma_8w_trained_vs_sedentary_female,not_reported,female
pc(o-34:0)_feature1 [refmet: pc(o-34:0)],pc(o-34:0),unclassified_no_refmet_match,-0.2874173,log2fc,0.32496077,1.0,benjamini_hochberg,within_female_stratum_pass1b06_plasma_8w_timewise_da_as_released,provided,not_selected,MoTrPAC_pass1b06_rat,motrpac_pass1b06_plasma_8w,motrpac_pass1b06_plasma_8w_trained_vs_sedentary_female,not_reported,female
tg(51:4)>tg(16:1_17:1_18:2)_and_tg(15:0_18:2_18:2)_and_tg(15:1_18:1_18:2)_m+nh3_feature1 [refmet: tg(51:4)],tg(51:4),unclassified_no_refmet_match,0.2863864,log2fc,0.23179999,1.0,benjamini_hochberg,within_female_stratum_pass1b06_plasma_8w_timewise_da_as_released,provided,not_selected,MoTrPAC_pass1b06_rat,motrpac_pass1b06_plasma_8w,motrpac_pass1b06_plasma_8w_trained_vs_sedentary_female,not_reported,female
pc(o-42:6)_feature3 [refmet: pc(o-42:6)_lp_c],pc(o-42:6)_lp_c,unclassified_no_refmet_match,-0.2861006,log2fc,0.14950936,1.0,benjamini_hochberg,within_female_stratum_pass1b06_plasma_8w_timewise_da_as_released,provided,not_selected,MoTrPAC_pass1b06_rat,motrpac_pass1b06_plasma_8w,motrpac_pass1b06_plasma_8w_trained_vs_sedentary_female,not_reported,female
tg(53:3)>tg(17:0_18:1_18:2)_and_tg(17:1_18:1_18:1)_and_tg(16:1_18:1_19:1)_and_tg(16:0_18:1_19:2)_m+nh3_feature4 [refmet: tg(53:3)_lp_d],tg(53:3)_lp_d,unclassified_no_refmet_match,0.28416908,log2fc,0.4406333,1.0,benjamini_hochberg,within_female_stratum_pass1b06_plasma_8w_timewise_da_as_released,provided,not_selected,MoTrPAC_pass1b06_rat,motrpac_pass1b06_plasma_8w,motrpac_pass1b06_plasma_8w_trained_vs_sedentary_female,not_reported,female
edetic acid [source metabolite label NA],edetic acid,unclassified_no_refmet_match,0.2833771,log2fc,0.05078048,1.0,benjamini_hochberg,within_female_stratum_pass1b06_plasma_8w_timewise_da_as_released,provided,not_selected,MoTrPAC_pass1b06_rat,motrpac_pass1b06_plasma_8w,motrpac_pass1b06_plasma_8w_trained_vs_sedentary_female,not_reported,female
lpc(16:1)_feature2 [refmet: lpc(16:1)_ln_b],lpc(16:1)_ln_b,unclassified_no_refmet_match,0.28337455,log2fc,0.029297529,1.0,benjamini_hochberg,within_female_stratum_pass1b06_plasma_8w_timewise_da_as_released,provided,not_selected,MoTrPAC_pass1b06_rat,motrpac_pass1b06_plasma_8w,motrpac_pass1b06_plasma_8w_trained_vs_sedentary_female,not_reported,female
tg(58:7)>tg(18:0_18:1_22:6)_m+nh3_feature3 [refmet: tg(58:7)_lp_c],tg(58:7)_lp_c,unclassified_no_refmet_match,-0.2826223,log2fc,0.631915,1.0,benjamini_hochberg,within_female_stratum_pass1b06_plasma_8w_timewise_da_as_released,provided,not_selected,MoTrPAC_pass1b06_rat,motrpac_pass1b06_plasma_8w,motrpac_pass1b06_plasma_8w_trained_vs_sedentary_female,not_reported,female
pe(36:3)_feature1 [refmet: pe(36:3)_lp_a],pe(36:3)_lp_a,unclassified_no_refmet_match,0.28254452,log2fc,0.23599659,1.0,benjamini_hochberg,within_female_stratum_pass1b06_plasma_8w_timewise_da_as_released,provided,not_selected,MoTrPAC_pass1b06_rat,motrpac_pass1b06_plasma_8w,motrpac_pass1b06_plasma_8w_trained_vs_sedentary_female,not_reported,female
car(20:1-oh)_feature1 [refmet: car(20:1(oh))],car(20:1(oh)),unclassified_no_refmet_match,-0.28141192,log2fc,0.25360516,1.0,benjamini_hochberg,within_female_stratum_pass1b06_plasma_8w_timewise_da_as_released,provided,not_selected,MoTrPAC_pass1b06_rat,motrpac_pass1b06_plasma_8w,motrpac_pass1b06_plasma_8w_trained_vs_sedentary_female,not_reported,female
lpc(20:1)_feature2 [refmet: lpc(20:1)_ln_b],lpc(20:1)_ln_b,unclassified_no_refmet_match,0.2809973,log2fc,0.0076488266,1.0,benjamini_hochberg,within_female_stratum_pass1b06_plasma_8w_timewise_da_as_released,provided,not_selected,MoTrPAC_pass1b06_rat,motrpac_pass1b06_plasma_8w,motrpac_pass1b06_plasma_8w_trained_vs_sedentary_female,not_reported,female
cer(d34:1)_m+h2co2_feature1 [refmet: cer(d34:1)],cer(d34:1),unclassified_no_refmet_match,-0.2804412,log2fc,0.018488018,1.0,benjamini_hochberg,within_female_stratum_pass1b06_plasma_8w_timewise_da_as_released,provided,not_selected,MoTrPAC_pass1b06_rat,motrpac_pass1b06_plasma_8w,motrpac_pass1b06_plasma_8w_trained_vs_sedentary_female,not_reported,female
sm(d34:0) [source metabolite label NA],sm(d34:0),unclassified_no_refmet_match,-0.2802201,log2fc,0.010754159,1.0,benjamini_hochberg,within_female_stratum_pass1b06_plasma_8w_timewise_da_as_released,provided,not_selected,MoTrPAC_pass1b06_rat,motrpac_pass1b06_plasma_8w,motrpac_pass1b06_plasma_8w_trained_vs_sedentary_female,not_reported,female
"14,15-dihetre","14,15-dihetre",Fatty Acyls,-0.2801503,log2fc,0.32795578,1.0,benjamini_hochberg,within_female_stratum_pass1b06_plasma_8w_timewise_da_as_released,provided,not_selected,MoTrPAC_pass1b06_rat,motrpac_pass1b06_plasma_8w,motrpac_pass1b06_plasma_8w_trained_vs_sedentary_female,not_reported,female
4-acetamidobutanoate [refmet: 4-acetamidobutanoic acid],4-acetamidobutanoic acid,Organic acids,-0.28008422,log2fc,0.038622893,1.0,benjamini_hochberg,within_female_stratum_pass1b06_plasma_8w_timewise_da_as_released,provided,not_selected,MoTrPAC_pass1b06_rat,motrpac_pass1b06_plasma_8w,motrpac_pass1b06_plasma_8w_trained_vs_sedentary_female,not_reported,female
pc(42:4)_feature3 [refmet: pc(42:4)_lp_c],pc(42:4)_lp_c,unclassified_no_refmet_match,-0.2793933,log2fc,0.049902707,1.0,benjamini_hochberg,within_female_stratum_pass1b06_plasma_8w_timewise_da_as_released,provided,not_selected,MoTrPAC_pass1b06_rat,motrpac_pass1b06_plasma_8w,motrpac_pass1b06_plasma_8w_trained_vs_sedentary_female,not_reported,female
pc(38:6)_feature2 [refmet: pc(38:6)_lp_b],pc(38:6)_lp_b,unclassified_no_refmet_match,-0.2792582,log2fc,0.03475358,1.0,benjamini_hochberg,within_female_stratum_pass1b06_plasma_8w_timewise_da_as_released,provided,not_selected,MoTrPAC_pass1b06_rat,motrpac_pass1b06_plasma_8w,motrpac_pass1b06_plasma_8w_trained_vs_sedentary_female,not_reported,female
pc(37:4)>pc(17:0_20:4)_m+h2co2_feature3 [refmet: pc(17:0_20:4)_ln_c],pc(17:0_20:4)_ln_c,unclassified_no_refmet_match,-0.27809963,log2fc,0.019808266,1.0,benjamini_hochberg,within_female_stratum_pass1b06_plasma_8w_timewise_da_as_released,provided,not_selected,MoTrPAC_pass1b06_rat,motrpac_pass1b06_plasma_8w,motrpac_pass1b06_plasma_8w_trained_vs_sedentary_female,not_reported,female
alanine [source metabolite label NA],alanine,Organic acids,0.27719265,log2fc,0.008868282,1.0,benjamini_hochberg,within_female_stratum_pass1b06_plasma_8w_timewise_da_as_released,provided,not_selected,MoTrPAC_pass1b06_rat,motrpac_pass1b06_plasma_8w,motrpac_pass1b06_plasma_8w_trained_vs_sedentary_female,not_reported,female
tg(48:0)>tg(16:0/16:0/16:0)_and_tg(14:0_16:0_18:0)_m+nh3_feature1 [refmet: tg(48:0)],tg(48:0),unclassified_no_refmet_match,0.27640536,log2fc,0.3313338,1.0,benjamini_hochberg,within_female_stratum_pass1b06_plasma_8w_timewise_da_as_released,provided,not_selected,MoTrPAC_pass1b06_rat,motrpac_pass1b06_plasma_8w,motrpac_pass1b06_plasma_8w_trained_vs_sedentary_female,not_reported,female
sm(d40:1-oh)_feature2 [refmet: sm(d40:1-oh)_lp_b],sm(d40:1-oh)_lp_b,unclassified_no_refmet_match,-0.27580363,log2fc,0.10909597,1.0,benjamini_hochberg,within_female_stratum_pass1b06_plasma_8w_timewise_da_as_released,provided,not_selected,MoTrPAC_pass1b06_rat,motrpac_pass1b06_plasma_8w,motrpac_pass1b06_plasma_8w_trained_vs_sedentary_female,not_reported,female
hypotaurine,hypotaurine,Organic acids,-0.27544913,log2fc,0.17480057,1.0,benjamini_hochberg,within_female_stratum_pass1b06_plasma_8w_timewise_da_as_released,provided,not_selected,MoTrPAC_pass1b06_rat,motrpac_pass1b06_plasma_8w,motrpac_pass1b06_plasma_8w_trained_vs_sedentary_female,not_reported,female
oxoglutaric acid [source metabolite label NA],oxoglutaric acid,unclassified_no_refmet_match,-0.27534968,log2fc,0.0822679,1.0,benjamini_hochberg,within_female_stratum_pass1b06_plasma_8w_timewise_da_as_released,provided,not_selected,MoTrPAC_pass1b06_rat,motrpac_pass1b06_plasma_8w,motrpac_pass1b06_plasma_8w_trained_vs_sedentary_female,not_reported,female
tg(54:8)_m+nh3_feature2 [refmet: tg(54:8)_lp_b],tg(54:8)_lp_b,unclassified_no_refmet_match,0.27531672,log2fc,0.20335838,1.0,benjamini_hochberg,within_female_stratum_pass1b06_plasma_8w_timewise_da_as_released,provided,not_selected,MoTrPAC_pass1b06_rat,motrpac_pass1b06_plasma_8w,motrpac_pass1b06_plasma_8w_trained_vs_sedentary_female,not_reported,female
sm(d38:3)_feature1 [refmet: sm(d38:3)],sm(d38:3),unclassified_no_refmet_match,-0.2750505,log2fc,0.23949848,1.0,benjamini_hochberg,within_female_stratum_pass1b06_plasma_8w_timewise_da_as_released,provided,not_selected,MoTrPAC_pass1b06_rat,motrpac_pass1b06_plasma_8w,motrpac_pass1b06_plasma_8w_trained_vs_sedentary_female,not_reported,female
tg(51:3)>tg(15:0_18:1_18:2)_and_tg(16:0_17:1_18:2)_and_tg(16:1_17:1_18:1)_m+nh3_feature3 [refmet: tg(51:3)_lp_c],tg(51:3)_lp_c,unclassified_no_refmet_match,0.27437407,log2fc,0.26668772,1.0,benjamini_hochberg,within_female_stratum_pass1b06_plasma_8w_timewise_da_as_released,provided,not_selected,MoTrPAC_pass1b06_rat,motrpac_pass1b06_plasma_8w,motrpac_pass1b06_plasma_8w_trained_vs_sedentary_female,not_reported,female
car(13:0)_feature1 [refmet: car(13:0)],car(13:0),unclassified_no_refmet_match,-0.2741102,log2fc,0.34410173,1.0,benjamini_hochberg,within_female_stratum_pass1b06_plasma_8w_timewise_da_as_released,provided,not_selected,MoTrPAC_pass1b06_rat,motrpac_pass1b06_plasma_8w,motrpac_pass1b06_plasma_8w_trained_vs_sedentary_female,not_reported,female
pc(42:9)_feature2 [refmet: pc(42:9)_lp_b],pc(42:9)_lp_b,unclassified_no_refmet_match,0.27370936,log2fc,0.4317619,1.0,benjamini_hochberg,within_female_stratum_pass1b06_plasma_8w_timewise_da_as_released,provided,not_selected,MoTrPAC_pass1b06_rat,motrpac_pass1b06_plasma_8w,motrpac_pass1b06_plasma_8w_trained_vs_sedentary_female,not_reported,female
proline-betaine [refmet: proline betaine],proline betaine,Organic acids,0.2726408,log2fc,0.062033195,1.0,benjamini_hochberg,within_female_stratum_pass1b06_plasma_8w_timewise_da_as_released,provided,not_selected,MoTrPAC_pass1b06_rat,motrpac_pass1b06_plasma_8w,motrpac_pass1b06_plasma_8w_trained_vs_sedentary_female,not_reported,female
tg(51:2)>tg(15:0_18:1_18:1)_and_tg(16:0_17:1_18:1)_and_tg(16:1_17:0_18:1)_m+nh3_feature3 [refmet: tg(51:2)_lp_c],tg(51:2)_lp_c,unclassified_no_refmet_match,0.27248365,log2fc,0.30922005,1.0,benjamini_hochberg,within_female_stratum_pass1b06_plasma_8w_timewise_da_as_released,provided,not_selected,MoTrPAC_pass1b06_rat,motrpac_pass1b06_plasma_8w,motrpac_pass1b06_plasma_8w_trained_vs_sedentary_female,not_reported,female
tg(52:5)>tg(16:1_18:2_18:2)_m+nh3_feature1 [refmet: tg(16:1_18:2_18:2)_lp_a],tg(16:1_18:2_18:2)_lp_a,unclassified_no_refmet_match,0.27185926,log2fc,0.20558377,1.0,benjamini_hochberg,within_female_stratum_pass1b06_plasma_8w_timewise_da_as_released,provided,not_selected,MoTrPAC_pass1b06_rat,motrpac_pass1b06_plasma_8w,motrpac_pass1b06_plasma_8w_trained_vs_sedentary_female,not_reported,female
n-alpha-acetylarginine [refmet: n-acetylarginine],n-acetylarginine,Organic acids,-0.2684853,log2fc,0.3861412,1.0,benjamini_hochberg,within_female_stratum_pass1b06_plasma_8w_timewise_da_as_released,provided,not_selected,MoTrPAC_pass1b06_rat,motrpac_pass1b06_plasma_8w,motrpac_pass1b06_plasma_8w_trained_vs_sedentary_female,not_reported,female
sm(d42:3)_feature1 [refmet: sm(d42:3)_lp_a],sm(d42:3)_lp_a,unclassified_no_refmet_match,-0.26821756,log2fc,0.09710068,1.0,benjamini_hochberg,within_female_stratum_pass1b06_plasma_8w_timewise_da_as_released,provided,not_selected,MoTrPAC_pass1b06_rat,motrpac_pass1b06_plasma_8w,motrpac_pass1b06_plasma_8w_trained_vs_sedentary_female,not_reported,female
l-alpha-glutamyl-l-lysine [refmet: glu-lys],glu-lys,Organic acids,-0.26705596,log2fc,0.052142005,1.0,benjamini_hochberg,within_female_stratum_pass1b06_plasma_8w_timewise_da_as_released,provided,not_selected,MoTrPAC_pass1b06_rat,motrpac_pass1b06_plasma_8w,motrpac_pass1b06_plasma_8w_trained_vs_sedentary_female,not_reported,female
tg(56:7)>tg(16:0_18:1_22:6)_m+nh3_feature6 [refmet: tg(16:0_18:1_22:6)_lp_f],tg(16:0_18:1_22:6)_lp_f,unclassified_no_refmet_match,0.26679105,log2fc,0.13147335,1.0,benjamini_hochberg,within_female_stratum_pass1b06_plasma_8w_timewise_da_as_released,provided,not_selected,MoTrPAC_pass1b06_rat,motrpac_pass1b06_plasma_8w,motrpac_pass1b06_plasma_8w_trained_vs_sedentary_female,not_reported,female
tg(51:2)_m+nh3_feature2 [refmet: tg(51:2)_m+nh3_lp_b],tg(51:2)_m+nh3_lp_b,unclassified_no_refmet_match,0.26627156,log2fc,0.31004152,1.0,benjamini_hochberg,within_female_stratum_pass1b06_plasma_8w_timewise_da_as_released,provided,not_selected,MoTrPAC_pass1b06_rat,motrpac_pass1b06_plasma_8w,motrpac_pass1b06_plasma_8w_trained_vs_sedentary_female,not_reported,female
pe(o-40:7)>pe(o-18:1/22:6)_feature7 [refmet: pe(o-18:1/22:6)_lp_g],pe(o-18:1/22:6)_lp_g,unclassified_no_refmet_match,-0.26614714,log2fc,0.086600326,1.0,benjamini_hochberg,within_female_stratum_pass1b06_plasma_8w_timewise_da_as_released,provided,not_selected,MoTrPAC_pass1b06_rat,motrpac_pass1b06_plasma_8w,motrpac_pass1b06_plasma_8w_trained_vs_sedentary_female,not_reported,female
hexcer(d41:1)_m+h2co2_feature1 [refmet: hexcer(d41:1)],hexcer(d41:1),unclassified_no_refmet_match,0.26423883,log2fc,0.13873439,1.0,benjamini_hochberg,within_female_stratum_pass1b06_plasma_8w_timewise_da_as_released,provided,not_selected,MoTrPAC_pass1b06_rat,motrpac_pass1b06_plasma_8w,motrpac_pass1b06_plasma_8w_trained_vs_sedentary_female,not_reported,female
sm(d36:1) [source metabolite label NA],sm(d36:1),unclassified_no_refmet_match,-0.26340088,log2fc,0.08231547,1.0,benjamini_hochberg,within_female_stratum_pass1b06_plasma_8w_timewise_da_as_released,provided,not_selected,MoTrPAC_pass1b06_rat,motrpac_pass1b06_plasma_8w,motrpac_pass1b06_plasma_8w_trained_vs_sedentary_female,not_reported,female
pc(o-36:5)_feature5 [refmet: pc(o-36:5)_lp_e],pc(o-36:5)_lp_e,unclassified_no_refmet_match,-0.2631295,log2fc,0.09664284,1.0,benjamini_hochberg,within_female_stratum_pass1b06_plasma_8w_timewise_da_as_released,provided,not_selected,MoTrPAC_pass1b06_rat,motrpac_pass1b06_plasma_8w,motrpac_pass1b06_plasma_8w_trained_vs_sedentary_female,not_reported,female
pe(o-40:4)>pe(o-18:0/22:4)_feature1 [refmet: pe(o-18:0/22:4)_ln_a],pe(o-18:0/22:4)_ln_a,unclassified_no_refmet_match,-0.26292655,log2fc,0.24205583,1.0,benjamini_hochberg,within_female_stratum_pass1b06_plasma_8w_timewise_da_as_released,provided,not_selected,MoTrPAC_pass1b06_rat,motrpac_pass1b06_plasma_8w,motrpac_pass1b06_plasma_8w_trained_vs_sedentary_female,not_reported,female
tg(49:1)>tg(15:0_16:0_18:0)_and_tg(16:0_16:0_17:1)_and_tg(16:0_16:1_17:0)_m+nh3_feature1 [refmet: tg(49:1)],tg(49:1),unclassified_no_refmet_match,0.2627019,log2fc,0.3351476,1.0,benjamini_hochberg,within_female_stratum_pass1b06_plasma_8w_timewise_da_as_released,provided,not_selected,MoTrPAC_pass1b06_rat,motrpac_pass1b06_plasma_8w,motrpac_pass1b06_plasma_8w_trained_vs_sedentary_female,not_reported,female
lpc(18:1/0:0)_feature2 [refmet: lpc(18:1/0:0)_lp_b],lpc(18:1/0:0)_lp_b,unclassified_no_refmet_match,0.26206762,log2fc,0.02947408,1.0,benjamini_hochberg,within_female_stratum_pass1b06_plasma_8w_timewise_da_as_released,provided,not_selected,MoTrPAC_pass1b06_rat,motrpac_pass1b06_plasma_8w,motrpac_pass1b06_plasma_8w_trained_vs_sedentary_female,not_reported,female
pc(37:6)_feature1 [refmet: pc(37:6)_lp_a],pc(37:6)_lp_a,unclassified_no_refmet_match,-0.26185554,log2fc,0.033595193,1.0,benjamini_hochberg,within_female_stratum_pass1b06_plasma_8w_timewise_da_as_released,provided,not_selected,MoTrPAC_pass1b06_rat,motrpac_pass1b06_plasma_8w,motrpac_pass1b06_plasma_8w_trained_vs_sedentary_female,not_reported,female
pc(40:6)_feature3 [refmet: pc(40:6)_lp_c],pc(40:6)_lp_c,unclassified_no_refmet_match,-0.2614668,log2fc,0.08464428,1.0,benjamini_hochberg,within_female_stratum_pass1b06_plasma_8w_timewise_da_as_released,provided,not_selected,MoTrPAC_pass1b06_rat,motrpac_pass1b06_plasma_8w,motrpac_pass1b06_plasma_8w_trained_vs_sedentary_female,not_reported,female
tg(54:6)>tg(18:2/18:2/18:2)_and_tg(18:1_18:2_18:3)_m+nh3_feature1 [refmet: tg(54:6)_lp_a],tg(54:6)_lp_a,unclassified_no_refmet_match,0.26043487,log2fc,0.49650666,1.0,benjamini_hochberg,within_female_stratum_pass1b06_plasma_8w_timewise_da_as_released,provided,not_selected,MoTrPAC_pass1b06_rat,motrpac_pass1b06_plasma_8w,motrpac_pass1b06_plasma_8w_trained_vs_sedentary_female,not_reported,female
9-hete,9-hete,Fatty Acyls,0.2603639,log2fc,0.761338,1.0,benjamini_hochberg,within_female_stratum_pass1b06_plasma_8w_timewise_da_as_released,provided,not_selected,MoTrPAC_pass1b06_rat,motrpac_pass1b06_plasma_8w,motrpac_pass1b06_plasma_8w_trained_vs_sedentary_female,not_reported,female
"9,10-dihome","9,10-dihome",Fatty Acyls,-0.25881535,log2fc,0.36147538,1.0,benjamini_hochberg,within_female_stratum_pass1b06_plasma_8w_timewise_da_as_released,provided,not_selected,MoTrPAC_pass1b06_rat,motrpac_pass1b06_plasma_8w,motrpac_pass1b06_plasma_8w_trained_vs_sedentary_female,not_reported,female
pe(o-40:5)>pe(o-18:1/22:4)_feature3 [refmet: pe(o-18:1/22:4)_ln_c],pe(o-18:1/22:4)_ln_c,unclassified_no_refmet_match,-0.25818336,log2fc,0.3112813,1.0,benjamini_hochberg,within_female_stratum_pass1b06_plasma_8w_timewise_da_as_released,provided,not_selected,MoTrPAC_pass1b06_rat,motrpac_pass1b06_plasma_8w,motrpac_pass1b06_plasma_8w_trained_vs_sedentary_female,not_reported,female
glycohyocholate [refmet: glycohyocholic acid],glycohyocholic acid,Sterol Lipids,-0.2580128,log2fc,0.6772045,1.0,benjamini_hochberg,within_female_stratum_pass1b06_plasma_8w_timewise_da_as_released,provided,not_selected,MoTrPAC_pass1b06_rat,motrpac_pass1b06_plasma_8w,motrpac_pass1b06_plasma_8w_trained_vs_sedentary_female,not_reported,female
tg(54:5)>tg(18:1_18:2_18:2)_m+nh3_feature3 [refmet: tg(18:1_18:2_18:2)_lp_c],tg(18:1_18:2_18:2)_lp_c,unclassified_no_refmet_match,0.25730115,log2fc,0.41457933,1.0,benjamini_hochberg,within_female_stratum_pass1b06_plasma_8w_timewise_da_as_released,provided,not_selected,MoTrPAC_pass1b06_rat,motrpac_pass1b06_plasma_8w,motrpac_pass1b06_plasma_8w_trained_vs_sedentary_female,not_reported,female
pe(36:2)>pe(18:0_18:2)_feature2 [refmet: pe(18:0_18:2)_ln_b],pe(18:0_18:2)_ln_b,unclassified_no_refmet_match,0.25521913,log2fc,0.3136611,1.0,benjamini_hochberg,within_female_stratum_pass1b06_plasma_8w_timewise_da_as_released,provided,not_selected,MoTrPAC_pass1b06_rat,motrpac_pass1b06_plasma_8w,motrpac_pass1b06_plasma_8w_trained_vs_sedentary_female,not_reported,female
car(12:0)_feature2 [refmet: car(12:0)_lp_b],car(12:0)_lp_b,unclassified_no_refmet_match,-0.25458696,log2fc,0.293347,1.0,benjamini_hochberg,within_female_stratum_pass1b06_plasma_8w_timewise_da_as_released,provided,not_selected,MoTrPAC_pass1b06_rat,motrpac_pass1b06_plasma_8w,motrpac_pass1b06_plasma_8w_trained_vs_sedentary_female,not_reported,female
cer(d40:0)>cer(d18:0/22:0)_feature1 [refmet: cer(d18:0/22:0)],cer(d18:0/22:0),unclassified_no_refmet_match,-0.2545109,log2fc,0.20005086,1.0,benjamini_hochberg,within_female_stratum_pass1b06_plasma_8w_timewise_da_as_released,provided,not_selected,MoTrPAC_pass1b06_rat,motrpac_pass1b06_plasma_8w,motrpac_pass1b06_plasma_8w_trained_vs_sedentary_female,not_reported,female
hypoxanthine,hypoxanthine,Nucleic acids,0.25335544,log2fc,0.058840297,1.0,benjamini_hochberg,within_female_stratum_pass1b06_plasma_8w_timewise_da_as_released,provided,not_selected,MoTrPAC_pass1b06_rat,motrpac_pass1b06_plasma_8w,motrpac_pass1b06_plasma_8w_trained_vs_sedentary_female,not_reported,female
pc(o-32:0)_feature1 [refmet: pc(o-32:0)],pc(o-32:0),unclassified_no_refmet_match,-0.24966052,log2fc,0.14633554,1.0,benjamini_hochberg,within_female_stratum_pass1b06_plasma_8w_timewise_da_as_released,provided,not_selected,MoTrPAC_pass1b06_rat,motrpac_pass1b06_plasma_8w,motrpac_pass1b06_plasma_8w_trained_vs_sedentary_female,not_reported,female
pc(42:9)_feature1 [refmet: pc(42:9)_lp_a],pc(42:9)_lp_a,unclassified_no_refmet_match,-0.2493203,log2fc,0.36334077,1.0,benjamini_hochberg,within_female_stratum_pass1b06_plasma_8w_timewise_da_as_released,provided,not_selected,MoTrPAC_pass1b06_rat,motrpac_pass1b06_plasma_8w,motrpac_pass1b06_plasma_8w_trained_vs_sedentary_female,not_reported,female
fa(14:1) [refmet: myristoleic acid],myristoleic acid,Fatty Acyls,-0.24918975,log2fc,0.45843208,1.0,benjamini_hochberg,within_female_stratum_pass1b06_plasma_8w_timewise_da_as_released,provided,not_selected,MoTrPAC_pass1b06_rat,motrpac_pass1b06_plasma_8w,motrpac_pass1b06_plasma_8w_trained_vs_sedentary_female,not_reported,female
pe(o-38:7)>pe(o-16:1/22:6)_feature2 [refmet: pe(o-16:1/22:6)_lp_b],pe(o-16:1/22:6)_lp_b,unclassified_no_refmet_match,-0.24911527,log2fc,0.1654885,1.0,benjamini_hochberg,within_female_stratum_pass1b06_plasma_8w_timewise_da_as_released,provided,not_selected,MoTrPAC_pass1b06_rat,motrpac_pass1b06_plasma_8w,motrpac_pass1b06_plasma_8w_trained_vs_sedentary_female,not_reported,female
car(12:0)_feature1 [refmet: car(12:0)_lp_a],car(12:0)_lp_a,unclassified_no_refmet_match,-0.24883753,log2fc,0.33876416,1.0,benjamini_hochberg,within_female_stratum_pass1b06_plasma_8w_timewise_da_as_released,provided,not_selected,MoTrPAC_pass1b06_rat,motrpac_pass1b06_plasma_8w,motrpac_pass1b06_plasma_8w_trained_vs_sedentary_female,not_reported,female
pe(o-38:5)>pe(o-16:1/22:4)_feature5 [refmet: pe(o-16:1/22:4)_ln_e],pe(o-16:1/22:4)_ln_e,unclassified_no_refmet_match,-0.24868202,log2fc,0.30402967,1.0,benjamini_hochberg,within_female_stratum_pass1b06_plasma_8w_timewise_da_as_released,provided,not_selected,MoTrPAC_pass1b06_rat,motrpac_pass1b06_plasma_8w,motrpac_pass1b06_plasma_8w_trained_vs_sedentary_female,not_reported,female
pc(40:4)_feature3 [refmet: pc(40:4)_lp_c],pc(40:4)_lp_c,unclassified_no_refmet_match,-0.24794894,log2fc,0.053240452,1.0,benjamini_hochberg,within_female_stratum_pass1b06_plasma_8w_timewise_da_as_released,provided,not_selected,MoTrPAC_pass1b06_rat,motrpac_pass1b06_plasma_8w,motrpac_pass1b06_plasma_8w_trained_vs_sedentary_female,not_reported,female
ce(18:3)_m+nh3_feature1 [refmet: ce(18:3)],ce(18:3),unclassified_no_refmet_match,0.24771962,log2fc,0.15537563,1.0,benjamini_hochberg,within_female_stratum_pass1b06_plasma_8w_timewise_da_as_released,provided,not_selected,MoTrPAC_pass1b06_rat,motrpac_pass1b06_plasma_8w,motrpac_pass1b06_plasma_8w_trained_vs_sedentary_female,not_reported,female
pc(38:6)>pc(16:0_22:6)_and_pc(18:0_20:6)_m+h2co2_feature2 [refmet: pc(38:6)_ln_b],pc(38:6)_ln_b,unclassified_no_refmet_match,-0.2459281,log2fc,0.0069457176,1.0,benjamini_hochberg,within_female_stratum_pass1b06_plasma_8w_timewise_da_as_released,provided,not_selected,MoTrPAC_pass1b06_rat,motrpac_pass1b06_plasma_8w,motrpac_pass1b06_plasma_8w_trained_vs_sedentary_female,not_reported,female
13-hode,13-hode,Fatty Acyls,0.24527873,log2fc,0.8256283,1.0,benjamini_hochberg,within_female_stratum_pass1b06_plasma_8w_timewise_da_as_released,provided,not_selected,MoTrPAC_pass1b06_rat,motrpac_pass1b06_plasma_8w,motrpac_pass1b06_plasma_8w_trained_vs_sedentary_female,not_reported,female
2-piperidinone,2-piperidinone,Organoheterocyclic compounds,-0.24483417,log2fc,0.30458182,1.0,benjamini_hochberg,within_female_stratum_pass1b06_plasma_8w_timewise_da_as_released,provided,not_selected,MoTrPAC_pass1b06_rat,motrpac_pass1b06_plasma_8w,motrpac_pass1b06_plasma_8w_trained_vs_sedentary_female,not_reported,female
pc(40:7)>pc(18:1_22:6)_m+h2co2_feature3 [refmet: pc(18:1_22:6)_ln_c],pc(18:1_22:6)_ln_c,unclassified_no_refmet_match,-0.24460278,log2fc,0.021139488,1.0,benjamini_hochberg,within_female_stratum_pass1b06_plasma_8w_timewise_da_as_released,provided,not_selected,MoTrPAC_pass1b06_rat,motrpac_pass1b06_plasma_8w,motrpac_pass1b06_plasma_8w_trained_vs_sedentary_female,not_reported,female
pc(o-36:5)>pc(o-16:1/20:4)_m+h2co2_feature5 [refmet: pc(o-36:5)_ln_e],pc(o-36:5)_ln_e,unclassified_no_refmet_match,-0.2441699,log2fc,0.053158816,1.0,benjamini_hochberg,within_female_stratum_pass1b06_plasma_8w_timewise_da_as_released,provided,not_selected,MoTrPAC_pass1b06_rat,motrpac_pass1b06_plasma_8w,motrpac_pass1b06_plasma_8w_trained_vs_sedentary_female,not_reported,female
pc(36:5)>pc(16:1_20:4)_m+h2co2_feature2 [refmet: pc(16:1_20:4)_ln_b],pc(16:1_20:4)_ln_b,unclassified_no_refmet_match,-0.24401793,log2fc,0.3064977,1.0,benjamini_hochberg,within_female_stratum_pass1b06_plasma_8w_timewise_da_as_released,provided,not_selected,MoTrPAC_pass1b06_rat,motrpac_pass1b06_plasma_8w,motrpac_pass1b06_plasma_8w_trained_vs_sedentary_female,not_reported,female
sm(d42:1)_m+h2co2_feature1 [refmet: sm(d42:1)_ln_a],sm(d42:1)_ln_a,unclassified_no_refmet_match,-0.24386774,log2fc,0.032570474,1.0,benjamini_hochberg,within_female_stratum_pass1b06_plasma_8w_timewise_da_as_released,provided,not_selected,MoTrPAC_pass1b06_rat,motrpac_pass1b06_plasma_8w,motrpac_pass1b06_plasma_8w_trained_vs_sedentary_female,not_reported,female
tg(53:5)>tg(17:1_18:2_18:2)_m+nh3_feature2 [refmet: tg(17:1_18:2_18:2)_lp_b],tg(17:1_18:2_18:2)_lp_b,unclassified_no_refmet_match,0.24337696,log2fc,0.16976818,1.0,benjamini_hochberg,within_female_stratum_pass1b06_plasma_8w_timewise_da_as_released,provided,not_selected,MoTrPAC_pass1b06_rat,motrpac_pass1b06_plasma_8w,motrpac_pass1b06_plasma_8w_trained_vs_sedentary_female,not_reported,female
cer(d42:2)_feature1 [refmet: cer(d42:2)_ln_a],cer(d42:2)_ln_a,unclassified_no_refmet_match,-0.24318846,log2fc,0.121841304,1.0,benjamini_hochberg,within_female_stratum_pass1b06_plasma_8w_timewise_da_as_released,provided,not_selected,MoTrPAC_pass1b06_rat,motrpac_pass1b06_plasma_8w,motrpac_pass1b06_plasma_8w_trained_vs_sedentary_female,not_reported,female
pc(o-40:7)_feature3 [refmet: pc(o-40:7)_lp_c],pc(o-40:7)_lp_c,unclassified_no_refmet_match,-0.24303241,log2fc,0.35534227,1.0,benjamini_hochberg,within_female_stratum_pass1b06_plasma_8w_timewise_da_as_released,provided,not_selected,MoTrPAC_pass1b06_rat,motrpac_pass1b06_plasma_8w,motrpac_pass1b06_plasma_8w_trained_vs_sedentary_female,not_reported,female
tg(53:3)>tg(17:0_18:1_18:2)_and_tg(17:1_18:1_18:1)_and_tg(16:1_18:1_19:1)_and_tg(16:0_18:1_19:2)_m+nh3_feature5 [refmet: tg(53:3)_lp_e],tg(53:3)_lp_e,unclassified_no_refmet_match,0.24262328,log2fc,0.21724075,1.0,benjamini_hochberg,within_female_stratum_pass1b06_plasma_8w_timewise_da_as_released,provided,not_selected,MoTrPAC_pass1b06_rat,motrpac_pass1b06_plasma_8w,motrpac_pass1b06_plasma_8w_trained_vs_sedentary_female,not_reported,female
pc(32:2) [source metabolite label NA],pc(32:2),unclassified_no_refmet_match,0.24197036,log2fc,0.069815814,1.0,benjamini_hochberg,within_female_stratum_pass1b06_plasma_8w_timewise_da_as_released,provided,not_selected,MoTrPAC_pass1b06_rat,motrpac_pass1b06_plasma_8w,motrpac_pass1b06_plasma_8w_trained_vs_sedentary_female,not_reported,female
pc(35:3),pc(35:3),unclassified_no_refmet_match,0.24184991,log2fc,0.32157582,1.0,benjamini_hochberg,within_female_stratum_pass1b06_plasma_8w_timewise_da_as_released,provided,not_selected,MoTrPAC_pass1b06_rat,motrpac_pass1b06_plasma_8w,motrpac_pass1b06_plasma_8w_trained_vs_sedentary_female,not_reported,female
pe(o-40:5)>pe(o-18:1/22:4)_feature4 [refmet: pe(o-18:1/22:4)_lp_d],pe(o-18:1/22:4)_lp_d,unclassified_no_refmet_match,-0.2394975,log2fc,0.38939983,1.0,benjamini_hochberg,within_female_stratum_pass1b06_plasma_8w_timewise_da_as_released,provided,not_selected,MoTrPAC_pass1b06_rat,motrpac_pass1b06_plasma_8w,motrpac_pass1b06_plasma_8w_trained_vs_sedentary_female,not_reported,female
lpc(14:0) [source metabolite label NA],lpc(14:0),unclassified_no_refmet_match,0.23914734,log2fc,0.025850387,1.0,benjamini_hochberg,within_female_stratum_pass1b06_plasma_8w_timewise_da_as_released,provided,not_selected,MoTrPAC_pass1b06_rat,motrpac_pass1b06_plasma_8w,motrpac_pass1b06_plasma_8w_trained_vs_sedentary_female,not_reported,female
benzylbutylphthalate [refmet: benzyl butyl phthalate],benzyl butyl phthalate,Benzenoids,0.23895206,log2fc,0.24217463,1.0,benjamini_hochberg,within_female_stratum_pass1b06_plasma_8w_timewise_da_as_released,provided,not_selected,MoTrPAC_pass1b06_rat,motrpac_pass1b06_plasma_8w,motrpac_pass1b06_plasma_8w_trained_vs_sedentary_female,not_reported,female
pc(43:4)_feature1 [refmet: pc(43:4)],pc(43:4),unclassified_no_refmet_match,-0.23888466,log2fc,0.275944,1.0,benjamini_hochberg,within_female_stratum_pass1b06_plasma_8w_timewise_da_as_released,provided,not_selected,MoTrPAC_pass1b06_rat,motrpac_pass1b06_plasma_8w,motrpac_pass1b06_plasma_8w_trained_vs_sedentary_female,not_reported,female
uric acid [source metabolite label NA],uric acid,Nucleic acids,0.23879556,log2fc,0.06329975,1.0,benjamini_hochberg,within_female_stratum_pass1b06_plasma_8w_timewise_da_as_released,provided,not_selected,MoTrPAC_pass1b06_rat,motrpac_pass1b06_plasma_8w,motrpac_pass1b06_plasma_8w_trained_vs_sedentary_female,not_reported,female
9-hotre,9-hotre,Fatty Acyls,0.23856412,log2fc,0.82358867,1.0,benjamini_hochberg,within_female_stratum_pass1b06_plasma_8w_timewise_da_as_released,provided,not_selected,MoTrPAC_pass1b06_rat,motrpac_pass1b06_plasma_8w,motrpac_pass1b06_plasma_8w_trained_vs_sedentary_female,not_reported,female
pc(37:3)_feature1 [refmet: pc(37:3)_lp_a],pc(37:3)_lp_a,unclassified_no_refmet_match,0.23843539,log2fc,0.09610569,1.0,benjamini_hochberg,within_female_stratum_pass1b06_plasma_8w_timewise_da_as_released,provided,not_selected,MoTrPAC_pass1b06_rat,motrpac_pass1b06_plasma_8w,motrpac_pass1b06_plasma_8w_trained_vs_sedentary_female,not_reported,female
pc(36:3)>pc(16:0_20:3)_m+h2co2_feature5 [refmet: pc(16:0_20:3)_ln_e],pc(16:0_20:3)_ln_e,unclassified_no_refmet_match,0.23843303,log2fc,0.06840019,1.0,benjamini_hochberg,within_female_stratum_pass1b06_plasma_8w_timewise_da_as_released,provided,not_selected,MoTrPAC_pass1b06_rat,motrpac_pass1b06_plasma_8w,motrpac_pass1b06_plasma_8w_trained_vs_sedentary_female,not_reported,female
pe(34:2)>pe(16:0_18:2)_feature2 [refmet: pe(16:0_18:2)_ln_b],pe(16:0_18:2)_ln_b,unclassified_no_refmet_match,-0.23817892,log2fc,0.25848824,1.0,benjamini_hochberg,within_female_stratum_pass1b06_plasma_8w_timewise_da_as_released,provided,not_selected,MoTrPAC_pass1b06_rat,motrpac_pass1b06_plasma_8w,motrpac_pass1b06_plasma_8w_trained_vs_sedentary_female,not_reported,female
pc(35:0)_feature3 [refmet: pc(35:0)_lp_c],pc(35:0)_lp_c,unclassified_no_refmet_match,-0.23703036,log2fc,0.14726703,1.0,benjamini_hochberg,within_female_stratum_pass1b06_plasma_8w_timewise_da_as_released,provided,not_selected,MoTrPAC_pass1b06_rat,motrpac_pass1b06_plasma_8w,motrpac_pass1b06_plasma_8w_trained_vs_sedentary_female,not_reported,female
pe(o-38:4)_feature4 [refmet: pe(o-38:4)_lp_d],pe(o-38:4)_lp_d,unclassified_no_refmet_match,-0.2367951,log2fc,0.40237612,1.0,benjamini_hochberg,within_female_stratum_pass1b06_plasma_8w_timewise_da_as_released,provided,not_selected,MoTrPAC_pass1b06_rat,motrpac_pass1b06_plasma_8w,motrpac_pass1b06_plasma_8w_trained_vs_sedentary_female,not_reported,female
hexcer(d42:2)>hexcer(d18:1/24:1)_feature3 [refmet: hexcer(d42:2)_lp_c],hexcer(d42:2)_lp_c,unclassified_no_refmet_match,-0.23637174,log2fc,0.28124526,1.0,benjamini_hochberg,within_female_stratum_pass1b06_plasma_8w_timewise_da_as_released,provided,not_selected,MoTrPAC_pass1b06_rat,motrpac_pass1b06_plasma_8w,motrpac_pass1b06_plasma_8w_trained_vs_sedentary_female,not_reported,female
fa(12:0-oh) [refmet: hydroxydodecanoic acid],hydroxydodecanoic acid,Fatty Acyls,-0.23614453,log2fc,0.56047165,1.0,benjamini_hochberg,within_female_stratum_pass1b06_plasma_8w_timewise_da_as_released,provided,not_selected,MoTrPAC_pass1b06_rat,motrpac_pass1b06_plasma_8w,motrpac_pass1b06_plasma_8w_trained_vs_sedentary_female,not_reported,female
pc(39:3)_feature1 [refmet: pc(39:3)_lp_a],pc(39:3)_lp_a,unclassified_no_refmet_match,0.23592818,log2fc,0.08478895,1.0,benjamini_hochberg,within_female_stratum_pass1b06_plasma_8w_timewise_da_as_released,provided,not_selected,MoTrPAC_pass1b06_rat,motrpac_pass1b06_plasma_8w,motrpac_pass1b06_plasma_8w_trained_vs_sedentary_female,not_reported,female
c36:2 pe [refmet: pe(36:2)],pe(36:2),unclassified_no_refmet_match,0.23559886,log2fc,0.38387975,1.0,benjamini_hochberg,within_female_stratum_pass1b06_plasma_8w_timewise_da_as_released,provided,not_selected,MoTrPAC_pass1b06_rat,motrpac_pass1b06_plasma_8w,motrpac_pass1b06_plasma_8w_trained_vs_sedentary_female,not_reported,female
pc(35:2),pc(35:2),unclassified_no_refmet_match,0.23519693,log2fc,0.1763618,1.0,benjamini_hochberg,within_female_stratum_pass1b06_plasma_8w_timewise_da_as_released,provided,not_selected,MoTrPAC_pass1b06_rat,motrpac_pass1b06_plasma_8w,motrpac_pass1b06_plasma_8w_trained_vs_sedentary_female,not_reported,female
pc(40:6)>pc(18:0_22:6)_m+h2co2_feature3 [refmet: pc(18:0_22:6)_ln_c],pc(18:0_22:6)_ln_c,unclassified_no_refmet_match,-0.23424542,log2fc,0.025096923,1.0,benjamini_hochberg,within_female_stratum_pass1b06_plasma_8w_timewise_da_as_released,provided,not_selected,MoTrPAC_pass1b06_rat,motrpac_pass1b06_plasma_8w,motrpac_pass1b06_plasma_8w_trained_vs_sedentary_female,not_reported,female
pc(40:5)>pc(18:0_22:5)_m+h2co2_feature4 [refmet: pc(18:0_22:5)_ln_d],pc(18:0_22:5)_ln_d,unclassified_no_refmet_match,-0.23399757,log2fc,0.11106757,1.0,benjamini_hochberg,within_female_stratum_pass1b06_plasma_8w_timewise_da_as_released,provided,not_selected,MoTrPAC_pass1b06_rat,motrpac_pass1b06_plasma_8w,motrpac_pass1b06_plasma_8w_trained_vs_sedentary_female,not_reported,female
choline [source metabolite label NA],choline,Organic nitrogen compounds,0.23394531,log2fc,0.014677777,1.0,benjamini_hochberg,within_female_stratum_pass1b06_plasma_8w_timewise_da_as_released,provided,not_selected,MoTrPAC_pass1b06_rat,motrpac_pass1b06_plasma_8w,motrpac_pass1b06_plasma_8w_trained_vs_sedentary_female,not_reported,female
sm(d33:1)_feature1 [refmet: sm(d33:1)],sm(d33:1),unclassified_no_refmet_match,-0.23389246,log2fc,0.09021714,1.0,benjamini_hochberg,within_female_stratum_pass1b06_plasma_8w_timewise_da_as_released,provided,not_selected,MoTrPAC_pass1b06_rat,motrpac_pass1b06_plasma_8w,motrpac_pass1b06_plasma_8w_trained_vs_sedentary_female,not_reported,female
pc(42:5)_feature6 [refmet: pc(42:5)_lp_f],pc(42:5)_lp_f,unclassified_no_refmet_match,-0.23367606,log2fc,0.11577115,1.0,benjamini_hochberg,within_female_stratum_pass1b06_plasma_8w_timewise_da_as_released,provided,not_selected,MoTrPAC_pass1b06_rat,motrpac_pass1b06_plasma_8w,motrpac_pass1b06_plasma_8w_trained_vs_sedentary_female,not_reported,female
car(4:0) [source metabolite label NA],car(4:0),unclassified_no_refmet_match,0.23344536,log2fc,0.25340754,1.0,benjamini_hochberg,within_female_stratum_pass1b06_plasma_8w_timewise_da_as_released,provided,not_selected,MoTrPAC_pass1b06_rat,motrpac_pass1b06_plasma_8w,motrpac_pass1b06_plasma_8w_trained_vs_sedentary_female,not_reported,female
tg(58:6)_m+nh3_feature4 [refmet: tg(58:6)_lp_d],tg(58:6)_lp_d,unclassified_no_refmet_match,0.2331538,log2fc,0.24951814,1.0,benjamini_hochberg,within_female_stratum_pass1b06_plasma_8w_timewise_da_as_released,provided,not_selected,MoTrPAC_pass1b06_rat,motrpac_pass1b06_plasma_8w,motrpac_pass1b06_plasma_8w_trained_vs_sedentary_female,not_reported,female
pc(32:1),pc(32:1),unclassified_no_refmet_match,0.23264022,log2fc,0.36215627,1.0,benjamini_hochberg,within_female_stratum_pass1b06_plasma_8w_timewise_da_as_released,provided,not_selected,MoTrPAC_pass1b06_rat,motrpac_pass1b06_plasma_8w,motrpac_pass1b06_plasma_8w_trained_vs_sedentary_female,not_reported,female
tg(56:6)>tg(18:1_18:1_20:4)_and_tg(16:0_18:1_22:5)_and_tg(18:1_18:2_20:3)_m+nh3_feature2 [refmet: tg(56:6)_lp_b],tg(56:6)_lp_b,unclassified_no_refmet_match,0.23197345,log2fc,0.4197878,1.0,benjamini_hochberg,within_female_stratum_pass1b06_plasma_8w_timewise_da_as_released,provided,not_selected,MoTrPAC_pass1b06_rat,motrpac_pass1b06_plasma_8w,motrpac_pass1b06_plasma_8w_trained_vs_sedentary_female,not_reported,female
tg(55:5)>tg(18:2_18:2_19:1)_and_tg(18:1_18:2_19:2)_m+nh3_feature3 [refmet: tg(55:5)_lp_c],tg(55:5)_lp_c,unclassified_no_refmet_match,0.23166627,log2fc,0.09229428,1.0,benjamini_hochberg,within_female_stratum_pass1b06_plasma_8w_timewise_da_as_released,provided,not_selected,MoTrPAC_pass1b06_rat,motrpac_pass1b06_plasma_8w,motrpac_pass1b06_plasma_8w_trained_vs_sedentary_female,not_reported,female
fa(12:1) [refmet: dodecenoic acid],dodecenoic acid,Fatty Acyls,0.23125225,log2fc,0.44785196,1.0,benjamini_hochberg,within_female_stratum_pass1b06_plasma_8w_timewise_da_as_released,provided,not_selected,MoTrPAC_pass1b06_rat,motrpac_pass1b06_plasma_8w,motrpac_pass1b06_plasma_8w_trained_vs_sedentary_female,not_reported,female
pc(36:3),pc(36:3),unclassified_no_refmet_match,0.23024042,log2fc,0.11344655,1.0,benjamini_hochberg,within_female_stratum_pass1b06_plasma_8w_timewise_da_as_released,provided,not_selected,MoTrPAC_pass1b06_rat,motrpac_pass1b06_plasma_8w,motrpac_pass1b06_plasma_8w_trained_vs_sedentary_female,not_reported,female
dg(34:1)>dg(16:0_18:1_0:0)_feature2 [refmet: dg(16:0_18:1)_lp_b],dg(16:0_18:1)_lp_b,unclassified_no_refmet_match,0.23001099,log2fc,0.13914242,1.0,benjamini_hochberg,within_female_stratum_pass1b06_plasma_8w_timewise_da_as_released,provided,not_selected,MoTrPAC_pass1b06_rat,motrpac_pass1b06_plasma_8w,motrpac_pass1b06_plasma_8w_trained_vs_sedentary_female,not_reported,female
car(18:0-oh)_feature1 [refmet: car(18:0(oh))],car(18:0(oh)),unclassified_no_refmet_match,-0.22989666,log2fc,0.46626785,1.0,benjamini_hochberg,within_female_stratum_pass1b06_plasma_8w_timewise_da_as_released,provided,not_selected,MoTrPAC_pass1b06_rat,motrpac_pass1b06_plasma_8w,motrpac_pass1b06_plasma_8w_trained_vs_sedentary_female,not_reported,female
pe(o-40:7)>pe(o-18:1/22:6)_and_pe(o-22:7/18:0)_feature6 [refmet: pe(o-40:7)_ln_f],pe(o-40:7)_ln_f,unclassified_no_refmet_match,-0.2286458,log2fc,0.053862493,1.0,benjamini_hochberg,within_female_stratum_pass1b06_plasma_8w_timewise_da_as_released,provided,not_selected,MoTrPAC_pass1b06_rat,motrpac_pass1b06_plasma_8w,motrpac_pass1b06_plasma_8w_trained_vs_sedentary_female,not_reported,female
cer(d42:2)>cer(d18:2/24:0)_feature4 [refmet: cer(d18:2/24:0)_lp_d],cer(d18:2/24:0)_lp_d,unclassified_no_refmet_match,0.22759688,log2fc,0.14049809,1.0,benjamini_hochberg,within_female_stratum_pass1b06_plasma_8w_timewise_da_as_released,provided,not_selected,MoTrPAC_pass1b06_rat,motrpac_pass1b06_plasma_8w,motrpac_pass1b06_plasma_8w_trained_vs_sedentary_female,not_reported,female
sm(d34:2) [source metabolite label NA],sm(d34:2),unclassified_no_refmet_match,-0.22748141,log2fc,0.008092324,1.0,benjamini_hochberg,within_female_stratum_pass1b06_plasma_8w_timewise_da_as_released,provided,not_selected,MoTrPAC_pass1b06_rat,motrpac_pass1b06_plasma_8w,motrpac_pass1b06_plasma_8w_trained_vs_sedentary_female,not_reported,female
pc(o-38:4)_feature6 [refmet: pc(o-38:4)_lp_f],pc(o-38:4)_lp_f,unclassified_no_refmet_match,-0.22662719,log2fc,0.14846548,1.0,benjamini_hochberg,within_female_stratum_pass1b06_plasma_8w_timewise_da_as_released,provided,not_selected,MoTrPAC_pass1b06_rat,motrpac_pass1b06_plasma_8w,motrpac_pass1b06_plasma_8w_trained_vs_sedentary_female,not_reported,female
car(20:2)_feature1 [refmet: car(20:2)_lp_a],car(20:2)_lp_a,unclassified_no_refmet_match,-0.22597463,log2fc,0.32003006,1.0,benjamini_hochberg,within_female_stratum_pass1b06_plasma_8w_timewise_da_as_released,provided,not_selected,MoTrPAC_pass1b06_rat,motrpac_pass1b06_plasma_8w,motrpac_pass1b06_plasma_8w_trained_vs_sedentary_female,not_reported,female
serotonin [source metabolite label NA],serotonin,Alkaloids,-0.22597353,log2fc,0.75847954,1.0,benjamini_hochberg,within_female_stratum_pass1b06_plasma_8w_timewise_da_as_released,provided,not_selected,MoTrPAC_pass1b06_rat,motrpac_pass1b06_plasma_8w,motrpac_pass1b06_plasma_8w_trained_vs_sedentary_female,not_reported,female
c20:1 lpc [refmet: lpc(20:1)],lpc(20:1),unclassified_no_refmet_match,0.22558968,log2fc,0.05399952,1.0,benjamini_hochberg,within_female_stratum_pass1b06_plasma_8w_timewise_da_as_released,provided,not_selected,MoTrPAC_pass1b06_rat,motrpac_pass1b06_plasma_8w,motrpac_pass1b06_plasma_8w_trained_vs_sedentary_female,not_reported,female
pc(o-34:1)_feature2 [refmet: pc(o-34:1)_lp_b],pc(o-34:1)_lp_b,unclassified_no_refmet_match,-0.22547553,log2fc,0.1525809,1.0,benjamini_hochberg,within_female_stratum_pass1b06_plasma_8w_timewise_da_as_released,provided,not_selected,MoTrPAC_pass1b06_rat,motrpac_pass1b06_plasma_8w,motrpac_pass1b06_plasma_8w_trained_vs_sedentary_female,not_reported,female
sphinganine (c16) [refmet: c16 sphinganine],c16 sphinganine,Sphingolipids,0.2251927,log2fc,0.21763554,1.0,benjamini_hochberg,within_female_stratum_pass1b06_plasma_8w_timewise_da_as_released,provided,not_selected,MoTrPAC_pass1b06_rat,motrpac_pass1b06_plasma_8w,motrpac_pass1b06_plasma_8w_trained_vs_sedentary_female,not_reported,female
niacinamide [source metabolite label NA],niacinamide,Alkaloids,-0.22490177,log2fc,0.0189278,1.0,benjamini_hochberg,within_female_stratum_pass1b06_plasma_8w_timewise_da_as_released,provided,not_selected,MoTrPAC_pass1b06_rat,motrpac_pass1b06_plasma_8w,motrpac_pass1b06_plasma_8w_trained_vs_sedentary_female,not_reported,female
glutamine,glutamine,Organic acids,-0.22366814,log2fc,0.0055114576,1.0,benjamini_hochberg,within_female_stratum_pass1b06_plasma_8w_timewise_da_as_released,provided,not_selected,MoTrPAC_pass1b06_rat,motrpac_pass1b06_plasma_8w,motrpac_pass1b06_plasma_8w_trained_vs_sedentary_female,not_reported,female
pc(o-40:6)_feature4 [refmet: pc(o-40:6)_lp_d],pc(o-40:6)_lp_d,unclassified_no_refmet_match,-0.22341438,log2fc,0.1403235,1.0,benjamini_hochberg,within_female_stratum_pass1b06_plasma_8w_timewise_da_as_released,provided,not_selected,MoTrPAC_pass1b06_rat,motrpac_pass1b06_plasma_8w,motrpac_pass1b06_plasma_8w_trained_vs_sedentary_female,not_reported,female
pc(36:5)_feature3 [refmet: pc(36:5)_lp_c],pc(36:5)_lp_c,unclassified_no_refmet_match,0.2231145,log2fc,0.2997888,1.0,benjamini_hochberg,within_female_stratum_pass1b06_plasma_8w_timewise_da_as_released,provided,not_selected,MoTrPAC_pass1b06_rat,motrpac_pass1b06_plasma_8w,motrpac_pass1b06_plasma_8w_trained_vs_sedentary_female,not_reported,female
dg(40:7)>dg(18:1_22:6_0:0)_m+nh3_feature3 [refmet: dg(18:1_22:6)_lp_c],dg(18:1_22:6)_lp_c,unclassified_no_refmet_match,0.22293587,log2fc,0.1592763,1.0,benjamini_hochberg,within_female_stratum_pass1b06_plasma_8w_timewise_da_as_released,provided,not_selected,MoTrPAC_pass1b06_rat,motrpac_pass1b06_plasma_8w,motrpac_pass1b06_plasma_8w_trained_vs_sedentary_female,not_reported,female
pe(40:6)>pe(18:0_22:6)_feature2 [refmet: pe(18:0_22:6)_ln_b],pe(18:0_22:6)_ln_b,unclassified_no_refmet_match,-0.22202243,log2fc,0.13573812,1.0,benjamini_hochberg,within_female_stratum_pass1b06_plasma_8w_timewise_da_as_released,provided,not_selected,MoTrPAC_pass1b06_rat,motrpac_pass1b06_plasma_8w,motrpac_pass1b06_plasma_8w_trained_vs_sedentary_female,not_reported,female
beta-guanidinopropionate [refmet: 3-guanidinopropanoic acid],3-guanidinopropanoic acid,Organic nitrogen compounds,-0.22174355,log2fc,0.113516964,1.0,benjamini_hochberg,within_female_stratum_pass1b06_plasma_8w_timewise_da_as_released,provided,not_selected,MoTrPAC_pass1b06_rat,motrpac_pass1b06_plasma_8w,motrpac_pass1b06_plasma_8w_trained_vs_sedentary_female,not_reported,female
sm(d36:2) [source metabolite label NA],sm(d36:2),unclassified_no_refmet_match,-0.22165467,log2fc,0.05913235,1.0,benjamini_hochberg,within_female_stratum_pass1b06_plasma_8w_timewise_da_as_released,provided,not_selected,MoTrPAC_pass1b06_rat,motrpac_pass1b06_plasma_8w,motrpac_pass1b06_plasma_8w_trained_vs_sedentary_female,not_reported,female
tg(58:4)_m+nh3_feature2 [refmet: tg(58:4)_lp_b],tg(58:4)_lp_b,unclassified_no_refmet_match,0.22109781,log2fc,0.47506827,1.0,benjamini_hochberg,within_female_stratum_pass1b06_plasma_8w_timewise_da_as_released,provided,not_selected,MoTrPAC_pass1b06_rat,motrpac_pass1b06_plasma_8w,motrpac_pass1b06_plasma_8w_trained_vs_sedentary_female,not_reported,female
pe(o-38:5)>pe(o-18:1/20:4)_feature6 [refmet: pe(o-18:1/20:4)_ln_f],pe(o-18:1/20:4)_ln_f,unclassified_no_refmet_match,-0.22101496,log2fc,0.3309579,1.0,benjamini_hochberg,within_female_stratum_pass1b06_plasma_8w_timewise_da_as_released,provided,not_selected,MoTrPAC_pass1b06_rat,motrpac_pass1b06_plasma_8w,motrpac_pass1b06_plasma_8w_trained_vs_sedentary_female,not_reported,female
n-gammaglutamylmethionine [refmet: gamma-glutamylmethionine],gamma-glutamylmethionine,Organic acids,0.22074668,log2fc,0.1796969,1.0,benjamini_hochberg,within_female_stratum_pass1b06_plasma_8w_timewise_da_as_released,provided,not_selected,MoTrPAC_pass1b06_rat,motrpac_pass1b06_plasma_8w,motrpac_pass1b06_plasma_8w_trained_vs_sedentary_female,not_reported,female
imidazole propionate [refmet: imidazolepropionic acid],imidazolepropionic acid,Alkaloids,-0.22068131,log2fc,0.5495981,1.0,benjamini_hochberg,within_female_stratum_pass1b06_plasma_8w_timewise_da_as_released,provided,not_selected,MoTrPAC_pass1b06_rat,motrpac_pass1b06_plasma_8w,motrpac_pass1b06_plasma_8w_trained_vs_sedentary_female,not_reported,female
methyl-histidine_feature1 [refmet: n-methylhistidine],n-methylhistidine,Organic acids,-0.22054647,log2fc,0.439944,1.0,benjamini_hochberg,within_female_stratum_pass1b06_plasma_8w_timewise_da_as_released,provided,not_selected,MoTrPAC_pass1b06_rat,motrpac_pass1b06_plasma_8w,motrpac_pass1b06_plasma_8w_trained_vs_sedentary_female,not_reported,female
car(10:0) [source metabolite label NA],car(10:0),unclassified_no_refmet_match,-0.22050406,log2fc,0.070323825,1.0,benjamini_hochberg,within_female_stratum_pass1b06_plasma_8w_timewise_da_as_released,provided,not_selected,MoTrPAC_pass1b06_rat,motrpac_pass1b06_plasma_8w,motrpac_pass1b06_plasma_8w_trained_vs_sedentary_female,not_reported,female
tg(58:11)_m+nh3_feature1 [refmet: tg(58:11)_lp_a],tg(58:11)_lp_a,unclassified_no_refmet_match,0.22013943,log2fc,0.3601298,1.0,benjamini_hochberg,within_female_stratum_pass1b06_plasma_8w_timewise_da_as_released,provided,not_selected,MoTrPAC_pass1b06_rat,motrpac_pass1b06_plasma_8w,motrpac_pass1b06_plasma_8w_trained_vs_sedentary_female,not_reported,female
tg(56:8)>tg(18:2_18:2_20:4)_m+nh3_feature1 [refmet: tg(18:2_18:2_20:4)_lp_a],tg(18:2_18:2_20:4)_lp_a,unclassified_no_refmet_match,0.21996404,log2fc,0.3598761,1.0,benjamini_hochberg,within_female_stratum_pass1b06_plasma_8w_timewise_da_as_released,provided,not_selected,MoTrPAC_pass1b06_rat,motrpac_pass1b06_plasma_8w,motrpac_pass1b06_plasma_8w_trained_vs_sedentary_female,not_reported,female
sm(d41:2)_feature1 [refmet: sm(d41:2)_lp_a],sm(d41:2)_lp_a,unclassified_no_refmet_match,-0.21903737,log2fc,0.18526164,1.0,benjamini_hochberg,within_female_stratum_pass1b06_plasma_8w_timewise_da_as_released,provided,not_selected,MoTrPAC_pass1b06_rat,motrpac_pass1b06_plasma_8w,motrpac_pass1b06_plasma_8w_trained_vs_sedentary_female,not_reported,female
pc(o-38:7)_feature1 [refmet: pc(o-38:7)_lp_a],pc(o-38:7)_lp_a,unclassified_no_refmet_match,0.21899657,log2fc,0.22570807,1.0,benjamini_hochberg,within_female_stratum_pass1b06_plasma_8w_timewise_da_as_released,provided,not_selected,MoTrPAC_pass1b06_rat,motrpac_pass1b06_plasma_8w,motrpac_pass1b06_plasma_8w_trained_vs_sedentary_female,not_reported,female
pe(38:4)>pe(18:0_20:4)_feature5 [refmet: pe(18:0_20:4)_lp_e],pe(18:0_20:4)_lp_e,unclassified_no_refmet_match,-0.21897602,log2fc,0.25307342,1.0,benjamini_hochberg,within_female_stratum_pass1b06_plasma_8w_timewise_da_as_released,provided,not_selected,MoTrPAC_pass1b06_rat,motrpac_pass1b06_plasma_8w,motrpac_pass1b06_plasma_8w_trained_vs_sedentary_female,not_reported,female
sm(d38:1)_m+h2co2_feature2 [refmet: sm(d38:1)_ln_b],sm(d38:1)_ln_b,unclassified_no_refmet_match,-0.21860923,log2fc,0.09927645,1.0,benjamini_hochberg,within_female_stratum_pass1b06_plasma_8w_timewise_da_as_released,provided,not_selected,MoTrPAC_pass1b06_rat,motrpac_pass1b06_plasma_8w,motrpac_pass1b06_plasma_8w_trained_vs_sedentary_female,not_reported,female
dg(36:3)>dg(18:1_18:2_0:0)_feature3 [refmet: dg(18:1_18:2)_lp_c],dg(18:1_18:2)_lp_c,unclassified_no_refmet_match,0.21727633,log2fc,0.16426182,1.0,benjamini_hochberg,within_female_stratum_pass1b06_plasma_8w_timewise_da_as_released,provided,not_selected,MoTrPAC_pass1b06_rat,motrpac_pass1b06_plasma_8w,motrpac_pass1b06_plasma_8w_trained_vs_sedentary_female,not_reported,female
lpc(15:0),lpc(15:0),unclassified_no_refmet_match,-0.21701197,log2fc,0.35366818,1.0,benjamini_hochberg,within_female_stratum_pass1b06_plasma_8w_timewise_da_as_released,provided,not_selected,MoTrPAC_pass1b06_rat,motrpac_pass1b06_plasma_8w,motrpac_pass1b06_plasma_8w_trained_vs_sedentary_female,not_reported,female
thyroxine,thyroxine,Organic acids,-0.21673496,log2fc,0.148655,1.0,benjamini_hochberg,within_female_stratum_pass1b06_plasma_8w_timewise_da_as_released,provided,not_selected,MoTrPAC_pass1b06_rat,motrpac_pass1b06_plasma_8w,motrpac_pass1b06_plasma_8w_trained_vs_sedentary_female,not_reported,female
tg(52:7)_m+nh3_feature2 [refmet: tg(52:7)_lp_b],tg(52:7)_lp_b,unclassified_no_refmet_match,0.21660559,log2fc,0.43417692,1.0,benjamini_hochberg,within_female_stratum_pass1b06_plasma_8w_timewise_da_as_released,provided,not_selected,MoTrPAC_pass1b06_rat,motrpac_pass1b06_plasma_8w,motrpac_pass1b06_plasma_8w_trained_vs_sedentary_female,not_reported,female
pc(33:2),pc(33:2),unclassified_no_refmet_match,0.21657793,log2fc,0.04224734,1.0,benjamini_hochberg,within_female_stratum_pass1b06_plasma_8w_timewise_da_as_released,provided,not_selected,MoTrPAC_pass1b06_rat,motrpac_pass1b06_plasma_8w,motrpac_pass1b06_plasma_8w_trained_vs_sedentary_female,not_reported,female
tg(49:2)_m+nh3_feature3 [refmet: tg(49:2)_lp_c],tg(49:2)_lp_c,unclassified_no_refmet_match,0.21613277,log2fc,0.42835534,1.0,benjamini_hochberg,within_female_stratum_pass1b06_plasma_8w_timewise_da_as_released,provided,not_selected,MoTrPAC_pass1b06_rat,motrpac_pass1b06_plasma_8w,motrpac_pass1b06_plasma_8w_trained_vs_sedentary_female,not_reported,female
pc(32:0)_feature1 [refmet: pc(32:0)_lp_a],pc(32:0)_lp_a,unclassified_no_refmet_match,0.21518709,log2fc,0.38317493,1.0,benjamini_hochberg,within_female_stratum_pass1b06_plasma_8w_timewise_da_as_released,provided,not_selected,MoTrPAC_pass1b06_rat,motrpac_pass1b06_plasma_8w,motrpac_pass1b06_plasma_8w_trained_vs_sedentary_female,not_reported,female
c34:3 pc plasmalogen [refmet: pc(p-34:2)/pc(o-34:3)],pc(p-34:2)/pc(o-34:3),unclassified_no_refmet_match,0.21476577,log2fc,0.14609277,1.0,benjamini_hochberg,within_female_stratum_pass1b06_plasma_8w_timewise_da_as_released,provided,not_selected,MoTrPAC_pass1b06_rat,motrpac_pass1b06_plasma_8w,motrpac_pass1b06_plasma_8w_trained_vs_sedentary_female,not_reported,female
allantoin,allantoin,Organoheterocyclic compounds,0.21387517,log2fc,0.014171113,1.0,benjamini_hochberg,within_female_stratum_pass1b06_plasma_8w_timewise_da_as_released,provided,not_selected,MoTrPAC_pass1b06_rat,motrpac_pass1b06_plasma_8w,motrpac_pass1b06_plasma_8w_trained_vs_sedentary_female,not_reported,female
vitamin a [refmet: retinol],retinol,Prenol Lipids,-0.21263263,log2fc,0.5915266,1.0,benjamini_hochberg,within_female_stratum_pass1b06_plasma_8w_timewise_da_as_released,provided,not_selected,MoTrPAC_pass1b06_rat,motrpac_pass1b06_plasma_8w,motrpac_pass1b06_plasma_8w_trained_vs_sedentary_female,not_reported,female
palmitoyl-ea,palmitoyl-ea,Fatty Acyls,-0.21224898,log2fc,0.5359258,1.0,benjamini_hochberg,within_female_stratum_pass1b06_plasma_8w_timewise_da_as_released,provided,not_selected,MoTrPAC_pass1b06_rat,motrpac_pass1b06_plasma_8w,motrpac_pass1b06_plasma_8w_trained_vs_sedentary_female,not_reported,female
c38:7 pc plasmalogen [refmet: pc(p-38:6)/pc(o-38:7)],pc(p-38:6)/pc(o-38:7),unclassified_no_refmet_match,-0.21169065,log2fc,0.016833276,1.0,benjamini_hochberg,within_female_stratum_pass1b06_plasma_8w_timewise_da_as_released,provided,not_selected,MoTrPAC_pass1b06_rat,motrpac_pass1b06_plasma_8w,motrpac_pass1b06_plasma_8w_trained_vs_sedentary_female,not_reported,female
pc(41:3)_feature1 [refmet: pc(41:3)],pc(41:3),unclassified_no_refmet_match,-0.2110598,log2fc,0.157471,1.0,benjamini_hochberg,within_female_stratum_pass1b06_plasma_8w_timewise_da_as_released,provided,not_selected,MoTrPAC_pass1b06_rat,motrpac_pass1b06_plasma_8w,motrpac_pass1b06_plasma_8w_trained_vs_sedentary_female,not_reported,female
anthranilate [refmet: 2-aminobenzoic acid],2-aminobenzoic acid,Benzenoids,0.21096244,log2fc,0.12837288,1.0,benjamini_hochberg,within_female_stratum_pass1b06_plasma_8w_timewise_da_as_released,provided,not_selected,MoTrPAC_pass1b06_rat,motrpac_pass1b06_plasma_8w,motrpac_pass1b06_plasma_8w_trained_vs_sedentary_female,not_reported,female
lpc(16:0)_feature2 [refmet: lpc(16:0)_ln_b],lpc(16:0)_ln_b,unclassified_no_refmet_match,0.21088377,log2fc,0.043620527,1.0,benjamini_hochberg,within_female_stratum_pass1b06_plasma_8w_timewise_da_as_released,provided,not_selected,MoTrPAC_pass1b06_rat,motrpac_pass1b06_plasma_8w,motrpac_pass1b06_plasma_8w_trained_vs_sedentary_female,not_reported,female
lpc(16:0/0:0)_feature2 [refmet: lpc(16:0/0:0)_lp_b],lpc(16:0/0:0)_lp_b,unclassified_no_refmet_match,0.21059722,log2fc,0.12200956,1.0,benjamini_hochberg,within_female_stratum_pass1b06_plasma_8w_timewise_da_as_released,provided,not_selected,MoTrPAC_pass1b06_rat,motrpac_pass1b06_plasma_8w,motrpac_pass1b06_plasma_8w_trained_vs_sedentary_female,not_reported,female
car(5:0-oh) [refmet: car(5:0(oh))],car(5:0(oh)),unclassified_no_refmet_match,0.21042581,log2fc,0.09984372,1.0,benjamini_hochberg,within_female_stratum_pass1b06_plasma_8w_timewise_da_as_released,provided,not_selected,MoTrPAC_pass1b06_rat,motrpac_pass1b06_plasma_8w,motrpac_pass1b06_plasma_8w_trained_vs_sedentary_female,not_reported,female
pc(o-38:4)_feature1 [refmet: pc(o-38:4)_lp_a],pc(o-38:4)_lp_a,unclassified_no_refmet_match,0.21030118,log2fc,0.4462243,1.0,benjamini_hochberg,within_female_stratum_pass1b06_plasma_8w_timewise_da_as_released,provided,not_selected,MoTrPAC_pass1b06_rat,motrpac_pass1b06_plasma_8w,motrpac_pass1b06_plasma_8w_trained_vs_sedentary_female,not_reported,female
lpc(0:0/20:0)_feature1 [refmet: lpc(0:0/20:0)_lp_a],lpc(0:0/20:0)_lp_a,unclassified_no_refmet_match,0.21019058,log2fc,0.32970664,1.0,benjamini_hochberg,within_female_stratum_pass1b06_plasma_8w_timewise_da_as_released,provided,not_selected,MoTrPAC_pass1b06_rat,motrpac_pass1b06_plasma_8w,motrpac_pass1b06_plasma_8w_trained_vs_sedentary_female,not_reported,female
ce(20:5)_m+nh3_feature1 [refmet: ce(20:5)],ce(20:5),unclassified_no_refmet_match,0.20888282,log2fc,0.31445143,1.0,benjamini_hochberg,within_female_stratum_pass1b06_plasma_8w_timewise_da_as_released,provided,not_selected,MoTrPAC_pass1b06_rat,motrpac_pass1b06_plasma_8w,motrpac_pass1b06_plasma_8w_trained_vs_sedentary_female,not_reported,female
lpc(24:2/0:0)_and_lpc(0:0/24:2)_feature1and2 [refmet: lpc(24:2)_lp_ab],lpc(24:2)_lp_ab,unclassified_no_refmet_match,-0.2088799,log2fc,0.27920666,1.0,benjamini_hochberg,within_female_stratum_pass1b06_plasma_8w_timewise_da_as_released,provided,not_selected,MoTrPAC_pass1b06_rat,motrpac_pass1b06_plasma_8w,motrpac_pass1b06_plasma_8w_trained_vs_sedentary_female,not_reported,female
pc(38:2)_feature1 [refmet: pc(38:2)_lp_a],pc(38:2)_lp_a,unclassified_no_refmet_match,0.20879593,log2fc,0.10108357,1.0,benjamini_hochberg,within_female_stratum_pass1b06_plasma_8w_timewise_da_as_released,provided,not_selected,MoTrPAC_pass1b06_rat,motrpac_pass1b06_plasma_8w,motrpac_pass1b06_plasma_8w_trained_vs_sedentary_female,not_reported,female
pc(44:4)_feature2 [refmet: pc(44:4)_lp_b],pc(44:4)_lp_b,unclassified_no_refmet_match,-0.20877902,log2fc,0.09315744,1.0,benjamini_hochberg,within_female_stratum_pass1b06_plasma_8w_timewise_da_as_released,provided,not_selected,MoTrPAC_pass1b06_rat,motrpac_pass1b06_plasma_8w,motrpac_pass1b06_plasma_8w_trained_vs_sedentary_female,not_reported,female
pc(o-40:4)_feature3 [refmet: pc(o-40:4)_lp_c],pc(o-40:4)_lp_c,unclassified_no_refmet_match,-0.20833404,log2fc,0.12117519,1.0,benjamini_hochberg,within_female_stratum_pass1b06_plasma_8w_timewise_da_as_released,provided,not_selected,MoTrPAC_pass1b06_rat,motrpac_pass1b06_plasma_8w,motrpac_pass1b06_plasma_8w_trained_vs_sedentary_female,not_reported,female
tg(56:7)_m+nh3_feature2 [refmet: tg(56:7)_lp_b],tg(56:7)_lp_b,unclassified_no_refmet_match,0.20806213,log2fc,0.5125955,1.0,benjamini_hochberg,within_female_stratum_pass1b06_plasma_8w_timewise_da_as_released,provided,not_selected,MoTrPAC_pass1b06_rat,motrpac_pass1b06_plasma_8w,motrpac_pass1b06_plasma_8w_trained_vs_sedentary_female,not_reported,female
pc(o-40:4)_feature1 [refmet: pc(o-40:4)_lp_a],pc(o-40:4)_lp_a,unclassified_no_refmet_match,-0.20794429,log2fc,0.23426852,1.0,benjamini_hochberg,within_female_stratum_pass1b06_plasma_8w_timewise_da_as_released,provided,not_selected,MoTrPAC_pass1b06_rat,motrpac_pass1b06_plasma_8w,motrpac_pass1b06_plasma_8w_trained_vs_sedentary_female,not_reported,female
pc(34:4) [source metabolite label NA],pc(34:4),unclassified_no_refmet_match,0.20792751,log2fc,0.14247294,1.0,benjamini_hochberg,within_female_stratum_pass1b06_plasma_8w_timewise_da_as_released,provided,not_selected,MoTrPAC_pass1b06_rat,motrpac_pass1b06_plasma_8w,motrpac_pass1b06_plasma_8w_trained_vs_sedentary_female,not_reported,female
fa(14:2) [refmet: tetradecadienoic acid],tetradecadienoic acid,Fatty Acyls,-0.2067269,log2fc,0.64580804,1.0,benjamini_hochberg,within_female_stratum_pass1b06_plasma_8w_timewise_da_as_released,provided,not_selected,MoTrPAC_pass1b06_rat,motrpac_pass1b06_plasma_8w,motrpac_pass1b06_plasma_8w_trained_vs_sedentary_female,not_reported,female
thiamine,thiamine,Nucleic acids,-0.20622674,log2fc,0.22352356,1.0,benjamini_hochberg,within_female_stratum_pass1b06_plasma_8w_timewise_da_as_released,provided,not_selected,MoTrPAC_pass1b06_rat,motrpac_pass1b06_plasma_8w,motrpac_pass1b06_plasma_8w_trained_vs_sedentary_female,not_reported,female
c22:6 lpe [refmet: lpe(22:6)],lpe(22:6),unclassified_no_refmet_match,-0.2059572,log2fc,0.03959847,1.0,benjamini_hochberg,within_female_stratum_pass1b06_plasma_8w_timewise_da_as_released,provided,not_selected,MoTrPAC_pass1b06_rat,motrpac_pass1b06_plasma_8w,motrpac_pass1b06_plasma_8w_trained_vs_sedentary_female,not_reported,female
aminobutyrate [refmet: aminobutyric acid],aminobutyric acid,Fatty Acyls,0.20545377,log2fc,0.17156714,1.0,benjamini_hochberg,within_female_stratum_pass1b06_plasma_8w_timewise_da_as_released,provided,not_selected,MoTrPAC_pass1b06_rat,motrpac_pass1b06_plasma_8w,motrpac_pass1b06_plasma_8w_trained_vs_sedentary_female,not_reported,female
c40:6 pe [refmet: pe(40:6)],pe(40:6),unclassified_no_refmet_match,-0.2051751,log2fc,0.09487217,1.0,benjamini_hochberg,within_female_stratum_pass1b06_plasma_8w_timewise_da_as_released,provided,not_selected,MoTrPAC_pass1b06_rat,motrpac_pass1b06_plasma_8w,motrpac_pass1b06_plasma_8w_trained_vs_sedentary_female,not_reported,female
cer(d42:0)>cer(d18:0/24:0)_feature1 [refmet: cer(d18:0/24:0)],cer(d18:0/24:0),unclassified_no_refmet_match,-0.20321748,log2fc,0.33587182,1.0,benjamini_hochberg,within_female_stratum_pass1b06_plasma_8w_timewise_da_as_released,provided,not_selected,MoTrPAC_pass1b06_rat,motrpac_pass1b06_plasma_8w,motrpac_pass1b06_plasma_8w_trained_vs_sedentary_female,not_reported,female
pc(o-32:1)_feature2 [refmet: pc(o-32:1)_lp_b],pc(o-32:1)_lp_b,unclassified_no_refmet_match,-0.20289771,log2fc,0.5677541,1.0,benjamini_hochberg,within_female_stratum_pass1b06_plasma_8w_timewise_da_as_released,provided,not_selected,MoTrPAC_pass1b06_rat,motrpac_pass1b06_plasma_8w,motrpac_pass1b06_plasma_8w_trained_vs_sedentary_female,not_reported,female
5-methylcytosine,5-methylcytosine,Nucleic acids,0.2028917,log2fc,0.04890384,1.0,benjamini_hochberg,within_female_stratum_pass1b06_plasma_8w_timewise_da_as_released,provided,not_selected,MoTrPAC_pass1b06_rat,motrpac_pass1b06_plasma_8w,motrpac_pass1b06_plasma_8w_trained_vs_sedentary_female,not_reported,female
pe(36:2)>pe(18:2_18:0)_feature3 [refmet: pe(36:2)_lp_c],pe(36:2)_lp_c,unclassified_no_refmet_match,0.20227316,log2fc,0.3677386,1.0,benjamini_hochberg,within_female_stratum_pass1b06_plasma_8w_timewise_da_as_released,provided,not_selected,MoTrPAC_pass1b06_rat,motrpac_pass1b06_plasma_8w,motrpac_pass1b06_plasma_8w_trained_vs_sedentary_female,not_reported,female
octadecadienoic acid [source metabolite label NA],octadecadienoic acid,Fatty Acyls,0.20147324,log2fc,0.13914672,1.0,benjamini_hochberg,within_female_stratum_pass1b06_plasma_8w_timewise_da_as_released,provided,not_selected,MoTrPAC_pass1b06_rat,motrpac_pass1b06_plasma_8w,motrpac_pass1b06_plasma_8w_trained_vs_sedentary_female,not_reported,female
glycochenodeoxycholic acid [source metabolite label NA],glycochenodeoxycholic acid,Sterol Lipids,-0.20084743,log2fc,0.6368862,1.0,benjamini_hochberg,within_female_stratum_pass1b06_plasma_8w_timewise_da_as_released,provided,not_selected,MoTrPAC_pass1b06_rat,motrpac_pass1b06_plasma_8w,motrpac_pass1b06_plasma_8w_trained_vs_sedentary_female,not_reported,female
carnosine,carnosine,Organic acids,-0.20053259,log2fc,0.43459502,1.0,benjamini_hochberg,within_female_stratum_pass1b06_plasma_8w_timewise_da_as_released,provided,not_selected,MoTrPAC_pass1b06_rat,motrpac_pass1b06_plasma_8w,motrpac_pass1b06_plasma_8w_trained_vs_sedentary_female,not_reported,female
pc(38:5)_feature1 [refmet: pc(38:5)_lp_a],pc(38:5)_lp_a,unclassified_no_refmet_match,-0.20047075,log2fc,0.28377938,1.0,benjamini_hochberg,within_female_stratum_pass1b06_plasma_8w_timewise_da_as_released,provided,not_selected,MoTrPAC_pass1b06_rat,motrpac_pass1b06_plasma_8w,motrpac_pass1b06_plasma_8w_trained_vs_sedentary_female,not_reported,female
pc(40:7)_feature1 [refmet: pc(40:7)_lp_a],pc(40:7)_lp_a,unclassified_no_refmet_match,0.20021266,log2fc,0.35353702,1.0,benjamini_hochberg,within_female_stratum_pass1b06_plasma_8w_timewise_da_as_released,provided,not_selected,MoTrPAC_pass1b06_rat,motrpac_pass1b06_plasma_8w,motrpac_pass1b06_plasma_8w_trained_vs_sedentary_female,not_reported,female
hydroxylysine [refmet: 5-hydroxylysine],5-hydroxylysine,Organic acids,0.2,log2fc,0.19039187,1.0,benjamini_hochberg,within_female_stratum_pass1b06_plasma_8w_timewise_da_as_released,provided,not_selected,MoTrPAC_pass1b06_rat,motrpac_pass1b06_plasma_8w,motrpac_pass1b06_plasma_8w_trained_vs_sedentary_female,not_reported,female
pe(o-42:5)>pe(o-20:1/22:4)_feature1 [refmet: pe(o-20:1/22:4)_ln_a],pe(o-20:1/22:4)_ln_a,unclassified_no_refmet_match,-0.19954045,log2fc,0.07200334,1.0,benjamini_hochberg,within_female_stratum_pass1b06_plasma_8w_timewise_da_as_released,provided,not_selected,MoTrPAC_pass1b06_rat,motrpac_pass1b06_plasma_8w,motrpac_pass1b06_plasma_8w_trained_vs_sedentary_female,not_reported,female
sm(d43:1)_feature1 [refmet: sm(d43:1)_lp_a],sm(d43:1)_lp_a,unclassified_no_refmet_match,0.1984624,log2fc,0.28594312,1.0,benjamini_hochberg,within_female_stratum_pass1b06_plasma_8w_timewise_da_as_released,provided,not_selected,MoTrPAC_pass1b06_rat,motrpac_pass1b06_plasma_8w,motrpac_pass1b06_plasma_8w_trained_vs_sedentary_female,not_reported,female
tg(58:8)_m+nh3_feature5 [refmet: tg(58:8)_lp_e],tg(58:8)_lp_e,unclassified_no_refmet_match,0.19798248,log2fc,0.21347335,1.0,benjamini_hochberg,within_female_stratum_pass1b06_plasma_8w_timewise_da_as_released,provided,not_selected,MoTrPAC_pass1b06_rat,motrpac_pass1b06_plasma_8w,motrpac_pass1b06_plasma_8w_trained_vs_sedentary_female,not_reported,female
ce(16:1)_m+nh3_feature1 [refmet: ce(16:1)],ce(16:1),unclassified_no_refmet_match,0.1977624,log2fc,0.4745227,1.0,benjamini_hochberg,within_female_stratum_pass1b06_plasma_8w_timewise_da_as_released,provided,not_selected,MoTrPAC_pass1b06_rat,motrpac_pass1b06_plasma_8w,motrpac_pass1b06_plasma_8w_trained_vs_sedentary_female,not_reported,female
tg(54:4)>tg(18:1_18:1_18:2)_feature4 [refmet: tg(18:1_18:1_18:2)_lp_d],tg(18:1_18:1_18:2)_lp_d,unclassified_no_refmet_match,0.1973365,log2fc,0.41265044,1.0,benjamini_hochberg,within_female_stratum_pass1b06_plasma_8w_timewise_da_as_released,provided,not_selected,MoTrPAC_pass1b06_rat,motrpac_pass1b06_plasma_8w,motrpac_pass1b06_plasma_8w_trained_vs_sedentary_female,not_reported,female
pc(o-36:0)_feature1 [refmet: pc(o-36:0)],pc(o-36:0),unclassified_no_refmet_match,-0.19686471,log2fc,0.33268282,1.0,benjamini_hochberg,within_female_stratum_pass1b06_plasma_8w_timewise_da_as_released,provided,not_selected,MoTrPAC_pass1b06_rat,motrpac_pass1b06_plasma_8w,motrpac_pass1b06_plasma_8w_trained_vs_sedentary_female,not_reported,female
pe(o-38:6)>pe(o-18:2/20:4)_and_pe(o-16:1/22:5)_feature2 [refmet: pe(o-38:6)_ln_b],pe(o-38:6)_ln_b,unclassified_no_refmet_match,-0.1955282,log2fc,0.4172687,1.0,benjamini_hochberg,within_female_stratum_pass1b06_plasma_8w_timewise_da_as_released,provided,not_selected,MoTrPAC_pass1b06_rat,motrpac_pass1b06_plasma_8w,motrpac_pass1b06_plasma_8w_trained_vs_sedentary_female,not_reported,female
fa(16:0-cooh) [refmet: heptadecanedioic acid],heptadecanedioic acid,Fatty Acyls,-0.19519722,log2fc,0.47552317,1.0,benjamini_hochberg,within_female_stratum_pass1b06_plasma_8w_timewise_da_as_released,provided,not_selected,MoTrPAC_pass1b06_rat,motrpac_pass1b06_plasma_8w,motrpac_pass1b06_plasma_8w_trained_vs_sedentary_female,not_reported,female
tauro-beta-muricholate [refmet: tauro-beta-muricholic acid],tauro-beta-muricholic acid,Sterol Lipids,0.19488187,log2fc,0.86301136,1.0,benjamini_hochberg,within_female_stratum_pass1b06_plasma_8w_timewise_da_as_released,provided,not_selected,MoTrPAC_pass1b06_rat,motrpac_pass1b06_plasma_8w,motrpac_pass1b06_plasma_8w_trained_vs_sedentary_female,not_reported,female
"n2,n2-dimethylguanosine","n2,n2-dimethylguanosine",Nucleic acids,-0.19291538,log2fc,0.08685226,1.0,benjamini_hochberg,within_female_stratum_pass1b06_plasma_8w_timewise_da_as_released,provided,not_selected,MoTrPAC_pass1b06_rat,motrpac_pass1b06_plasma_8w,motrpac_pass1b06_plasma_8w_trained_vs_sedentary_female,not_reported,female
lpc(20:2/0:0)_feature2 [refmet: lpc(20:2/0:0)_lp_ab],lpc(20:2/0:0)_lp_ab,unclassified_no_refmet_match,0.19288622,log2fc,0.107957065,1.0,benjamini_hochberg,within_female_stratum_pass1b06_plasma_8w_timewise_da_as_released,provided,not_selected,MoTrPAC_pass1b06_rat,motrpac_pass1b06_plasma_8w,motrpac_pass1b06_plasma_8w_trained_vs_sedentary_female,not_reported,female
car(18:0) [source metabolite label NA],car(18:0),unclassified_no_refmet_match,-0.19192986,log2fc,0.15373886,1.0,benjamini_hochberg,within_female_stratum_pass1b06_plasma_8w_timewise_da_as_released,provided,not_selected,MoTrPAC_pass1b06_rat,motrpac_pass1b06_plasma_8w,motrpac_pass1b06_plasma_8w_trained_vs_sedentary_female,not_reported,female
sm(d40:2)_feature2 [refmet: sm(d40:2)_lp_b],sm(d40:2)_lp_b,unclassified_no_refmet_match,-0.1914038,log2fc,0.19734626,1.0,benjamini_hochberg,within_female_stratum_pass1b06_plasma_8w_timewise_da_as_released,provided,not_selected,MoTrPAC_pass1b06_rat,motrpac_pass1b06_plasma_8w,motrpac_pass1b06_plasma_8w_trained_vs_sedentary_female,not_reported,female
dg(36:2)>dg(18:1_18:1_0:0)_feature3 [refmet: dg(18:1_18:1)_lp_c],dg(18:1_18:1)_lp_c,unclassified_no_refmet_match,0.19047773,log2fc,0.23646282,1.0,benjamini_hochberg,within_female_stratum_pass1b06_plasma_8w_timewise_da_as_released,provided,not_selected,MoTrPAC_pass1b06_rat,motrpac_pass1b06_plasma_8w,motrpac_pass1b06_plasma_8w_trained_vs_sedentary_female,not_reported,female
pc(o-36:1)_feature3 [refmet: pc(o-36:1)_lp_c],pc(o-36:1)_lp_c,unclassified_no_refmet_match,-0.19029844,log2fc,0.21789324,1.0,benjamini_hochberg,within_female_stratum_pass1b06_plasma_8w_timewise_da_as_released,provided,not_selected,MoTrPAC_pass1b06_rat,motrpac_pass1b06_plasma_8w,motrpac_pass1b06_plasma_8w_trained_vs_sedentary_female,not_reported,female
pe(o-40:5)>pe(o-18:1/22:4)_feature5 [refmet: pe(o-18:1/22:4)_lp_e],pe(o-18:1/22:4)_lp_e,unclassified_no_refmet_match,-0.190297,log2fc,0.20221584,1.0,benjamini_hochberg,within_female_stratum_pass1b06_plasma_8w_timewise_da_as_released,provided,not_selected,MoTrPAC_pass1b06_rat,motrpac_pass1b06_plasma_8w,motrpac_pass1b06_plasma_8w_trained_vs_sedentary_female,not_reported,female
pc(o-34:1)_feature2 [refmet: pc(o-34:1)_ln_b],pc(o-34:1)_ln_b,unclassified_no_refmet_match,-0.19010419,log2fc,0.057445988,1.0,benjamini_hochberg,within_female_stratum_pass1b06_plasma_8w_timewise_da_as_released,provided,not_selected,MoTrPAC_pass1b06_rat,motrpac_pass1b06_plasma_8w,motrpac_pass1b06_plasma_8w_trained_vs_sedentary_female,not_reported,female
tg(54:7)>tg(16:0_16:1_22:6)_and_tg(16:0_18:2_20:5)_m+nh3_feature4 [refmet: tg(54:7)_lp_d],tg(54:7)_lp_d,unclassified_no_refmet_match,0.18962833,log2fc,0.40932915,1.0,benjamini_hochberg,within_female_stratum_pass1b06_plasma_8w_timewise_da_as_released,provided,not_selected,MoTrPAC_pass1b06_rat,motrpac_pass1b06_plasma_8w,motrpac_pass1b06_plasma_8w_trained_vs_sedentary_female,not_reported,female
n-lauroylglycine,n-lauroylglycine,unclassified_no_refmet_match,0.18759595,log2fc,0.40451372,1.0,benjamini_hochberg,within_female_stratum_pass1b06_plasma_8w_timewise_da_as_released,provided,not_selected,MoTrPAC_pass1b06_rat,motrpac_pass1b06_plasma_8w,motrpac_pass1b06_plasma_8w_trained_vs_sedentary_female,not_reported,female
betaine,betaine,Organic acids,0.18726538,log2fc,0.051590204,1.0,benjamini_hochberg,within_female_stratum_pass1b06_plasma_8w_timewise_da_as_released,provided,not_selected,MoTrPAC_pass1b06_rat,motrpac_pass1b06_plasma_8w,motrpac_pass1b06_plasma_8w_trained_vs_sedentary_female,not_reported,female
pc(36:4),pc(36:4),unclassified_no_refmet_match,0.18608059,log2fc,0.3050427,1.0,benjamini_hochberg,within_female_stratum_pass1b06_plasma_8w_timewise_da_as_released,provided,not_selected,MoTrPAC_pass1b06_rat,motrpac_pass1b06_plasma_8w,motrpac_pass1b06_plasma_8w_trained_vs_sedentary_female,not_reported,female
pc(38:4)_feature4 [refmet: pc(38:4)_lp_d],pc(38:4)_lp_d,unclassified_no_refmet_match,0.184951,log2fc,0.35880736,1.0,benjamini_hochberg,within_female_stratum_pass1b06_plasma_8w_timewise_da_as_released,provided,not_selected,MoTrPAC_pass1b06_rat,motrpac_pass1b06_plasma_8w,motrpac_pass1b06_plasma_8w_trained_vs_sedentary_female,not_reported,female
tg(58:7)>tg(18:0_18:1_22:6)_m+nh3_feature5 [refmet: tg(58:7)_lp_e],tg(58:7)_lp_e,unclassified_no_refmet_match,0.18464224,log2fc,0.33876684,1.0,benjamini_hochberg,within_female_stratum_pass1b06_plasma_8w_timewise_da_as_released,provided,not_selected,MoTrPAC_pass1b06_rat,motrpac_pass1b06_plasma_8w,motrpac_pass1b06_plasma_8w_trained_vs_sedentary_female,not_reported,female
cortisol [source metabolite label NA],cortisol,Sterol Lipids,-0.18463732,log2fc,0.5101606,1.0,benjamini_hochberg,within_female_stratum_pass1b06_plasma_8w_timewise_da_as_released,provided,not_selected,MoTrPAC_pass1b06_rat,motrpac_pass1b06_plasma_8w,motrpac_pass1b06_plasma_8w_trained_vs_sedentary_female,not_reported,female
pc(40:4)_feature2 [refmet: pc(40:4)_lp_b],pc(40:4)_lp_b,unclassified_no_refmet_match,-0.18431365,log2fc,0.21820764,1.0,benjamini_hochberg,within_female_stratum_pass1b06_plasma_8w_timewise_da_as_released,provided,not_selected,MoTrPAC_pass1b06_rat,motrpac_pass1b06_plasma_8w,motrpac_pass1b06_plasma_8w_trained_vs_sedentary_female,not_reported,female
lpe(o-15:0)_feature1 [refmet: lpe(o-15:0)],lpe(o-15:0),unclassified_no_refmet_match,0.18420108,log2fc,0.06777716,1.0,benjamini_hochberg,within_female_stratum_pass1b06_plasma_8w_timewise_da_as_released,provided,not_selected,MoTrPAC_pass1b06_rat,motrpac_pass1b06_plasma_8w,motrpac_pass1b06_plasma_8w_trained_vs_sedentary_female,not_reported,female
glycoursodeoxycholate [refmet: glycoursodeoxycholic acid],glycoursodeoxycholic acid,Sterol Lipids,-0.18394984,log2fc,0.8064455,1.0,benjamini_hochberg,within_female_stratum_pass1b06_plasma_8w_timewise_da_as_released,provided,not_selected,MoTrPAC_pass1b06_rat,motrpac_pass1b06_plasma_8w,motrpac_pass1b06_plasma_8w_trained_vs_sedentary_female,not_reported,female
pc(36:0)>pc(18:0/18:0)_m+h2co2_feature2 [refmet: pc(18:0/18:0)_ln_b],pc(18:0/18:0)_ln_b,unclassified_no_refmet_match,-0.1836217,log2fc,0.22943717,1.0,benjamini_hochberg,within_female_stratum_pass1b06_plasma_8w_timewise_da_as_released,provided,not_selected,MoTrPAC_pass1b06_rat,motrpac_pass1b06_plasma_8w,motrpac_pass1b06_plasma_8w_trained_vs_sedentary_female,not_reported,female
tg(48:1)>tg(16:0_16:0_16:1)_and_tg(14:0_16:0_18:1)_m+nh3_feature3 [refmet: tg(48:1)_lp_c],tg(48:1)_lp_c,unclassified_no_refmet_match,0.18303499,log2fc,0.5608824,1.0,benjamini_hochberg,within_female_stratum_pass1b06_plasma_8w_timewise_da_as_released,provided,not_selected,MoTrPAC_pass1b06_rat,motrpac_pass1b06_plasma_8w,motrpac_pass1b06_plasma_8w_trained_vs_sedentary_female,not_reported,female
n-acetylgalactosamine [refmet: n-acetyl-d-galactosamine],n-acetyl-d-galactosamine,Carbohydrates,-0.18266623,log2fc,0.041347265,1.0,benjamini_hochberg,within_female_stratum_pass1b06_plasma_8w_timewise_da_as_released,provided,not_selected,MoTrPAC_pass1b06_rat,motrpac_pass1b06_plasma_8w,motrpac_pass1b06_plasma_8w_trained_vs_sedentary_female,not_reported,female
pe(o-38:4)>pe(o-18:0/20:4)_and_pe(o-18:2/20:2)_feature4 [refmet: pe(o-38:4)_ln_d],pe(o-38:4)_ln_d,unclassified_no_refmet_match,-0.18246305,log2fc,0.47868913,1.0,benjamini_hochberg,within_female_stratum_pass1b06_plasma_8w_timewise_da_as_released,provided,not_selected,MoTrPAC_pass1b06_rat,motrpac_pass1b06_plasma_8w,motrpac_pass1b06_plasma_8w_trained_vs_sedentary_female,not_reported,female
pc(o-36:4)_feature4 [refmet: pc(o-36:4)_lp_d],pc(o-36:4)_lp_d,unclassified_no_refmet_match,-0.18244563,log2fc,0.2087727,1.0,benjamini_hochberg,within_female_stratum_pass1b06_plasma_8w_timewise_da_as_released,provided,not_selected,MoTrPAC_pass1b06_rat,motrpac_pass1b06_plasma_8w,motrpac_pass1b06_plasma_8w_trained_vs_sedentary_female,not_reported,female
pc(o-38:5)_feature1 [refmet: pc(o-38:5)_lp_a],pc(o-38:5)_lp_a,unclassified_no_refmet_match,-0.18240225,log2fc,0.2212289,1.0,benjamini_hochberg,within_female_stratum_pass1b06_plasma_8w_timewise_da_as_released,provided,not_selected,MoTrPAC_pass1b06_rat,motrpac_pass1b06_plasma_8w,motrpac_pass1b06_plasma_8w_trained_vs_sedentary_female,not_reported,female
pc(34:0)_feature4 [refmet: pc(34:0)_lp_c],pc(34:0)_lp_c,unclassified_no_refmet_match,-0.18239087,log2fc,0.19318262,1.0,benjamini_hochberg,within_female_stratum_pass1b06_plasma_8w_timewise_da_as_released,provided,not_selected,MoTrPAC_pass1b06_rat,motrpac_pass1b06_plasma_8w,motrpac_pass1b06_plasma_8w_trained_vs_sedentary_female,not_reported,female
c38:7 pe plasmalogen [refmet: pe(p-38:6)/pe(o-38:7)],pe(p-38:6)/pe(o-38:7),unclassified_no_refmet_match,-0.18232135,log2fc,0.029405644,1.0,benjamini_hochberg,within_female_stratum_pass1b06_plasma_8w_timewise_da_as_released,provided,not_selected,MoTrPAC_pass1b06_rat,motrpac_pass1b06_plasma_8w,motrpac_pass1b06_plasma_8w_trained_vs_sedentary_female,not_reported,female
pc(36:0)_feature2 [refmet: pc(36:0)_lp_b],pc(36:0)_lp_b,unclassified_no_refmet_match,-0.1820307,log2fc,0.32431656,1.0,benjamini_hochberg,within_female_stratum_pass1b06_plasma_8w_timewise_da_as_released,provided,not_selected,MoTrPAC_pass1b06_rat,motrpac_pass1b06_plasma_8w,motrpac_pass1b06_plasma_8w_trained_vs_sedentary_female,not_reported,female
cer(d42:3)_feature1 [refmet: cer(d42:3)_lp_a],cer(d42:3)_lp_a,unclassified_no_refmet_match,-0.18196386,log2fc,0.2577919,1.0,benjamini_hochberg,within_female_stratum_pass1b06_plasma_8w_timewise_da_as_released,provided,not_selected,MoTrPAC_pass1b06_rat,motrpac_pass1b06_plasma_8w,motrpac_pass1b06_plasma_8w_trained_vs_sedentary_female,not_reported,female
pc(o-36:4)>pc(o-16:0/20:4)  m+ h2co2_feature4 [refmet: pc(o-16:0/20:4)_ln_d],pc(o-16:0/20:4)_ln_d,unclassified_no_refmet_match,-0.1813974,log2fc,0.089831196,1.0,benjamini_hochberg,within_female_stratum_pass1b06_plasma_8w_timewise_da_as_released,provided,not_selected,MoTrPAC_pass1b06_rat,motrpac_pass1b06_plasma_8w,motrpac_pass1b06_plasma_8w_trained_vs_sedentary_female,not_reported,female
tg(50:1)>tg(16:0_16:0_18:1)_feature4 [refmet: tg(16:0_16:0_18:1)_lp_d],tg(16:0_16:0_18:1)_lp_d,unclassified_no_refmet_match,0.18116151,log2fc,0.34982368,1.0,benjamini_hochberg,within_female_stratum_pass1b06_plasma_8w_timewise_da_as_released,provided,not_selected,MoTrPAC_pass1b06_rat,motrpac_pass1b06_plasma_8w,motrpac_pass1b06_plasma_8w_trained_vs_sedentary_female,not_reported,female
lithocholate [refmet: lithocholic acid],lithocholic acid,Sterol Lipids,-0.18022929,log2fc,0.6138312,1.0,benjamini_hochberg,within_female_stratum_pass1b06_plasma_8w_timewise_da_as_released,provided,not_selected,MoTrPAC_pass1b06_rat,motrpac_pass1b06_plasma_8w,motrpac_pass1b06_plasma_8w_trained_vs_sedentary_female,not_reported,female
c18:0 lpe b [refmet: lpe(18:0)_hp_b],lpe(18:0)_hp_b,unclassified_no_refmet_match,0.18020043,log2fc,0.16712852,1.0,benjamini_hochberg,within_female_stratum_pass1b06_plasma_8w_timewise_da_as_released,provided,not_selected,MoTrPAC_pass1b06_rat,motrpac_pass1b06_plasma_8w,motrpac_pass1b06_plasma_8w_trained_vs_sedentary_female,not_reported,female
sm(d39:1)_feature2 [refmet: sm(d39:1)_lp_b],sm(d39:1)_lp_b,unclassified_no_refmet_match,-0.17986879,log2fc,0.29158467,1.0,benjamini_hochberg,within_female_stratum_pass1b06_plasma_8w_timewise_da_as_released,provided,not_selected,MoTrPAC_pass1b06_rat,motrpac_pass1b06_plasma_8w,motrpac_pass1b06_plasma_8w_trained_vs_sedentary_female,not_reported,female
tg(52:4)>tg(16:1_18:1_18:2)_m+nh3_feature1 [refmet: tg(16:1_18:1_18:2)_lp_a],tg(16:1_18:1_18:2)_lp_a,unclassified_no_refmet_match,0.17971037,log2fc,0.43314907,1.0,benjamini_hochberg,within_female_stratum_pass1b06_plasma_8w_timewise_da_as_released,provided,not_selected,MoTrPAC_pass1b06_rat,motrpac_pass1b06_plasma_8w,motrpac_pass1b06_plasma_8w_trained_vs_sedentary_female,not_reported,female
lpc(26:0)_feature1and2 [refmet: lpc(26:0)_lp_ab],lpc(26:0)_lp_ab,unclassified_no_refmet_match,0.1796274,log2fc,0.29654545,1.0,benjamini_hochberg,within_female_stratum_pass1b06_plasma_8w_timewise_da_as_released,provided,not_selected,MoTrPAC_pass1b06_rat,motrpac_pass1b06_plasma_8w,motrpac_pass1b06_plasma_8w_trained_vs_sedentary_female,not_reported,female
fa(18:0) [refmet: stearic acid],stearic acid,Fatty Acyls,0.179619,log2fc,0.90760934,1.0,benjamini_hochberg,within_female_stratum_pass1b06_plasma_8w_timewise_da_as_released,provided,not_selected,MoTrPAC_pass1b06_rat,motrpac_pass1b06_plasma_8w,motrpac_pass1b06_plasma_8w_trained_vs_sedentary_female,not_reported,female
pc(o-40:4)>pc(o-20:0/20:4)_m+h2co2_feature2 [refmet: pc(p-18:1/20:4)_ln_b],pc(p-18:1/20:4)_ln_b,unclassified_no_refmet_match,-0.17899957,log2fc,0.10334687,1.0,benjamini_hochberg,within_female_stratum_pass1b06_plasma_8w_timewise_da_as_released,provided,not_selected,MoTrPAC_pass1b06_rat,motrpac_pass1b06_plasma_8w,motrpac_pass1b06_plasma_8w_trained_vs_sedentary_female,not_reported,female
tg(52:3)>tg(16:0_18:1_18:2)_m+nh3_feature2 [refmet: tg(52:3)_lp_b],tg(52:3)_lp_b,unclassified_no_refmet_match,-0.17859782,log2fc,0.5618354,1.0,benjamini_hochberg,within_female_stratum_pass1b06_plasma_8w_timewise_da_as_released,provided,not_selected,MoTrPAC_pass1b06_rat,motrpac_pass1b06_plasma_8w,motrpac_pass1b06_plasma_8w_trained_vs_sedentary_female,not_reported,female
dg(36:3),dg(36:3),unclassified_no_refmet_match,0.17827798,log2fc,0.507607,1.0,benjamini_hochberg,within_female_stratum_pass1b06_plasma_8w_timewise_da_as_released,provided,not_selected,MoTrPAC_pass1b06_rat,motrpac_pass1b06_plasma_8w,motrpac_pass1b06_plasma_8w_trained_vs_sedentary_female,not_reported,female
c38:6 pe plasmalogen [refmet: pe(p-38:5)/pe(o-38:6)],pe(p-38:5)/pe(o-38:6),unclassified_no_refmet_match,-0.17822511,log2fc,0.33024374,1.0,benjamini_hochberg,within_female_stratum_pass1b06_plasma_8w_timewise_da_as_released,provided,not_selected,MoTrPAC_pass1b06_rat,motrpac_pass1b06_plasma_8w,motrpac_pass1b06_plasma_8w_trained_vs_sedentary_female,not_reported,female
fa(22:0) [refmet: behenic acid],behenic acid,Fatty Acyls,0.1781749,log2fc,0.5596544,1.0,benjamini_hochberg,within_female_stratum_pass1b06_plasma_8w_timewise_da_as_released,provided,not_selected,MoTrPAC_pass1b06_rat,motrpac_pass1b06_plasma_8w,motrpac_pass1b06_plasma_8w_trained_vs_sedentary_female,not_reported,female
c34:2 pe [refmet: pe(34:2)],pe(34:2),unclassified_no_refmet_match,-0.17796813,log2fc,0.40463543,1.0,benjamini_hochberg,within_female_stratum_pass1b06_plasma_8w_timewise_da_as_released,provided,not_selected,MoTrPAC_pass1b06_rat,motrpac_pass1b06_plasma_8w,motrpac_pass1b06_plasma_8w_trained_vs_sedentary_female,not_reported,female
pc(32:1)>pc(14:0_18:1)_and_pc(16:0_16:1)_m+h2co2_feature1 [refmet: pc(32:1)_ln_a],pc(32:1)_ln_a,unclassified_no_refmet_match,0.17755143,log2fc,0.3326141,1.0,benjamini_hochberg,within_female_stratum_pass1b06_plasma_8w_timewise_da_as_released,provided,not_selected,MoTrPAC_pass1b06_rat,motrpac_pass1b06_plasma_8w,motrpac_pass1b06_plasma_8w_trained_vs_sedentary_female,not_reported,female
sm(d34:1) [source metabolite label NA],sm(d34:1),unclassified_no_refmet_match,-0.17687577,log2fc,0.051088497,1.0,benjamini_hochberg,within_female_stratum_pass1b06_plasma_8w_timewise_da_as_released,provided,not_selected,MoTrPAC_pass1b06_rat,motrpac_pass1b06_plasma_8w,motrpac_pass1b06_plasma_8w_trained_vs_sedentary_female,not_reported,female
c18:1 lpc [refmet: lpc(18:1)],lpc(18:1),unclassified_no_refmet_match,0.17671818,log2fc,0.11617712,1.0,benjamini_hochberg,within_female_stratum_pass1b06_plasma_8w_timewise_da_as_released,provided,not_selected,MoTrPAC_pass1b06_rat,motrpac_pass1b06_plasma_8w,motrpac_pass1b06_plasma_8w_trained_vs_sedentary_female,not_reported,female
3-indolepropionate [refmet: 3-indolepropionic acid],3-indolepropionic acid,Alkaloids,0.17656662,log2fc,0.23115823,1.0,benjamini_hochberg,within_female_stratum_pass1b06_plasma_8w_timewise_da_as_released,provided,not_selected,MoTrPAC_pass1b06_rat,motrpac_pass1b06_plasma_8w,motrpac_pass1b06_plasma_8w_trained_vs_sedentary_female,not_reported,female
lpc(20:4)_a_b [refmet: lpc(20:4)],lpc(20:4),unclassified_no_refmet_match,-0.17594221,log2fc,0.2388814,1.0,benjamini_hochberg,within_female_stratum_pass1b06_plasma_8w_timewise_da_as_released,provided,not_selected,MoTrPAC_pass1b06_rat,motrpac_pass1b06_plasma_8w,motrpac_pass1b06_plasma_8w_trained_vs_sedentary_female,not_reported,female
trimethylbenzene,trimethylbenzene,Benzenoids,-0.17429785,log2fc,0.08756173,1.0,benjamini_hochberg,within_female_stratum_pass1b06_plasma_8w_timewise_da_as_released,provided,not_selected,MoTrPAC_pass1b06_rat,motrpac_pass1b06_plasma_8w,motrpac_pass1b06_plasma_8w_trained_vs_sedentary_female,not_reported,female
c18:2 lpc [refmet: lpc(0:0/18:2)],lpc(0:0/18:2),unclassified_no_refmet_match,0.17380139,log2fc,0.29881078,1.0,benjamini_hochberg,within_female_stratum_pass1b06_plasma_8w_timewise_da_as_released,provided,not_selected,MoTrPAC_pass1b06_rat,motrpac_pass1b06_plasma_8w,motrpac_pass1b06_plasma_8w_trained_vs_sedentary_female,not_reported,female
sm(d42:3)_m+h2co2_feature1 [refmet: sm(d42:3)_ln_a],sm(d42:3)_ln_a,unclassified_no_refmet_match,-0.17378297,log2fc,0.06832103,1.0,benjamini_hochberg,within_female_stratum_pass1b06_plasma_8w_timewise_da_as_released,provided,not_selected,MoTrPAC_pass1b06_rat,motrpac_pass1b06_plasma_8w,motrpac_pass1b06_plasma_8w_trained_vs_sedentary_female,not_reported,female
tg(55:4)>tg(18:1_18:2_19:1)_and_tg(18:2_18:2_19:0)_and_tg(18:1_18:1_19:2)_m+nh3_feature2 [refmet: tg(55:4)_lp_b],tg(55:4)_lp_b,unclassified_no_refmet_match,0.17377967,log2fc,0.68737984,1.0,benjamini_hochberg,within_female_stratum_pass1b06_plasma_8w_timewise_da_as_released,provided,not_selected,MoTrPAC_pass1b06_rat,motrpac_pass1b06_plasma_8w,motrpac_pass1b06_plasma_8w_trained_vs_sedentary_female,not_reported,female
car(5:1) [source metabolite label NA],car(5:1),unclassified_no_refmet_match,-0.17341895,log2fc,0.24567811,1.0,benjamini_hochberg,within_female_stratum_pass1b06_plasma_8w_timewise_da_as_released,provided,not_selected,MoTrPAC_pass1b06_rat,motrpac_pass1b06_plasma_8w,motrpac_pass1b06_plasma_8w_trained_vs_sedentary_female,not_reported,female
pc(40:4)>pc(20:0_20:4)_m+h2co2_feature3 [refmet: pc(40:4)_ln_c],pc(40:4)_ln_c,unclassified_no_refmet_match,-0.1731688,log2fc,0.048007593,1.0,benjamini_hochberg,within_female_stratum_pass1b06_plasma_8w_timewise_da_as_released,provided,not_selected,MoTrPAC_pass1b06_rat,motrpac_pass1b06_plasma_8w,motrpac_pass1b06_plasma_8w_trained_vs_sedentary_female,not_reported,female
oxaloacetate [refmet: oxaloacetic acid],oxaloacetic acid,Organic acids,-0.17303532,log2fc,0.72624844,1.0,benjamini_hochberg,within_female_stratum_pass1b06_plasma_8w_timewise_da_as_released,provided,not_selected,MoTrPAC_pass1b06_rat,motrpac_pass1b06_plasma_8w,motrpac_pass1b06_plasma_8w_trained_vs_sedentary_female,not_reported,female
"5,6-dihetre","5,6-dihetre",Fatty Acyls,-0.17273174,log2fc,0.45435452,1.0,benjamini_hochberg,within_female_stratum_pass1b06_plasma_8w_timewise_da_as_released,provided,not_selected,MoTrPAC_pass1b06_rat,motrpac_pass1b06_plasma_8w,motrpac_pass1b06_plasma_8w_trained_vs_sedentary_female,not_reported,female
c20:5 lpc [refmet: lpc(20:5)],lpc(20:5),unclassified_no_refmet_match,0.17262128,log2fc,0.3119151,1.0,benjamini_hochberg,within_female_stratum_pass1b06_plasma_8w_timewise_da_as_released,provided,not_selected,MoTrPAC_pass1b06_rat,motrpac_pass1b06_plasma_8w,motrpac_pass1b06_plasma_8w_trained_vs_sedentary_female,not_reported,female
retinoate [refmet: retinoic acid],retinoic acid,Prenol Lipids,-0.17244722,log2fc,0.72874963,1.0,benjamini_hochberg,within_female_stratum_pass1b06_plasma_8w_timewise_da_as_released,provided,not_selected,MoTrPAC_pass1b06_rat,motrpac_pass1b06_plasma_8w,motrpac_pass1b06_plasma_8w_trained_vs_sedentary_female,not_reported,female
tyrosine [source metabolite label NA],tyrosine,Organic acids,0.17232107,log2fc,0.083078004,1.0,benjamini_hochberg,within_female_stratum_pass1b06_plasma_8w_timewise_da_as_released,provided,not_selected,MoTrPAC_pass1b06_rat,motrpac_pass1b06_plasma_8w,motrpac_pass1b06_plasma_8w_trained_vs_sedentary_female,not_reported,female
tg(52:4)>tg(16:1_18:1_18:2)_m+nh3_feature5 [refmet: tg(16:1_18:1_18:2)_lp_e],tg(16:1_18:1_18:2)_lp_e,unclassified_no_refmet_match,0.17222226,log2fc,0.38376054,1.0,benjamini_hochberg,within_female_stratum_pass1b06_plasma_8w_timewise_da_as_released,provided,not_selected,MoTrPAC_pass1b06_rat,motrpac_pass1b06_plasma_8w,motrpac_pass1b06_plasma_8w_trained_vs_sedentary_female,not_reported,female
xanthosine [source metabolite label NA],xanthosine,Nucleic acids,0.17171434,log2fc,0.7418209,1.0,benjamini_hochberg,within_female_stratum_pass1b06_plasma_8w_timewise_da_as_released,provided,not_selected,MoTrPAC_pass1b06_rat,motrpac_pass1b06_plasma_8w,motrpac_pass1b06_plasma_8w_trained_vs_sedentary_female,not_reported,female
car(3:0) [source metabolite label NA],car(3:0),unclassified_no_refmet_match,0.17157753,log2fc,0.27277097,1.0,benjamini_hochberg,within_female_stratum_pass1b06_plasma_8w_timewise_da_as_released,provided,not_selected,MoTrPAC_pass1b06_rat,motrpac_pass1b06_plasma_8w,motrpac_pass1b06_plasma_8w_trained_vs_sedentary_female,not_reported,female
tg(52:2)>tg(16:0_18:1_18:1)_and_tg(16:0_18:0_18:2)_m+nh3_feature5 [refmet: tg(52:2)_lp_e],tg(52:2)_lp_e,unclassified_no_refmet_match,0.17150451,log2fc,0.33651632,1.0,benjamini_hochberg,within_female_stratum_pass1b06_plasma_8w_timewise_da_as_released,provided,not_selected,MoTrPAC_pass1b06_rat,motrpac_pass1b06_plasma_8w,motrpac_pass1b06_plasma_8w_trained_vs_sedentary_female,not_reported,female
pc(42:10)>pc(20:4_22:6)_m+h2co2_feature1 [refmet: pc(20:4_22:6)],pc(20:4_22:6),unclassified_no_refmet_match,-0.17136805,log2fc,0.18190914,1.0,benjamini_hochberg,within_female_stratum_pass1b06_plasma_8w_timewise_da_as_released,provided,not_selected,MoTrPAC_pass1b06_rat,motrpac_pass1b06_plasma_8w,motrpac_pass1b06_plasma_8w_trained_vs_sedentary_female,not_reported,female
cer(d41:2)>cer(d18:2/23:0)_feature2 [refmet: cer(d18:2/23:0)_lp_b],cer(d18:2/23:0)_lp_b,unclassified_no_refmet_match,0.1710364,log2fc,0.21561514,1.0,benjamini_hochberg,within_female_stratum_pass1b06_plasma_8w_timewise_da_as_released,provided,not_selected,MoTrPAC_pass1b06_rat,motrpac_pass1b06_plasma_8w,motrpac_pass1b06_plasma_8w_trained_vs_sedentary_female,not_reported,female
c20:1 lpe [refmet: lpe(20:1)],lpe(20:1),unclassified_no_refmet_match,0.170813,log2fc,0.31227434,1.0,benjamini_hochberg,within_female_stratum_pass1b06_plasma_8w_timewise_da_as_released,provided,not_selected,MoTrPAC_pass1b06_rat,motrpac_pass1b06_plasma_8w,motrpac_pass1b06_plasma_8w_trained_vs_sedentary_female,not_reported,female
pc(34:1)>pc(16:0_18:1)_m+h2co2_feature2 [refmet: pc(16:0_18:1)_ln_b],pc(16:0_18:1)_ln_b,unclassified_no_refmet_match,0.1705681,log2fc,0.069865555,1.0,benjamini_hochberg,within_female_stratum_pass1b06_plasma_8w_timewise_da_as_released,provided,not_selected,MoTrPAC_pass1b06_rat,motrpac_pass1b06_plasma_8w,motrpac_pass1b06_plasma_8w_trained_vs_sedentary_female,not_reported,female
pe(o-36:3)_feature2 [refmet: pe(o-36:3)_lp_b],pe(o-36:3)_lp_b,unclassified_no_refmet_match,-0.17033064,log2fc,0.68840533,1.0,benjamini_hochberg,within_female_stratum_pass1b06_plasma_8w_timewise_da_as_released,provided,not_selected,MoTrPAC_pass1b06_rat,motrpac_pass1b06_plasma_8w,motrpac_pass1b06_plasma_8w_trained_vs_sedentary_female,not_reported,female
pc(34:2),pc(34:2),unclassified_no_refmet_match,0.17019513,log2fc,0.26107857,1.0,benjamini_hochberg,within_female_stratum_pass1b06_plasma_8w_timewise_da_as_released,provided,not_selected,MoTrPAC_pass1b06_rat,motrpac_pass1b06_plasma_8w,motrpac_pass1b06_plasma_8w_trained_vs_sedentary_female,not_reported,female
pc(32:0)_feature2 [refmet: pc(32:0)_lp_b],pc(32:0)_lp_b,unclassified_no_refmet_match,-0.16963828,log2fc,0.35131735,1.0,benjamini_hochberg,within_female_stratum_pass1b06_plasma_8w_timewise_da_as_released,provided,not_selected,MoTrPAC_pass1b06_rat,motrpac_pass1b06_plasma_8w,motrpac_pass1b06_plasma_8w_trained_vs_sedentary_female,not_reported,female
pc(34:1),pc(34:1),unclassified_no_refmet_match,0.16925554,log2fc,0.15377752,1.0,benjamini_hochberg,within_female_stratum_pass1b06_plasma_8w_timewise_da_as_released,provided,not_selected,MoTrPAC_pass1b06_rat,motrpac_pass1b06_plasma_8w,motrpac_pass1b06_plasma_8w_trained_vs_sedentary_female,not_reported,female
c22:6 lpc [refmet: lpc(22:6)],lpc(22:6),unclassified_no_refmet_match,-0.1690318,log2fc,0.17840008,1.0,benjamini_hochberg,within_female_stratum_pass1b06_plasma_8w_timewise_da_as_released,provided,not_selected,MoTrPAC_pass1b06_rat,motrpac_pass1b06_plasma_8w,motrpac_pass1b06_plasma_8w_trained_vs_sedentary_female,not_reported,female
diethylphthalate [refmet: diethyl phthalate],diethyl phthalate,Benzenoids,0.16869986,log2fc,0.3597231,1.0,benjamini_hochberg,within_female_stratum_pass1b06_plasma_8w_timewise_da_as_released,provided,not_selected,MoTrPAC_pass1b06_rat,motrpac_pass1b06_plasma_8w,motrpac_pass1b06_plasma_8w_trained_vs_sedentary_female,not_reported,female
tg(56:7)_m+nh3_feature5 [refmet: tg(56:7)_lp_e],tg(56:7)_lp_e,unclassified_no_refmet_match,0.16789609,log2fc,0.2365645,1.0,benjamini_hochberg,within_female_stratum_pass1b06_plasma_8w_timewise_da_as_released,provided,not_selected,MoTrPAC_pass1b06_rat,motrpac_pass1b06_plasma_8w,motrpac_pass1b06_plasma_8w_trained_vs_sedentary_female,not_reported,female
lpc(0:0/18:2)_feature1 [refmet: lpc(0:0/18:2)_lp_a],lpc(0:0/18:2)_lp_a,unclassified_no_refmet_match,-0.16764605,log2fc,0.821285,1.0,benjamini_hochberg,within_female_stratum_pass1b06_plasma_8w_timewise_da_as_released,provided,not_selected,MoTrPAC_pass1b06_rat,motrpac_pass1b06_plasma_8w,motrpac_pass1b06_plasma_8w_trained_vs_sedentary_female,not_reported,female
sm(d40:2),sm(d40:2),unclassified_no_refmet_match,0.16697945,log2fc,0.29304144,1.0,benjamini_hochberg,within_female_stratum_pass1b06_plasma_8w_timewise_da_as_released,provided,not_selected,MoTrPAC_pass1b06_rat,motrpac_pass1b06_plasma_8w,motrpac_pass1b06_plasma_8w_trained_vs_sedentary_female,not_reported,female
c20:4 lpc b [refmet: lpc(20:4)_hp_b],lpc(20:4)_hp_b,unclassified_no_refmet_match,-0.16673334,log2fc,0.21854278,1.0,benjamini_hochberg,within_female_stratum_pass1b06_plasma_8w_timewise_da_as_released,provided,not_selected,MoTrPAC_pass1b06_rat,motrpac_pass1b06_plasma_8w,motrpac_pass1b06_plasma_8w_trained_vs_sedentary_female,not_reported,female
oleic acid [source metabolite label NA],oleic acid,Fatty Acyls,0.16633633,log2fc,0.4437334,1.0,benjamini_hochberg,within_female_stratum_pass1b06_plasma_8w_timewise_da_as_released,provided,not_selected,MoTrPAC_pass1b06_rat,motrpac_pass1b06_plasma_8w,motrpac_pass1b06_plasma_8w_trained_vs_sedentary_female,not_reported,female
pc(42:4)_feature2 [refmet: pc(42:4)_lp_b],pc(42:4)_lp_b,unclassified_no_refmet_match,-0.16614866,log2fc,0.36068287,1.0,benjamini_hochberg,within_female_stratum_pass1b06_plasma_8w_timewise_da_as_released,provided,not_selected,MoTrPAC_pass1b06_rat,motrpac_pass1b06_plasma_8w,motrpac_pass1b06_plasma_8w_trained_vs_sedentary_female,not_reported,female
pc(o-40:3)_feature2 [refmet: pc(o-40:3)_lp_b],pc(o-40:3)_lp_b,unclassified_no_refmet_match,0.16515313,log2fc,0.33045667,1.0,benjamini_hochberg,within_female_stratum_pass1b06_plasma_8w_timewise_da_as_released,provided,not_selected,MoTrPAC_pass1b06_rat,motrpac_pass1b06_plasma_8w,motrpac_pass1b06_plasma_8w_trained_vs_sedentary_female,not_reported,female
lpe(22:6)_feature2 [refmet: lpe(22:6)_ln_b],lpe(22:6)_ln_b,unclassified_no_refmet_match,-0.16465722,log2fc,0.15623124,1.0,benjamini_hochberg,within_female_stratum_pass1b06_plasma_8w_timewise_da_as_released,provided,not_selected,MoTrPAC_pass1b06_rat,motrpac_pass1b06_plasma_8w,motrpac_pass1b06_plasma_8w_trained_vs_sedentary_female,not_reported,female
pc(40:6),pc(40:6),unclassified_no_refmet_match,0.16465332,log2fc,0.23893094,1.0,benjamini_hochberg,within_female_stratum_pass1b06_plasma_8w_timewise_da_as_released,provided,not_selected,MoTrPAC_pass1b06_rat,motrpac_pass1b06_plasma_8w,motrpac_pass1b06_plasma_8w_trained_vs_sedentary_female,not_reported,female
fa(18:4) [refmet: octadecatetraenoic acid],octadecatetraenoic acid,Fatty Acyls,-0.16411799,log2fc,0.6235818,1.0,benjamini_hochberg,within_female_stratum_pass1b06_plasma_8w_timewise_da_as_released,provided,not_selected,MoTrPAC_pass1b06_rat,motrpac_pass1b06_plasma_8w,motrpac_pass1b06_plasma_8w_trained_vs_sedentary_female,not_reported,female
pc(37:0)_feature4 [refmet: pc(37:0)_lp_d],pc(37:0)_lp_d,unclassified_no_refmet_match,0.16356502,log2fc,0.293193,1.0,benjamini_hochberg,within_female_stratum_pass1b06_plasma_8w_timewise_da_as_released,provided,not_selected,MoTrPAC_pass1b06_rat,motrpac_pass1b06_plasma_8w,motrpac_pass1b06_plasma_8w_trained_vs_sedentary_female,not_reported,female
c20:0 sm [refmet: sm(d18:1/20:0)],sm(d18:1/20:0),unclassified_no_refmet_match,-0.16356258,log2fc,0.19161984,1.0,benjamini_hochberg,within_female_stratum_pass1b06_plasma_8w_timewise_da_as_released,provided,not_selected,MoTrPAC_pass1b06_rat,motrpac_pass1b06_plasma_8w,motrpac_pass1b06_plasma_8w_trained_vs_sedentary_female,not_reported,female
tryptophan [source metabolite label NA],tryptophan,Organic acids,0.16324528,log2fc,0.04089197,1.0,benjamini_hochberg,within_female_stratum_pass1b06_plasma_8w_timewise_da_as_released,provided,not_selected,MoTrPAC_pass1b06_rat,motrpac_pass1b06_plasma_8w,motrpac_pass1b06_plasma_8w_trained_vs_sedentary_female,not_reported,female
c38:5 pe plasmalogen [refmet: pe(p-38:4)/pe(o-38:5)],pe(p-38:4)/pe(o-38:5),unclassified_no_refmet_match,-0.16303973,log2fc,0.46344087,1.0,benjamini_hochberg,within_female_stratum_pass1b06_plasma_8w_timewise_da_as_released,provided,not_selected,MoTrPAC_pass1b06_rat,motrpac_pass1b06_plasma_8w,motrpac_pass1b06_plasma_8w_trained_vs_sedentary_female,not_reported,female
pc(38:3)>pc(18:0_20:3)_m+h2co2_feature3 [refmet: pc(18:0_20:3)_ln_c],pc(18:0_20:3)_ln_c,unclassified_no_refmet_match,0.16233718,log2fc,0.21903788,1.0,benjamini_hochberg,within_female_stratum_pass1b06_plasma_8w_timewise_da_as_released,provided,not_selected,MoTrPAC_pass1b06_rat,motrpac_pass1b06_plasma_8w,motrpac_pass1b06_plasma_8w_trained_vs_sedentary_female,not_reported,female
ps(o-40:7)>ps(o-20:3/20:4)_feature2 [refmet: ps(o-20:3/20:4)_ln_b],ps(o-20:3/20:4)_ln_b,unclassified_no_refmet_match,-0.16221051,log2fc,0.4834648,1.0,benjamini_hochberg,within_female_stratum_pass1b06_plasma_8w_timewise_da_as_released,provided,not_selected,MoTrPAC_pass1b06_rat,motrpac_pass1b06_plasma_8w,motrpac_pass1b06_plasma_8w_trained_vs_sedentary_female,not_reported,female
3-hydroxyphenyl-valerate [refmet: 3-hydroxyphenyl valeric acid],3-hydroxyphenyl valeric acid,Fatty Acyls,-0.1618756,log2fc,0.57795227,1.0,benjamini_hochberg,within_female_stratum_pass1b06_plasma_8w_timewise_da_as_released,provided,not_selected,MoTrPAC_pass1b06_rat,motrpac_pass1b06_plasma_8w,motrpac_pass1b06_plasma_8w_trained_vs_sedentary_female,not_reported,female
tg(56:4)>tg(18:0_18:0_20:4)_m+nh3_feature5 [refmet: tg(56:4)_lp_e],tg(56:4)_lp_e,unclassified_no_refmet_match,0.16179524,log2fc,0.51874524,1.0,benjamini_hochberg,within_female_stratum_pass1b06_plasma_8w_timewise_da_as_released,provided,not_selected,MoTrPAC_pass1b06_rat,motrpac_pass1b06_plasma_8w,motrpac_pass1b06_plasma_8w_trained_vs_sedentary_female,not_reported,female
lpc(16:0)_lp_a [refmet: lpc(16:0)_ln_a],lpc(16:0)_ln_a,unclassified_no_refmet_match,0.16170862,log2fc,0.24468328,1.0,benjamini_hochberg,within_female_stratum_pass1b06_plasma_8w_timewise_da_as_released,provided,not_selected,MoTrPAC_pass1b06_rat,motrpac_pass1b06_plasma_8w,motrpac_pass1b06_plasma_8w_trained_vs_sedentary_female,not_reported,female
pc(39:4)_feature3 [refmet: pc(39:4)_lp_c],pc(39:4)_lp_c,unclassified_no_refmet_match,-0.16155389,log2fc,0.27331284,1.0,benjamini_hochberg,within_female_stratum_pass1b06_plasma_8w_timewise_da_as_released,provided,not_selected,MoTrPAC_pass1b06_rat,motrpac_pass1b06_plasma_8w,motrpac_pass1b06_plasma_8w_trained_vs_sedentary_female,not_reported,female
tg(56:8)_m+nh3_feature5 [refmet: tg(56:8)_lp_e],tg(56:8)_lp_e,unclassified_no_refmet_match,0.16111739,log2fc,0.26060352,1.0,benjamini_hochberg,within_female_stratum_pass1b06_plasma_8w_timewise_da_as_released,provided,not_selected,MoTrPAC_pass1b06_rat,motrpac_pass1b06_plasma_8w,motrpac_pass1b06_plasma_8w_trained_vs_sedentary_female,not_reported,female
lpc(22:5)_feature2 [refmet: lpc(22:5)_ln_b],lpc(22:5)_ln_b,unclassified_no_refmet_match,0.16095677,log2fc,0.1842934,1.0,benjamini_hochberg,within_female_stratum_pass1b06_plasma_8w_timewise_da_as_released,provided,not_selected,MoTrPAC_pass1b06_rat,motrpac_pass1b06_plasma_8w,motrpac_pass1b06_plasma_8w_trained_vs_sedentary_female,not_reported,female
methylguanidine,methylguanidine,Organic nitrogen compounds,-0.16011554,log2fc,0.7272653,1.0,benjamini_hochberg,within_female_stratum_pass1b06_plasma_8w_timewise_da_as_released,provided,not_selected,MoTrPAC_pass1b06_rat,motrpac_pass1b06_plasma_8w,motrpac_pass1b06_plasma_8w_trained_vs_sedentary_female,not_reported,female
glycohyodeoxycholate [refmet: glycohyodeoxycholic acid],glycohyodeoxycholic acid,Sterol Lipids,-0.15977986,log2fc,0.83047664,1.0,benjamini_hochberg,within_female_stratum_pass1b06_plasma_8w_timewise_da_as_released,provided,not_selected,MoTrPAC_pass1b06_rat,motrpac_pass1b06_plasma_8w,motrpac_pass1b06_plasma_8w_trained_vs_sedentary_female,not_reported,female
tg(52:3)>tg(16:0_18:1_18:2)_m+nh3_feature3 [refmet: tg(52:3)_lp_c],tg(52:3)_lp_c,unclassified_no_refmet_match,0.1597793,log2fc,0.3838121,1.0,benjamini_hochberg,within_female_stratum_pass1b06_plasma_8w_timewise_da_as_released,provided,not_selected,MoTrPAC_pass1b06_rat,motrpac_pass1b06_plasma_8w,motrpac_pass1b06_plasma_8w_trained_vs_sedentary_female,not_reported,female
lpe(16:0/0:0)_feature1and2 [refmet: lpe(16:0)_lp_ab],lpe(16:0)_lp_ab,unclassified_no_refmet_match,0.15940282,log2fc,0.29499388,1.0,benjamini_hochberg,within_female_stratum_pass1b06_plasma_8w_timewise_da_as_released,provided,not_selected,MoTrPAC_pass1b06_rat,motrpac_pass1b06_plasma_8w,motrpac_pass1b06_plasma_8w_trained_vs_sedentary_female,not_reported,female
lpe(18:1/0:0)_and_lpe(0:0/18:1)_feature1and2 [refmet: lpe(18:1)_lp_ab],lpe(18:1)_lp_ab,unclassified_no_refmet_match,0.1588703,log2fc,0.2593623,1.0,benjamini_hochberg,within_female_stratum_pass1b06_plasma_8w_timewise_da_as_released,provided,not_selected,MoTrPAC_pass1b06_rat,motrpac_pass1b06_plasma_8w,motrpac_pass1b06_plasma_8w_trained_vs_sedentary_female,not_reported,female
pc(o-36:2)_feature2 [refmet: pc(o-36:2)_lp_b],pc(o-36:2)_lp_b,unclassified_no_refmet_match,0.158627,log2fc,0.33011597,1.0,benjamini_hochberg,within_female_stratum_pass1b06_plasma_8w_timewise_da_as_released,provided,not_selected,MoTrPAC_pass1b06_rat,motrpac_pass1b06_plasma_8w,motrpac_pass1b06_plasma_8w_trained_vs_sedentary_female,not_reported,female
tg(56:9)_m+nh3_feature1 [refmet: tg(56:9)_lp_a],tg(56:9)_lp_a,unclassified_no_refmet_match,0.15860641,log2fc,0.49780065,1.0,benjamini_hochberg,within_female_stratum_pass1b06_plasma_8w_timewise_da_as_released,provided,not_selected,MoTrPAC_pass1b06_rat,motrpac_pass1b06_plasma_8w,motrpac_pass1b06_plasma_8w_trained_vs_sedentary_female,not_reported,female
"5-henicosylbenzene-1,3-diol_feature1 [refmet: 5-heneicosyl-1,3-benzenediol]","5-heneicosyl-1,3-benzenediol",unclassified_no_refmet_match,0.1584965,log2fc,0.19625808,1.0,benjamini_hochberg,within_female_stratum_pass1b06_plasma_8w_timewise_da_as_released,provided,not_selected,MoTrPAC_pass1b06_rat,motrpac_pass1b06_plasma_8w,motrpac_pass1b06_plasma_8w_trained_vs_sedentary_female,not_reported,female
pc(44:12)_feature1 [refmet: pc(44:12)],pc(44:12),unclassified_no_refmet_match,-0.15828298,log2fc,0.2976327,1.0,benjamini_hochberg,within_female_stratum_pass1b06_plasma_8w_timewise_da_as_released,provided,not_selected,MoTrPAC_pass1b06_rat,motrpac_pass1b06_plasma_8w,motrpac_pass1b06_plasma_8w_trained_vs_sedentary_female,not_reported,female
lpc(22:4)_feature1and2 [refmet: lpc(22:4)_lp_ab],lpc(22:4)_lp_ab,unclassified_no_refmet_match,0.15788975,log2fc,0.2798136,1.0,benjamini_hochberg,within_female_stratum_pass1b06_plasma_8w_timewise_da_as_released,provided,not_selected,MoTrPAC_pass1b06_rat,motrpac_pass1b06_plasma_8w,motrpac_pass1b06_plasma_8w_trained_vs_sedentary_female,not_reported,female
campesterol ester(18:2)_m+nh3_feature1 [refmet: campesterol ester(18:2)],campesterol ester(18:2),unclassified_no_refmet_match,-0.15771161,log2fc,0.19788949,1.0,benjamini_hochberg,within_female_stratum_pass1b06_plasma_8w_timewise_da_as_released,provided,not_selected,MoTrPAC_pass1b06_rat,motrpac_pass1b06_plasma_8w,motrpac_pass1b06_plasma_8w_trained_vs_sedentary_female,not_reported,female
eicosatetraenoic acid [source metabolite label NA],eicosatetraenoic acid,Fatty Acyls,-0.15663719,log2fc,0.45406413,1.0,benjamini_hochberg,within_female_stratum_pass1b06_plasma_8w_timewise_da_as_released,provided,not_selected,MoTrPAC_pass1b06_rat,motrpac_pass1b06_plasma_8w,motrpac_pass1b06_plasma_8w_trained_vs_sedentary_female,not_reported,female
pe(o-40:8)>pe(o-18:2/22:6)_feature2 [refmet: pe(o-40:8)_lp_b],pe(o-40:8)_lp_b,unclassified_no_refmet_match,-0.15634285,log2fc,0.3900428,1.0,benjamini_hochberg,within_female_stratum_pass1b06_plasma_8w_timewise_da_as_released,provided,not_selected,MoTrPAC_pass1b06_rat,motrpac_pass1b06_plasma_8w,motrpac_pass1b06_plasma_8w_trained_vs_sedentary_female,not_reported,female
cer(d40:1)_m+h2co2_feature1 [refmet: cer(d40:1)_ln_a],cer(d40:1)_ln_a,unclassified_no_refmet_match,-0.15621808,log2fc,0.22555527,1.0,benjamini_hochberg,within_female_stratum_pass1b06_plasma_8w_timewise_da_as_released,provided,not_selected,MoTrPAC_pass1b06_rat,motrpac_pass1b06_plasma_8w,motrpac_pass1b06_plasma_8w_trained_vs_sedentary_female,not_reported,female
pc(33:1)_feature1 [refmet: pc(33:1)_lp_a],pc(33:1)_lp_a,unclassified_no_refmet_match,0.1560578,log2fc,0.16796233,1.0,benjamini_hochberg,within_female_stratum_pass1b06_plasma_8w_timewise_da_as_released,provided,not_selected,MoTrPAC_pass1b06_rat,motrpac_pass1b06_plasma_8w,motrpac_pass1b06_plasma_8w_trained_vs_sedentary_female,not_reported,female
serine [source metabolite label NA],serine,Organic acids,0.15600917,log2fc,0.0052149,1.0,benjamini_hochberg,within_female_stratum_pass1b06_plasma_8w_timewise_da_as_released,provided,not_selected,MoTrPAC_pass1b06_rat,motrpac_pass1b06_plasma_8w,motrpac_pass1b06_plasma_8w_trained_vs_sedentary_female,not_reported,female
fa(18:2-2oh)_feature1 [refmet: dihydroxyoctadecadienoic acid],dihydroxyoctadecadienoic acid,Fatty Acyls,-0.15532245,log2fc,0.5619279,1.0,benjamini_hochberg,within_female_stratum_pass1b06_plasma_8w_timewise_da_as_released,provided,not_selected,MoTrPAC_pass1b06_rat,motrpac_pass1b06_plasma_8w,motrpac_pass1b06_plasma_8w_trained_vs_sedentary_female,not_reported,female
pc(32:2)>pc(14:0_18:2)_m+h2co2_feature1 [refmet: pc(14:0_18:2)_ln_a],pc(14:0_18:2)_ln_a,unclassified_no_refmet_match,0.15474553,log2fc,0.34263214,1.0,benjamini_hochberg,within_female_stratum_pass1b06_plasma_8w_timewise_da_as_released,provided,not_selected,MoTrPAC_pass1b06_rat,motrpac_pass1b06_plasma_8w,motrpac_pass1b06_plasma_8w_trained_vs_sedentary_female,not_reported,female
pc(o-38:4)>pc(o-18:0/20:4)_m+h2co2_feature6 [refmet: pc(o-18:0/20:4)_ln_f],pc(o-18:0/20:4)_ln_f,unclassified_no_refmet_match,-0.15421467,log2fc,0.14756459,1.0,benjamini_hochberg,within_female_stratum_pass1b06_plasma_8w_timewise_da_as_released,provided,not_selected,MoTrPAC_pass1b06_rat,motrpac_pass1b06_plasma_8w,motrpac_pass1b06_plasma_8w_trained_vs_sedentary_female,not_reported,female
pe(38:5)>pe(18:1_20:4)_feature8 [refmet: pe(18:1_20:4)_lp_h],pe(18:1_20:4)_lp_h,unclassified_no_refmet_match,0.15336876,log2fc,0.51034987,1.0,benjamini_hochberg,within_female_stratum_pass1b06_plasma_8w_timewise_da_as_released,provided,not_selected,MoTrPAC_pass1b06_rat,motrpac_pass1b06_plasma_8w,motrpac_pass1b06_plasma_8w_trained_vs_sedentary_female,not_reported,female
fa(10:0-oh) [refmet: hydroxydecanoic acid],hydroxydecanoic acid,Fatty Acyls,0.15326855,log2fc,0.65727675,1.0,benjamini_hochberg,within_female_stratum_pass1b06_plasma_8w_timewise_da_as_released,provided,not_selected,MoTrPAC_pass1b06_rat,motrpac_pass1b06_plasma_8w,motrpac_pass1b06_plasma_8w_trained_vs_sedentary_female,not_reported,female
pyroglutamate [refmet: pyroglutamic acid],pyroglutamic acid,Organic acids,-0.1531046,log2fc,0.30279154,1.0,benjamini_hochberg,within_female_stratum_pass1b06_plasma_8w_timewise_da_as_released,provided,not_selected,MoTrPAC_pass1b06_rat,motrpac_pass1b06_plasma_8w,motrpac_pass1b06_plasma_8w_trained_vs_sedentary_female,not_reported,female
tg(54:5)>tg(18:1_18:2_18:2)_and_tg(16:0_16:0_22:5)_and_tg(16:0_18:1_20:4)_m+nh3_feature3 [refmet: tg(54:5)_lp_c],tg(54:5)_lp_c,unclassified_no_refmet_match,-0.15175748,log2fc,0.53626,1.0,benjamini_hochberg,within_female_stratum_pass1b06_plasma_8w_timewise_da_as_released,provided,not_selected,MoTrPAC_pass1b06_rat,motrpac_pass1b06_plasma_8w,motrpac_pass1b06_plasma_8w_trained_vs_sedentary_female,not_reported,female
s-allylcysteine [source metabolite label NA],s-allylcysteine,Organic acids,0.1512848,log2fc,0.50486887,1.0,benjamini_hochberg,within_female_stratum_pass1b06_plasma_8w_timewise_da_as_released,provided,not_selected,MoTrPAC_pass1b06_rat,motrpac_pass1b06_plasma_8w,motrpac_pass1b06_plasma_8w_trained_vs_sedentary_female,not_reported,female
pc(o-38:4)_feature3 [refmet: pc(o-38:4)_lp_c],pc(o-38:4)_lp_c,unclassified_no_refmet_match,0.15105547,log2fc,0.5452774,1.0,benjamini_hochberg,within_female_stratum_pass1b06_plasma_8w_timewise_da_as_released,provided,not_selected,MoTrPAC_pass1b06_rat,motrpac_pass1b06_plasma_8w,motrpac_pass1b06_plasma_8w_trained_vs_sedentary_female,not_reported,female
pc(36:2) [source metabolite label NA],pc(36:2),unclassified_no_refmet_match,0.15038443,log2fc,0.124387674,1.0,benjamini_hochberg,within_female_stratum_pass1b06_plasma_8w_timewise_da_as_released,provided,not_selected,MoTrPAC_pass1b06_rat,motrpac_pass1b06_plasma_8w,motrpac_pass1b06_plasma_8w_trained_vs_sedentary_female,not_reported,female
dg(36:5)>dg(18:2_18:3_0:0)_m+nh3_feature1 [refmet: dg(18:2_18:3)_lp_a],dg(18:2_18:3)_lp_a,unclassified_no_refmet_match,0.1496871,log2fc,0.5689008,1.0,benjamini_hochberg,within_female_stratum_pass1b06_plasma_8w_timewise_da_as_released,provided,not_selected,MoTrPAC_pass1b06_rat,motrpac_pass1b06_plasma_8w,motrpac_pass1b06_plasma_8w_trained_vs_sedentary_female,not_reported,female
tg(52:5)>tg(16:0_18:2_18:3)_m+nh3_feature5 [refmet: tg(16:0_18:2_18:3)_lp_e],tg(16:0_18:2_18:3)_lp_e,unclassified_no_refmet_match,0.14959823,log2fc,0.48226365,1.0,benjamini_hochberg,within_female_stratum_pass1b06_plasma_8w_timewise_da_as_released,provided,not_selected,MoTrPAC_pass1b06_rat,motrpac_pass1b06_plasma_8w,motrpac_pass1b06_plasma_8w_trained_vs_sedentary_female,not_reported,female
pc(30:0) [source metabolite label NA],pc(30:0),unclassified_no_refmet_match,-0.14925675,log2fc,0.49369016,1.0,benjamini_hochberg,within_female_stratum_pass1b06_plasma_8w_timewise_da_as_released,provided,not_selected,MoTrPAC_pass1b06_rat,motrpac_pass1b06_plasma_8w,motrpac_pass1b06_plasma_8w_trained_vs_sedentary_female,not_reported,female
cer(d42:2)>cer(d18:1/24:1)_feature3 [refmet: cer(d18:1/24:1)_lp_c],cer(d18:1/24:1)_lp_c,unclassified_no_refmet_match,-0.14910984,log2fc,0.4134119,1.0,benjamini_hochberg,within_female_stratum_pass1b06_plasma_8w_timewise_da_as_released,provided,not_selected,MoTrPAC_pass1b06_rat,motrpac_pass1b06_plasma_8w,motrpac_pass1b06_plasma_8w_trained_vs_sedentary_female,not_reported,female
pc(o-38:5)>pc(o-18:1/20:4)_m+h2co2_feature1 [refmet: pc(o-38:6)_ln_a],pc(o-38:6)_ln_a,unclassified_no_refmet_match,-0.14910284,log2fc,0.14423132,1.0,benjamini_hochberg,within_female_stratum_pass1b06_plasma_8w_timewise_da_as_released,provided,not_selected,MoTrPAC_pass1b06_rat,motrpac_pass1b06_plasma_8w,motrpac_pass1b06_plasma_8w_trained_vs_sedentary_female,not_reported,female
cysteine,cysteine,Organic acids,0.1489064,log2fc,0.38478014,1.0,benjamini_hochberg,within_female_stratum_pass1b06_plasma_8w_timewise_da_as_released,provided,not_selected,MoTrPAC_pass1b06_rat,motrpac_pass1b06_plasma_8w,motrpac_pass1b06_plasma_8w_trained_vs_sedentary_female,not_reported,female
azelaic acid [source metabolite label NA],azelaic acid,Fatty Acyls,0.14879188,log2fc,0.4707053,1.0,benjamini_hochberg,within_female_stratum_pass1b06_plasma_8w_timewise_da_as_released,provided,not_selected,MoTrPAC_pass1b06_rat,motrpac_pass1b06_plasma_8w,motrpac_pass1b06_plasma_8w_trained_vs_sedentary_female,not_reported,female
pc(o-38:2)_feature3 [refmet: pc(o-38:2)_lp_c],pc(o-38:2)_lp_c,unclassified_no_refmet_match,0.14858948,log2fc,0.4678673,1.0,benjamini_hochberg,within_female_stratum_pass1b06_plasma_8w_timewise_da_as_released,provided,not_selected,MoTrPAC_pass1b06_rat,motrpac_pass1b06_plasma_8w,motrpac_pass1b06_plasma_8w_trained_vs_sedentary_female,not_reported,female
cholesterol [source metabolite label NA],cholesterol,Sterol Lipids,-0.14852163,log2fc,0.2902999,1.0,benjamini_hochberg,within_female_stratum_pass1b06_plasma_8w_timewise_da_as_released,provided,not_selected,MoTrPAC_pass1b06_rat,motrpac_pass1b06_plasma_8w,motrpac_pass1b06_plasma_8w_trained_vs_sedentary_female,not_reported,female
pc(34:4)>pc(14:0_20:4)_m+h2co2_feature3 [refmet: pc(14:0_20:4)_ln_c],pc(14:0_20:4)_ln_c,unclassified_no_refmet_match,0.14837761,log2fc,0.27371177,1.0,benjamini_hochberg,within_female_stratum_pass1b06_plasma_8w_timewise_da_as_released,provided,not_selected,MoTrPAC_pass1b06_rat,motrpac_pass1b06_plasma_8w,motrpac_pass1b06_plasma_8w_trained_vs_sedentary_female,not_reported,female
pc(32:1)_feature3 [refmet: pc(32:1)_lp_c],pc(32:1)_lp_c,unclassified_no_refmet_match,-0.14833513,log2fc,0.43255696,1.0,benjamini_hochberg,within_female_stratum_pass1b06_plasma_8w_timewise_da_as_released,provided,not_selected,MoTrPAC_pass1b06_rat,motrpac_pass1b06_plasma_8w,motrpac_pass1b06_plasma_8w_trained_vs_sedentary_female,not_reported,female
indoleacetate [refmet: indoleacetic acid],indoleacetic acid,Alkaloids,0.14775196,log2fc,0.47267696,1.0,benjamini_hochberg,within_female_stratum_pass1b06_plasma_8w_timewise_da_as_released,provided,not_selected,MoTrPAC_pass1b06_rat,motrpac_pass1b06_plasma_8w,motrpac_pass1b06_plasma_8w_trained_vs_sedentary_female,not_reported,female
pc(39:5)_feature3 [refmet: pc(39:5)_lp_c],pc(39:5)_lp_c,unclassified_no_refmet_match,-0.14654657,log2fc,0.3090206,1.0,benjamini_hochberg,within_female_stratum_pass1b06_plasma_8w_timewise_da_as_released,provided,not_selected,MoTrPAC_pass1b06_rat,motrpac_pass1b06_plasma_8w,motrpac_pass1b06_plasma_8w_trained_vs_sedentary_female,not_reported,female
n-acetylhistamine,n-acetylhistamine,Organic nitrogen compounds,-0.1463338,log2fc,0.3791569,1.0,benjamini_hochberg,within_female_stratum_pass1b06_plasma_8w_timewise_da_as_released,provided,not_selected,MoTrPAC_pass1b06_rat,motrpac_pass1b06_plasma_8w,motrpac_pass1b06_plasma_8w_trained_vs_sedentary_female,not_reported,female
pc(o-34:2)_feature2 [refmet: pc(o-34:2)_lp_b],pc(o-34:2)_lp_b,unclassified_no_refmet_match,-0.14605464,log2fc,0.2780044,1.0,benjamini_hochberg,within_female_stratum_pass1b06_plasma_8w_timewise_da_as_released,provided,not_selected,MoTrPAC_pass1b06_rat,motrpac_pass1b06_plasma_8w,motrpac_pass1b06_plasma_8w_trained_vs_sedentary_female,not_reported,female
ketoisovalerate [refmet: ketoisovaleric acid],ketoisovaleric acid,Fatty Acyls,-0.14583285,log2fc,0.3342284,1.0,benjamini_hochberg,within_female_stratum_pass1b06_plasma_8w_timewise_da_as_released,provided,not_selected,MoTrPAC_pass1b06_rat,motrpac_pass1b06_plasma_8w,motrpac_pass1b06_plasma_8w_trained_vs_sedentary_female,not_reported,female
biliverdin [source metabolite label NA],biliverdin,Organoheterocyclic compounds,0.14552884,log2fc,0.3816616,1.0,benjamini_hochberg,within_female_stratum_pass1b06_plasma_8w_timewise_da_as_released,provided,not_selected,MoTrPAC_pass1b06_rat,motrpac_pass1b06_plasma_8w,motrpac_pass1b06_plasma_8w_trained_vs_sedentary_female,not_reported,female
pc(o-38:4)_feature2 [refmet: pc(o-38:4)_lp_b],pc(o-38:4)_lp_b,unclassified_no_refmet_match,0.14528045,log2fc,0.4254925,1.0,benjamini_hochberg,within_female_stratum_pass1b06_plasma_8w_timewise_da_as_released,provided,not_selected,MoTrPAC_pass1b06_rat,motrpac_pass1b06_plasma_8w,motrpac_pass1b06_plasma_8w_trained_vs_sedentary_female,not_reported,female
tg(48:2)>tg(14:0_16:0_18:2)_and_tg(14:0_16:1_18:1)_m+nh3_feature3 [refmet: tg(48:2)_lp_c],tg(48:2)_lp_c,unclassified_no_refmet_match,0.1452323,log2fc,0.6549337,1.0,benjamini_hochberg,within_female_stratum_pass1b06_plasma_8w_timewise_da_as_released,provided,not_selected,MoTrPAC_pass1b06_rat,motrpac_pass1b06_plasma_8w,motrpac_pass1b06_plasma_8w_trained_vs_sedentary_female,not_reported,female
ectoine,ectoine,Nucleic acids,0.1451588,log2fc,0.70652115,1.0,benjamini_hochberg,within_female_stratum_pass1b06_plasma_8w_timewise_da_as_released,provided,not_selected,MoTrPAC_pass1b06_rat,motrpac_pass1b06_plasma_8w,motrpac_pass1b06_plasma_8w_trained_vs_sedentary_female,not_reported,female
sm(d43:3)_feature1 [refmet: sm(d43:3)],sm(d43:3),unclassified_no_refmet_match,-0.14515655,log2fc,0.42907876,1.0,benjamini_hochberg,within_female_stratum_pass1b06_plasma_8w_timewise_da_as_released,provided,not_selected,MoTrPAC_pass1b06_rat,motrpac_pass1b06_plasma_8w,motrpac_pass1b06_plasma_8w_trained_vs_sedentary_female,not_reported,female
pc(40:7)_feature3 [refmet: pc(40:7)_lp_c],pc(40:7)_lp_c,unclassified_no_refmet_match,-0.1450015,log2fc,0.25539365,1.0,benjamini_hochberg,within_female_stratum_pass1b06_plasma_8w_timewise_da_as_released,provided,not_selected,MoTrPAC_pass1b06_rat,motrpac_pass1b06_plasma_8w,motrpac_pass1b06_plasma_8w_trained_vs_sedentary_female,not_reported,female
pc(o-42:6)_feature1 [refmet: pc(o-42:6)_lp_a],pc(o-42:6)_lp_a,unclassified_no_refmet_match,-0.14408596,log2fc,0.50320095,1.0,benjamini_hochberg,within_female_stratum_pass1b06_plasma_8w_timewise_da_as_released,provided,not_selected,MoTrPAC_pass1b06_rat,motrpac_pass1b06_plasma_8w,motrpac_pass1b06_plasma_8w_trained_vs_sedentary_female,not_reported,female
nmma [refmet: targinine],targinine,Organic acids,0.14250705,log2fc,0.13058172,1.0,benjamini_hochberg,within_female_stratum_pass1b06_plasma_8w_timewise_da_as_released,provided,not_selected,MoTrPAC_pass1b06_rat,motrpac_pass1b06_plasma_8w,motrpac_pass1b06_plasma_8w_trained_vs_sedentary_female,not_reported,female
pi(40:6)>pi(18:0_22:6)_feature2 [refmet: pi(18:0_22:6)_ln_b],pi(18:0_22:6)_ln_b,unclassified_no_refmet_match,0.14239053,log2fc,0.37108952,1.0,benjamini_hochberg,within_female_stratum_pass1b06_plasma_8w_timewise_da_as_released,provided,not_selected,MoTrPAC_pass1b06_rat,motrpac_pass1b06_plasma_8w,motrpac_pass1b06_plasma_8w_trained_vs_sedentary_female,not_reported,female
pi(38:5)>pi(18:1_20:4)_feature2 [refmet: pi(18:1_20:4)_lp_b],pi(18:1_20:4)_lp_b,unclassified_no_refmet_match,0.14125462,log2fc,0.72821474,1.0,benjamini_hochberg,within_female_stratum_pass1b06_plasma_8w_timewise_da_as_released,provided,not_selected,MoTrPAC_pass1b06_rat,motrpac_pass1b06_plasma_8w,motrpac_pass1b06_plasma_8w_trained_vs_sedentary_female,not_reported,female
cer(d36:1)>cer(d18:1/18:0)_feature1 [refmet: cer(d18:1/18:0)],cer(d18:1/18:0),unclassified_no_refmet_match,-0.14092858,log2fc,0.6196628,1.0,benjamini_hochberg,within_female_stratum_pass1b06_plasma_8w_timewise_da_as_released,provided,not_selected,MoTrPAC_pass1b06_rat,motrpac_pass1b06_plasma_8w,motrpac_pass1b06_plasma_8w_trained_vs_sedentary_female,not_reported,female
lpc(20:5)_feature1and2 [refmet: lpc(20:5)_lp_ab],lpc(20:5)_lp_ab,unclassified_no_refmet_match,0.14064457,log2fc,0.553153,1.0,benjamini_hochberg,within_female_stratum_pass1b06_plasma_8w_timewise_da_as_released,provided,not_selected,MoTrPAC_pass1b06_rat,motrpac_pass1b06_plasma_8w,motrpac_pass1b06_plasma_8w_trained_vs_sedentary_female,not_reported,female
proline [source metabolite label NA],proline,Organic acids,0.14054151,log2fc,0.038271844,1.0,benjamini_hochberg,within_female_stratum_pass1b06_plasma_8w_timewise_da_as_released,provided,not_selected,MoTrPAC_pass1b06_rat,motrpac_pass1b06_plasma_8w,motrpac_pass1b06_plasma_8w_trained_vs_sedentary_female,not_reported,female
pc(40:2)_feature2 [refmet: pc(40:2)_lp_b],pc(40:2)_lp_b,unclassified_no_refmet_match,-0.14042836,log2fc,0.3204697,1.0,benjamini_hochberg,within_female_stratum_pass1b06_plasma_8w_timewise_da_as_released,provided,not_selected,MoTrPAC_pass1b06_rat,motrpac_pass1b06_plasma_8w,motrpac_pass1b06_plasma_8w_trained_vs_sedentary_female,not_reported,female
lpc(0:0/22:5)_feature1 [refmet: lpc(0:0/22:5)_lp_a],lpc(0:0/22:5)_lp_a,unclassified_no_refmet_match,0.14015754,log2fc,0.28852892,1.0,benjamini_hochberg,within_female_stratum_pass1b06_plasma_8w_timewise_da_as_released,provided,not_selected,MoTrPAC_pass1b06_rat,motrpac_pass1b06_plasma_8w,motrpac_pass1b06_plasma_8w_trained_vs_sedentary_female,not_reported,female
indole-3-methyl acetate,indole-3-methyl acetate,Alkaloids,0.13980633,log2fc,0.55578864,1.0,benjamini_hochberg,within_female_stratum_pass1b06_plasma_8w_timewise_da_as_released,provided,not_selected,MoTrPAC_pass1b06_rat,motrpac_pass1b06_plasma_8w,motrpac_pass1b06_plasma_8w_trained_vs_sedentary_female,not_reported,female
cis-aconitic acid [source metabolite label NA],cis-aconitic acid,Organic acids,-0.13935079,log2fc,0.63840896,1.0,benjamini_hochberg,within_female_stratum_pass1b06_plasma_8w_timewise_da_as_released,provided,not_selected,MoTrPAC_pass1b06_rat,motrpac_pass1b06_plasma_8w,motrpac_pass1b06_plasma_8w_trained_vs_sedentary_female,not_reported,female
pc(34:2)_feature1 [refmet: pc(34:2)_lp_a],pc(34:2)_lp_a,unclassified_no_refmet_match,0.13888898,log2fc,0.25924683,1.0,benjamini_hochberg,within_female_stratum_pass1b06_plasma_8w_timewise_da_as_released,provided,not_selected,MoTrPAC_pass1b06_rat,motrpac_pass1b06_plasma_8w,motrpac_pass1b06_plasma_8w_trained_vs_sedentary_female,not_reported,female
cer(d42:1)>cer(d18:1/24:0)_feature2 [refmet: cer(d18:1/24:0)_lp_b],cer(d18:1/24:0)_lp_b,unclassified_no_refmet_match,0.1388013,log2fc,0.34458497,1.0,benjamini_hochberg,within_female_stratum_pass1b06_plasma_8w_timewise_da_as_released,provided,not_selected,MoTrPAC_pass1b06_rat,motrpac_pass1b06_plasma_8w,motrpac_pass1b06_plasma_8w_trained_vs_sedentary_female,not_reported,female
lpc(17:0)_feature1and2 [refmet: lpc(17:0)_ln_ab],lpc(17:0)_ln_ab,unclassified_no_refmet_match,0.13790019,log2fc,0.3889294,1.0,benjamini_hochberg,within_female_stratum_pass1b06_plasma_8w_timewise_da_as_released,provided,not_selected,MoTrPAC_pass1b06_rat,motrpac_pass1b06_plasma_8w,motrpac_pass1b06_plasma_8w_trained_vs_sedentary_female,not_reported,female
cer(d41:0)>cer(d18:0/23:0)_feature1 [refmet: cer(d18:0/23:0)],cer(d18:0/23:0),unclassified_no_refmet_match,-0.1373766,log2fc,0.39082313,1.0,benjamini_hochberg,within_female_stratum_pass1b06_plasma_8w_timewise_da_as_released,provided,not_selected,MoTrPAC_pass1b06_rat,motrpac_pass1b06_plasma_8w,motrpac_pass1b06_plasma_8w_trained_vs_sedentary_female,not_reported,female
dg(34:2)>dg(16:0_18:2_0:0)_m+nh3_feature3 [refmet: dg(16:0_18:2)_lp_c],dg(16:0_18:2)_lp_c,unclassified_no_refmet_match,0.13716255,log2fc,0.34169158,1.0,benjamini_hochberg,within_female_stratum_pass1b06_plasma_8w_timewise_da_as_released,provided,not_selected,MoTrPAC_pass1b06_rat,motrpac_pass1b06_plasma_8w,motrpac_pass1b06_plasma_8w_trained_vs_sedentary_female,not_reported,female
biotin,biotin,Organoheterocyclic compounds,-0.13708371,log2fc,0.49490902,1.0,benjamini_hochberg,within_female_stratum_pass1b06_plasma_8w_timewise_da_as_released,provided,not_selected,MoTrPAC_pass1b06_rat,motrpac_pass1b06_plasma_8w,motrpac_pass1b06_plasma_8w_trained_vs_sedentary_female,not_reported,female
sm(d44:2)_m+h2co2_feature1 [refmet: sm(d44:2)_ln_a],sm(d44:2)_ln_a,unclassified_no_refmet_match,0.13690846,log2fc,0.37563953,1.0,benjamini_hochberg,within_female_stratum_pass1b06_plasma_8w_timewise_da_as_released,provided,not_selected,MoTrPAC_pass1b06_rat,motrpac_pass1b06_plasma_8w,motrpac_pass1b06_plasma_8w_trained_vs_sedentary_female,not_reported,female
pi(34:2)>pi(16:0_18:2)_feature1 [refmet: pi(16:0_18:2)],pi(16:0_18:2),unclassified_no_refmet_match,0.13615115,log2fc,0.22880965,1.0,benjamini_hochberg,within_female_stratum_pass1b06_plasma_8w_timewise_da_as_released,provided,not_selected,MoTrPAC_pass1b06_rat,motrpac_pass1b06_plasma_8w,motrpac_pass1b06_plasma_8w_trained_vs_sedentary_female,not_reported,female
sm(d40:2)_feature1 [refmet: sm(d40:2)_lp_a],sm(d40:2)_lp_a,unclassified_no_refmet_match,-0.13597113,log2fc,0.43905166,1.0,benjamini_hochberg,within_female_stratum_pass1b06_plasma_8w_timewise_da_as_released,provided,not_selected,MoTrPAC_pass1b06_rat,motrpac_pass1b06_plasma_8w,motrpac_pass1b06_plasma_8w_trained_vs_sedentary_female,not_reported,female
alpha-muricholate [refmet: alpha-muricholic acid],alpha-muricholic acid,Sterol Lipids,-0.13522176,log2fc,0.8732447,1.0,benjamini_hochberg,within_female_stratum_pass1b06_plasma_8w_timewise_da_as_released,provided,not_selected,MoTrPAC_pass1b06_rat,motrpac_pass1b06_plasma_8w,motrpac_pass1b06_plasma_8w_trained_vs_sedentary_female,not_reported,female
pc(37:4)_feature2 [refmet: pc(37:4)_lp_b],pc(37:4)_lp_b,unclassified_no_refmet_match,-0.13487266,log2fc,0.35449168,1.0,benjamini_hochberg,within_female_stratum_pass1b06_plasma_8w_timewise_da_as_released,provided,not_selected,MoTrPAC_pass1b06_rat,motrpac_pass1b06_plasma_8w,motrpac_pass1b06_plasma_8w_trained_vs_sedentary_female,not_reported,female
lpc(20:0/0:0)_feature2 [refmet: lpc(20:0/0:0)_lp_b],lpc(20:0/0:0)_lp_b,unclassified_no_refmet_match,-0.1347484,log2fc,0.3605656,1.0,benjamini_hochberg,within_female_stratum_pass1b06_plasma_8w_timewise_da_as_released,provided,not_selected,MoTrPAC_pass1b06_rat,motrpac_pass1b06_plasma_8w,motrpac_pass1b06_plasma_8w_trained_vs_sedentary_female,not_reported,female
n-acetylmethionine,n-acetylmethionine,Organic acids,0.1346309,log2fc,0.29480582,1.0,benjamini_hochberg,within_female_stratum_pass1b06_plasma_8w_timewise_da_as_released,provided,not_selected,MoTrPAC_pass1b06_rat,motrpac_pass1b06_plasma_8w,motrpac_pass1b06_plasma_8w_trained_vs_sedentary_female,not_reported,female
glucose [source metabolite label NA],glucose,Carbohydrates,0.13453452,log2fc,0.19209027,1.0,benjamini_hochberg,within_female_stratum_pass1b06_plasma_8w_timewise_da_as_released,provided,not_selected,MoTrPAC_pass1b06_rat,motrpac_pass1b06_plasma_8w,motrpac_pass1b06_plasma_8w_trained_vs_sedentary_female,not_reported,female
pc(40:4)>pc(18:0_22:4)_m+h2co2_feature2 [refmet: pc(18:0_22:4)_ln_b],pc(18:0_22:4)_ln_b,unclassified_no_refmet_match,-0.13453011,log2fc,0.23808499,1.0,benjamini_hochberg,within_female_stratum_pass1b06_plasma_8w_timewise_da_as_released,provided,not_selected,MoTrPAC_pass1b06_rat,motrpac_pass1b06_plasma_8w,motrpac_pass1b06_plasma_8w_trained_vs_sedentary_female,not_reported,female
n-acetyltryptophan [refmet: n-acetyl-d-tryptophan],n-acetyl-d-tryptophan,Organic acids,-0.13151634,log2fc,0.18069836,1.0,benjamini_hochberg,within_female_stratum_pass1b06_plasma_8w_timewise_da_as_released,provided,not_selected,MoTrPAC_pass1b06_rat,motrpac_pass1b06_plasma_8w,motrpac_pass1b06_plasma_8w_trained_vs_sedentary_female,not_reported,female
pc(34:1)_feature2 [refmet: pc(34:1)_lp_b],pc(34:1)_lp_b,unclassified_no_refmet_match,0.1302986,log2fc,0.25116292,1.0,benjamini_hochberg,within_female_stratum_pass1b06_plasma_8w_timewise_da_as_released,provided,not_selected,MoTrPAC_pass1b06_rat,motrpac_pass1b06_plasma_8w,motrpac_pass1b06_plasma_8w_trained_vs_sedentary_female,not_reported,female
pe(o-40:6)>pe(o-18:1/22:5)_feature4 [refmet: pe(o-18:1/22:5)_lp_d],pe(o-18:1/22:5)_lp_d,unclassified_no_refmet_match,-0.12994196,log2fc,0.52909255,1.0,benjamini_hochberg,within_female_stratum_pass1b06_plasma_8w_timewise_da_as_released,provided,not_selected,MoTrPAC_pass1b06_rat,motrpac_pass1b06_plasma_8w,motrpac_pass1b06_plasma_8w_trained_vs_sedentary_female,not_reported,female
c40:7 pe plasmalogen [refmet: pe(p-40:6)/pe(o-40:7)],pe(p-40:6)/pe(o-40:7),unclassified_no_refmet_match,-0.12979774,log2fc,0.14189917,1.0,benjamini_hochberg,within_female_stratum_pass1b06_plasma_8w_timewise_da_as_released,provided,not_selected,MoTrPAC_pass1b06_rat,motrpac_pass1b06_plasma_8w,motrpac_pass1b06_plasma_8w_trained_vs_sedentary_female,not_reported,female
lpc(0:0/16:0)_feature1 [refmet: lpc(0:0/16:0)_lp_a],lpc(0:0/16:0)_lp_a,unclassified_no_refmet_match,0.12975332,log2fc,0.41190454,1.0,benjamini_hochberg,within_female_stratum_pass1b06_plasma_8w_timewise_da_as_released,provided,not_selected,MoTrPAC_pass1b06_rat,motrpac_pass1b06_plasma_8w,motrpac_pass1b06_plasma_8w_trained_vs_sedentary_female,not_reported,female
n6-methyllysine [refmet: n(6)-methyllysine],n(6)-methyllysine,Organic acids,0.12963882,log2fc,0.08601231,1.0,benjamini_hochberg,within_female_stratum_pass1b06_plasma_8w_timewise_da_as_released,provided,not_selected,MoTrPAC_pass1b06_rat,motrpac_pass1b06_plasma_8w,motrpac_pass1b06_plasma_8w_trained_vs_sedentary_female,not_reported,female
sm(d43:2)_feature2 [refmet: sm(d43:2)_lp_b],sm(d43:2)_lp_b,unclassified_no_refmet_match,-0.12902613,log2fc,0.4783644,1.0,benjamini_hochberg,within_female_stratum_pass1b06_plasma_8w_timewise_da_as_released,provided,not_selected,MoTrPAC_pass1b06_rat,motrpac_pass1b06_plasma_8w,motrpac_pass1b06_plasma_8w_trained_vs_sedentary_female,not_reported,female
pantothenic acid [source metabolite label NA],pantothenic acid,Organic acids,0.12900716,log2fc,0.1643225,1.0,benjamini_hochberg,within_female_stratum_pass1b06_plasma_8w_timewise_da_as_released,provided,not_selected,MoTrPAC_pass1b06_rat,motrpac_pass1b06_plasma_8w,motrpac_pass1b06_plasma_8w_trained_vs_sedentary_female,not_reported,female
ce(18:2)_m+nh3_feature1 [refmet: ce(18:2)],ce(18:2),unclassified_no_refmet_match,0.1283934,log2fc,0.2460169,1.0,benjamini_hochberg,within_female_stratum_pass1b06_plasma_8w_timewise_da_as_released,provided,not_selected,MoTrPAC_pass1b06_rat,motrpac_pass1b06_plasma_8w,motrpac_pass1b06_plasma_8w_trained_vs_sedentary_female,not_reported,female
pc(40:8)>pc(20:4_20:4)_m+h2co2_feature1 [refmet: pc(20:4_20:4)],pc(20:4_20:4),unclassified_no_refmet_match,-0.12801306,log2fc,0.18374096,1.0,benjamini_hochberg,within_female_stratum_pass1b06_plasma_8w_timewise_da_as_released,provided,not_selected,MoTrPAC_pass1b06_rat,motrpac_pass1b06_plasma_8w,motrpac_pass1b06_plasma_8w_trained_vs_sedentary_female,not_reported,female
pc(42:7)_feature4 [refmet: pc(42:7)_lp_d],pc(42:7)_lp_d,unclassified_no_refmet_match,-0.12743653,log2fc,0.4422668,1.0,benjamini_hochberg,within_female_stratum_pass1b06_plasma_8w_timewise_da_as_released,provided,not_selected,MoTrPAC_pass1b06_rat,motrpac_pass1b06_plasma_8w,motrpac_pass1b06_plasma_8w_trained_vs_sedentary_female,not_reported,female
cer(d18:1/16:0) [source metabolite label NA],cer(d18:1/16:0),unclassified_no_refmet_match,-0.1270958,log2fc,0.23106818,1.0,benjamini_hochberg,within_female_stratum_pass1b06_plasma_8w_timewise_da_as_released,provided,not_selected,MoTrPAC_pass1b06_rat,motrpac_pass1b06_plasma_8w,motrpac_pass1b06_plasma_8w_trained_vs_sedentary_female,not_reported,female
glycine [source metabolite label NA],glycine,Organic acids,0.1264548,log2fc,0.09926892,1.0,benjamini_hochberg,within_female_stratum_pass1b06_plasma_8w_timewise_da_as_released,provided,not_selected,MoTrPAC_pass1b06_rat,motrpac_pass1b06_plasma_8w,motrpac_pass1b06_plasma_8w_trained_vs_sedentary_female,not_reported,female
pc(39:6)_feature1 [refmet: pc(39:6)_lp_a],pc(39:6)_lp_a,unclassified_no_refmet_match,-0.12627742,log2fc,0.59298754,1.0,benjamini_hochberg,within_female_stratum_pass1b06_plasma_8w_timewise_da_as_released,provided,not_selected,MoTrPAC_pass1b06_rat,motrpac_pass1b06_plasma_8w,motrpac_pass1b06_plasma_8w_trained_vs_sedentary_female,not_reported,female
pc(o-36:5)_feature1 [refmet: pc(o-36:5)_lp_a],pc(o-36:5)_lp_a,unclassified_no_refmet_match,-0.1260582,log2fc,0.5688069,1.0,benjamini_hochberg,within_female_stratum_pass1b06_plasma_8w_timewise_da_as_released,provided,not_selected,MoTrPAC_pass1b06_rat,motrpac_pass1b06_plasma_8w,motrpac_pass1b06_plasma_8w_trained_vs_sedentary_female,not_reported,female
5'-methylthioadenosine,5'-methylthioadenosine,Nucleic acids,-0.12534977,log2fc,0.38113895,1.0,benjamini_hochberg,within_female_stratum_pass1b06_plasma_8w_timewise_da_as_released,provided,not_selected,MoTrPAC_pass1b06_rat,motrpac_pass1b06_plasma_8w,motrpac_pass1b06_plasma_8w_trained_vs_sedentary_female,not_reported,female
trimethylamine-n-oxide [refmet: trimethylamine n-oxide],trimethylamine n-oxide,Organic nitrogen compounds,0.1252236,log2fc,0.7762514,1.0,benjamini_hochberg,within_female_stratum_pass1b06_plasma_8w_timewise_da_as_released,provided,not_selected,MoTrPAC_pass1b06_rat,motrpac_pass1b06_plasma_8w,motrpac_pass1b06_plasma_8w_trained_vs_sedentary_female,not_reported,female
pe(36:4)_feature3 [refmet: pe(36:4)_lp_c],pe(36:4)_lp_c,unclassified_no_refmet_match,-0.12506986,log2fc,0.40675825,1.0,benjamini_hochberg,within_female_stratum_pass1b06_plasma_8w_timewise_da_as_released,provided,not_selected,MoTrPAC_pass1b06_rat,motrpac_pass1b06_plasma_8w,motrpac_pass1b06_plasma_8w_trained_vs_sedentary_female,not_reported,female
tg(46:2)_m+nh3_feature2 [refmet: tg(46:2)_lp_b],tg(46:2)_lp_b,unclassified_no_refmet_match,0.12504722,log2fc,0.7395822,1.0,benjamini_hochberg,within_female_stratum_pass1b06_plasma_8w_timewise_da_as_released,provided,not_selected,MoTrPAC_pass1b06_rat,motrpac_pass1b06_plasma_8w,motrpac_pass1b06_plasma_8w_trained_vs_sedentary_female,not_reported,female
acetylcholine,acetylcholine,Organic nitrogen compounds,-0.12462579,log2fc,0.83870316,1.0,benjamini_hochberg,within_female_stratum_pass1b06_plasma_8w_timewise_da_as_released,provided,not_selected,MoTrPAC_pass1b06_rat,motrpac_pass1b06_plasma_8w,motrpac_pass1b06_plasma_8w_trained_vs_sedentary_female,not_reported,female
pc(o-40:4)_feature2 [refmet: pc(o-40:4)_lp_b],pc(o-40:4)_lp_b,unclassified_no_refmet_match,-0.123648815,log2fc,0.5006383,1.0,benjamini_hochberg,within_female_stratum_pass1b06_plasma_8w_timewise_da_as_released,provided,not_selected,MoTrPAC_pass1b06_rat,motrpac_pass1b06_plasma_8w,motrpac_pass1b06_plasma_8w_trained_vs_sedentary_female,not_reported,female
deoxyuridine [source metabolite label NA],deoxyuridine,Nucleic acids,-0.123161644,log2fc,0.474302,1.0,benjamini_hochberg,within_female_stratum_pass1b06_plasma_8w_timewise_da_as_released,provided,not_selected,MoTrPAC_pass1b06_rat,motrpac_pass1b06_plasma_8w,motrpac_pass1b06_plasma_8w_trained_vs_sedentary_female,not_reported,female
gamma-glutamylleucine [source metabolite label NA],gamma-glutamylleucine,Organic acids,-0.12309567,log2fc,0.45239657,1.0,benjamini_hochberg,within_female_stratum_pass1b06_plasma_8w_timewise_da_as_released,provided,not_selected,MoTrPAC_pass1b06_rat,motrpac_pass1b06_plasma_8w,motrpac_pass1b06_plasma_8w_trained_vs_sedentary_female,not_reported,female
lpc(18:0)_feature2 [refmet: lpc(18:0)_ln_b],lpc(18:0)_ln_b,unclassified_no_refmet_match,0.12297442,log2fc,0.30353272,1.0,benjamini_hochberg,within_female_stratum_pass1b06_plasma_8w_timewise_da_as_released,provided,not_selected,MoTrPAC_pass1b06_rat,motrpac_pass1b06_plasma_8w,motrpac_pass1b06_plasma_8w_trained_vs_sedentary_female,not_reported,female
pc(36:0)_feature1 [refmet: pc(36:0)_lp_a],pc(36:0)_lp_a,unclassified_no_refmet_match,0.12297033,log2fc,0.69311666,1.0,benjamini_hochberg,within_female_stratum_pass1b06_plasma_8w_timewise_da_as_released,provided,not_selected,MoTrPAC_pass1b06_rat,motrpac_pass1b06_plasma_8w,motrpac_pass1b06_plasma_8w_trained_vs_sedentary_female,not_reported,female
pc(38:4)>pc(18:0_20:4)_m+h2co2_feature4 [refmet: pc(18:0_20:4)_ln_d],pc(18:0_20:4)_ln_d,unclassified_no_refmet_match,-0.12209725,log2fc,0.23751074,1.0,benjamini_hochberg,within_female_stratum_pass1b06_plasma_8w_timewise_da_as_released,provided,not_selected,MoTrPAC_pass1b06_rat,motrpac_pass1b06_plasma_8w,motrpac_pass1b06_plasma_8w_trained_vs_sedentary_female,not_reported,female
pc(34:0)>pc(16:0/18:0)_m+h2co2_feature4 [refmet: pc(16:0/18:0)_ln_c],pc(16:0/18:0)_ln_c,unclassified_no_refmet_match,-0.121908166,log2fc,0.24099007,1.0,benjamini_hochberg,within_female_stratum_pass1b06_plasma_8w_timewise_da_as_released,provided,not_selected,MoTrPAC_pass1b06_rat,motrpac_pass1b06_plasma_8w,motrpac_pass1b06_plasma_8w_trained_vs_sedentary_female,not_reported,female
pc(39:4)>pc(19:0_20:4)_m+h2co2_feature5 [refmet: pc(19:0_20:4)_ln_e],pc(19:0_20:4)_ln_e,unclassified_no_refmet_match,-0.12158286,log2fc,0.26726738,1.0,benjamini_hochberg,within_female_stratum_pass1b06_plasma_8w_timewise_da_as_released,provided,not_selected,MoTrPAC_pass1b06_rat,motrpac_pass1b06_plasma_8w,motrpac_pass1b06_plasma_8w_trained_vs_sedentary_female,not_reported,female
1-methyladenosine,1-methyladenosine,Nucleic acids,0.12154227,log2fc,0.4723785,1.0,benjamini_hochberg,within_female_stratum_pass1b06_plasma_8w_timewise_da_as_released,provided,not_selected,MoTrPAC_pass1b06_rat,motrpac_pass1b06_plasma_8w,motrpac_pass1b06_plasma_8w_trained_vs_sedentary_female,not_reported,female
pc(o-38:6)_feature1 [refmet: pc(o-38:6)_lp_a],pc(o-38:6)_lp_a,unclassified_no_refmet_match,-0.12139951,log2fc,0.46030954,1.0,benjamini_hochberg,within_female_stratum_pass1b06_plasma_8w_timewise_da_as_released,provided,not_selected,MoTrPAC_pass1b06_rat,motrpac_pass1b06_plasma_8w,motrpac_pass1b06_plasma_8w_trained_vs_sedentary_female,not_reported,female
pi(38:5)>pi(18:1_20:4)_feature1 [refmet: pi(18:1_20:4)_lp_a],pi(18:1_20:4)_lp_a,unclassified_no_refmet_match,-0.1209788,log2fc,0.41261616,1.0,benjamini_hochberg,within_female_stratum_pass1b06_plasma_8w_timewise_da_as_released,provided,not_selected,MoTrPAC_pass1b06_rat,motrpac_pass1b06_plasma_8w,motrpac_pass1b06_plasma_8w_trained_vs_sedentary_female,not_reported,female
"fa(22:6(4z,7z,10z,16z,19z)) [refmet: dha]",dha,Fatty Acyls,0.12090586,log2fc,0.64460063,1.0,benjamini_hochberg,within_female_stratum_pass1b06_plasma_8w_timewise_da_as_released,provided,not_selected,MoTrPAC_pass1b06_rat,motrpac_pass1b06_plasma_8w,motrpac_pass1b06_plasma_8w_trained_vs_sedentary_female,not_reported,female
lpc(18:2)_a_b [refmet: lpc(18:2)],lpc(18:2),unclassified_no_refmet_match,0.120392725,log2fc,0.4907629,1.0,benjamini_hochberg,within_female_stratum_pass1b06_plasma_8w_timewise_da_as_released,provided,not_selected,MoTrPAC_pass1b06_rat,motrpac_pass1b06_plasma_8w,motrpac_pass1b06_plasma_8w_trained_vs_sedentary_female,not_reported,female
maleate [refmet: maleic acid],maleic acid,Fatty Acyls,0.12030573,log2fc,0.6782123,1.0,benjamini_hochberg,within_female_stratum_pass1b06_plasma_8w_timewise_da_as_released,provided,not_selected,MoTrPAC_pass1b06_rat,motrpac_pass1b06_plasma_8w,motrpac_pass1b06_plasma_8w_trained_vs_sedentary_female,not_reported,female
lpc(22:0/0:0)_feature1and2 [refmet: lpc(22:0)_lp_ab],lpc(22:0)_lp_ab,unclassified_no_refmet_match,-0.11958304,log2fc,0.38196886,1.0,benjamini_hochberg,within_female_stratum_pass1b06_plasma_8w_timewise_da_as_released,provided,not_selected,MoTrPAC_pass1b06_rat,motrpac_pass1b06_plasma_8w,motrpac_pass1b06_plasma_8w_trained_vs_sedentary_female,not_reported,female
lpc(24:0/0:0)_feature2 [refmet: lpc(24:0/0:0)_lp_b],lpc(24:0/0:0)_lp_b,unclassified_no_refmet_match,-0.11919065,log2fc,0.29699734,1.0,benjamini_hochberg,within_female_stratum_pass1b06_plasma_8w_timewise_da_as_released,provided,not_selected,MoTrPAC_pass1b06_rat,motrpac_pass1b06_plasma_8w,motrpac_pass1b06_plasma_8w_trained_vs_sedentary_female,not_reported,female
tg(58:10)_m+nh3_feature2 [refmet: tg(58:10)_lp_b],tg(58:10)_lp_b,unclassified_no_refmet_match,0.11911907,log2fc,0.61026365,1.0,benjamini_hochberg,within_female_stratum_pass1b06_plasma_8w_timewise_da_as_released,provided,not_selected,MoTrPAC_pass1b06_rat,motrpac_pass1b06_plasma_8w,motrpac_pass1b06_plasma_8w_trained_vs_sedentary_female,not_reported,female
sie(18:2)_m+nh3_feature1 [refmet: sitosterol ester(18:2)],sitosterol ester(18:2),unclassified_no_refmet_match,-0.1190065,log2fc,0.33814737,1.0,benjamini_hochberg,within_female_stratum_pass1b06_plasma_8w_timewise_da_as_released,provided,not_selected,MoTrPAC_pass1b06_rat,motrpac_pass1b06_plasma_8w,motrpac_pass1b06_plasma_8w_trained_vs_sedentary_female,not_reported,female
pc(37:5)_feature4 [refmet: pc(37:5)_lp_d],pc(37:5)_lp_d,unclassified_no_refmet_match,-0.1188607,log2fc,0.5374498,1.0,benjamini_hochberg,within_female_stratum_pass1b06_plasma_8w_timewise_da_as_released,provided,not_selected,MoTrPAC_pass1b06_rat,motrpac_pass1b06_plasma_8w,motrpac_pass1b06_plasma_8w_trained_vs_sedentary_female,not_reported,female
car(20:2-oh)_feature1 [refmet: car(20:2(oh))],car(20:2(oh)),unclassified_no_refmet_match,-0.118744545,log2fc,0.7849549,1.0,benjamini_hochberg,within_female_stratum_pass1b06_plasma_8w_timewise_da_as_released,provided,not_selected,MoTrPAC_pass1b06_rat,motrpac_pass1b06_plasma_8w,motrpac_pass1b06_plasma_8w_trained_vs_sedentary_female,not_reported,female
sm(d42:2)_feature2 [refmet: sm(d42:2)_lp_b],sm(d42:2)_lp_b,unclassified_no_refmet_match,-0.11872305,log2fc,0.40599036,1.0,benjamini_hochberg,within_female_stratum_pass1b06_plasma_8w_timewise_da_as_released,provided,not_selected,MoTrPAC_pass1b06_rat,motrpac_pass1b06_plasma_8w,motrpac_pass1b06_plasma_8w_trained_vs_sedentary_female,not_reported,female
cer(d44:1)>cer(d18:1/26:0)_feature1 [refmet: cer(d18:1/26:0)],cer(d18:1/26:0),unclassified_no_refmet_match,0.11864745,log2fc,0.4331587,1.0,benjamini_hochberg,within_female_stratum_pass1b06_plasma_8w_timewise_da_as_released,provided,not_selected,MoTrPAC_pass1b06_rat,motrpac_pass1b06_plasma_8w,motrpac_pass1b06_plasma_8w_trained_vs_sedentary_female,not_reported,female
fa(14:1-oh)_feature2 [refmet: hydroxytetradecenoic acid_ln_b],hydroxytetradecenoic acid_ln_b,unclassified_no_refmet_match,-0.11841886,log2fc,0.5163519,1.0,benjamini_hochberg,within_female_stratum_pass1b06_plasma_8w_timewise_da_as_released,provided,not_selected,MoTrPAC_pass1b06_rat,motrpac_pass1b06_plasma_8w,motrpac_pass1b06_plasma_8w_trained_vs_sedentary_female,not_reported,female
trigonelline,trigonelline,Alkaloids,0.11809674,log2fc,0.51921386,1.0,benjamini_hochberg,within_female_stratum_pass1b06_plasma_8w_timewise_da_as_released,provided,not_selected,MoTrPAC_pass1b06_rat,motrpac_pass1b06_plasma_8w,motrpac_pass1b06_plasma_8w_trained_vs_sedentary_female,not_reported,female
sm(d40:0-oh)_m+h2co2_feature1 [refmet: sm(d40:0-oh)],sm(d40:0-oh),unclassified_no_refmet_match,0.11804304,log2fc,0.27328888,1.0,benjamini_hochberg,within_female_stratum_pass1b06_plasma_8w_timewise_da_as_released,provided,not_selected,MoTrPAC_pass1b06_rat,motrpac_pass1b06_plasma_8w,motrpac_pass1b06_plasma_8w_trained_vs_sedentary_female,not_reported,female
4-pyridoxate [refmet: 4-pyridoxic acid],4-pyridoxic acid,Alkaloids,-0.11754542,log2fc,0.507863,1.0,benjamini_hochberg,within_female_stratum_pass1b06_plasma_8w_timewise_da_as_released,provided,not_selected,MoTrPAC_pass1b06_rat,motrpac_pass1b06_plasma_8w,motrpac_pass1b06_plasma_8w_trained_vs_sedentary_female,not_reported,female
c18:2 lpe [refmet: lpe(18:2)],lpe(18:2),unclassified_no_refmet_match,0.11699119,log2fc,0.56414294,1.0,benjamini_hochberg,within_female_stratum_pass1b06_plasma_8w_timewise_da_as_released,provided,not_selected,MoTrPAC_pass1b06_rat,motrpac_pass1b06_plasma_8w,motrpac_pass1b06_plasma_8w_trained_vs_sedentary_female,not_reported,female
tg(46:1)>tg(12:0_16:0_18:1)_and_tg(10:0_18:0_18:1)_and_tg(14:0_16:0_16:1)_m+nh3_feature2 [refmet: tg(46:1)_lp_b],tg(46:1)_lp_b,unclassified_no_refmet_match,0.1169873,log2fc,0.7874609,1.0,benjamini_hochberg,within_female_stratum_pass1b06_plasma_8w_timewise_da_as_released,provided,not_selected,MoTrPAC_pass1b06_rat,motrpac_pass1b06_plasma_8w,motrpac_pass1b06_plasma_8w_trained_vs_sedentary_female,not_reported,female
pc(o-40:3)_feature1 [refmet: pc(o-40:3)_lp_a],pc(o-40:3)_lp_a,unclassified_no_refmet_match,-0.11615151,log2fc,0.3973735,1.0,benjamini_hochberg,within_female_stratum_pass1b06_plasma_8w_timewise_da_as_released,provided,not_selected,MoTrPAC_pass1b06_rat,motrpac_pass1b06_plasma_8w,motrpac_pass1b06_plasma_8w_trained_vs_sedentary_female,not_reported,female
tg(50:5)_m+nh3_feature3 [refmet: tg(50:5)_lp_c],tg(50:5)_lp_c,unclassified_no_refmet_match,-0.11611473,log2fc,0.87809944,1.0,benjamini_hochberg,within_female_stratum_pass1b06_plasma_8w_timewise_da_as_released,provided,not_selected,MoTrPAC_pass1b06_rat,motrpac_pass1b06_plasma_8w,motrpac_pass1b06_plasma_8w_trained_vs_sedentary_female,not_reported,female
lpc(22:6)_feature2 [refmet: lpc(22:6)_ln_b],lpc(22:6)_ln_b,unclassified_no_refmet_match,-0.115328744,log2fc,0.22164081,1.0,benjamini_hochberg,within_female_stratum_pass1b06_plasma_8w_timewise_da_as_released,provided,not_selected,MoTrPAC_pass1b06_rat,motrpac_pass1b06_plasma_8w,motrpac_pass1b06_plasma_8w_trained_vs_sedentary_female,not_reported,female
creatine [source metabolite label NA],creatine,Organic acids,0.11497008,log2fc,0.25088075,1.0,benjamini_hochberg,within_female_stratum_pass1b06_plasma_8w_timewise_da_as_released,provided,not_selected,MoTrPAC_pass1b06_rat,motrpac_pass1b06_plasma_8w,motrpac_pass1b06_plasma_8w_trained_vs_sedentary_female,not_reported,female
ketoleucine [source metabolite label NA],ketoleucine,Organic acids,-0.114133745,log2fc,0.4554176,1.0,benjamini_hochberg,within_female_stratum_pass1b06_plasma_8w_timewise_da_as_released,provided,not_selected,MoTrPAC_pass1b06_rat,motrpac_pass1b06_plasma_8w,motrpac_pass1b06_plasma_8w_trained_vs_sedentary_female,not_reported,female
c14:0 sm [refmet: sm(d18:1/14:0)],sm(d18:1/14:0),unclassified_no_refmet_match,-0.113820635,log2fc,0.7053237,1.0,benjamini_hochberg,within_female_stratum_pass1b06_plasma_8w_timewise_da_as_released,provided,not_selected,MoTrPAC_pass1b06_rat,motrpac_pass1b06_plasma_8w,motrpac_pass1b06_plasma_8w_trained_vs_sedentary_female,not_reported,female
tg(50:2)>tg(16:0_16:1_18:1)_and_tg(14:0_18:1_18:1)_m+nh3_feature3 [refmet: tg(50:2)_lp_c],tg(50:2)_lp_c,unclassified_no_refmet_match,0.11356712,log2fc,0.5953561,1.0,benjamini_hochberg,within_female_stratum_pass1b06_plasma_8w_timewise_da_as_released,provided,not_selected,MoTrPAC_pass1b06_rat,motrpac_pass1b06_plasma_8w,motrpac_pass1b06_plasma_8w_trained_vs_sedentary_female,not_reported,female
lpc(17:0)_a_b [refmet: lpc(17:0)],lpc(17:0),unclassified_no_refmet_match,-0.11323624,log2fc,0.42918682,1.0,benjamini_hochberg,within_female_stratum_pass1b06_plasma_8w_timewise_da_as_released,provided,not_selected,MoTrPAC_pass1b06_rat,motrpac_pass1b06_plasma_8w,motrpac_pass1b06_plasma_8w_trained_vs_sedentary_female,not_reported,female
methyl-3-hydroxybenzoate [refmet: methyl 3-hydroxybenzoate],methyl 3-hydroxybenzoate,Benzenoids,-0.113045886,log2fc,0.7856131,1.0,benjamini_hochberg,within_female_stratum_pass1b06_plasma_8w_timewise_da_as_released,provided,not_selected,MoTrPAC_pass1b06_rat,motrpac_pass1b06_plasma_8w,motrpac_pass1b06_plasma_8w_trained_vs_sedentary_female,not_reported,female
pipecolic acid [source metabolite label NA],pipecolic acid,Organic acids,-0.112235285,log2fc,0.19027875,1.0,benjamini_hochberg,within_female_stratum_pass1b06_plasma_8w_timewise_da_as_released,provided,not_selected,MoTrPAC_pass1b06_rat,motrpac_pass1b06_plasma_8w,motrpac_pass1b06_plasma_8w_trained_vs_sedentary_female,not_reported,female
pc(37:4)>pc(17:0_20:4)_m+h2co2_feature2 [refmet: pc(17:0_20:4)_ln_b],pc(17:0_20:4)_ln_b,unclassified_no_refmet_match,-0.11147393,log2fc,0.4119071,1.0,benjamini_hochberg,within_female_stratum_pass1b06_plasma_8w_timewise_da_as_released,provided,not_selected,MoTrPAC_pass1b06_rat,motrpac_pass1b06_plasma_8w,motrpac_pass1b06_plasma_8w_trained_vs_sedentary_female,not_reported,female
gamma-glutamylisoleucine [source metabolite label NA],gamma-glutamylisoleucine,Organic acids,0.11134351,log2fc,0.43588343,1.0,benjamini_hochberg,within_female_stratum_pass1b06_plasma_8w_timewise_da_as_released,provided,not_selected,MoTrPAC_pass1b06_rat,motrpac_pass1b06_plasma_8w,motrpac_pass1b06_plasma_8w_trained_vs_sedentary_female,not_reported,female
pc(37:1)_feature2 [refmet: pc(37:1)_lp_b],pc(37:1)_lp_b,unclassified_no_refmet_match,0.11118614,log2fc,0.57690054,1.0,benjamini_hochberg,within_female_stratum_pass1b06_plasma_8w_timewise_da_as_released,provided,not_selected,MoTrPAC_pass1b06_rat,motrpac_pass1b06_plasma_8w,motrpac_pass1b06_plasma_8w_trained_vs_sedentary_female,not_reported,female
pc(42:7)_feature1 [refmet: pc(42:7)_lp_a],pc(42:7)_lp_a,unclassified_no_refmet_match,0.110929266,log2fc,0.5216186,1.0,benjamini_hochberg,within_female_stratum_pass1b06_plasma_8w_timewise_da_as_released,provided,not_selected,MoTrPAC_pass1b06_rat,motrpac_pass1b06_plasma_8w,motrpac_pass1b06_plasma_8w_trained_vs_sedentary_female,not_reported,female
car(6:0) [source metabolite label NA],car(6:0),unclassified_no_refmet_match,-0.11073662,log2fc,0.5028231,1.0,benjamini_hochberg,within_female_stratum_pass1b06_plasma_8w_timewise_da_as_released,provided,not_selected,MoTrPAC_pass1b06_rat,motrpac_pass1b06_plasma_8w,motrpac_pass1b06_plasma_8w_trained_vs_sedentary_female,not_reported,female
c36:4 pe [refmet: pe(36:4)],pe(36:4),unclassified_no_refmet_match,-0.10989266,log2fc,0.5218037,1.0,benjamini_hochberg,within_female_stratum_pass1b06_plasma_8w_timewise_da_as_released,provided,not_selected,MoTrPAC_pass1b06_rat,motrpac_pass1b06_plasma_8w,motrpac_pass1b06_plasma_8w_trained_vs_sedentary_female,not_reported,female
pc(o-42:6)_feature4 [refmet: pc(o-42:6)_lp_d],pc(o-42:6)_lp_d,unclassified_no_refmet_match,-0.108816504,log2fc,0.5894531,1.0,benjamini_hochberg,within_female_stratum_pass1b06_plasma_8w_timewise_da_as_released,provided,not_selected,MoTrPAC_pass1b06_rat,motrpac_pass1b06_plasma_8w,motrpac_pass1b06_plasma_8w_trained_vs_sedentary_female,not_reported,female
pseudouridine,pseudouridine,Nucleic acids,0.1085228,log2fc,0.25451687,1.0,benjamini_hochberg,within_female_stratum_pass1b06_plasma_8w_timewise_da_as_released,provided,not_selected,MoTrPAC_pass1b06_rat,motrpac_pass1b06_plasma_8w,motrpac_pass1b06_plasma_8w_trained_vs_sedentary_female,not_reported,female
sphingosine 1-phosphate [source metabolite label NA],sphingosine 1-phosphate,Sphingolipids,-0.10849232,log2fc,0.6928629,1.0,benjamini_hochberg,within_female_stratum_pass1b06_plasma_8w_timewise_da_as_released,provided,not_selected,MoTrPAC_pass1b06_rat,motrpac_pass1b06_plasma_8w,motrpac_pass1b06_plasma_8w_trained_vs_sedentary_female,not_reported,female
c18:1 lpc plasmalogen a [refmet: lpc(p-18:0)/lpc(o-18:1)_hp_a],lpc(p-18:0)/lpc(o-18:1)_hp_a,unclassified_no_refmet_match,-0.10782853,log2fc,0.22872913,1.0,benjamini_hochberg,within_female_stratum_pass1b06_plasma_8w_timewise_da_as_released,provided,not_selected,MoTrPAC_pass1b06_rat,motrpac_pass1b06_plasma_8w,motrpac_pass1b06_plasma_8w_trained_vs_sedentary_female,not_reported,female
pc(42:2)_feature1 [refmet: pc(42:2)_lp_a],pc(42:2)_lp_a,unclassified_no_refmet_match,-0.10774429,log2fc,0.3913131,1.0,benjamini_hochberg,within_female_stratum_pass1b06_plasma_8w_timewise_da_as_released,provided,not_selected,MoTrPAC_pass1b06_rat,motrpac_pass1b06_plasma_8w,motrpac_pass1b06_plasma_8w_trained_vs_sedentary_female,not_reported,female
cer(d42:1)_feature1 [refmet: cer(d42:1)_ln_a],cer(d42:1)_ln_a,unclassified_no_refmet_match,0.10731289,log2fc,0.28815395,1.0,benjamini_hochberg,within_female_stratum_pass1b06_plasma_8w_timewise_da_as_released,provided,not_selected,MoTrPAC_pass1b06_rat,motrpac_pass1b06_plasma_8w,motrpac_pass1b06_plasma_8w_trained_vs_sedentary_female,not_reported,female
hexcer(d40:1)_m+h2co2_feature2 [refmet: hexcer(d40:1)_ln_b],hexcer(d40:1)_ln_b,unclassified_no_refmet_match,-0.10701675,log2fc,0.45470485,1.0,benjamini_hochberg,within_female_stratum_pass1b06_plasma_8w_timewise_da_as_released,provided,not_selected,MoTrPAC_pass1b06_rat,motrpac_pass1b06_plasma_8w,motrpac_pass1b06_plasma_8w_trained_vs_sedentary_female,not_reported,female
pe(o-36:2)>pe(o-18:1/18:1)_feature2 [refmet: pe(o-18:1/18:1)_lp_b],pe(o-18:1/18:1)_lp_b,unclassified_no_refmet_match,-0.1069036,log2fc,0.5655981,1.0,benjamini_hochberg,within_female_stratum_pass1b06_plasma_8w_timewise_da_as_released,provided,not_selected,MoTrPAC_pass1b06_rat,motrpac_pass1b06_plasma_8w,motrpac_pass1b06_plasma_8w_trained_vs_sedentary_female,not_reported,female
car(8:1),car(8:1),unclassified_no_refmet_match,-0.10677358,log2fc,0.7156266,1.0,benjamini_hochberg,within_female_stratum_pass1b06_plasma_8w_timewise_da_as_released,provided,not_selected,MoTrPAC_pass1b06_rat,motrpac_pass1b06_plasma_8w,motrpac_pass1b06_plasma_8w_trained_vs_sedentary_female,not_reported,female
pc(38:7)_feature2 [refmet: pc(38:7)_lp_b],pc(38:7)_lp_b,unclassified_no_refmet_match,-0.10675361,log2fc,0.5678605,1.0,benjamini_hochberg,within_female_stratum_pass1b06_plasma_8w_timewise_da_as_released,provided,not_selected,MoTrPAC_pass1b06_rat,motrpac_pass1b06_plasma_8w,motrpac_pass1b06_plasma_8w_trained_vs_sedentary_female,not_reported,female
c22:1 sm [refmet: sm(d18:1/22:1)],sm(d18:1/22:1),unclassified_no_refmet_match,-0.106261626,log2fc,0.29816097,1.0,benjamini_hochberg,within_female_stratum_pass1b06_plasma_8w_timewise_da_as_released,provided,not_selected,MoTrPAC_pass1b06_rat,motrpac_pass1b06_plasma_8w,motrpac_pass1b06_plasma_8w_trained_vs_sedentary_female,not_reported,female
pi(38:6)>pi(16:0_22:6)_feature1 [refmet: pi(16:0_22:6)],pi(16:0_22:6),unclassified_no_refmet_match,-0.10608019,log2fc,0.41626623,1.0,benjamini_hochberg,within_female_stratum_pass1b06_plasma_8w_timewise_da_as_released,provided,not_selected,MoTrPAC_pass1b06_rat,motrpac_pass1b06_plasma_8w,motrpac_pass1b06_plasma_8w_trained_vs_sedentary_female,not_reported,female
lpe(16:0)_feature1and2 [refmet: lpe(16:0)_ln_ab],lpe(16:0)_ln_ab,unclassified_no_refmet_match,0.10605082,log2fc,0.3057747,1.0,benjamini_hochberg,within_female_stratum_pass1b06_plasma_8w_timewise_da_as_released,provided,not_selected,MoTrPAC_pass1b06_rat,motrpac_pass1b06_plasma_8w,motrpac_pass1b06_plasma_8w_trained_vs_sedentary_female,not_reported,female
pe(38:5)_feature3 [refmet: pe(38:5)_lp_c],pe(38:5)_lp_c,unclassified_no_refmet_match,-0.105949104,log2fc,0.59288734,1.0,benjamini_hochberg,within_female_stratum_pass1b06_plasma_8w_timewise_da_as_released,provided,not_selected,MoTrPAC_pass1b06_rat,motrpac_pass1b06_plasma_8w,motrpac_pass1b06_plasma_8w_trained_vs_sedentary_female,not_reported,female
urocanate [refmet: urocanic acid],urocanic acid,Alkaloids,-0.10571143,log2fc,0.8613715,1.0,benjamini_hochberg,within_female_stratum_pass1b06_plasma_8w_timewise_da_as_released,provided,not_selected,MoTrPAC_pass1b06_rat,motrpac_pass1b06_plasma_8w,motrpac_pass1b06_plasma_8w_trained_vs_sedentary_female,not_reported,female
fa(20:5)_feature1 [refmet: eicosapentaenoic acid],eicosapentaenoic acid,Fatty Acyls,-0.10560017,log2fc,0.7031301,1.0,benjamini_hochberg,within_female_stratum_pass1b06_plasma_8w_timewise_da_as_released,provided,not_selected,MoTrPAC_pass1b06_rat,motrpac_pass1b06_plasma_8w,motrpac_pass1b06_plasma_8w_trained_vs_sedentary_female,not_reported,female
pe(o-40:4)>pe(o-20:0/20:4)_feature2 [refmet: pe(o-20:0/20:4)_ln_b],pe(o-20:0/20:4)_ln_b,unclassified_no_refmet_match,-0.105426036,log2fc,0.3985682,1.0,benjamini_hochberg,within_female_stratum_pass1b06_plasma_8w_timewise_da_as_released,provided,not_selected,MoTrPAC_pass1b06_rat,motrpac_pass1b06_plasma_8w,motrpac_pass1b06_plasma_8w_trained_vs_sedentary_female,not_reported,female
pc(36:1)>pc(16:0_20:1)_and_pc(18:0_18:1)_m+h2co2_feature1 [refmet: pc(36:1)_ln_a],pc(36:1)_ln_a,unclassified_no_refmet_match,0.1052896,log2fc,0.21244942,1.0,benjamini_hochberg,within_female_stratum_pass1b06_plasma_8w_timewise_da_as_released,provided,not_selected,MoTrPAC_pass1b06_rat,motrpac_pass1b06_plasma_8w,motrpac_pass1b06_plasma_8w_trained_vs_sedentary_female,not_reported,female
pc(31:0)_feature2 [refmet: pc(31:0)_lp_b],pc(31:0)_lp_b,unclassified_no_refmet_match,-0.1048998,log2fc,0.5343412,1.0,benjamini_hochberg,within_female_stratum_pass1b06_plasma_8w_timewise_da_as_released,provided,not_selected,MoTrPAC_pass1b06_rat,motrpac_pass1b06_plasma_8w,motrpac_pass1b06_plasma_8w_trained_vs_sedentary_female,not_reported,female
cer(d41:1)>cer(d18:1/23:0)_feature1 [refmet: cer(d18:1/23:0)],cer(d18:1/23:0),unclassified_no_refmet_match,0.10393332,log2fc,0.50767803,1.0,benjamini_hochberg,within_female_stratum_pass1b06_plasma_8w_timewise_da_as_released,provided,not_selected,MoTrPAC_pass1b06_rat,motrpac_pass1b06_plasma_8w,motrpac_pass1b06_plasma_8w_trained_vs_sedentary_female,not_reported,female
pe(40:6)_feature2 [refmet: pe(40:6)_lp_b],pe(40:6)_lp_b,unclassified_no_refmet_match,-0.10362819,log2fc,0.40503073,1.0,benjamini_hochberg,within_female_stratum_pass1b06_plasma_8w_timewise_da_as_released,provided,not_selected,MoTrPAC_pass1b06_rat,motrpac_pass1b06_plasma_8w,motrpac_pass1b06_plasma_8w_trained_vs_sedentary_female,not_reported,female
pc(40:5)_feature3 [refmet: pc(40:5)_lp_c],pc(40:5)_lp_c,unclassified_no_refmet_match,0.10350333,log2fc,0.45929912,1.0,benjamini_hochberg,within_female_stratum_pass1b06_plasma_8w_timewise_da_as_released,provided,not_selected,MoTrPAC_pass1b06_rat,motrpac_pass1b06_plasma_8w,motrpac_pass1b06_plasma_8w_trained_vs_sedentary_female,not_reported,female
dg(36:4)>dg18:2_18:2_0:0)_feature1 [refmet: dg(36:4)_lp_a],dg(36:4)_lp_a,unclassified_no_refmet_match,0.10348391,log2fc,0.52624804,1.0,benjamini_hochberg,within_female_stratum_pass1b06_plasma_8w_timewise_da_as_released,provided,not_selected,MoTrPAC_pass1b06_rat,motrpac_pass1b06_plasma_8w,motrpac_pass1b06_plasma_8w_trained_vs_sedentary_female,not_reported,female
dg(38:4)>dg(16:0_22:4_0:0)_m+nh3_feature4 [refmet: dg(38:4)_lp_d],dg(38:4)_lp_d,unclassified_no_refmet_match,0.1034494,log2fc,0.6029334,1.0,benjamini_hochberg,within_female_stratum_pass1b06_plasma_8w_timewise_da_as_released,provided,not_selected,MoTrPAC_pass1b06_rat,motrpac_pass1b06_plasma_8w,motrpac_pass1b06_plasma_8w_trained_vs_sedentary_female,not_reported,female
hexcer(t42:1)>hexcer(t18:0/24:1)_feature1 [refmet: hexcer(t18:0/24:1)_lp_a],hexcer(t18:0/24:1)_lp_a,unclassified_no_refmet_match,0.10326501,log2fc,0.5332793,1.0,benjamini_hochberg,within_female_stratum_pass1b06_plasma_8w_timewise_da_as_released,provided,not_selected,MoTrPAC_pass1b06_rat,motrpac_pass1b06_plasma_8w,motrpac_pass1b06_plasma_8w_trained_vs_sedentary_female,not_reported,female
pc(34:3)>pc(16:1_18:2)_m+h2co2_feature2 [refmet: pc(16:1_18:2)_ln_b],pc(16:1_18:2)_ln_b,unclassified_no_refmet_match,-0.103216365,log2fc,0.6287367,1.0,benjamini_hochberg,within_female_stratum_pass1b06_plasma_8w_timewise_da_as_released,provided,not_selected,MoTrPAC_pass1b06_rat,motrpac_pass1b06_plasma_8w,motrpac_pass1b06_plasma_8w_trained_vs_sedentary_female,not_reported,female
car(8:0) [source metabolite label NA],car(8:0),unclassified_no_refmet_match,-0.10285493,log2fc,0.3693552,1.0,benjamini_hochberg,within_female_stratum_pass1b06_plasma_8w_timewise_da_as_released,provided,not_selected,MoTrPAC_pass1b06_rat,motrpac_pass1b06_plasma_8w,motrpac_pass1b06_plasma_8w_trained_vs_sedentary_female,not_reported,female
anserine,anserine,Organic acids,-0.101133525,log2fc,0.4579603,1.0,benjamini_hochberg,within_female_stratum_pass1b06_plasma_8w_timewise_da_as_released,provided,not_selected,MoTrPAC_pass1b06_rat,motrpac_pass1b06_plasma_8w,motrpac_pass1b06_plasma_8w_trained_vs_sedentary_female,not_reported,female
indole,indole,Alkaloids,-0.1007696,log2fc,0.8416384,1.0,benjamini_hochberg,within_female_stratum_pass1b06_plasma_8w_timewise_da_as_released,provided,not_selected,MoTrPAC_pass1b06_rat,motrpac_pass1b06_plasma_8w,motrpac_pass1b06_plasma_8w_trained_vs_sedentary_female,not_reported,female
adma [refmet: dimethylarginine],dimethylarginine,Organic acids,0.100524805,log2fc,0.2523621,1.0,benjamini_hochberg,within_female_stratum_pass1b06_plasma_8w_timewise_da_as_released,provided,not_selected,MoTrPAC_pass1b06_rat,motrpac_pass1b06_plasma_8w,motrpac_pass1b06_plasma_8w_trained_vs_sedentary_female,not_reported,female
ste(20:4)_and_sie(20:5)_feature1 [refmet: stigmasterol ester(20:4)/sitosterol ester(20:5)],stigmasterol ester(20:4)/sitosterol ester(20:5),unclassified_no_refmet_match,-0.1002119,log2fc,0.60189795,1.0,benjamini_hochberg,within_female_stratum_pass1b06_plasma_8w_timewise_da_as_released,provided,not_selected,MoTrPAC_pass1b06_rat,motrpac_pass1b06_plasma_8w,motrpac_pass1b06_plasma_8w_trained_vs_sedentary_female,not_reported,female
methionine [source metabolite label NA],methionine,Organic acids,0.100196116,log2fc,0.09513804,1.0,benjamini_hochberg,within_female_stratum_pass1b06_plasma_8w_timewise_da_as_released,provided,not_selected,MoTrPAC_pass1b06_rat,motrpac_pass1b06_plasma_8w,motrpac_pass1b06_plasma_8w_trained_vs_sedentary_female,not_reported,female
c24:1 ceramide (d18:1) [refmet: cer(d18:0/24:1)],cer(d18:0/24:1),unclassified_no_refmet_match,0.099757634,log2fc,0.44046754,1.0,benjamini_hochberg,within_female_stratum_pass1b06_plasma_8w_timewise_da_as_released,provided,not_selected,MoTrPAC_pass1b06_rat,motrpac_pass1b06_plasma_8w,motrpac_pass1b06_plasma_8w_trained_vs_sedentary_female,not_reported,female
car(24:0)_feature1 [refmet: car(24:0)],car(24:0),unclassified_no_refmet_match,-0.09931347,log2fc,0.553717,1.0,benjamini_hochberg,within_female_stratum_pass1b06_plasma_8w_timewise_da_as_released,provided,not_selected,MoTrPAC_pass1b06_rat,motrpac_pass1b06_plasma_8w,motrpac_pass1b06_plasma_8w_trained_vs_sedentary_female,not_reported,female
c38:4 pe [refmet: pe(38:4)],pe(38:4),unclassified_no_refmet_match,-0.099198,log2fc,0.62965596,1.0,benjamini_hochberg,within_female_stratum_pass1b06_plasma_8w_timewise_da_as_released,provided,not_selected,MoTrPAC_pass1b06_rat,motrpac_pass1b06_plasma_8w,motrpac_pass1b06_plasma_8w_trained_vs_sedentary_female,not_reported,female
taurine [source metabolite label NA],taurine,Organic acids,-0.09872713,log2fc,0.24012288,1.0,benjamini_hochberg,within_female_stratum_pass1b06_plasma_8w_timewise_da_as_released,provided,not_selected,MoTrPAC_pass1b06_rat,motrpac_pass1b06_plasma_8w,motrpac_pass1b06_plasma_8w_trained_vs_sedentary_female,not_reported,female
pc(42:6)_feature3 [refmet: pc(42:6)_lp_c],pc(42:6)_lp_c,unclassified_no_refmet_match,0.09855541,log2fc,0.5513416,1.0,benjamini_hochberg,within_female_stratum_pass1b06_plasma_8w_timewise_da_as_released,provided,not_selected,MoTrPAC_pass1b06_rat,motrpac_pass1b06_plasma_8w,motrpac_pass1b06_plasma_8w_trained_vs_sedentary_female,not_reported,female
pc(39:6)_feature2 [refmet: pc(39:6)_lp_b],pc(39:6)_lp_b,unclassified_no_refmet_match,-0.09842164,log2fc,0.40346223,1.0,benjamini_hochberg,within_female_stratum_pass1b06_plasma_8w_timewise_da_as_released,provided,not_selected,MoTrPAC_pass1b06_rat,motrpac_pass1b06_plasma_8w,motrpac_pass1b06_plasma_8w_trained_vs_sedentary_female,not_reported,female
car(2:0) [source metabolite label NA],car(2:0),unclassified_no_refmet_match,-0.09753379,log2fc,0.5664791,1.0,benjamini_hochberg,within_female_stratum_pass1b06_plasma_8w_timewise_da_as_released,provided,not_selected,MoTrPAC_pass1b06_rat,motrpac_pass1b06_plasma_8w,motrpac_pass1b06_plasma_8w_trained_vs_sedentary_female,not_reported,female
pi(36:3)>pi(18:1_18:2)_feature1 [refmet: pi(18:1_18:2)_ln_a],pi(18:1_18:2)_ln_a,unclassified_no_refmet_match,-0.09728262,log2fc,0.7035944,1.0,benjamini_hochberg,within_female_stratum_pass1b06_plasma_8w_timewise_da_as_released,provided,not_selected,MoTrPAC_pass1b06_rat,motrpac_pass1b06_plasma_8w,motrpac_pass1b06_plasma_8w_trained_vs_sedentary_female,not_reported,female
fa(11:0-cooh) [refmet: undecanedioic acid],undecanedioic acid,Fatty Acyls,0.09696502,log2fc,0.6485548,1.0,benjamini_hochberg,within_female_stratum_pass1b06_plasma_8w_timewise_da_as_released,provided,not_selected,MoTrPAC_pass1b06_rat,motrpac_pass1b06_plasma_8w,motrpac_pass1b06_plasma_8w_trained_vs_sedentary_female,not_reported,female
n-acetylaspartate [refmet: n-acetylaspartic acid],n-acetylaspartic acid,Organic acids,-0.09581859,log2fc,0.8117365,1.0,benjamini_hochberg,within_female_stratum_pass1b06_plasma_8w_timewise_da_as_released,provided,not_selected,MoTrPAC_pass1b06_rat,motrpac_pass1b06_plasma_8w,motrpac_pass1b06_plasma_8w_trained_vs_sedentary_female,not_reported,female
glycerol 3-phosphate [refmet: sn-glycero-3-phosphate],sn-glycero-3-phosphate,Organic acids,0.09554356,log2fc,0.5329519,1.0,benjamini_hochberg,within_female_stratum_pass1b06_plasma_8w_timewise_da_as_released,provided,not_selected,MoTrPAC_pass1b06_rat,motrpac_pass1b06_plasma_8w,motrpac_pass1b06_plasma_8w_trained_vs_sedentary_female,not_reported,female
phosphoethanolamine,phosphoethanolamine,Organic acids,0.09545796,log2fc,0.80181146,1.0,benjamini_hochberg,within_female_stratum_pass1b06_plasma_8w_timewise_da_as_released,provided,not_selected,MoTrPAC_pass1b06_rat,motrpac_pass1b06_plasma_8w,motrpac_pass1b06_plasma_8w_trained_vs_sedentary_female,not_reported,female
ribose 5-phosphate+ribulose 5-phosphate+xylulose 5-phosphate [refmet: pentose 5-phosphate],pentose 5-phosphate,Carbohydrates,0.09522896,log2fc,0.89100343,1.0,benjamini_hochberg,within_female_stratum_pass1b06_plasma_8w_timewise_da_as_released,provided,not_selected,MoTrPAC_pass1b06_rat,motrpac_pass1b06_plasma_8w,motrpac_pass1b06_plasma_8w_trained_vs_sedentary_female,not_reported,female
fa(22:5) [refmet: docosapentaenoic acid],docosapentaenoic acid,Fatty Acyls,0.09501028,log2fc,0.71782,1.0,benjamini_hochberg,within_female_stratum_pass1b06_plasma_8w_timewise_da_as_released,provided,not_selected,MoTrPAC_pass1b06_rat,motrpac_pass1b06_plasma_8w,motrpac_pass1b06_plasma_8w_trained_vs_sedentary_female,not_reported,female
pc(39:6)_feature3 [refmet: pc(39:6)_lp_c],pc(39:6)_lp_c,unclassified_no_refmet_match,-0.09478306,log2fc,0.69311625,1.0,benjamini_hochberg,within_female_stratum_pass1b06_plasma_8w_timewise_da_as_released,provided,not_selected,MoTrPAC_pass1b06_rat,motrpac_pass1b06_plasma_8w,motrpac_pass1b06_plasma_8w_trained_vs_sedentary_female,not_reported,female
cer(d42:0-oh)_m+h2co2_feature1 [refmet: cer(d42:0(oh))],cer(d42:0(oh)),unclassified_no_refmet_match,0.09466432,log2fc,0.4763926,1.0,benjamini_hochberg,within_female_stratum_pass1b06_plasma_8w_timewise_da_as_released,provided,not_selected,MoTrPAC_pass1b06_rat,motrpac_pass1b06_plasma_8w,motrpac_pass1b06_plasma_8w_trained_vs_sedentary_female,not_reported,female
lpc(22:1/0:0)_and_lpc(0:0/22:1)_feature1and2 [refmet: lpc(22:1)_lp_ab],lpc(22:1)_lp_ab,unclassified_no_refmet_match,-0.09452176,log2fc,0.49957895,1.0,benjamini_hochberg,within_female_stratum_pass1b06_plasma_8w_timewise_da_as_released,provided,not_selected,MoTrPAC_pass1b06_rat,motrpac_pass1b06_plasma_8w,motrpac_pass1b06_plasma_8w_trained_vs_sedentary_female,not_reported,female
cer(d44:2)>cer(d18:1/26:1)_feature1 [refmet: cer(d18:1/26:1)_lp_a],cer(d18:1/26:1)_lp_a,unclassified_no_refmet_match,0.09426831,log2fc,0.566766,1.0,benjamini_hochberg,within_female_stratum_pass1b06_plasma_8w_timewise_da_as_released,provided,not_selected,MoTrPAC_pass1b06_rat,motrpac_pass1b06_plasma_8w,motrpac_pass1b06_plasma_8w_trained_vs_sedentary_female,not_reported,female
tg(55:3)_m+nh3_feature3 [refmet: tg(55:3)_lp_c],tg(55:3)_lp_c,unclassified_no_refmet_match,0.09407847,log2fc,0.7160523,1.0,benjamini_hochberg,within_female_stratum_pass1b06_plasma_8w_timewise_da_as_released,provided,not_selected,MoTrPAC_pass1b06_rat,motrpac_pass1b06_plasma_8w,motrpac_pass1b06_plasma_8w_trained_vs_sedentary_female,not_reported,female
methionine sulfoxide,methionine sulfoxide,Organic acids,0.094053805,log2fc,0.67189825,1.0,benjamini_hochberg,within_female_stratum_pass1b06_plasma_8w_timewise_da_as_released,provided,not_selected,MoTrPAC_pass1b06_rat,motrpac_pass1b06_plasma_8w,motrpac_pass1b06_plasma_8w_trained_vs_sedentary_female,not_reported,female
fa(18:3) [refmet: octadecatrienoic acid],octadecatrienoic acid,Fatty Acyls,0.093927644,log2fc,0.7007552,1.0,benjamini_hochberg,within_female_stratum_pass1b06_plasma_8w_timewise_da_as_released,provided,not_selected,MoTrPAC_pass1b06_rat,motrpac_pass1b06_plasma_8w,motrpac_pass1b06_plasma_8w_trained_vs_sedentary_female,not_reported,female
pc(38:1)_feature1 [refmet: pc(38:1)],pc(38:1),unclassified_no_refmet_match,0.09365942,log2fc,0.5449027,1.0,benjamini_hochberg,within_female_stratum_pass1b06_plasma_8w_timewise_da_as_released,provided,not_selected,MoTrPAC_pass1b06_rat,motrpac_pass1b06_plasma_8w,motrpac_pass1b06_plasma_8w_trained_vs_sedentary_female,not_reported,female
pc(36:3)_feature1 [refmet: pc(36:3)_lp_a],pc(36:3)_lp_a,unclassified_no_refmet_match,-0.09365592,log2fc,0.62602127,1.0,benjamini_hochberg,within_female_stratum_pass1b06_plasma_8w_timewise_da_as_released,provided,not_selected,MoTrPAC_pass1b06_rat,motrpac_pass1b06_plasma_8w,motrpac_pass1b06_plasma_8w_trained_vs_sedentary_female,not_reported,female
sm(d40:2)_m+h2co2_feature2 [refmet: sm(d40:2)_ln_b],sm(d40:2)_ln_b,unclassified_no_refmet_match,-0.09363864,log2fc,0.29290092,1.0,benjamini_hochberg,within_female_stratum_pass1b06_plasma_8w_timewise_da_as_released,provided,not_selected,MoTrPAC_pass1b06_rat,motrpac_pass1b06_plasma_8w,motrpac_pass1b06_plasma_8w_trained_vs_sedentary_female,not_reported,female
glutamic acid [source metabolite label NA],glutamic acid,Organic acids,0.09321686,log2fc,0.21022488,1.0,benjamini_hochberg,within_female_stratum_pass1b06_plasma_8w_timewise_da_as_released,provided,not_selected,MoTrPAC_pass1b06_rat,motrpac_pass1b06_plasma_8w,motrpac_pass1b06_plasma_8w_trained_vs_sedentary_female,not_reported,female
lpc(16:1) [source metabolite label NA],lpc(16:1),unclassified_no_refmet_match,0.09272748,log2fc,0.38464436,1.0,benjamini_hochberg,within_female_stratum_pass1b06_plasma_8w_timewise_da_as_released,provided,not_selected,MoTrPAC_pass1b06_rat,motrpac_pass1b06_plasma_8w,motrpac_pass1b06_plasma_8w_trained_vs_sedentary_female,not_reported,female
malic acid [source metabolite label NA],malic acid,Organic acids,-0.09228987,log2fc,0.38136843,1.0,benjamini_hochberg,within_female_stratum_pass1b06_plasma_8w_timewise_da_as_released,provided,not_selected,MoTrPAC_pass1b06_rat,motrpac_pass1b06_plasma_8w,motrpac_pass1b06_plasma_8w_trained_vs_sedentary_female,not_reported,female
pi(36:2)>pi(18:0_18:2)_feature2 [refmet: pi(18:0_18:2)_ln_b],pi(18:0_18:2)_ln_b,unclassified_no_refmet_match,-0.09217373,log2fc,0.5816842,1.0,benjamini_hochberg,within_female_stratum_pass1b06_plasma_8w_timewise_da_as_released,provided,not_selected,MoTrPAC_pass1b06_rat,motrpac_pass1b06_plasma_8w,motrpac_pass1b06_plasma_8w_trained_vs_sedentary_female,not_reported,female
pc(40:2)_feature1 [refmet: pc(40:2)_lp_a],pc(40:2)_lp_a,unclassified_no_refmet_match,0.0921228,log2fc,0.6383776,1.0,benjamini_hochberg,within_female_stratum_pass1b06_plasma_8w_timewise_da_as_released,provided,not_selected,MoTrPAC_pass1b06_rat,motrpac_pass1b06_plasma_8w,motrpac_pass1b06_plasma_8w_trained_vs_sedentary_female,not_reported,female
tg(54:8)_m+nh3_feature1 [refmet: tg(54:8)_lp_a],tg(54:8)_lp_a,unclassified_no_refmet_match,0.09186736,log2fc,0.7441399,1.0,benjamini_hochberg,within_female_stratum_pass1b06_plasma_8w_timewise_da_as_released,provided,not_selected,MoTrPAC_pass1b06_rat,motrpac_pass1b06_plasma_8w,motrpac_pass1b06_plasma_8w_trained_vs_sedentary_female,not_reported,female
fa(16:0) [refmet: palmitic acid],palmitic acid,Fatty Acyls,0.09168064,log2fc,0.71449834,1.0,benjamini_hochberg,within_female_stratum_pass1b06_plasma_8w_timewise_da_as_released,provided,not_selected,MoTrPAC_pass1b06_rat,motrpac_pass1b06_plasma_8w,motrpac_pass1b06_plasma_8w_trained_vs_sedentary_female,not_reported,female
ea(17:0)_feature1 [refmet: ea(17:0)],ea(17:0),unclassified_no_refmet_match,-0.09109493,log2fc,0.9454599,1.0,benjamini_hochberg,within_female_stratum_pass1b06_plasma_8w_timewise_da_as_released,provided,not_selected,MoTrPAC_pass1b06_rat,motrpac_pass1b06_plasma_8w,motrpac_pass1b06_plasma_8w_trained_vs_sedentary_female,not_reported,female
dg(38:6)>dg(18:2_20:4_0:0)_m+nh3_feature1 [refmet: dg(18:2_20:4)_lp_a],dg(18:2_20:4)_lp_a,unclassified_no_refmet_match,0.09052942,log2fc,0.6367542,1.0,benjamini_hochberg,within_female_stratum_pass1b06_plasma_8w_timewise_da_as_released,provided,not_selected,MoTrPAC_pass1b06_rat,motrpac_pass1b06_plasma_8w,motrpac_pass1b06_plasma_8w_trained_vs_sedentary_female,not_reported,female
pc(38:3)_feature3 [refmet: pc(38:3)_lp_c],pc(38:3)_lp_c,unclassified_no_refmet_match,0.09025195,log2fc,0.575975,1.0,benjamini_hochberg,within_female_stratum_pass1b06_plasma_8w_timewise_da_as_released,provided,not_selected,MoTrPAC_pass1b06_rat,motrpac_pass1b06_plasma_8w,motrpac_pass1b06_plasma_8w_trained_vs_sedentary_female,not_reported,female
tg(53:3)>tg(17:0_18:1_18:2)_and_tg(17:1_18:1_18:1)_and_tg(16:1_18:1_19:1)_and_tg(16:0_18:1_19:2)_m+nh3_feature1 [refmet: tg(53:3)_lp_a],tg(53:3)_lp_a,unclassified_no_refmet_match,0.090211526,log2fc,0.6898667,1.0,benjamini_hochberg,within_female_stratum_pass1b06_plasma_8w_timewise_da_as_released,provided,not_selected,MoTrPAC_pass1b06_rat,motrpac_pass1b06_plasma_8w,motrpac_pass1b06_plasma_8w_trained_vs_sedentary_female,not_reported,female
pc(35:2)>pc(17:0_18:2)_m+h2co2_feature2 [refmet: pc(17:0_18:2)_ln_b],pc(17:0_18:2)_ln_b,unclassified_no_refmet_match,0.0887229,log2fc,0.5129869,1.0,benjamini_hochberg,within_female_stratum_pass1b06_plasma_8w_timewise_da_as_released,provided,not_selected,MoTrPAC_pass1b06_rat,motrpac_pass1b06_plasma_8w,motrpac_pass1b06_plasma_8w_trained_vs_sedentary_female,not_reported,female
pi(40:6)>pi(18:0_22:6)_feature2 [refmet: pi(18:0_22:6)_lp_b],pi(18:0_22:6)_lp_b,unclassified_no_refmet_match,0.0882508,log2fc,0.6473289,1.0,benjamini_hochberg,within_female_stratum_pass1b06_plasma_8w_timewise_da_as_released,provided,not_selected,MoTrPAC_pass1b06_rat,motrpac_pass1b06_plasma_8w,motrpac_pass1b06_plasma_8w_trained_vs_sedentary_female,not_reported,female
pc(34:2)>pc(16:0_18:2)_m+h2co2_feature1 [refmet: pc(16:0_18:2)_ln_a],pc(16:0_18:2)_ln_a,unclassified_no_refmet_match,0.0881582,log2fc,0.43307626,1.0,benjamini_hochberg,within_female_stratum_pass1b06_plasma_8w_timewise_da_as_released,provided,not_selected,MoTrPAC_pass1b06_rat,motrpac_pass1b06_plasma_8w,motrpac_pass1b06_plasma_8w_trained_vs_sedentary_female,not_reported,female
sm(d41:2)_feature2and3 [refmet: sm(d41:2)_lp_bc],sm(d41:2)_lp_bc,unclassified_no_refmet_match,-0.0877878,log2fc,0.5156478,1.0,benjamini_hochberg,within_female_stratum_pass1b06_plasma_8w_timewise_da_as_released,provided,not_selected,MoTrPAC_pass1b06_rat,motrpac_pass1b06_plasma_8w,motrpac_pass1b06_plasma_8w_trained_vs_sedentary_female,not_reported,female
tg(54:3)>tg(18:1/18:1/18:1)_m+nh3_feature6 [refmet: tg(18:1_18:1_18:1)_lp_f],tg(18:1_18:1_18:1)_lp_f,unclassified_no_refmet_match,0.08763534,log2fc,0.66173935,1.0,benjamini_hochberg,within_female_stratum_pass1b06_plasma_8w_timewise_da_as_released,provided,not_selected,MoTrPAC_pass1b06_rat,motrpac_pass1b06_plasma_8w,motrpac_pass1b06_plasma_8w_trained_vs_sedentary_female,not_reported,female
citrulline [source metabolite label NA],citrulline,Organic acids,-0.087565005,log2fc,0.13889293,1.0,benjamini_hochberg,within_female_stratum_pass1b06_plasma_8w_timewise_da_as_released,provided,not_selected,MoTrPAC_pass1b06_rat,motrpac_pass1b06_plasma_8w,motrpac_pass1b06_plasma_8w_trained_vs_sedentary_female,not_reported,female
pc(30:0)_feature2 [refmet: pc(30:0)_lp_b],pc(30:0)_lp_b,unclassified_no_refmet_match,-0.08750149,log2fc,0.6958867,1.0,benjamini_hochberg,within_female_stratum_pass1b06_plasma_8w_timewise_da_as_released,provided,not_selected,MoTrPAC_pass1b06_rat,motrpac_pass1b06_plasma_8w,motrpac_pass1b06_plasma_8w_trained_vs_sedentary_female,not_reported,female
dg(38:4)>dg(18:0_20:4_0:0)_feature6 [refmet: dg(18:0_20:4)_lp_f],dg(18:0_20:4)_lp_f,unclassified_no_refmet_match,0.08745797,log2fc,0.5618343,1.0,benjamini_hochberg,within_female_stratum_pass1b06_plasma_8w_timewise_da_as_released,provided,not_selected,MoTrPAC_pass1b06_rat,motrpac_pass1b06_plasma_8w,motrpac_pass1b06_plasma_8w_trained_vs_sedentary_female,not_reported,female
lpc(24:1/0:0)_feature1and2 [refmet: lpc(24:1)_lp_ab],lpc(24:1)_lp_ab,unclassified_no_refmet_match,0.0873219,log2fc,0.5585307,1.0,benjamini_hochberg,within_female_stratum_pass1b06_plasma_8w_timewise_da_as_released,provided,not_selected,MoTrPAC_pass1b06_rat,motrpac_pass1b06_plasma_8w,motrpac_pass1b06_plasma_8w_trained_vs_sedentary_female,not_reported,female
pc(32:0)>pc(16:0_16:0)_m+h2co2_feature2 [refmet: pc(32:0)_ln_b],pc(32:0)_ln_b,unclassified_no_refmet_match,-0.08691831,log2fc,0.5661705,1.0,benjamini_hochberg,within_female_stratum_pass1b06_plasma_8w_timewise_da_as_released,provided,not_selected,MoTrPAC_pass1b06_rat,motrpac_pass1b06_plasma_8w,motrpac_pass1b06_plasma_8w_trained_vs_sedentary_female,not_reported,female
c22:0 sm [refmet: sm(d18:1/22:0)],sm(d18:1/22:0),unclassified_no_refmet_match,-0.08683923,log2fc,0.38871676,1.0,benjamini_hochberg,within_female_stratum_pass1b06_plasma_8w_timewise_da_as_released,provided,not_selected,MoTrPAC_pass1b06_rat,motrpac_pass1b06_plasma_8w,motrpac_pass1b06_plasma_8w_trained_vs_sedentary_female,not_reported,female
pe(o-36:3)>pe(o-18:1/18:2)_feature6 [refmet: pe(o-18:1/18:2)_lp_f],pe(o-18:1/18:2)_lp_f,unclassified_no_refmet_match,-0.0867072,log2fc,0.53400654,1.0,benjamini_hochberg,within_female_stratum_pass1b06_plasma_8w_timewise_da_as_released,provided,not_selected,MoTrPAC_pass1b06_rat,motrpac_pass1b06_plasma_8w,motrpac_pass1b06_plasma_8w_trained_vs_sedentary_female,not_reported,female
pc(36:4)>pc(18:2/18:2)_m+h2co2_feature2 [refmet: pc(18:2/18:2)_ln_b],pc(18:2/18:2)_ln_b,unclassified_no_refmet_match,0.08669292,log2fc,0.7824845,1.0,benjamini_hochberg,within_female_stratum_pass1b06_plasma_8w_timewise_da_as_released,provided,not_selected,MoTrPAC_pass1b06_rat,motrpac_pass1b06_plasma_8w,motrpac_pass1b06_plasma_8w_trained_vs_sedentary_female,not_reported,female
asparagine [source metabolite label NA],asparagine,Organic acids,0.08637235,log2fc,0.16394232,1.0,benjamini_hochberg,within_female_stratum_pass1b06_plasma_8w_timewise_da_as_released,provided,not_selected,MoTrPAC_pass1b06_rat,motrpac_pass1b06_plasma_8w,motrpac_pass1b06_plasma_8w_trained_vs_sedentary_female,not_reported,female
tg(58:9)_m+nh3_feature3 [refmet: tg(58:9)_lp_c],tg(58:9)_lp_c,unclassified_no_refmet_match,0.08625091,log2fc,0.64425945,1.0,benjamini_hochberg,within_female_stratum_pass1b06_plasma_8w_timewise_da_as_released,provided,not_selected,MoTrPAC_pass1b06_rat,motrpac_pass1b06_plasma_8w,motrpac_pass1b06_plasma_8w_trained_vs_sedentary_female,not_reported,female
pc(33:0)_feature3 [refmet: pc(33:0)_lp_c],pc(33:0)_lp_c,unclassified_no_refmet_match,-0.086227804,log2fc,0.61753696,1.0,benjamini_hochberg,within_female_stratum_pass1b06_plasma_8w_timewise_da_as_released,provided,not_selected,MoTrPAC_pass1b06_rat,motrpac_pass1b06_plasma_8w,motrpac_pass1b06_plasma_8w_trained_vs_sedentary_female,not_reported,female
n-acetylputrescine,n-acetylputrescine,Alkaloids,-0.08610307,log2fc,0.6746038,1.0,benjamini_hochberg,within_female_stratum_pass1b06_plasma_8w_timewise_da_as_released,provided,not_selected,MoTrPAC_pass1b06_rat,motrpac_pass1b06_plasma_8w,motrpac_pass1b06_plasma_8w_trained_vs_sedentary_female,not_reported,female
tg(58:6)_m+nh3_feature2 [refmet: tg(58:6)_lp_b],tg(58:6)_lp_b,unclassified_no_refmet_match,-0.08543948,log2fc,0.58808154,1.0,benjamini_hochberg,within_female_stratum_pass1b06_plasma_8w_timewise_da_as_released,provided,not_selected,MoTrPAC_pass1b06_rat,motrpac_pass1b06_plasma_8w,motrpac_pass1b06_plasma_8w_trained_vs_sedentary_female,not_reported,female
1-methylguanosine,1-methylguanosine,Nucleic acids,-0.08476443,log2fc,0.6943305,1.0,benjamini_hochberg,within_female_stratum_pass1b06_plasma_8w_timewise_da_as_released,provided,not_selected,MoTrPAC_pass1b06_rat,motrpac_pass1b06_plasma_8w,motrpac_pass1b06_plasma_8w_trained_vs_sedentary_female,not_reported,female
pc(36:3)>pc(18:1_18:2)_m+h2co2_feature2 [refmet: pc(18:1_18:2)_ln_b],pc(18:1_18:2)_ln_b,unclassified_no_refmet_match,0.08363489,log2fc,0.5887833,1.0,benjamini_hochberg,within_female_stratum_pass1b06_plasma_8w_timewise_da_as_released,provided,not_selected,MoTrPAC_pass1b06_rat,motrpac_pass1b06_plasma_8w,motrpac_pass1b06_plasma_8w_trained_vs_sedentary_female,not_reported,female
pc(o-40:6)_feature1 [refmet: pc(o-40:6)_lp_a],pc(o-40:6)_lp_a,unclassified_no_refmet_match,-0.082862854,log2fc,0.7015128,1.0,benjamini_hochberg,within_female_stratum_pass1b06_plasma_8w_timewise_da_as_released,provided,not_selected,MoTrPAC_pass1b06_rat,motrpac_pass1b06_plasma_8w,motrpac_pass1b06_plasma_8w_trained_vs_sedentary_female,not_reported,female
sm(d38:2)_feature2 [refmet: sm(d38:2)_lp_b],sm(d38:2)_lp_b,unclassified_no_refmet_match,-0.08268413,log2fc,0.692033,1.0,benjamini_hochberg,within_female_stratum_pass1b06_plasma_8w_timewise_da_as_released,provided,not_selected,MoTrPAC_pass1b06_rat,motrpac_pass1b06_plasma_8w,motrpac_pass1b06_plasma_8w_trained_vs_sedentary_female,not_reported,female
car(24:1)_feature1 [refmet: car(24:1)],car(24:1),unclassified_no_refmet_match,-0.08211022,log2fc,0.63681024,1.0,benjamini_hochberg,within_female_stratum_pass1b06_plasma_8w_timewise_da_as_released,provided,not_selected,MoTrPAC_pass1b06_rat,motrpac_pass1b06_plasma_8w,motrpac_pass1b06_plasma_8w_trained_vs_sedentary_female,not_reported,female
c20:3 lpc a [refmet: lpc(20:3)_hp_a],lpc(20:3)_hp_a,unclassified_no_refmet_match,0.08183508,log2fc,0.45445436,1.0,benjamini_hochberg,within_female_stratum_pass1b06_plasma_8w_timewise_da_as_released,provided,not_selected,MoTrPAC_pass1b06_rat,motrpac_pass1b06_plasma_8w,motrpac_pass1b06_plasma_8w_trained_vs_sedentary_female,not_reported,female
citric acid [source metabolite label NA],citric acid,Organic acids,-0.08147775,log2fc,0.49872422,1.0,benjamini_hochberg,within_female_stratum_pass1b06_plasma_8w_timewise_da_as_released,provided,not_selected,MoTrPAC_pass1b06_rat,motrpac_pass1b06_plasma_8w,motrpac_pass1b06_plasma_8w_trained_vs_sedentary_female,not_reported,female
n1-methyl-2-pyridone-5-carboxamide,n1-methyl-2-pyridone-5-carboxamide,Alkaloids,0.08141652,log2fc,0.622585,1.0,benjamini_hochberg,within_female_stratum_pass1b06_plasma_8w_timewise_da_as_released,provided,not_selected,MoTrPAC_pass1b06_rat,motrpac_pass1b06_plasma_8w,motrpac_pass1b06_plasma_8w_trained_vs_sedentary_female,not_reported,female
hexcer(d40:1)>hexcer(d18:1/22:0)_feature2 [refmet: hexcer(d40:1)_lp_b],hexcer(d40:1)_lp_b,unclassified_no_refmet_match,-0.08122488,log2fc,0.58352804,1.0,benjamini_hochberg,within_female_stratum_pass1b06_plasma_8w_timewise_da_as_released,provided,not_selected,MoTrPAC_pass1b06_rat,motrpac_pass1b06_plasma_8w,motrpac_pass1b06_plasma_8w_trained_vs_sedentary_female,not_reported,female
lpc(20:3)_a_b [refmet: lpc(20:3)],lpc(20:3),unclassified_no_refmet_match,-0.08057006,log2fc,0.62472093,1.0,benjamini_hochberg,within_female_stratum_pass1b06_plasma_8w_timewise_da_as_released,provided,not_selected,MoTrPAC_pass1b06_rat,motrpac_pass1b06_plasma_8w,motrpac_pass1b06_plasma_8w_trained_vs_sedentary_female,not_reported,female
c7 carnitine [refmet: car(7:0)],car(7:0),unclassified_no_refmet_match,-0.08034896,log2fc,0.84358144,1.0,benjamini_hochberg,within_female_stratum_pass1b06_plasma_8w_timewise_da_as_released,provided,not_selected,MoTrPAC_pass1b06_rat,motrpac_pass1b06_plasma_8w,motrpac_pass1b06_plasma_8w_trained_vs_sedentary_female,not_reported,female
cer(d43:1)>cer(d18:1/25:0)_feature2 [refmet: cer(d18:1/25:0)_lp_b],cer(d18:1/25:0)_lp_b,unclassified_no_refmet_match,-0.08018031,log2fc,0.7152624,1.0,benjamini_hochberg,within_female_stratum_pass1b06_plasma_8w_timewise_da_as_released,provided,not_selected,MoTrPAC_pass1b06_rat,motrpac_pass1b06_plasma_8w,motrpac_pass1b06_plasma_8w_trained_vs_sedentary_female,not_reported,female
pc(35:1)_feature1 [refmet: pc(35:1)_lp_a],pc(35:1)_lp_a,unclassified_no_refmet_match,0.08016834,log2fc,0.50195986,1.0,benjamini_hochberg,within_female_stratum_pass1b06_plasma_8w_timewise_da_as_released,provided,not_selected,MoTrPAC_pass1b06_rat,motrpac_pass1b06_plasma_8w,motrpac_pass1b06_plasma_8w_trained_vs_sedentary_female,not_reported,female
fa(22:3) [refmet: docosatrienoic acid],docosatrienoic acid,Fatty Acyls,0.08011196,log2fc,0.76788455,1.0,benjamini_hochberg,within_female_stratum_pass1b06_plasma_8w_timewise_da_as_released,provided,not_selected,MoTrPAC_pass1b06_rat,motrpac_pass1b06_plasma_8w,motrpac_pass1b06_plasma_8w_trained_vs_sedentary_female,not_reported,female
n4-acetylcytidine,n4-acetylcytidine,Nucleic acids,0.08001567,log2fc,0.52063566,1.0,benjamini_hochberg,within_female_stratum_pass1b06_plasma_8w_timewise_da_as_released,provided,not_selected,MoTrPAC_pass1b06_rat,motrpac_pass1b06_plasma_8w,motrpac_pass1b06_plasma_8w_trained_vs_sedentary_female,not_reported,female
car(22:4)_feature1 [refmet: car(22:4)],car(22:4),unclassified_no_refmet_match,-0.079580516,log2fc,0.8294636,1.0,benjamini_hochberg,within_female_stratum_pass1b06_plasma_8w_timewise_da_as_released,provided,not_selected,MoTrPAC_pass1b06_rat,motrpac_pass1b06_plasma_8w,motrpac_pass1b06_plasma_8w_trained_vs_sedentary_female,not_reported,female
histidine [source metabolite label NA],histidine,Organic acids,0.07931556,log2fc,0.2494331,1.0,benjamini_hochberg,within_female_stratum_pass1b06_plasma_8w_timewise_da_as_released,provided,not_selected,MoTrPAC_pass1b06_rat,motrpac_pass1b06_plasma_8w,motrpac_pass1b06_plasma_8w_trained_vs_sedentary_female,not_reported,female
sm(d39:2)_feature2 [refmet: sm(d39:2)_lp_b],sm(d39:2)_lp_b,unclassified_no_refmet_match,-0.0784567,log2fc,0.6458488,1.0,benjamini_hochberg,within_female_stratum_pass1b06_plasma_8w_timewise_da_as_released,provided,not_selected,MoTrPAC_pass1b06_rat,motrpac_pass1b06_plasma_8w,motrpac_pass1b06_plasma_8w_trained_vs_sedentary_female,not_reported,female
dg(36:4)>dg(16:0_20:4_0:0)_m+nh3_feature2 [refmet: dg(16:0_20:4)_lp_b],dg(16:0_20:4)_lp_b,unclassified_no_refmet_match,-0.078257106,log2fc,0.675147,1.0,benjamini_hochberg,within_female_stratum_pass1b06_plasma_8w_timewise_da_as_released,provided,not_selected,MoTrPAC_pass1b06_rat,motrpac_pass1b06_plasma_8w,motrpac_pass1b06_plasma_8w_trained_vs_sedentary_female,not_reported,female
pc(o-38:4)_feature7 [refmet: pc(o-38:4)_lp_g],pc(o-38:4)_lp_g,unclassified_no_refmet_match,-0.07790664,log2fc,0.6027867,1.0,benjamini_hochberg,within_female_stratum_pass1b06_plasma_8w_timewise_da_as_released,provided,not_selected,MoTrPAC_pass1b06_rat,motrpac_pass1b06_plasma_8w,motrpac_pass1b06_plasma_8w_trained_vs_sedentary_female,not_reported,female
c18:3 lpc [refmet: lpc(18:3)],lpc(18:3),unclassified_no_refmet_match,0.07753609,log2fc,0.37864882,1.0,benjamini_hochberg,within_female_stratum_pass1b06_plasma_8w_timewise_da_as_released,provided,not_selected,MoTrPAC_pass1b06_rat,motrpac_pass1b06_plasma_8w,motrpac_pass1b06_plasma_8w_trained_vs_sedentary_female,not_reported,female
citrate+isocitrate [refmet: citric acid/isocitric acid],citric acid/isocitric acid,Organic acids,0.07735239,log2fc,0.7716806,1.0,benjamini_hochberg,within_female_stratum_pass1b06_plasma_8w_timewise_da_as_released,provided,not_selected,MoTrPAC_pass1b06_rat,motrpac_pass1b06_plasma_8w,motrpac_pass1b06_plasma_8w_trained_vs_sedentary_female,not_reported,female
pe(36:2)>pe(18:2_18:0)_feature2 [refmet: pe(36:2)_lp_b],pe(36:2)_lp_b,unclassified_no_refmet_match,-0.077235445,log2fc,0.8048075,1.0,benjamini_hochberg,within_female_stratum_pass1b06_plasma_8w_timewise_da_as_released,provided,not_selected,MoTrPAC_pass1b06_rat,motrpac_pass1b06_plasma_8w,motrpac_pass1b06_plasma_8w_trained_vs_sedentary_female,not_reported,female
pc(35:3)_feature1 [refmet: pc(35:3)_lp_a],pc(35:3)_lp_a,unclassified_no_refmet_match,0.075976156,log2fc,0.683549,1.0,benjamini_hochberg,within_female_stratum_pass1b06_plasma_8w_timewise_da_as_released,provided,not_selected,MoTrPAC_pass1b06_rat,motrpac_pass1b06_plasma_8w,motrpac_pass1b06_plasma_8w_trained_vs_sedentary_female,not_reported,female
pc(o-34:2)_feature1 [refmet: pc(o-34:2)_lp_a],pc(o-34:2)_lp_a,unclassified_no_refmet_match,0.075928226,log2fc,0.6012014,1.0,benjamini_hochberg,within_female_stratum_pass1b06_plasma_8w_timewise_da_as_released,provided,not_selected,MoTrPAC_pass1b06_rat,motrpac_pass1b06_plasma_8w,motrpac_pass1b06_plasma_8w_trained_vs_sedentary_female,not_reported,female
5-hete,5-hete,Fatty Acyls,0.07547641,log2fc,0.53109866,1.0,benjamini_hochberg,within_female_stratum_pass1b06_plasma_8w_timewise_da_as_released,provided,not_selected,MoTrPAC_pass1b06_rat,motrpac_pass1b06_plasma_8w,motrpac_pass1b06_plasma_8w_trained_vs_sedentary_female,not_reported,female
fa(14:0) [refmet: myristic acid],myristic acid,Fatty Acyls,0.07501675,log2fc,0.7863157,1.0,benjamini_hochberg,within_female_stratum_pass1b06_plasma_8w_timewise_da_as_released,provided,not_selected,MoTrPAC_pass1b06_rat,motrpac_pass1b06_plasma_8w,motrpac_pass1b06_plasma_8w_trained_vs_sedentary_female,not_reported,female
aspartic acid,aspartic acid,Organic acids,0.07500311,log2fc,0.82318014,1.0,benjamini_hochberg,within_female_stratum_pass1b06_plasma_8w_timewise_da_as_released,provided,not_selected,MoTrPAC_pass1b06_rat,motrpac_pass1b06_plasma_8w,motrpac_pass1b06_plasma_8w_trained_vs_sedentary_female,not_reported,female
c16:0 lpc [refmet: lpc(0:0/16:0)],lpc(0:0/16:0),unclassified_no_refmet_match,0.07498273,log2fc,0.3670104,1.0,benjamini_hochberg,within_female_stratum_pass1b06_plasma_8w_timewise_da_as_released,provided,not_selected,MoTrPAC_pass1b06_rat,motrpac_pass1b06_plasma_8w,motrpac_pass1b06_plasma_8w_trained_vs_sedentary_female,not_reported,female
n-acetylphenylalanine,n-acetylphenylalanine,Organic acids,-0.07495536,log2fc,0.7718228,1.0,benjamini_hochberg,within_female_stratum_pass1b06_plasma_8w_timewise_da_as_released,provided,not_selected,MoTrPAC_pass1b06_rat,motrpac_pass1b06_plasma_8w,motrpac_pass1b06_plasma_8w_trained_vs_sedentary_female,not_reported,female
tg(58:8)>tg(18:0_20:4_20:4)_and_tg(18:0_18:2_22:6)_m+nh3_feature6 [refmet: tg(58:8)_lp_f],tg(58:8)_lp_f,unclassified_no_refmet_match,0.07462692,log2fc,0.6642284,1.0,benjamini_hochberg,within_female_stratum_pass1b06_plasma_8w_timewise_da_as_released,provided,not_selected,MoTrPAC_pass1b06_rat,motrpac_pass1b06_plasma_8w,motrpac_pass1b06_plasma_8w_trained_vs_sedentary_female,not_reported,female
acisoga,acisoga,Alkaloids,-0.07401799,log2fc,0.6324785,1.0,benjamini_hochberg,within_female_stratum_pass1b06_plasma_8w_timewise_da_as_released,provided,not_selected,MoTrPAC_pass1b06_rat,motrpac_pass1b06_plasma_8w,motrpac_pass1b06_plasma_8w_trained_vs_sedentary_female,not_reported,female
pc(39:4)_feature5 [refmet: pc(39:4)_lp_e],pc(39:4)_lp_e,unclassified_no_refmet_match,0.07318753,log2fc,0.7800465,1.0,benjamini_hochberg,within_female_stratum_pass1b06_plasma_8w_timewise_da_as_released,provided,not_selected,MoTrPAC_pass1b06_rat,motrpac_pass1b06_plasma_8w,motrpac_pass1b06_plasma_8w_trained_vs_sedentary_female,not_reported,female
sm(d41:2)_m+h2co2_feature1 [refmet: sm(d41:2)_ln_a],sm(d41:2)_ln_a,unclassified_no_refmet_match,0.072469965,log2fc,0.4086615,1.0,benjamini_hochberg,within_female_stratum_pass1b06_plasma_8w_timewise_da_as_released,provided,not_selected,MoTrPAC_pass1b06_rat,motrpac_pass1b06_plasma_8w,motrpac_pass1b06_plasma_8w_trained_vs_sedentary_female,not_reported,female
pc(40:8) [source metabolite label NA],pc(40:8),unclassified_no_refmet_match,-0.07217727,log2fc,0.73160475,1.0,benjamini_hochberg,within_female_stratum_pass1b06_plasma_8w_timewise_da_as_released,provided,not_selected,MoTrPAC_pass1b06_rat,motrpac_pass1b06_plasma_8w,motrpac_pass1b06_plasma_8w_trained_vs_sedentary_female,not_reported,female
c34:0 pe [refmet: pe(34:0)],pe(34:0),unclassified_no_refmet_match,-0.07198892,log2fc,0.7157325,1.0,benjamini_hochberg,within_female_stratum_pass1b06_plasma_8w_timewise_da_as_released,provided,not_selected,MoTrPAC_pass1b06_rat,motrpac_pass1b06_plasma_8w,motrpac_pass1b06_plasma_8w_trained_vs_sedentary_female,not_reported,female
pc(31:0)_feature1 [refmet: pc(31:0)_lp_a],pc(31:0)_lp_a,unclassified_no_refmet_match,-0.07094663,log2fc,0.84728754,1.0,benjamini_hochberg,within_female_stratum_pass1b06_plasma_8w_timewise_da_as_released,provided,not_selected,MoTrPAC_pass1b06_rat,motrpac_pass1b06_plasma_8w,motrpac_pass1b06_plasma_8w_trained_vs_sedentary_female,not_reported,female
glu-phe,glu-phe,Organic acids,-0.07045043,log2fc,0.6148096,1.0,benjamini_hochberg,within_female_stratum_pass1b06_plasma_8w_timewise_da_as_released,provided,not_selected,MoTrPAC_pass1b06_rat,motrpac_pass1b06_plasma_8w,motrpac_pass1b06_plasma_8w_trained_vs_sedentary_female,not_reported,female
tg(53:1)>tg(16:0_18:1_19:0)_and_tg(17:0_18:0_18:1)_m+nh3_feature1 [refmet: tg(53:1)_lp_a],tg(53:1)_lp_a,unclassified_no_refmet_match,0.07029764,log2fc,0.80765474,1.0,benjamini_hochberg,within_female_stratum_pass1b06_plasma_8w_timewise_da_as_released,provided,not_selected,MoTrPAC_pass1b06_rat,motrpac_pass1b06_plasma_8w,motrpac_pass1b06_plasma_8w_trained_vs_sedentary_female,not_reported,female
3-methyl-2-oxovalerate [refmet: 3-methyl-2-oxovaleric acid],3-methyl-2-oxovaleric acid,Organic acids,-0.06976084,log2fc,0.6431374,1.0,benjamini_hochberg,within_female_stratum_pass1b06_plasma_8w_timewise_da_as_released,provided,not_selected,MoTrPAC_pass1b06_rat,motrpac_pass1b06_plasma_8w,motrpac_pass1b06_plasma_8w_trained_vs_sedentary_female,not_reported,female
pc(36:2)>pc(18:0_18:2)_m+h2co2_feature3 [refmet: pc(18:0_18:2)_ln_c],pc(18:0_18:2)_ln_c,unclassified_no_refmet_match,0.06948432,log2fc,0.48666087,1.0,benjamini_hochberg,within_female_stratum_pass1b06_plasma_8w_timewise_da_as_released,provided,not_selected,MoTrPAC_pass1b06_rat,motrpac_pass1b06_plasma_8w,motrpac_pass1b06_plasma_8w_trained_vs_sedentary_female,not_reported,female
pc(o-32:1)_feature3 [refmet: pc(o-32:1)_lp_c],pc(o-32:1)_lp_c,unclassified_no_refmet_match,-0.069421604,log2fc,0.5986297,1.0,benjamini_hochberg,within_female_stratum_pass1b06_plasma_8w_timewise_da_as_released,provided,not_selected,MoTrPAC_pass1b06_rat,motrpac_pass1b06_plasma_8w,motrpac_pass1b06_plasma_8w_trained_vs_sedentary_female,not_reported,female
pc(37:4)_feature3 [refmet: pc(37:4)_lp_c],pc(37:4)_lp_c,unclassified_no_refmet_match,-0.06904859,log2fc,0.7144719,1.0,benjamini_hochberg,within_female_stratum_pass1b06_plasma_8w_timewise_da_as_released,provided,not_selected,MoTrPAC_pass1b06_rat,motrpac_pass1b06_plasma_8w,motrpac_pass1b06_plasma_8w_trained_vs_sedentary_female,not_reported,female
sie(20:4)_m+nh3_feature1 [refmet: sitosterol ester(20:4)_lp_a],sitosterol ester(20:4)_lp_a,unclassified_no_refmet_match,0.0686048,log2fc,0.66633415,1.0,benjamini_hochberg,within_female_stratum_pass1b06_plasma_8w_timewise_da_as_released,provided,not_selected,MoTrPAC_pass1b06_rat,motrpac_pass1b06_plasma_8w,motrpac_pass1b06_plasma_8w_trained_vs_sedentary_female,not_reported,female
c20:4 lpc a [refmet: lpc(20:4)_hp_a],lpc(20:4)_hp_a,unclassified_no_refmet_match,-0.066960245,log2fc,0.5362114,1.0,benjamini_hochberg,within_female_stratum_pass1b06_plasma_8w_timewise_da_as_released,provided,not_selected,MoTrPAC_pass1b06_rat,motrpac_pass1b06_plasma_8w,motrpac_pass1b06_plasma_8w_trained_vs_sedentary_female,not_reported,female
tg(56:6)>tg(18:1_18:1_20:4)_and_tg(16:0_18:1_22:5)_and_tg(18:1_18:2_20:3)_m+nh3_feature3 [refmet: tg(56:6)_lp_c],tg(56:6)_lp_c,unclassified_no_refmet_match,-0.06680069,log2fc,0.6559554,1.0,benjamini_hochberg,within_female_stratum_pass1b06_plasma_8w_timewise_da_as_released,provided,not_selected,MoTrPAC_pass1b06_rat,motrpac_pass1b06_plasma_8w,motrpac_pass1b06_plasma_8w_trained_vs_sedentary_female,not_reported,female
alpha-aminoadipic-acid [refmet: aminoadipic acid],aminoadipic acid,Organic acids,-0.06642296,log2fc,0.71538925,1.0,benjamini_hochberg,within_female_stratum_pass1b06_plasma_8w_timewise_da_as_released,provided,not_selected,MoTrPAC_pass1b06_rat,motrpac_pass1b06_plasma_8w,motrpac_pass1b06_plasma_8w_trained_vs_sedentary_female,not_reported,female
glycodeoxycholate [refmet: glycodeoxycholic acid],glycodeoxycholic acid,Sterol Lipids,0.066172004,log2fc,0.9198993,1.0,benjamini_hochberg,within_female_stratum_pass1b06_plasma_8w_timewise_da_as_released,provided,not_selected,MoTrPAC_pass1b06_rat,motrpac_pass1b06_plasma_8w,motrpac_pass1b06_plasma_8w_trained_vs_sedentary_female,not_reported,female
lpe(18:0)_feature2 [refmet: lpe(18:0)_ln_b],lpe(18:0)_ln_b,unclassified_no_refmet_match,0.066166006,log2fc,0.5865942,1.0,benjamini_hochberg,within_female_stratum_pass1b06_plasma_8w_timewise_da_as_released,provided,not_selected,MoTrPAC_pass1b06_rat,motrpac_pass1b06_plasma_8w,motrpac_pass1b06_plasma_8w_trained_vs_sedentary_female,not_reported,female
sm(d41:1)_feature1 [refmet: sm(d41:1)],sm(d41:1),unclassified_no_refmet_match,-0.06604341,log2fc,0.7148737,1.0,benjamini_hochberg,within_female_stratum_pass1b06_plasma_8w_timewise_da_as_released,provided,not_selected,MoTrPAC_pass1b06_rat,motrpac_pass1b06_plasma_8w,motrpac_pass1b06_plasma_8w_trained_vs_sedentary_female,not_reported,female
tg(55:5)>tg(18:2_18:2_19:1)_and_tg(18:1_18:2_19:2)_m+nh3_feature2 [refmet: tg(55:5)_lp_b],tg(55:5)_lp_b,unclassified_no_refmet_match,-0.06523598,log2fc,0.7999274,1.0,benjamini_hochberg,within_female_stratum_pass1b06_plasma_8w_timewise_da_as_released,provided,not_selected,MoTrPAC_pass1b06_rat,motrpac_pass1b06_plasma_8w,motrpac_pass1b06_plasma_8w_trained_vs_sedentary_female,not_reported,female
lpc(19:0/0:0)_feature2 [refmet: lpc(19:0/0:0)_b],lpc(19:0/0:0)_b,unclassified_no_refmet_match,0.06509882,log2fc,0.89307994,1.0,benjamini_hochberg,within_female_stratum_pass1b06_plasma_8w_timewise_da_as_released,provided,not_selected,MoTrPAC_pass1b06_rat,motrpac_pass1b06_plasma_8w,motrpac_pass1b06_plasma_8w_trained_vs_sedentary_female,not_reported,female
cer(d41:1)_m+h2co2_feature1 [refmet: cer(d41:1)],cer(d41:1),unclassified_no_refmet_match,0.06487516,log2fc,0.61705476,1.0,benjamini_hochberg,within_female_stratum_pass1b06_plasma_8w_timewise_da_as_released,provided,not_selected,MoTrPAC_pass1b06_rat,motrpac_pass1b06_plasma_8w,motrpac_pass1b06_plasma_8w_trained_vs_sedentary_female,not_reported,female
lpc(20:4/0:0)_feature2 [refmet: lpc(20:4/0:0)_lp_b],lpc(20:4/0:0)_lp_b,unclassified_no_refmet_match,-0.064291604,log2fc,0.7045484,1.0,benjamini_hochberg,within_female_stratum_pass1b06_plasma_8w_timewise_da_as_released,provided,not_selected,MoTrPAC_pass1b06_rat,motrpac_pass1b06_plasma_8w,motrpac_pass1b06_plasma_8w_trained_vs_sedentary_female,not_reported,female
pe(36:4)>(16:0_20:4)_feature3 [refmet: pe(16:0_20:4)_ln_c],pe(16:0_20:4)_ln_c,unclassified_no_refmet_match,-0.06417165,log2fc,0.65838,1.0,benjamini_hochberg,within_female_stratum_pass1b06_plasma_8w_timewise_da_as_released,provided,not_selected,MoTrPAC_pass1b06_rat,motrpac_pass1b06_plasma_8w,motrpac_pass1b06_plasma_8w_trained_vs_sedentary_female,not_reported,female
c26 carnitine [refmet: car(26:0)],car(26:0),unclassified_no_refmet_match,-0.06387399,log2fc,0.70263445,1.0,benjamini_hochberg,within_female_stratum_pass1b06_plasma_8w_timewise_da_as_released,provided,not_selected,MoTrPAC_pass1b06_rat,motrpac_pass1b06_plasma_8w,motrpac_pass1b06_plasma_8w_trained_vs_sedentary_female,not_reported,female
car(20:1)_feature1 [refmet: car(20:1)],car(20:1),unclassified_no_refmet_match,-0.06332421,log2fc,0.79286987,1.0,benjamini_hochberg,within_female_stratum_pass1b06_plasma_8w_timewise_da_as_released,provided,not_selected,MoTrPAC_pass1b06_rat,motrpac_pass1b06_plasma_8w,motrpac_pass1b06_plasma_8w_trained_vs_sedentary_female,not_reported,female
pc(39:5)_feature1 [refmet: pc(39:5)_lp_a],pc(39:5)_lp_a,unclassified_no_refmet_match,0.063282356,log2fc,0.57945263,1.0,benjamini_hochberg,within_female_stratum_pass1b06_plasma_8w_timewise_da_as_released,provided,not_selected,MoTrPAC_pass1b06_rat,motrpac_pass1b06_plasma_8w,motrpac_pass1b06_plasma_8w_trained_vs_sedentary_female,not_reported,female
sm(d34:0-oh)_feature1 [refmet: sm(d34:0-oh)],sm(d34:0-oh),unclassified_no_refmet_match,-0.063261725,log2fc,0.6646011,1.0,benjamini_hochberg,within_female_stratum_pass1b06_plasma_8w_timewise_da_as_released,provided,not_selected,MoTrPAC_pass1b06_rat,motrpac_pass1b06_plasma_8w,motrpac_pass1b06_plasma_8w_trained_vs_sedentary_female,not_reported,female
sm(d38:2)_feature1 [refmet: sm(d38:2)_lp_a],sm(d38:2)_lp_a,unclassified_no_refmet_match,-0.06316626,log2fc,0.70991784,1.0,benjamini_hochberg,within_female_stratum_pass1b06_plasma_8w_timewise_da_as_released,provided,not_selected,MoTrPAC_pass1b06_rat,motrpac_pass1b06_plasma_8w,motrpac_pass1b06_plasma_8w_trained_vs_sedentary_female,not_reported,female
5-hydroxytryptophol,5-hydroxytryptophol,Alkaloids,0.063066445,log2fc,0.78395194,1.0,benjamini_hochberg,within_female_stratum_pass1b06_plasma_8w_timewise_da_as_released,provided,not_selected,MoTrPAC_pass1b06_rat,motrpac_pass1b06_plasma_8w,motrpac_pass1b06_plasma_8w_trained_vs_sedentary_female,not_reported,female
c20:4 lpe [refmet: lpe(20:4)],lpe(20:4),unclassified_no_refmet_match,-0.062984414,log2fc,0.55877477,1.0,benjamini_hochberg,within_female_stratum_pass1b06_plasma_8w_timewise_da_as_released,provided,not_selected,MoTrPAC_pass1b06_rat,motrpac_pass1b06_plasma_8w,motrpac_pass1b06_plasma_8w_trained_vs_sedentary_female,not_reported,female
lpc(22:6/0:0)_and_lpc(0:0/22:6)_feature1and2 [refmet: lpc(22:6)_lp_ab],lpc(22:6)_lp_ab,unclassified_no_refmet_match,-0.062918805,log2fc,0.68044513,1.0,benjamini_hochberg,within_female_stratum_pass1b06_plasma_8w_timewise_da_as_released,provided,not_selected,MoTrPAC_pass1b06_rat,motrpac_pass1b06_plasma_8w,motrpac_pass1b06_plasma_8w_trained_vs_sedentary_female,not_reported,female
hydroxyindole acetate [refmet: 5-hydroxyindoleacetic acid],5-hydroxyindoleacetic acid,Alkaloids,0.062603764,log2fc,0.95049554,1.0,benjamini_hochberg,within_female_stratum_pass1b06_plasma_8w_timewise_da_as_released,provided,not_selected,MoTrPAC_pass1b06_rat,motrpac_pass1b06_plasma_8w,motrpac_pass1b06_plasma_8w_trained_vs_sedentary_female,not_reported,female
homoarginine,homoarginine,Organic acids,-0.062157642,log2fc,0.79298764,1.0,benjamini_hochberg,within_female_stratum_pass1b06_plasma_8w_timewise_da_as_released,provided,not_selected,MoTrPAC_pass1b06_rat,motrpac_pass1b06_plasma_8w,motrpac_pass1b06_plasma_8w_trained_vs_sedentary_female,not_reported,female
pe(o-40:4)_feature4 [refmet: pe(o-40:4)_lp_d],pe(o-40:4)_lp_d,unclassified_no_refmet_match,-0.062056143,log2fc,0.6299112,1.0,benjamini_hochberg,within_female_stratum_pass1b06_plasma_8w_timewise_da_as_released,provided,not_selected,MoTrPAC_pass1b06_rat,motrpac_pass1b06_plasma_8w,motrpac_pass1b06_plasma_8w_trained_vs_sedentary_female,not_reported,female
pc(32:0),pc(32:0),unclassified_no_refmet_match,0.061203513,log2fc,0.74664414,1.0,benjamini_hochberg,within_female_stratum_pass1b06_plasma_8w_timewise_da_as_released,provided,not_selected,MoTrPAC_pass1b06_rat,motrpac_pass1b06_plasma_8w,motrpac_pass1b06_plasma_8w_trained_vs_sedentary_female,not_reported,female
c16:1 lpc plasmalogen [refmet: lpc(p-16:0)/lpc(o-16:1)],lpc(p-16:0)/lpc(o-16:1),unclassified_no_refmet_match,-0.060933996,log2fc,0.5976008,1.0,benjamini_hochberg,within_female_stratum_pass1b06_plasma_8w_timewise_da_as_released,provided,not_selected,MoTrPAC_pass1b06_rat,motrpac_pass1b06_plasma_8w,motrpac_pass1b06_plasma_8w_trained_vs_sedentary_female,not_reported,female
"n6,n6,n6-trimethyllysine [refmet: n-6-trimethyllysine]",n-6-trimethyllysine,Organic acids,-0.0606034,log2fc,0.52782416,1.0,benjamini_hochberg,within_female_stratum_pass1b06_plasma_8w_timewise_da_as_released,provided,not_selected,MoTrPAC_pass1b06_rat,motrpac_pass1b06_plasma_8w,motrpac_pass1b06_plasma_8w_trained_vs_sedentary_female,not_reported,female
pc(34:3)>pc(16:0_18:3)_m+h2co2_feature3 [refmet: pc(16:0_18:3)_ln_c],pc(16:0_18:3)_ln_c,unclassified_no_refmet_match,0.060379073,log2fc,0.6711182,1.0,benjamini_hochberg,within_female_stratum_pass1b06_plasma_8w_timewise_da_as_released,provided,not_selected,MoTrPAC_pass1b06_rat,motrpac_pass1b06_plasma_8w,motrpac_pass1b06_plasma_8w_trained_vs_sedentary_female,not_reported,female
pc(38:6),pc(38:6),unclassified_no_refmet_match,0.060254533,log2fc,0.62775433,1.0,benjamini_hochberg,within_female_stratum_pass1b06_plasma_8w_timewise_da_as_released,provided,not_selected,MoTrPAC_pass1b06_rat,motrpac_pass1b06_plasma_8w,motrpac_pass1b06_plasma_8w_trained_vs_sedentary_female,not_reported,female
pc(44:5)_feature1 [refmet: pc(44:5)_lp_a],pc(44:5)_lp_a,unclassified_no_refmet_match,-0.060136765,log2fc,0.65272284,1.0,benjamini_hochberg,within_female_stratum_pass1b06_plasma_8w_timewise_da_as_released,provided,not_selected,MoTrPAC_pass1b06_rat,motrpac_pass1b06_plasma_8w,motrpac_pass1b06_plasma_8w_trained_vs_sedentary_female,not_reported,female
pe(40:5)_feature3 [refmet: pe(40:5)_lp_c],pe(40:5)_lp_c,unclassified_no_refmet_match,0.060127832,log2fc,0.8317802,1.0,benjamini_hochberg,within_female_stratum_pass1b06_plasma_8w_timewise_da_as_released,provided,not_selected,MoTrPAC_pass1b06_rat,motrpac_pass1b06_plasma_8w,motrpac_pass1b06_plasma_8w_trained_vs_sedentary_female,not_reported,female
sm(d40:1)_m+h2co2_feature1 [refmet: sm(d40:1)_ln_a],sm(d40:1)_ln_a,unclassified_no_refmet_match,-0.059833657,log2fc,0.52192646,1.0,benjamini_hochberg,within_female_stratum_pass1b06_plasma_8w_timewise_da_as_released,provided,not_selected,MoTrPAC_pass1b06_rat,motrpac_pass1b06_plasma_8w,motrpac_pass1b06_plasma_8w_trained_vs_sedentary_female,not_reported,female
leu-pro,leu-pro,Organic acids,0.05968286,log2fc,0.7297981,1.0,benjamini_hochberg,within_female_stratum_pass1b06_plasma_8w_timewise_da_as_released,provided,not_selected,MoTrPAC_pass1b06_rat,motrpac_pass1b06_plasma_8w,motrpac_pass1b06_plasma_8w_trained_vs_sedentary_female,not_reported,female
sm(d41:0)_feature1 [refmet: sm(d41:0)],sm(d41:0),unclassified_no_refmet_match,-0.059402373,log2fc,0.76692766,1.0,benjamini_hochberg,within_female_stratum_pass1b06_plasma_8w_timewise_da_as_released,provided,not_selected,MoTrPAC_pass1b06_rat,motrpac_pass1b06_plasma_8w,motrpac_pass1b06_plasma_8w_trained_vs_sedentary_female,not_reported,female
pi(40:5)>pi(18:0_22:5)_feature1 [refmet: pi(18:0_22:5)_ln_a],pi(18:0_22:5)_ln_a,unclassified_no_refmet_match,0.05929071,log2fc,0.835623,1.0,benjamini_hochberg,within_female_stratum_pass1b06_plasma_8w_timewise_da_as_released,provided,not_selected,MoTrPAC_pass1b06_rat,motrpac_pass1b06_plasma_8w,motrpac_pass1b06_plasma_8w_trained_vs_sedentary_female,not_reported,female
n1-acetylspermidine,n1-acetylspermidine,Alkaloids,-0.058736514,log2fc,0.5465953,1.0,benjamini_hochberg,within_female_stratum_pass1b06_plasma_8w_timewise_da_as_released,provided,not_selected,MoTrPAC_pass1b06_rat,motrpac_pass1b06_plasma_8w,motrpac_pass1b06_plasma_8w_trained_vs_sedentary_female,not_reported,female
threonine [source metabolite label NA],threonine,Organic acids,0.058636628,log2fc,0.39643878,1.0,benjamini_hochberg,within_female_stratum_pass1b06_plasma_8w_timewise_da_as_released,provided,not_selected,MoTrPAC_pass1b06_rat,motrpac_pass1b06_plasma_8w,motrpac_pass1b06_plasma_8w_trained_vs_sedentary_female,not_reported,female
sm(d40:2)_m+h2co2_feature1 [refmet: sm(d40:2)_ln_a],sm(d40:2)_ln_a,unclassified_no_refmet_match,-0.057540167,log2fc,0.64257336,1.0,benjamini_hochberg,within_female_stratum_pass1b06_plasma_8w_timewise_da_as_released,provided,not_selected,MoTrPAC_pass1b06_rat,motrpac_pass1b06_plasma_8w,motrpac_pass1b06_plasma_8w_trained_vs_sedentary_female,not_reported,female
tg(60:10)>tg(18:0_20:4_22:6)_m+nh3_feature5 [refmet: tg(60:10)_lp_e],tg(60:10)_lp_e,unclassified_no_refmet_match,-0.057343453,log2fc,0.789814,1.0,benjamini_hochberg,within_female_stratum_pass1b06_plasma_8w_timewise_da_as_released,provided,not_selected,MoTrPAC_pass1b06_rat,motrpac_pass1b06_plasma_8w,motrpac_pass1b06_plasma_8w_trained_vs_sedentary_female,not_reported,female
alpha-tocopherol [source metabolite label NA],alpha-tocopherol,Prenol Lipids,-0.057274327,log2fc,0.7203958,1.0,benjamini_hochberg,within_female_stratum_pass1b06_plasma_8w_timewise_da_as_released,provided,not_selected,MoTrPAC_pass1b06_rat,motrpac_pass1b06_plasma_8w,motrpac_pass1b06_plasma_8w_trained_vs_sedentary_female,not_reported,female
n-acetylalanine,n-acetylalanine,Organic acids,0.057250213,log2fc,0.53174335,1.0,benjamini_hochberg,within_female_stratum_pass1b06_plasma_8w_timewise_da_as_released,provided,not_selected,MoTrPAC_pass1b06_rat,motrpac_pass1b06_plasma_8w,motrpac_pass1b06_plasma_8w_trained_vs_sedentary_female,not_reported,female
pc(39:4)_feature2 [refmet: pc(39:4)_lp_b],pc(39:4)_lp_b,unclassified_no_refmet_match,-0.056678522,log2fc,0.84973,1.0,benjamini_hochberg,within_female_stratum_pass1b06_plasma_8w_timewise_da_as_released,provided,not_selected,MoTrPAC_pass1b06_rat,motrpac_pass1b06_plasma_8w,motrpac_pass1b06_plasma_8w_trained_vs_sedentary_female,not_reported,female
pc(35:0)_feature1 [refmet: pc(35:0)_lp_a],pc(35:0)_lp_a,unclassified_no_refmet_match,-0.056531306,log2fc,0.7508474,1.0,benjamini_hochberg,within_female_stratum_pass1b06_plasma_8w_timewise_da_as_released,provided,not_selected,MoTrPAC_pass1b06_rat,motrpac_pass1b06_plasma_8w,motrpac_pass1b06_plasma_8w_trained_vs_sedentary_female,not_reported,female
sm(d40:1)_feature2 [refmet: sm(d40:1)_lp_b],sm(d40:1)_lp_b,unclassified_no_refmet_match,-0.056045957,log2fc,0.6818842,1.0,benjamini_hochberg,within_female_stratum_pass1b06_plasma_8w_timewise_da_as_released,provided,not_selected,MoTrPAC_pass1b06_rat,motrpac_pass1b06_plasma_8w,motrpac_pass1b06_plasma_8w_trained_vs_sedentary_female,not_reported,female
"fa(20:5(5z,8z,11z,14z,17z))) [refmet: epa]",epa,Fatty Acyls,0.055943977,log2fc,0.84771323,1.0,benjamini_hochberg,within_female_stratum_pass1b06_plasma_8w_timewise_da_as_released,provided,not_selected,MoTrPAC_pass1b06_rat,motrpac_pass1b06_plasma_8w,motrpac_pass1b06_plasma_8w_trained_vs_sedentary_female,not_reported,female
n-acetylleucine [source metabolite label NA],n-acetylleucine,Organic acids,-0.05571606,log2fc,0.7498546,1.0,benjamini_hochberg,within_female_stratum_pass1b06_plasma_8w_timewise_da_as_released,provided,not_selected,MoTrPAC_pass1b06_rat,motrpac_pass1b06_plasma_8w,motrpac_pass1b06_plasma_8w_trained_vs_sedentary_female,not_reported,female
pc(o-30:0)_feature1 [refmet: pc(o-30:0)],pc(o-30:0),unclassified_no_refmet_match,-0.055349596,log2fc,0.6557286,1.0,benjamini_hochberg,within_female_stratum_pass1b06_plasma_8w_timewise_da_as_released,provided,not_selected,MoTrPAC_pass1b06_rat,motrpac_pass1b06_plasma_8w,motrpac_pass1b06_plasma_8w_trained_vs_sedentary_female,not_reported,female
lactic acid [source metabolite label NA],lactic acid,Organic acids,-0.05533076,log2fc,0.6558245,1.0,benjamini_hochberg,within_female_stratum_pass1b06_plasma_8w_timewise_da_as_released,provided,not_selected,MoTrPAC_pass1b06_rat,motrpac_pass1b06_plasma_8w,motrpac_pass1b06_plasma_8w_trained_vs_sedentary_female,not_reported,female
pc(32:2)_feature1 [refmet: pc(32:2)_lp_a],pc(32:2)_lp_a,unclassified_no_refmet_match,0.054877978,log2fc,0.7720066,1.0,benjamini_hochberg,within_female_stratum_pass1b06_plasma_8w_timewise_da_as_released,provided,not_selected,MoTrPAC_pass1b06_rat,motrpac_pass1b06_plasma_8w,motrpac_pass1b06_plasma_8w_trained_vs_sedentary_female,not_reported,female
monoethylhexyl phthalate [refmet: monoethylhexyl phthalic acid],monoethylhexyl phthalic acid,Benzenoids,0.054871783,log2fc,0.81900626,1.0,benjamini_hochberg,within_female_stratum_pass1b06_plasma_8w_timewise_da_as_released,provided,not_selected,MoTrPAC_pass1b06_rat,motrpac_pass1b06_plasma_8w,motrpac_pass1b06_plasma_8w_trained_vs_sedentary_female,not_reported,female
isoleucine [source metabolite label NA],isoleucine,Organic acids,0.05464955,log2fc,0.5483346,1.0,benjamini_hochberg,within_female_stratum_pass1b06_plasma_8w_timewise_da_as_released,provided,not_selected,MoTrPAC_pass1b06_rat,motrpac_pass1b06_plasma_8w,motrpac_pass1b06_plasma_8w_trained_vs_sedentary_female,not_reported,female
butyrobetaine [refmet: 3-dehydroxycarnitine],3-dehydroxycarnitine,Fatty Acyls,-0.05462235,log2fc,0.39293522,1.0,benjamini_hochberg,within_female_stratum_pass1b06_plasma_8w_timewise_da_as_released,provided,not_selected,MoTrPAC_pass1b06_rat,motrpac_pass1b06_plasma_8w,motrpac_pass1b06_plasma_8w_trained_vs_sedentary_female,not_reported,female
cer(d40:2)>cer(d18:2/22:0)_feature2 [refmet: cer(d18:2/22:0)_lp_b],cer(d18:2/22:0)_lp_b,unclassified_no_refmet_match,-0.05421831,log2fc,0.80753815,1.0,benjamini_hochberg,within_female_stratum_pass1b06_plasma_8w_timewise_da_as_released,provided,not_selected,MoTrPAC_pass1b06_rat,motrpac_pass1b06_plasma_8w,motrpac_pass1b06_plasma_8w_trained_vs_sedentary_female,not_reported,female
fa(22:4) [refmet: docosatetraenoic acid],docosatetraenoic acid,Fatty Acyls,0.053354274,log2fc,0.93756855,1.0,benjamini_hochberg,within_female_stratum_pass1b06_plasma_8w_timewise_da_as_released,provided,not_selected,MoTrPAC_pass1b06_rat,motrpac_pass1b06_plasma_8w,motrpac_pass1b06_plasma_8w_trained_vs_sedentary_female,not_reported,female
pe(38:4)>pe(18:0_20:4)_feature5 [refmet: pe(18:0_20:4)_ln_e],pe(18:0_20:4)_ln_e,unclassified_no_refmet_match,-0.053151198,log2fc,0.795071,1.0,benjamini_hochberg,within_female_stratum_pass1b06_plasma_8w_timewise_da_as_released,provided,not_selected,MoTrPAC_pass1b06_rat,motrpac_pass1b06_plasma_8w,motrpac_pass1b06_plasma_8w_trained_vs_sedentary_female,not_reported,female
car(10:0-oh)_feature1 [refmet: car(10:0(oh))],car(10:0(oh)),unclassified_no_refmet_match,0.053056728,log2fc,0.80591905,1.0,benjamini_hochberg,within_female_stratum_pass1b06_plasma_8w_timewise_da_as_released,provided,not_selected,MoTrPAC_pass1b06_rat,motrpac_pass1b06_plasma_8w,motrpac_pass1b06_plasma_8w_trained_vs_sedentary_female,not_reported,female
fa(8:0-oh) [refmet: hydroxyoctanoic acid],hydroxyoctanoic acid,Fatty Acyls,0.052686803,log2fc,0.8415175,1.0,benjamini_hochberg,within_female_stratum_pass1b06_plasma_8w_timewise_da_as_released,provided,not_selected,MoTrPAC_pass1b06_rat,motrpac_pass1b06_plasma_8w,motrpac_pass1b06_plasma_8w_trained_vs_sedentary_female,not_reported,female
ce(18:1)_m+nh3_feature1 [refmet: ce(18:1)],ce(18:1),unclassified_no_refmet_match,0.05233811,log2fc,0.7184151,1.0,benjamini_hochberg,within_female_stratum_pass1b06_plasma_8w_timewise_da_as_released,provided,not_selected,MoTrPAC_pass1b06_rat,motrpac_pass1b06_plasma_8w,motrpac_pass1b06_plasma_8w_trained_vs_sedentary_female,not_reported,female
c20:3 lpc b [refmet: lpc(20:3)_hp_b],lpc(20:3)_hp_b,unclassified_no_refmet_match,0.052165017,log2fc,0.5994432,1.0,benjamini_hochberg,within_female_stratum_pass1b06_plasma_8w_timewise_da_as_released,provided,not_selected,MoTrPAC_pass1b06_rat,motrpac_pass1b06_plasma_8w,motrpac_pass1b06_plasma_8w_trained_vs_sedentary_female,not_reported,female
ce(20:4)_m+nh3_feature1 [refmet: ce(20:4)_lp_a],ce(20:4)_lp_a,unclassified_no_refmet_match,-0.052135803,log2fc,0.72975665,1.0,benjamini_hochberg,within_female_stratum_pass1b06_plasma_8w_timewise_da_as_released,provided,not_selected,MoTrPAC_pass1b06_rat,motrpac_pass1b06_plasma_8w,motrpac_pass1b06_plasma_8w_trained_vs_sedentary_female,not_reported,female
3-methylhistidine [source metabolite label NA],3-methylhistidine,Organic acids,0.05199955,log2fc,0.4775118,1.0,benjamini_hochberg,within_female_stratum_pass1b06_plasma_8w_timewise_da_as_released,provided,not_selected,MoTrPAC_pass1b06_rat,motrpac_pass1b06_plasma_8w,motrpac_pass1b06_plasma_8w_trained_vs_sedentary_female,not_reported,female
sm(d42:2)_m+h2co2_feature1 [refmet: sm(d42:2)_ln_a],sm(d42:2)_ln_a,unclassified_no_refmet_match,0.05159128,log2fc,0.7174946,1.0,benjamini_hochberg,within_female_stratum_pass1b06_plasma_8w_timewise_da_as_released,provided,not_selected,MoTrPAC_pass1b06_rat,motrpac_pass1b06_plasma_8w,motrpac_pass1b06_plasma_8w_trained_vs_sedentary_female,not_reported,female
car(5:0) [source metabolite label NA],car(5:0),unclassified_no_refmet_match,-0.051484223,log2fc,0.71674675,1.0,benjamini_hochberg,within_female_stratum_pass1b06_plasma_8w_timewise_da_as_released,provided,not_selected,MoTrPAC_pass1b06_rat,motrpac_pass1b06_plasma_8w,motrpac_pass1b06_plasma_8w_trained_vs_sedentary_female,not_reported,female
tg(49:3)_m+nh3_feature2 [refmet: tg(49:3)_lp_b],tg(49:3)_lp_b,unclassified_no_refmet_match,0.051379733,log2fc,0.85877436,1.0,benjamini_hochberg,within_female_stratum_pass1b06_plasma_8w_timewise_da_as_released,provided,not_selected,MoTrPAC_pass1b06_rat,motrpac_pass1b06_plasma_8w,motrpac_pass1b06_plasma_8w_trained_vs_sedentary_female,not_reported,female
dg(38:5)>dg(18:1_20:4_0:0)_m+nh3_feature2 [refmet: dg(18:1_20:4)_lp_b],dg(18:1_20:4)_lp_b,unclassified_no_refmet_match,0.050968397,log2fc,0.7213577,1.0,benjamini_hochberg,within_female_stratum_pass1b06_plasma_8w_timewise_da_as_released,provided,not_selected,MoTrPAC_pass1b06_rat,motrpac_pass1b06_plasma_8w,motrpac_pass1b06_plasma_8w_trained_vs_sedentary_female,not_reported,female
cer(d40:2)>cer(d18:1/22:1)_feature1 [refmet: cer(d18:1/22:1)_lp_a],cer(d18:1/22:1)_lp_a,unclassified_no_refmet_match,-0.05046031,log2fc,0.77894866,1.0,benjamini_hochberg,within_female_stratum_pass1b06_plasma_8w_timewise_da_as_released,provided,not_selected,MoTrPAC_pass1b06_rat,motrpac_pass1b06_plasma_8w,motrpac_pass1b06_plasma_8w_trained_vs_sedentary_female,not_reported,female
hexose,hexose,Carbohydrates,0.050028723,log2fc,0.7222531,1.0,benjamini_hochberg,within_female_stratum_pass1b06_plasma_8w_timewise_da_as_released,provided,not_selected,MoTrPAC_pass1b06_rat,motrpac_pass1b06_plasma_8w,motrpac_pass1b06_plasma_8w_trained_vs_sedentary_female,not_reported,female
tg(58:5)_m+nh3_feature3 [refmet: tg(58:5)_lp_c],tg(58:5)_lp_c,unclassified_no_refmet_match,0.04963873,log2fc,0.80779713,1.0,benjamini_hochberg,within_female_stratum_pass1b06_plasma_8w_timewise_da_as_released,provided,not_selected,MoTrPAC_pass1b06_rat,motrpac_pass1b06_plasma_8w,motrpac_pass1b06_plasma_8w_trained_vs_sedentary_female,not_reported,female
pc(40:7)_feature2 [refmet: pc(40:7)_lp_b],pc(40:7)_lp_b,unclassified_no_refmet_match,0.04963734,log2fc,0.84404516,1.0,benjamini_hochberg,within_female_stratum_pass1b06_plasma_8w_timewise_da_as_released,provided,not_selected,MoTrPAC_pass1b06_rat,motrpac_pass1b06_plasma_8w,motrpac_pass1b06_plasma_8w_trained_vs_sedentary_female,not_reported,female
palmitoleic acid [source metabolite label NA],palmitoleic acid,Fatty Acyls,-0.049541507,log2fc,0.85105157,1.0,benjamini_hochberg,within_female_stratum_pass1b06_plasma_8w_timewise_da_as_released,provided,not_selected,MoTrPAC_pass1b06_rat,motrpac_pass1b06_plasma_8w,motrpac_pass1b06_plasma_8w_trained_vs_sedentary_female,not_reported,female
tg(58:5)_m+nh3_feature2 [refmet: tg(58:5)_lp_b],tg(58:5)_lp_b,unclassified_no_refmet_match,-0.048444364,log2fc,0.907192,1.0,benjamini_hochberg,within_female_stratum_pass1b06_plasma_8w_timewise_da_as_released,provided,not_selected,MoTrPAC_pass1b06_rat,motrpac_pass1b06_plasma_8w,motrpac_pass1b06_plasma_8w_trained_vs_sedentary_female,not_reported,female
c34:2 pe plasmalogen [refmet: pe(p-34:1)/pe(o-34:2)],pe(p-34:1)/pe(o-34:2),unclassified_no_refmet_match,-0.04835979,log2fc,0.7559081,1.0,benjamini_hochberg,within_female_stratum_pass1b06_plasma_8w_timewise_da_as_released,provided,not_selected,MoTrPAC_pass1b06_rat,motrpac_pass1b06_plasma_8w,motrpac_pass1b06_plasma_8w_trained_vs_sedentary_female,not_reported,female
pc(35:2)_feature2 [refmet: pc(35:2)_lp_b],pc(35:2)_lp_b,unclassified_no_refmet_match,0.048244298,log2fc,0.7235832,1.0,benjamini_hochberg,within_female_stratum_pass1b06_plasma_8w_timewise_da_as_released,provided,not_selected,MoTrPAC_pass1b06_rat,motrpac_pass1b06_plasma_8w,motrpac_pass1b06_plasma_8w_trained_vs_sedentary_female,not_reported,female
lpe(20:4)_feature2 [refmet: lpe(20:4)_ln_b],lpe(20:4)_ln_b,unclassified_no_refmet_match,0.048153814,log2fc,0.60540146,1.0,benjamini_hochberg,within_female_stratum_pass1b06_plasma_8w_timewise_da_as_released,provided,not_selected,MoTrPAC_pass1b06_rat,motrpac_pass1b06_plasma_8w,motrpac_pass1b06_plasma_8w_trained_vs_sedentary_female,not_reported,female
pc(36:2)_feature3 [refmet: pc(36:2)_lp_c],pc(36:2)_lp_c,unclassified_no_refmet_match,0.04790841,log2fc,0.6697355,1.0,benjamini_hochberg,within_female_stratum_pass1b06_plasma_8w_timewise_da_as_released,provided,not_selected,MoTrPAC_pass1b06_rat,motrpac_pass1b06_plasma_8w,motrpac_pass1b06_plasma_8w_trained_vs_sedentary_female,not_reported,female
fa(20:2) [refmet: eicosadienoic acid],eicosadienoic acid,Fatty Acyls,0.0477894,log2fc,0.865504,1.0,benjamini_hochberg,within_female_stratum_pass1b06_plasma_8w_timewise_da_as_released,provided,not_selected,MoTrPAC_pass1b06_rat,motrpac_pass1b06_plasma_8w,motrpac_pass1b06_plasma_8w_trained_vs_sedentary_female,not_reported,female
dg(18:1_18:1),dg(18:1_18:1),unclassified_no_refmet_match,0.04757908,log2fc,0.8601764,1.0,benjamini_hochberg,within_female_stratum_pass1b06_plasma_8w_timewise_da_as_released,provided,not_selected,MoTrPAC_pass1b06_rat,motrpac_pass1b06_plasma_8w,motrpac_pass1b06_plasma_8w_trained_vs_sedentary_female,not_reported,female
pc(30:0)_feature1 [refmet: pc(30:0)_lp_a],pc(30:0)_lp_a,unclassified_no_refmet_match,0.047057923,log2fc,0.72794527,1.0,benjamini_hochberg,within_female_stratum_pass1b06_plasma_8w_timewise_da_as_released,provided,not_selected,MoTrPAC_pass1b06_rat,motrpac_pass1b06_plasma_8w,motrpac_pass1b06_plasma_8w_trained_vs_sedentary_female,not_reported,female
pe(38:5)_feature5 [refmet: pe(38:5)_lp_e],pe(38:5)_lp_e,unclassified_no_refmet_match,0.0466284,log2fc,0.83444,1.0,benjamini_hochberg,within_female_stratum_pass1b06_plasma_8w_timewise_da_as_released,provided,not_selected,MoTrPAC_pass1b06_rat,motrpac_pass1b06_plasma_8w,motrpac_pass1b06_plasma_8w_trained_vs_sedentary_female,not_reported,female
tg(54:5)>tg(18:1_18:2_18:2)_and_tg(16:0_16:0_22:5)_and_tg(16:0_18:1_20:4)_feature5 [refmet: tg(54:5)_lp_e],tg(54:5)_lp_e,unclassified_no_refmet_match,0.046553425,log2fc,0.7535162,1.0,benjamini_hochberg,within_female_stratum_pass1b06_plasma_8w_timewise_da_as_released,provided,not_selected,MoTrPAC_pass1b06_rat,motrpac_pass1b06_plasma_8w,motrpac_pass1b06_plasma_8w_trained_vs_sedentary_female,not_reported,female
pc(36:6)_feature3 [refmet: pc(36:6)_lp_c],pc(36:6)_lp_c,unclassified_no_refmet_match,-0.04643372,log2fc,0.85563517,1.0,benjamini_hochberg,within_female_stratum_pass1b06_plasma_8w_timewise_da_as_released,provided,not_selected,MoTrPAC_pass1b06_rat,motrpac_pass1b06_plasma_8w,motrpac_pass1b06_plasma_8w_trained_vs_sedentary_female,not_reported,female
deoxycytidine [source metabolite label NA],deoxycytidine,Nucleic acids,0.045369036,log2fc,0.48247647,1.0,benjamini_hochberg,within_female_stratum_pass1b06_plasma_8w_timewise_da_as_released,provided,not_selected,MoTrPAC_pass1b06_rat,motrpac_pass1b06_plasma_8w,motrpac_pass1b06_plasma_8w_trained_vs_sedentary_female,not_reported,female
pe(34:2)_feature2 [refmet: pe(34:2)_lp_b],pe(34:2)_lp_b,unclassified_no_refmet_match,-0.04509361,log2fc,0.7793454,1.0,benjamini_hochberg,within_female_stratum_pass1b06_plasma_8w_timewise_da_as_released,provided,not_selected,MoTrPAC_pass1b06_rat,motrpac_pass1b06_plasma_8w,motrpac_pass1b06_plasma_8w_trained_vs_sedentary_female,not_reported,female
amp [source metabolite label NA],amp,Nucleic acids,0.044536937,log2fc,0.9515269,1.0,benjamini_hochberg,within_female_stratum_pass1b06_plasma_8w_timewise_da_as_released,provided,not_selected,MoTrPAC_pass1b06_rat,motrpac_pass1b06_plasma_8w,motrpac_pass1b06_plasma_8w_trained_vs_sedentary_female,not_reported,female
4-aminohippurate [refmet: 4-aminohippuric acid],4-aminohippuric acid,Benzenoids,-0.044133212,log2fc,0.7669436,1.0,benjamini_hochberg,within_female_stratum_pass1b06_plasma_8w_timewise_da_as_released,provided,not_selected,MoTrPAC_pass1b06_rat,motrpac_pass1b06_plasma_8w,motrpac_pass1b06_plasma_8w_trained_vs_sedentary_female,not_reported,female
ile-pro,ile-pro,Organic acids,-0.043901537,log2fc,0.8124411,1.0,benjamini_hochberg,within_female_stratum_pass1b06_plasma_8w_timewise_da_as_released,provided,not_selected,MoTrPAC_pass1b06_rat,motrpac_pass1b06_plasma_8w,motrpac_pass1b06_plasma_8w_trained_vs_sedentary_female,not_reported,female
pc(33:0)_feature1 [refmet: pc(33:0)_lp_a],pc(33:0)_lp_a,unclassified_no_refmet_match,-0.04361243,log2fc,0.75500613,1.0,benjamini_hochberg,within_female_stratum_pass1b06_plasma_8w_timewise_da_as_released,provided,not_selected,MoTrPAC_pass1b06_rat,motrpac_pass1b06_plasma_8w,motrpac_pass1b06_plasma_8w_trained_vs_sedentary_female,not_reported,female
sm(d44:3)_feature1 [refmet: sm(d44:3)],sm(d44:3),unclassified_no_refmet_match,-0.043341517,log2fc,0.806814,1.0,benjamini_hochberg,within_female_stratum_pass1b06_plasma_8w_timewise_da_as_released,provided,not_selected,MoTrPAC_pass1b06_rat,motrpac_pass1b06_plasma_8w,motrpac_pass1b06_plasma_8w_trained_vs_sedentary_female,not_reported,female
pc(35:0)_feature2 [refmet: pc(35:0)_lp_b],pc(35:0)_lp_b,unclassified_no_refmet_match,-0.043063965,log2fc,0.75841373,1.0,benjamini_hochberg,within_female_stratum_pass1b06_plasma_8w_timewise_da_as_released,provided,not_selected,MoTrPAC_pass1b06_rat,motrpac_pass1b06_plasma_8w,motrpac_pass1b06_plasma_8w_trained_vs_sedentary_female,not_reported,female
5-methylcytidine,5-methylcytidine,Nucleic acids,-0.04277071,log2fc,0.4829874,1.0,benjamini_hochberg,within_female_stratum_pass1b06_plasma_8w_timewise_da_as_released,provided,not_selected,MoTrPAC_pass1b06_rat,motrpac_pass1b06_plasma_8w,motrpac_pass1b06_plasma_8w_trained_vs_sedentary_female,not_reported,female
uridine [source metabolite label NA],uridine,Nucleic acids,0.04240641,log2fc,0.76397234,1.0,benjamini_hochberg,within_female_stratum_pass1b06_plasma_8w_timewise_da_as_released,provided,not_selected,MoTrPAC_pass1b06_rat,motrpac_pass1b06_plasma_8w,motrpac_pass1b06_plasma_8w_trained_vs_sedentary_female,not_reported,female
lpe(20:0)_feature2 [refmet: lpe(20:0)_ln_b],lpe(20:0)_ln_b,unclassified_no_refmet_match,0.042356584,log2fc,0.7279078,1.0,benjamini_hochberg,within_female_stratum_pass1b06_plasma_8w_timewise_da_as_released,provided,not_selected,MoTrPAC_pass1b06_rat,motrpac_pass1b06_plasma_8w,motrpac_pass1b06_plasma_8w_trained_vs_sedentary_female,not_reported,female
ethanolamine,ethanolamine,Organic nitrogen compounds,-0.04232765,log2fc,0.6678969,1.0,benjamini_hochberg,within_female_stratum_pass1b06_plasma_8w_timewise_da_as_released,provided,not_selected,MoTrPAC_pass1b06_rat,motrpac_pass1b06_plasma_8w,motrpac_pass1b06_plasma_8w_trained_vs_sedentary_female,not_reported,female
pc(34:3) [source metabolite label NA],pc(34:3),unclassified_no_refmet_match,0.04137106,log2fc,0.7967382,1.0,benjamini_hochberg,within_female_stratum_pass1b06_plasma_8w_timewise_da_as_released,provided,not_selected,MoTrPAC_pass1b06_rat,motrpac_pass1b06_plasma_8w,motrpac_pass1b06_plasma_8w_trained_vs_sedentary_female,not_reported,female
c24:0 lpc [refmet: lpc(24:0)],lpc(24:0),unclassified_no_refmet_match,-0.041270107,log2fc,0.7232281,1.0,benjamini_hochberg,within_female_stratum_pass1b06_plasma_8w_timewise_da_as_released,provided,not_selected,MoTrPAC_pass1b06_rat,motrpac_pass1b06_plasma_8w,motrpac_pass1b06_plasma_8w_trained_vs_sedentary_female,not_reported,female
aspartate [refmet: aspartic acid],aspartic acid,Organic acids,0.041090705,log2fc,0.8952329,1.0,benjamini_hochberg,within_female_stratum_pass1b06_plasma_8w_timewise_da_as_released,provided,not_selected,MoTrPAC_pass1b06_rat,motrpac_pass1b06_plasma_8w,motrpac_pass1b06_plasma_8w_trained_vs_sedentary_female,not_reported,female
1-methylhistidine,1-methylhistidine,Organic acids,-0.040214345,log2fc,0.82932574,1.0,benjamini_hochberg,within_female_stratum_pass1b06_plasma_8w_timewise_da_as_released,provided,not_selected,MoTrPAC_pass1b06_rat,motrpac_pass1b06_plasma_8w,motrpac_pass1b06_plasma_8w_trained_vs_sedentary_female,not_reported,female
lpc(0:0/19:0)_feature1 [refmet: lpc(0:0/19:0)_a],lpc(0:0/19:0)_a,unclassified_no_refmet_match,0.039783932,log2fc,0.79705757,1.0,benjamini_hochberg,within_female_stratum_pass1b06_plasma_8w_timewise_da_as_released,provided,not_selected,MoTrPAC_pass1b06_rat,motrpac_pass1b06_plasma_8w,motrpac_pass1b06_plasma_8w_trained_vs_sedentary_female,not_reported,female
c18:1 lpe [refmet: lpe(18:1)],lpe(18:1),unclassified_no_refmet_match,0.039427906,log2fc,0.77337176,1.0,benjamini_hochberg,within_female_stratum_pass1b06_plasma_8w_timewise_da_as_released,provided,not_selected,MoTrPAC_pass1b06_rat,motrpac_pass1b06_plasma_8w,motrpac_pass1b06_plasma_8w_trained_vs_sedentary_female,not_reported,female
tg(56:4)_m+nh3_feature2 [refmet: tg(56:4)_lp_b],tg(56:4)_lp_b,unclassified_no_refmet_match,0.0392919,log2fc,0.8715038,1.0,benjamini_hochberg,within_female_stratum_pass1b06_plasma_8w_timewise_da_as_released,provided,not_selected,MoTrPAC_pass1b06_rat,motrpac_pass1b06_plasma_8w,motrpac_pass1b06_plasma_8w_trained_vs_sedentary_female,not_reported,female
cystine,cystine,Organic acids,-0.039010026,log2fc,0.75506616,1.0,benjamini_hochberg,within_female_stratum_pass1b06_plasma_8w_timewise_da_as_released,provided,not_selected,MoTrPAC_pass1b06_rat,motrpac_pass1b06_plasma_8w,motrpac_pass1b06_plasma_8w_trained_vs_sedentary_female,not_reported,female
pc(38:6)_feature1 [refmet: pc(38:6)_lp_a],pc(38:6)_lp_a,unclassified_no_refmet_match,-0.038978238,log2fc,0.7981239,1.0,benjamini_hochberg,within_female_stratum_pass1b06_plasma_8w_timewise_da_as_released,provided,not_selected,MoTrPAC_pass1b06_rat,motrpac_pass1b06_plasma_8w,motrpac_pass1b06_plasma_8w_trained_vs_sedentary_female,not_reported,female
tg(54:4)_m+nh3_feature6 [refmet: tg(54:4)_lp_f],tg(54:4)_lp_f,unclassified_no_refmet_match,-0.038948,log2fc,0.8317174,1.0,benjamini_hochberg,within_female_stratum_pass1b06_plasma_8w_timewise_da_as_released,provided,not_selected,MoTrPAC_pass1b06_rat,motrpac_pass1b06_plasma_8w,motrpac_pass1b06_plasma_8w_trained_vs_sedentary_female,not_reported,female
c36:5 pc plasmalogen [refmet: pc(p-36:4)/pc(o-36:5)],pc(p-36:4)/pc(o-36:5),unclassified_no_refmet_match,-0.038774215,log2fc,0.6455337,1.0,benjamini_hochberg,within_female_stratum_pass1b06_plasma_8w_timewise_da_as_released,provided,not_selected,MoTrPAC_pass1b06_rat,motrpac_pass1b06_plasma_8w,motrpac_pass1b06_plasma_8w_trained_vs_sedentary_female,not_reported,female
lpe(18:0/0:0)_and_lpe(0:0/18:0)_feature1and2 [refmet: lpe(18:0)_lp_ab],lpe(18:0)_lp_ab,unclassified_no_refmet_match,-0.038302716,log2fc,0.8057334,1.0,benjamini_hochberg,within_female_stratum_pass1b06_plasma_8w_timewise_da_as_released,provided,not_selected,MoTrPAC_pass1b06_rat,motrpac_pass1b06_plasma_8w,motrpac_pass1b06_plasma_8w_trained_vs_sedentary_female,not_reported,female
pi(38:4)>pi(18:0_20:4)_feature2 [refmet: pi(18:0_20:4)_lp_b],pi(18:0_20:4)_lp_b,unclassified_no_refmet_match,-0.038089722,log2fc,0.80947965,1.0,benjamini_hochberg,within_female_stratum_pass1b06_plasma_8w_timewise_da_as_released,provided,not_selected,MoTrPAC_pass1b06_rat,motrpac_pass1b06_plasma_8w,motrpac_pass1b06_plasma_8w_trained_vs_sedentary_female,not_reported,female
pc(34:4)_feature2 [refmet: pc(34:4)_lp_b],pc(34:4)_lp_b,unclassified_no_refmet_match,0.037944403,log2fc,0.822175,1.0,benjamini_hochberg,within_female_stratum_pass1b06_plasma_8w_timewise_da_as_released,provided,not_selected,MoTrPAC_pass1b06_rat,motrpac_pass1b06_plasma_8w,motrpac_pass1b06_plasma_8w_trained_vs_sedentary_female,not_reported,female
pe(38:5)>pe(16:0_22:5)_and_pe(38:5)>pe(18:1_20:4)_feature3 [refmet: pe(38:5)_ln_c],pe(38:5)_ln_c,unclassified_no_refmet_match,0.037751455,log2fc,0.8312279,1.0,benjamini_hochberg,within_female_stratum_pass1b06_plasma_8w_timewise_da_as_released,provided,not_selected,MoTrPAC_pass1b06_rat,motrpac_pass1b06_plasma_8w,motrpac_pass1b06_plasma_8w_trained_vs_sedentary_female,not_reported,female
sm(d35:1) [source metabolite label NA],sm(d35:1),unclassified_no_refmet_match,-0.03752669,log2fc,0.7788361,1.0,benjamini_hochberg,within_female_stratum_pass1b06_plasma_8w_timewise_da_as_released,provided,not_selected,MoTrPAC_pass1b06_rat,motrpac_pass1b06_plasma_8w,motrpac_pass1b06_plasma_8w_trained_vs_sedentary_female,not_reported,female
pc(39:4)>pc(19:0_20:4)_m+h2co2_feature3 [refmet: pc(19:0_20:4)_ln_c],pc(19:0_20:4)_ln_c,unclassified_no_refmet_match,-0.037077595,log2fc,0.8369501,1.0,benjamini_hochberg,within_female_stratum_pass1b06_plasma_8w_timewise_da_as_released,provided,not_selected,MoTrPAC_pass1b06_rat,motrpac_pass1b06_plasma_8w,motrpac_pass1b06_plasma_8w_trained_vs_sedentary_female,not_reported,female
pi(40:5)>pi(18:0_22:5)_feature1 [refmet: pi(18:0_22:5)_lp_a],pi(18:0_22:5)_lp_a,unclassified_no_refmet_match,0.03702764,log2fc,0.83579034,1.0,benjamini_hochberg,within_female_stratum_pass1b06_plasma_8w_timewise_da_as_released,provided,not_selected,MoTrPAC_pass1b06_rat,motrpac_pass1b06_plasma_8w,motrpac_pass1b06_plasma_8w_trained_vs_sedentary_female,not_reported,female
cer(d40:1)>cer(d18:1/22:0)_feature1 [refmet: cer(d18:1/22:0)_lp_a],cer(d18:1/22:0)_lp_a,unclassified_no_refmet_match,-0.036966216,log2fc,0.8218101,1.0,benjamini_hochberg,within_female_stratum_pass1b06_plasma_8w_timewise_da_as_released,provided,not_selected,MoTrPAC_pass1b06_rat,motrpac_pass1b06_plasma_8w,motrpac_pass1b06_plasma_8w_trained_vs_sedentary_female,not_reported,female
pe(36:1)_feature3 [refmet: pe(36:1)_lp_c],pe(36:1)_lp_c,unclassified_no_refmet_match,0.036776423,log2fc,0.8771158,1.0,benjamini_hochberg,within_female_stratum_pass1b06_plasma_8w_timewise_da_as_released,provided,not_selected,MoTrPAC_pass1b06_rat,motrpac_pass1b06_plasma_8w,motrpac_pass1b06_plasma_8w_trained_vs_sedentary_female,not_reported,female
hydroxyproline [source metabolite label NA],hydroxyproline,Organic acids,-0.03628815,log2fc,0.60771614,1.0,benjamini_hochberg,within_female_stratum_pass1b06_plasma_8w_timewise_da_as_released,provided,not_selected,MoTrPAC_pass1b06_rat,motrpac_pass1b06_plasma_8w,motrpac_pass1b06_plasma_8w_trained_vs_sedentary_female,not_reported,female
fa(20:3) [refmet: eicosatrienoic acid],eicosatrienoic acid,Fatty Acyls,-0.035785113,log2fc,0.8986611,1.0,benjamini_hochberg,within_female_stratum_pass1b06_plasma_8w_timewise_da_as_released,provided,not_selected,MoTrPAC_pass1b06_rat,motrpac_pass1b06_plasma_8w,motrpac_pass1b06_plasma_8w_trained_vs_sedentary_female,not_reported,female
pc(o-36:3)_feature1 [refmet: pc(o-36:3)_lp_a],pc(o-36:3)_lp_a,unclassified_no_refmet_match,-0.034459665,log2fc,0.8980059,1.0,benjamini_hochberg,within_female_stratum_pass1b06_plasma_8w_timewise_da_as_released,provided,not_selected,MoTrPAC_pass1b06_rat,motrpac_pass1b06_plasma_8w,motrpac_pass1b06_plasma_8w_trained_vs_sedentary_female,not_reported,female
uracil,uracil,Nucleic acids,-0.03419867,log2fc,0.83526677,1.0,benjamini_hochberg,within_female_stratum_pass1b06_plasma_8w_timewise_da_as_released,provided,not_selected,MoTrPAC_pass1b06_rat,motrpac_pass1b06_plasma_8w,motrpac_pass1b06_plasma_8w_trained_vs_sedentary_female,not_reported,female
c18:0 lpe a [refmet: lpe(18:0)_hp_a],lpe(18:0)_hp_a,unclassified_no_refmet_match,0.033582866,log2fc,0.7338648,1.0,benjamini_hochberg,within_female_stratum_pass1b06_plasma_8w_timewise_da_as_released,provided,not_selected,MoTrPAC_pass1b06_rat,motrpac_pass1b06_plasma_8w,motrpac_pass1b06_plasma_8w_trained_vs_sedentary_female,not_reported,female
2-acetylpyrrolidine,2-acetylpyrrolidine,Alkaloids,0.033554554,log2fc,0.902678,1.0,benjamini_hochberg,within_female_stratum_pass1b06_plasma_8w_timewise_da_as_released,provided,not_selected,MoTrPAC_pass1b06_rat,motrpac_pass1b06_plasma_8w,motrpac_pass1b06_plasma_8w_trained_vs_sedentary_female,not_reported,female
hyodeoxycholate [refmet: hyodeoxycholic acid],hyodeoxycholic acid,Sterol Lipids,-0.033491906,log2fc,0.93812835,1.0,benjamini_hochberg,within_female_stratum_pass1b06_plasma_8w_timewise_da_as_released,provided,not_selected,MoTrPAC_pass1b06_rat,motrpac_pass1b06_plasma_8w,motrpac_pass1b06_plasma_8w_trained_vs_sedentary_female,not_reported,female
sm(d42:1)_feature2 [refmet: sm(d42:1)_lp_b],sm(d42:1)_lp_b,unclassified_no_refmet_match,-0.033485178,log2fc,0.8225506,1.0,benjamini_hochberg,within_female_stratum_pass1b06_plasma_8w_timewise_da_as_released,provided,not_selected,MoTrPAC_pass1b06_rat,motrpac_pass1b06_plasma_8w,motrpac_pass1b06_plasma_8w_trained_vs_sedentary_female,not_reported,female
c38:6 pc plasmalogen [refmet: pc(p-38:5)/pc(o-38:6)],pc(p-38:5)/pc(o-38:6),unclassified_no_refmet_match,-0.03336902,log2fc,0.72567815,1.0,benjamini_hochberg,within_female_stratum_pass1b06_plasma_8w_timewise_da_as_released,provided,not_selected,MoTrPAC_pass1b06_rat,motrpac_pass1b06_plasma_8w,motrpac_pass1b06_plasma_8w_trained_vs_sedentary_female,not_reported,female
lpc(22:0)_feature2 [refmet: lpc(22:0)_ln_b],lpc(22:0)_ln_b,unclassified_no_refmet_match,-0.03296426,log2fc,0.7282931,1.0,benjamini_hochberg,within_female_stratum_pass1b06_plasma_8w_timewise_da_as_released,provided,not_selected,MoTrPAC_pass1b06_rat,motrpac_pass1b06_plasma_8w,motrpac_pass1b06_plasma_8w_trained_vs_sedentary_female,not_reported,female
fa(16:0-oh) [refmet: hydroxyhexadecanoic acid],hydroxyhexadecanoic acid,Fatty Acyls,0.03290113,log2fc,0.9006986,1.0,benjamini_hochberg,within_female_stratum_pass1b06_plasma_8w_timewise_da_as_released,provided,not_selected,MoTrPAC_pass1b06_rat,motrpac_pass1b06_plasma_8w,motrpac_pass1b06_plasma_8w_trained_vs_sedentary_female,not_reported,female
car(17:0)_feature1 [refmet: car(17:0)_lp_a],car(17:0)_lp_a,unclassified_no_refmet_match,-0.032679282,log2fc,0.91259855,1.0,benjamini_hochberg,within_female_stratum_pass1b06_plasma_8w_timewise_da_as_released,provided,not_selected,MoTrPAC_pass1b06_rat,motrpac_pass1b06_plasma_8w,motrpac_pass1b06_plasma_8w_trained_vs_sedentary_female,not_reported,female
pc(33:3)_feature2 [refmet: pc(33:3)_lp_b],pc(33:3)_lp_b,unclassified_no_refmet_match,-0.032198273,log2fc,0.8535438,1.0,benjamini_hochberg,within_female_stratum_pass1b06_plasma_8w_timewise_da_as_released,provided,not_selected,MoTrPAC_pass1b06_rat,motrpac_pass1b06_plasma_8w,motrpac_pass1b06_plasma_8w_trained_vs_sedentary_female,not_reported,female
pc(38:2)>pc(18:0_20:2)_m+h2co2_feature3 [refmet: pc(18:0_20:2)_ln_c],pc(18:0_20:2)_ln_c,unclassified_no_refmet_match,0.031627774,log2fc,0.7560484,1.0,benjamini_hochberg,within_female_stratum_pass1b06_plasma_8w_timewise_da_as_released,provided,not_selected,MoTrPAC_pass1b06_rat,motrpac_pass1b06_plasma_8w,motrpac_pass1b06_plasma_8w_trained_vs_sedentary_female,not_reported,female
phenylalanine,phenylalanine,Organic acids,0.0316123,log2fc,0.61222124,1.0,benjamini_hochberg,within_female_stratum_pass1b06_plasma_8w_timewise_da_as_released,provided,not_selected,MoTrPAC_pass1b06_rat,motrpac_pass1b06_plasma_8w,motrpac_pass1b06_plasma_8w_trained_vs_sedentary_female,not_reported,female
car(26:1)_feature1 [refmet: car(26:1)],car(26:1),unclassified_no_refmet_match,0.031440634,log2fc,0.8723265,1.0,benjamini_hochberg,within_female_stratum_pass1b06_plasma_8w_timewise_da_as_released,provided,not_selected,MoTrPAC_pass1b06_rat,motrpac_pass1b06_plasma_8w,motrpac_pass1b06_plasma_8w_trained_vs_sedentary_female,not_reported,female
n-methylproline [refmet: n-methyl-proline],n-methyl-proline,Organic acids,0.031349406,log2fc,0.9064443,1.0,benjamini_hochberg,within_female_stratum_pass1b06_plasma_8w_timewise_da_as_released,provided,not_selected,MoTrPAC_pass1b06_rat,motrpac_pass1b06_plasma_8w,motrpac_pass1b06_plasma_8w_trained_vs_sedentary_female,not_reported,female
sm(d43:2)_m+h2co2_feature1 [refmet: sm(d43:2)_ln_b],sm(d43:2)_ln_b,unclassified_no_refmet_match,0.031118924,log2fc,0.8117857,1.0,benjamini_hochberg,within_female_stratum_pass1b06_plasma_8w_timewise_da_as_released,provided,not_selected,MoTrPAC_pass1b06_rat,motrpac_pass1b06_plasma_8w,motrpac_pass1b06_plasma_8w_trained_vs_sedentary_female,not_reported,female
pc(36:1)_feature1 [refmet: pc(36:1)_lp_a],pc(36:1)_lp_a,unclassified_no_refmet_match,0.03021627,log2fc,0.8094088,1.0,benjamini_hochberg,within_female_stratum_pass1b06_plasma_8w_timewise_da_as_released,provided,not_selected,MoTrPAC_pass1b06_rat,motrpac_pass1b06_plasma_8w,motrpac_pass1b06_plasma_8w_trained_vs_sedentary_female,not_reported,female
tg(52:4)>tg(16:0_16:0_20:4)_and_tg(16:1_18:1_18:2)_and_tg(16:0_18:1_18:2)_m+nh3_feature6 [refmet: tg(52:4)_lp_f],tg(52:4)_lp_f,unclassified_no_refmet_match,-0.029975573,log2fc,0.8758979,1.0,benjamini_hochberg,within_female_stratum_pass1b06_plasma_8w_timewise_da_as_released,provided,not_selected,MoTrPAC_pass1b06_rat,motrpac_pass1b06_plasma_8w,motrpac_pass1b06_plasma_8w_trained_vs_sedentary_female,not_reported,female
pc(42:3)_feature1 [refmet: pc(42:3)_lp_a],pc(42:3)_lp_a,unclassified_no_refmet_match,-0.029300481,log2fc,0.82842875,1.0,benjamini_hochberg,within_female_stratum_pass1b06_plasma_8w_timewise_da_as_released,provided,not_selected,MoTrPAC_pass1b06_rat,motrpac_pass1b06_plasma_8w,motrpac_pass1b06_plasma_8w_trained_vs_sedentary_female,not_reported,female
tg(52:6)>tg(16:1_18:2_18:3)_and_tg(52:6)>tg(16:2_18:2_18:2)_m+nh3_feature4 [refmet: tg(52:6)_lp_d],tg(52:6)_lp_d,unclassified_no_refmet_match,0.029222803,log2fc,0.9116219,1.0,benjamini_hochberg,within_female_stratum_pass1b06_plasma_8w_timewise_da_as_released,provided,not_selected,MoTrPAC_pass1b06_rat,motrpac_pass1b06_plasma_8w,motrpac_pass1b06_plasma_8w_trained_vs_sedentary_female,not_reported,female
bilirubin [source metabolite label NA],bilirubin,Organoheterocyclic compounds,0.029013664,log2fc,0.88045126,1.0,benjamini_hochberg,within_female_stratum_pass1b06_plasma_8w_timewise_da_as_released,provided,not_selected,MoTrPAC_pass1b06_rat,motrpac_pass1b06_plasma_8w,motrpac_pass1b06_plasma_8w_trained_vs_sedentary_female,not_reported,female
pc(38:6)>pc(18:2_20:4)_m+h2co2_feature1 [refmet: pc(18:2_20:4)_ln_a],pc(18:2_20:4)_ln_a,unclassified_no_refmet_match,0.028646102,log2fc,0.80875564,1.0,benjamini_hochberg,within_female_stratum_pass1b06_plasma_8w_timewise_da_as_released,provided,not_selected,MoTrPAC_pass1b06_rat,motrpac_pass1b06_plasma_8w,motrpac_pass1b06_plasma_8w_trained_vs_sedentary_female,not_reported,female
leucine/isoleucine [source metabolite label NA],leucine/isoleucine,Organic acids,0.028308377,log2fc,0.7709936,1.0,benjamini_hochberg,within_female_stratum_pass1b06_plasma_8w_timewise_da_as_released,provided,not_selected,MoTrPAC_pass1b06_rat,motrpac_pass1b06_plasma_8w,motrpac_pass1b06_plasma_8w_trained_vs_sedentary_female,not_reported,female
tg(60:10)>tg(18:0_20:4_22:6)_m+nh3_feature3 [refmet: tg(60:10)_lp_c],tg(60:10)_lp_c,unclassified_no_refmet_match,0.028191993,log2fc,0.94151706,1.0,benjamini_hochberg,within_female_stratum_pass1b06_plasma_8w_timewise_da_as_released,provided,not_selected,MoTrPAC_pass1b06_rat,motrpac_pass1b06_plasma_8w,motrpac_pass1b06_plasma_8w_trained_vs_sedentary_female,not_reported,female
pc(36:3)_feature2 [refmet: pc(36:3)_lp_b],pc(36:3)_lp_b,unclassified_no_refmet_match,0.02764424,log2fc,0.85635114,1.0,benjamini_hochberg,within_female_stratum_pass1b06_plasma_8w_timewise_da_as_released,provided,not_selected,MoTrPAC_pass1b06_rat,motrpac_pass1b06_plasma_8w,motrpac_pass1b06_plasma_8w_trained_vs_sedentary_female,not_reported,female
2-aminooctanoate [refmet: 2-aminooctanoic acid],2-aminooctanoic acid,unclassified_no_refmet_match,-0.027461039,log2fc,0.9353205,1.0,benjamini_hochberg,within_female_stratum_pass1b06_plasma_8w_timewise_da_as_released,provided,not_selected,MoTrPAC_pass1b06_rat,motrpac_pass1b06_plasma_8w,motrpac_pass1b06_plasma_8w_trained_vs_sedentary_female,not_reported,female
c18:0 lpc [refmet: lpc(18:0)],lpc(18:0),unclassified_no_refmet_match,-0.026606396,log2fc,0.80015224,1.0,benjamini_hochberg,within_female_stratum_pass1b06_plasma_8w_timewise_da_as_released,provided,not_selected,MoTrPAC_pass1b06_rat,motrpac_pass1b06_plasma_8w,motrpac_pass1b06_plasma_8w_trained_vs_sedentary_female,not_reported,female
pc(41:6)_feature1 [refmet: pc(41:6)_lp_a],pc(41:6)_lp_a,unclassified_no_refmet_match,0.026079977,log2fc,0.8827666,1.0,benjamini_hochberg,within_female_stratum_pass1b06_plasma_8w_timewise_da_as_released,provided,not_selected,MoTrPAC_pass1b06_rat,motrpac_pass1b06_plasma_8w,motrpac_pass1b06_plasma_8w_trained_vs_sedentary_female,not_reported,female
pe(o-40:6)>pe(o-18:1/22:5)_feature5 [refmet: pe(o-18:1/22:5)_lp_e],pe(o-18:1/22:5)_lp_e,unclassified_no_refmet_match,0.025783153,log2fc,0.8597235,1.0,benjamini_hochberg,within_female_stratum_pass1b06_plasma_8w_timewise_da_as_released,provided,not_selected,MoTrPAC_pass1b06_rat,motrpac_pass1b06_plasma_8w,motrpac_pass1b06_plasma_8w_trained_vs_sedentary_female,not_reported,female
pc(38:5)>pc(16:0_22:5)_and_pc(18:1_20:4)_m+h2co2_feature3 [refmet: pc(38:5)_ln_c],pc(38:5)_ln_c,unclassified_no_refmet_match,0.02524293,log2fc,0.7811841,1.0,benjamini_hochberg,within_female_stratum_pass1b06_plasma_8w_timewise_da_as_released,provided,not_selected,MoTrPAC_pass1b06_rat,motrpac_pass1b06_plasma_8w,motrpac_pass1b06_plasma_8w_trained_vs_sedentary_female,not_reported,female
pc(35:4)>pc(15:0_20:4)_m+h2co2_feature2 [refmet: pc(15:0_20:4)_ln_b],pc(15:0_20:4)_ln_b,unclassified_no_refmet_match,0.02496791,log2fc,0.77519554,1.0,benjamini_hochberg,within_female_stratum_pass1b06_plasma_8w_timewise_da_as_released,provided,not_selected,MoTrPAC_pass1b06_rat,motrpac_pass1b06_plasma_8w,motrpac_pass1b06_plasma_8w_trained_vs_sedentary_female,not_reported,female
pc(37:2)_feature2 [refmet: pc(37:2)_lp_b],pc(37:2)_lp_b,unclassified_no_refmet_match,0.024644442,log2fc,0.8237379,1.0,benjamini_hochberg,within_female_stratum_pass1b06_plasma_8w_timewise_da_as_released,provided,not_selected,MoTrPAC_pass1b06_rat,motrpac_pass1b06_plasma_8w,motrpac_pass1b06_plasma_8w_trained_vs_sedentary_female,not_reported,female
pc(o-36:2)_feature1 [refmet: pc(o-36:2)_lp_a],pc(o-36:2)_lp_a,unclassified_no_refmet_match,0.023989221,log2fc,0.9021699,1.0,benjamini_hochberg,within_female_stratum_pass1b06_plasma_8w_timewise_da_as_released,provided,not_selected,MoTrPAC_pass1b06_rat,motrpac_pass1b06_plasma_8w,motrpac_pass1b06_plasma_8w_trained_vs_sedentary_female,not_reported,female
tg(48:3)_m+nh3_feature2 [refmet: tg(48:3)_lp_b],tg(48:3)_lp_b,unclassified_no_refmet_match,0.023521325,log2fc,0.9569407,1.0,benjamini_hochberg,within_female_stratum_pass1b06_plasma_8w_timewise_da_as_released,provided,not_selected,MoTrPAC_pass1b06_rat,motrpac_pass1b06_plasma_8w,motrpac_pass1b06_plasma_8w_trained_vs_sedentary_female,not_reported,female
c36:3 pe plasmalogen [refmet: pe(p-36:2)/pe(o-36:3)],pe(p-36:2)/pe(o-36:3),unclassified_no_refmet_match,-0.023188166,log2fc,0.8695822,1.0,benjamini_hochberg,within_female_stratum_pass1b06_plasma_8w_timewise_da_as_released,provided,not_selected,MoTrPAC_pass1b06_rat,motrpac_pass1b06_plasma_8w,motrpac_pass1b06_plasma_8w_trained_vs_sedentary_female,not_reported,female
c34:3 pe plasmalogen [refmet: pe(p-34:2)/pe(o-34:3)],pe(p-34:2)/pe(o-34:3),unclassified_no_refmet_match,0.02291353,log2fc,0.8730111,1.0,benjamini_hochberg,within_female_stratum_pass1b06_plasma_8w_timewise_da_as_released,provided,not_selected,MoTrPAC_pass1b06_rat,motrpac_pass1b06_plasma_8w,motrpac_pass1b06_plasma_8w_trained_vs_sedentary_female,not_reported,female
pc(36:2)_m+na_feature4 [refmet: pc(36:2)_lp_d],pc(36:2)_lp_d,unclassified_no_refmet_match,-0.022837909,log2fc,0.8950575,1.0,benjamini_hochberg,within_female_stratum_pass1b06_plasma_8w_timewise_da_as_released,provided,not_selected,MoTrPAC_pass1b06_rat,motrpac_pass1b06_plasma_8w,motrpac_pass1b06_plasma_8w_trained_vs_sedentary_female,not_reported,female
"11,12-dihetre","11,12-dihetre",Fatty Acyls,-0.022537883,log2fc,0.7723504,1.0,benjamini_hochberg,within_female_stratum_pass1b06_plasma_8w_timewise_da_as_released,provided,not_selected,MoTrPAC_pass1b06_rat,motrpac_pass1b06_plasma_8w,motrpac_pass1b06_plasma_8w_trained_vs_sedentary_female,not_reported,female
hexcer(d42:1)>hexcer(d18:1/24:0)_feature2 [refmet: hexcer(d42:1)_lp_b],hexcer(d42:1)_lp_b,unclassified_no_refmet_match,0.022506824,log2fc,0.86765105,1.0,benjamini_hochberg,within_female_stratum_pass1b06_plasma_8w_timewise_da_as_released,provided,not_selected,MoTrPAC_pass1b06_rat,motrpac_pass1b06_plasma_8w,motrpac_pass1b06_plasma_8w_trained_vs_sedentary_female,not_reported,female
tg(56:4)>tg(18:1_18:2_20:1)_and_tg(18:1_18:1_20:2)_m+nh3_feature3 [refmet: tg(56:4)_lp_c],tg(56:4)_lp_c,unclassified_no_refmet_match,-0.022490198,log2fc,0.8495599,1.0,benjamini_hochberg,within_female_stratum_pass1b06_plasma_8w_timewise_da_as_released,provided,not_selected,MoTrPAC_pass1b06_rat,motrpac_pass1b06_plasma_8w,motrpac_pass1b06_plasma_8w_trained_vs_sedentary_female,not_reported,female
sm(d44:2)_feature1 [refmet: sm(d44:2)_lp_a],sm(d44:2)_lp_a,unclassified_no_refmet_match,-0.02190654,log2fc,0.9049297,1.0,benjamini_hochberg,within_female_stratum_pass1b06_plasma_8w_timewise_da_as_released,provided,not_selected,MoTrPAC_pass1b06_rat,motrpac_pass1b06_plasma_8w,motrpac_pass1b06_plasma_8w_trained_vs_sedentary_female,not_reported,female
pro-gly,pro-gly,Organic acids,-0.020896751,log2fc,0.93779004,1.0,benjamini_hochberg,within_female_stratum_pass1b06_plasma_8w_timewise_da_as_released,provided,not_selected,MoTrPAC_pass1b06_rat,motrpac_pass1b06_plasma_8w,motrpac_pass1b06_plasma_8w_trained_vs_sedentary_female,not_reported,female
fa(19:1) [refmet: nonadecenoic acid],nonadecenoic acid,Fatty Acyls,0.02064185,log2fc,0.9822141,1.0,benjamini_hochberg,within_female_stratum_pass1b06_plasma_8w_timewise_da_as_released,provided,not_selected,MoTrPAC_pass1b06_rat,motrpac_pass1b06_plasma_8w,motrpac_pass1b06_plasma_8w_trained_vs_sedentary_female,not_reported,female
c22:4 lpc [refmet: lpc(22:4)],lpc(22:4),unclassified_no_refmet_match,0.020041289,log2fc,0.8962201,1.0,benjamini_hochberg,within_female_stratum_pass1b06_plasma_8w_timewise_da_as_released,provided,not_selected,MoTrPAC_pass1b06_rat,motrpac_pass1b06_plasma_8w,motrpac_pass1b06_plasma_8w_trained_vs_sedentary_female,not_reported,female
ornithine [source metabolite label NA],ornithine,Organic acids,-0.019857084,log2fc,0.8664151,1.0,benjamini_hochberg,within_female_stratum_pass1b06_plasma_8w_timewise_da_as_released,provided,not_selected,MoTrPAC_pass1b06_rat,motrpac_pass1b06_plasma_8w,motrpac_pass1b06_plasma_8w_trained_vs_sedentary_female,not_reported,female
tg(50:3)_m+nh3_feature3 [refmet: tg(50:3)_lp_c],tg(50:3)_lp_c,unclassified_no_refmet_match,0.018921884,log2fc,0.9451522,1.0,benjamini_hochberg,within_female_stratum_pass1b06_plasma_8w_timewise_da_as_released,provided,not_selected,MoTrPAC_pass1b06_rat,motrpac_pass1b06_plasma_8w,motrpac_pass1b06_plasma_8w_trained_vs_sedentary_female,not_reported,female
dg(34:1),dg(34:1),unclassified_no_refmet_match,-0.01881345,log2fc,0.93726075,1.0,benjamini_hochberg,within_female_stratum_pass1b06_plasma_8w_timewise_da_as_released,provided,not_selected,MoTrPAC_pass1b06_rat,motrpac_pass1b06_plasma_8w,motrpac_pass1b06_plasma_8w_trained_vs_sedentary_female,not_reported,female
sn-glycero-3-phosphocholine [source metabolite label NA],sn-glycero-3-phosphocholine,Organic acids,0.018372573,log2fc,0.87116885,1.0,benjamini_hochberg,within_female_stratum_pass1b06_plasma_8w_timewise_da_as_released,provided,not_selected,MoTrPAC_pass1b06_rat,motrpac_pass1b06_plasma_8w,motrpac_pass1b06_plasma_8w_trained_vs_sedentary_female,not_reported,female
pc(40:1)_feature1 [refmet: pc(40:1)],pc(40:1),unclassified_no_refmet_match,-0.018224457,log2fc,0.9155966,1.0,benjamini_hochberg,within_female_stratum_pass1b06_plasma_8w_timewise_da_as_released,provided,not_selected,MoTrPAC_pass1b06_rat,motrpac_pass1b06_plasma_8w,motrpac_pass1b06_plasma_8w_trained_vs_sedentary_female,not_reported,female
pc(38:5)_feature3 [refmet: pc(38:5)_lp_c],pc(38:5)_lp_c,unclassified_no_refmet_match,-0.018077295,log2fc,0.89563805,1.0,benjamini_hochberg,within_female_stratum_pass1b06_plasma_8w_timewise_da_as_released,provided,not_selected,MoTrPAC_pass1b06_rat,motrpac_pass1b06_plasma_8w,motrpac_pass1b06_plasma_8w_trained_vs_sedentary_female,not_reported,female
pi(16:0_20:4) [source metabolite label NA],pi(16:0_20:4),unclassified_no_refmet_match,-0.01804452,log2fc,0.82121646,1.0,benjamini_hochberg,within_female_stratum_pass1b06_plasma_8w_timewise_da_as_released,provided,not_selected,MoTrPAC_pass1b06_rat,motrpac_pass1b06_plasma_8w,motrpac_pass1b06_plasma_8w_trained_vs_sedentary_female,not_reported,female
lpc(17:0/0:0)_feature2 [refmet: lpc(17:0/0:0)_lp_b],lpc(17:0/0:0)_lp_b,unclassified_no_refmet_match,0.017697517,log2fc,0.9157059,1.0,benjamini_hochberg,within_female_stratum_pass1b06_plasma_8w_timewise_da_as_released,provided,not_selected,MoTrPAC_pass1b06_rat,motrpac_pass1b06_plasma_8w,motrpac_pass1b06_plasma_8w_trained_vs_sedentary_female,not_reported,female
dg(34:2),dg(34:2),unclassified_no_refmet_match,0.017413465,log2fc,0.9576553,1.0,benjamini_hochberg,within_female_stratum_pass1b06_plasma_8w_timewise_da_as_released,provided,not_selected,MoTrPAC_pass1b06_rat,motrpac_pass1b06_plasma_8w,motrpac_pass1b06_plasma_8w_trained_vs_sedentary_female,not_reported,female
pc(46:5)_feature1 [refmet: pc(46:5)_lp_a],pc(46:5)_lp_a,unclassified_no_refmet_match,-0.017163122,log2fc,0.9222207,1.0,benjamini_hochberg,within_female_stratum_pass1b06_plasma_8w_timewise_da_as_released,provided,not_selected,MoTrPAC_pass1b06_rat,motrpac_pass1b06_plasma_8w,motrpac_pass1b06_plasma_8w_trained_vs_sedentary_female,not_reported,female
dimethylglycine [source metabolite label NA],dimethylglycine,Organic acids,0.016485263,log2fc,0.89088833,1.0,benjamini_hochberg,within_female_stratum_pass1b06_plasma_8w_timewise_da_as_released,provided,not_selected,MoTrPAC_pass1b06_rat,motrpac_pass1b06_plasma_8w,motrpac_pass1b06_plasma_8w_trained_vs_sedentary_female,not_reported,female
guanidinoacetate [refmet: guanidoacetic acid],guanidoacetic acid,Organic acids,0.016248906,log2fc,0.9058084,1.0,benjamini_hochberg,within_female_stratum_pass1b06_plasma_8w_timewise_da_as_released,provided,not_selected,MoTrPAC_pass1b06_rat,motrpac_pass1b06_plasma_8w,motrpac_pass1b06_plasma_8w_trained_vs_sedentary_female,not_reported,female
pyruvate [refmet: pyruvic acid],pyruvic acid,Organic acids,0.016027557,log2fc,0.94361806,1.0,benjamini_hochberg,within_female_stratum_pass1b06_plasma_8w_timewise_da_as_released,provided,not_selected,MoTrPAC_pass1b06_rat,motrpac_pass1b06_plasma_8w,motrpac_pass1b06_plasma_8w_trained_vs_sedentary_female,not_reported,female
lpc(20:4)_feature2 [refmet: lpc(20:4)_ln_b],lpc(20:4)_ln_b,unclassified_no_refmet_match,0.015702236,log2fc,0.8710032,1.0,benjamini_hochberg,within_female_stratum_pass1b06_plasma_8w_timewise_da_as_released,provided,not_selected,MoTrPAC_pass1b06_rat,motrpac_pass1b06_plasma_8w,motrpac_pass1b06_plasma_8w_trained_vs_sedentary_female,not_reported,female
c20:0 lpe [refmet: lpe(20:0)],lpe(20:0),unclassified_no_refmet_match,0.015585365,log2fc,0.8704389,1.0,benjamini_hochberg,within_female_stratum_pass1b06_plasma_8w_timewise_da_as_released,provided,not_selected,MoTrPAC_pass1b06_rat,motrpac_pass1b06_plasma_8w,motrpac_pass1b06_plasma_8w_trained_vs_sedentary_female,not_reported,female
pc(38:2)_feature5 [refmet: pc(38:2)_lp_e],pc(38:2)_lp_e,unclassified_no_refmet_match,0.01542092,log2fc,0.91443145,1.0,benjamini_hochberg,within_female_stratum_pass1b06_plasma_8w_timewise_da_as_released,provided,not_selected,MoTrPAC_pass1b06_rat,motrpac_pass1b06_plasma_8w,motrpac_pass1b06_plasma_8w_trained_vs_sedentary_female,not_reported,female
c18:3 lpe [refmet: lpe(18:3)],lpe(18:3),unclassified_no_refmet_match,0.015414664,log2fc,0.8471833,1.0,benjamini_hochberg,within_female_stratum_pass1b06_plasma_8w_timewise_da_as_released,provided,not_selected,MoTrPAC_pass1b06_rat,motrpac_pass1b06_plasma_8w,motrpac_pass1b06_plasma_8w_trained_vs_sedentary_female,not_reported,female
hexcer(d42:2)_m+h2co2_feature3 [refmet: hexcer(d42:2)_ln_c],hexcer(d42:2)_ln_c,unclassified_no_refmet_match,0.015184639,log2fc,0.9428679,1.0,benjamini_hochberg,within_female_stratum_pass1b06_plasma_8w_timewise_da_as_released,provided,not_selected,MoTrPAC_pass1b06_rat,motrpac_pass1b06_plasma_8w,motrpac_pass1b06_plasma_8w_trained_vs_sedentary_female,not_reported,female
pc(34:3)_feature3 [refmet: pc(34:3)_lp_c],pc(34:3)_lp_c,unclassified_no_refmet_match,0.013942279,log2fc,0.9429378,1.0,benjamini_hochberg,within_female_stratum_pass1b06_plasma_8w_timewise_da_as_released,provided,not_selected,MoTrPAC_pass1b06_rat,motrpac_pass1b06_plasma_8w,motrpac_pass1b06_plasma_8w_trained_vs_sedentary_female,not_reported,female
lysine,lysine,Organic acids,-0.01355319,log2fc,0.8718082,1.0,benjamini_hochberg,within_female_stratum_pass1b06_plasma_8w_timewise_da_as_released,provided,not_selected,MoTrPAC_pass1b06_rat,motrpac_pass1b06_plasma_8w,motrpac_pass1b06_plasma_8w_trained_vs_sedentary_female,not_reported,female
pi(38:5)>pi(18:1_20:4)_feature1 [refmet: pi(18:1_20:4)_ln_a],pi(18:1_20:4)_ln_a,unclassified_no_refmet_match,0.013410447,log2fc,0.9088702,1.0,benjamini_hochberg,within_female_stratum_pass1b06_plasma_8w_timewise_da_as_released,provided,not_selected,MoTrPAC_pass1b06_rat,motrpac_pass1b06_plasma_8w,motrpac_pass1b06_plasma_8w_trained_vs_sedentary_female,not_reported,female
hexcer(d42:1-oh)>hexcer(d18:1/24:0-oh)_feature1 [refmet: hexcer(d18:1/24:0-oh)],hexcer(d18:1/24:0-oh),unclassified_no_refmet_match,-0.013016626,log2fc,0.93624914,1.0,benjamini_hochberg,within_female_stratum_pass1b06_plasma_8w_timewise_da_as_released,provided,not_selected,MoTrPAC_pass1b06_rat,motrpac_pass1b06_plasma_8w,motrpac_pass1b06_plasma_8w_trained_vs_sedentary_female,not_reported,female
suberic acid [source metabolite label NA],suberic acid,Fatty Acyls,-0.012497391,log2fc,0.9601516,1.0,benjamini_hochberg,within_female_stratum_pass1b06_plasma_8w_timewise_da_as_released,provided,not_selected,MoTrPAC_pass1b06_rat,motrpac_pass1b06_plasma_8w,motrpac_pass1b06_plasma_8w_trained_vs_sedentary_female,not_reported,female
phosphocholine [refmet: choline phosphate],choline phosphate,Organic nitrogen compounds,-0.012147471,log2fc,0.9661776,1.0,benjamini_hochberg,within_female_stratum_pass1b06_plasma_8w_timewise_da_as_released,provided,not_selected,MoTrPAC_pass1b06_rat,motrpac_pass1b06_plasma_8w,motrpac_pass1b06_plasma_8w_trained_vs_sedentary_female,not_reported,female
tg(56:5)>tg(16:0_18:1_22:4)_m+nh3_feature5 [refmet: tg(16:0_18:1_22:4)_lp_e],tg(16:0_18:1_22:4)_lp_e,unclassified_no_refmet_match,-0.012071978,log2fc,0.9078602,1.0,benjamini_hochberg,within_female_stratum_pass1b06_plasma_8w_timewise_da_as_released,provided,not_selected,MoTrPAC_pass1b06_rat,motrpac_pass1b06_plasma_8w,motrpac_pass1b06_plasma_8w_trained_vs_sedentary_female,not_reported,female
tg(56:8)>tg(18:2_18:2_20:4)_m+nh3_feature2 [refmet: tg(18:2_18:2_20:4)_lp_b],tg(18:2_18:2_20:4)_lp_b,unclassified_no_refmet_match,-0.011934415,log2fc,0.9337841,1.0,benjamini_hochberg,within_female_stratum_pass1b06_plasma_8w_timewise_da_as_released,provided,not_selected,MoTrPAC_pass1b06_rat,motrpac_pass1b06_plasma_8w,motrpac_pass1b06_plasma_8w_trained_vs_sedentary_female,not_reported,female
7-methylguanine,7-methylguanine,Nucleic acids,0.011731916,log2fc,0.901432,1.0,benjamini_hochberg,within_female_stratum_pass1b06_plasma_8w_timewise_da_as_released,provided,not_selected,MoTrPAC_pass1b06_rat,motrpac_pass1b06_plasma_8w,motrpac_pass1b06_plasma_8w_trained_vs_sedentary_female,not_reported,female
c22:5 lpc [refmet: lpc(22:5)],lpc(22:5),unclassified_no_refmet_match,-0.011091077,log2fc,0.94197553,1.0,benjamini_hochberg,within_female_stratum_pass1b06_plasma_8w_timewise_da_as_released,provided,not_selected,MoTrPAC_pass1b06_rat,motrpac_pass1b06_plasma_8w,motrpac_pass1b06_plasma_8w_trained_vs_sedentary_female,not_reported,female
fructose 6-phosphate,fructose 6-phosphate,Carbohydrates,-0.0103740515,log2fc,0.98925287,1.0,benjamini_hochberg,within_female_stratum_pass1b06_plasma_8w_timewise_da_as_released,provided,not_selected,MoTrPAC_pass1b06_rat,motrpac_pass1b06_plasma_8w,motrpac_pass1b06_plasma_8w_trained_vs_sedentary_female,not_reported,female
sm(d38:1),sm(d38:1),unclassified_no_refmet_match,-0.010279076,log2fc,0.9772602,1.0,benjamini_hochberg,within_female_stratum_pass1b06_plasma_8w_timewise_da_as_released,provided,not_selected,MoTrPAC_pass1b06_rat,motrpac_pass1b06_plasma_8w,motrpac_pass1b06_plasma_8w_trained_vs_sedentary_female,not_reported,female
sm(d44:1)_feature1 [refmet: sm(d44:1)],sm(d44:1),unclassified_no_refmet_match,-0.010243507,log2fc,0.9509494,1.0,benjamini_hochberg,within_female_stratum_pass1b06_plasma_8w_timewise_da_as_released,provided,not_selected,MoTrPAC_pass1b06_rat,motrpac_pass1b06_plasma_8w,motrpac_pass1b06_plasma_8w_trained_vs_sedentary_female,not_reported,female
"n6,n6-dimethyllysine [refmet: n(6),n(6)-dimethyl-lysine]","n(6),n(6)-dimethyl-lysine",Organic acids,-0.0100512635,log2fc,0.91683006,1.0,benjamini_hochberg,within_female_stratum_pass1b06_plasma_8w_timewise_da_as_released,provided,not_selected,MoTrPAC_pass1b06_rat,motrpac_pass1b06_plasma_8w,motrpac_pass1b06_plasma_8w_trained_vs_sedentary_female,not_reported,female
sm(d40:1),sm(d40:1),unclassified_no_refmet_match,-0.009871736,log2fc,0.9655571,1.0,benjamini_hochberg,within_female_stratum_pass1b06_plasma_8w_timewise_da_as_released,provided,not_selected,MoTrPAC_pass1b06_rat,motrpac_pass1b06_plasma_8w,motrpac_pass1b06_plasma_8w_trained_vs_sedentary_female,not_reported,female
hexose phosphate [refmet: hexose 6-phosphate],hexose 6-phosphate,Carbohydrates,-0.009700787,log2fc,0.9899054,1.0,benjamini_hochberg,within_female_stratum_pass1b06_plasma_8w_timewise_da_as_released,provided,not_selected,MoTrPAC_pass1b06_rat,motrpac_pass1b06_plasma_8w,motrpac_pass1b06_plasma_8w_trained_vs_sedentary_female,not_reported,female
tg(56:10)>tg(18:2_18:3_20:5)_m+nh3_feature1 [refmet: tg(18:2_18:3_20:5)],tg(18:2_18:3_20:5),unclassified_no_refmet_match,-0.009328105,log2fc,0.9720954,1.0,benjamini_hochberg,within_female_stratum_pass1b06_plasma_8w_timewise_da_as_released,provided,not_selected,MoTrPAC_pass1b06_rat,motrpac_pass1b06_plasma_8w,motrpac_pass1b06_plasma_8w_trained_vs_sedentary_female,not_reported,female
methylimidazoleacetate [refmet: methylimidazoleacetic acid],methylimidazoleacetic acid,Alkaloids,0.009309257,log2fc,0.9738033,1.0,benjamini_hochberg,within_female_stratum_pass1b06_plasma_8w_timewise_da_as_released,provided,not_selected,MoTrPAC_pass1b06_rat,motrpac_pass1b06_plasma_8w,motrpac_pass1b06_plasma_8w_trained_vs_sedentary_female,not_reported,female
fa(22:6)_feature1 [refmet: docosahexaenoic acid],docosahexaenoic acid,Fatty Acyls,0.009248944,log2fc,0.9684299,1.0,benjamini_hochberg,within_female_stratum_pass1b06_plasma_8w_timewise_da_as_released,provided,not_selected,MoTrPAC_pass1b06_rat,motrpac_pass1b06_plasma_8w,motrpac_pass1b06_plasma_8w_trained_vs_sedentary_female,not_reported,female
gluconate [refmet: gluconic acid],gluconic acid,Carbohydrates,-0.009019115,log2fc,0.9614819,1.0,benjamini_hochberg,within_female_stratum_pass1b06_plasma_8w_timewise_da_as_released,provided,not_selected,MoTrPAC_pass1b06_rat,motrpac_pass1b06_plasma_8w,motrpac_pass1b06_plasma_8w_trained_vs_sedentary_female,not_reported,female
lpc(20:0),lpc(20:0),unclassified_no_refmet_match,0.009002063,log2fc,0.9701068,1.0,benjamini_hochberg,within_female_stratum_pass1b06_plasma_8w_timewise_da_as_released,provided,not_selected,MoTrPAC_pass1b06_rat,motrpac_pass1b06_plasma_8w,motrpac_pass1b06_plasma_8w_trained_vs_sedentary_female,not_reported,female
pi(36:3)_feature1 [refmet: pi(36:3)_lp_a],pi(36:3)_lp_a,unclassified_no_refmet_match,0.008887436,log2fc,0.96857625,1.0,benjamini_hochberg,within_female_stratum_pass1b06_plasma_8w_timewise_da_as_released,provided,not_selected,MoTrPAC_pass1b06_rat,motrpac_pass1b06_plasma_8w,motrpac_pass1b06_plasma_8w_trained_vs_sedentary_female,not_reported,female
pc(37:1)_feature3 [refmet: pc(37:1)_lp_c],pc(37:1)_lp_c,unclassified_no_refmet_match,-0.008866434,log2fc,0.9576804,1.0,benjamini_hochberg,within_female_stratum_pass1b06_plasma_8w_timewise_da_as_released,provided,not_selected,MoTrPAC_pass1b06_rat,motrpac_pass1b06_plasma_8w,motrpac_pass1b06_plasma_8w_trained_vs_sedentary_female,not_reported,female
pc(37:4)_feature5 [refmet: pc(37:4)_lp_e],pc(37:4)_lp_e,unclassified_no_refmet_match,0.008804202,log2fc,0.9773632,1.0,benjamini_hochberg,within_female_stratum_pass1b06_plasma_8w_timewise_da_as_released,provided,not_selected,MoTrPAC_pass1b06_rat,motrpac_pass1b06_plasma_8w,motrpac_pass1b06_plasma_8w_trained_vs_sedentary_female,not_reported,female
sebacic acid [source metabolite label NA],sebacic acid,Fatty Acyls,-0.008771005,log2fc,0.9782671,1.0,benjamini_hochberg,within_female_stratum_pass1b06_plasma_8w_timewise_da_as_released,provided,not_selected,MoTrPAC_pass1b06_rat,motrpac_pass1b06_plasma_8w,motrpac_pass1b06_plasma_8w_trained_vs_sedentary_female,not_reported,female
pe(o-40:3)>pe(o-18:0/22:3)_feature1 [refmet: pe(o-18:0/22:3)],pe(o-18:0/22:3),unclassified_no_refmet_match,-0.008437684,log2fc,0.9279517,1.0,benjamini_hochberg,within_female_stratum_pass1b06_plasma_8w_timewise_da_as_released,provided,not_selected,MoTrPAC_pass1b06_rat,motrpac_pass1b06_plasma_8w,motrpac_pass1b06_plasma_8w_trained_vs_sedentary_female,not_reported,female
tg(51:5)>tg(15:0_18:2_18:3)_and_tg(15:1_18:2_18:2)_m+nh3_feature2 [refmet: tg(51:5)_lp_b],tg(51:5)_lp_b,unclassified_no_refmet_match,-0.008395165,log2fc,0.9715024,1.0,benjamini_hochberg,within_female_stratum_pass1b06_plasma_8w_timewise_da_as_released,provided,not_selected,MoTrPAC_pass1b06_rat,motrpac_pass1b06_plasma_8w,motrpac_pass1b06_plasma_8w_trained_vs_sedentary_female,not_reported,female
lpc(22:5/0:0)_feature2 [refmet: lpc(22:5/0:0)_lp_b],lpc(22:5/0:0)_lp_b,unclassified_no_refmet_match,-0.007560786,log2fc,0.9660697,1.0,benjamini_hochberg,within_female_stratum_pass1b06_plasma_8w_timewise_da_as_released,provided,not_selected,MoTrPAC_pass1b06_rat,motrpac_pass1b06_plasma_8w,motrpac_pass1b06_plasma_8w_trained_vs_sedentary_female,not_reported,female
pc(35:4)_feature2 [refmet: pc(35:4)_lp_b],pc(35:4)_lp_b,unclassified_no_refmet_match,0.007310757,log2fc,0.9602853,1.0,benjamini_hochberg,within_female_stratum_pass1b06_plasma_8w_timewise_da_as_released,provided,not_selected,MoTrPAC_pass1b06_rat,motrpac_pass1b06_plasma_8w,motrpac_pass1b06_plasma_8w_trained_vs_sedentary_female,not_reported,female
fa(18:1-2oh)_feature1 [refmet: dihydroxyoctadecenoic acid],dihydroxyoctadecenoic acid,unclassified_no_refmet_match,0.0070100515,log2fc,0.98296547,1.0,benjamini_hochberg,within_female_stratum_pass1b06_plasma_8w_timewise_da_as_released,provided,not_selected,MoTrPAC_pass1b06_rat,motrpac_pass1b06_plasma_8w,motrpac_pass1b06_plasma_8w_trained_vs_sedentary_female,not_reported,female
sdma [refmet: symmetric dimethyl-arginine],symmetric dimethyl-arginine,unclassified_no_refmet_match,0.0069226986,log2fc,0.93180615,1.0,benjamini_hochberg,within_female_stratum_pass1b06_plasma_8w_timewise_da_as_released,provided,not_selected,MoTrPAC_pass1b06_rat,motrpac_pass1b06_plasma_8w,motrpac_pass1b06_plasma_8w_trained_vs_sedentary_female,not_reported,female
pc(36:4)_feature2 [refmet: pc(36:4)_lp_b],pc(36:4)_lp_b,unclassified_no_refmet_match,0.0068569086,log2fc,0.9847901,1.0,benjamini_hochberg,within_female_stratum_pass1b06_plasma_8w_timewise_da_as_released,provided,not_selected,MoTrPAC_pass1b06_rat,motrpac_pass1b06_plasma_8w,motrpac_pass1b06_plasma_8w_trained_vs_sedentary_female,not_reported,female
c16:0 lpe [refmet: lpe(16:0)],lpe(16:0),unclassified_no_refmet_match,0.00680992,log2fc,0.9400666,1.0,benjamini_hochberg,within_female_stratum_pass1b06_plasma_8w_timewise_da_as_released,provided,not_selected,MoTrPAC_pass1b06_rat,motrpac_pass1b06_plasma_8w,motrpac_pass1b06_plasma_8w_trained_vs_sedentary_female,not_reported,female
pc(40:5)>pc(18:0_22:5)_m+h2co2_feature3 [refmet: pc(18:0_22:5)_ln_c],pc(18:0_22:5)_ln_c,unclassified_no_refmet_match,0.0066518346,log2fc,0.94505924,1.0,benjamini_hochberg,within_female_stratum_pass1b06_plasma_8w_timewise_da_as_released,provided,not_selected,MoTrPAC_pass1b06_rat,motrpac_pass1b06_plasma_8w,motrpac_pass1b06_plasma_8w_trained_vs_sedentary_female,not_reported,female
pc(39:5)_feature7 [refmet: pc(39:5)_lp_g],pc(39:5)_lp_g,unclassified_no_refmet_match,-0.006373886,log2fc,0.96661854,1.0,benjamini_hochberg,within_female_stratum_pass1b06_plasma_8w_timewise_da_as_released,provided,not_selected,MoTrPAC_pass1b06_rat,motrpac_pass1b06_plasma_8w,motrpac_pass1b06_plasma_8w_trained_vs_sedentary_female,not_reported,female
pc(37:2)_feature1 [refmet: pc(37:2)_lp_a],pc(37:2)_lp_a,unclassified_no_refmet_match,-0.0053942148,log2fc,0.96786875,1.0,benjamini_hochberg,within_female_stratum_pass1b06_plasma_8w_timewise_da_as_released,provided,not_selected,MoTrPAC_pass1b06_rat,motrpac_pass1b06_plasma_8w,motrpac_pass1b06_plasma_8w_trained_vs_sedentary_female,not_reported,female
tg(58:8)>tg(18:2_18:2_22:4)_m+nh3_feature1 [refmet: tg(58:8)_lp_a],tg(58:8)_lp_a,unclassified_no_refmet_match,0.005330561,log2fc,0.9784623,1.0,benjamini_hochberg,within_female_stratum_pass1b06_plasma_8w_timewise_da_as_released,provided,not_selected,MoTrPAC_pass1b06_rat,motrpac_pass1b06_plasma_8w,motrpac_pass1b06_plasma_8w_trained_vs_sedentary_female,not_reported,female
pi(38:4)>pi(18:0_20:4)_feature3 [refmet: pi(18:0_20:4)_ln_c],pi(18:0_20:4)_ln_c,unclassified_no_refmet_match,0.005323009,log2fc,0.96419823,1.0,benjamini_hochberg,within_female_stratum_pass1b06_plasma_8w_timewise_da_as_released,provided,not_selected,MoTrPAC_pass1b06_rat,motrpac_pass1b06_plasma_8w,motrpac_pass1b06_plasma_8w_trained_vs_sedentary_female,not_reported,female
pc(36:4)_feature3 [refmet: pc(36:4)_lp_c],pc(36:4)_lp_c,unclassified_no_refmet_match,-0.004881908,log2fc,0.9683875,1.0,benjamini_hochberg,within_female_stratum_pass1b06_plasma_8w_timewise_da_as_released,provided,not_selected,MoTrPAC_pass1b06_rat,motrpac_pass1b06_plasma_8w,motrpac_pass1b06_plasma_8w_trained_vs_sedentary_female,not_reported,female
cer(d43:1)_m+h2co2_feature1 [refmet: cer(d43:1)_ln_a],cer(d43:1)_ln_a,unclassified_no_refmet_match,0.0048105298,log2fc,0.98510206,1.0,benjamini_hochberg,within_female_stratum_pass1b06_plasma_8w_timewise_da_as_released,provided,not_selected,MoTrPAC_pass1b06_rat,motrpac_pass1b06_plasma_8w,motrpac_pass1b06_plasma_8w_trained_vs_sedentary_female,not_reported,female
fa(14:0-oh) [refmet: hydroxytetradecanoic acid],hydroxytetradecanoic acid,Fatty Acyls,0.004007625,log2fc,0.99261725,1.0,benjamini_hochberg,within_female_stratum_pass1b06_plasma_8w_timewise_da_as_released,provided,not_selected,MoTrPAC_pass1b06_rat,motrpac_pass1b06_plasma_8w,motrpac_pass1b06_plasma_8w_trained_vs_sedentary_female,not_reported,female
pe(38:3)>pe(18:0_20:3)_feature2 [refmet: pe(18:0_20:3)_lp_b],pe(18:0_20:3)_lp_b,unclassified_no_refmet_match,-0.0039428025,log2fc,0.9844229,1.0,benjamini_hochberg,within_female_stratum_pass1b06_plasma_8w_timewise_da_as_released,provided,not_selected,MoTrPAC_pass1b06_rat,motrpac_pass1b06_plasma_8w,motrpac_pass1b06_plasma_8w_trained_vs_sedentary_female,not_reported,female
sarcosine,sarcosine,Organic acids,0.0037186195,log2fc,0.9903719,1.0,benjamini_hochberg,within_female_stratum_pass1b06_plasma_8w_timewise_da_as_released,provided,not_selected,MoTrPAC_pass1b06_rat,motrpac_pass1b06_plasma_8w,motrpac_pass1b06_plasma_8w_trained_vs_sedentary_female,not_reported,female
c18:1 lpc plasmalogen b [refmet: lpc(p-18:0)/lpc(o-18:1)_hp_b],lpc(p-18:0)/lpc(o-18:1)_hp_b,unclassified_no_refmet_match,0.002453793,log2fc,0.9887627,1.0,benjamini_hochberg,within_female_stratum_pass1b06_plasma_8w_timewise_da_as_released,provided,not_selected,MoTrPAC_pass1b06_rat,motrpac_pass1b06_plasma_8w,motrpac_pass1b06_plasma_8w_trained_vs_sedentary_female,not_reported,female
car(10:1) [source metabolite label NA],car(10:1),unclassified_no_refmet_match,-0.0024526902,log2fc,0.9876346,1.0,benjamini_hochberg,within_female_stratum_pass1b06_plasma_8w_timewise_da_as_released,provided,not_selected,MoTrPAC_pass1b06_rat,motrpac_pass1b06_plasma_8w,motrpac_pass1b06_plasma_8w_trained_vs_sedentary_female,not_reported,female
sphingosine-1p (c18)_feature1 [refmet: sphingosine-1-phosphate],sphingosine-1-phosphate,unclassified_no_refmet_match,-0.002350442,log2fc,0.98550683,1.0,benjamini_hochberg,within_female_stratum_pass1b06_plasma_8w_timewise_da_as_released,provided,not_selected,MoTrPAC_pass1b06_rat,motrpac_pass1b06_plasma_8w,motrpac_pass1b06_plasma_8w_trained_vs_sedentary_female,not_reported,female
lpc(23:0/0:0)_feature2 [refmet: lpc(23:0/0:0)_lp_b],lpc(23:0/0:0)_lp_b,unclassified_no_refmet_match,-0.002269611,log2fc,0.98392355,1.0,benjamini_hochberg,within_female_stratum_pass1b06_plasma_8w_timewise_da_as_released,provided,not_selected,MoTrPAC_pass1b06_rat,motrpac_pass1b06_plasma_8w,motrpac_pass1b06_plasma_8w_trained_vs_sedentary_female,not_reported,female
pc(40:5)_feature1 [refmet: pc(40:5)_lp_a],pc(40:5)_lp_a,unclassified_no_refmet_match,-0.001570431,log2fc,0.9959172,1.0,benjamini_hochberg,within_female_stratum_pass1b06_plasma_8w_timewise_da_as_released,provided,not_selected,MoTrPAC_pass1b06_rat,motrpac_pass1b06_plasma_8w,motrpac_pass1b06_plasma_8w_trained_vs_sedentary_female,not_reported,female
valine,valine,Organic acids,0.0014837071,log2fc,0.98933905,1.0,benjamini_hochberg,within_female_stratum_pass1b06_plasma_8w_timewise_da_as_released,provided,not_selected,MoTrPAC_pass1b06_rat,motrpac_pass1b06_plasma_8w,motrpac_pass1b06_plasma_8w_trained_vs_sedentary_female,not_reported,female
pe(o-38:5)_feature3 [refmet: pe(o-38:5)_lp_c],pe(o-38:5)_lp_c,unclassified_no_refmet_match,-0.0014683083,log2fc,0.996327,1.0,benjamini_hochberg,within_female_stratum_pass1b06_plasma_8w_timewise_da_as_released,provided,not_selected,MoTrPAC_pass1b06_rat,motrpac_pass1b06_plasma_8w,motrpac_pass1b06_plasma_8w_trained_vs_sedentary_female,not_reported,female
n6-acetyllysine,n6-acetyllysine,Organic acids,0.00092743593,log2fc,0.98913217,1.0,benjamini_hochberg,within_female_stratum_pass1b06_plasma_8w_timewise_da_as_released,provided,not_selected,MoTrPAC_pass1b06_rat,motrpac_pass1b06_plasma_8w,motrpac_pass1b06_plasma_8w_trained_vs_sedentary_female,not_reported,female
pc(35:2)>pc(17:0_18:2)_m+h2co2_feature1 [refmet: pc(17:0_18:2)_ln_a],pc(17:0_18:2)_ln_a,unclassified_no_refmet_match,-0.0006482921,log2fc,0.9973804,1.0,benjamini_hochberg,within_female_stratum_pass1b06_plasma_8w_timewise_da_as_released,provided,not_selected,MoTrPAC_pass1b06_rat,motrpac_pass1b06_plasma_8w,motrpac_pass1b06_plasma_8w_trained_vs_sedentary_female,not_reported,female
sm(d42:2),sm(d42:2),unclassified_no_refmet_match,-0.00058019033,log2fc,0.99628043,1.0,benjamini_hochberg,within_female_stratum_pass1b06_plasma_8w_timewise_da_as_released,provided,not_selected,MoTrPAC_pass1b06_rat,motrpac_pass1b06_plasma_8w,motrpac_pass1b06_plasma_8w_trained_vs_sedentary_female,not_reported,female
n-methylaspartate [refmet: n-methyl-d-aspartic acid],n-methyl-d-aspartic acid,Organic acids,-0.0004266472,log2fc,0.99927413,1.0,benjamini_hochberg,within_female_stratum_pass1b06_plasma_8w_timewise_da_as_released,provided,not_selected,MoTrPAC_pass1b06_rat,motrpac_pass1b06_plasma_8w,motrpac_pass1b06_plasma_8w_trained_vs_sedentary_female,not_reported,female
cytidine [source metabolite label NA],cytidine,Nucleic acids,-0.00040964448,log2fc,0.99789405,1.0,benjamini_hochberg,within_female_stratum_pass1b06_plasma_8w_timewise_da_as_released,provided,not_selected,MoTrPAC_pass1b06_rat,motrpac_pass1b06_plasma_8w,motrpac_pass1b06_plasma_8w_trained_vs_sedentary_female,not_reported,female
leucine [source metabolite label NA],leucine,Organic acids,0.0002946072,log2fc,0.9967018,1.0,benjamini_hochberg,within_female_stratum_pass1b06_plasma_8w_timewise_da_as_released,provided,not_selected,MoTrPAC_pass1b06_rat,motrpac_pass1b06_plasma_8w,motrpac_pass1b06_plasma_8w_trained_vs_sedentary_female,not_reported,female
