feature_id,refmet_name,refmet_super_class,effect,effect_scale,p_value,fdr,fdr_method,fdr_scope,fdr_source,selection_status,source_study_id,source_dataset_id,contrast_id,platform,sex
Alloisoleucine [metab-u-hilicpos] [refmet: Alloisoleucine],Alloisoleucine,Organic acids,4.26030212641535,log2fc,1.59805650690069e-180,5.59319777415242e-178,benjamini_hochberg,within_each_platform_da_table_as_released_by_motrpac_v1.3_dream_acute,provided,higher_in_numerator,MoTrPAC_human_precovid_sed_adu,motrpac_human_plasma_endur_post,motrpac_human_precovid_endur_post_3.5_4hr_vs_pre,metab-u-hilicpos,
Monoethylglycinexylidide [metab-u-hilicpos] [refmet: Monoethylglycinexylidide],Monoethylglycinexylidide,Organic acids,8.72100456658246,log2fc,7.762373923670551e-110,1.35841543664235e-107,benjamini_hochberg,within_each_platform_da_table_as_released_by_motrpac_v1.3_dream_acute,provided,higher_in_numerator,MoTrPAC_human_precovid_sed_adu,motrpac_human_plasma_endur_post,motrpac_human_precovid_endur_post_3.5_4hr_vs_pre,metab-u-hilicpos,
CAR 4:0;OH [metab-u-hilicpos] [refmet: CAR 4:0;OH],CAR 4:0;OH,Fatty Acyls,1.83595194160088,log2fc,8.09841414256642e-80,9.44814983299416e-78,benjamini_hochberg,within_each_platform_da_table_as_released_by_motrpac_v1.3_dream_acute,provided,higher_in_numerator,MoTrPAC_human_precovid_sed_adu,motrpac_human_plasma_endur_post,motrpac_human_precovid_endur_post_3.5_4hr_vs_pre,metab-u-hilicpos,
CAR 6:0;OH [metab-u-hilicpos] [refmet: CAR 6:0;OH],CAR 6:0;OH,Fatty Acyls,1.12456366572562,log2fc,3.1501288880651703e-52,2.75636277705703e-50,benjamini_hochberg,within_each_platform_da_table_as_released_by_motrpac_v1.3_dream_acute,provided,higher_in_numerator,MoTrPAC_human_precovid_sed_adu,motrpac_human_plasma_endur_post,motrpac_human_precovid_endur_post_3.5_4hr_vs_pre,metab-u-hilicpos,
CAR 2:0 [metab-u-hilicpos] [refmet: CAR 2:0],CAR 2:0,Fatty Acyls,0.551319535888101,log2fc,3.1465977667308096e-40,2.20261843671157e-38,benjamini_hochberg,within_each_platform_da_table_as_released_by_motrpac_v1.3_dream_acute,provided,higher_in_numerator,MoTrPAC_human_precovid_sed_adu,motrpac_human_plasma_endur_post,motrpac_human_precovid_endur_post_3.5_4hr_vs_pre,metab-u-hilicpos,
KET [metab-t-conv] [refmet: KET],KET,unclassified_no_refmet_match,1.83657672377944,log2fc,9.11885971507509e-39,4.55942985753754e-38,benjamini_hochberg,within_each_platform_da_table_as_released_by_motrpac_v1.3_dream_acute,provided,higher_in_numerator,MoTrPAC_human_precovid_sed_adu,motrpac_human_plasma_endur_post,motrpac_human_precovid_endur_post_3.5_4hr_vs_pre,metab-t-conv,
CAR 16:0 [metab-u-hilicpos] [refmet: CAR 16:0],CAR 16:0,Fatty Acyls,0.422496628071436,log2fc,4.76751432082352e-39,2.78105002048039e-37,benjamini_hochberg,within_each_platform_da_table_as_released_by_motrpac_v1.3_dream_acute,provided,higher_in_numerator,MoTrPAC_human_precovid_sed_adu,motrpac_human_plasma_endur_post,motrpac_human_precovid_endur_post_3.5_4hr_vs_pre,metab-u-hilicpos,
CAR 18:1 [metab-u-hilicpos] [refmet: CAR 18:1],CAR 18:1,Fatty Acyls,0.540848203808046,log2fc,1.69161588596823e-33,7.40081950111101e-32,benjamini_hochberg,within_each_platform_da_table_as_released_by_motrpac_v1.3_dream_acute,provided,higher_in_numerator,MoTrPAC_human_precovid_sed_adu,motrpac_human_plasma_endur_post,motrpac_human_precovid_endur_post_3.5_4hr_vs_pre,metab-u-hilicpos,
Methyl 3-hydroxybenzoate [metab-u-rpneg] [refmet: Methyl 3-hydroxybenzoate],Methyl 3-hydroxybenzoate,Benzenoids,3.13995464252324,log2fc,1.7751341561625901e-31,1.8106368392858398e-29,benjamini_hochberg,within_each_platform_da_table_as_released_by_motrpac_v1.3_dream_acute,provided,higher_in_numerator,MoTrPAC_human_precovid_sed_adu,motrpac_human_plasma_endur_post,motrpac_human_precovid_endur_post_3.5_4hr_vs_pre,metab-u-rpneg,
2-Hydroxybutyric acid [metab-u-rpneg] [refmet: 2-Hydroxybutyric acid],2-Hydroxybutyric acid,Fatty Acyls,1.49750586205278,log2fc,5.72366779657064e-31,2.91907057625103e-29,benjamini_hochberg,within_each_platform_da_table_as_released_by_motrpac_v1.3_dream_acute,provided,higher_in_numerator,MoTrPAC_human_precovid_sed_adu,motrpac_human_plasma_endur_post,motrpac_human_precovid_endur_post_3.5_4hr_vs_pre,metab-u-rpneg,
Car(2:0) [metab-u-lrppos] [refmet: Car(2:0)],Car(2:0),unclassified_no_refmet_match,0.579706832170807,log2fc,6.61879618733207e-29,2.0749926047286e-26,benjamini_hochberg,within_each_platform_da_table_as_released_by_motrpac_v1.3_dream_acute,provided,higher_in_numerator,MoTrPAC_human_precovid_sed_adu,motrpac_human_plasma_endur_post,motrpac_human_precovid_endur_post_3.5_4hr_vs_pre,metab-u-lrppos,
3-Hydroxybutyric acid [metab-u-rpneg] [refmet: 3-Hydroxybutyric acid],3-Hydroxybutyric acid,Fatty Acyls,0.625309829745685,log2fc,6.81595051654155e-27,2.3174231756241303e-25,benjamini_hochberg,within_each_platform_da_table_as_released_by_motrpac_v1.3_dream_acute,provided,higher_in_numerator,MoTrPAC_human_precovid_sed_adu,motrpac_human_plasma_endur_post,motrpac_human_precovid_endur_post_3.5_4hr_vs_pre,metab-u-rpneg,
N-Oleoyl glycine [metab-u-hilicpos] [refmet: N-Oleoyl glycine],N-Oleoyl glycine,unclassified_no_refmet_match,0.727572417664609,log2fc,1.0958234852161799e-26,3.8353821982566204e-25,benjamini_hochberg,within_each_platform_da_table_as_released_by_motrpac_v1.3_dream_acute,provided,higher_in_numerator,MoTrPAC_human_precovid_sed_adu,motrpac_human_plasma_endur_post,motrpac_human_precovid_endur_post_3.5_4hr_vs_pre,metab-u-hilicpos,
Car(18:2)_isomer2 [metab-u-lrppos] [refmet: Car(18:2)_isomer2],Car(18:2)_isomer2,unclassified_no_refmet_match,0.881109472903493,log2fc,9.29506397781494e-27,1.94266837136332e-24,benjamini_hochberg,within_each_platform_da_table_as_released_by_motrpac_v1.3_dream_acute,provided,higher_in_numerator,MoTrPAC_human_precovid_sed_adu,motrpac_human_plasma_endur_post,motrpac_human_precovid_endur_post_3.5_4hr_vs_pre,metab-u-lrppos,
Car(18:0-OH) [metab-u-lrppos] [refmet: Car(18:0-OH)],Car(18:0-OH),unclassified_no_refmet_match,0.395591845423979,log2fc,7.37405301333706e-26,8.21837455296741e-24,benjamini_hochberg,within_each_platform_da_table_as_released_by_motrpac_v1.3_dream_acute,provided,higher_in_numerator,MoTrPAC_human_precovid_sed_adu,motrpac_human_plasma_endur_post,motrpac_human_precovid_endur_post_3.5_4hr_vs_pre,metab-u-lrppos,
PI(38:3) [metab-u-lrppos] [refmet: PI(38:3)],PI(38:3),unclassified_no_refmet_match,0.232237788601541,log2fc,7.864473256428139e-26,8.21837455296741e-24,benjamini_hochberg,within_each_platform_da_table_as_released_by_motrpac_v1.3_dream_acute,provided,higher_in_numerator,MoTrPAC_human_precovid_sed_adu,motrpac_human_plasma_endur_post,motrpac_human_precovid_endur_post_3.5_4hr_vs_pre,metab-u-lrppos,
Car(18:1) [metab-u-lrppos] [refmet: Car(18:1)],Car(18:1),unclassified_no_refmet_match,0.371693269990125,log2fc,2.30999338860664e-25,2.06909407808052e-23,benjamini_hochberg,within_each_platform_da_table_as_released_by_motrpac_v1.3_dream_acute,provided,higher_in_numerator,MoTrPAC_human_precovid_sed_adu,motrpac_human_plasma_endur_post,motrpac_human_precovid_endur_post_3.5_4hr_vs_pre,metab-u-lrppos,
PI(40:5) [metab-u-lrppos] [refmet: PI(40:5)],PI(40:5),unclassified_no_refmet_match,0.244916366392719,log2fc,1.4353359304458202e-23,1.12494453548691e-21,benjamini_hochberg,within_each_platform_da_table_as_released_by_motrpac_v1.3_dream_acute,provided,higher_in_numerator,MoTrPAC_human_precovid_sed_adu,motrpac_human_plasma_endur_post,motrpac_human_precovid_endur_post_3.5_4hr_vs_pre,metab-u-lrppos,
CAR 16:2 [metab-u-hilicpos] [refmet: CAR 16:2],CAR 16:2,Fatty Acyls,0.927645726476889,log2fc,1.3836185385536001e-22,4.03555407078132e-21,benjamini_hochberg,within_each_platform_da_table_as_released_by_motrpac_v1.3_dream_acute,provided,higher_in_numerator,MoTrPAC_human_precovid_sed_adu,motrpac_human_plasma_endur_post,motrpac_human_precovid_endur_post_3.5_4hr_vs_pre,metab-u-hilicpos,
CAR 14:0 [metab-u-hilicpos] [refmet: CAR 14:0],CAR 14:0,Fatty Acyls,0.543605288530131,log2fc,9.13910871169434e-22,2.46052926853309e-20,benjamini_hochberg,within_each_platform_da_table_as_released_by_motrpac_v1.3_dream_acute,provided,higher_in_numerator,MoTrPAC_human_precovid_sed_adu,motrpac_human_plasma_endur_post,motrpac_human_precovid_endur_post_3.5_4hr_vs_pre,metab-u-hilicpos,
PI(38:4) [metab-u-lrppos] [refmet: PI(38:4)],PI(38:4),unclassified_no_refmet_match,0.22947097408051,log2fc,9.28423030665623e-22,6.46801378030384e-20,benjamini_hochberg,within_each_platform_da_table_as_released_by_motrpac_v1.3_dream_acute,provided,higher_in_numerator,MoTrPAC_human_precovid_sed_adu,motrpac_human_plasma_endur_post,motrpac_human_precovid_endur_post_3.5_4hr_vs_pre,metab-u-lrppos,
CAR 14:1 [metab-u-hilicpos] [refmet: CAR 14:1],CAR 14:1,Fatty Acyls,0.795062933403088,log2fc,3.6003319228871e-21,9.000829807217761e-20,benjamini_hochberg,within_each_platform_da_table_as_released_by_motrpac_v1.3_dream_acute,provided,higher_in_numerator,MoTrPAC_human_precovid_sed_adu,motrpac_human_plasma_endur_post,motrpac_human_precovid_endur_post_3.5_4hr_vs_pre,metab-u-hilicpos,
Car(14:1)_isomer1 [metab-u-lrppos] [refmet: Car(14:1)_isomer1],Car(14:1)_isomer1,unclassified_no_refmet_match,0.737610611143985,log2fc,4.42509787638469e-21,2.7745363684931998e-19,benjamini_hochberg,within_each_platform_da_table_as_released_by_motrpac_v1.3_dream_acute,provided,higher_in_numerator,MoTrPAC_human_precovid_sed_adu,motrpac_human_plasma_endur_post,motrpac_human_precovid_endur_post_3.5_4hr_vs_pre,metab-u-lrppos,
Bilirubin [metab-u-rppos] [refmet: Bilirubin],Bilirubin,Organoheterocyclic compounds,1.23328288324804,log2fc,1.0073834575438301e-20,9.46940450091196e-19,benjamini_hochberg,within_each_platform_da_table_as_released_by_motrpac_v1.3_dream_acute,provided,higher_in_numerator,MoTrPAC_human_precovid_sed_adu,motrpac_human_plasma_endur_post,motrpac_human_precovid_endur_post_3.5_4hr_vs_pre,metab-u-rppos,
Cer(d41:2)>Cer(d18:2/23:0) [metab-u-lrppos] [refmet: Cer(d41:2)>Cer(d18:2/23:0)],Cer(d41:2)>Cer(d18:2/23:0),unclassified_no_refmet_match,0.208871670796412,log2fc,2.55938911277377e-20,1.1462406955065399e-18,benjamini_hochberg,within_each_platform_da_table_as_released_by_motrpac_v1.3_dream_acute,provided,higher_in_numerator,MoTrPAC_human_precovid_sed_adu,motrpac_human_plasma_endur_post,motrpac_human_precovid_endur_post_3.5_4hr_vs_pre,metab-u-lrppos,
FA 24:4 [metab-u-lrpneg] [refmet: FA 24:4],FA 24:4,unclassified_no_refmet_match,0.388595839187609,log2fc,1.0741336136716e-20,1.4554510465250099e-18,benjamini_hochberg,within_each_platform_da_table_as_released_by_motrpac_v1.3_dream_acute,provided,higher_in_numerator,MoTrPAC_human_precovid_sed_adu,motrpac_human_plasma_endur_post,motrpac_human_precovid_endur_post_3.5_4hr_vs_pre,metab-u-lrpneg,
CAR 14:2 [metab-u-hilicpos] [refmet: CAR 14:2],CAR 14:2,Fatty Acyls,0.772998511430501,log2fc,1.1127612584134899e-18,2.3708953873767202e-17,benjamini_hochberg,within_each_platform_da_table_as_released_by_motrpac_v1.3_dream_acute,provided,higher_in_numerator,MoTrPAC_human_precovid_sed_adu,motrpac_human_plasma_endur_post,motrpac_human_precovid_endur_post_3.5_4hr_vs_pre,metab-u-hilicpos,
LPE 22:6 [metab-u-hilicpos] [refmet: LPE 22:6],LPE 22:6,Glycerophospholipids,0.376356101872741,log2fc,1.21931762779374e-18,2.3708953873767202e-17,benjamini_hochberg,within_each_platform_da_table_as_released_by_motrpac_v1.3_dream_acute,provided,higher_in_numerator,MoTrPAC_human_precovid_sed_adu,motrpac_human_plasma_endur_post,motrpac_human_precovid_endur_post_3.5_4hr_vs_pre,metab-u-hilicpos,
CAR DC6:0 [metab-u-hilicpos] [refmet: CAR DC6:0],CAR DC6:0,Fatty Acyls,0.292502389703296,log2fc,1.13453513617869e-18,2.3708953873767202e-17,benjamini_hochberg,within_each_platform_da_table_as_released_by_motrpac_v1.3_dream_acute,provided,higher_in_numerator,MoTrPAC_human_precovid_sed_adu,motrpac_human_plasma_endur_post,motrpac_human_precovid_endur_post_3.5_4hr_vs_pre,metab-u-hilicpos,
CAR 18:2 [metab-u-hilicpos] [refmet: CAR 18:2],CAR 18:2,Fatty Acyls,0.458480189926204,log2fc,1.39955303490572e-18,2.4657902255972102e-17,benjamini_hochberg,within_each_platform_da_table_as_released_by_motrpac_v1.3_dream_acute,provided,higher_in_numerator,MoTrPAC_human_precovid_sed_adu,motrpac_human_plasma_endur_post,motrpac_human_precovid_endur_post_3.5_4hr_vs_pre,metab-u-hilicpos,
Heptadecanedioic acid [metab-u-rpneg] [refmet: Heptadecanedioic acid],Heptadecanedioic acid,Fatty Acyls,0.83030883641224,log2fc,2.41697462346989e-18,4.10885685989881e-17,benjamini_hochberg,within_each_platform_da_table_as_released_by_motrpac_v1.3_dream_acute,provided,higher_in_numerator,MoTrPAC_human_precovid_sed_adu,motrpac_human_plasma_endur_post,motrpac_human_precovid_endur_post_3.5_4hr_vs_pre,metab-u-rpneg,
Car(16:0) [metab-u-lrppos] [refmet: Car(16:0)],Car(16:0),unclassified_no_refmet_match,0.257145312256558,log2fc,1.48788934803088e-18,5.2134964084629104e-17,benjamini_hochberg,within_each_platform_da_table_as_released_by_motrpac_v1.3_dream_acute,provided,higher_in_numerator,MoTrPAC_human_precovid_sed_adu,motrpac_human_plasma_endur_post,motrpac_human_precovid_endur_post_3.5_4hr_vs_pre,metab-u-lrppos,
Car(14:0) [metab-u-lrppos] [refmet: Car(14:0)],Car(14:0),unclassified_no_refmet_match,0.46203572241745,log2fc,4.41617330113332e-18,1.4573371893739899e-16,benjamini_hochberg,within_each_platform_da_table_as_released_by_motrpac_v1.3_dream_acute,provided,higher_in_numerator,MoTrPAC_human_precovid_sed_adu,motrpac_human_plasma_endur_post,motrpac_human_precovid_endur_post_3.5_4hr_vs_pre,metab-u-lrppos,
PI(40:6) [metab-u-lrppos] [refmet: PI(40:6)],PI(40:6),unclassified_no_refmet_match,0.299735400933091,log2fc,6.7363931690651896e-18,2.0112945319066099e-16,benjamini_hochberg,within_each_platform_da_table_as_released_by_motrpac_v1.3_dream_acute,provided,higher_in_numerator,MoTrPAC_human_precovid_sed_adu,motrpac_human_plasma_endur_post,motrpac_human_precovid_endur_post_3.5_4hr_vs_pre,metab-u-lrppos,
Aminobutyric acid [metab-u-hilicpos] [refmet: Aminobutyric acid],Aminobutyric acid,Fatty Acyls,0.242539178749729,log2fc,1.30552648076087e-16,2.17587746793478e-15,benjamini_hochberg,within_each_platform_da_table_as_released_by_motrpac_v1.3_dream_acute,provided,higher_in_numerator,MoTrPAC_human_precovid_sed_adu,motrpac_human_plasma_endur_post,motrpac_human_precovid_endur_post_3.5_4hr_vs_pre,metab-u-hilicpos,
Leucine [metab-u-hilicpos] [refmet: Leucine],Leucine,Organic acids,0.146765252992406,log2fc,1.84655232328086e-16,2.9376968779468303e-15,benjamini_hochberg,within_each_platform_da_table_as_released_by_motrpac_v1.3_dream_acute,provided,higher_in_numerator,MoTrPAC_human_precovid_sed_adu,motrpac_human_plasma_endur_post,motrpac_human_precovid_endur_post_3.5_4hr_vs_pre,metab-u-hilicpos,
Car(14:2)_isomer1 [metab-u-lrppos] [refmet: Car(14:2)_isomer1],Car(14:2)_isomer1,unclassified_no_refmet_match,0.665183888898106,log2fc,2.09122637245563e-16,5.2447957421187206e-15,benjamini_hochberg,within_each_platform_da_table_as_released_by_motrpac_v1.3_dream_acute,provided,higher_in_numerator,MoTrPAC_human_precovid_sed_adu,motrpac_human_plasma_endur_post,motrpac_human_precovid_endur_post_3.5_4hr_vs_pre,metab-u-lrppos,
N-Myristoylglycine [metab-u-hilicpos] [refmet: N-Myristoylglycine],N-Myristoylglycine,unclassified_no_refmet_match,0.256646314157466,log2fc,7.679581077550029e-16,1.075141350857e-14,benjamini_hochberg,within_each_platform_da_table_as_released_by_motrpac_v1.3_dream_acute,provided,higher_in_numerator,MoTrPAC_human_precovid_sed_adu,motrpac_human_plasma_endur_post,motrpac_human_precovid_endur_post_3.5_4hr_vs_pre,metab-u-hilicpos,
SM 18:1;O2/18:1 [metab-u-hilicpos] [refmet: SM 18:1;O2/18:1],SM 18:1;O2/18:1,Sphingolipids,0.181492142544833,log2fc,1.1062216641338701e-15,1.48914454787252e-14,benjamini_hochberg,within_each_platform_da_table_as_released_by_motrpac_v1.3_dream_acute,provided,higher_in_numerator,MoTrPAC_human_precovid_sed_adu,motrpac_human_plasma_endur_post,motrpac_human_precovid_endur_post_3.5_4hr_vs_pre,metab-u-hilicpos,
4-Hydroxy-3-methylacetophenone [metab-u-hilicpos] [refmet: 4-Hydroxy-3-methylacetophenone],4-Hydroxy-3-methylacetophenone,Benzenoids,0.540449510613634,log2fc,1.73710988519891e-15,2.25180911044303e-14,benjamini_hochberg,within_each_platform_da_table_as_released_by_motrpac_v1.3_dream_acute,provided,higher_in_numerator,MoTrPAC_human_precovid_sed_adu,motrpac_human_plasma_endur_post,motrpac_human_precovid_endur_post_3.5_4hr_vs_pre,metab-u-hilicpos,
SM 18:1;O2/19:1 [metab-u-hilicpos] [refmet: SM 18:1;O2/19:1],SM 18:1;O2/19:1,Sphingolipids,0.205621448819038,log2fc,3.9547754654392606e-15,4.7794166476809e-14,benjamini_hochberg,within_each_platform_da_table_as_released_by_motrpac_v1.3_dream_acute,provided,higher_in_numerator,MoTrPAC_human_precovid_sed_adu,motrpac_human_plasma_endur_post,motrpac_human_precovid_endur_post_3.5_4hr_vs_pre,metab-u-hilicpos,
Car(14:0-OH) [metab-u-lrppos] [refmet: Car(14:0-OH)],Car(14:0-OH),unclassified_no_refmet_match,0.380528886351382,log2fc,4.466033787884541e-15,9.03291350001164e-14,benjamini_hochberg,within_each_platform_da_table_as_released_by_motrpac_v1.3_dream_acute,provided,higher_in_numerator,MoTrPAC_human_precovid_sed_adu,motrpac_human_plasma_endur_post,motrpac_human_precovid_endur_post_3.5_4hr_vs_pre,metab-u-lrppos,
1-Methyl nicotinamide [metab-u-hilicpos] [refmet: 1-Methyl nicotinamide],1-Methyl nicotinamide,Alkaloids,0.611018901950427,log2fc,8.441716342521581e-15,9.530970064137271e-14,benjamini_hochberg,within_each_platform_da_table_as_released_by_motrpac_v1.3_dream_acute,provided,higher_in_numerator,MoTrPAC_human_precovid_sed_adu,motrpac_human_plasma_endur_post,motrpac_human_precovid_endur_post_3.5_4hr_vs_pre,metab-u-hilicpos,
FA 22:2 [metab-u-lrpneg] [refmet: FA 22:2],FA 22:2,unclassified_no_refmet_match,0.420977429619896,log2fc,1.0882548296352601e-15,9.83056862770514e-14,benjamini_hochberg,within_each_platform_da_table_as_released_by_motrpac_v1.3_dream_acute,provided,higher_in_numerator,MoTrPAC_human_precovid_sed_adu,motrpac_human_plasma_endur_post,motrpac_human_precovid_endur_post_3.5_4hr_vs_pre,metab-u-lrpneg,
NEFA [metab-t-conv] [refmet: NEFA],NEFA,unclassified_no_refmet_match,0.240173323675061,log2fc,4.4610947379260505e-14,1.11527368448151e-13,benjamini_hochberg,within_each_platform_da_table_as_released_by_motrpac_v1.3_dream_acute,provided,higher_in_numerator,MoTrPAC_human_precovid_sed_adu,motrpac_human_plasma_endur_post,motrpac_human_precovid_endur_post_3.5_4hr_vs_pre,metab-t-conv,
Car(14:1-OH) [metab-u-lrppos] [refmet: Car(14:1-OH)],Car(14:1-OH),unclassified_no_refmet_match,0.60657464812013,log2fc,6.2092902363537606e-15,1.21663280568556e-13,benjamini_hochberg,within_each_platform_da_table_as_released_by_motrpac_v1.3_dream_acute,provided,higher_in_numerator,MoTrPAC_human_precovid_sed_adu,motrpac_human_plasma_endur_post,motrpac_human_precovid_endur_post_3.5_4hr_vs_pre,metab-u-lrppos,
Car(16:3) [metab-u-lrppos] [refmet: Car(16:3)],Car(16:3),unclassified_no_refmet_match,0.467304350136942,log2fc,6.50152263066987e-15,1.23528929982728e-13,benjamini_hochberg,within_each_platform_da_table_as_released_by_motrpac_v1.3_dream_acute,provided,higher_in_numerator,MoTrPAC_human_precovid_sed_adu,motrpac_human_plasma_endur_post,motrpac_human_precovid_endur_post_3.5_4hr_vs_pre,metab-u-lrppos,
CAR 12:1 [metab-u-hilicpos] [refmet: CAR 12:1],CAR 12:1,Fatty Acyls,0.599273332466002,log2fc,1.30702402476386e-13,1.3070240247638598e-12,benjamini_hochberg,within_each_platform_da_table_as_released_by_motrpac_v1.3_dream_acute,provided,higher_in_numerator,MoTrPAC_human_precovid_sed_adu,motrpac_human_plasma_endur_post,motrpac_human_precovid_endur_post_3.5_4hr_vs_pre,metab-u-hilicpos,
Cer(d42:3) [metab-u-lrppos] [refmet: Cer(d42:3)],Cer(d42:3),unclassified_no_refmet_match,0.173572030958184,log2fc,1.47787387387105e-13,2.4384918918872298e-12,benjamini_hochberg,within_each_platform_da_table_as_released_by_motrpac_v1.3_dream_acute,provided,higher_in_numerator,MoTrPAC_human_precovid_sed_adu,motrpac_human_plasma_endur_post,motrpac_human_precovid_endur_post_3.5_4hr_vs_pre,metab-u-lrppos,
PC(38:7)_isomer2 [metab-u-lrppos] [refmet: PC(38:7)_isomer2],PC(38:7)_isomer2,unclassified_no_refmet_match,0.213027272202691,log2fc,1.93874724834482e-13,3.1169090377236e-12,benjamini_hochberg,within_each_platform_da_table_as_released_by_motrpac_v1.3_dream_acute,provided,higher_in_numerator,MoTrPAC_human_precovid_sed_adu,motrpac_human_plasma_endur_post,motrpac_human_precovid_endur_post_3.5_4hr_vs_pre,metab-u-lrppos,
SM 18:1;O2/22:2 [metab-u-hilicpos] [refmet: SM 18:1;O2/22:2],SM 18:1;O2/22:2,Sphingolipids,0.139008361751504,log2fc,7.47658468179786e-13,6.70975548366475e-12,benjamini_hochberg,within_each_platform_da_table_as_released_by_motrpac_v1.3_dream_acute,provided,higher_in_numerator,MoTrPAC_human_precovid_sed_adu,motrpac_human_plasma_endur_post,motrpac_human_precovid_endur_post_3.5_4hr_vs_pre,metab-u-hilicpos,
SM(d36:2) [metab-u-rppos] [refmet: SM(d36:2)],SM(d36:2),unclassified_no_refmet_match,0.240434633603076,log2fc,7.12949815310882e-13,1.6754320659805698e-11,benjamini_hochberg,within_each_platform_da_table_as_released_by_motrpac_v1.3_dream_acute,provided,higher_in_numerator,MoTrPAC_human_precovid_sed_adu,motrpac_human_plasma_endur_post,motrpac_human_precovid_endur_post_3.5_4hr_vs_pre,metab-u-rppos,
FA 22:4 [metab-u-lrpneg] [refmet: FA 22:4],FA 22:4,unclassified_no_refmet_match,0.431744865814995,log2fc,3.83505267277836e-13,2.59824818580734e-11,benjamini_hochberg,within_each_platform_da_table_as_released_by_motrpac_v1.3_dream_acute,provided,higher_in_numerator,MoTrPAC_human_precovid_sed_adu,motrpac_human_plasma_endur_post,motrpac_human_precovid_endur_post_3.5_4hr_vs_pre,metab-u-lrpneg,
PC(39:6)_isomer2 [metab-u-lrppos] [refmet: PC(39:6)_isomer2],PC(39:6)_isomer2,unclassified_no_refmet_match,0.224807658907203,log2fc,3.78716648385044e-12,5.2767853008316193e-11,benjamini_hochberg,within_each_platform_da_table_as_released_by_motrpac_v1.3_dream_acute,provided,higher_in_numerator,MoTrPAC_human_precovid_sed_adu,motrpac_human_plasma_endur_post,motrpac_human_precovid_endur_post_3.5_4hr_vs_pre,metab-u-lrppos,
Xanthine [metab-u-hilicpos] [refmet: Xanthine],Xanthine,Nucleic acids,0.498770554850813,log2fc,7.33021643444003e-12,6.10851369536669e-11,benjamini_hochberg,within_each_platform_da_table_as_released_by_motrpac_v1.3_dream_acute,provided,higher_in_numerator,MoTrPAC_human_precovid_sed_adu,motrpac_human_plasma_endur_post,motrpac_human_precovid_endur_post_3.5_4hr_vs_pre,metab-u-hilicpos,
Car(18:1-OH) [metab-u-lrppos] [refmet: Car(18:1-OH)],Car(18:1-OH),unclassified_no_refmet_match,0.268836196509319,log2fc,6.784460182401e-12,9.05075858375622e-11,benjamini_hochberg,within_each_platform_da_table_as_released_by_motrpac_v1.3_dream_acute,provided,higher_in_numerator,MoTrPAC_human_precovid_sed_adu,motrpac_human_plasma_endur_post,motrpac_human_precovid_endur_post_3.5_4hr_vs_pre,metab-u-lrppos,
Car(12:1) [metab-u-lrppos] [refmet: Car(12:1)],Car(12:1),unclassified_no_refmet_match,0.504994096214205,log2fc,7.418755741525739e-12,9.690749687367989e-11,benjamini_hochberg,within_each_platform_da_table_as_released_by_motrpac_v1.3_dream_acute,provided,higher_in_numerator,MoTrPAC_human_precovid_sed_adu,motrpac_human_plasma_endur_post,motrpac_human_precovid_endur_post_3.5_4hr_vs_pre,metab-u-lrppos,
Cer(d41:2)>Cer(d17:1/24:1) [metab-u-lrppos] [refmet: Cer(d41:2)>Cer(d17:1/24:1)],Cer(d41:2)>Cer(d17:1/24:1),unclassified_no_refmet_match,0.138310174049341,log2fc,7.75964752904346e-12,9.929181634102549e-11,benjamini_hochberg,within_each_platform_da_table_as_released_by_motrpac_v1.3_dream_acute,provided,higher_in_numerator,MoTrPAC_human_precovid_sed_adu,motrpac_human_plasma_endur_post,motrpac_human_precovid_endur_post_3.5_4hr_vs_pre,metab-u-lrppos,
Car(20:1) [metab-u-lrppos] [refmet: Car(20:1)],Car(20:1),unclassified_no_refmet_match,0.306841733995718,log2fc,9.10142379685e-12,1.14131854412499e-10,benjamini_hochberg,within_each_platform_da_table_as_released_by_motrpac_v1.3_dream_acute,provided,higher_in_numerator,MoTrPAC_human_precovid_sed_adu,motrpac_human_plasma_endur_post,motrpac_human_precovid_endur_post_3.5_4hr_vs_pre,metab-u-lrppos,
Cer 18:1;O2/18:1 [metab-u-hilicpos] [refmet: Cer 18:1;O2/18:1],Cer 18:1;O2/18:1,Sphingolipids,0.455059867227913,log2fc,1.70212394850759e-11,1.3539622317674e-10,benjamini_hochberg,within_each_platform_da_table_as_released_by_motrpac_v1.3_dream_acute,provided,higher_in_numerator,MoTrPAC_human_precovid_sed_adu,motrpac_human_plasma_endur_post,motrpac_human_precovid_endur_post_3.5_4hr_vs_pre,metab-u-hilicpos,
beta-Aminoisobutyric-acid [metab-t-amines] [refmet: beta-Aminoisobutyric-acid],beta-Aminoisobutyric-acid,unclassified_no_refmet_match,0.129183821529711,log2fc,2.7703193465498e-11,1.70836359703905e-10,benjamini_hochberg,within_each_platform_da_table_as_released_by_motrpac_v1.3_dream_acute,provided,higher_in_numerator,MoTrPAC_human_precovid_sed_adu,motrpac_human_plasma_endur_post,motrpac_human_precovid_endur_post_3.5_4hr_vs_pre,metab-t-amines,
Cer 18:2;O2/23:0 [metab-u-hilicpos] [refmet: Cer 18:2;O2/23:0],Cer 18:2;O2/23:0,Sphingolipids,0.244545244112164,log2fc,3.5433020819888194e-11,2.63862920999167e-10,benjamini_hochberg,within_each_platform_da_table_as_released_by_motrpac_v1.3_dream_acute,provided,higher_in_numerator,MoTrPAC_human_precovid_sed_adu,motrpac_human_plasma_endur_post,motrpac_human_precovid_endur_post_3.5_4hr_vs_pre,metab-u-hilicpos,
PC(37:6) [metab-u-lrppos] [refmet: PC(37:6)],PC(37:6),unclassified_no_refmet_match,0.181237994319364,log2fc,2.2700586312964397e-11,2.79083678788798e-10,benjamini_hochberg,within_each_platform_da_table_as_released_by_motrpac_v1.3_dream_acute,provided,higher_in_numerator,MoTrPAC_human_precovid_sed_adu,motrpac_human_plasma_endur_post,motrpac_human_precovid_endur_post_3.5_4hr_vs_pre,metab-u-lrppos,
Symmetric dimethyl-arginine [metab-u-hilicpos] [refmet: Symmetric dimethyl-arginine],Symmetric dimethyl-arginine,unclassified_no_refmet_match,0.17580363317688,log2fc,4.13102646013471e-11,3.01220679384822e-10,benjamini_hochberg,within_each_platform_da_table_as_released_by_motrpac_v1.3_dream_acute,provided,higher_in_numerator,MoTrPAC_human_precovid_sed_adu,motrpac_human_plasma_endur_post,motrpac_human_precovid_endur_post_3.5_4hr_vs_pre,metab-u-hilicpos,
PC(40:7)_isomer3 [metab-u-lrppos] [refmet: PC(40:7)_isomer3],PC(40:7)_isomer3,unclassified_no_refmet_match,0.178259785313973,log2fc,4.1184909343485396e-11,4.87225248271045e-10,benjamini_hochberg,within_each_platform_da_table_as_released_by_motrpac_v1.3_dream_acute,provided,higher_in_numerator,MoTrPAC_human_precovid_sed_adu,motrpac_human_plasma_endur_post,motrpac_human_precovid_endur_post_3.5_4hr_vs_pre,metab-u-lrppos,
PC 33:1 [metab-u-hilicpos] [refmet: PC 33:1],PC 33:1,Glycerophospholipids,0.174710875845289,log2fc,8.6762069211366e-11,6.19729065795471e-10,benjamini_hochberg,within_each_platform_da_table_as_released_by_motrpac_v1.3_dream_acute,provided,higher_in_numerator,MoTrPAC_human_precovid_sed_adu,motrpac_human_plasma_endur_post,motrpac_human_precovid_endur_post_3.5_4hr_vs_pre,metab-u-hilicpos,
Xanthine [metab-u-ionpneg] [refmet: Xanthine],Xanthine,Nucleic acids,0.675399626660582,log2fc,4.4040403575443196e-11,6.71616154525508e-10,benjamini_hochberg,within_each_platform_da_table_as_released_by_motrpac_v1.3_dream_acute,provided,higher_in_numerator,MoTrPAC_human_precovid_sed_adu,motrpac_human_plasma_endur_post,motrpac_human_precovid_endur_post_3.5_4hr_vs_pre,metab-u-ionpneg,
SM 18:1;O2/23:2 [metab-u-hilicpos] [refmet: SM 18:1;O2/23:2],SM 18:1;O2/23:2,Sphingolipids,0.143628286804695,log2fc,1.10614101715191e-10,7.74298712006334e-10,benjamini_hochberg,within_each_platform_da_table_as_released_by_motrpac_v1.3_dream_acute,provided,higher_in_numerator,MoTrPAC_human_precovid_sed_adu,motrpac_human_plasma_endur_post,motrpac_human_precovid_endur_post_3.5_4hr_vs_pre,metab-u-hilicpos,
PI(36:2) [metab-u-lrppos] [refmet: PI(36:2)],PI(36:2),unclassified_no_refmet_match,0.153067744059186,log2fc,1.12882092756949e-10,1.28685585742922e-09,benjamini_hochberg,within_each_platform_da_table_as_released_by_motrpac_v1.3_dream_acute,provided,higher_in_numerator,MoTrPAC_human_precovid_sed_adu,motrpac_human_plasma_endur_post,motrpac_human_precovid_endur_post_3.5_4hr_vs_pre,metab-u-lrppos,
FA 16:1;O2 [metab-u-lrpneg] [refmet: FA 16:1;O2],FA 16:1;O2,Fatty Acyls,0.492284613886483,log2fc,2.4695682902767002e-11,1.3385060133299702e-09,benjamini_hochberg,within_each_platform_da_table_as_released_by_motrpac_v1.3_dream_acute,provided,higher_in_numerator,MoTrPAC_human_precovid_sed_adu,motrpac_human_plasma_endur_post,motrpac_human_precovid_endur_post_3.5_4hr_vs_pre,metab-u-lrpneg,
PC(38:6)_isomer2 [metab-u-lrppos] [refmet: PC(38:6)_isomer2],PC(38:6)_isomer2,unclassified_no_refmet_match,0.208747008022559,log2fc,1.42653646966551e-10,1.5691901166320702e-09,benjamini_hochberg,within_each_platform_da_table_as_released_by_motrpac_v1.3_dream_acute,provided,higher_in_numerator,MoTrPAC_human_precovid_sed_adu,motrpac_human_plasma_endur_post,motrpac_human_precovid_endur_post_3.5_4hr_vs_pre,metab-u-lrppos,
Car(14:1)_isomer2 [metab-u-lrppos] [refmet: Car(14:1)_isomer2],Car(14:1)_isomer2,unclassified_no_refmet_match,0.384020146916395,log2fc,1.66333419475944e-10,1.7981216208865e-09,benjamini_hochberg,within_each_platform_da_table_as_released_by_motrpac_v1.3_dream_acute,provided,higher_in_numerator,MoTrPAC_human_precovid_sed_adu,motrpac_human_plasma_endur_post,motrpac_human_precovid_endur_post_3.5_4hr_vs_pre,metab-u-lrppos,
CAR 18:0 [metab-u-hilicpos] [refmet: CAR 18:0],CAR 18:0,Fatty Acyls,0.343031743005888,log2fc,2.95898597913777e-10,2.0306766523494502e-09,benjamini_hochberg,within_each_platform_da_table_as_released_by_motrpac_v1.3_dream_acute,provided,higher_in_numerator,MoTrPAC_human_precovid_sed_adu,motrpac_human_plasma_endur_post,motrpac_human_precovid_endur_post_3.5_4hr_vs_pre,metab-u-hilicpos,
FA 24:2 [metab-u-lrpneg] [refmet: FA 24:2],FA 24:2,unclassified_no_refmet_match,0.266619479430826,log2fc,8.115395279671929e-11,3.14181731541585e-09,benjamini_hochberg,within_each_platform_da_table_as_released_by_motrpac_v1.3_dream_acute,provided,higher_in_numerator,MoTrPAC_human_precovid_sed_adu,motrpac_human_plasma_endur_post,motrpac_human_precovid_endur_post_3.5_4hr_vs_pre,metab-u-lrpneg,
Car(14:2)_isomer2 [metab-u-lrppos] [refmet: Car(14:2)_isomer2],Car(14:2)_isomer2,unclassified_no_refmet_match,0.401049542329073,log2fc,3.2397677438492003e-10,3.3855572923224102e-09,benjamini_hochberg,within_each_platform_da_table_as_released_by_motrpac_v1.3_dream_acute,provided,higher_in_numerator,MoTrPAC_human_precovid_sed_adu,motrpac_human_plasma_endur_post,motrpac_human_precovid_endur_post_3.5_4hr_vs_pre,metab-u-lrppos,
Isoleucine [metab-u-hilicpos] [refmet: Isoleucine],Isoleucine,Organic acids,0.121309087458012,log2fc,9.54269977139134e-10,6.3017828678999405e-09,benjamini_hochberg,within_each_platform_da_table_as_released_by_motrpac_v1.3_dream_acute,provided,higher_in_numerator,MoTrPAC_human_precovid_sed_adu,motrpac_human_plasma_endur_post,motrpac_human_precovid_endur_post_3.5_4hr_vs_pre,metab-u-hilicpos,
Cer(d42:2)>Cer(d18:2/24:0) [metab-u-lrppos] [refmet: Cer(d42:2)>Cer(d18:2/24:0)],Cer(d42:2)>Cer(d18:2/24:0),unclassified_no_refmet_match,0.166107894816257,log2fc,7.39749373638273e-10,7.603653397888481e-09,benjamini_hochberg,within_each_platform_da_table_as_released_by_motrpac_v1.3_dream_acute,provided,higher_in_numerator,MoTrPAC_human_precovid_sed_adu,motrpac_human_plasma_endur_post,motrpac_human_precovid_endur_post_3.5_4hr_vs_pre,metab-u-lrppos,
N-linoleoylglycine [metab-u-hilicpos] [refmet: N-linoleoylglycine],N-linoleoylglycine,unclassified_no_refmet_match,0.387255563969566,log2fc,1.21356949714231e-09,7.86572822221867e-09,benjamini_hochberg,within_each_platform_da_table_as_released_by_motrpac_v1.3_dream_acute,provided,higher_in_numerator,MoTrPAC_human_precovid_sed_adu,motrpac_human_plasma_endur_post,motrpac_human_precovid_endur_post_3.5_4hr_vs_pre,metab-u-hilicpos,
Sebacic acid [metab-u-rpneg] [refmet: Sebacic acid],Sebacic acid,Fatty Acyls,0.524016945362067,log2fc,1.4808687242339502e-09,8.88521234540367e-09,benjamini_hochberg,within_each_platform_da_table_as_released_by_motrpac_v1.3_dream_acute,provided,higher_in_numerator,MoTrPAC_human_precovid_sed_adu,motrpac_human_plasma_endur_post,motrpac_human_precovid_endur_post_3.5_4hr_vs_pre,metab-u-rpneg,
Cer(d42:2)>Cer(d18:1/24:1) [metab-u-lrppos] [refmet: Cer(d42:2)>Cer(d18:1/24:1)],Cer(d42:2)>Cer(d18:1/24:1),unclassified_no_refmet_match,0.127739627573668,log2fc,9.42509696874672e-10,9.53150935387773e-09,benjamini_hochberg,within_each_platform_da_table_as_released_by_motrpac_v1.3_dream_acute,provided,higher_in_numerator,MoTrPAC_human_precovid_sed_adu,motrpac_human_plasma_endur_post,motrpac_human_precovid_endur_post_3.5_4hr_vs_pre,metab-u-lrppos,
Car(18:2)_isomer1 [metab-u-lrppos] [refmet: Car(18:2)_isomer1],Car(18:2)_isomer1,unclassified_no_refmet_match,0.245369629448451,log2fc,1.0630650065526601e-09,1.05800279223574e-08,benjamini_hochberg,within_each_platform_da_table_as_released_by_motrpac_v1.3_dream_acute,provided,higher_in_numerator,MoTrPAC_human_precovid_sed_adu,motrpac_human_plasma_endur_post,motrpac_human_precovid_endur_post_3.5_4hr_vs_pre,metab-u-lrppos,
SM 18:1;O2/20:2 [metab-u-hilicpos] [refmet: SM 18:1;O2/20:2],SM 18:1;O2/20:2,Sphingolipids,0.151069058334997,log2fc,1.8690157458734e-09,1.16813484117088e-08,benjamini_hochberg,within_each_platform_da_table_as_released_by_motrpac_v1.3_dream_acute,provided,higher_in_numerator,MoTrPAC_human_precovid_sed_adu,motrpac_human_plasma_endur_post,motrpac_human_precovid_endur_post_3.5_4hr_vs_pre,metab-u-hilicpos,
LPE 22:5 [metab-u-hilicpos] [refmet: LPE 22:5],LPE 22:5,Glycerophospholipids,0.309191660608654,log2fc,2.32891379053256e-09,1.43003478366034e-08,benjamini_hochberg,within_each_platform_da_table_as_released_by_motrpac_v1.3_dream_acute,provided,higher_in_numerator,MoTrPAC_human_precovid_sed_adu,motrpac_human_plasma_endur_post,motrpac_human_precovid_endur_post_3.5_4hr_vs_pre,metab-u-hilicpos,
PS P-36:1 or PS O-36:2 [metab-u-hilicpos] [refmet: PS P-36:1 or PS O-36:2],PS P-36:1 or PS O-36:2,Glycerophospholipids,0.13688340654021,log2fc,2.9220903868409204e-09,1.76333040585228e-08,benjamini_hochberg,within_each_platform_da_table_as_released_by_motrpac_v1.3_dream_acute,provided,higher_in_numerator,MoTrPAC_human_precovid_sed_adu,motrpac_human_plasma_endur_post,motrpac_human_precovid_endur_post_3.5_4hr_vs_pre,metab-u-hilicpos,
Glutamine [metab-u-hilicpos] [refmet: Glutamine],Glutamine,Organic acids,0.107239334244706,log2fc,3.25086830366288e-09,1.92848119708815e-08,benjamini_hochberg,within_each_platform_da_table_as_released_by_motrpac_v1.3_dream_acute,provided,higher_in_numerator,MoTrPAC_human_precovid_sed_adu,motrpac_human_plasma_endur_post,motrpac_human_precovid_endur_post_3.5_4hr_vs_pre,metab-u-hilicpos,
FA 20:1 [metab-u-lrpneg] [refmet: FA 20:1],FA 20:1,unclassified_no_refmet_match,0.454548267143611,log2fc,7.65028093868476e-10,2.02798856026867e-08,benjamini_hochberg,within_each_platform_da_table_as_released_by_motrpac_v1.3_dream_acute,provided,higher_in_numerator,MoTrPAC_human_precovid_sed_adu,motrpac_human_plasma_endur_post,motrpac_human_precovid_endur_post_3.5_4hr_vs_pre,metab-u-lrpneg,
FA 20:4 [metab-u-lrpneg] [refmet: FA 20:4],FA 20:4,unclassified_no_refmet_match,0.359401995150442,log2fc,8.23168788300935e-10,2.02798856026867e-08,benjamini_hochberg,within_each_platform_da_table_as_released_by_motrpac_v1.3_dream_acute,provided,higher_in_numerator,MoTrPAC_human_precovid_sed_adu,motrpac_human_plasma_endur_post,motrpac_human_precovid_endur_post_3.5_4hr_vs_pre,metab-u-lrpneg,
PC(40:5)_isomer4 [metab-u-lrppos] [refmet: PC(40:5)_isomer4],PC(40:5)_isomer4,unclassified_no_refmet_match,0.154002963317868,log2fc,2.3572909960308104e-09,2.20600217091242e-08,benjamini_hochberg,within_each_platform_da_table_as_released_by_motrpac_v1.3_dream_acute,provided,higher_in_numerator,MoTrPAC_human_precovid_sed_adu,motrpac_human_plasma_endur_post,motrpac_human_precovid_endur_post_3.5_4hr_vs_pre,metab-u-lrppos,
LPE 20:4 [metab-u-hilicpos] [refmet: LPE 20:4],LPE 20:4,Glycerophospholipids,0.221474765849987,log2fc,3.82153405477696e-09,2.22922819861989e-08,benjamini_hochberg,within_each_platform_da_table_as_released_by_motrpac_v1.3_dream_acute,provided,higher_in_numerator,MoTrPAC_human_precovid_sed_adu,motrpac_human_plasma_endur_post,motrpac_human_precovid_endur_post_3.5_4hr_vs_pre,metab-u-hilicpos,
PC(39:5) [metab-u-lrppos] [refmet: PC(39:5)],PC(39:5),unclassified_no_refmet_match,0.202114568805218,log2fc,2.76376396424752e-09,2.51142029794666e-08,benjamini_hochberg,within_each_platform_da_table_as_released_by_motrpac_v1.3_dream_acute,provided,higher_in_numerator,MoTrPAC_human_precovid_sed_adu,motrpac_human_plasma_endur_post,motrpac_human_precovid_endur_post_3.5_4hr_vs_pre,metab-u-lrppos,
Cer(d39:1) [metab-u-lrppos] [refmet: Cer(d39:1)],Cer(d39:1),unclassified_no_refmet_match,0.131447831572576,log2fc,2.9295664332381303e-09,2.62405450520044e-08,benjamini_hochberg,within_each_platform_da_table_as_released_by_motrpac_v1.3_dream_acute,provided,higher_in_numerator,MoTrPAC_human_precovid_sed_adu,motrpac_human_plasma_endur_post,motrpac_human_precovid_endur_post_3.5_4hr_vs_pre,metab-u-lrppos,
PC(38:5)_isomer3 [metab-u-lrppos] [refmet: PC(38:5)_isomer3],PC(38:5)_isomer3,unclassified_no_refmet_match,0.180095045672953,log2fc,4.622886011449551e-09,4.08246412560404e-08,benjamini_hochberg,within_each_platform_da_table_as_released_by_motrpac_v1.3_dream_acute,provided,higher_in_numerator,MoTrPAC_human_precovid_sed_adu,motrpac_human_plasma_endur_post,motrpac_human_precovid_endur_post_3.5_4hr_vs_pre,metab-u-lrppos,
CAR(14:2) [metab-u-rppos] [refmet: CAR(14:2)],CAR(14:2),unclassified_no_refmet_match,0.635931861565975,log2fc,7.8327490743083e-09,8.18087125538867e-08,benjamini_hochberg,within_each_platform_da_table_as_released_by_motrpac_v1.3_dream_acute,provided,higher_in_numerator,MoTrPAC_human_precovid_sed_adu,motrpac_human_plasma_endur_post,motrpac_human_precovid_endur_post_3.5_4hr_vs_pre,metab-u-rppos,
PC P-32:0 or PC O-32:1 [metab-u-hilicpos] [refmet: PC P-32:0 or PC O-32:1],PC P-32:0 or PC O-32:1,Glycerophospholipids,0.094792370154579,log2fc,1.72299957834857e-08,9.57221987971429e-08,benjamini_hochberg,within_each_platform_da_table_as_released_by_motrpac_v1.3_dream_acute,provided,higher_in_numerator,MoTrPAC_human_precovid_sed_adu,motrpac_human_plasma_endur_post,motrpac_human_precovid_endur_post_3.5_4hr_vs_pre,metab-u-hilicpos,
PC(40:5)_isomer3 [metab-u-lrppos] [refmet: PC(40:5)_isomer3],PC(40:5)_isomer3,unclassified_no_refmet_match,0.146290703552115,log2fc,1.13722010876812e-08,9.76763024928233e-08,benjamini_hochberg,within_each_platform_da_table_as_released_by_motrpac_v1.3_dream_acute,provided,higher_in_numerator,MoTrPAC_human_precovid_sed_adu,motrpac_human_plasma_endur_post,motrpac_human_precovid_endur_post_3.5_4hr_vs_pre,metab-u-lrppos,
PC(38:5)_isomer4 [metab-u-lrppos] [refmet: PC(38:5)_isomer4],PC(38:5)_isomer4,unclassified_no_refmet_match,0.157742071124012,log2fc,1.30626070802528e-08,1.09203395190914e-07,benjamini_hochberg,within_each_platform_da_table_as_released_by_motrpac_v1.3_dream_acute,provided,higher_in_numerator,MoTrPAC_human_precovid_sed_adu,motrpac_human_plasma_endur_post,motrpac_human_precovid_endur_post_3.5_4hr_vs_pre,metab-u-lrppos,
Eicosenoic acid [metab-u-rpneg] [refmet: Eicosenoic acid],Eicosenoic acid,Fatty Acyls,0.499324716834359,log2fc,2.83572675658721e-08,1.41224382097513e-07,benjamini_hochberg,within_each_platform_da_table_as_released_by_motrpac_v1.3_dream_acute,provided,higher_in_numerator,MoTrPAC_human_precovid_sed_adu,motrpac_human_plasma_endur_post,motrpac_human_precovid_endur_post_3.5_4hr_vs_pre,metab-u-rpneg,
CAR 6:0 [metab-u-hilicpos] [refmet: CAR 6:0],CAR 6:0,Fatty Acyls,0.44379863359182,log2fc,3.35776699993759e-08,1.83627882809087e-07,benjamini_hochberg,within_each_platform_da_table_as_released_by_motrpac_v1.3_dream_acute,provided,higher_in_numerator,MoTrPAC_human_precovid_sed_adu,motrpac_human_plasma_endur_post,motrpac_human_precovid_endur_post_3.5_4hr_vs_pre,metab-u-hilicpos,
PC(33:2) [metab-u-rppos] [refmet: PC(33:2)],PC(33:2),unclassified_no_refmet_match,0.236710854138138,log2fc,1.99601414316484e-08,1.97500346797363e-07,benjamini_hochberg,within_each_platform_da_table_as_released_by_motrpac_v1.3_dream_acute,provided,higher_in_numerator,MoTrPAC_human_precovid_sed_adu,motrpac_human_plasma_endur_post,motrpac_human_precovid_endur_post_3.5_4hr_vs_pre,metab-u-rppos,
PC(40:6)_isomer5 [metab-u-lrppos] [refmet: PC(40:6)_isomer5],PC(40:6)_isomer5,unclassified_no_refmet_match,0.165305460246852,log2fc,3.88515335572325e-08,3.12306558210061e-07,benjamini_hochberg,within_each_platform_da_table_as_released_by_motrpac_v1.3_dream_acute,provided,higher_in_numerator,MoTrPAC_human_precovid_sed_adu,motrpac_human_plasma_endur_post,motrpac_human_precovid_endur_post_3.5_4hr_vs_pre,metab-u-lrppos,
FA 22:5 [metab-u-lrpneg] [refmet: FA 22:5],FA 22:5,unclassified_no_refmet_match,0.416717012112922,log2fc,1.61971066733613e-08,3.13529707748636e-07,benjamini_hochberg,within_each_platform_da_table_as_released_by_motrpac_v1.3_dream_acute,provided,higher_in_numerator,MoTrPAC_human_precovid_sed_adu,motrpac_human_plasma_endur_post,motrpac_human_precovid_endur_post_3.5_4hr_vs_pre,metab-u-lrpneg,
PC O-32:0 [metab-u-hilicpos] [refmet: PC O-32:0],PC O-32:0,Glycerophospholipids,0.126634287124499,log2fc,6.12396630707117e-08,3.29752031919217e-07,benjamini_hochberg,within_each_platform_da_table_as_released_by_motrpac_v1.3_dream_acute,provided,higher_in_numerator,MoTrPAC_human_precovid_sed_adu,motrpac_human_plasma_endur_post,motrpac_human_precovid_endur_post_3.5_4hr_vs_pre,metab-u-hilicpos,
PE 38:6 [metab-u-hilicpos] [refmet: PE 38:6],PE 38:6,Glycerophospholipids,0.173346161952821,log2fc,6.50033884564982e-08,3.39569939698125e-07,benjamini_hochberg,within_each_platform_da_table_as_released_by_motrpac_v1.3_dream_acute,provided,higher_in_numerator,MoTrPAC_human_precovid_sed_adu,motrpac_human_plasma_endur_post,motrpac_human_precovid_endur_post_3.5_4hr_vs_pre,metab-u-hilicpos,
SM 18:1;O2/22:3 [metab-u-hilicpos] [refmet: SM 18:1;O2/22:3],SM 18:1;O2/22:3,Sphingolipids,0.0919030849205171,log2fc,6.49324517462722e-08,3.39569939698125e-07,benjamini_hochberg,within_each_platform_da_table_as_released_by_motrpac_v1.3_dream_acute,provided,higher_in_numerator,MoTrPAC_human_precovid_sed_adu,motrpac_human_plasma_endur_post,motrpac_human_precovid_endur_post_3.5_4hr_vs_pre,metab-u-hilicpos,
beta-Leucine [metab-u-hilicpos] [refmet: beta-Leucine],beta-Leucine,Organic acids,0.123883247256838,log2fc,7.29999079618263e-08,3.70289388212163e-07,benjamini_hochberg,within_each_platform_da_table_as_released_by_motrpac_v1.3_dream_acute,provided,higher_in_numerator,MoTrPAC_human_precovid_sed_adu,motrpac_human_plasma_endur_post,motrpac_human_precovid_endur_post_3.5_4hr_vs_pre,metab-u-hilicpos,
Cer(d36:1)>Cer(d18:1/18:0) [metab-u-lrppos] [refmet: Cer(d36:1)>Cer(d18:1/18:0)],Cer(d36:1)>Cer(d18:1/18:0),unclassified_no_refmet_match,0.182193724665083,log2fc,4.8222117969401e-08,3.73274913170548e-07,benjamini_hochberg,within_each_platform_da_table_as_released_by_motrpac_v1.3_dream_acute,provided,higher_in_numerator,MoTrPAC_human_precovid_sed_adu,motrpac_human_plasma_endur_post,motrpac_human_precovid_endur_post_3.5_4hr_vs_pre,metab-u-lrppos,
FA 14:2 [metab-u-lrpneg] [refmet: FA 14:2],FA 14:2,unclassified_no_refmet_match,0.473752352272559,log2fc,2.42540609189105e-08,4.10803156814047e-07,benjamini_hochberg,within_each_platform_da_table_as_released_by_motrpac_v1.3_dream_acute,provided,higher_in_numerator,MoTrPAC_human_precovid_sed_adu,motrpac_human_plasma_endur_post,motrpac_human_precovid_endur_post_3.5_4hr_vs_pre,metab-u-lrpneg,
PC(39:6)_isomer1 [metab-u-lrppos] [refmet: PC(39:6)_isomer1],PC(39:6)_isomer1,unclassified_no_refmet_match,0.18628974739709,log2fc,6.15061775053269e-08,4.64631003564337e-07,benjamini_hochberg,within_each_platform_da_table_as_released_by_motrpac_v1.3_dream_acute,provided,higher_in_numerator,MoTrPAC_human_precovid_sed_adu,motrpac_human_plasma_endur_post,motrpac_human_precovid_endur_post_3.5_4hr_vs_pre,metab-u-lrppos,
CAR(16:1) [metab-u-rppos] [refmet: CAR(16:1)],CAR(16:1),unclassified_no_refmet_match,0.450280086932651,log2fc,6.99946637621924e-08,6.45532667220685e-07,benjamini_hochberg,within_each_platform_da_table_as_released_by_motrpac_v1.3_dream_acute,provided,higher_in_numerator,MoTrPAC_human_precovid_sed_adu,motrpac_human_plasma_endur_post,motrpac_human_precovid_endur_post_3.5_4hr_vs_pre,metab-u-rppos,
bilirubin [metab-u-lrppos] [refmet: bilirubin],bilirubin,Organoheterocyclic compounds,0.26588730560254,log2fc,9.52731875990849e-08,7.02779866172074e-07,benjamini_hochberg,within_each_platform_da_table_as_released_by_motrpac_v1.3_dream_acute,provided,higher_in_numerator,MoTrPAC_human_precovid_sed_adu,motrpac_human_plasma_endur_post,motrpac_human_precovid_endur_post_3.5_4hr_vs_pre,metab-u-lrppos,
Car(18:0) [metab-u-lrppos] [refmet: Car(18:0)],Car(18:0),unclassified_no_refmet_match,0.275962249129176,log2fc,1.00540878809193e-07,7.16353761515499e-07,benjamini_hochberg,within_each_platform_da_table_as_released_by_motrpac_v1.3_dream_acute,provided,higher_in_numerator,MoTrPAC_human_precovid_sed_adu,motrpac_human_plasma_endur_post,motrpac_human_precovid_endur_post_3.5_4hr_vs_pre,metab-u-lrppos,
LPC(20:0)>LPC(20:0/0:0) [metab-u-lrppos] [refmet: LPC(20:0)>LPC(20:0/0:0)],LPC(20:0)>LPC(20:0/0:0),unclassified_no_refmet_match,0.224476530808566,log2fc,1.17395408477242e-07,8.27044057474502e-07,benjamini_hochberg,within_each_platform_da_table_as_released_by_motrpac_v1.3_dream_acute,provided,higher_in_numerator,MoTrPAC_human_precovid_sed_adu,motrpac_human_plasma_endur_post,motrpac_human_precovid_endur_post_3.5_4hr_vs_pre,metab-u-lrppos,
FA 16:3_isomer1 [metab-u-lrpneg] [refmet: FA 16:3_isomer1],FA 16:3_isomer1,unclassified_no_refmet_match,0.507638574838449,log2fc,5.49427031148765e-08,8.27192919118418e-07,benjamini_hochberg,within_each_platform_da_table_as_released_by_motrpac_v1.3_dream_acute,provided,higher_in_numerator,MoTrPAC_human_precovid_sed_adu,motrpac_human_plasma_endur_post,motrpac_human_precovid_endur_post_3.5_4hr_vs_pre,metab-u-lrpneg,
FA 24:5 [metab-u-lrpneg] [refmet: FA 24:5],FA 24:5,unclassified_no_refmet_match,0.369695628748115,log2fc,5.31140216090007e-08,8.27192919118418e-07,benjamini_hochberg,within_each_platform_da_table_as_released_by_motrpac_v1.3_dream_acute,provided,higher_in_numerator,MoTrPAC_human_precovid_sed_adu,motrpac_human_plasma_endur_post,motrpac_human_precovid_endur_post_3.5_4hr_vs_pre,metab-u-lrpneg,
Myristoleic acid [metab-u-rpneg] [refmet: Myristoleic acid],Myristoleic acid,Fatty Acyls,0.564633069733645,log2fc,1.85119333987956e-07,8.58280548489616e-07,benjamini_hochberg,within_each_platform_da_table_as_released_by_motrpac_v1.3_dream_acute,provided,higher_in_numerator,MoTrPAC_human_precovid_sed_adu,motrpac_human_plasma_endur_post,motrpac_human_precovid_endur_post_3.5_4hr_vs_pre,metab-u-rpneg,
SM 18:1;O2/19:0 [metab-u-hilicpos] [refmet: SM 18:1;O2/19:0],SM 18:1;O2/19:0,Sphingolipids,0.166336353690358,log2fc,1.77081648113068e-07,8.85408240565341e-07,benjamini_hochberg,within_each_platform_da_table_as_released_by_motrpac_v1.3_dream_acute,provided,higher_in_numerator,MoTrPAC_human_precovid_sed_adu,motrpac_human_plasma_endur_post,motrpac_human_precovid_endur_post_3.5_4hr_vs_pre,metab-u-hilicpos,
Cer(d40:2)>Cer(d18:2/22:0) [metab-u-lrppos] [refmet: Cer(d40:2)>Cer(d18:2/22:0)],Cer(d40:2)>Cer(d18:2/22:0),unclassified_no_refmet_match,0.121630348468848,log2fc,1.28210266885956e-07,8.93198192638826e-07,benjamini_hochberg,within_each_platform_da_table_as_released_by_motrpac_v1.3_dream_acute,provided,higher_in_numerator,MoTrPAC_human_precovid_sed_adu,motrpac_human_plasma_endur_post,motrpac_human_precovid_endur_post_3.5_4hr_vs_pre,metab-u-lrppos,
SM 18:1;O2/17:0 [metab-u-hilicpos] [refmet: SM 18:1;O2/17:0],SM 18:1;O2/17:0,Sphingolipids,0.14692251958796,log2fc,1.83668704781236e-07,9.05409108076513e-07,benjamini_hochberg,within_each_platform_da_table_as_released_by_motrpac_v1.3_dream_acute,provided,higher_in_numerator,MoTrPAC_human_precovid_sed_adu,motrpac_human_plasma_endur_post,motrpac_human_precovid_endur_post_3.5_4hr_vs_pre,metab-u-hilicpos,
FA 19:1_isomer2 [metab-u-lrpneg] [refmet: FA 19:1_isomer2],FA 19:1_isomer2,unclassified_no_refmet_match,0.440405522734213,log2fc,6.46176308112269e-08,9.21651471044341e-07,benjamini_hochberg,within_each_platform_da_table_as_released_by_motrpac_v1.3_dream_acute,provided,higher_in_numerator,MoTrPAC_human_precovid_sed_adu,motrpac_human_plasma_endur_post,motrpac_human_precovid_endur_post_3.5_4hr_vs_pre,metab-u-lrpneg,
FA 16:1_isomer1 [metab-u-lrpneg] [refmet: FA 16:1_isomer1],FA 16:1_isomer1,unclassified_no_refmet_match,0.525373404477858,log2fc,7.81275692916024e-08,1.05862856390121e-06,benjamini_hochberg,within_each_platform_da_table_as_released_by_motrpac_v1.3_dream_acute,provided,higher_in_numerator,MoTrPAC_human_precovid_sed_adu,motrpac_human_plasma_endur_post,motrpac_human_precovid_endur_post_3.5_4hr_vs_pre,metab-u-lrpneg,
SM(d35:1)_isomer2 [metab-u-lrppos] [refmet: SM(d35:1)_isomer2],SM(d35:1)_isomer2,unclassified_no_refmet_match,0.126839504777543,log2fc,1.97595855673104e-07,1.33217851082835e-06,benjamini_hochberg,within_each_platform_da_table_as_released_by_motrpac_v1.3_dream_acute,provided,higher_in_numerator,MoTrPAC_human_precovid_sed_adu,motrpac_human_plasma_endur_post,motrpac_human_precovid_endur_post_3.5_4hr_vs_pre,metab-u-lrppos,
PC O-30:0 [metab-u-hilicpos] [refmet: PC O-30:0],PC O-30:0,Glycerophospholipids,0.14437838078053,log2fc,3.80936211784136e-07,1.82640649485545e-06,benjamini_hochberg,within_each_platform_da_table_as_released_by_motrpac_v1.3_dream_acute,provided,higher_in_numerator,MoTrPAC_human_precovid_sed_adu,motrpac_human_plasma_endur_post,motrpac_human_precovid_endur_post_3.5_4hr_vs_pre,metab-u-hilicpos,
Car(18:3) [metab-u-lrppos] [refmet: Car(18:3)],Car(18:3),unclassified_no_refmet_match,0.309406357245955,log2fc,2.88450531051301e-07,1.90377350493858e-06,benjamini_hochberg,within_each_platform_da_table_as_released_by_motrpac_v1.3_dream_acute,provided,higher_in_numerator,MoTrPAC_human_precovid_sed_adu,motrpac_human_plasma_endur_post,motrpac_human_precovid_endur_post_3.5_4hr_vs_pre,metab-u-lrppos,
LPC(O-18:1)_isomer2 [metab-u-lrppos] [refmet: LPC(O-18:1)_isomer2],LPC(O-18:1)_isomer2,unclassified_no_refmet_match,0.313016403492568,log2fc,2.93052065553954e-07,1.91399630314926e-06,benjamini_hochberg,within_each_platform_da_table_as_released_by_motrpac_v1.3_dream_acute,provided,higher_in_numerator,MoTrPAC_human_precovid_sed_adu,motrpac_human_plasma_endur_post,motrpac_human_precovid_endur_post_3.5_4hr_vs_pre,metab-u-lrppos,
Cer(d40:1)>Cer(d18:1/22:0) [metab-u-lrppos] [refmet: Cer(d40:1)>Cer(d18:1/22:0)],Cer(d40:1)>Cer(d18:1/22:0),unclassified_no_refmet_match,0.124196218721199,log2fc,3.08763610051244e-07,1.99582251033123e-06,benjamini_hochberg,within_each_platform_da_table_as_released_by_motrpac_v1.3_dream_acute,provided,higher_in_numerator,MoTrPAC_human_precovid_sed_adu,motrpac_human_plasma_endur_post,motrpac_human_precovid_endur_post_3.5_4hr_vs_pre,metab-u-lrppos,
SM 18:1;O2/22:1 [metab-u-hilicpos] [refmet: SM 18:1;O2/22:1],SM 18:1;O2/22:1,Sphingolipids,0.11740713706488,log2fc,4.29886036322262e-07,2.02982042115009e-06,benjamini_hochberg,within_each_platform_da_table_as_released_by_motrpac_v1.3_dream_acute,provided,higher_in_numerator,MoTrPAC_human_precovid_sed_adu,motrpac_human_plasma_endur_post,motrpac_human_precovid_endur_post_3.5_4hr_vs_pre,metab-u-hilicpos,
1-Methyladenosine [metab-u-hilicpos] [refmet: 1-Methyladenosine],1-Methyladenosine,Nucleic acids,0.115993951186027,log2fc,4.34961518817876e-07,2.02982042115009e-06,benjamini_hochberg,within_each_platform_da_table_as_released_by_motrpac_v1.3_dream_acute,provided,higher_in_numerator,MoTrPAC_human_precovid_sed_adu,motrpac_human_plasma_endur_post,motrpac_human_precovid_endur_post_3.5_4hr_vs_pre,metab-u-hilicpos,
MG(18:1) [metab-u-rppos] [refmet: MG(18:1)],MG(18:1),unclassified_no_refmet_match,0.509833804722025,log2fc,2.67294006876338e-07,2.05780371982109e-06,benjamini_hochberg,within_each_platform_da_table_as_released_by_motrpac_v1.3_dream_acute,provided,higher_in_numerator,MoTrPAC_human_precovid_sed_adu,motrpac_human_plasma_endur_post,motrpac_human_precovid_endur_post_3.5_4hr_vs_pre,metab-u-rppos,
SM 18:1;O2/18:0 [metab-u-hilicpos] [refmet: SM 18:1;O2/18:0],SM 18:1;O2/18:0,Sphingolipids,0.149955056438749,log2fc,5.52554978941436e-07,2.5446610872303e-06,benjamini_hochberg,within_each_platform_da_table_as_released_by_motrpac_v1.3_dream_acute,provided,higher_in_numerator,MoTrPAC_human_precovid_sed_adu,motrpac_human_plasma_endur_post,motrpac_human_precovid_endur_post_3.5_4hr_vs_pre,metab-u-hilicpos,
PC(32:1) [metab-u-lrppos] [refmet: PC(32:1)],PC(32:1),unclassified_no_refmet_match,0.158442469896322,log2fc,4.16301400853005e-07,2.61020978334834e-06,benjamini_hochberg,within_each_platform_da_table_as_released_by_motrpac_v1.3_dream_acute,provided,higher_in_numerator,MoTrPAC_human_precovid_sed_adu,motrpac_human_plasma_endur_post,motrpac_human_precovid_endur_post_3.5_4hr_vs_pre,metab-u-lrppos,
SM 18:1;O2/17:1 [metab-u-hilicpos] [refmet: SM 18:1;O2/17:1],SM 18:1;O2/17:1,Sphingolipids,0.151956428658973,log2fc,5.90022131360166e-07,2.68191877890985e-06,benjamini_hochberg,within_each_platform_da_table_as_released_by_motrpac_v1.3_dream_acute,provided,higher_in_numerator,MoTrPAC_human_precovid_sed_adu,motrpac_human_plasma_endur_post,motrpac_human_precovid_endur_post_3.5_4hr_vs_pre,metab-u-hilicpos,
Dodecenoic acid [metab-u-rpneg] [refmet: Dodecenoic acid],Dodecenoic acid,Fatty Acyls,0.582185904329066,log2fc,7.56884013576905e-07,3.35661606021062e-06,benjamini_hochberg,within_each_platform_da_table_as_released_by_motrpac_v1.3_dream_acute,provided,higher_in_numerator,MoTrPAC_human_precovid_sed_adu,motrpac_human_plasma_endur_post,motrpac_human_precovid_endur_post_3.5_4hr_vs_pre,metab-u-rpneg,
PC 35:3 [metab-u-hilicpos] [refmet: PC 35:3],PC 35:3,Glycerophospholipids,0.147559907974546,log2fc,8.42361776634949e-07,3.6853327727779e-06,benjamini_hochberg,within_each_platform_da_table_as_released_by_motrpac_v1.3_dream_acute,provided,higher_in_numerator,MoTrPAC_human_precovid_sed_adu,motrpac_human_plasma_endur_post,motrpac_human_precovid_endur_post_3.5_4hr_vs_pre,metab-u-hilicpos,
PC(40:7)_isomer4 [metab-u-lrppos] [refmet: PC(40:7)_isomer4],PC(40:7)_isomer4,unclassified_no_refmet_match,0.18175808394038,log2fc,6.42362667621989e-07,3.91030478251444e-06,benjamini_hochberg,within_each_platform_da_table_as_released_by_motrpac_v1.3_dream_acute,provided,higher_in_numerator,MoTrPAC_human_precovid_sed_adu,motrpac_human_plasma_endur_post,motrpac_human_precovid_endur_post_3.5_4hr_vs_pre,metab-u-lrppos,
CAR(16:2) [metab-u-rppos] [refmet: CAR(16:2)],CAR(16:2),unclassified_no_refmet_match,0.48672498860893,log2fc,6.04399585811213e-07,4.37027392817338e-06,benjamini_hochberg,within_each_platform_da_table_as_released_by_motrpac_v1.3_dream_acute,provided,higher_in_numerator,MoTrPAC_human_precovid_sed_adu,motrpac_human_plasma_endur_post,motrpac_human_precovid_endur_post_3.5_4hr_vs_pre,metab-u-rppos,
Car(14:2-OH) [metab-u-lrppos] [refmet: Car(14:2-OH)],Car(14:2-OH),unclassified_no_refmet_match,0.389554840238194,log2fc,8.14295383082233e-07,4.90926158839e-06,benjamini_hochberg,within_each_platform_da_table_as_released_by_motrpac_v1.3_dream_acute,provided,higher_in_numerator,MoTrPAC_human_precovid_sed_adu,motrpac_human_plasma_endur_post,motrpac_human_precovid_endur_post_3.5_4hr_vs_pre,metab-u-lrppos,
FA 22:3;O_isomer1 [metab-u-lrpneg] [refmet: FA 22:3;O_isomer1],FA 22:3;O_isomer1,unclassified_no_refmet_match,0.31360298163321,log2fc,4.21709476751592e-07,5.19469400907643e-06,benjamini_hochberg,within_each_platform_da_table_as_released_by_motrpac_v1.3_dream_acute,provided,higher_in_numerator,MoTrPAC_human_precovid_sed_adu,motrpac_human_plasma_endur_post,motrpac_human_precovid_endur_post_3.5_4hr_vs_pre,metab-u-lrpneg,
FA 17:1 [metab-u-lrpneg] [refmet: FA 17:1],FA 17:1,unclassified_no_refmet_match,0.429382837475952,log2fc,4.5506989936224e-07,5.36191055335509e-06,benjamini_hochberg,within_each_platform_da_table_as_released_by_motrpac_v1.3_dream_acute,provided,higher_in_numerator,MoTrPAC_human_precovid_sed_adu,motrpac_human_plasma_endur_post,motrpac_human_precovid_endur_post_3.5_4hr_vs_pre,metab-u-lrpneg,
Pentadecylic acid [metab-u-rpneg] [refmet: Pentadecylic acid],Pentadecylic acid,Fatty Acyls,0.385074720848941,log2fc,1.37661773787476e-06,5.40057727935483e-06,benjamini_hochberg,within_each_platform_da_table_as_released_by_motrpac_v1.3_dream_acute,provided,higher_in_numerator,MoTrPAC_human_precovid_sed_adu,motrpac_human_plasma_endur_post,motrpac_human_precovid_endur_post_3.5_4hr_vs_pre,metab-u-rpneg,
SM 18:1;O2/16:1 [metab-u-hilicpos] [refmet: SM 18:1;O2/16:1],SM 18:1;O2/16:1,Sphingolipids,0.0918949715357051,log2fc,1.52338043303808e-06,6.34741847099202e-06,benjamini_hochberg,within_each_platform_da_table_as_released_by_motrpac_v1.3_dream_acute,provided,higher_in_numerator,MoTrPAC_human_precovid_sed_adu,motrpac_human_plasma_endur_post,motrpac_human_precovid_endur_post_3.5_4hr_vs_pre,metab-u-hilicpos,
CAR 12:0 [metab-u-hilicpos] [refmet: CAR 12:0],CAR 12:0,Fatty Acyls,0.409169711133671,log2fc,1.70992585231221e-06,7.04087115657967e-06,benjamini_hochberg,within_each_platform_da_table_as_released_by_motrpac_v1.3_dream_acute,provided,higher_in_numerator,MoTrPAC_human_precovid_sed_adu,motrpac_human_plasma_endur_post,motrpac_human_precovid_endur_post_3.5_4hr_vs_pre,metab-u-hilicpos,
FA 19:2 [metab-u-lrpneg] [refmet: FA 19:2],FA 19:2,unclassified_no_refmet_match,0.345275467575426,log2fc,6.42537574832341e-07,7.25532011581519e-06,benjamini_hochberg,within_each_platform_da_table_as_released_by_motrpac_v1.3_dream_acute,provided,higher_in_numerator,MoTrPAC_human_precovid_sed_adu,motrpac_human_plasma_endur_post,motrpac_human_precovid_endur_post_3.5_4hr_vs_pre,metab-u-lrpneg,
CAR(14:1) [metab-u-rppos] [refmet: CAR(14:1)],CAR(14:1),unclassified_no_refmet_match,0.51927674332412,log2fc,1.1027575633747e-06,7.40422935408727e-06,benjamini_hochberg,within_each_platform_da_table_as_released_by_motrpac_v1.3_dream_acute,provided,higher_in_numerator,MoTrPAC_human_precovid_sed_adu,motrpac_human_plasma_endur_post,motrpac_human_precovid_endur_post_3.5_4hr_vs_pre,metab-u-rppos,
Tetradecadienoic acid [metab-u-rpneg] [refmet: Tetradecadienoic acid],Tetradecadienoic acid,Fatty Acyls,0.525329723669572,log2fc,2.35520833451302e-06,8.8974537081603e-06,benjamini_hochberg,within_each_platform_da_table_as_released_by_motrpac_v1.3_dream_acute,provided,higher_in_numerator,MoTrPAC_human_precovid_sed_adu,motrpac_human_plasma_endur_post,motrpac_human_precovid_endur_post_3.5_4hr_vs_pre,metab-u-rpneg,
SM 18:1;O2/18:3 [metab-u-hilicpos] [refmet: SM 18:1;O2/18:3],SM 18:1;O2/18:3,Sphingolipids,0.0725538701555912,log2fc,2.47203280063301e-06,9.94495954277647e-06,benjamini_hochberg,within_each_platform_da_table_as_released_by_motrpac_v1.3_dream_acute,provided,higher_in_numerator,MoTrPAC_human_precovid_sed_adu,motrpac_human_plasma_endur_post,motrpac_human_precovid_endur_post_3.5_4hr_vs_pre,metab-u-hilicpos,
FA 19:1_isomer1 [metab-u-lrpneg] [refmet: FA 19:1_isomer1],FA 19:1_isomer1,unclassified_no_refmet_match,0.463444759285419,log2fc,1.1251900864459e-06,1.21970605370735e-05,benjamini_hochberg,within_each_platform_da_table_as_released_by_motrpac_v1.3_dream_acute,provided,higher_in_numerator,MoTrPAC_human_precovid_sed_adu,motrpac_human_plasma_endur_post,motrpac_human_precovid_endur_post_3.5_4hr_vs_pre,metab-u-lrpneg,
alpha-Tocopherol [metab-u-rppos] [refmet: alpha-Tocopherol],alpha-Tocopherol,Prenol Lipids,0.318031131066636,log2fc,1.9506778347014e-06,1.22242477641288e-05,benjamini_hochberg,within_each_platform_da_table_as_released_by_motrpac_v1.3_dream_acute,provided,higher_in_numerator,MoTrPAC_human_precovid_sed_adu,motrpac_human_plasma_endur_post,motrpac_human_precovid_endur_post_3.5_4hr_vs_pre,metab-u-rppos,
LPC(18:0)>LPC(18:0/0:0) [metab-u-lrppos] [refmet: LPC(18:0)>LPC(18:0/0:0)],LPC(18:0)>LPC(18:0/0:0),unclassified_no_refmet_match,0.244834961279693,log2fc,2.23221560797793e-06,1.26090016774969e-05,benjamini_hochberg,within_each_platform_da_table_as_released_by_motrpac_v1.3_dream_acute,provided,higher_in_numerator,MoTrPAC_human_precovid_sed_adu,motrpac_human_plasma_endur_post,motrpac_human_precovid_endur_post_3.5_4hr_vs_pre,metab-u-lrppos,
CAR(12:1) [metab-u-rppos] [refmet: CAR(12:1)],CAR(12:1),unclassified_no_refmet_match,0.484272863349112,log2fc,2.30836865075664e-06,1.31507062527954e-05,benjamini_hochberg,within_each_platform_da_table_as_released_by_motrpac_v1.3_dream_acute,provided,higher_in_numerator,MoTrPAC_human_precovid_sed_adu,motrpac_human_plasma_endur_post,motrpac_human_precovid_endur_post_3.5_4hr_vs_pre,metab-u-rppos,
Aminobutyric acid [metab-u-rppos] [refmet: Aminobutyric acid],Aminobutyric acid,Fatty Acyls,0.197519036774914,log2fc,2.52227621380425e-06,1.3946703770447e-05,benjamini_hochberg,within_each_platform_da_table_as_released_by_motrpac_v1.3_dream_acute,provided,higher_in_numerator,MoTrPAC_human_precovid_sed_adu,motrpac_human_plasma_endur_post,motrpac_human_precovid_endur_post_3.5_4hr_vs_pre,metab-u-rppos,
Cer(d41:1)>Cer(d18:1/23:0)_and_Cer(d19:1/22:0)_isomer2 [metab-u-lrppos] [refmet: Cer(d41:1)>Cer(d18:1/23:0)_and_Cer(d19:1/22:0)_isomer2],Cer(d41:1)>Cer(d18:1/23:0)_and_Cer(d19:1/22:0)_isomer2,unclassified_no_refmet_match,0.151511833760136,log2fc,2.5959772398328e-06,1.44042276935855e-05,benjamini_hochberg,within_each_platform_da_table_as_released_by_motrpac_v1.3_dream_acute,provided,higher_in_numerator,MoTrPAC_human_precovid_sed_adu,motrpac_human_plasma_endur_post,motrpac_human_precovid_endur_post_3.5_4hr_vs_pre,metab-u-lrppos,
PC 33:2 [metab-u-hilicpos] [refmet: PC 33:2],PC 33:2,Glycerophospholipids,0.088976366122882,log2fc,3.77098411916358e-06,1.49982322921279e-05,benjamini_hochberg,within_each_platform_da_table_as_released_by_motrpac_v1.3_dream_acute,provided,higher_in_numerator,MoTrPAC_human_precovid_sed_adu,motrpac_human_plasma_endur_post,motrpac_human_precovid_endur_post_3.5_4hr_vs_pre,metab-u-hilicpos,
Eicosadienoic acid [metab-u-rpneg] [refmet: Eicosadienoic acid],Eicosadienoic acid,Fatty Acyls,0.456581828912569,log2fc,4.33025750912361e-06,1.52305608941589e-05,benjamini_hochberg,within_each_platform_da_table_as_released_by_motrpac_v1.3_dream_acute,provided,higher_in_numerator,MoTrPAC_human_precovid_sed_adu,motrpac_human_plasma_endur_post,motrpac_human_precovid_endur_post_3.5_4hr_vs_pre,metab-u-rpneg,
Hex2Cer(d42:2)>Hex2Cer(d18:1/24:1) [metab-u-lrppos] [refmet: Hex2Cer(d42:2)>Hex2Cer(d18:1/24:1)],Hex2Cer(d42:2)>Hex2Cer(d18:1/24:1),unclassified_no_refmet_match,0.130816322944316,log2fc,2.81882697833364e-06,1.5503548380835e-05,benjamini_hochberg,within_each_platform_da_table_as_released_by_motrpac_v1.3_dream_acute,provided,higher_in_numerator,MoTrPAC_human_precovid_sed_adu,motrpac_human_plasma_endur_post,motrpac_human_precovid_endur_post_3.5_4hr_vs_pre,metab-u-lrppos,
PC(33:1)_isomer2 [metab-u-lrppos] [refmet: PC(33:1)_isomer2],PC(33:1)_isomer2,unclassified_no_refmet_match,0.11271186777396,log2fc,2.85405627313548e-06,1.55608111587474e-05,benjamini_hochberg,within_each_platform_da_table_as_released_by_motrpac_v1.3_dream_acute,provided,higher_in_numerator,MoTrPAC_human_precovid_sed_adu,motrpac_human_plasma_endur_post,motrpac_human_precovid_endur_post_3.5_4hr_vs_pre,metab-u-lrppos,
Cer(d34:1)>Cer(d18:1/16:0) [metab-u-lrppos] [refmet: Cer(d34:1)>Cer(d18:1/16:0)],Cer(d34:1)>Cer(d18:1/16:0),unclassified_no_refmet_match,0.110454847020581,log2fc,3.30173712692929e-06,1.76939246032877e-05,benjamini_hochberg,within_each_platform_da_table_as_released_by_motrpac_v1.3_dream_acute,provided,higher_in_numerator,MoTrPAC_human_precovid_sed_adu,motrpac_human_plasma_endur_post,motrpac_human_precovid_endur_post_3.5_4hr_vs_pre,metab-u-lrppos,
FA(20:3)_isomer1 [metab-u-lrpneg] [refmet: FA(20:3)_isomer1],FA(20:3)_isomer1,unclassified_no_refmet_match,0.386020082334419,log2fc,1.97011059864831e-06,2.05346143166804e-05,benjamini_hochberg,within_each_platform_da_table_as_released_by_motrpac_v1.3_dream_acute,provided,higher_in_numerator,MoTrPAC_human_precovid_sed_adu,motrpac_human_plasma_endur_post,motrpac_human_precovid_endur_post_3.5_4hr_vs_pre,metab-u-lrpneg,
Hydroxyoctanoic acid [metab-u-rpneg] [refmet: Hydroxyoctanoic acid],Hydroxyoctanoic acid,Fatty Acyls,0.326963078975897,log2fc,6.96943990715775e-06,2.29317055009707e-05,benjamini_hochberg,within_each_platform_da_table_as_released_by_motrpac_v1.3_dream_acute,provided,higher_in_numerator,MoTrPAC_human_precovid_sed_adu,motrpac_human_plasma_endur_post,motrpac_human_precovid_endur_post_3.5_4hr_vs_pre,metab-u-rpneg,
Cer 18:1;O2/18:0 [metab-u-hilicpos] [refmet: Cer 18:1;O2/18:0],Cer 18:1;O2/18:0,Sphingolipids,0.2025515721147,log2fc,6.20062710366171e-06,2.38485657833143e-05,benjamini_hochberg,within_each_platform_da_table_as_released_by_motrpac_v1.3_dream_acute,provided,higher_in_numerator,MoTrPAC_human_precovid_sed_adu,motrpac_human_plasma_endur_post,motrpac_human_precovid_endur_post_3.5_4hr_vs_pre,metab-u-hilicpos,
PC(42:6) [metab-u-lrppos] [refmet: PC(42:6)],PC(42:6),unclassified_no_refmet_match,0.114617622931224,log2fc,5.34954648239007e-06,2.81862659198199e-05,benjamini_hochberg,within_each_platform_da_table_as_released_by_motrpac_v1.3_dream_acute,provided,higher_in_numerator,MoTrPAC_human_precovid_sed_adu,motrpac_human_plasma_endur_post,motrpac_human_precovid_endur_post_3.5_4hr_vs_pre,metab-u-lrppos,
Cer 18:1;O2/20:1 [metab-u-hilicpos] [refmet: Cer 18:1;O2/20:1],Cer 18:1;O2/20:1,Sphingolipids,0.279484963968981,log2fc,8.36027152881628e-06,3.08010003693231e-05,benjamini_hochberg,within_each_platform_da_table_as_released_by_motrpac_v1.3_dream_acute,provided,higher_in_numerator,MoTrPAC_human_precovid_sed_adu,motrpac_human_plasma_endur_post,motrpac_human_precovid_endur_post_3.5_4hr_vs_pre,metab-u-hilicpos,
Phe-Trp [metab-u-hilicpos] [refmet: Phe-Trp],Phe-Trp,Organic acids,0.394248227592779,log2fc,1.00542094122389e-05,3.66559718154543e-05,benjamini_hochberg,within_each_platform_da_table_as_released_by_motrpac_v1.3_dream_acute,provided,higher_in_numerator,MoTrPAC_human_precovid_sed_adu,motrpac_human_plasma_endur_post,motrpac_human_precovid_endur_post_3.5_4hr_vs_pre,metab-u-hilicpos,
CAR(18:1) [metab-u-rppos] [refmet: CAR(18:1)],CAR(18:1),unclassified_no_refmet_match,0.624158040526819,log2fc,7.22138940735013e-06,3.66924650968061e-05,benjamini_hochberg,within_each_platform_da_table_as_released_by_motrpac_v1.3_dream_acute,provided,higher_in_numerator,MoTrPAC_human_precovid_sed_adu,motrpac_human_plasma_endur_post,motrpac_human_precovid_endur_post_3.5_4hr_vs_pre,metab-u-rppos,
LPE(22:6)>LPE(22:6/0:0)_and_LPE(0:0/22:6) [metab-u-lrpneg] [refmet: LPE(22:6)>LPE(22:6/0:0)_and_LPE(0:0/22:6)],LPE(22:6)>LPE(22:6/0:0)_and_LPE(0:0/22:6),unclassified_no_refmet_match,0.208813961860802,log2fc,3.94446582221646e-06,3.81767942078808e-05,benjamini_hochberg,within_each_platform_da_table_as_released_by_motrpac_v1.3_dream_acute,provided,higher_in_numerator,MoTrPAC_human_precovid_sed_adu,motrpac_human_plasma_endur_post,motrpac_human_precovid_endur_post_3.5_4hr_vs_pre,metab-u-lrpneg,
PI(38:5)_isomer2 [metab-u-lrppos] [refmet: PI(38:5)_isomer2],PI(38:5)_isomer2,unclassified_no_refmet_match,0.142925322084981,log2fc,7.67287173786131e-06,3.98044712721122e-05,benjamini_hochberg,within_each_platform_da_table_as_released_by_motrpac_v1.3_dream_acute,provided,higher_in_numerator,MoTrPAC_human_precovid_sed_adu,motrpac_human_plasma_endur_post,motrpac_human_precovid_endur_post_3.5_4hr_vs_pre,metab-u-lrppos,
Cer(d41:1)>Cer(d18:1/23:0)_and_Cer(d17:1/24:0)_isomer1 [metab-u-lrppos] [refmet: Cer(d41:1)>Cer(d18:1/23:0)_and_Cer(d17:1/24:0)_isomer1],Cer(d41:1)>Cer(d18:1/23:0)_and_Cer(d17:1/24:0)_isomer1,unclassified_no_refmet_match,0.115726034525299,log2fc,7.68156463146024e-06,3.98044712721122e-05,benjamini_hochberg,within_each_platform_da_table_as_released_by_motrpac_v1.3_dream_acute,provided,higher_in_numerator,MoTrPAC_human_precovid_sed_adu,motrpac_human_plasma_endur_post,motrpac_human_precovid_endur_post_3.5_4hr_vs_pre,metab-u-lrppos,
FA 12:1 [metab-u-lrpneg] [refmet: FA 12:1],FA 12:1,unclassified_no_refmet_match,0.450224987429614,log2fc,4.29588743427853e-06,4.01443274030855e-05,benjamini_hochberg,within_each_platform_da_table_as_released_by_motrpac_v1.3_dream_acute,provided,higher_in_numerator,MoTrPAC_human_precovid_sed_adu,motrpac_human_plasma_endur_post,motrpac_human_precovid_endur_post_3.5_4hr_vs_pre,metab-u-lrpneg,
PC(37:5)_isomer2 [metab-u-lrppos] [refmet: PC(37:5)_isomer2],PC(37:5)_isomer2,unclassified_no_refmet_match,0.151451214458245,log2fc,8.6403284968204e-06,4.44056226844786e-05,benjamini_hochberg,within_each_platform_da_table_as_released_by_motrpac_v1.3_dream_acute,provided,higher_in_numerator,MoTrPAC_human_precovid_sed_adu,motrpac_human_plasma_endur_post,motrpac_human_precovid_endur_post_3.5_4hr_vs_pre,metab-u-lrppos,
FA 14:1_isomer2 [metab-u-lrpneg] [refmet: FA 14:1_isomer2],FA 14:1_isomer2,unclassified_no_refmet_match,0.432873809989559,log2fc,5.72109186053982e-06,5.16805298068763e-05,benjamini_hochberg,within_each_platform_da_table_as_released_by_motrpac_v1.3_dream_acute,provided,higher_in_numerator,MoTrPAC_human_precovid_sed_adu,motrpac_human_plasma_endur_post,motrpac_human_precovid_endur_post_3.5_4hr_vs_pre,metab-u-lrpneg,
Hydroxydodecanoic acid [metab-u-rpneg] [refmet: Hydroxydodecanoic acid],Hydroxydodecanoic acid,Fatty Acyls,0.424741643292929,log2fc,1.73051065756698e-05,5.19153197270095e-05,benjamini_hochberg,within_each_platform_da_table_as_released_by_motrpac_v1.3_dream_acute,provided,higher_in_numerator,MoTrPAC_human_precovid_sed_adu,motrpac_human_plasma_endur_post,motrpac_human_precovid_endur_post_3.5_4hr_vs_pre,metab-u-rpneg,
PC 32:0 [metab-u-hilicpos] [refmet: PC 32:0],PC 32:0,Glycerophospholipids,0.0885185042790262,log2fc,1.49871952190557e-05,5.40775085223659e-05,benjamini_hochberg,within_each_platform_da_table_as_released_by_motrpac_v1.3_dream_acute,provided,higher_in_numerator,MoTrPAC_human_precovid_sed_adu,motrpac_human_plasma_endur_post,motrpac_human_precovid_endur_post_3.5_4hr_vs_pre,metab-u-hilicpos,
LPC(22:1)>LPC(22:1/0:0)_and_LPC(0:0/22:1) [metab-u-lrppos] [refmet: LPC(22:1)>LPC(22:1/0:0)_and_LPC(0:0/22:1)],LPC(22:1)>LPC(22:1/0:0)_and_LPC(0:0/22:1),unclassified_no_refmet_match,0.202529839899352,log2fc,1.12747963723181e-05,5.65543786035475e-05,benjamini_hochberg,within_each_platform_da_table_as_released_by_motrpac_v1.3_dream_acute,provided,higher_in_numerator,MoTrPAC_human_precovid_sed_adu,motrpac_human_plasma_endur_post,motrpac_human_precovid_endur_post_3.5_4hr_vs_pre,metab-u-lrppos,
CAR 12:0;OH [metab-u-hilicpos] [refmet: CAR 12:0;OH],CAR 12:0;OH,Fatty Acyls,0.584246807229089,log2fc,1.65608200288647e-05,5.85483536374004e-05,benjamini_hochberg,within_each_platform_da_table_as_released_by_motrpac_v1.3_dream_acute,provided,higher_in_numerator,MoTrPAC_human_precovid_sed_adu,motrpac_human_plasma_endur_post,motrpac_human_precovid_endur_post_3.5_4hr_vs_pre,metab-u-hilicpos,
FA(20:3)_isomer2 [metab-u-lrpneg] [refmet: FA(20:3)_isomer2],FA(20:3)_isomer2,unclassified_no_refmet_match,0.479480677765107,log2fc,7.6347153701728e-06,6.54044510643536e-05,benjamini_hochberg,within_each_platform_da_table_as_released_by_motrpac_v1.3_dream_acute,provided,higher_in_numerator,MoTrPAC_human_precovid_sed_adu,motrpac_human_plasma_endur_post,motrpac_human_precovid_endur_post_3.5_4hr_vs_pre,metab-u-lrpneg,
FA 22:3 [metab-u-lrpneg] [refmet: FA 22:3],FA 22:3,unclassified_no_refmet_match,0.299623414984733,log2fc,7.72303481202699e-06,6.54044510643536e-05,benjamini_hochberg,within_each_platform_da_table_as_released_by_motrpac_v1.3_dream_acute,provided,higher_in_numerator,MoTrPAC_human_precovid_sed_adu,motrpac_human_plasma_endur_post,motrpac_human_precovid_endur_post_3.5_4hr_vs_pre,metab-u-lrpneg,
Homoarginine [metab-u-hilicpos] [refmet: Homoarginine],Homoarginine,Organic acids,0.135699663297043,log2fc,2.51997847085983e-05,8.8199246480094e-05,benjamini_hochberg,within_each_platform_da_table_as_released_by_motrpac_v1.3_dream_acute,provided,higher_in_numerator,MoTrPAC_human_precovid_sed_adu,motrpac_human_plasma_endur_post,motrpac_human_precovid_endur_post_3.5_4hr_vs_pre,metab-u-hilicpos,
CAR 8:0;OH [metab-u-hilicpos] [refmet: CAR 8:0;OH],CAR 8:0;OH,Fatty Acyls,0.347565156302403,log2fc,2.60169844910096e-05,8.89355109540019e-05,benjamini_hochberg,within_each_platform_da_table_as_released_by_motrpac_v1.3_dream_acute,provided,higher_in_numerator,MoTrPAC_human_precovid_sed_adu,motrpac_human_plasma_endur_post,motrpac_human_precovid_endur_post_3.5_4hr_vs_pre,metab-u-hilicpos,
Aminoisobutyric acid [metab-u-hilicpos] [refmet: Aminoisobutyric acid],Aminoisobutyric acid,Fatty Acyls,0.207425674571009,log2fc,2.60996196391118e-05,8.89355109540019e-05,benjamini_hochberg,within_each_platform_da_table_as_released_by_motrpac_v1.3_dream_acute,provided,higher_in_numerator,MoTrPAC_human_precovid_sed_adu,motrpac_human_plasma_endur_post,motrpac_human_precovid_endur_post_3.5_4hr_vs_pre,metab-u-hilicpos,
Ureidopropionic acid [metab-u-hilicpos] [refmet: Ureidopropionic acid],Ureidopropionic acid,Organic nitrogen compounds,0.336912158865108,log2fc,2.73152185754734e-05,9.18138954279131e-05,benjamini_hochberg,within_each_platform_da_table_as_released_by_motrpac_v1.3_dream_acute,provided,higher_in_numerator,MoTrPAC_human_precovid_sed_adu,motrpac_human_plasma_endur_post,motrpac_human_precovid_endur_post_3.5_4hr_vs_pre,metab-u-hilicpos,
alpha-Amino-N-butyric-acid [metab-t-amines] [refmet: alpha-Amino-N-butyric-acid],alpha-Amino-N-butyric-acid,unclassified_no_refmet_match,0.109952351143107,log2fc,3.76839108239371e-05,9.29536466990449e-05,benjamini_hochberg,within_each_platform_da_table_as_released_by_motrpac_v1.3_dream_acute,provided,higher_in_numerator,MoTrPAC_human_precovid_sed_adu,motrpac_human_plasma_endur_post,motrpac_human_precovid_endur_post_3.5_4hr_vs_pre,metab-t-amines,
Car(12:0-OH) [metab-u-lrppos] [refmet: Car(12:0-OH)],Car(12:0-OH),unclassified_no_refmet_match,0.304122763050696,log2fc,1.90141764596078e-05,9.31397550013602e-05,benjamini_hochberg,within_each_platform_da_table_as_released_by_motrpac_v1.3_dream_acute,provided,higher_in_numerator,MoTrPAC_human_precovid_sed_adu,motrpac_human_plasma_endur_post,motrpac_human_precovid_endur_post_3.5_4hr_vs_pre,metab-u-lrppos,
Dodecadienoic acid [metab-u-rpneg] [refmet: Dodecadienoic acid],Dodecadienoic acid,Fatty Acyls,0.328371741305094,log2fc,3.58870652308328e-05,9.89319095552689e-05,benjamini_hochberg,within_each_platform_da_table_as_released_by_motrpac_v1.3_dream_acute,provided,higher_in_numerator,MoTrPAC_human_precovid_sed_adu,motrpac_human_plasma_endur_post,motrpac_human_precovid_endur_post_3.5_4hr_vs_pre,metab-u-rpneg,
FA 19:2;O2 [metab-u-lrpneg] [refmet: FA 19:2;O2],FA 19:2;O2,Fatty Acyls,0.224876462253711,log2fc,1.29329387204707e-05,0.0001062068604014,benjamini_hochberg,within_each_platform_da_table_as_released_by_motrpac_v1.3_dream_acute,provided,higher_in_numerator,MoTrPAC_human_precovid_sed_adu,motrpac_human_plasma_endur_post,motrpac_human_precovid_endur_post_3.5_4hr_vs_pre,metab-u-lrpneg,
PC(35:1)_isomer2 [metab-u-lrppos] [refmet: PC(35:1)_isomer2],PC(35:1)_isomer2,unclassified_no_refmet_match,0.115850082276385,log2fc,2.21994470359963e-05,0.0001078996379191,benjamini_hochberg,within_each_platform_da_table_as_released_by_motrpac_v1.3_dream_acute,provided,higher_in_numerator,MoTrPAC_human_precovid_sed_adu,motrpac_human_plasma_endur_post,motrpac_human_precovid_endur_post_3.5_4hr_vs_pre,metab-u-lrppos,
Citrate [metab-t-tca] [refmet: Citrate],Citrate,unclassified_no_refmet_match,0.185069640265052,log2fc,1.09252056145714e-05,0.0001201772617602,benjamini_hochberg,within_each_platform_da_table_as_released_by_motrpac_v1.3_dream_acute,provided,higher_in_numerator,MoTrPAC_human_precovid_sed_adu,motrpac_human_plasma_endur_post,motrpac_human_precovid_endur_post_3.5_4hr_vs_pre,metab-t-tca,
Car(12:0) [metab-u-lrppos] [refmet: Car(12:0)],Car(12:0),unclassified_no_refmet_match,0.329091093457976,log2fc,2.85241177731754e-05,0.0001365238308685,benjamini_hochberg,within_each_platform_da_table_as_released_by_motrpac_v1.3_dream_acute,provided,higher_in_numerator,MoTrPAC_human_precovid_sed_adu,motrpac_human_plasma_endur_post,motrpac_human_precovid_endur_post_3.5_4hr_vs_pre,metab-u-lrppos,
SM(d36:1)_isomer1 [metab-u-lrppos] [refmet: SM(d36:1)_isomer1],SM(d36:1)_isomer1,unclassified_no_refmet_match,0.100571735694711,log2fc,2.98217115462304e-05,0.0001416531298445,benjamini_hochberg,within_each_platform_da_table_as_released_by_motrpac_v1.3_dream_acute,provided,higher_in_numerator,MoTrPAC_human_precovid_sed_adu,motrpac_human_plasma_endur_post,motrpac_human_precovid_endur_post_3.5_4hr_vs_pre,metab-u-lrppos,
DG 38:5 [metab-u-hilicpos] [refmet: DG 38:5],DG 38:5,Glycerolipids,0.200668758683221,log2fc,4.68500289263289e-05,0.0001477253164343,benjamini_hochberg,within_each_platform_da_table_as_released_by_motrpac_v1.3_dream_acute,provided,higher_in_numerator,MoTrPAC_human_precovid_sed_adu,motrpac_human_plasma_endur_post,motrpac_human_precovid_endur_post_3.5_4hr_vs_pre,metab-u-hilicpos,
SM 18:1;O2/15:0 [metab-u-hilicpos] [refmet: SM 18:1;O2/15:0],SM 18:1;O2/15:0,Sphingolipids,0.103701983033641,log2fc,4.64433133571129e-05,0.0001477253164343,benjamini_hochberg,within_each_platform_da_table_as_released_by_motrpac_v1.3_dream_acute,provided,higher_in_numerator,MoTrPAC_human_precovid_sed_adu,motrpac_human_plasma_endur_post,motrpac_human_precovid_endur_post_3.5_4hr_vs_pre,metab-u-hilicpos,
PC(38:2)_isomer1 [metab-u-lrppos] [refmet: PC(38:2)_isomer1],PC(38:2)_isomer1,unclassified_no_refmet_match,0.12193272006693,log2fc,3.90617304352961e-05,0.0001814200369105,benjamini_hochberg,within_each_platform_da_table_as_released_by_motrpac_v1.3_dream_acute,provided,higher_in_numerator,MoTrPAC_human_precovid_sed_adu,motrpac_human_plasma_endur_post,motrpac_human_precovid_endur_post_3.5_4hr_vs_pre,metab-u-lrppos,
FA 14:1_isomer1 [metab-u-lrpneg] [refmet: FA 14:1_isomer1],FA 14:1_isomer1,unclassified_no_refmet_match,0.295530679913355,log2fc,2.41451848640266e-05,0.0001924513264162,benjamini_hochberg,within_each_platform_da_table_as_released_by_motrpac_v1.3_dream_acute,provided,higher_in_numerator,MoTrPAC_human_precovid_sed_adu,motrpac_human_plasma_endur_post,motrpac_human_precovid_endur_post_3.5_4hr_vs_pre,metab-u-lrpneg,
Nonadecenoic acid [metab-u-rpneg] [refmet: Nonadecenoic acid],Nonadecenoic acid,Fatty Acyls,0.484239477599246,log2fc,8.67177818978702e-05,0.0002268003526559,benjamini_hochberg,within_each_platform_da_table_as_released_by_motrpac_v1.3_dream_acute,provided,higher_in_numerator,MoTrPAC_human_precovid_sed_adu,motrpac_human_plasma_endur_post,motrpac_human_precovid_endur_post_3.5_4hr_vs_pre,metab-u-rpneg,
PC(36:4)_isomer3 [metab-u-lrppos] [refmet: PC(36:4)_isomer3],PC(36:4)_isomer3,unclassified_no_refmet_match,0.142848094440055,log2fc,5.08983923103107e-05,0.0002279520855611,benjamini_hochberg,within_each_platform_da_table_as_released_by_motrpac_v1.3_dream_acute,provided,higher_in_numerator,MoTrPAC_human_precovid_sed_adu,motrpac_human_plasma_endur_post,motrpac_human_precovid_endur_post_3.5_4hr_vs_pre,metab-u-lrppos,
FA 20:5 [metab-u-lrpneg] [refmet: FA 20:5],FA 20:5,unclassified_no_refmet_match,0.266654588350836,log2fc,2.97130168870597e-05,0.0002300636450398,benjamini_hochberg,within_each_platform_da_table_as_released_by_motrpac_v1.3_dream_acute,provided,higher_in_numerator,MoTrPAC_human_precovid_sed_adu,motrpac_human_plasma_endur_post,motrpac_human_precovid_endur_post_3.5_4hr_vs_pre,metab-u-lrpneg,
PC(38:3)_isomer2 [metab-u-lrppos] [refmet: PC(38:3)_isomer2],PC(38:3)_isomer2,unclassified_no_refmet_match,0.14536214193372,log2fc,5.19530784740817e-05,0.0002310253915124,benjamini_hochberg,within_each_platform_da_table_as_released_by_motrpac_v1.3_dream_acute,provided,higher_in_numerator,MoTrPAC_human_precovid_sed_adu,motrpac_human_plasma_endur_post,motrpac_human_precovid_endur_post_3.5_4hr_vs_pre,metab-u-lrppos,
PC(37:5)_isomer3 [metab-u-lrppos] [refmet: PC(37:5)_isomer3],PC(37:5)_isomer3,unclassified_no_refmet_match,0.15911066408821,log2fc,5.47204053662981e-05,0.0002399279312214,benjamini_hochberg,within_each_platform_da_table_as_released_by_motrpac_v1.3_dream_acute,provided,higher_in_numerator,MoTrPAC_human_precovid_sed_adu,motrpac_human_plasma_endur_post,motrpac_human_precovid_endur_post_3.5_4hr_vs_pre,metab-u-lrppos,
alpha-Tocoquinone [metab-u-hilicpos] [refmet: alpha-Tocoquinone],alpha-Tocoquinone,Prenol Lipids,0.378398683887545,log2fc,7.80159589975995e-05,0.0002437998718674,benjamini_hochberg,within_each_platform_da_table_as_released_by_motrpac_v1.3_dream_acute,provided,higher_in_numerator,MoTrPAC_human_precovid_sed_adu,motrpac_human_plasma_endur_post,motrpac_human_precovid_endur_post_3.5_4hr_vs_pre,metab-u-hilicpos,
PC(36:5)_isomer2 [metab-u-lrppos] [refmet: PC(36:5)_isomer2],PC(36:5)_isomer2,unclassified_no_refmet_match,0.180207197142092,log2fc,5.89894385135989e-05,0.0002568498468612,benjamini_hochberg,within_each_platform_da_table_as_released_by_motrpac_v1.3_dream_acute,provided,higher_in_numerator,MoTrPAC_human_precovid_sed_adu,motrpac_human_plasma_endur_post,motrpac_human_precovid_endur_post_3.5_4hr_vs_pre,metab-u-lrppos,
PC(40:6)_isomer3 [metab-u-lrppos] [refmet: PC(40:6)_isomer3],PC(40:6)_isomer3,unclassified_no_refmet_match,0.302934150015254,log2fc,6.23580882859275e-05,0.0002661038144434,benjamini_hochberg,within_each_platform_da_table_as_released_by_motrpac_v1.3_dream_acute,provided,higher_in_numerator,MoTrPAC_human_precovid_sed_adu,motrpac_human_plasma_endur_post,motrpac_human_precovid_endur_post_3.5_4hr_vs_pre,metab-u-lrppos,
PI(36:4) [metab-u-lrppos] [refmet: PI(36:4)],PI(36:4),unclassified_no_refmet_match,0.0917991456320308,log2fc,6.2365087186418e-05,0.0002661038144434,benjamini_hochberg,within_each_platform_da_table_as_released_by_motrpac_v1.3_dream_acute,provided,higher_in_numerator,MoTrPAC_human_precovid_sed_adu,motrpac_human_plasma_endur_post,motrpac_human_precovid_endur_post_3.5_4hr_vs_pre,metab-u-lrppos,
PC(37:4)_isomer2 [metab-u-lrppos] [refmet: PC(37:4)_isomer2],PC(37:4)_isomer2,unclassified_no_refmet_match,0.203248416953549,log2fc,6.48038804668486e-05,0.0002742484139803,benjamini_hochberg,within_each_platform_da_table_as_released_by_motrpac_v1.3_dream_acute,provided,higher_in_numerator,MoTrPAC_human_precovid_sed_adu,motrpac_human_plasma_endur_post,motrpac_human_precovid_endur_post_3.5_4hr_vs_pre,metab-u-lrppos,
PC(30:0)_isomer2 [metab-u-lrppos] [refmet: PC(30:0)_isomer2],PC(30:0)_isomer2,unclassified_no_refmet_match,0.186751939342951,log2fc,6.51722706269093e-05,0.0002742484139803,benjamini_hochberg,within_each_platform_da_table_as_released_by_motrpac_v1.3_dream_acute,provided,higher_in_numerator,MoTrPAC_human_precovid_sed_adu,motrpac_human_plasma_endur_post,motrpac_human_precovid_endur_post_3.5_4hr_vs_pre,metab-u-lrppos,
TG(56:7)_isomer1 [metab-u-lrppos] [refmet: TG(56:7)_isomer1],TG(56:7)_isomer1,unclassified_no_refmet_match,0.150899774195079,log2fc,7.1917148238586e-05,0.0002966582364841,benjamini_hochberg,within_each_platform_da_table_as_released_by_motrpac_v1.3_dream_acute,provided,higher_in_numerator,MoTrPAC_human_precovid_sed_adu,motrpac_human_plasma_endur_post,motrpac_human_precovid_endur_post_3.5_4hr_vs_pre,metab-u-lrppos,
SM(d36:2) [metab-u-lrppos] [refmet: SM(d36:2)],SM(d36:2),unclassified_no_refmet_match,0.105543859823207,log2fc,7.67676329963011e-05,0.0003145967705142,benjamini_hochberg,within_each_platform_da_table_as_released_by_motrpac_v1.3_dream_acute,provided,higher_in_numerator,MoTrPAC_human_precovid_sed_adu,motrpac_human_plasma_endur_post,motrpac_human_precovid_endur_post_3.5_4hr_vs_pre,metab-u-lrppos,
PC(O-42:2) [metab-u-lrppos] [refmet: PC(O-42:2)],PC(O-42:2),unclassified_no_refmet_match,0.105185925753371,log2fc,8.34096744632779e-05,0.0003395965317433,benjamini_hochberg,within_each_platform_da_table_as_released_by_motrpac_v1.3_dream_acute,provided,higher_in_numerator,MoTrPAC_human_precovid_sed_adu,motrpac_human_plasma_endur_post,motrpac_human_precovid_endur_post_3.5_4hr_vs_pre,metab-u-lrppos,
PS P-36:2 or PS O-36:3 [metab-u-hilicpos] [refmet: PS P-36:2 or PS O-36:3],PS P-36:2 or PS O-36:3,Glycerophospholipids,0.148797008500349,log2fc,0.0001135596048494,0.000348144639937,benjamini_hochberg,within_each_platform_da_table_as_released_by_motrpac_v1.3_dream_acute,provided,higher_in_numerator,MoTrPAC_human_precovid_sed_adu,motrpac_human_plasma_endur_post,motrpac_human_precovid_endur_post_3.5_4hr_vs_pre,metab-u-hilicpos,
gamma-Aminobutyric acid [metab-u-hilicpos] [refmet: gamma-Aminobutyric acid],gamma-Aminobutyric acid,Fatty Acyls,0.114080015325854,log2fc,0.0001143903816935,0.000348144639937,benjamini_hochberg,within_each_platform_da_table_as_released_by_motrpac_v1.3_dream_acute,provided,higher_in_numerator,MoTrPAC_human_precovid_sed_adu,motrpac_human_plasma_endur_post,motrpac_human_precovid_endur_post_3.5_4hr_vs_pre,metab-u-hilicpos,
SM(d36:0) [metab-u-lrppos] [refmet: SM(d36:0)],SM(d36:0),unclassified_no_refmet_match,0.11834944627202,log2fc,8.82840811190227e-05,0.0003548340952668,benjamini_hochberg,within_each_platform_da_table_as_released_by_motrpac_v1.3_dream_acute,provided,higher_in_numerator,MoTrPAC_human_precovid_sed_adu,motrpac_human_plasma_endur_post,motrpac_human_precovid_endur_post_3.5_4hr_vs_pre,metab-u-lrppos,
SM(d39:1)_isomer2 [metab-u-lrppos] [refmet: SM(d39:1)_isomer2],SM(d39:1)_isomer2,unclassified_no_refmet_match,0.123043129227668,log2fc,9.31798013824158e-05,0.00037212570361,benjamini_hochberg,within_each_platform_da_table_as_released_by_motrpac_v1.3_dream_acute,provided,higher_in_numerator,MoTrPAC_human_precovid_sed_adu,motrpac_human_plasma_endur_post,motrpac_human_precovid_endur_post_3.5_4hr_vs_pre,metab-u-lrppos,
Car(6:0) [metab-u-lrppos] [refmet: Car(6:0)],Car(6:0),unclassified_no_refmet_match,0.232412939732519,log2fc,9.68068694381981e-05,0.0003841639692262,benjamini_hochberg,within_each_platform_da_table_as_released_by_motrpac_v1.3_dream_acute,provided,higher_in_numerator,MoTrPAC_human_precovid_sed_adu,motrpac_human_plasma_endur_post,motrpac_human_precovid_endur_post_3.5_4hr_vs_pre,metab-u-lrppos,
PC P-34:0 or PC O-34:1 [metab-u-hilicpos] [refmet: PC P-34:0 or PC O-34:1],PC P-34:0 or PC O-34:1,Glycerophospholipids,0.0685972595499074,log2fc,0.0001286074506948,0.0003847231431041,benjamini_hochberg,within_each_platform_da_table_as_released_by_motrpac_v1.3_dream_acute,provided,higher_in_numerator,MoTrPAC_human_precovid_sed_adu,motrpac_human_plasma_endur_post,motrpac_human_precovid_endur_post_3.5_4hr_vs_pre,metab-u-hilicpos,
Cer 18:1;O2/24:1 [metab-u-hilicpos] [refmet: Cer 18:1;O2/24:1],Cer 18:1;O2/24:1,Sphingolipids,0.191097212671348,log2fc,0.0001318941915776,0.000391211585188,benjamini_hochberg,within_each_platform_da_table_as_released_by_motrpac_v1.3_dream_acute,provided,higher_in_numerator,MoTrPAC_human_precovid_sed_adu,motrpac_human_plasma_endur_post,motrpac_human_precovid_endur_post_3.5_4hr_vs_pre,metab-u-hilicpos,
FA 24:6 [metab-u-lrpneg] [refmet: FA 24:6],FA 24:6,unclassified_no_refmet_match,0.25497841794564,log2fc,5.38780181979007e-05,0.0003946200792332,benjamini_hochberg,within_each_platform_da_table_as_released_by_motrpac_v1.3_dream_acute,provided,higher_in_numerator,MoTrPAC_human_precovid_sed_adu,motrpac_human_plasma_endur_post,motrpac_human_precovid_endur_post_3.5_4hr_vs_pre,metab-u-lrpneg,
SM(d41:1)_isomer2 [metab-u-lrppos] [refmet: SM(d41:1)_isomer2],SM(d41:1)_isomer2,unclassified_no_refmet_match,0.123109356377025,log2fc,0.0001034399632229,0.0004053553558798,benjamini_hochberg,within_each_platform_da_table_as_released_by_motrpac_v1.3_dream_acute,provided,higher_in_numerator,MoTrPAC_human_precovid_sed_adu,motrpac_human_plasma_endur_post,motrpac_human_precovid_endur_post_3.5_4hr_vs_pre,metab-u-lrppos,
TG(50:2)>TG(16:0_16:0_18:2) [metab-u-lrppos] [refmet: TG(50:2)>TG(16:0_16:0_18:2)],TG(50:2)>TG(16:0_16:0_18:2),unclassified_no_refmet_match,0.158984978968615,log2fc,0.0001044380881714,0.000406724728469,benjamini_hochberg,within_each_platform_da_table_as_released_by_motrpac_v1.3_dream_acute,provided,higher_in_numerator,MoTrPAC_human_precovid_sed_adu,motrpac_human_plasma_endur_post,motrpac_human_precovid_endur_post_3.5_4hr_vs_pre,metab-u-lrppos,
FA 16:2 [metab-u-lrpneg] [refmet: FA 16:2],FA 16:2,unclassified_no_refmet_match,0.273305350279557,log2fc,6.24922357827111e-05,0.0004456683130819,benjamini_hochberg,within_each_platform_da_table_as_released_by_motrpac_v1.3_dream_acute,provided,higher_in_numerator,MoTrPAC_human_precovid_sed_adu,motrpac_human_plasma_endur_post,motrpac_human_precovid_endur_post_3.5_4hr_vs_pre,metab-u-lrpneg,
N(6)-Methyllysine [metab-u-hilicpos] [refmet: N(6)-Methyllysine],N(6)-Methyllysine,Organic acids,0.0816283267475306,log2fc,0.000160272496614,0.0004713896959237,benjamini_hochberg,within_each_platform_da_table_as_released_by_motrpac_v1.3_dream_acute,provided,higher_in_numerator,MoTrPAC_human_precovid_sed_adu,motrpac_human_plasma_endur_post,motrpac_human_precovid_endur_post_3.5_4hr_vs_pre,metab-u-hilicpos,
CAR 10:0;OH [metab-u-hilicpos] [refmet: CAR 10:0;OH],CAR 10:0;OH,Fatty Acyls,0.404097964863027,log2fc,0.000177883200672,0.0005188260019601,benjamini_hochberg,within_each_platform_da_table_as_released_by_motrpac_v1.3_dream_acute,provided,higher_in_numerator,MoTrPAC_human_precovid_sed_adu,motrpac_human_plasma_endur_post,motrpac_human_precovid_endur_post_3.5_4hr_vs_pre,metab-u-hilicpos,
FA 16:3_isomer2 [metab-u-lrpneg] [refmet: FA 16:3_isomer2],FA 16:3_isomer2,unclassified_no_refmet_match,0.297399150255924,log2fc,7.82921198055546e-05,0.000544029858136,benjamini_hochberg,within_each_platform_da_table_as_released_by_motrpac_v1.3_dream_acute,provided,higher_in_numerator,MoTrPAC_human_precovid_sed_adu,motrpac_human_plasma_endur_post,motrpac_human_precovid_endur_post_3.5_4hr_vs_pre,metab-u-lrpneg,
Phenylalanine [metab-u-hilicpos] [refmet: Phenylalanine],Phenylalanine,Organic acids,0.0595592509127698,log2fc,0.0001997804452139,0.0005778773208668,benjamini_hochberg,within_each_platform_da_table_as_released_by_motrpac_v1.3_dream_acute,provided,higher_in_numerator,MoTrPAC_human_precovid_sed_adu,motrpac_human_plasma_endur_post,motrpac_human_precovid_endur_post_3.5_4hr_vs_pre,metab-u-hilicpos,
Cholesterol (-H2O) [metab-u-rppos] [refmet: Cholesterol (-H2O)],Cholesterol (-H2O),unclassified_no_refmet_match,0.25737320533403,log2fc,0.0001406572636667,0.0006009901265762,benjamini_hochberg,within_each_platform_da_table_as_released_by_motrpac_v1.3_dream_acute,provided,higher_in_numerator,MoTrPAC_human_precovid_sed_adu,motrpac_human_plasma_endur_post,motrpac_human_precovid_endur_post_3.5_4hr_vs_pre,metab-u-rppos,
PC(39:4)_isomer1 [metab-u-lrppos] [refmet: PC(39:4)_isomer1],PC(39:4)_isomer1,unclassified_no_refmet_match,0.120649582747578,log2fc,0.0001680801832849,0.0006387046964826,benjamini_hochberg,within_each_platform_da_table_as_released_by_motrpac_v1.3_dream_acute,provided,higher_in_numerator,MoTrPAC_human_precovid_sed_adu,motrpac_human_plasma_endur_post,motrpac_human_precovid_endur_post_3.5_4hr_vs_pre,metab-u-lrppos,
PC(38:4)_isomer3 [metab-u-lrppos] [refmet: PC(38:4)_isomer3],PC(38:4)_isomer3,unclassified_no_refmet_match,0.128260364060932,log2fc,0.000189832015127,0.0007170161053292,benjamini_hochberg,within_each_platform_da_table_as_released_by_motrpac_v1.3_dream_acute,provided,higher_in_numerator,MoTrPAC_human_precovid_sed_adu,motrpac_human_plasma_endur_post,motrpac_human_precovid_endur_post_3.5_4hr_vs_pre,metab-u-lrppos,
FA 20:4;O [metab-u-lrpneg] [refmet: FA 20:4;O],FA 20:4;O,Fatty Acyls,0.434834584182838,log2fc,0.0001095560831884,0.0007386621351364,benjamini_hochberg,within_each_platform_da_table_as_released_by_motrpac_v1.3_dream_acute,provided,higher_in_numerator,MoTrPAC_human_precovid_sed_adu,motrpac_human_plasma_endur_post,motrpac_human_precovid_endur_post_3.5_4hr_vs_pre,metab-u-lrpneg,
FA 28:5 [metab-u-lrpneg] [refmet: FA 28:5],FA 28:5,unclassified_no_refmet_match,0.431682578610914,log2fc,0.0001117533119579,0.0007386621351364,benjamini_hochberg,within_each_platform_da_table_as_released_by_motrpac_v1.3_dream_acute,provided,higher_in_numerator,MoTrPAC_human_precovid_sed_adu,motrpac_human_plasma_endur_post,motrpac_human_precovid_endur_post_3.5_4hr_vs_pre,metab-u-lrpneg,
PC(40:4)_isomer3 [metab-u-lrppos] [refmet: PC(40:4)_isomer3],PC(40:4)_isomer3,unclassified_no_refmet_match,0.107235723262203,log2fc,0.0001984888694036,0.0007452246773417,benjamini_hochberg,within_each_platform_da_table_as_released_by_motrpac_v1.3_dream_acute,provided,higher_in_numerator,MoTrPAC_human_precovid_sed_adu,motrpac_human_plasma_endur_post,motrpac_human_precovid_endur_post_3.5_4hr_vs_pre,metab-u-lrppos,
DG(36:4) [metab-u-lrppos] [refmet: DG(36:4)],DG(36:4),unclassified_no_refmet_match,0.168995615602579,log2fc,0.0002065079189981,0.0007707170548322,benjamini_hochberg,within_each_platform_da_table_as_released_by_motrpac_v1.3_dream_acute,provided,higher_in_numerator,MoTrPAC_human_precovid_sed_adu,motrpac_human_plasma_endur_post,motrpac_human_precovid_endur_post_3.5_4hr_vs_pre,metab-u-lrppos,
SM(d41:2)_isomer2 [metab-u-lrppos] [refmet: SM(d41:2)_isomer2],SM(d41:2)_isomer2,unclassified_no_refmet_match,0.112671167382629,log2fc,0.0002222472267941,0.0008245503621295,benjamini_hochberg,within_each_platform_da_table_as_released_by_motrpac_v1.3_dream_acute,provided,higher_in_numerator,MoTrPAC_human_precovid_sed_adu,motrpac_human_plasma_endur_post,motrpac_human_precovid_endur_post_3.5_4hr_vs_pre,metab-u-lrppos,
PC 36:3 [metab-u-hilicpos] [refmet: PC 36:3],PC 36:3,Glycerophospholipids,0.130995448519261,log2fc,0.0003059437058578,0.0008370641116022,benjamini_hochberg,within_each_platform_da_table_as_released_by_motrpac_v1.3_dream_acute,provided,higher_in_numerator,MoTrPAC_human_precovid_sed_adu,motrpac_human_plasma_endur_post,motrpac_human_precovid_endur_post_3.5_4hr_vs_pre,metab-u-hilicpos,
SM 18:1;O2/14:1 [metab-u-hilicpos] [refmet: SM 18:1;O2/14:1],SM 18:1;O2/14:1,Sphingolipids,0.0744374221223225,log2fc,0.0003061263036716,0.0008370641116022,benjamini_hochberg,within_each_platform_da_table_as_released_by_motrpac_v1.3_dream_acute,provided,higher_in_numerator,MoTrPAC_human_precovid_sed_adu,motrpac_human_plasma_endur_post,motrpac_human_precovid_endur_post_3.5_4hr_vs_pre,metab-u-hilicpos,
DG 36:3 [metab-u-hilicpos] [refmet: DG 36:3],DG 36:3,Glycerolipids,0.176208012007656,log2fc,0.0003099451791521,0.0008409365325833,benjamini_hochberg,within_each_platform_da_table_as_released_by_motrpac_v1.3_dream_acute,provided,higher_in_numerator,MoTrPAC_human_precovid_sed_adu,motrpac_human_plasma_endur_post,motrpac_human_precovid_endur_post_3.5_4hr_vs_pre,metab-u-hilicpos,
SM 18:1;O2/20:0 [metab-u-hilicpos] [refmet: SM 18:1;O2/20:0],SM 18:1;O2/20:0,Sphingolipids,0.114389571582951,log2fc,0.0003186419565209,0.0008578821906333,benjamini_hochberg,within_each_platform_da_table_as_released_by_motrpac_v1.3_dream_acute,provided,higher_in_numerator,MoTrPAC_human_precovid_sed_adu,motrpac_human_plasma_endur_post,motrpac_human_precovid_endur_post_3.5_4hr_vs_pre,metab-u-hilicpos,
Cer(d42:1)>Cer(d18:1/24:0) [metab-u-lrppos] [refmet: Cer(d42:1)>Cer(d18:1/24:0)],Cer(d42:1)>Cer(d18:1/24:0),unclassified_no_refmet_match,0.0958072721344472,log2fc,0.0002457856878477,0.0009065154487089,benjamini_hochberg,within_each_platform_da_table_as_released_by_motrpac_v1.3_dream_acute,provided,higher_in_numerator,MoTrPAC_human_precovid_sed_adu,motrpac_human_plasma_endur_post,motrpac_human_precovid_endur_post_3.5_4hr_vs_pre,metab-u-lrppos,
LPC(20:4)_rp_b [metab-u-rppos] [refmet: LPC(20:4)_rp_b],LPC(20:4)_rp_b,unclassified_no_refmet_match,0.174213153356117,log2fc,0.0002323346497637,0.000949541612078,benjamini_hochberg,within_each_platform_da_table_as_released_by_motrpac_v1.3_dream_acute,provided,higher_in_numerator,MoTrPAC_human_precovid_sed_adu,motrpac_human_plasma_endur_post,motrpac_human_precovid_endur_post_3.5_4hr_vs_pre,metab-u-rppos,
SM(d35:0) [metab-u-lrppos] [refmet: SM(d35:0)],SM(d35:0),unclassified_no_refmet_match,0.102950397944333,log2fc,0.0002732609034789,0.0010019566460894,benjamini_hochberg,within_each_platform_da_table_as_released_by_motrpac_v1.3_dream_acute,provided,higher_in_numerator,MoTrPAC_human_precovid_sed_adu,motrpac_human_plasma_endur_post,motrpac_human_precovid_endur_post_3.5_4hr_vs_pre,metab-u-lrppos,
Eicosatetraenoic acid [metab-u-rpneg] [refmet: Eicosatetraenoic acid],Eicosatetraenoic acid,Fatty Acyls,0.470301610022492,log2fc,0.0004324806273108,0.0010258842787374,benjamini_hochberg,within_each_platform_da_table_as_released_by_motrpac_v1.3_dream_acute,provided,higher_in_numerator,MoTrPAC_human_precovid_sed_adu,motrpac_human_plasma_endur_post,motrpac_human_precovid_endur_post_3.5_4hr_vs_pre,metab-u-rpneg,
DG 36:4 [metab-u-hilicpos] [refmet: DG 36:4],DG 36:4,Glycerolipids,0.188738228404176,log2fc,0.0003969086653874,0.0010604429991268,benjamini_hochberg,within_each_platform_da_table_as_released_by_motrpac_v1.3_dream_acute,provided,higher_in_numerator,MoTrPAC_human_precovid_sed_adu,motrpac_human_plasma_endur_post,motrpac_human_precovid_endur_post_3.5_4hr_vs_pre,metab-u-hilicpos,
SM 18:1;O2/14:0 [metab-u-hilicpos] [refmet: SM 18:1;O2/14:0],SM 18:1;O2/14:0,Sphingolipids,0.0725551571078817,log2fc,0.0004161226764097,0.0011033555813893,benjamini_hochberg,within_each_platform_da_table_as_released_by_motrpac_v1.3_dream_acute,provided,higher_in_numerator,MoTrPAC_human_precovid_sed_adu,motrpac_human_plasma_endur_post,motrpac_human_precovid_endur_post_3.5_4hr_vs_pre,metab-u-hilicpos,
PC(38:5)>PC(18:1_20:4) [metab-u-lrpneg] [refmet: PC(38:5)>PC(18:1_20:4)],PC(38:5)>PC(18:1_20:4),unclassified_no_refmet_match,0.0930108817556601,log2fc,0.0001752270826297,0.0011306318903011,benjamini_hochberg,within_each_platform_da_table_as_released_by_motrpac_v1.3_dream_acute,provided,higher_in_numerator,MoTrPAC_human_precovid_sed_adu,motrpac_human_plasma_endur_post,motrpac_human_precovid_endur_post_3.5_4hr_vs_pre,metab-u-lrpneg,
SM(d36:1) [metab-u-rppos] [refmet: SM(d36:1)],SM(d36:1),unclassified_no_refmet_match,0.197301531478178,log2fc,0.0002917361082472,0.0011426330906349,benjamini_hochberg,within_each_platform_da_table_as_released_by_motrpac_v1.3_dream_acute,provided,higher_in_numerator,MoTrPAC_human_precovid_sed_adu,motrpac_human_plasma_endur_post,motrpac_human_precovid_endur_post_3.5_4hr_vs_pre,metab-u-rppos,
PC(34:3)_isomer1 [metab-u-lrppos] [refmet: PC(34:3)_isomer1],PC(34:3)_isomer1,unclassified_no_refmet_match,0.170254079473374,log2fc,0.00033564449008,0.0012094775590816,benjamini_hochberg,within_each_platform_da_table_as_released_by_motrpac_v1.3_dream_acute,provided,higher_in_numerator,MoTrPAC_human_precovid_sed_adu,motrpac_human_plasma_endur_post,motrpac_human_precovid_endur_post_3.5_4hr_vs_pre,metab-u-lrppos,
Pantothenic acid [metab-u-hilicpos] [refmet: Pantothenic acid],Pantothenic acid,Organic acids,0.218259963030267,log2fc,0.0004954793926861,0.0012941625928368,benjamini_hochberg,within_each_platform_da_table_as_released_by_motrpac_v1.3_dream_acute,provided,higher_in_numerator,MoTrPAC_human_precovid_sed_adu,motrpac_human_plasma_endur_post,motrpac_human_precovid_endur_post_3.5_4hr_vs_pre,metab-u-hilicpos,
PC(O-38:3)_isomer2 [metab-u-lrppos] [refmet: PC(O-38:3)_isomer2],PC(O-38:3)_isomer2,unclassified_no_refmet_match,0.137847075136271,log2fc,0.0003625532310677,0.0012989764335969,benjamini_hochberg,within_each_platform_da_table_as_released_by_motrpac_v1.3_dream_acute,provided,higher_in_numerator,MoTrPAC_human_precovid_sed_adu,motrpac_human_plasma_endur_post,motrpac_human_precovid_endur_post_3.5_4hr_vs_pre,metab-u-lrppos,
Docosapentaenoic acid [metab-u-rpneg] [refmet: Docosapentaenoic acid],Docosapentaenoic acid,Fatty Acyls,0.396138520279244,log2fc,0.0005828227500028,0.0013210649000063,benjamini_hochberg,within_each_platform_da_table_as_released_by_motrpac_v1.3_dream_acute,provided,higher_in_numerator,MoTrPAC_human_precovid_sed_adu,motrpac_human_plasma_endur_post,motrpac_human_precovid_endur_post_3.5_4hr_vs_pre,metab-u-rpneg,
DG(40:7)>DG(18:1_22:6_0:0) [metab-u-lrppos] [refmet: DG(40:7)>DG(18:1_22:6_0:0)],DG(40:7)>DG(18:1_22:6_0:0),unclassified_no_refmet_match,0.182293930724747,log2fc,0.0004693044434228,0.0016358006402534,benjamini_hochberg,within_each_platform_da_table_as_released_by_motrpac_v1.3_dream_acute,provided,higher_in_numerator,MoTrPAC_human_precovid_sed_adu,motrpac_human_plasma_endur_post,motrpac_human_precovid_endur_post_3.5_4hr_vs_pre,metab-u-lrppos,
SM 18:1;O2/21:0 [metab-u-hilicpos] [refmet: SM 18:1;O2/21:0],SM 18:1;O2/21:0,Sphingolipids,0.111089403260589,log2fc,0.00066591693326,0.0017012476397155,benjamini_hochberg,within_each_platform_da_table_as_released_by_motrpac_v1.3_dream_acute,provided,higher_in_numerator,MoTrPAC_human_precovid_sed_adu,motrpac_human_plasma_endur_post,motrpac_human_precovid_endur_post_3.5_4hr_vs_pre,metab-u-hilicpos,
SM(d36:1)_isomer2 [metab-u-lrppos] [refmet: SM(d36:1)_isomer2],SM(d36:1)_isomer2,unclassified_no_refmet_match,0.100727708988376,log2fc,0.0005001053724096,0.0017324092182368,benjamini_hochberg,within_each_platform_da_table_as_released_by_motrpac_v1.3_dream_acute,provided,higher_in_numerator,MoTrPAC_human_precovid_sed_adu,motrpac_human_plasma_endur_post,motrpac_human_precovid_endur_post_3.5_4hr_vs_pre,metab-u-lrppos,
1-Methylguanosine [metab-u-hilicpos] [refmet: 1-Methylguanosine],1-Methylguanosine,Nucleic acids,0.108437461585599,log2fc,0.0006954713820284,0.0017638766935503,benjamini_hochberg,within_each_platform_da_table_as_released_by_motrpac_v1.3_dream_acute,provided,higher_in_numerator,MoTrPAC_human_precovid_sed_adu,motrpac_human_plasma_endur_post,motrpac_human_precovid_endur_post_3.5_4hr_vs_pre,metab-u-hilicpos,
SM(d41:2)_isomer1 [metab-u-lrppos] [refmet: SM(d41:2)_isomer1],SM(d41:2)_isomer1,unclassified_no_refmet_match,0.102763925208112,log2fc,0.0005151025720949,0.0017745566632062,benjamini_hochberg,within_each_platform_da_table_as_released_by_motrpac_v1.3_dream_acute,provided,higher_in_numerator,MoTrPAC_human_precovid_sed_adu,motrpac_human_plasma_endur_post,motrpac_human_precovid_endur_post_3.5_4hr_vs_pre,metab-u-lrppos,
PE 40:6 [metab-u-hilicpos] [refmet: PE 40:6],PE 40:6,Glycerophospholipids,0.110584236294248,log2fc,0.0007683743036186,0.0019209357590465,benjamini_hochberg,within_each_platform_da_table_as_released_by_motrpac_v1.3_dream_acute,provided,higher_in_numerator,MoTrPAC_human_precovid_sed_adu,motrpac_human_plasma_endur_post,motrpac_human_precovid_endur_post_3.5_4hr_vs_pre,metab-u-hilicpos,
SM(d42:0) [metab-u-lrppos] [refmet: SM(d42:0)],SM(d42:0),unclassified_no_refmet_match,0.14772862638377,log2fc,0.0005654387203644,0.0019373228287897,benjamini_hochberg,within_each_platform_da_table_as_released_by_motrpac_v1.3_dream_acute,provided,higher_in_numerator,MoTrPAC_human_precovid_sed_adu,motrpac_human_plasma_endur_post,motrpac_human_precovid_endur_post_3.5_4hr_vs_pre,metab-u-lrppos,
PC(O-40:1) [metab-u-lrppos] [refmet: PC(O-40:1)],PC(O-40:1),unclassified_no_refmet_match,0.165018196206805,log2fc,0.0005992361780615,0.0020309247764571,benjamini_hochberg,within_each_platform_da_table_as_released_by_motrpac_v1.3_dream_acute,provided,higher_in_numerator,MoTrPAC_human_precovid_sed_adu,motrpac_human_plasma_endur_post,motrpac_human_precovid_endur_post_3.5_4hr_vs_pre,metab-u-lrppos,
SM 18:1;O2/16:0 [metab-u-hilicpos] [refmet: SM 18:1;O2/16:0],SM 18:1;O2/16:0,Sphingolipids,0.0761327607334188,log2fc,0.0008465511399097,0.0020719783144643,benjamini_hochberg,within_each_platform_da_table_as_released_by_motrpac_v1.3_dream_acute,provided,higher_in_numerator,MoTrPAC_human_precovid_sed_adu,motrpac_human_plasma_endur_post,motrpac_human_precovid_endur_post_3.5_4hr_vs_pre,metab-u-hilicpos,
FA 16:1_isomer2 [metab-u-lrpneg] [refmet: FA 16:1_isomer2],FA 16:1_isomer2,unclassified_no_refmet_match,0.549986823575768,log2fc,0.0003532769393998,0.0021275122350525,benjamini_hochberg,within_each_platform_da_table_as_released_by_motrpac_v1.3_dream_acute,provided,higher_in_numerator,MoTrPAC_human_precovid_sed_adu,motrpac_human_plasma_endur_post,motrpac_human_precovid_endur_post_3.5_4hr_vs_pre,metab-u-lrpneg,
FA 18:2;O2 [metab-u-lrpneg] [refmet: FA 18:2;O2],FA 18:2;O2,Fatty Acyls,0.199292241000041,log2fc,0.0003530275608957,0.0021275122350525,benjamini_hochberg,within_each_platform_da_table_as_released_by_motrpac_v1.3_dream_acute,provided,higher_in_numerator,MoTrPAC_human_precovid_sed_adu,motrpac_human_plasma_endur_post,motrpac_human_precovid_endur_post_3.5_4hr_vs_pre,metab-u-lrpneg,
SM(d36:0) [metab-u-lrpneg] [refmet: SM(d36:0)],SM(d36:0),unclassified_no_refmet_match,0.114864579185422,log2fc,0.0003469912811504,0.0021275122350525,benjamini_hochberg,within_each_platform_da_table_as_released_by_motrpac_v1.3_dream_acute,provided,higher_in_numerator,MoTrPAC_human_precovid_sed_adu,motrpac_human_plasma_endur_post,motrpac_human_precovid_endur_post_3.5_4hr_vs_pre,metab-u-lrpneg,
PC(O-32:1) [metab-u-lrppos] [refmet: PC(O-32:1)],PC(O-32:1),unclassified_no_refmet_match,0.0848141351249581,log2fc,0.0006361830911394,0.0021445526781957,benjamini_hochberg,within_each_platform_da_table_as_released_by_motrpac_v1.3_dream_acute,provided,higher_in_numerator,MoTrPAC_human_precovid_sed_adu,motrpac_human_plasma_endur_post,motrpac_human_precovid_endur_post_3.5_4hr_vs_pre,metab-u-lrppos,
PC(39:4)_isomer2 [metab-u-lrppos] [refmet: PC(39:4)_isomer2],PC(39:4)_isomer2,unclassified_no_refmet_match,0.0815011403492818,log2fc,0.0006459128238495,0.0021657077034955,benjamini_hochberg,within_each_platform_da_table_as_released_by_motrpac_v1.3_dream_acute,provided,higher_in_numerator,MoTrPAC_human_precovid_sed_adu,motrpac_human_plasma_endur_post,motrpac_human_precovid_endur_post_3.5_4hr_vs_pre,metab-u-lrppos,
Cer 18:1;O2/16:1 [metab-u-hilicpos] [refmet: Cer 18:1;O2/16:1],Cer 18:1;O2/16:1,Sphingolipids,0.360910766956394,log2fc,0.0009306501881835,0.0022619969851683,benjamini_hochberg,within_each_platform_da_table_as_released_by_motrpac_v1.3_dream_acute,provided,higher_in_numerator,MoTrPAC_human_precovid_sed_adu,motrpac_human_plasma_endur_post,motrpac_human_precovid_endur_post_3.5_4hr_vs_pre,metab-u-hilicpos,
PC(36:3)_isomer2 [metab-u-lrppos] [refmet: PC(36:3)_isomer2],PC(36:3)_isomer2,unclassified_no_refmet_match,0.134491081865558,log2fc,0.0006962666959828,0.0023221235020278,benjamini_hochberg,within_each_platform_da_table_as_released_by_motrpac_v1.3_dream_acute,provided,higher_in_numerator,MoTrPAC_human_precovid_sed_adu,motrpac_human_plasma_endur_post,motrpac_human_precovid_endur_post_3.5_4hr_vs_pre,metab-u-lrppos,
PI(34:2) [metab-u-lrppos] [refmet: PI(34:2)],PI(34:2),unclassified_no_refmet_match,0.09060783674148,log2fc,0.0007212279131579,0.0023926449817462,benjamini_hochberg,within_each_platform_da_table_as_released_by_motrpac_v1.3_dream_acute,provided,higher_in_numerator,MoTrPAC_human_precovid_sed_adu,motrpac_human_plasma_endur_post,motrpac_human_precovid_endur_post_3.5_4hr_vs_pre,metab-u-lrppos,
PC(34:1) [metab-u-lrppos] [refmet: PC(34:1)],PC(34:1),unclassified_no_refmet_match,0.120042331012833,log2fc,0.0007325346864655,0.0024173644653364,benjamini_hochberg,within_each_platform_da_table_as_released_by_motrpac_v1.3_dream_acute,provided,higher_in_numerator,MoTrPAC_human_precovid_sed_adu,motrpac_human_plasma_endur_post,motrpac_human_precovid_endur_post_3.5_4hr_vs_pre,metab-u-lrppos,
CAR(2:0) [metab-u-rppos] [refmet: CAR(2:0)],CAR(2:0),unclassified_no_refmet_match,0.583257105119575,log2fc,0.0006431695131201,0.0024183173693319,benjamini_hochberg,within_each_platform_da_table_as_released_by_motrpac_v1.3_dream_acute,provided,higher_in_numerator,MoTrPAC_human_precovid_sed_adu,motrpac_human_plasma_endur_post,motrpac_human_precovid_endur_post_3.5_4hr_vs_pre,metab-u-rppos,
Glutamine [metab-t-amines] [refmet: Glutamine],Glutamine,Organic acids,0.0657525110698103,log2fc,0.001317722243234,0.0024377861499829,benjamini_hochberg,within_each_platform_da_table_as_released_by_motrpac_v1.3_dream_acute,provided,higher_in_numerator,MoTrPAC_human_precovid_sed_adu,motrpac_human_plasma_endur_post,motrpac_human_precovid_endur_post_3.5_4hr_vs_pre,metab-t-amines,
FA 14:2;O [metab-u-lrpneg] [refmet: FA 14:2;O],FA 14:2;O,Fatty Acyls,0.245861367467963,log2fc,0.0004199160838031,0.0024738534502316,benjamini_hochberg,within_each_platform_da_table_as_released_by_motrpac_v1.3_dream_acute,provided,higher_in_numerator,MoTrPAC_human_precovid_sed_adu,motrpac_human_plasma_endur_post,motrpac_human_precovid_endur_post_3.5_4hr_vs_pre,metab-u-lrpneg,
Car(20:2) [metab-u-lrppos] [refmet: Car(20:2)],Car(20:2),unclassified_no_refmet_match,0.185913095063242,log2fc,0.0007601076139245,0.0024952223766004,benjamini_hochberg,within_each_platform_da_table_as_released_by_motrpac_v1.3_dream_acute,provided,higher_in_numerator,MoTrPAC_human_precovid_sed_adu,motrpac_human_plasma_endur_post,motrpac_human_precovid_endur_post_3.5_4hr_vs_pre,metab-u-lrppos,
CAR 10:0 [metab-u-hilicpos] [refmet: CAR 10:0],CAR 10:0,Fatty Acyls,0.322671013339377,log2fc,0.0010419398588991,0.0025150272456186,benjamini_hochberg,within_each_platform_da_table_as_released_by_motrpac_v1.3_dream_acute,provided,higher_in_numerator,MoTrPAC_human_precovid_sed_adu,motrpac_human_plasma_endur_post,motrpac_human_precovid_endur_post_3.5_4hr_vs_pre,metab-u-hilicpos,
TG(56:6)>TG(18:1_18:1_20:4)_and_TG(16:0_18:1_22:5)_isomer2 [metab-u-lrppos] [refmet: TG(56:6)>TG(18:1_18:1_20:4)_and_TG(16:0_18:1_22:5)_isomer2],TG(56:6)>TG(18:1_18:1_20:4)_and_TG(16:0_18:1_22:5)_isomer2,unclassified_no_refmet_match,0.139108355414052,log2fc,0.0007915585523485,0.0025849333975131,benjamini_hochberg,within_each_platform_da_table_as_released_by_motrpac_v1.3_dream_acute,provided,higher_in_numerator,MoTrPAC_human_precovid_sed_adu,motrpac_human_plasma_endur_post,motrpac_human_precovid_endur_post_3.5_4hr_vs_pre,metab-u-lrppos,
SM(d37:1)_isomer1 [metab-u-lrppos] [refmet: SM(d37:1)_isomer1],SM(d37:1)_isomer1,unclassified_no_refmet_match,0.0847088311178297,log2fc,0.0008678385356248,0.0028048183599832,benjamini_hochberg,within_each_platform_da_table_as_released_by_motrpac_v1.3_dream_acute,provided,higher_in_numerator,MoTrPAC_human_precovid_sed_adu,motrpac_human_plasma_endur_post,motrpac_human_precovid_endur_post_3.5_4hr_vs_pre,metab-u-lrppos,
SM(d31:1) [metab-u-lrppos] [refmet: SM(d31:1)],SM(d31:1),unclassified_no_refmet_match,0.0712051209295552,log2fc,0.0008637518975167,0.0028048183599832,benjamini_hochberg,within_each_platform_da_table_as_released_by_motrpac_v1.3_dream_acute,provided,higher_in_numerator,MoTrPAC_human_precovid_sed_adu,motrpac_human_plasma_endur_post,motrpac_human_precovid_endur_post_3.5_4hr_vs_pre,metab-u-lrppos,
Uric acid [metab-u-hilicpos] [refmet: Uric acid],Uric acid,Nucleic acids,0.0885233277912114,log2fc,0.0011758416254746,0.0028187984172338,benjamini_hochberg,within_each_platform_da_table_as_released_by_motrpac_v1.3_dream_acute,provided,higher_in_numerator,MoTrPAC_human_precovid_sed_adu,motrpac_human_plasma_endur_post,motrpac_human_precovid_endur_post_3.5_4hr_vs_pre,metab-u-hilicpos,
FA 21:5 [metab-u-lrpneg] [refmet: FA 21:5],FA 21:5,unclassified_no_refmet_match,0.363172877490879,log2fc,0.0004915038882963,0.0028339905048574,benjamini_hochberg,within_each_platform_da_table_as_released_by_motrpac_v1.3_dream_acute,provided,higher_in_numerator,MoTrPAC_human_precovid_sed_adu,motrpac_human_plasma_endur_post,motrpac_human_precovid_endur_post_3.5_4hr_vs_pre,metab-u-lrpneg,
Isocitrate [metab-t-tca] [refmet: Isocitrate],Isocitrate,unclassified_no_refmet_match,0.10659277944394,log2fc,0.0005628807056165,0.003095843880891,benjamini_hochberg,within_each_platform_da_table_as_released_by_motrpac_v1.3_dream_acute,provided,higher_in_numerator,MoTrPAC_human_precovid_sed_adu,motrpac_human_plasma_endur_post,motrpac_human_precovid_endur_post_3.5_4hr_vs_pre,metab-t-tca,
CAR(14:0) [metab-u-rppos] [refmet: CAR(14:0)],CAR(14:0),unclassified_no_refmet_match,0.255706755354581,log2fc,0.0009365894829814,0.0032607189407502,benjamini_hochberg,within_each_platform_da_table_as_released_by_motrpac_v1.3_dream_acute,provided,higher_in_numerator,MoTrPAC_human_precovid_sed_adu,motrpac_human_plasma_endur_post,motrpac_human_precovid_endur_post_3.5_4hr_vs_pre,metab-u-rppos,
SM(d43:2)_isomer1 [metab-u-lrppos] [refmet: SM(d43:2)_isomer1],SM(d43:2)_isomer1,unclassified_no_refmet_match,0.127588148945087,log2fc,0.0010215876773644,0.0032847973010642,benjamini_hochberg,within_each_platform_da_table_as_released_by_motrpac_v1.3_dream_acute,provided,higher_in_numerator,MoTrPAC_human_precovid_sed_adu,motrpac_human_plasma_endur_post,motrpac_human_precovid_endur_post_3.5_4hr_vs_pre,metab-u-lrppos,
FA(18:3) [metab-u-lrpneg] [refmet: FA(18:3)],FA(18:3),unclassified_no_refmet_match,0.291551172756257,log2fc,0.0005943836969429,0.0033557912889904,benjamini_hochberg,within_each_platform_da_table_as_released_by_motrpac_v1.3_dream_acute,provided,higher_in_numerator,MoTrPAC_human_precovid_sed_adu,motrpac_human_plasma_endur_post,motrpac_human_precovid_endur_post_3.5_4hr_vs_pre,metab-u-lrpneg,
SM(d44:3) [metab-u-lrppos] [refmet: SM(d44:3)],SM(d44:3),unclassified_no_refmet_match,0.0632649575663748,log2fc,0.0010841060462042,0.0034680331171943,benjamini_hochberg,within_each_platform_da_table_as_released_by_motrpac_v1.3_dream_acute,provided,higher_in_numerator,MoTrPAC_human_precovid_sed_adu,motrpac_human_plasma_endur_post,motrpac_human_precovid_endur_post_3.5_4hr_vs_pre,metab-u-lrppos,
FA 20:2 [metab-u-lrpneg] [refmet: FA 20:2],FA 20:2,unclassified_no_refmet_match,0.38437679956327,log2fc,0.0006628730869438,0.0036660940114651,benjamini_hochberg,within_each_platform_da_table_as_released_by_motrpac_v1.3_dream_acute,provided,higher_in_numerator,MoTrPAC_human_precovid_sed_adu,motrpac_human_plasma_endur_post,motrpac_human_precovid_endur_post_3.5_4hr_vs_pre,metab-u-lrpneg,
SM(d40:1)_isomer2 [metab-u-lrppos] [refmet: SM(d40:1)_isomer2],SM(d40:1)_isomer2,unclassified_no_refmet_match,0.102940589196795,log2fc,0.001167780006403,0.0037167414416989,benjamini_hochberg,within_each_platform_da_table_as_released_by_motrpac_v1.3_dream_acute,provided,higher_in_numerator,MoTrPAC_human_precovid_sed_adu,motrpac_human_plasma_endur_post,motrpac_human_precovid_endur_post_3.5_4hr_vs_pre,metab-u-lrppos,
PI(38:6) [metab-u-lrppos] [refmet: PI(38:6)],PI(38:6),unclassified_no_refmet_match,0.103824497931555,log2fc,0.0011869665313503,0.003758727349276,benjamini_hochberg,within_each_platform_da_table_as_released_by_motrpac_v1.3_dream_acute,provided,higher_in_numerator,MoTrPAC_human_precovid_sed_adu,motrpac_human_plasma_endur_post,motrpac_human_precovid_endur_post_3.5_4hr_vs_pre,metab-u-lrppos,
Cer(d43:2) [metab-u-lrppos] [refmet: Cer(d43:2)],Cer(d43:2),unclassified_no_refmet_match,0.300465467858341,log2fc,0.0012271109744954,0.0038663245276816,benjamini_hochberg,within_each_platform_da_table_as_released_by_motrpac_v1.3_dream_acute,provided,higher_in_numerator,MoTrPAC_human_precovid_sed_adu,motrpac_human_plasma_endur_post,motrpac_human_precovid_endur_post_3.5_4hr_vs_pre,metab-u-lrppos,
SM(d42:2)_isomer3 [metab-u-lrppos] [refmet: SM(d42:2)_isomer3],SM(d42:2)_isomer3,unclassified_no_refmet_match,0.0963966874260009,log2fc,0.0012536419668187,0.0039106144935093,benjamini_hochberg,within_each_platform_da_table_as_released_by_motrpac_v1.3_dream_acute,provided,higher_in_numerator,MoTrPAC_human_precovid_sed_adu,motrpac_human_plasma_endur_post,motrpac_human_precovid_endur_post_3.5_4hr_vs_pre,metab-u-lrppos,
HexCer(d40:1)>HexCer(d18:1_22:0) [metab-u-lrppos] [refmet: HexCer(d40:1)>HexCer(d18:1_22:0)],HexCer(d40:1)>HexCer(d18:1_22:0),unclassified_no_refmet_match,0.0793229622789724,log2fc,0.0012843628233268,0.0039866113377522,benjamini_hochberg,within_each_platform_da_table_as_released_by_motrpac_v1.3_dream_acute,provided,higher_in_numerator,MoTrPAC_human_precovid_sed_adu,motrpac_human_plasma_endur_post,motrpac_human_precovid_endur_post_3.5_4hr_vs_pre,metab-u-lrppos,
Arachidic acid [metab-u-rpneg] [refmet: Arachidic acid],Arachidic acid,Fatty Acyls,0.369711707838484,log2fc,0.0018999105285113,0.00421284508496,benjamini_hochberg,within_each_platform_da_table_as_released_by_motrpac_v1.3_dream_acute,provided,higher_in_numerator,MoTrPAC_human_precovid_sed_adu,motrpac_human_plasma_endur_post,motrpac_human_precovid_endur_post_3.5_4hr_vs_pre,metab-u-rpneg,
PC(41:6) [metab-u-lrppos] [refmet: PC(41:6)],PC(41:6),unclassified_no_refmet_match,0.110062084078738,log2fc,0.0014274004792119,0.0043657565876385,benjamini_hochberg,within_each_platform_da_table_as_released_by_motrpac_v1.3_dream_acute,provided,higher_in_numerator,MoTrPAC_human_precovid_sed_adu,motrpac_human_plasma_endur_post,motrpac_human_precovid_endur_post_3.5_4hr_vs_pre,metab-u-lrppos,
SM 18:1;O2/21:2 [metab-u-hilicpos] [refmet: SM 18:1;O2/21:2],SM 18:1;O2/21:2,Sphingolipids,0.235830115631737,log2fc,0.0018759667244428,0.0044066332453356,benjamini_hochberg,within_each_platform_da_table_as_released_by_motrpac_v1.3_dream_acute,provided,higher_in_numerator,MoTrPAC_human_precovid_sed_adu,motrpac_human_plasma_endur_post,motrpac_human_precovid_endur_post_3.5_4hr_vs_pre,metab-u-hilicpos,
PC(O-40:4)_isomer3 [metab-u-lrppos] [refmet: PC(O-40:4)_isomer3],PC(O-40:4)_isomer3,unclassified_no_refmet_match,0.0729200449612932,log2fc,0.0015388337145391,0.0046837317427962,benjamini_hochberg,within_each_platform_da_table_as_released_by_motrpac_v1.3_dream_acute,provided,higher_in_numerator,MoTrPAC_human_precovid_sed_adu,motrpac_human_plasma_endur_post,motrpac_human_precovid_endur_post_3.5_4hr_vs_pre,metab-u-lrppos,
2-Hydroxyglutarate [metab-t-tca] [refmet: 2-Hydroxyglutarate],2-Hydroxyglutarate,unclassified_no_refmet_match,0.0555588051172226,log2fc,0.0022035071577444,0.0048477157470377,benjamini_hochberg,within_each_platform_da_table_as_released_by_motrpac_v1.3_dream_acute,provided,higher_in_numerator,MoTrPAC_human_precovid_sed_adu,motrpac_human_plasma_endur_post,motrpac_human_precovid_endur_post_3.5_4hr_vs_pre,metab-t-tca,
Glutamine [metab-u-rpneg] [refmet: Glutamine],Glutamine,Organic acids,0.115301679817669,log2fc,0.0024117349064027,0.0049199392090615,benjamini_hochberg,within_each_platform_da_table_as_released_by_motrpac_v1.3_dream_acute,provided,higher_in_numerator,MoTrPAC_human_precovid_sed_adu,motrpac_human_plasma_endur_post,motrpac_human_precovid_endur_post_3.5_4hr_vs_pre,metab-u-rpneg,
SM(d40:2)_isomer1 [metab-u-lrppos] [refmet: SM(d40:2)_isomer1],SM(d40:2)_isomer1,unclassified_no_refmet_match,0.0886931079431648,log2fc,0.0016366143976444,0.0049572812914158,benjamini_hochberg,within_each_platform_da_table_as_released_by_motrpac_v1.3_dream_acute,provided,higher_in_numerator,MoTrPAC_human_precovid_sed_adu,motrpac_human_plasma_endur_post,motrpac_human_precovid_endur_post_3.5_4hr_vs_pre,metab-u-lrppos,
PC 33:0 [metab-u-hilicpos] [refmet: PC 33:0],PC 33:0,Glycerophospholipids,0.0893822171569241,log2fc,0.0022788536514663,0.0052473603816658,benjamini_hochberg,within_each_platform_da_table_as_released_by_motrpac_v1.3_dream_acute,provided,higher_in_numerator,MoTrPAC_human_precovid_sed_adu,motrpac_human_plasma_endur_post,motrpac_human_precovid_endur_post_3.5_4hr_vs_pre,metab-u-hilicpos,
SM(d39:1)_isomer1 [metab-u-lrppos] [refmet: SM(d39:1)_isomer1],SM(d39:1)_isomer1,unclassified_no_refmet_match,0.0844929615335275,log2fc,0.0018307441022521,0.0055186372697697,benjamini_hochberg,within_each_platform_da_table_as_released_by_motrpac_v1.3_dream_acute,provided,higher_in_numerator,MoTrPAC_human_precovid_sed_adu,motrpac_human_plasma_endur_post,motrpac_human_precovid_endur_post_3.5_4hr_vs_pre,metab-u-lrppos,
LPC 22:6 [metab-u-hilicpos] [refmet: LPC 22:6],LPC 22:6,Glycerophospholipids,0.121533116170774,log2fc,0.0024557116376039,0.0056176410010548,benjamini_hochberg,within_each_platform_da_table_as_released_by_motrpac_v1.3_dream_acute,provided,higher_in_numerator,MoTrPAC_human_precovid_sed_adu,motrpac_human_plasma_endur_post,motrpac_human_precovid_endur_post_3.5_4hr_vs_pre,metab-u-hilicpos,
DG 34:3 [metab-u-hilicpos] [refmet: DG 34:3],DG 34:3,Glycerolipids,0.274680389580315,log2fc,0.0024916355920086,0.0056628081636559,benjamini_hochberg,within_each_platform_da_table_as_released_by_motrpac_v1.3_dream_acute,provided,higher_in_numerator,MoTrPAC_human_precovid_sed_adu,motrpac_human_plasma_endur_post,motrpac_human_precovid_endur_post_3.5_4hr_vs_pre,metab-u-hilicpos,
Acisoga [metab-u-hilicpos] [refmet: Acisoga],Acisoga,Alkaloids,0.0907641599203792,log2fc,0.002567859714203,0.0057983929030391,benjamini_hochberg,within_each_platform_da_table_as_released_by_motrpac_v1.3_dream_acute,provided,higher_in_numerator,MoTrPAC_human_precovid_sed_adu,motrpac_human_plasma_endur_post,motrpac_human_precovid_endur_post_3.5_4hr_vs_pre,metab-u-hilicpos,
Acetylphosphate [metab-u-ionpneg] [refmet: Acetylphosphate],Acetylphosphate,Organic acids,0.69618209897344,log2fc,0.0017145722853998,0.0058104949671885,benjamini_hochberg,within_each_platform_da_table_as_released_by_motrpac_v1.3_dream_acute,provided,higher_in_numerator,MoTrPAC_human_precovid_sed_adu,motrpac_human_plasma_endur_post,motrpac_human_precovid_endur_post_3.5_4hr_vs_pre,metab-u-ionpneg,
Car(20:3) [metab-u-lrppos] [refmet: Car(20:3)],Car(20:3),unclassified_no_refmet_match,0.118421583621835,log2fc,0.0019654224500045,0.0058962673500137,benjamini_hochberg,within_each_platform_da_table_as_released_by_motrpac_v1.3_dream_acute,provided,higher_in_numerator,MoTrPAC_human_precovid_sed_adu,motrpac_human_plasma_endur_post,motrpac_human_precovid_endur_post_3.5_4hr_vs_pre,metab-u-lrppos,
Car(10:0) [metab-u-lrppos] [refmet: Car(10:0)],Car(10:0),unclassified_no_refmet_match,0.283407412654569,log2fc,0.0019928641514428,0.0059501229664509,benjamini_hochberg,within_each_platform_da_table_as_released_by_motrpac_v1.3_dream_acute,provided,higher_in_numerator,MoTrPAC_human_precovid_sed_adu,motrpac_human_plasma_endur_post,motrpac_human_precovid_endur_post_3.5_4hr_vs_pre,metab-u-lrppos,
Oxoglutaric acid [metab-u-ionpneg] [refmet: Oxoglutaric acid],Oxoglutaric acid,unclassified_no_refmet_match,0.148957732254534,log2fc,0.0019539705624626,0.0062732739110642,benjamini_hochberg,within_each_platform_da_table_as_released_by_motrpac_v1.3_dream_acute,provided,higher_in_numerator,MoTrPAC_human_precovid_sed_adu,motrpac_human_plasma_endur_post,motrpac_human_precovid_endur_post_3.5_4hr_vs_pre,metab-u-ionpneg,
PC(32:1) [metab-u-rppos] [refmet: PC(32:1)],PC(32:1),unclassified_no_refmet_match,0.258847288837707,log2fc,0.002004995838836,0.0066129687315996,benjamini_hochberg,within_each_platform_da_table_as_released_by_motrpac_v1.3_dream_acute,provided,higher_in_numerator,MoTrPAC_human_precovid_sed_adu,motrpac_human_plasma_endur_post,motrpac_human_precovid_endur_post_3.5_4hr_vs_pre,metab-u-rppos,
PC(40:6)_isomer2 [metab-u-lrppos] [refmet: PC(40:6)_isomer2],PC(40:6)_isomer2,unclassified_no_refmet_match,0.136952376038145,log2fc,0.0022853318624032,0.0067272444963701,benjamini_hochberg,within_each_platform_da_table_as_released_by_motrpac_v1.3_dream_acute,provided,higher_in_numerator,MoTrPAC_human_precovid_sed_adu,motrpac_human_plasma_endur_post,motrpac_human_precovid_endur_post_3.5_4hr_vs_pre,metab-u-lrppos,
Cer 18:1;O2/15:0 [metab-u-hilicpos] [refmet: Cer 18:1;O2/15:0],Cer 18:1;O2/15:0,Sphingolipids,0.254186980656506,log2fc,0.0033030286626629,0.0073168356451395,benjamini_hochberg,within_each_platform_da_table_as_released_by_motrpac_v1.3_dream_acute,provided,higher_in_numerator,MoTrPAC_human_precovid_sed_adu,motrpac_human_plasma_endur_post,motrpac_human_precovid_endur_post_3.5_4hr_vs_pre,metab-u-hilicpos,
SM(d35:1) [metab-u-rppos] [refmet: SM(d35:1)],SM(d35:1),unclassified_no_refmet_match,0.14584422097705,log2fc,0.0023071844687841,0.0073517064429053,benjamini_hochberg,within_each_platform_da_table_as_released_by_motrpac_v1.3_dream_acute,provided,higher_in_numerator,MoTrPAC_human_precovid_sed_adu,motrpac_human_plasma_endur_post,motrpac_human_precovid_endur_post_3.5_4hr_vs_pre,metab-u-rppos,
SM(d42:2)_isomer2 [metab-u-lrppos] [refmet: SM(d42:2)_isomer2],SM(d42:2)_isomer2,unclassified_no_refmet_match,0.0932670381300618,log2fc,0.0025830996987494,0.0075330395865855,benjamini_hochberg,within_each_platform_da_table_as_released_by_motrpac_v1.3_dream_acute,provided,higher_in_numerator,MoTrPAC_human_precovid_sed_adu,motrpac_human_plasma_endur_post,motrpac_human_precovid_endur_post_3.5_4hr_vs_pre,metab-u-lrppos,
Cer(d43:1)>Cer(d19:1/24:0) [metab-u-lrppos] [refmet: Cer(d43:1)>Cer(d19:1/24:0)],Cer(d43:1)>Cer(d19:1/24:0),unclassified_no_refmet_match,0.0684827585065051,log2fc,0.003076170758361,0.0088882906243888,benjamini_hochberg,within_each_platform_da_table_as_released_by_motrpac_v1.3_dream_acute,provided,higher_in_numerator,MoTrPAC_human_precovid_sed_adu,motrpac_human_plasma_endur_post,motrpac_human_precovid_endur_post_3.5_4hr_vs_pre,metab-u-lrppos,
SM(d40:2)_isomer2 [metab-u-lrppos] [refmet: SM(d40:2)_isomer2],SM(d40:2)_isomer2,unclassified_no_refmet_match,0.0933324496078853,log2fc,0.0031675864916782,0.0091104437168909,benjamini_hochberg,within_each_platform_da_table_as_released_by_motrpac_v1.3_dream_acute,provided,higher_in_numerator,MoTrPAC_human_precovid_sed_adu,motrpac_human_plasma_endur_post,motrpac_human_precovid_endur_post_3.5_4hr_vs_pre,metab-u-lrppos,
N-Acetylisoputreanine [metab-u-hilicpos] [refmet: N-Acetylisoputreanine],N-Acetylisoputreanine,Alkaloids,0.0802894085088788,log2fc,0.0042172958289412,0.0092253346258089,benjamini_hochberg,within_each_platform_da_table_as_released_by_motrpac_v1.3_dream_acute,provided,higher_in_numerator,MoTrPAC_human_precovid_sed_adu,motrpac_human_plasma_endur_post,motrpac_human_precovid_endur_post_3.5_4hr_vs_pre,metab-u-hilicpos,
PC(35:4) [metab-u-lrppos] [refmet: PC(35:4)],PC(35:4),unclassified_no_refmet_match,0.080957740111451,log2fc,0.0032978270613919,0.0093988071249671,benjamini_hochberg,within_each_platform_da_table_as_released_by_motrpac_v1.3_dream_acute,provided,higher_in_numerator,MoTrPAC_human_precovid_sed_adu,motrpac_human_plasma_endur_post,motrpac_human_precovid_endur_post_3.5_4hr_vs_pre,metab-u-lrppos,
Citramalic acid [metab-u-rpneg] [refmet: Citramalic acid],Citramalic acid,Organic acids,0.164649410118226,log2fc,0.0054454328319846,0.0102858175715265,benjamini_hochberg,within_each_platform_da_table_as_released_by_motrpac_v1.3_dream_acute,provided,higher_in_numerator,MoTrPAC_human_precovid_sed_adu,motrpac_human_plasma_endur_post,motrpac_human_precovid_endur_post_3.5_4hr_vs_pre,metab-u-rpneg,
Docosatetraenoic acid [metab-u-rpneg] [refmet: Docosatetraenoic acid],Docosatetraenoic acid,Fatty Acyls,0.724042259077788,log2fc,0.0055628793777073,0.0103166126641119,benjamini_hochberg,within_each_platform_da_table_as_released_by_motrpac_v1.3_dream_acute,provided,higher_in_numerator,MoTrPAC_human_precovid_sed_adu,motrpac_human_plasma_endur_post,motrpac_human_precovid_endur_post_3.5_4hr_vs_pre,metab-u-rpneg,
SM(d43:1) [metab-u-lrppos] [refmet: SM(d43:1)],SM(d43:1),unclassified_no_refmet_match,0.100911460487563,log2fc,0.0036667782608273,0.0103561710339584,benjamini_hochberg,within_each_platform_da_table_as_released_by_motrpac_v1.3_dream_acute,provided,higher_in_numerator,MoTrPAC_human_precovid_sed_adu,motrpac_human_plasma_endur_post,motrpac_human_precovid_endur_post_3.5_4hr_vs_pre,metab-u-lrppos,
CAR 8:0 [metab-u-hilicpos] [refmet: CAR 8:0],CAR 8:0,Fatty Acyls,0.258367195473397,log2fc,0.004779781834587,0.0103908300751891,benjamini_hochberg,within_each_platform_da_table_as_released_by_motrpac_v1.3_dream_acute,provided,higher_in_numerator,MoTrPAC_human_precovid_sed_adu,motrpac_human_plasma_endur_post,motrpac_human_precovid_endur_post_3.5_4hr_vs_pre,metab-u-hilicpos,
PC P-30:0 or PC O-30:1 [metab-u-hilicpos] [refmet: PC P-30:0 or PC O-30:1],PC P-30:0 or PC O-30:1,Glycerophospholipids,0.121168054474062,log2fc,0.004856035885946,0.0104914355560563,benjamini_hochberg,within_each_platform_da_table_as_released_by_motrpac_v1.3_dream_acute,provided,higher_in_numerator,MoTrPAC_human_precovid_sed_adu,motrpac_human_plasma_endur_post,motrpac_human_precovid_endur_post_3.5_4hr_vs_pre,metab-u-hilicpos,
CAR 26:0 [metab-u-hilicpos] [refmet: CAR 26:0],CAR 26:0,Fatty Acyls,0.0716207198789167,log2fc,0.0049100682617347,0.0105430913595532,benjamini_hochberg,within_each_platform_da_table_as_released_by_motrpac_v1.3_dream_acute,provided,higher_in_numerator,MoTrPAC_human_precovid_sed_adu,motrpac_human_plasma_endur_post,motrpac_human_precovid_endur_post_3.5_4hr_vs_pre,metab-u-hilicpos,
DG(36:4)>DG(18:2_18:2_0:0) M + NH3 [metab-u-lrppos] [refmet: DG(36:4)>DG(18:2_18:2_0:0) M + NH3],DG(36:4)>DG(18:2_18:2_0:0) M + NH3,unclassified_no_refmet_match,0.144546442222733,log2fc,0.0037607466181289,0.0105739378007482,benjamini_hochberg,within_each_platform_da_table_as_released_by_motrpac_v1.3_dream_acute,provided,higher_in_numerator,MoTrPAC_human_precovid_sed_adu,motrpac_human_plasma_endur_post,motrpac_human_precovid_endur_post_3.5_4hr_vs_pre,metab-u-lrppos,
PI(36:3)_isomer2 [metab-u-lrppos] [refmet: PI(36:3)_isomer2],PI(36:3)_isomer2,unclassified_no_refmet_match,0.0846457537132501,log2fc,0.0038453495628381,0.0107157074484422,benjamini_hochberg,within_each_platform_da_table_as_released_by_motrpac_v1.3_dream_acute,provided,higher_in_numerator,MoTrPAC_human_precovid_sed_adu,motrpac_human_plasma_endur_post,motrpac_human_precovid_endur_post_3.5_4hr_vs_pre,metab-u-lrppos,
PE(O-35:2) [metab-u-lrppos] [refmet: PE(O-35:2)],PE(O-35:2),unclassified_no_refmet_match,0.096782928512642,log2fc,0.0038873278091001,0.0107847545854239,benjamini_hochberg,within_each_platform_da_table_as_released_by_motrpac_v1.3_dream_acute,provided,higher_in_numerator,MoTrPAC_human_precovid_sed_adu,motrpac_human_plasma_endur_post,motrpac_human_precovid_endur_post_3.5_4hr_vs_pre,metab-u-lrppos,
Ala-Leu [metab-u-rppos] [refmet: Ala-Leu],Ala-Leu,Organic acids,0.323212025589932,log2fc,0.0037779702030243,0.0114557806156222,benjamini_hochberg,within_each_platform_da_table_as_released_by_motrpac_v1.3_dream_acute,provided,higher_in_numerator,MoTrPAC_human_precovid_sed_adu,motrpac_human_plasma_endur_post,motrpac_human_precovid_endur_post_3.5_4hr_vs_pre,metab-u-rppos,
TG(60:10)_isomer1 [metab-u-lrppos] [refmet: TG(60:10)_isomer1],TG(60:10)_isomer1,unclassified_no_refmet_match,0.142722816993963,log2fc,0.0041817387238188,0.0115504413208564,benjamini_hochberg,within_each_platform_da_table_as_released_by_motrpac_v1.3_dream_acute,provided,higher_in_numerator,MoTrPAC_human_precovid_sed_adu,motrpac_human_plasma_endur_post,motrpac_human_precovid_endur_post_3.5_4hr_vs_pre,metab-u-lrppos,
CAR(16:3) [metab-u-rppos] [refmet: CAR(16:3)],CAR(16:3),unclassified_no_refmet_match,0.229667278883927,log2fc,0.0039223087861378,0.011653040436067,benjamini_hochberg,within_each_platform_da_table_as_released_by_motrpac_v1.3_dream_acute,provided,higher_in_numerator,MoTrPAC_human_precovid_sed_adu,motrpac_human_plasma_endur_post,motrpac_human_precovid_endur_post_3.5_4hr_vs_pre,metab-u-rppos,
Edetic acid [metab-u-rppos] [refmet: Edetic acid],Edetic acid,unclassified_no_refmet_match,0.0986770496791536,log2fc,0.0040909610041511,0.011653040436067,benjamini_hochberg,within_each_platform_da_table_as_released_by_motrpac_v1.3_dream_acute,provided,higher_in_numerator,MoTrPAC_human_precovid_sed_adu,motrpac_human_plasma_endur_post,motrpac_human_precovid_endur_post_3.5_4hr_vs_pre,metab-u-rppos,
Docosatrienoic acid [metab-u-rpneg] [refmet: Docosatrienoic acid],Docosatrienoic acid,Fatty Acyls,0.404133576190667,log2fc,0.0066871031303594,0.0121800807017261,benjamini_hochberg,within_each_platform_da_table_as_released_by_motrpac_v1.3_dream_acute,provided,higher_in_numerator,MoTrPAC_human_precovid_sed_adu,motrpac_human_plasma_endur_post,motrpac_human_precovid_endur_post_3.5_4hr_vs_pre,metab-u-rpneg,
Inosine [metab-u-ionpneg] [refmet: Inosine],Inosine,Nucleic acids,0.620431404961842,log2fc,0.004287153535277,0.0124531602691382,benjamini_hochberg,within_each_platform_da_table_as_released_by_motrpac_v1.3_dream_acute,provided,higher_in_numerator,MoTrPAC_human_precovid_sed_adu,motrpac_human_plasma_endur_post,motrpac_human_precovid_endur_post_3.5_4hr_vs_pre,metab-u-ionpneg,
PC(36:5)_isomer3 [metab-u-lrppos] [refmet: PC(36:5)_isomer3],PC(36:5)_isomer3,unclassified_no_refmet_match,0.114445289675253,log2fc,0.0045990435862509,0.0124831183055383,benjamini_hochberg,within_each_platform_da_table_as_released_by_motrpac_v1.3_dream_acute,provided,higher_in_numerator,MoTrPAC_human_precovid_sed_adu,motrpac_human_plasma_endur_post,motrpac_human_precovid_endur_post_3.5_4hr_vs_pre,metab-u-lrppos,
DG(38:5)>DG(18:1_20:4_0:0) [metab-u-lrppos] [refmet: DG(38:5)>DG(18:1_20:4_0:0)],DG(38:5)>DG(18:1_20:4_0:0),unclassified_no_refmet_match,0.0936040842773593,log2fc,0.0046465860889237,0.0125577994730826,benjamini_hochberg,within_each_platform_da_table_as_released_by_motrpac_v1.3_dream_acute,provided,higher_in_numerator,MoTrPAC_human_precovid_sed_adu,motrpac_human_plasma_endur_post,motrpac_human_precovid_endur_post_3.5_4hr_vs_pre,metab-u-lrppos,
Car(10:0-OH) [metab-u-lrppos] [refmet: Car(10:0-OH)],Car(10:0-OH),unclassified_no_refmet_match,0.176010566388982,log2fc,0.0047075232762442,0.0126678845244855,benjamini_hochberg,within_each_platform_da_table_as_released_by_motrpac_v1.3_dream_acute,provided,higher_in_numerator,MoTrPAC_human_precovid_sed_adu,motrpac_human_plasma_endur_post,motrpac_human_precovid_endur_post_3.5_4hr_vs_pre,metab-u-lrppos,
PC(O-42:4) [metab-u-lrppos] [refmet: PC(O-42:4)],PC(O-42:4),unclassified_no_refmet_match,0.14820132416337,log2fc,0.0048240937824619,0.0129260974427505,benjamini_hochberg,within_each_platform_da_table_as_released_by_motrpac_v1.3_dream_acute,provided,higher_in_numerator,MoTrPAC_human_precovid_sed_adu,motrpac_human_plasma_endur_post,motrpac_human_precovid_endur_post_3.5_4hr_vs_pre,metab-u-lrppos,
PC(O-36:2)_isomer1 [metab-u-lrppos] [refmet: PC(O-36:2)_isomer1],PC(O-36:2)_isomer1,unclassified_no_refmet_match,0.0802161442030069,log2fc,0.0048938401484758,0.0130571820131674,benjamini_hochberg,within_each_platform_da_table_as_released_by_motrpac_v1.3_dream_acute,provided,higher_in_numerator,MoTrPAC_human_precovid_sed_adu,motrpac_human_plasma_endur_post,motrpac_human_precovid_endur_post_3.5_4hr_vs_pre,metab-u-lrppos,
Phosphoglyceric acid [metab-u-ionpneg] [refmet: Phosphoglyceric acid],Phosphoglyceric acid,Organic acids,0.405821518969422,log2fc,0.0048245014514149,0.0133770267516505,benjamini_hochberg,within_each_platform_da_table_as_released_by_motrpac_v1.3_dream_acute,provided,higher_in_numerator,MoTrPAC_human_precovid_sed_adu,motrpac_human_plasma_endur_post,motrpac_human_precovid_endur_post_3.5_4hr_vs_pre,metab-u-ionpneg,
PC(42:2)_isomer1 [metab-u-lrppos] [refmet: PC(42:2)_isomer1],PC(42:2)_isomer1,unclassified_no_refmet_match,0.27351287996251,log2fc,0.0050645666879042,0.013455437768288,benjamini_hochberg,within_each_platform_da_table_as_released_by_motrpac_v1.3_dream_acute,provided,higher_in_numerator,MoTrPAC_human_precovid_sed_adu,motrpac_human_plasma_endur_post,motrpac_human_precovid_endur_post_3.5_4hr_vs_pre,metab-u-lrppos,
SM(d42:3)_isomer2 [metab-u-lrppos] [refmet: SM(d42:3)_isomer2],SM(d42:3)_isomer2,unclassified_no_refmet_match,0.0872860197046776,log2fc,0.0051744848626842,0.0136894599531774,benjamini_hochberg,within_each_platform_da_table_as_released_by_motrpac_v1.3_dream_acute,provided,higher_in_numerator,MoTrPAC_human_precovid_sed_adu,motrpac_human_plasma_endur_post,motrpac_human_precovid_endur_post_3.5_4hr_vs_pre,metab-u-lrppos,
PC 35:2 [metab-u-hilicpos] [refmet: PC 35:2],PC 35:2,Glycerophospholipids,0.043905825498463,log2fc,0.0069155333804308,0.0145809438744023,benjamini_hochberg,within_each_platform_da_table_as_released_by_motrpac_v1.3_dream_acute,provided,higher_in_numerator,MoTrPAC_human_precovid_sed_adu,motrpac_human_plasma_endur_post,motrpac_human_precovid_endur_post_3.5_4hr_vs_pre,metab-u-hilicpos,
PC(O-32:0) [metab-u-lrppos] [refmet: PC(O-32:0)],PC(O-32:0),unclassified_no_refmet_match,0.077311112831925,log2fc,0.0056298412387686,0.0146617987556153,benjamini_hochberg,within_each_platform_da_table_as_released_by_motrpac_v1.3_dream_acute,provided,higher_in_numerator,MoTrPAC_human_precovid_sed_adu,motrpac_human_plasma_endur_post,motrpac_human_precovid_endur_post_3.5_4hr_vs_pre,metab-u-lrppos,
Stearic acid [metab-u-rpneg] [refmet: Stearic acid],Stearic acid,Fatty Acyls,0.307724429793257,log2fc,0.008579737953137,0.015353215284561,benjamini_hochberg,within_each_platform_da_table_as_released_by_motrpac_v1.3_dream_acute,provided,higher_in_numerator,MoTrPAC_human_precovid_sed_adu,motrpac_human_plasma_endur_post,motrpac_human_precovid_endur_post_3.5_4hr_vs_pre,metab-u-rpneg,
Deoxyuridine [metab-u-ionpneg] [refmet: Deoxyuridine],Deoxyuridine,Nucleic acids,0.0965513279679939,log2fc,0.0060436032650327,0.0153608249652915,benjamini_hochberg,within_each_platform_da_table_as_released_by_motrpac_v1.3_dream_acute,provided,higher_in_numerator,MoTrPAC_human_precovid_sed_adu,motrpac_human_plasma_endur_post,motrpac_human_precovid_endur_post_3.5_4hr_vs_pre,metab-u-ionpneg,
IMP [metab-u-ionpneg] [refmet: IMP],IMP,Nucleic acids,0.734291891292354,log2fc,0.0069957339916252,0.0155146804791648,benjamini_hochberg,within_each_platform_da_table_as_released_by_motrpac_v1.3_dream_acute,provided,higher_in_numerator,MoTrPAC_human_precovid_sed_adu,motrpac_human_plasma_endur_post,motrpac_human_precovid_endur_post_3.5_4hr_vs_pre,metab-u-ionpneg,
Hypoxanthine [metab-u-ionpneg] [refmet: Hypoxanthine],Hypoxanthine,Nucleic acids,0.437178842425411,log2fc,0.0067215807723197,0.0155146804791648,benjamini_hochberg,within_each_platform_da_table_as_released_by_motrpac_v1.3_dream_acute,provided,higher_in_numerator,MoTrPAC_human_precovid_sed_adu,motrpac_human_plasma_endur_post,motrpac_human_precovid_endur_post_3.5_4hr_vs_pre,metab-u-ionpneg,
Leucine [metab-t-amines] [refmet: Leucine],Leucine,Organic acids,0.0601728816747196,log2fc,0.0104916125918553,0.0155275866359458,benjamini_hochberg,within_each_platform_da_table_as_released_by_motrpac_v1.3_dream_acute,provided,higher_in_numerator,MoTrPAC_human_precovid_sed_adu,motrpac_human_plasma_endur_post,motrpac_human_precovid_endur_post_3.5_4hr_vs_pre,metab-t-amines,
PC(38:5)_isomer5 [metab-u-lrppos] [refmet: PC(38:5)_isomer5],PC(38:5)_isomer5,unclassified_no_refmet_match,0.159159729783585,log2fc,0.0060202859420219,0.0155338242207726,benjamini_hochberg,within_each_platform_da_table_as_released_by_motrpac_v1.3_dream_acute,provided,higher_in_numerator,MoTrPAC_human_precovid_sed_adu,motrpac_human_plasma_endur_post,motrpac_human_precovid_endur_post_3.5_4hr_vs_pre,metab-u-lrppos,
PC(40:6)_isomer4 [metab-u-lrppos] [refmet: PC(40:6)_isomer4],PC(40:6)_isomer4,unclassified_no_refmet_match,0.0717307165291601,log2fc,0.0060630081825449,0.0155799431576052,benjamini_hochberg,within_each_platform_da_table_as_released_by_motrpac_v1.3_dream_acute,provided,higher_in_numerator,MoTrPAC_human_precovid_sed_adu,motrpac_human_plasma_endur_post,motrpac_human_precovid_endur_post_3.5_4hr_vs_pre,metab-u-lrppos,
PC(O-40:6)_isomer3 [metab-u-lrppos] [refmet: PC(O-40:6)_isomer3],PC(O-40:6)_isomer3,unclassified_no_refmet_match,0.0720263716142,log2fc,0.0061086075629749,0.0156330487427971,benjamini_hochberg,within_each_platform_da_table_as_released_by_motrpac_v1.3_dream_acute,provided,higher_in_numerator,MoTrPAC_human_precovid_sed_adu,motrpac_human_plasma_endur_post,motrpac_human_precovid_endur_post_3.5_4hr_vs_pre,metab-u-lrppos,
PC 31:1 [metab-u-hilicpos] [refmet: PC 31:1],PC 31:1,Glycerophospholipids,0.308663097625271,log2fc,0.0076243780144382,0.015884120863413,benjamini_hochberg,within_each_platform_da_table_as_released_by_motrpac_v1.3_dream_acute,provided,higher_in_numerator,MoTrPAC_human_precovid_sed_adu,motrpac_human_plasma_endur_post,motrpac_human_precovid_endur_post_3.5_4hr_vs_pre,metab-u-hilicpos,
SM(d38:1)_isomer2 [metab-u-lrppos] [refmet: SM(d38:1)_isomer2],SM(d38:1)_isomer2,unclassified_no_refmet_match,0.084284531914296,log2fc,0.0062579262421101,0.0159500803000125,benjamini_hochberg,within_each_platform_da_table_as_released_by_motrpac_v1.3_dream_acute,provided,higher_in_numerator,MoTrPAC_human_precovid_sed_adu,motrpac_human_plasma_endur_post,motrpac_human_precovid_endur_post_3.5_4hr_vs_pre,metab-u-lrppos,
PC(35:3)_isomer2 [metab-u-lrppos] [refmet: PC(35:3)_isomer2],PC(35:3)_isomer2,unclassified_no_refmet_match,0.109117834015443,log2fc,0.0063304413676547,0.0160695819332773,benjamini_hochberg,within_each_platform_da_table_as_released_by_motrpac_v1.3_dream_acute,provided,higher_in_numerator,MoTrPAC_human_precovid_sed_adu,motrpac_human_plasma_endur_post,motrpac_human_precovid_endur_post_3.5_4hr_vs_pre,metab-u-lrppos,
N-Acetylglycine [metab-u-rppos] [refmet: N-Acetylglycine],N-Acetylglycine,Organic acids,0.210574543314467,log2fc,0.005908915435954,0.0160996536515849,benjamini_hochberg,within_each_platform_da_table_as_released_by_motrpac_v1.3_dream_acute,provided,higher_in_numerator,MoTrPAC_human_precovid_sed_adu,motrpac_human_plasma_endur_post,motrpac_human_precovid_endur_post_3.5_4hr_vs_pre,metab-u-rppos,
SM(d44:2) [metab-u-lrppos] [refmet: SM(d44:2)],SM(d44:2),unclassified_no_refmet_match,0.107176697967596,log2fc,0.0064014344716813,0.0161192747539928,benjamini_hochberg,within_each_platform_da_table_as_released_by_motrpac_v1.3_dream_acute,provided,higher_in_numerator,MoTrPAC_human_precovid_sed_adu,motrpac_human_plasma_endur_post,motrpac_human_precovid_endur_post_3.5_4hr_vs_pre,metab-u-lrppos,
PC(O-36:1) [metab-u-lrppos] [refmet: PC(O-36:1)],PC(O-36:1),unclassified_no_refmet_match,0.141933411254001,log2fc,0.0065132500816427,0.0162701506023507,benjamini_hochberg,within_each_platform_da_table_as_released_by_motrpac_v1.3_dream_acute,provided,higher_in_numerator,MoTrPAC_human_precovid_sed_adu,motrpac_human_plasma_endur_post,motrpac_human_precovid_endur_post_3.5_4hr_vs_pre,metab-u-lrppos,
Citric acid/Isocitric acid [metab-u-ionpneg] [refmet: Citric acid/Isocitric acid],Citric acid/Isocitric acid,Organic acids,0.117197888400032,log2fc,0.0080017598839864,0.0162702450974391,benjamini_hochberg,within_each_platform_da_table_as_released_by_motrpac_v1.3_dream_acute,provided,higher_in_numerator,MoTrPAC_human_precovid_sed_adu,motrpac_human_plasma_endur_post,motrpac_human_precovid_endur_post_3.5_4hr_vs_pre,metab-u-ionpneg,
FA 16:0;O [metab-u-lrpneg] [refmet: FA 16:0;O],FA 16:0;O,unclassified_no_refmet_match,0.564427844376375,log2fc,0.0036121734211277,0.0164472101700515,benjamini_hochberg,within_each_platform_da_table_as_released_by_motrpac_v1.3_dream_acute,provided,higher_in_numerator,MoTrPAC_human_precovid_sed_adu,motrpac_human_plasma_endur_post,motrpac_human_precovid_endur_post_3.5_4hr_vs_pre,metab-u-lrpneg,
FA 20:3;O [metab-u-lrpneg] [refmet: FA 20:3;O],FA 20:3;O,Fatty Acyls,0.189024539706708,log2fc,0.003531428190378,0.0164472101700515,benjamini_hochberg,within_each_platform_da_table_as_released_by_motrpac_v1.3_dream_acute,provided,higher_in_numerator,MoTrPAC_human_precovid_sed_adu,motrpac_human_plasma_endur_post,motrpac_human_precovid_endur_post_3.5_4hr_vs_pre,metab-u-lrpneg,
PC(40:6)>PC(18:0_22:6) [metab-u-lrpneg] [refmet: PC(40:6)>PC(18:0_22:6)],PC(40:6)>PC(18:0_22:6),unclassified_no_refmet_match,0.148964408584998,log2fc,0.0036414487461368,0.0164472101700515,benjamini_hochberg,within_each_platform_da_table_as_released_by_motrpac_v1.3_dream_acute,provided,higher_in_numerator,MoTrPAC_human_precovid_sed_adu,motrpac_human_plasma_endur_post,motrpac_human_precovid_endur_post_3.5_4hr_vs_pre,metab-u-lrpneg,
DG(34:2)>DG(16:0_18:2_0:0) [metab-u-lrppos] [refmet: DG(34:2)>DG(16:0_18:2_0:0)],DG(34:2)>DG(16:0_18:2_0:0),unclassified_no_refmet_match,0.121128094607627,log2fc,0.0066220062621813,0.0164761822475703,benjamini_hochberg,within_each_platform_da_table_as_released_by_motrpac_v1.3_dream_acute,provided,higher_in_numerator,MoTrPAC_human_precovid_sed_adu,motrpac_human_plasma_endur_post,motrpac_human_precovid_endur_post_3.5_4hr_vs_pre,metab-u-lrppos,
Isoleucine [metab-u-ionpneg] [refmet: Isoleucine],Isoleucine,Organic acids,0.202302331672218,log2fc,0.0083964782332184,0.0165221023298815,benjamini_hochberg,within_each_platform_da_table_as_released_by_motrpac_v1.3_dream_acute,provided,higher_in_numerator,MoTrPAC_human_precovid_sed_adu,motrpac_human_plasma_endur_post,motrpac_human_precovid_endur_post_3.5_4hr_vs_pre,metab-u-ionpneg,
LPE(18:2)_rp_b [metab-u-rppos] [refmet: LPE(18:2)_rp_b],LPE(18:2)_rp_b,unclassified_no_refmet_match,0.129050607231122,log2fc,0.0062465636715802,0.0167764852893871,benjamini_hochberg,within_each_platform_da_table_as_released_by_motrpac_v1.3_dream_acute,provided,higher_in_numerator,MoTrPAC_human_precovid_sed_adu,motrpac_human_plasma_endur_post,motrpac_human_precovid_endur_post_3.5_4hr_vs_pre,metab-u-rppos,
PC(38:4)_isomer1 [metab-u-lrppos] [refmet: PC(38:4)_isomer1],PC(38:4)_isomer1,unclassified_no_refmet_match,0.158126940815507,log2fc,0.0068100030212709,0.0168769640092368,benjamini_hochberg,within_each_platform_da_table_as_released_by_motrpac_v1.3_dream_acute,provided,higher_in_numerator,MoTrPAC_human_precovid_sed_adu,motrpac_human_plasma_endur_post,motrpac_human_precovid_endur_post_3.5_4hr_vs_pre,metab-u-lrppos,
Hydroxytetradecanoic acid [metab-u-rpneg] [refmet: Hydroxytetradecanoic acid],Hydroxytetradecanoic acid,Fatty Acyls,0.286966388199055,log2fc,0.0096156562198999,0.0169102919729275,benjamini_hochberg,within_each_platform_da_table_as_released_by_motrpac_v1.3_dream_acute,provided,higher_in_numerator,MoTrPAC_human_precovid_sed_adu,motrpac_human_plasma_endur_post,motrpac_human_precovid_endur_post_3.5_4hr_vs_pre,metab-u-rpneg,
CAR 10:1 [metab-u-hilicpos] [refmet: CAR 10:1],CAR 10:1,Fatty Acyls,0.182233308702703,log2fc,0.0084896012221598,0.0174785907515056,benjamini_hochberg,within_each_platform_da_table_as_released_by_motrpac_v1.3_dream_acute,provided,higher_in_numerator,MoTrPAC_human_precovid_sed_adu,motrpac_human_plasma_endur_post,motrpac_human_precovid_endur_post_3.5_4hr_vs_pre,metab-u-hilicpos,
PC(34:3) [metab-u-rppos] [refmet: PC(34:3)],PC(34:3),unclassified_no_refmet_match,0.156465156438504,log2fc,0.0066735344031048,0.0176707671518832,benjamini_hochberg,within_each_platform_da_table_as_released_by_motrpac_v1.3_dream_acute,provided,higher_in_numerator,MoTrPAC_human_precovid_sed_adu,motrpac_human_plasma_endur_post,motrpac_human_precovid_endur_post_3.5_4hr_vs_pre,metab-u-rppos,
PC(38:6) [metab-u-rppos] [refmet: PC(38:6)],PC(38:6),unclassified_no_refmet_match,0.264865357907283,log2fc,0.0068234425105308,0.017816766555275,benjamini_hochberg,within_each_platform_da_table_as_released_by_motrpac_v1.3_dream_acute,provided,higher_in_numerator,MoTrPAC_human_precovid_sed_adu,motrpac_human_plasma_endur_post,motrpac_human_precovid_endur_post_3.5_4hr_vs_pre,metab-u-rppos,
SM(d43:3)_isomer2 [metab-u-lrppos] [refmet: SM(d43:3)_isomer2],SM(d43:3)_isomer2,unclassified_no_refmet_match,0.117068939700111,log2fc,0.0072194482000485,0.0178212363048442,benjamini_hochberg,within_each_platform_da_table_as_released_by_motrpac_v1.3_dream_acute,provided,higher_in_numerator,MoTrPAC_human_precovid_sed_adu,motrpac_human_plasma_endur_post,motrpac_human_precovid_endur_post_3.5_4hr_vs_pre,metab-u-lrppos,
Eicosatrienoic acid [metab-u-rpneg] [refmet: Eicosatrienoic acid],Eicosatrienoic acid,Fatty Acyls,0.289087505953688,log2fc,0.0106382274540981,0.0183915118697967,benjamini_hochberg,within_each_platform_da_table_as_released_by_motrpac_v1.3_dream_acute,provided,higher_in_numerator,MoTrPAC_human_precovid_sed_adu,motrpac_human_plasma_endur_post,motrpac_human_precovid_endur_post_3.5_4hr_vs_pre,metab-u-rpneg,
Biliverdin [metab-u-rppos] [refmet: Biliverdin],Biliverdin,Organoheterocyclic compounds,0.287003595682702,log2fc,0.0072876864208559,0.0185146627989313,benjamini_hochberg,within_each_platform_da_table_as_released_by_motrpac_v1.3_dream_acute,provided,higher_in_numerator,MoTrPAC_human_precovid_sed_adu,motrpac_human_plasma_endur_post,motrpac_human_precovid_endur_post_3.5_4hr_vs_pre,metab-u-rppos,
SM(d38:2) [metab-u-lrppos] [refmet: SM(d38:2)],SM(d38:2),unclassified_no_refmet_match,0.0658621383172786,log2fc,0.0078382291791547,0.0192548942452218,benjamini_hochberg,within_each_platform_da_table_as_released_by_motrpac_v1.3_dream_acute,provided,higher_in_numerator,MoTrPAC_human_precovid_sed_adu,motrpac_human_plasma_endur_post,motrpac_human_precovid_endur_post_3.5_4hr_vs_pre,metab-u-lrppos,
PC(33:1)_isomer1 [metab-u-lrppos] [refmet: PC(33:1)_isomer1],PC(33:1)_isomer1,unclassified_no_refmet_match,0.120723955991156,log2fc,0.0080253503455686,0.0195793566796558,benjamini_hochberg,within_each_platform_da_table_as_released_by_motrpac_v1.3_dream_acute,provided,higher_in_numerator,MoTrPAC_human_precovid_sed_adu,motrpac_human_plasma_endur_post,motrpac_human_precovid_endur_post_3.5_4hr_vs_pre,metab-u-lrppos,
PC(35:2) [metab-u-lrppos] [refmet: PC(35:2)],PC(35:2),unclassified_no_refmet_match,0.178133555053325,log2fc,0.0080636352437882,0.0195965089064156,benjamini_hochberg,within_each_platform_da_table_as_released_by_motrpac_v1.3_dream_acute,provided,higher_in_numerator,MoTrPAC_human_precovid_sed_adu,motrpac_human_plasma_endur_post,motrpac_human_precovid_endur_post_3.5_4hr_vs_pre,metab-u-lrppos,
LPC(16:0)_rp_a [metab-u-rppos] [refmet: LPC(16:0)_rp_a],LPC(16:0)_rp_a,unclassified_no_refmet_match,0.111640637304227,log2fc,0.0078852354729046,0.0197656569187476,benjamini_hochberg,within_each_platform_da_table_as_released_by_motrpac_v1.3_dream_acute,provided,higher_in_numerator,MoTrPAC_human_precovid_sed_adu,motrpac_human_plasma_endur_post,motrpac_human_precovid_endur_post_3.5_4hr_vs_pre,metab-u-rppos,
Cer 18:1;O2/19:0 [metab-u-hilicpos] [refmet: Cer 18:1;O2/19:0],Cer 18:1;O2/19:0,Sphingolipids,0.251032978483201,log2fc,0.0099632604189572,0.0203926382844153,benjamini_hochberg,within_each_platform_da_table_as_released_by_motrpac_v1.3_dream_acute,provided,higher_in_numerator,MoTrPAC_human_precovid_sed_adu,motrpac_human_plasma_endur_post,motrpac_human_precovid_endur_post_3.5_4hr_vs_pre,metab-u-hilicpos,
TG(58:7) [metab-u-lrppos] [refmet: TG(58:7)],TG(58:7),unclassified_no_refmet_match,0.154492100076247,log2fc,0.0087279341867894,0.020967106264816,benjamini_hochberg,within_each_platform_da_table_as_released_by_motrpac_v1.3_dream_acute,provided,higher_in_numerator,MoTrPAC_human_precovid_sed_adu,motrpac_human_plasma_endur_post,motrpac_human_precovid_endur_post_3.5_4hr_vs_pre,metab-u-lrppos,
Cer 18:1;O2/14:0 [metab-u-hilicpos] [refmet: Cer 18:1;O2/14:0],Cer 18:1;O2/14:0,Sphingolipids,0.261598681224546,log2fc,0.0104053863199678,0.0211737512324927,benjamini_hochberg,within_each_platform_da_table_as_released_by_motrpac_v1.3_dream_acute,provided,higher_in_numerator,MoTrPAC_human_precovid_sed_adu,motrpac_human_plasma_endur_post,motrpac_human_precovid_endur_post_3.5_4hr_vs_pre,metab-u-hilicpos,
SM(d38:0) [metab-u-lrppos] [refmet: SM(d38:0)],SM(d38:0),unclassified_no_refmet_match,0.0900747550272172,log2fc,0.0088643184601345,0.0212134644065051,benjamini_hochberg,within_each_platform_da_table_as_released_by_motrpac_v1.3_dream_acute,provided,higher_in_numerator,MoTrPAC_human_precovid_sed_adu,motrpac_human_plasma_endur_post,motrpac_human_precovid_endur_post_3.5_4hr_vs_pre,metab-u-lrppos,
PC(40:6) [metab-u-rppos] [refmet: PC(40:6)],PC(40:6),unclassified_no_refmet_match,0.183396754248307,log2fc,0.0087048125337848,0.0215329573204151,benjamini_hochberg,within_each_platform_da_table_as_released_by_motrpac_v1.3_dream_acute,provided,higher_in_numerator,MoTrPAC_human_precovid_sed_adu,motrpac_human_plasma_endur_post,motrpac_human_precovid_endur_post_3.5_4hr_vs_pre,metab-u-rppos,
SM(d42:1) [metab-u-lrppos] [refmet: SM(d42:1)],SM(d42:1),unclassified_no_refmet_match,0.0857007777116543,log2fc,0.0090464805515973,0.0215670848131237,benjamini_hochberg,within_each_platform_da_table_as_released_by_motrpac_v1.3_dream_acute,provided,higher_in_numerator,MoTrPAC_human_precovid_sed_adu,motrpac_human_plasma_endur_post,motrpac_human_precovid_endur_post_3.5_4hr_vs_pre,metab-u-lrppos,
SM(d43:3)_isomer1 [metab-u-lrppos] [refmet: SM(d43:3)_isomer1],SM(d43:3)_isomer1,unclassified_no_refmet_match,0.0742484410686615,log2fc,0.009247816765013,0.021963564816906,benjamini_hochberg,within_each_platform_da_table_as_released_by_motrpac_v1.3_dream_acute,provided,higher_in_numerator,MoTrPAC_human_precovid_sed_adu,motrpac_human_plasma_endur_post,motrpac_human_precovid_endur_post_3.5_4hr_vs_pre,metab-u-lrppos,
PC(O-34:1)_isomer1 [metab-u-lrppos] [refmet: PC(O-34:1)_isomer1],PC(O-34:1)_isomer1,unclassified_no_refmet_match,0.0755785379422846,log2fc,0.009325065569483,0.0219805116994959,benjamini_hochberg,within_each_platform_da_table_as_released_by_motrpac_v1.3_dream_acute,provided,higher_in_numerator,MoTrPAC_human_precovid_sed_adu,motrpac_human_plasma_endur_post,motrpac_human_precovid_endur_post_3.5_4hr_vs_pre,metab-u-lrppos,
SM(d34:0)_isomer1 [metab-u-lrppos] [refmet: SM(d34:0)_isomer1],SM(d34:0)_isomer1,unclassified_no_refmet_match,0.0628208392290119,log2fc,0.0093165699065549,0.0219805116994959,benjamini_hochberg,within_each_platform_da_table_as_released_by_motrpac_v1.3_dream_acute,provided,higher_in_numerator,MoTrPAC_human_precovid_sed_adu,motrpac_human_plasma_endur_post,motrpac_human_precovid_endur_post_3.5_4hr_vs_pre,metab-u-lrppos,
Uracil [metab-u-rppos] [refmet: Uracil],Uracil,Nucleic acids,0.15228462652717,log2fc,0.0093034137132526,0.0221397693429303,benjamini_hochberg,within_each_platform_da_table_as_released_by_motrpac_v1.3_dream_acute,provided,higher_in_numerator,MoTrPAC_human_precovid_sed_adu,motrpac_human_plasma_endur_post,motrpac_human_precovid_endur_post_3.5_4hr_vs_pre,metab-u-rppos,
TG(56:7)>TG(16:0_18:1_22:6) [metab-u-lrppos] [refmet: TG(56:7)>TG(16:0_18:1_22:6)],TG(56:7)>TG(16:0_18:1_22:6),unclassified_no_refmet_match,0.140478091496508,log2fc,0.0094615620027336,0.0222187242536104,benjamini_hochberg,within_each_platform_da_table_as_released_by_motrpac_v1.3_dream_acute,provided,higher_in_numerator,MoTrPAC_human_precovid_sed_adu,motrpac_human_plasma_endur_post,motrpac_human_precovid_endur_post_3.5_4hr_vs_pre,metab-u-lrppos,
PC(32:0) [metab-u-rppos] [refmet: PC(32:0)],PC(32:0),unclassified_no_refmet_match,0.093316836137987,log2fc,0.0096483402935132,0.022673599689756,benjamini_hochberg,within_each_platform_da_table_as_released_by_motrpac_v1.3_dream_acute,provided,higher_in_numerator,MoTrPAC_human_precovid_sed_adu,motrpac_human_plasma_endur_post,motrpac_human_precovid_endur_post_3.5_4hr_vs_pre,metab-u-rppos,
Ethanolamine [metab-t-amines] [refmet: Ethanolamine],Ethanolamine,Organic nitrogen compounds,0.0637907454551891,log2fc,0.0170376737548505,0.0234227196992442,benjamini_hochberg,within_each_platform_da_table_as_released_by_motrpac_v1.3_dream_acute,provided,higher_in_numerator,MoTrPAC_human_precovid_sed_adu,motrpac_human_plasma_endur_post,motrpac_human_precovid_endur_post_3.5_4hr_vs_pre,metab-t-amines,
PC(O-40:6)_isomer1 [metab-u-lrppos] [refmet: PC(O-40:6)_isomer1],PC(O-40:6)_isomer1,unclassified_no_refmet_match,0.258406061683864,log2fc,0.0104216994534187,0.02429147047321,benjamini_hochberg,within_each_platform_da_table_as_released_by_motrpac_v1.3_dream_acute,provided,higher_in_numerator,MoTrPAC_human_precovid_sed_adu,motrpac_human_plasma_endur_post,motrpac_human_precovid_endur_post_3.5_4hr_vs_pre,metab-u-lrppos,
SM(d40:0) [metab-u-lrppos] [refmet: SM(d40:0)],SM(d40:0),unclassified_no_refmet_match,0.0990102415109781,log2fc,0.0120513952459235,0.0276301381809061,benjamini_hochberg,within_each_platform_da_table_as_released_by_motrpac_v1.3_dream_acute,provided,higher_in_numerator,MoTrPAC_human_precovid_sed_adu,motrpac_human_plasma_endur_post,motrpac_human_precovid_endur_post_3.5_4hr_vs_pre,metab-u-lrppos,
Cer(d40:0) [metab-u-lrppos] [refmet: Cer(d40:0)],Cer(d40:0),unclassified_no_refmet_match,0.0834247772220671,log2fc,0.0124216356622774,0.0283213293099924,benjamini_hochberg,within_each_platform_da_table_as_released_by_motrpac_v1.3_dream_acute,provided,higher_in_numerator,MoTrPAC_human_precovid_sed_adu,motrpac_human_plasma_endur_post,motrpac_human_precovid_endur_post_3.5_4hr_vs_pre,metab-u-lrppos,
TG(56:8)>TG(16:0_18:2_22:6) [metab-u-lrppos] [refmet: TG(56:8)>TG(16:0_18:2_22:6)],TG(56:8)>TG(16:0_18:2_22:6),unclassified_no_refmet_match,0.115457055702898,log2fc,0.01262626435118,0.0286835787977894,benjamini_hochberg,within_each_platform_da_table_as_released_by_motrpac_v1.3_dream_acute,provided,higher_in_numerator,MoTrPAC_human_precovid_sed_adu,motrpac_human_plasma_endur_post,motrpac_human_precovid_endur_post_3.5_4hr_vs_pre,metab-u-lrppos,
1-DeoxyCer 18:0;O2/24:1 [metab-u-hilicpos] [refmet: 1-DeoxyCer 18:0;O2/24:1],1-DeoxyCer 18:0;O2/24:1,unclassified_no_refmet_match,0.101178736066849,log2fc,0.0143876502355393,0.0287753004710787,benjamini_hochberg,within_each_platform_da_table_as_released_by_motrpac_v1.3_dream_acute,provided,higher_in_numerator,MoTrPAC_human_precovid_sed_adu,motrpac_human_plasma_endur_post,motrpac_human_precovid_endur_post_3.5_4hr_vs_pre,metab-u-hilicpos,
PC(O-42:6)_isomer2 [metab-u-lrppos] [refmet: PC(O-42:6)_isomer2],PC(O-42:6)_isomer2,unclassified_no_refmet_match,0.0898150256253736,log2fc,0.0130949996016999,0.029641027979299,benjamini_hochberg,within_each_platform_da_table_as_released_by_motrpac_v1.3_dream_acute,provided,higher_in_numerator,MoTrPAC_human_precovid_sed_adu,motrpac_human_plasma_endur_post,motrpac_human_precovid_endur_post_3.5_4hr_vs_pre,metab-u-lrppos,
FA(18:2) [metab-u-lrpneg] [refmet: FA(18:2)],FA(18:2),unclassified_no_refmet_match,0.319154828660494,log2fc,0.0067902118971383,0.0296797971632982,benjamini_hochberg,within_each_platform_da_table_as_released_by_motrpac_v1.3_dream_acute,provided,higher_in_numerator,MoTrPAC_human_precovid_sed_adu,motrpac_human_plasma_endur_post,motrpac_human_precovid_endur_post_3.5_4hr_vs_pre,metab-u-lrpneg,
SM(t42:1)_or_SM(d42:1-OH) [metab-u-lrppos] [refmet: SM(t42:1)_or_SM(d42:1-OH)],SM(t42:1)_or_SM(d42:1-OH),unclassified_no_refmet_match,0.0871576716082352,log2fc,0.0132875151529684,0.0299686043198243,benjamini_hochberg,within_each_platform_da_table_as_released_by_motrpac_v1.3_dream_acute,provided,higher_in_numerator,MoTrPAC_human_precovid_sed_adu,motrpac_human_plasma_endur_post,motrpac_human_precovid_endur_post_3.5_4hr_vs_pre,metab-u-lrppos,
SM(d44:4) [metab-u-lrppos] [refmet: SM(d44:4)],SM(d44:4),unclassified_no_refmet_match,0.0602226023992749,log2fc,0.0136906690308384,0.0305482187983476,benjamini_hochberg,within_each_platform_da_table_as_released_by_motrpac_v1.3_dream_acute,provided,higher_in_numerator,MoTrPAC_human_precovid_sed_adu,motrpac_human_plasma_endur_post,motrpac_human_precovid_endur_post_3.5_4hr_vs_pre,metab-u-lrppos,
PC P-38:5 or PC O-38:6 [metab-u-hilicpos] [refmet: PC P-38:5 or PC O-38:6],PC P-38:5 or PC O-38:6,Glycerophospholipids,0.0337164863781112,log2fc,0.0154590104093819,0.03074235024593,benjamini_hochberg,within_each_platform_da_table_as_released_by_motrpac_v1.3_dream_acute,provided,higher_in_numerator,MoTrPAC_human_precovid_sed_adu,motrpac_human_plasma_endur_post,motrpac_human_precovid_endur_post_3.5_4hr_vs_pre,metab-u-hilicpos,
PC(34:2) [metab-u-rppos] [refmet: PC(34:2)],PC(34:2),unclassified_no_refmet_match,0.125967324136628,log2fc,0.0133064402984355,0.0308840836556281,benjamini_hochberg,within_each_platform_da_table_as_released_by_motrpac_v1.3_dream_acute,provided,higher_in_numerator,MoTrPAC_human_precovid_sed_adu,motrpac_human_plasma_endur_post,motrpac_human_precovid_endur_post_3.5_4hr_vs_pre,metab-u-rppos,
SM(d41:3) [metab-u-lrppos] [refmet: SM(d41:3)],SM(d41:3),unclassified_no_refmet_match,0.0801598077732812,log2fc,0.01405642674703,0.0312531190439284,benjamini_hochberg,within_each_platform_da_table_as_released_by_motrpac_v1.3_dream_acute,provided,higher_in_numerator,MoTrPAC_human_precovid_sed_adu,motrpac_human_plasma_endur_post,motrpac_human_precovid_endur_post_3.5_4hr_vs_pre,metab-u-lrppos,
Acetaminophen [metab-u-hilicpos] [refmet: Acetaminophen],Acetaminophen,Benzenoids,0.21911671619212,log2fc,0.0160571839698673,0.0317514937257262,benjamini_hochberg,within_each_platform_da_table_as_released_by_motrpac_v1.3_dream_acute,provided,higher_in_numerator,MoTrPAC_human_precovid_sed_adu,motrpac_human_plasma_endur_post,motrpac_human_precovid_endur_post_3.5_4hr_vs_pre,metab-u-hilicpos,
Glycerol [metab-t-conv] [refmet: Glycerol],Glycerol,Organic oxygen compounds,0.11719960771557,log2fc,0.0255317992268313,0.0319147490335391,benjamini_hochberg,within_each_platform_da_table_as_released_by_motrpac_v1.3_dream_acute,provided,higher_in_numerator,MoTrPAC_human_precovid_sed_adu,motrpac_human_plasma_endur_post,motrpac_human_precovid_endur_post_3.5_4hr_vs_pre,metab-t-conv,
Guanidoacetic acid [metab-u-hilicpos] [refmet: Guanidoacetic acid],Guanidoacetic acid,Organic acids,0.0729391328335414,log2fc,0.0164415853285472,0.0323289599156827,benjamini_hochberg,within_each_platform_da_table_as_released_by_motrpac_v1.3_dream_acute,provided,higher_in_numerator,MoTrPAC_human_precovid_sed_adu,motrpac_human_plasma_endur_post,motrpac_human_precovid_endur_post_3.5_4hr_vs_pre,metab-u-hilicpos,
PE P-40:6 or PE O-40:7 [metab-u-hilicpos] [refmet: PE P-40:6 or PE O-40:7],PE P-40:6 or PE O-40:7,Glycerophospholipids,0.0431835564994181,log2fc,0.0168612144990675,0.0326240435452744,benjamini_hochberg,within_each_platform_da_table_as_released_by_motrpac_v1.3_dream_acute,provided,higher_in_numerator,MoTrPAC_human_precovid_sed_adu,motrpac_human_plasma_endur_post,motrpac_human_precovid_endur_post_3.5_4hr_vs_pre,metab-u-hilicpos,
TG(56:5)>TG(16:0_18:1_22:4) [metab-u-lrppos] [refmet: TG(56:5)>TG(16:0_18:1_22:4)],TG(56:5)>TG(16:0_18:1_22:4),unclassified_no_refmet_match,0.105743111097578,log2fc,0.0150287661171769,0.0330632854577891,benjamini_hochberg,within_each_platform_da_table_as_released_by_motrpac_v1.3_dream_acute,provided,higher_in_numerator,MoTrPAC_human_precovid_sed_adu,motrpac_human_plasma_endur_post,motrpac_human_precovid_endur_post_3.5_4hr_vs_pre,metab-u-lrppos,
PC(37:4)_isomer1 [metab-u-lrppos] [refmet: PC(37:4)_isomer1],PC(37:4)_isomer1,unclassified_no_refmet_match,0.167872119640364,log2fc,0.0151896239250261,0.0333003293740957,benjamini_hochberg,within_each_platform_da_table_as_released_by_motrpac_v1.3_dream_acute,provided,higher_in_numerator,MoTrPAC_human_precovid_sed_adu,motrpac_human_plasma_endur_post,motrpac_human_precovid_endur_post_3.5_4hr_vs_pre,metab-u-lrppos,
PE(O-37:2) [metab-u-lrppos] [refmet: PE(O-37:2)],PE(O-37:2),unclassified_no_refmet_match,0.0626674548663502,log2fc,0.0154963982037819,0.0337369502561501,benjamini_hochberg,within_each_platform_da_table_as_released_by_motrpac_v1.3_dream_acute,provided,higher_in_numerator,MoTrPAC_human_precovid_sed_adu,motrpac_human_plasma_endur_post,motrpac_human_precovid_endur_post_3.5_4hr_vs_pre,metab-u-lrppos,
PC(O-40:5)_isomer1 [metab-u-lrppos] [refmet: PC(O-40:5)_isomer1],PC(O-40:5)_isomer1,unclassified_no_refmet_match,0.0757708218878008,log2fc,0.0156029762230705,0.0338514397642395,benjamini_hochberg,within_each_platform_da_table_as_released_by_motrpac_v1.3_dream_acute,provided,higher_in_numerator,MoTrPAC_human_precovid_sed_adu,motrpac_human_plasma_endur_post,motrpac_human_precovid_endur_post_3.5_4hr_vs_pre,metab-u-lrppos,
Palmitoyl-EA [metab-u-hilicpos] [refmet: Palmitoyl-EA],Palmitoyl-EA,Fatty Acyls,0.214974935007264,log2fc,0.0183313028465933,0.0352525054742178,benjamini_hochberg,within_each_platform_da_table_as_released_by_motrpac_v1.3_dream_acute,provided,higher_in_numerator,MoTrPAC_human_precovid_sed_adu,motrpac_human_plasma_endur_post,motrpac_human_precovid_endur_post_3.5_4hr_vs_pre,metab-u-hilicpos,
PC(38:3)>PC(18:2_20:1) [metab-u-lrpneg] [refmet: PC(38:3)>PC(18:2_20:1)],PC(38:3)>PC(18:2_20:1),unclassified_no_refmet_match,0.0597862785524228,log2fc,0.0082541117643459,0.035505782351393,benjamini_hochberg,within_each_platform_da_table_as_released_by_motrpac_v1.3_dream_acute,provided,higher_in_numerator,MoTrPAC_human_precovid_sed_adu,motrpac_human_plasma_endur_post,motrpac_human_precovid_endur_post_3.5_4hr_vs_pre,metab-u-lrpneg,
Dimethylglycine [metab-u-hilicpos] [refmet: Dimethylglycine],Dimethylglycine,Organic acids,0.0446706883674288,log2fc,0.0194104863146858,0.037123880929727,benjamini_hochberg,within_each_platform_da_table_as_released_by_motrpac_v1.3_dream_acute,provided,higher_in_numerator,MoTrPAC_human_precovid_sed_adu,motrpac_human_plasma_endur_post,motrpac_human_precovid_endur_post_3.5_4hr_vs_pre,metab-u-hilicpos,
PC(40:6)>PC(16:0_24:6) [metab-u-lrpneg] [refmet: PC(40:6)>PC(16:0_24:6)],PC(40:6)>PC(16:0_24:6),unclassified_no_refmet_match,0.146944070073189,log2fc,0.0088550359230841,0.0374955427368096,benjamini_hochberg,within_each_platform_da_table_as_released_by_motrpac_v1.3_dream_acute,provided,higher_in_numerator,MoTrPAC_human_precovid_sed_adu,motrpac_human_plasma_endur_post,motrpac_human_precovid_endur_post_3.5_4hr_vs_pre,metab-u-lrpneg,
Car(12:2) [metab-u-lrppos] [refmet: Car(12:2)],Car(12:2),unclassified_no_refmet_match,0.139541028821203,log2fc,0.0176201950638504,0.0377266436323635,benjamini_hochberg,within_each_platform_da_table_as_released_by_motrpac_v1.3_dream_acute,provided,higher_in_numerator,MoTrPAC_human_precovid_sed_adu,motrpac_human_plasma_endur_post,motrpac_human_precovid_endur_post_3.5_4hr_vs_pre,metab-u-lrppos,
PC(38:2)_isomer2 [metab-u-lrppos] [refmet: PC(38:2)_isomer2],PC(38:2)_isomer2,unclassified_no_refmet_match,0.0761168413208786,log2fc,0.0176298350626515,0.0377266436323635,benjamini_hochberg,within_each_platform_da_table_as_released_by_motrpac_v1.3_dream_acute,provided,higher_in_numerator,MoTrPAC_human_precovid_sed_adu,motrpac_human_plasma_endur_post,motrpac_human_precovid_endur_post_3.5_4hr_vs_pre,metab-u-lrppos,
FA 18:4 [metab-u-lrpneg] [refmet: FA 18:4],FA 18:4,unclassified_no_refmet_match,0.219603799473372,log2fc,0.0097044472733889,0.0398470486528546,benjamini_hochberg,within_each_platform_da_table_as_released_by_motrpac_v1.3_dream_acute,provided,higher_in_numerator,MoTrPAC_human_precovid_sed_adu,motrpac_human_plasma_endur_post,motrpac_human_precovid_endur_post_3.5_4hr_vs_pre,metab-u-lrpneg,
PC(36:4) [metab-u-rppos] [refmet: PC(36:4)],PC(36:4),unclassified_no_refmet_match,0.257659773712653,log2fc,0.0183884631010789,0.0406709536823863,benjamini_hochberg,within_each_platform_da_table_as_released_by_motrpac_v1.3_dream_acute,provided,higher_in_numerator,MoTrPAC_human_precovid_sed_adu,motrpac_human_plasma_endur_post,motrpac_human_precovid_endur_post_3.5_4hr_vs_pre,metab-u-rppos,
DG(34:2) [metab-u-rppos] [refmet: DG(34:2)],DG(34:2),unclassified_no_refmet_match,0.17560112692037,log2fc,0.0190309344833533,0.041219896082349,benjamini_hochberg,within_each_platform_da_table_as_released_by_motrpac_v1.3_dream_acute,provided,higher_in_numerator,MoTrPAC_human_precovid_sed_adu,motrpac_human_plasma_endur_post,motrpac_human_precovid_endur_post_3.5_4hr_vs_pre,metab-u-rppos,
LPC(16:0)_rp_b [metab-u-rppos] [refmet: LPC(16:0)_rp_b],LPC(16:0)_rp_b,unclassified_no_refmet_match,0.118997200640397,log2fc,0.0190751646764062,0.041219896082349,benjamini_hochberg,within_each_platform_da_table_as_released_by_motrpac_v1.3_dream_acute,provided,higher_in_numerator,MoTrPAC_human_precovid_sed_adu,motrpac_human_plasma_endur_post,motrpac_human_precovid_endur_post_3.5_4hr_vs_pre,metab-u-rppos,
PC(34:1) [metab-u-rppos] [refmet: PC(34:1)],PC(34:1),unclassified_no_refmet_match,0.0982579415591971,log2fc,0.0195352372805338,0.0417343705538677,benjamini_hochberg,within_each_platform_da_table_as_released_by_motrpac_v1.3_dream_acute,provided,higher_in_numerator,MoTrPAC_human_precovid_sed_adu,motrpac_human_plasma_endur_post,motrpac_human_precovid_endur_post_3.5_4hr_vs_pre,metab-u-rppos,
SM(d38:1)_isomer1 [metab-u-lrppos] [refmet: SM(d38:1)_isomer1],SM(d38:1)_isomer1,unclassified_no_refmet_match,0.0629344294207996,log2fc,0.0195845026365894,0.0417669495004814,benjamini_hochberg,within_each_platform_da_table_as_released_by_motrpac_v1.3_dream_acute,provided,higher_in_numerator,MoTrPAC_human_precovid_sed_adu,motrpac_human_plasma_endur_post,motrpac_human_precovid_endur_post_3.5_4hr_vs_pre,metab-u-lrppos,
Margaric acid [metab-u-rpneg] [refmet: Margaric acid],Margaric acid,Fatty Acyls,0.258753398241407,log2fc,0.0256454416358068,0.0421908878524564,benjamini_hochberg,within_each_platform_da_table_as_released_by_motrpac_v1.3_dream_acute,provided,higher_in_numerator,MoTrPAC_human_precovid_sed_adu,motrpac_human_plasma_endur_post,motrpac_human_precovid_endur_post_3.5_4hr_vs_pre,metab-u-rpneg,
FA(22:6) [metab-u-lrpneg] [refmet: FA(22:6)],FA(22:6),unclassified_no_refmet_match,0.365290226125698,log2fc,0.0107291263774347,0.0433969141535044,benjamini_hochberg,within_each_platform_da_table_as_released_by_motrpac_v1.3_dream_acute,provided,higher_in_numerator,MoTrPAC_human_precovid_sed_adu,motrpac_human_plasma_endur_post,motrpac_human_precovid_endur_post_3.5_4hr_vs_pre,metab-u-lrpneg,
FA 28:7 [metab-u-lrpneg] [refmet: FA 28:7],FA 28:7,unclassified_no_refmet_match,0.249039862652708,log2fc,0.0111908257834912,0.0445987321665607,benjamini_hochberg,within_each_platform_da_table_as_released_by_motrpac_v1.3_dream_acute,provided,higher_in_numerator,MoTrPAC_human_precovid_sed_adu,motrpac_human_plasma_endur_post,motrpac_human_precovid_endur_post_3.5_4hr_vs_pre,metab-u-lrpneg,
PC(38:5)>PC(16:0_22:5) [metab-u-lrpneg] [refmet: PC(38:5)>PC(16:0_22:5)],PC(38:5)>PC(16:0_22:5),unclassified_no_refmet_match,0.159962714041892,log2fc,0.0116275191305082,0.0455437499435878,benjamini_hochberg,within_each_platform_da_table_as_released_by_motrpac_v1.3_dream_acute,provided,higher_in_numerator,MoTrPAC_human_precovid_sed_adu,motrpac_human_plasma_endur_post,motrpac_human_precovid_endur_post_3.5_4hr_vs_pre,metab-u-lrpneg,
PC(38:4)>PC(18:1_20:3) [metab-u-lrpneg] [refmet: PC(38:4)>PC(18:1_20:3)],PC(38:4)>PC(18:1_20:3),unclassified_no_refmet_match,0.140495530173155,log2fc,0.0117640682511112,0.0455437499435878,benjamini_hochberg,within_each_platform_da_table_as_released_by_motrpac_v1.3_dream_acute,provided,higher_in_numerator,MoTrPAC_human_precovid_sed_adu,motrpac_human_plasma_endur_post,motrpac_human_precovid_endur_post_3.5_4hr_vs_pre,metab-u-lrpneg,
DHA [metab-u-rpneg] [refmet: DHA],DHA,Fatty Acyls,0.252217643905649,log2fc,0.0293746460048379,0.0475589506744995,benjamini_hochberg,within_each_platform_da_table_as_released_by_motrpac_v1.3_dream_acute,provided,higher_in_numerator,MoTrPAC_human_precovid_sed_adu,motrpac_human_plasma_endur_post,motrpac_human_precovid_endur_post_3.5_4hr_vs_pre,metab-u-rpneg,
Cer 18:1;O2/16:0 [metab-u-hilicpos] [refmet: Cer 18:1;O2/16:0],Cer 18:1;O2/16:0,Sphingolipids,0.182759820043707,log2fc,0.0259181095528985,0.0490342613162945,benjamini_hochberg,within_each_platform_da_table_as_released_by_motrpac_v1.3_dream_acute,provided,higher_in_numerator,MoTrPAC_human_precovid_sed_adu,motrpac_human_plasma_endur_post,motrpac_human_precovid_endur_post_3.5_4hr_vs_pre,metab-u-hilicpos,
SM(d33:1) [metab-u-lrppos] [refmet: SM(d33:1)],SM(d33:1),unclassified_no_refmet_match,0.0592487192661082,log2fc,0.0234349266852724,0.0491428061259726,benjamini_hochberg,within_each_platform_da_table_as_released_by_motrpac_v1.3_dream_acute,provided,higher_in_numerator,MoTrPAC_human_precovid_sed_adu,motrpac_human_plasma_endur_post,motrpac_human_precovid_endur_post_3.5_4hr_vs_pre,metab-u-lrppos,
CAR(9:0) [metab-u-rppos] [refmet: CAR(9:0)],CAR(9:0),unclassified_no_refmet_match,-1.25101314091956,log2fc,1.0527854292675901e-44,1.97923660702307e-42,benjamini_hochberg,within_each_platform_da_table_as_released_by_motrpac_v1.3_dream_acute,provided,lower_in_numerator,MoTrPAC_human_precovid_sed_adu,motrpac_human_plasma_endur_post,motrpac_human_precovid_endur_post_3.5_4hr_vs_pre,metab-u-rppos,
CAR 3:0 [metab-u-hilicpos] [refmet: CAR 3:0],CAR 3:0,Fatty Acyls,-0.441452594959983,log2fc,5.7497996510666294e-36,2.8748998255333098e-34,benjamini_hochberg,within_each_platform_da_table_as_released_by_motrpac_v1.3_dream_acute,provided,lower_in_numerator,MoTrPAC_human_precovid_sed_adu,motrpac_human_plasma_endur_post,motrpac_human_precovid_endur_post_3.5_4hr_vs_pre,metab-u-hilicpos,
Car(3:0) [metab-u-lrppos] [refmet: Car(3:0)],Car(3:0),unclassified_no_refmet_match,-0.488679178920801,log2fc,6.56485922421102e-37,4.11616673358031e-34,benjamini_hochberg,within_each_platform_da_table_as_released_by_motrpac_v1.3_dream_acute,provided,lower_in_numerator,MoTrPAC_human_precovid_sed_adu,motrpac_human_plasma_endur_post,motrpac_human_precovid_endur_post_3.5_4hr_vs_pre,metab-u-lrppos,
CAR 9:0 [metab-u-hilicpos] [refmet: CAR 9:0],CAR 9:0,Fatty Acyls,-1.09565479991127,log2fc,3.48112859872215e-31,1.35377223283639e-29,benjamini_hochberg,within_each_platform_da_table_as_released_by_motrpac_v1.3_dream_acute,provided,lower_in_numerator,MoTrPAC_human_precovid_sed_adu,motrpac_human_plasma_endur_post,motrpac_human_precovid_endur_post_3.5_4hr_vs_pre,metab-u-hilicpos,
LPC(14:0)>LPC(0:0/14:0) [metab-u-lrppos] [refmet: LPC(14:0)>LPC(0:0/14:0)],LPC(14:0)>LPC(0:0/14:0),unclassified_no_refmet_match,-0.324054805206973,log2fc,6.21103083453472e-26,8.21837455296741e-24,benjamini_hochberg,within_each_platform_da_table_as_released_by_motrpac_v1.3_dream_acute,provided,lower_in_numerator,MoTrPAC_human_precovid_sed_adu,motrpac_human_plasma_endur_post,motrpac_human_precovid_endur_post_3.5_4hr_vs_pre,metab-u-lrppos,
LPC 18:2 [metab-u-hilicpos] [refmet: LPC 18:2],LPC 18:2,Glycerophospholipids,-0.315003941946735,log2fc,3.78234019530811e-24,1.20347188032531e-22,benjamini_hochberg,within_each_platform_da_table_as_released_by_motrpac_v1.3_dream_acute,provided,lower_in_numerator,MoTrPAC_human_precovid_sed_adu,motrpac_human_plasma_endur_post,motrpac_human_precovid_endur_post_3.5_4hr_vs_pre,metab-u-hilicpos,
Tyrosine [metab-t-amines] [refmet: Tyrosine],Tyrosine,Organic acids,-0.224936036709997,log2fc,1.0736715494089e-22,3.97258473281292e-21,benjamini_hochberg,within_each_platform_da_table_as_released_by_motrpac_v1.3_dream_acute,provided,lower_in_numerator,MoTrPAC_human_precovid_sed_adu,motrpac_human_plasma_endur_post,motrpac_human_precovid_endur_post_3.5_4hr_vs_pre,metab-t-amines,
LPC(18:2)_isomer2 [metab-u-lrpneg] [refmet: LPC(18:2)_isomer2],LPC(18:2)_isomer2,unclassified_no_refmet_match,-0.386603633857465,log2fc,5.86317285522475e-23,1.58891984376591e-20,benjamini_hochberg,within_each_platform_da_table_as_released_by_motrpac_v1.3_dream_acute,provided,lower_in_numerator,MoTrPAC_human_precovid_sed_adu,motrpac_human_plasma_endur_post,motrpac_human_precovid_endur_post_3.5_4hr_vs_pre,metab-u-lrpneg,
PE(36:1) [metab-u-lrppos] [refmet: PE(36:1)],PE(36:1),unclassified_no_refmet_match,-0.464799772551096,log2fc,9.61902597174908e-21,5.482844803896981e-19,benjamini_hochberg,within_each_platform_da_table_as_released_by_motrpac_v1.3_dream_acute,provided,lower_in_numerator,MoTrPAC_human_precovid_sed_adu,motrpac_human_plasma_endur_post,motrpac_human_precovid_endur_post_3.5_4hr_vs_pre,metab-u-lrppos,
TG(44:2) [metab-u-lrppos] [refmet: TG(44:2)],TG(44:2),unclassified_no_refmet_match,-1.03113728209855,log2fc,1.63560031463404e-20,8.54601164396288e-19,benjamini_hochberg,within_each_platform_da_table_as_released_by_motrpac_v1.3_dream_acute,provided,lower_in_numerator,MoTrPAC_human_precovid_sed_adu,motrpac_human_plasma_endur_post,motrpac_human_precovid_endur_post_3.5_4hr_vs_pre,metab-u-lrppos,
TG(42:1) [metab-u-lrppos] [refmet: TG(42:1)],TG(42:1),unclassified_no_refmet_match,-1.28316456835411,log2fc,2.41343104803547e-20,1.1462406955065399e-18,benjamini_hochberg,within_each_platform_da_table_as_released_by_motrpac_v1.3_dream_acute,provided,lower_in_numerator,MoTrPAC_human_precovid_sed_adu,motrpac_human_plasma_endur_post,motrpac_human_precovid_endur_post_3.5_4hr_vs_pre,metab-u-lrppos,
Chenodeoxycholic acid\Deoxycholic acid [metab-u-rpneg] [refmet: Chenodeoxycholic acid\Deoxycholic acid],Chenodeoxycholic acid\Deoxycholic acid,unclassified_no_refmet_match,-1.08003400366465,log2fc,1.5278803554066801e-19,3.89609490628704e-18,benjamini_hochberg,within_each_platform_da_table_as_released_by_motrpac_v1.3_dream_acute,provided,lower_in_numerator,MoTrPAC_human_precovid_sed_adu,motrpac_human_plasma_endur_post,motrpac_human_precovid_endur_post_3.5_4hr_vs_pre,metab-u-rpneg,
TG(42:2) [metab-u-lrppos] [refmet: TG(42:2)],TG(42:2),unclassified_no_refmet_match,-1.09143638604767,log2fc,2.2351864667896903e-19,9.34307943118092e-18,benjamini_hochberg,within_each_platform_da_table_as_released_by_motrpac_v1.3_dream_acute,provided,lower_in_numerator,MoTrPAC_human_precovid_sed_adu,motrpac_human_plasma_endur_post,motrpac_human_precovid_endur_post_3.5_4hr_vs_pre,metab-u-lrppos,
TG(44:1) [metab-u-lrppos] [refmet: TG(44:1)],TG(44:1),unclassified_no_refmet_match,-0.98596404216822,log2fc,4.0345190574677e-19,1.5810271556451602e-17,benjamini_hochberg,within_each_platform_da_table_as_released_by_motrpac_v1.3_dream_acute,provided,lower_in_numerator,MoTrPAC_human_precovid_sed_adu,motrpac_human_plasma_endur_post,motrpac_human_precovid_endur_post_3.5_4hr_vs_pre,metab-u-lrppos,
Protocatechuic acid [metab-u-rpneg] [refmet: Protocatechuic acid],Protocatechuic acid,Benzenoids,-0.637784535291349,log2fc,8.4450620895013e-19,1.7227926662582702e-17,benjamini_hochberg,within_each_platform_da_table_as_released_by_motrpac_v1.3_dream_acute,provided,lower_in_numerator,MoTrPAC_human_precovid_sed_adu,motrpac_human_plasma_endur_post,motrpac_human_precovid_endur_post_3.5_4hr_vs_pre,metab-u-rpneg,
LPC 20:5 [metab-u-hilicpos] [refmet: LPC 20:5],LPC 20:5,Glycerophospholipids,-0.263564663942137,log2fc,1.1546933559259499e-18,2.3708953873767202e-17,benjamini_hochberg,within_each_platform_da_table_as_released_by_motrpac_v1.3_dream_acute,provided,lower_in_numerator,MoTrPAC_human_precovid_sed_adu,motrpac_human_plasma_endur_post,motrpac_human_precovid_endur_post_3.5_4hr_vs_pre,metab-u-hilicpos,
N-Acetyl-D-tryptophan [metab-u-hilicpos] [refmet: N-Acetyl-D-tryptophan],N-Acetyl-D-tryptophan,Organic acids,-0.433133774165327,log2fc,1.4090229860555499e-18,2.4657902255972102e-17,benjamini_hochberg,within_each_platform_da_table_as_released_by_motrpac_v1.3_dream_acute,provided,lower_in_numerator,MoTrPAC_human_precovid_sed_adu,motrpac_human_plasma_endur_post,motrpac_human_precovid_endur_post_3.5_4hr_vs_pre,metab-u-hilicpos,
Threonine [metab-t-amines] [refmet: Threonine],Threonine,Organic acids,-0.197110363667173,log2fc,1.88175564733417e-18,3.48124794756822e-17,benjamini_hochberg,within_each_platform_da_table_as_released_by_motrpac_v1.3_dream_acute,provided,lower_in_numerator,MoTrPAC_human_precovid_sed_adu,motrpac_human_plasma_endur_post,motrpac_human_precovid_endur_post_3.5_4hr_vs_pre,metab-t-amines,
LPC(18:2)>LPC(0:0/18:2) [metab-u-lrppos] [refmet: LPC(18:2)>LPC(0:0/18:2)],LPC(18:2)>LPC(0:0/18:2),unclassified_no_refmet_match,-0.453835081106718,log2fc,1.4966975335300199e-18,5.2134964084629104e-17,benjamini_hochberg,within_each_platform_da_table_as_released_by_motrpac_v1.3_dream_acute,provided,lower_in_numerator,MoTrPAC_human_precovid_sed_adu,motrpac_human_plasma_endur_post,motrpac_human_precovid_endur_post_3.5_4hr_vs_pre,metab-u-lrppos,
Hyodeoxycholic acid [metab-u-rpneg] [refmet: Hyodeoxycholic acid],Hyodeoxycholic acid,Sterol Lipids,-0.909142550078805,log2fc,4.9324761342296495e-18,7.18732236702034e-17,benjamini_hochberg,within_each_platform_da_table_as_released_by_motrpac_v1.3_dream_acute,provided,lower_in_numerator,MoTrPAC_human_precovid_sed_adu,motrpac_human_plasma_endur_post,motrpac_human_precovid_endur_post_3.5_4hr_vs_pre,metab-u-rpneg,
TG(56:2) [metab-u-lrppos] [refmet: TG(56:2)],TG(56:2),unclassified_no_refmet_match,-0.619655593052617,log2fc,5.47026618488944e-18,1.71492844896284e-16,benjamini_hochberg,within_each_platform_da_table_as_released_by_motrpac_v1.3_dream_acute,provided,lower_in_numerator,MoTrPAC_human_precovid_sed_adu,motrpac_human_plasma_endur_post,motrpac_human_precovid_endur_post_3.5_4hr_vs_pre,metab-u-lrppos,
TG(46:4) [metab-u-lrppos] [refmet: TG(46:4)],TG(46:4),unclassified_no_refmet_match,-0.743007516924557,log2fc,1.62429408161785e-17,4.62923813261088e-16,benjamini_hochberg,within_each_platform_da_table_as_released_by_motrpac_v1.3_dream_acute,provided,lower_in_numerator,MoTrPAC_human_precovid_sed_adu,motrpac_human_plasma_endur_post,motrpac_human_precovid_endur_post_3.5_4hr_vs_pre,metab-u-lrppos,
Proline [metab-t-amines] [refmet: Proline],Proline,Organic acids,-0.188361112712572,log2fc,3.8513521186776604e-17,4.75000094636911e-16,benjamini_hochberg,within_each_platform_da_table_as_released_by_motrpac_v1.3_dream_acute,provided,lower_in_numerator,MoTrPAC_human_precovid_sed_adu,motrpac_human_plasma_endur_post,motrpac_human_precovid_endur_post_3.5_4hr_vs_pre,metab-t-amines,
Hippuric acid [metab-u-rppos] [refmet: Hippuric acid],Hippuric acid,Benzenoids,-0.960828136654936,log2fc,3.03538995261378e-17,1.9021777036379702e-15,benjamini_hochberg,within_each_platform_da_table_as_released_by_motrpac_v1.3_dream_acute,provided,lower_in_numerator,MoTrPAC_human_precovid_sed_adu,motrpac_human_plasma_endur_post,motrpac_human_precovid_endur_post_3.5_4hr_vs_pre,metab-u-rppos,
TG(40:0) [metab-u-lrppos] [refmet: TG(40:0)],TG(40:0),unclassified_no_refmet_match,-1.38402861577482,log2fc,1.2461018228309e-16,3.2554410121457404e-15,benjamini_hochberg,within_each_platform_da_table_as_released_by_motrpac_v1.3_dream_acute,provided,lower_in_numerator,MoTrPAC_human_precovid_sed_adu,motrpac_human_plasma_endur_post,motrpac_human_precovid_endur_post_3.5_4hr_vs_pre,metab-u-lrppos,
PC(36:4)_isomer1 [metab-u-lrppos] [refmet: PC(36:4)_isomer1],PC(36:4)_isomer1,unclassified_no_refmet_match,-0.356323539052852,log2fc,1.21473448247524e-16,3.2554410121457404e-15,benjamini_hochberg,within_each_platform_da_table_as_released_by_motrpac_v1.3_dream_acute,provided,lower_in_numerator,MoTrPAC_human_precovid_sed_adu,motrpac_human_plasma_endur_post,motrpac_human_precovid_endur_post_3.5_4hr_vs_pre,metab-u-lrppos,
Tryptophan [metab-t-amines] [refmet: Tryptophan],Tryptophan,Organic acids,-0.224783750252922,log2fc,3.70154202652774e-16,3.4239263745381502e-15,benjamini_hochberg,within_each_platform_da_table_as_released_by_motrpac_v1.3_dream_acute,provided,lower_in_numerator,MoTrPAC_human_precovid_sed_adu,motrpac_human_plasma_endur_post,motrpac_human_precovid_endur_post_3.5_4hr_vs_pre,metab-t-amines,
Tryptophan [metab-u-hilicpos] [refmet: Tryptophan],Tryptophan,Organic acids,-0.200778587476513,log2fc,2.33734266794065e-16,3.55682579904011e-15,benjamini_hochberg,within_each_platform_da_table_as_released_by_motrpac_v1.3_dream_acute,provided,lower_in_numerator,MoTrPAC_human_precovid_sed_adu,motrpac_human_plasma_endur_post,motrpac_human_precovid_endur_post_3.5_4hr_vs_pre,metab-u-hilicpos,
CAR(4:0)_rp_a [metab-u-rppos] [refmet: CAR(4:0)_rp_a],CAR(4:0)_rp_a,unclassified_no_refmet_match,-0.604954033663567,log2fc,1.4997642855389399e-16,7.048892142033041e-15,benjamini_hochberg,within_each_platform_da_table_as_released_by_motrpac_v1.3_dream_acute,provided,lower_in_numerator,MoTrPAC_human_precovid_sed_adu,motrpac_human_plasma_endur_post,motrpac_human_precovid_endur_post_3.5_4hr_vs_pre,metab-u-rppos,
LPC(18:2)>LPC(18:2/0:0) [metab-u-lrppos] [refmet: LPC(18:2)>LPC(18:2/0:0)],LPC(18:2)>LPC(18:2/0:0),unclassified_no_refmet_match,-0.427060649917383,log2fc,4.20062673408301e-16,1.01299729318079e-14,benjamini_hochberg,within_each_platform_da_table_as_released_by_motrpac_v1.3_dream_acute,provided,lower_in_numerator,MoTrPAC_human_precovid_sed_adu,motrpac_human_plasma_endur_post,motrpac_human_precovid_endur_post_3.5_4hr_vs_pre,metab-u-lrppos,
N-6-Trimethyllysine [metab-u-hilicpos] [refmet: N-6-Trimethyllysine],N-6-Trimethyllysine,Organic acids,-0.309082241764003,log2fc,7.16275450423492e-16,1.0445683652009301e-14,benjamini_hochberg,within_each_platform_da_table_as_released_by_motrpac_v1.3_dream_acute,provided,lower_in_numerator,MoTrPAC_human_precovid_sed_adu,motrpac_human_plasma_endur_post,motrpac_human_precovid_endur_post_3.5_4hr_vs_pre,metab-u-hilicpos,
TG(42:0)>TG(12:0_14:0_16:0) [metab-u-lrppos] [refmet: TG(42:0)>TG(12:0_14:0_16:0)],TG(42:0)>TG(12:0_14:0_16:0),unclassified_no_refmet_match,-1.16802602971805,log2fc,6.01639063838673e-16,1.3971396038031401e-14,benjamini_hochberg,within_each_platform_da_table_as_released_by_motrpac_v1.3_dream_acute,provided,lower_in_numerator,MoTrPAC_human_precovid_sed_adu,motrpac_human_plasma_endur_post,motrpac_human_precovid_endur_post_3.5_4hr_vs_pre,metab-u-lrppos,
TG(50:6) [metab-u-lrppos] [refmet: TG(50:6)],TG(50:6),unclassified_no_refmet_match,-0.543614457763045,log2fc,9.88136303787492e-16,2.21271950883842e-14,benjamini_hochberg,within_each_platform_da_table_as_released_by_motrpac_v1.3_dream_acute,provided,lower_in_numerator,MoTrPAC_human_precovid_sed_adu,motrpac_human_plasma_endur_post,motrpac_human_precovid_endur_post_3.5_4hr_vs_pre,metab-u-lrppos,
Hippuric acid [metab-u-hilicpos] [refmet: Hippuric acid],Hippuric acid,Benzenoids,-0.891037914589612,log2fc,3.96008807950703e-15,4.7794166476809e-14,benjamini_hochberg,within_each_platform_da_table_as_released_by_motrpac_v1.3_dream_acute,provided,lower_in_numerator,MoTrPAC_human_precovid_sed_adu,motrpac_human_plasma_endur_post,motrpac_human_precovid_endur_post_3.5_4hr_vs_pre,metab-u-hilicpos,
TG(44:3) [metab-u-lrppos] [refmet: TG(44:3)],TG(44:3),unclassified_no_refmet_match,-0.817910739011314,log2fc,2.3309854358176903e-15,5.03975126985411e-14,benjamini_hochberg,within_each_platform_da_table_as_released_by_motrpac_v1.3_dream_acute,provided,lower_in_numerator,MoTrPAC_human_precovid_sed_adu,motrpac_human_plasma_endur_post,motrpac_human_precovid_endur_post_3.5_4hr_vs_pre,metab-u-lrppos,
Tryptophan [metab-u-rppos] [refmet: Tryptophan],Tryptophan,Organic acids,-0.258720174378364,log2fc,1.62267713760602e-15,6.101266037398641e-14,benjamini_hochberg,within_each_platform_da_table_as_released_by_motrpac_v1.3_dream_acute,provided,lower_in_numerator,MoTrPAC_human_precovid_sed_adu,motrpac_human_plasma_endur_post,motrpac_human_precovid_endur_post_3.5_4hr_vs_pre,metab-u-rppos,
Tryptophan [metab-u-ionpneg] [refmet: Tryptophan],Tryptophan,Organic acids,-0.391157261159655,log2fc,1.1842559159730301e-15,7.2239610874355e-14,benjamini_hochberg,within_each_platform_da_table_as_released_by_motrpac_v1.3_dream_acute,provided,lower_in_numerator,MoTrPAC_human_precovid_sed_adu,motrpac_human_plasma_endur_post,motrpac_human_precovid_endur_post_3.5_4hr_vs_pre,metab-u-ionpneg,
Hydroxydecanoic acid [metab-u-rpneg] [refmet: Hydroxydecanoic acid],Hydroxydecanoic acid,Fatty Acyls,-0.494355146905566,log2fc,7.154757716806101e-15,8.10872541238024e-14,benjamini_hochberg,within_each_platform_da_table_as_released_by_motrpac_v1.3_dream_acute,provided,lower_in_numerator,MoTrPAC_human_precovid_sed_adu,motrpac_human_plasma_endur_post,motrpac_human_precovid_endur_post_3.5_4hr_vs_pre,metab-u-rpneg,
Tryptophan [metab-u-rpneg] [refmet: Tryptophan],Tryptophan,Organic acids,-0.378930968905415,log2fc,6.8975348957248005e-15,8.10872541238024e-14,benjamini_hochberg,within_each_platform_da_table_as_released_by_motrpac_v1.3_dream_acute,provided,lower_in_numerator,MoTrPAC_human_precovid_sed_adu,motrpac_human_plasma_endur_post,motrpac_human_precovid_endur_post_3.5_4hr_vs_pre,metab-u-rpneg,
Car(4:0) [metab-u-lrppos] [refmet: Car(4:0)],Car(4:0),unclassified_no_refmet_match,-0.325605101457317,log2fc,4.1716159385641506e-15,8.71867731159908e-14,benjamini_hochberg,within_each_platform_da_table_as_released_by_motrpac_v1.3_dream_acute,provided,lower_in_numerator,MoTrPAC_human_precovid_sed_adu,motrpac_human_plasma_endur_post,motrpac_human_precovid_endur_post_3.5_4hr_vs_pre,metab-u-lrppos,
DMGV [metab-u-hilicpos] [refmet: DMGV],DMGV,Organic acids,-0.428872086313,log2fc,8.000897496841041e-15,9.33438041298122e-14,benjamini_hochberg,within_each_platform_da_table_as_released_by_motrpac_v1.3_dream_acute,provided,lower_in_numerator,MoTrPAC_human_precovid_sed_adu,motrpac_human_plasma_endur_post,motrpac_human_precovid_endur_post_3.5_4hr_vs_pre,metab-u-hilicpos,
gamma-Glutamyltyrosine [metab-u-rppos] [refmet: gamma-Glutamyltyrosine],gamma-Glutamyltyrosine,Organic acids,-0.406829293984595,log2fc,4.7487747896384e-15,1.4879494340867e-13,benjamini_hochberg,within_each_platform_da_table_as_released_by_motrpac_v1.3_dream_acute,provided,lower_in_numerator,MoTrPAC_human_precovid_sed_adu,motrpac_human_plasma_endur_post,motrpac_human_precovid_endur_post_3.5_4hr_vs_pre,metab-u-rppos,
Trigonelline [metab-u-hilicpos] [refmet: Trigonelline],Trigonelline,Alkaloids,-0.588867359081821,log2fc,1.48294386467133e-14,1.62196985198426e-13,benjamini_hochberg,within_each_platform_da_table_as_released_by_motrpac_v1.3_dream_acute,provided,lower_in_numerator,MoTrPAC_human_precovid_sed_adu,motrpac_human_plasma_endur_post,motrpac_human_precovid_endur_post_3.5_4hr_vs_pre,metab-u-hilicpos,
TG(46:2) [metab-u-lrppos] [refmet: TG(46:2)],TG(46:2),unclassified_no_refmet_match,-0.580064861314533,log2fc,1.02541058874245e-14,1.89097776218094e-13,benjamini_hochberg,within_each_platform_da_table_as_released_by_motrpac_v1.3_dream_acute,provided,lower_in_numerator,MoTrPAC_human_precovid_sed_adu,motrpac_human_plasma_endur_post,motrpac_human_precovid_endur_post_3.5_4hr_vs_pre,metab-u-lrppos,
Threonine [metab-u-ionpneg] [refmet: Threonine],Threonine,Organic acids,-0.201128704767079,log2fc,6.3581657844452e-15,1.93924056425579e-13,benjamini_hochberg,within_each_platform_da_table_as_released_by_motrpac_v1.3_dream_acute,provided,lower_in_numerator,MoTrPAC_human_precovid_sed_adu,motrpac_human_plasma_endur_post,motrpac_human_precovid_endur_post_3.5_4hr_vs_pre,metab-u-ionpneg,
TG 44:2 [metab-u-hilicpos] [refmet: TG 44:2],TG 44:2,Glycerolipids,-1.55482948977017,log2fc,2.94529890975199e-14,3.0319253482741e-13,benjamini_hochberg,within_each_platform_da_table_as_released_by_motrpac_v1.3_dream_acute,provided,lower_in_numerator,MoTrPAC_human_precovid_sed_adu,motrpac_human_plasma_endur_post,motrpac_human_precovid_endur_post_3.5_4hr_vs_pre,metab-u-hilicpos,
Methionine sulfoxide [metab-u-hilicpos] [refmet: Methionine sulfoxide],Methionine sulfoxide,Organic acids,-0.325779986985779,log2fc,2.93442690701586e-14,3.0319253482741e-13,benjamini_hochberg,within_each_platform_da_table_as_released_by_motrpac_v1.3_dream_acute,provided,lower_in_numerator,MoTrPAC_human_precovid_sed_adu,motrpac_human_plasma_endur_post,motrpac_human_precovid_endur_post_3.5_4hr_vs_pre,metab-u-hilicpos,
TG(54:1)>TG(18:0_18:0_18:1)_and_TG(16:1_18:0_20:0)_and_TG(16:0_18:0_20:1) [metab-u-lrppos] [refmet: TG(54:1)>TG(18:0_18:0_18:1)_and_TG(16:1_18:0_20:0)_and_TG(16:0_18:0_20:1)],TG(54:1)>TG(18:0_18:0_18:1)_and_TG(16:1_18:0_20:0)_and_TG(16:0_18:0_20:1),unclassified_no_refmet_match,-0.612391595013346,log2fc,1.8185360655602102e-14,3.25777746601787e-13,benjamini_hochberg,within_each_platform_da_table_as_released_by_motrpac_v1.3_dream_acute,provided,lower_in_numerator,MoTrPAC_human_precovid_sed_adu,motrpac_human_plasma_endur_post,motrpac_human_precovid_endur_post_3.5_4hr_vs_pre,metab-u-lrppos,
TG(48:3)_isomer1 [metab-u-lrppos] [refmet: TG(48:3)_isomer1],TG(48:3)_isomer1,unclassified_no_refmet_match,-0.446081520616836,log2fc,2.2378750192005402e-14,3.89763232510762e-13,benjamini_hochberg,within_each_platform_da_table_as_released_by_motrpac_v1.3_dream_acute,provided,lower_in_numerator,MoTrPAC_human_precovid_sed_adu,motrpac_human_plasma_endur_post,motrpac_human_precovid_endur_post_3.5_4hr_vs_pre,metab-u-lrppos,
LPE(18:1)>LPE(18:1/0:0) [metab-u-lrppos] [refmet: LPE(18:1)>LPE(18:1/0:0)],LPE(18:1)>LPE(18:1/0:0),unclassified_no_refmet_match,-0.33712095544827,log2fc,4.3692144010568704e-14,7.404047106655819e-13,benjamini_hochberg,within_each_platform_da_table_as_released_by_motrpac_v1.3_dream_acute,provided,lower_in_numerator,MoTrPAC_human_precovid_sed_adu,motrpac_human_plasma_endur_post,motrpac_human_precovid_endur_post_3.5_4hr_vs_pre,metab-u-lrppos,
Proline [metab-u-ionpneg] [refmet: Proline],Proline,Organic acids,-0.225597861200217,log2fc,9.322779448133221e-14,1.89563182112042e-12,benjamini_hochberg,within_each_platform_da_table_as_released_by_motrpac_v1.3_dream_acute,provided,lower_in_numerator,MoTrPAC_human_precovid_sed_adu,motrpac_human_plasma_endur_post,motrpac_human_precovid_endur_post_3.5_4hr_vs_pre,metab-u-ionpneg,
Pro-Phe [metab-u-rppos] [refmet: Pro-Phe],Pro-Phe,Organic acids,-0.343807143993043,log2fc,7.09209118410313e-14,1.9047330608734098e-12,benjamini_hochberg,within_each_platform_da_table_as_released_by_motrpac_v1.3_dream_acute,provided,lower_in_numerator,MoTrPAC_human_precovid_sed_adu,motrpac_human_plasma_endur_post,motrpac_human_precovid_endur_post_3.5_4hr_vs_pre,metab-u-rppos,
Leucine/Isoleucine [metab-u-rpneg] [refmet: Leucine/Isoleucine],Leucine/Isoleucine,Organic acids,-0.266060216551786,log2fc,2.63919040300145e-13,2.69197421106148e-12,benjamini_hochberg,within_each_platform_da_table_as_released_by_motrpac_v1.3_dream_acute,provided,lower_in_numerator,MoTrPAC_human_precovid_sed_adu,motrpac_human_plasma_endur_post,motrpac_human_precovid_endur_post_3.5_4hr_vs_pre,metab-u-rpneg,
"isoquinoline-1,5-diol [metab-u-hilicpos] [refmet: isoquinoline-1,5-diol]","isoquinoline-1,5-diol",Organoheterocyclic compounds,-1.30098589393952,log2fc,3.62547206246712e-13,3.5247645051763696e-12,benjamini_hochberg,within_each_platform_da_table_as_released_by_motrpac_v1.3_dream_acute,provided,lower_in_numerator,MoTrPAC_human_precovid_sed_adu,motrpac_human_plasma_endur_post,motrpac_human_precovid_endur_post_3.5_4hr_vs_pre,metab-u-hilicpos,
N-Acetylarginine [metab-u-hilicpos] [refmet: N-Acetylarginine],N-Acetylarginine,Organic acids,-0.2586708473876,log2fc,3.91964931260439e-13,3.70777637678794e-12,benjamini_hochberg,within_each_platform_da_table_as_released_by_motrpac_v1.3_dream_acute,provided,lower_in_numerator,MoTrPAC_human_precovid_sed_adu,motrpac_human_plasma_endur_post,motrpac_human_precovid_endur_post_3.5_4hr_vs_pre,metab-u-hilicpos,
TG(58:1) [metab-u-lrppos] [refmet: TG(58:1)],TG(58:1),unclassified_no_refmet_match,-0.837073480494556,log2fc,2.3703208238267697e-13,3.71547789134847e-12,benjamini_hochberg,within_each_platform_da_table_as_released_by_motrpac_v1.3_dream_acute,provided,lower_in_numerator,MoTrPAC_human_precovid_sed_adu,motrpac_human_plasma_endur_post,motrpac_human_precovid_endur_post_3.5_4hr_vs_pre,metab-u-lrppos,
Tyrosine [metab-u-hilicpos] [refmet: Tyrosine],Tyrosine,Organic acids,-0.145301970502008,log2fc,6.24083521559352e-13,5.74813769857298e-12,benjamini_hochberg,within_each_platform_da_table_as_released_by_motrpac_v1.3_dream_acute,provided,lower_in_numerator,MoTrPAC_human_precovid_sed_adu,motrpac_human_plasma_endur_post,motrpac_human_precovid_endur_post_3.5_4hr_vs_pre,metab-u-hilicpos,
Hydroxyproline [metab-t-amines] [refmet: Hydroxyproline],Hydroxyproline,Organic acids,-0.323128549458022,log2fc,9.145733001998e-13,6.76784242147852e-12,benjamini_hochberg,within_each_platform_da_table_as_released_by_motrpac_v1.3_dream_acute,provided,lower_in_numerator,MoTrPAC_human_precovid_sed_adu,motrpac_human_plasma_endur_post,motrpac_human_precovid_endur_post_3.5_4hr_vs_pre,metab-t-amines,
1-Methyluric acid [metab-u-hilicpos] [refmet: 1-Methyluric acid],1-Methyluric acid,Nucleic acids,-0.656271792309607,log2fc,1.1574071262345499e-12,1.0127312354552299e-11,benjamini_hochberg,within_each_platform_da_table_as_released_by_motrpac_v1.3_dream_acute,provided,lower_in_numerator,MoTrPAC_human_precovid_sed_adu,motrpac_human_plasma_endur_post,motrpac_human_precovid_endur_post_3.5_4hr_vs_pre,metab-u-hilicpos,
TG 46:2 [metab-u-hilicpos] [refmet: TG 46:2],TG 46:2,Glycerolipids,-0.615544574199792,log2fc,1.2409316365652199e-12,1.05933188487275e-11,benjamini_hochberg,within_each_platform_da_table_as_released_by_motrpac_v1.3_dream_acute,provided,lower_in_numerator,MoTrPAC_human_precovid_sed_adu,motrpac_human_plasma_endur_post,motrpac_human_precovid_endur_post_3.5_4hr_vs_pre,metab-u-hilicpos,
TG(47:2) [metab-u-lrppos] [refmet: TG(47:2)],TG(47:2),unclassified_no_refmet_match,-0.494624054982303,log2fc,1.03722742778159e-12,1.5861990176074598e-11,benjamini_hochberg,within_each_platform_da_table_as_released_by_motrpac_v1.3_dream_acute,provided,lower_in_numerator,MoTrPAC_human_precovid_sed_adu,motrpac_human_plasma_endur_post,motrpac_human_precovid_endur_post_3.5_4hr_vs_pre,metab-u-lrppos,
Cortisone [metab-u-rppos] [refmet: Cortisone],Cortisone,Sterol Lipids,-0.473198537858018,log2fc,8.11890213123784e-13,1.6959484451919e-11,benjamini_hochberg,within_each_platform_da_table_as_released_by_motrpac_v1.3_dream_acute,provided,lower_in_numerator,MoTrPAC_human_precovid_sed_adu,motrpac_human_plasma_endur_post,motrpac_human_precovid_endur_post_3.5_4hr_vs_pre,metab-u-rppos,
3-Hydroxybenzoic acid [metab-u-rpneg] [refmet: 3-Hydroxybenzoic acid],3-Hydroxybenzoic acid,Benzenoids,-0.81818021914992,log2fc,2.1670057769808597e-12,2.0094053568368002e-11,benjamini_hochberg,within_each_platform_da_table_as_released_by_motrpac_v1.3_dream_acute,provided,lower_in_numerator,MoTrPAC_human_precovid_sed_adu,motrpac_human_plasma_endur_post,motrpac_human_precovid_endur_post_3.5_4hr_vs_pre,metab-u-rpneg,
TG(56:1) [metab-u-lrppos] [refmet: TG(56:1)],TG(56:1),unclassified_no_refmet_match,-0.694031928611331,log2fc,1.36797026449293e-12,2.04218418056445e-11,benjamini_hochberg,within_each_platform_da_table_as_released_by_motrpac_v1.3_dream_acute,provided,lower_in_numerator,MoTrPAC_human_precovid_sed_adu,motrpac_human_plasma_endur_post,motrpac_human_precovid_endur_post_3.5_4hr_vs_pre,metab-u-lrppos,
TG(44:0)>TG(12:0_16:0_16:0)_and_TG(14:0_14:0_16:0) [metab-u-lrppos] [refmet: TG(44:0)>TG(12:0_16:0_16:0)_and_TG(14:0_14:0_16:0)],TG(44:0)>TG(12:0_16:0_16:0)_and_TG(14:0_14:0_16:0),unclassified_no_refmet_match,-0.817792857340365,log2fc,1.54437561187039e-12,2.25191513637845e-11,benjamini_hochberg,within_each_platform_da_table_as_released_by_motrpac_v1.3_dream_acute,provided,lower_in_numerator,MoTrPAC_human_precovid_sed_adu,motrpac_human_plasma_endur_post,motrpac_human_precovid_endur_post_3.5_4hr_vs_pre,metab-u-lrppos,
Car(13:1) [metab-u-lrppos] [refmet: Car(13:1)],Car(13:1),unclassified_no_refmet_match,-0.392880832677662,log2fc,3.2617976552051697e-12,4.64806165866737e-11,benjamini_hochberg,within_each_platform_da_table_as_released_by_motrpac_v1.3_dream_acute,provided,lower_in_numerator,MoTrPAC_human_precovid_sed_adu,motrpac_human_plasma_endur_post,motrpac_human_precovid_endur_post_3.5_4hr_vs_pre,metab-u-lrppos,
Adipic acid [metab-u-rppos] [refmet: Adipic acid],Adipic acid,Fatty Acyls,-0.3095727141929,log2fc,2.66162637079557e-12,5.0038575770956695e-11,benjamini_hochberg,within_each_platform_da_table_as_released_by_motrpac_v1.3_dream_acute,provided,lower_in_numerator,MoTrPAC_human_precovid_sed_adu,motrpac_human_plasma_endur_post,motrpac_human_precovid_endur_post_3.5_4hr_vs_pre,metab-u-rppos,
LPC(18:3) [metab-u-lrppos] [refmet: LPC(18:3)],LPC(18:3),unclassified_no_refmet_match,-0.382062137630683,log2fc,5.05335201734326e-12,6.88793851059614e-11,benjamini_hochberg,within_each_platform_da_table_as_released_by_motrpac_v1.3_dream_acute,provided,lower_in_numerator,MoTrPAC_human_precovid_sed_adu,motrpac_human_plasma_endur_post,motrpac_human_precovid_endur_post_3.5_4hr_vs_pre,metab-u-lrppos,
Muricholic acid [metab-u-rpneg] [refmet: Muricholic acid],Muricholic acid,Sterol Lipids,-0.612212229257658,log2fc,1.2804519200287499e-11,1.08838413202444e-10,benjamini_hochberg,within_each_platform_da_table_as_released_by_motrpac_v1.3_dream_acute,provided,lower_in_numerator,MoTrPAC_human_precovid_sed_adu,motrpac_human_plasma_endur_post,motrpac_human_precovid_endur_post_3.5_4hr_vs_pre,metab-u-rpneg,
Hydroxyproline [metab-u-hilicpos] [refmet: Hydroxyproline],Hydroxyproline,Organic acids,-0.27105801297801,log2fc,1.36814383568746e-11,1.11360544765258e-10,benjamini_hochberg,within_each_platform_da_table_as_released_by_motrpac_v1.3_dream_acute,provided,lower_in_numerator,MoTrPAC_human_precovid_sed_adu,motrpac_human_plasma_endur_post,motrpac_human_precovid_endur_post_3.5_4hr_vs_pre,metab-u-hilicpos,
CAR 4:0 [metab-u-hilicpos] [refmet: CAR 4:0],CAR 4:0,Fatty Acyls,-0.264706887885502,log2fc,2.6857905526995696e-11,2.08894820765522e-10,benjamini_hochberg,within_each_platform_da_table_as_released_by_motrpac_v1.3_dream_acute,provided,lower_in_numerator,MoTrPAC_human_precovid_sed_adu,motrpac_human_plasma_endur_post,motrpac_human_precovid_endur_post_3.5_4hr_vs_pre,metab-u-hilicpos,
Carnitine [metab-u-hilicpos] [refmet: Carnitine],Carnitine,Organic nitrogen compounds,-0.11175477301753,log2fc,2.9392743565900295e-11,2.23640440175328e-10,benjamini_hochberg,within_each_platform_da_table_as_released_by_motrpac_v1.3_dream_acute,provided,lower_in_numerator,MoTrPAC_human_precovid_sed_adu,motrpac_human_plasma_endur_post,motrpac_human_precovid_endur_post_3.5_4hr_vs_pre,metab-u-hilicpos,
CAR(11:0) [metab-u-rppos] [refmet: CAR(11:0)],CAR(11:0),unclassified_no_refmet_match,-0.590230171250141,log2fc,1.74405060671169e-11,2.98074103692543e-10,benjamini_hochberg,within_each_platform_da_table_as_released_by_motrpac_v1.3_dream_acute,provided,lower_in_numerator,MoTrPAC_human_precovid_sed_adu,motrpac_human_plasma_endur_post,motrpac_human_precovid_endur_post_3.5_4hr_vs_pre,metab-u-rppos,
Glycine [metab-t-amines] [refmet: Glycine],Glycine,Organic acids,-0.142659102700289,log2fc,6.10371448106663e-11,3.2262490828495e-10,benjamini_hochberg,within_each_platform_da_table_as_released_by_motrpac_v1.3_dream_acute,provided,lower_in_numerator,MoTrPAC_human_precovid_sed_adu,motrpac_human_plasma_endur_post,motrpac_human_precovid_endur_post_3.5_4hr_vs_pre,metab-t-amines,
TG(48:4)>TG(12:0_18:2_18:2)_and_TG(14:1_16:1_18:2) M + NH3_isomer2 [metab-u-lrppos] [refmet: TG(48:4)>TG(12:0_18:2_18:2)_and_TG(14:1_16:1_18:2) M + NH3_isomer2],TG(48:4)>TG(12:0_18:2_18:2)_and_TG(14:1_16:1_18:2) M + NH3_isomer2,unclassified_no_refmet_match,-0.505469744730945,log2fc,3.1269558287580697e-11,3.77038712429098e-10,benjamini_hochberg,within_each_platform_da_table_as_released_by_motrpac_v1.3_dream_acute,provided,lower_in_numerator,MoTrPAC_human_precovid_sed_adu,motrpac_human_plasma_endur_post,motrpac_human_precovid_endur_post_3.5_4hr_vs_pre,metab-u-lrppos,
Glycohyodeoxycholic acid [metab-u-rpneg] [refmet: Glycohyodeoxycholic acid],Glycohyodeoxycholic acid,Sterol Lipids,-0.723806186471977,log2fc,9.431087776052589e-11,7.39977656274895e-10,benjamini_hochberg,within_each_platform_da_table_as_released_by_motrpac_v1.3_dream_acute,provided,lower_in_numerator,MoTrPAC_human_precovid_sed_adu,motrpac_human_plasma_endur_post,motrpac_human_precovid_endur_post_3.5_4hr_vs_pre,metab-u-rpneg,
Glycodeoxycholic acid [metab-u-rpneg] [refmet: Glycodeoxycholic acid],Glycodeoxycholic acid,Sterol Lipids,-1.15436397260877,log2fc,1.33082860138184e-10,9.69603695292482e-10,benjamini_hochberg,within_each_platform_da_table_as_released_by_motrpac_v1.3_dream_acute,provided,lower_in_numerator,MoTrPAC_human_precovid_sed_adu,motrpac_human_plasma_endur_post,motrpac_human_precovid_endur_post_3.5_4hr_vs_pre,metab-u-rpneg,
TG(47:3) [metab-u-lrppos] [refmet: TG(47:3)],TG(47:3),unclassified_no_refmet_match,-0.479222040479083,log2fc,9.0976057074242e-11,1.05633310713981e-09,benjamini_hochberg,within_each_platform_da_table_as_released_by_motrpac_v1.3_dream_acute,provided,lower_in_numerator,MoTrPAC_human_precovid_sed_adu,motrpac_human_plasma_endur_post,motrpac_human_precovid_endur_post_3.5_4hr_vs_pre,metab-u-lrppos,
LPC(14:0)>LPC(14:0/0:0) [metab-u-lrppos] [refmet: LPC(14:0)>LPC(14:0/0:0)],LPC(14:0)>LPC(14:0/0:0),unclassified_no_refmet_match,-0.206960707274675,log2fc,1.19146508766819e-10,1.3340153749427701e-09,benjamini_hochberg,within_each_platform_da_table_as_released_by_motrpac_v1.3_dream_acute,provided,lower_in_numerator,MoTrPAC_human_precovid_sed_adu,motrpac_human_plasma_endur_post,motrpac_human_precovid_endur_post_3.5_4hr_vs_pre,metab-u-lrppos,
Cystathionine 1 [metab-t-amines] [refmet: Cystathionine 1],Cystathionine 1,unclassified_no_refmet_match,-0.0504272224491538,log2fc,3.16846175709039e-10,1.4654135626543e-09,benjamini_hochberg,within_each_platform_da_table_as_released_by_motrpac_v1.3_dream_acute,provided,lower_in_numerator,MoTrPAC_human_precovid_sed_adu,motrpac_human_plasma_endur_post,motrpac_human_precovid_endur_post_3.5_4hr_vs_pre,metab-t-amines,
ST 24:1;O5 [metab-u-lrpneg] [refmet: ST 24:1;O5],ST 24:1;O5,Sterol Lipids,-0.846066321583379,log2fc,3.8267538475503296e-11,1.7284171544769e-09,benjamini_hochberg,within_each_platform_da_table_as_released_by_motrpac_v1.3_dream_acute,provided,lower_in_numerator,MoTrPAC_human_precovid_sed_adu,motrpac_human_plasma_endur_post,motrpac_human_precovid_endur_post_3.5_4hr_vs_pre,metab-u-lrpneg,
3-Indolepropionic acid [metab-u-rppos] [refmet: 3-Indolepropionic acid],3-Indolepropionic acid,Alkaloids,-0.535953214745977,log2fc,1.30009676165495e-10,1.9696575853971e-09,benjamini_hochberg,within_each_platform_da_table_as_released_by_motrpac_v1.3_dream_acute,provided,lower_in_numerator,MoTrPAC_human_precovid_sed_adu,motrpac_human_plasma_endur_post,motrpac_human_precovid_endur_post_3.5_4hr_vs_pre,metab-u-rppos,
Indolelactic acid [metab-u-rppos] [refmet: Indolelactic acid],Indolelactic acid,Alkaloids,-0.286784605873287,log2fc,1.36199726649799e-10,1.9696575853971e-09,benjamini_hochberg,within_each_platform_da_table_as_released_by_motrpac_v1.3_dream_acute,provided,lower_in_numerator,MoTrPAC_human_precovid_sed_adu,motrpac_human_plasma_endur_post,motrpac_human_precovid_endur_post_3.5_4hr_vs_pre,metab-u-rppos,
Taurohyodeoxycholic acid [metab-u-rpneg] [refmet: Taurohyodeoxycholic acid],Taurohyodeoxycholic acid,Sterol Lipids,-0.263254137839301,log2fc,3.33386455053589e-10,2.2670278943644e-09,benjamini_hochberg,within_each_platform_da_table_as_released_by_motrpac_v1.3_dream_acute,provided,lower_in_numerator,MoTrPAC_human_precovid_sed_adu,motrpac_human_plasma_endur_post,motrpac_human_precovid_endur_post_3.5_4hr_vs_pre,metab-u-rpneg,
TG(48:5)>TG(12:0_18:2_18:3)_and_TG(12:1_18:2_18:2) [metab-u-lrppos] [refmet: TG(48:5)>TG(12:0_18:2_18:3)_and_TG(12:1_18:2_18:2)],TG(48:5)>TG(12:0_18:2_18:3)_and_TG(12:1_18:2_18:2),unclassified_no_refmet_match,-0.478730126929364,log2fc,2.38539177836582e-10,2.53498414412775e-09,benjamini_hochberg,within_each_platform_da_table_as_released_by_motrpac_v1.3_dream_acute,provided,lower_in_numerator,MoTrPAC_human_precovid_sed_adu,motrpac_human_plasma_endur_post,motrpac_human_precovid_endur_post_3.5_4hr_vs_pre,metab-u-lrppos,
PE 36:2 [metab-u-hilicpos] [refmet: PE 36:2],PE 36:2,Glycerophospholipids,-0.208890386743168,log2fc,7.31201979283333e-10,4.92155178363782e-09,benjamini_hochberg,within_each_platform_da_table_as_released_by_motrpac_v1.3_dream_acute,provided,lower_in_numerator,MoTrPAC_human_precovid_sed_adu,motrpac_human_plasma_endur_post,motrpac_human_precovid_endur_post_3.5_4hr_vs_pre,metab-u-hilicpos,
Ursodeoxycholic acid [metab-u-rpneg] [refmet: Ursodeoxycholic acid],Ursodeoxycholic acid,Sterol Lipids,-0.555180277732468,log2fc,1.13579645042993e-09,7.240702371490831e-09,benjamini_hochberg,within_each_platform_da_table_as_released_by_motrpac_v1.3_dream_acute,provided,lower_in_numerator,MoTrPAC_human_precovid_sed_adu,motrpac_human_plasma_endur_post,motrpac_human_precovid_endur_post_3.5_4hr_vs_pre,metab-u-rpneg,
Proline [metab-u-hilicpos] [refmet: Proline],Proline,Organic acids,-0.114693368898777,log2fc,1.3517823964985902e-09,8.602251614081952e-09,benjamini_hochberg,within_each_platform_da_table_as_released_by_motrpac_v1.3_dream_acute,provided,lower_in_numerator,MoTrPAC_human_precovid_sed_adu,motrpac_human_plasma_endur_post,motrpac_human_precovid_endur_post_3.5_4hr_vs_pre,metab-u-hilicpos,
CAR(3:0) [metab-u-rppos] [refmet: CAR(3:0)],CAR(3:0),unclassified_no_refmet_match,-0.489330103642953,log2fc,7.09704216927409e-10,9.530313770168061e-09,benjamini_hochberg,within_each_platform_da_table_as_released_by_motrpac_v1.3_dream_acute,provided,lower_in_numerator,MoTrPAC_human_precovid_sed_adu,motrpac_human_plasma_endur_post,motrpac_human_precovid_endur_post_3.5_4hr_vs_pre,metab-u-rppos,
Cytidine [metab-u-rppos] [refmet: Cytidine],Cytidine,Nucleic acids,-0.619677531403259,log2fc,9.39943847300309e-10,1.17806295528305e-08,benjamini_hochberg,within_each_platform_da_table_as_released_by_motrpac_v1.3_dream_acute,provided,lower_in_numerator,MoTrPAC_human_precovid_sed_adu,motrpac_human_plasma_endur_post,motrpac_human_precovid_endur_post_3.5_4hr_vs_pre,metab-u-rppos,
LPC(20:2)>LPC(20:2/0:0) [metab-u-lrppos] [refmet: LPC(20:2)>LPC(20:2/0:0)],LPC(20:2)>LPC(20:2/0:0),unclassified_no_refmet_match,-0.216117704670399,log2fc,1.2786988399155301e-09,1.25272526972975e-08,benjamini_hochberg,within_each_platform_da_table_as_released_by_motrpac_v1.3_dream_acute,provided,lower_in_numerator,MoTrPAC_human_precovid_sed_adu,motrpac_human_plasma_endur_post,motrpac_human_precovid_endur_post_3.5_4hr_vs_pre,metab-u-lrppos,
LPC(18:2)_isomer1 [metab-u-lrpneg] [refmet: LPC(18:2)_isomer1],LPC(18:2)_isomer1,unclassified_no_refmet_match,-0.382300136904679,log2fc,5.11520137866712e-10,1.73277446702349e-08,benjamini_hochberg,within_each_platform_da_table_as_released_by_motrpac_v1.3_dream_acute,provided,lower_in_numerator,MoTrPAC_human_precovid_sed_adu,motrpac_human_plasma_endur_post,motrpac_human_precovid_endur_post_3.5_4hr_vs_pre,metab-u-lrpneg,
Indoleacetic acid [metab-u-rppos] [refmet: Indoleacetic acid],Indoleacetic acid,Alkaloids,-0.516289860915101,log2fc,1.6080199888533601e-09,1.8894234869027e-08,benjamini_hochberg,within_each_platform_da_table_as_released_by_motrpac_v1.3_dream_acute,provided,lower_in_numerator,MoTrPAC_human_precovid_sed_adu,motrpac_human_plasma_endur_post,motrpac_human_precovid_endur_post_3.5_4hr_vs_pre,metab-u-rppos,
FA 20:5;O3 [metab-u-lrpneg] [refmet: FA 20:5;O3],FA 20:5;O3,Fatty Acyls,-0.466833471802008,log2fc,6.7389050267688e-10,2.02798856026867e-08,benjamini_hochberg,within_each_platform_da_table_as_released_by_motrpac_v1.3_dream_acute,provided,lower_in_numerator,MoTrPAC_human_precovid_sed_adu,motrpac_human_plasma_endur_post,motrpac_human_precovid_endur_post_3.5_4hr_vs_pre,metab-u-lrpneg,
Car(5:0) [metab-u-lrppos] [refmet: Car(5:0)],Car(5:0),unclassified_no_refmet_match,-0.319300169539524,log2fc,2.2211066227731303e-09,2.14251361919808e-08,benjamini_hochberg,within_each_platform_da_table_as_released_by_motrpac_v1.3_dream_acute,provided,lower_in_numerator,MoTrPAC_human_precovid_sed_adu,motrpac_human_plasma_endur_post,motrpac_human_precovid_endur_post_3.5_4hr_vs_pre,metab-u-lrppos,
LPC(20:5)>LPC(20:5/0:0) [metab-u-lrppos] [refmet: LPC(20:5)>LPC(20:5/0:0)],LPC(20:5)>LPC(20:5/0:0),unclassified_no_refmet_match,-0.25667213255716,log2fc,2.2781631468896802e-09,2.1642549895452e-08,benjamini_hochberg,within_each_platform_da_table_as_released_by_motrpac_v1.3_dream_acute,provided,lower_in_numerator,MoTrPAC_human_precovid_sed_adu,motrpac_human_plasma_endur_post,motrpac_human_precovid_endur_post_3.5_4hr_vs_pre,metab-u-lrppos,
PE(O-35:3) [metab-u-lrppos] [refmet: PE(O-35:3)],PE(O-35:3),unclassified_no_refmet_match,-0.170467137423167,log2fc,2.41303141906936e-09,2.2249569114066e-08,benjamini_hochberg,within_each_platform_da_table_as_released_by_motrpac_v1.3_dream_acute,provided,lower_in_numerator,MoTrPAC_human_precovid_sed_adu,motrpac_human_plasma_endur_post,motrpac_human_precovid_endur_post_3.5_4hr_vs_pre,metab-u-lrppos,
4-Pyridoxic acid [metab-u-hilicpos] [refmet: 4-Pyridoxic acid],4-Pyridoxic acid,Alkaloids,-0.278040140063633,log2fc,4.04385044490743e-09,2.32024205855344e-08,benjamini_hochberg,within_each_platform_da_table_as_released_by_motrpac_v1.3_dream_acute,provided,lower_in_numerator,MoTrPAC_human_precovid_sed_adu,motrpac_human_plasma_endur_post,motrpac_human_precovid_endur_post_3.5_4hr_vs_pre,metab-u-hilicpos,
Glu-Phe [metab-u-rppos] [refmet: Glu-Phe],Glu-Phe,Organic acids,-0.261656333931242,log2fc,2.67270195194327e-09,2.9556939233255e-08,benjamini_hochberg,within_each_platform_da_table_as_released_by_motrpac_v1.3_dream_acute,provided,lower_in_numerator,MoTrPAC_human_precovid_sed_adu,motrpac_human_plasma_endur_post,motrpac_human_precovid_endur_post_3.5_4hr_vs_pre,metab-u-rppos,
LPE 18:1 [metab-u-hilicpos] [refmet: LPE 18:1],LPE 18:1,Glycerophospholipids,-0.257254550732139,log2fc,5.47684965963808e-09,3.09176996915053e-08,benjamini_hochberg,within_each_platform_da_table_as_released_by_motrpac_v1.3_dream_acute,provided,lower_in_numerator,MoTrPAC_human_precovid_sed_adu,motrpac_human_plasma_endur_post,motrpac_human_precovid_endur_post_3.5_4hr_vs_pre,metab-u-hilicpos,
Cholic acid [metab-u-rpneg] [refmet: Cholic acid],Cholic acid,Sterol Lipids,-1.09959297004585,log2fc,7.0171717585081e-09,3.97639732982126e-08,benjamini_hochberg,within_each_platform_da_table_as_released_by_motrpac_v1.3_dream_acute,provided,lower_in_numerator,MoTrPAC_human_precovid_sed_adu,motrpac_human_plasma_endur_post,motrpac_human_precovid_endur_post_3.5_4hr_vs_pre,metab-u-rpneg,
FA 20:5;O2 [metab-u-lrpneg] [refmet: FA 20:5;O2],FA 20:5;O2,Fatty Acyls,-0.492559589326689,log2fc,2.9031374030823103e-09,6.05192489411774e-08,benjamini_hochberg,within_each_platform_da_table_as_released_by_motrpac_v1.3_dream_acute,provided,lower_in_numerator,MoTrPAC_human_precovid_sed_adu,motrpac_human_plasma_endur_post,motrpac_human_precovid_endur_post_3.5_4hr_vs_pre,metab-u-lrpneg,
FA 14:3;O [metab-u-lrpneg] [refmet: FA 14:3;O],FA 14:3;O,Fatty Acyls,-0.273047136453751,log2fc,2.85934221247028e-09,6.05192489411774e-08,benjamini_hochberg,within_each_platform_da_table_as_released_by_motrpac_v1.3_dream_acute,provided,lower_in_numerator,MoTrPAC_human_precovid_sed_adu,motrpac_human_plasma_endur_post,motrpac_human_precovid_endur_post_3.5_4hr_vs_pre,metab-u-lrpneg,
TG(48:3)_isomer2 [metab-u-lrppos] [refmet: TG(48:3)_isomer2],TG(48:3)_isomer2,unclassified_no_refmet_match,-0.3260312285657,log2fc,7.85506863262644e-09,6.84045560091219e-08,benjamini_hochberg,within_each_platform_da_table_as_released_by_motrpac_v1.3_dream_acute,provided,lower_in_numerator,MoTrPAC_human_precovid_sed_adu,motrpac_human_plasma_endur_post,motrpac_human_precovid_endur_post_3.5_4hr_vs_pre,metab-u-lrppos,
Citrulline [metab-u-ionpneg] [refmet: Citrulline],Citrulline,Organic acids,-0.208449333272423,log2fc,6.07876143888586e-09,7.41608895544075e-08,benjamini_hochberg,within_each_platform_da_table_as_released_by_motrpac_v1.3_dream_acute,provided,lower_in_numerator,MoTrPAC_human_precovid_sed_adu,motrpac_human_plasma_endur_post,motrpac_human_precovid_endur_post_3.5_4hr_vs_pre,metab-u-ionpneg,
Hyocholic acid [metab-u-rpneg] [refmet: Hyocholic acid],Hyocholic acid,Sterol Lipids,-0.679168591363288,log2fc,1.43430151693857e-08,7.69993445935441e-08,benjamini_hochberg,within_each_platform_da_table_as_released_by_motrpac_v1.3_dream_acute,provided,lower_in_numerator,MoTrPAC_human_precovid_sed_adu,motrpac_human_plasma_endur_post,motrpac_human_precovid_endur_post_3.5_4hr_vs_pre,metab-u-rpneg,
TG(52:7)_isomer1 [metab-u-lrppos] [refmet: TG(52:7)_isomer1],TG(52:7)_isomer1,unclassified_no_refmet_match,-0.46520699916973,log2fc,1.26454758982411e-08,1.07144775516178e-07,benjamini_hochberg,within_each_platform_da_table_as_released_by_motrpac_v1.3_dream_acute,provided,lower_in_numerator,MoTrPAC_human_precovid_sed_adu,motrpac_human_plasma_endur_post,motrpac_human_precovid_endur_post_3.5_4hr_vs_pre,metab-u-lrppos,
Tauro-alpha-muricholic acid + Tauro-beta-muricholic acid [metab-u-rpneg] [refmet: Tauro-alpha-muricholic acid + Tauro-beta-muricholic acid],Tauro-alpha-muricholic acid + Tauro-beta-muricholic acid,unclassified_no_refmet_match,-0.743669015537792,log2fc,2.90756080788997e-08,1.41224382097513e-07,benjamini_hochberg,within_each_platform_da_table_as_released_by_motrpac_v1.3_dream_acute,provided,lower_in_numerator,MoTrPAC_human_precovid_sed_adu,motrpac_human_plasma_endur_post,motrpac_human_precovid_endur_post_3.5_4hr_vs_pre,metab-u-rpneg,
Citrulline [metab-t-amines] [refmet: Citrulline],Citrulline,Organic acids,-0.169194337916346,log2fc,3.4403886062793e-08,1.41438198258149e-07,benjamini_hochberg,within_each_platform_da_table_as_released_by_motrpac_v1.3_dream_acute,provided,lower_in_numerator,MoTrPAC_human_precovid_sed_adu,motrpac_human_plasma_endur_post,motrpac_human_precovid_endur_post_3.5_4hr_vs_pre,metab-t-amines,
Ornithine [metab-u-ionpneg] [refmet: Ornithine],Ornithine,Organic acids,-0.170360535743377,log2fc,1.84640978549281e-08,1.87718328191769e-07,benjamini_hochberg,within_each_platform_da_table_as_released_by_motrpac_v1.3_dream_acute,provided,lower_in_numerator,MoTrPAC_human_precovid_sed_adu,motrpac_human_plasma_endur_post,motrpac_human_precovid_endur_post_3.5_4hr_vs_pre,metab-u-ionpneg,
TG(47:1) [metab-u-lrppos] [refmet: TG(47:1)],TG(47:1),unclassified_no_refmet_match,-0.379695560720616,log2fc,2.57010227208509e-08,2.1203343744702e-07,benjamini_hochberg,within_each_platform_da_table_as_released_by_motrpac_v1.3_dream_acute,provided,lower_in_numerator,MoTrPAC_human_precovid_sed_adu,motrpac_human_plasma_endur_post,motrpac_human_precovid_endur_post_3.5_4hr_vs_pre,metab-u-lrppos,
TG(52:1)_isomer2 [metab-u-lrppos] [refmet: TG(52:1)_isomer2],TG(52:1)_isomer2,unclassified_no_refmet_match,-0.40440676779636,log2fc,2.90173241719272e-08,2.36283925399979e-07,benjamini_hochberg,within_each_platform_da_table_as_released_by_motrpac_v1.3_dream_acute,provided,lower_in_numerator,MoTrPAC_human_precovid_sed_adu,motrpac_human_plasma_endur_post,motrpac_human_precovid_endur_post_3.5_4hr_vs_pre,metab-u-lrppos,
Alanine [metab-t-amines] [refmet: Alanine],Alanine,Organic acids,-0.177822396240856,log2fc,8.76040822195755e-08,3.2413510421243e-07,benjamini_hochberg,within_each_platform_da_table_as_released_by_motrpac_v1.3_dream_acute,provided,lower_in_numerator,MoTrPAC_human_precovid_sed_adu,motrpac_human_plasma_endur_post,motrpac_human_precovid_endur_post_3.5_4hr_vs_pre,metab-t-amines,
Valine [metab-t-amines] [refmet: Valine],Valine,Organic acids,-0.100245071933214,log2fc,9.86320152766614e-08,3.31762233203316e-07,benjamini_hochberg,within_each_platform_da_table_as_released_by_motrpac_v1.3_dream_acute,provided,lower_in_numerator,MoTrPAC_human_precovid_sed_adu,motrpac_human_plasma_endur_post,motrpac_human_precovid_endur_post_3.5_4hr_vs_pre,metab-t-amines,
cholesterol sulfate [metab-u-lrpneg] [refmet: cholesterol sulfate],cholesterol sulfate,Sterol Lipids,-0.133632613527826,log2fc,1.8722299538773e-08,3.38249545000498e-07,benjamini_hochberg,within_each_platform_da_table_as_released_by_motrpac_v1.3_dream_acute,provided,lower_in_numerator,MoTrPAC_human_precovid_sed_adu,motrpac_human_plasma_endur_post,motrpac_human_precovid_endur_post_3.5_4hr_vs_pre,metab-u-lrpneg,
TG 44:1 [metab-u-hilicpos] [refmet: TG 44:1],TG 44:1,Glycerolipids,-1.35775189657306,log2fc,7.05443833373536e-08,3.63096090706967e-07,benjamini_hochberg,within_each_platform_da_table_as_released_by_motrpac_v1.3_dream_acute,provided,lower_in_numerator,MoTrPAC_human_precovid_sed_adu,motrpac_human_plasma_endur_post,motrpac_human_precovid_endur_post_3.5_4hr_vs_pre,metab-u-hilicpos,
TG(46:0)>TG(12:0_16:0_18:0)_and_TG(14:0_14:0_16:0) [metab-u-lrppos] [refmet: TG(46:0)>TG(12:0_16:0_18:0)_and_TG(14:0_14:0_16:0)],TG(46:0)>TG(12:0_16:0_18:0)_and_TG(14:0_14:0_16:0),unclassified_no_refmet_match,-0.439189195980664,log2fc,4.6241662237422e-08,3.67006610415995e-07,benjamini_hochberg,within_each_platform_da_table_as_released_by_motrpac_v1.3_dream_acute,provided,lower_in_numerator,MoTrPAC_human_precovid_sed_adu,motrpac_human_plasma_endur_post,motrpac_human_precovid_endur_post_3.5_4hr_vs_pre,metab-u-lrppos,
TG(58:2) [metab-u-lrppos] [refmet: TG(58:2)],TG(58:2),unclassified_no_refmet_match,-0.483549468712056,log2fc,4.74186755102566e-08,3.71643869311636e-07,benjamini_hochberg,within_each_platform_da_table_as_released_by_motrpac_v1.3_dream_acute,provided,lower_in_numerator,MoTrPAC_human_precovid_sed_adu,motrpac_human_plasma_endur_post,motrpac_human_precovid_endur_post_3.5_4hr_vs_pre,metab-u-lrppos,
carnitine [metab-u-lrppos] [refmet: carnitine],carnitine,Organic nitrogen compounds,-0.203070659161714,log2fc,5.04121390287956e-08,3.85468428915303e-07,benjamini_hochberg,within_each_platform_da_table_as_released_by_motrpac_v1.3_dream_acute,provided,lower_in_numerator,MoTrPAC_human_precovid_sed_adu,motrpac_human_plasma_endur_post,motrpac_human_precovid_endur_post_3.5_4hr_vs_pre,metab-u-lrppos,
LPC(20:3) [metab-u-lrppos] [refmet: LPC(20:3)],LPC(20:3),unclassified_no_refmet_match,-0.250841799073651,log2fc,6.99711987450951e-08,5.2228501920446e-07,benjamini_hochberg,within_each_platform_da_table_as_released_by_motrpac_v1.3_dream_acute,provided,lower_in_numerator,MoTrPAC_human_precovid_sed_adu,motrpac_human_plasma_endur_post,motrpac_human_precovid_endur_post_3.5_4hr_vs_pre,metab-u-lrppos,
CAR(5:0)_rp_b [metab-u-rppos] [refmet: CAR(5:0)_rp_b],CAR(5:0)_rp_b,unclassified_no_refmet_match,-0.455999743649343,log2fc,7.21073724023106e-08,6.45532667220685e-07,benjamini_hochberg,within_each_platform_da_table_as_released_by_motrpac_v1.3_dream_acute,provided,lower_in_numerator,MoTrPAC_human_precovid_sed_adu,motrpac_human_plasma_endur_post,motrpac_human_precovid_endur_post_3.5_4hr_vs_pre,metab-u-rppos,
sn-Glycero-3-phosphate [metab-u-ionpneg] [refmet: sn-Glycero-3-phosphate],sn-Glycero-3-phosphate,Organic acids,-0.424761420815976,log2fc,7.57992959004609e-08,6.60536721418302e-07,benjamini_hochberg,within_each_platform_da_table_as_released_by_motrpac_v1.3_dream_acute,provided,lower_in_numerator,MoTrPAC_human_precovid_sed_adu,motrpac_human_plasma_endur_post,motrpac_human_precovid_endur_post_3.5_4hr_vs_pre,metab-u-ionpneg,
TG(52:6)_isomer1 [metab-u-lrppos] [refmet: TG(52:6)_isomer1],TG(52:6)_isomer1,unclassified_no_refmet_match,-0.280651026079145,log2fc,9.99008773811277e-08,7.16353761515499e-07,benjamini_hochberg,within_each_platform_da_table_as_released_by_motrpac_v1.3_dream_acute,provided,lower_in_numerator,MoTrPAC_human_precovid_sed_adu,motrpac_human_plasma_endur_post,motrpac_human_precovid_endur_post_3.5_4hr_vs_pre,metab-u-lrppos,
PE(O-36:4) [metab-u-lrppos] [refmet: PE(O-36:4)],PE(O-36:4),unclassified_no_refmet_match,-0.157458768369477,log2fc,1.00165095738671e-07,7.16353761515499e-07,benjamini_hochberg,within_each_platform_da_table_as_released_by_motrpac_v1.3_dream_acute,provided,lower_in_numerator,MoTrPAC_human_precovid_sed_adu,motrpac_human_plasma_endur_post,motrpac_human_precovid_endur_post_3.5_4hr_vs_pre,metab-u-lrppos,
Alanine [metab-u-ionpneg] [refmet: Alanine],Alanine,Organic acids,-0.170147598742787,log2fc,1.03731227464237e-07,7.90950609414807e-07,benjamini_hochberg,within_each_platform_da_table_as_released_by_motrpac_v1.3_dream_acute,provided,lower_in_numerator,MoTrPAC_human_precovid_sed_adu,motrpac_human_plasma_endur_post,motrpac_human_precovid_endur_post_3.5_4hr_vs_pre,metab-u-ionpneg,
Piperine [metab-u-rppos] [refmet: Piperine],Piperine,Alkaloids,-0.651405718892818,log2fc,9.68760077368277e-08,8.27849520660164e-07,benjamini_hochberg,within_each_platform_da_table_as_released_by_motrpac_v1.3_dream_acute,provided,lower_in_numerator,MoTrPAC_human_precovid_sed_adu,motrpac_human_plasma_endur_post,motrpac_human_precovid_endur_post_3.5_4hr_vs_pre,metab-u-rppos,
TG(50:5) [metab-u-lrppos] [refmet: TG(50:5)],TG(50:5),unclassified_no_refmet_match,-0.356682217971002,log2fc,1.51562781373315e-07,1.04428421891284e-06,benjamini_hochberg,within_each_platform_da_table_as_released_by_motrpac_v1.3_dream_acute,provided,lower_in_numerator,MoTrPAC_human_precovid_sed_adu,motrpac_human_plasma_endur_post,motrpac_human_precovid_endur_post_3.5_4hr_vs_pre,metab-u-lrppos,
PC(36:5)_isomer1 [metab-u-lrppos] [refmet: PC(36:5)_isomer1],PC(36:5)_isomer1,unclassified_no_refmet_match,-0.435894736345599,log2fc,1.70856905098024e-07,1.16442695104849e-06,benjamini_hochberg,within_each_platform_da_table_as_released_by_motrpac_v1.3_dream_acute,provided,lower_in_numerator,MoTrPAC_human_precovid_sed_adu,motrpac_human_plasma_endur_post,motrpac_human_precovid_endur_post_3.5_4hr_vs_pre,metab-u-lrppos,
LPC(14:0) [metab-u-rppos] [refmet: LPC(14:0)],LPC(14:0),unclassified_no_refmet_match,-0.347827175698228,log2fc,1.52630745991006e-07,1.2475904454917e-06,benjamini_hochberg,within_each_platform_da_table_as_released_by_motrpac_v1.3_dream_acute,provided,lower_in_numerator,MoTrPAC_human_precovid_sed_adu,motrpac_human_plasma_endur_post,motrpac_human_precovid_endur_post_3.5_4hr_vs_pre,metab-u-rppos,
Car(11:0) [metab-u-lrppos] [refmet: Car(11:0)],Car(11:0),unclassified_no_refmet_match,-0.305985312958629,log2fc,2.00371614318938e-07,1.33652129976568e-06,benjamini_hochberg,within_each_platform_da_table_as_released_by_motrpac_v1.3_dream_acute,provided,lower_in_numerator,MoTrPAC_human_precovid_sed_adu,motrpac_human_plasma_endur_post,motrpac_human_precovid_endur_post_3.5_4hr_vs_pre,metab-u-lrppos,
FAPy-adenine [metab-u-hilicpos] [refmet: FAPy-adenine],FAPy-adenine,Nucleic acids,-0.441421495886045,log2fc,3.76317567224931e-07,1.82640649485545e-06,benjamini_hochberg,within_each_platform_da_table_as_released_by_motrpac_v1.3_dream_acute,provided,lower_in_numerator,MoTrPAC_human_precovid_sed_adu,motrpac_human_plasma_endur_post,motrpac_human_precovid_endur_post_3.5_4hr_vs_pre,metab-u-hilicpos,
CAR(5:0)_rp_a [metab-u-rppos] [refmet: CAR(5:0)_rp_a],CAR(5:0)_rp_a,unclassified_no_refmet_match,-0.323104592117716,log2fc,2.73644111678336e-07,2.05780371982109e-06,benjamini_hochberg,within_each_platform_da_table_as_released_by_motrpac_v1.3_dream_acute,provided,lower_in_numerator,MoTrPAC_human_precovid_sed_adu,motrpac_human_plasma_endur_post,motrpac_human_precovid_endur_post_3.5_4hr_vs_pre,metab-u-rppos,
Serine [metab-t-amines] [refmet: Serine],Serine,Organic acids,-0.106815764482794,log2fc,7.01778313951492e-07,2.1638164680171e-06,benjamini_hochberg,within_each_platform_da_table_as_released_by_motrpac_v1.3_dream_acute,provided,lower_in_numerator,MoTrPAC_human_precovid_sed_adu,motrpac_human_plasma_endur_post,motrpac_human_precovid_endur_post_3.5_4hr_vs_pre,metab-t-amines,
LPC(18:1)>LPC(0:0/18:1) [metab-u-lrppos] [refmet: LPC(18:1)>LPC(0:0/18:1)],LPC(18:1)>LPC(0:0/18:1),unclassified_no_refmet_match,-0.168357013617005,log2fc,3.49713563208172e-07,2.2374531033829e-06,benjamini_hochberg,within_each_platform_da_table_as_released_by_motrpac_v1.3_dream_acute,provided,lower_in_numerator,MoTrPAC_human_precovid_sed_adu,motrpac_human_plasma_endur_post,motrpac_human_precovid_endur_post_3.5_4hr_vs_pre,metab-u-lrppos,
PC(28:0) [metab-u-lrppos] [refmet: PC(28:0)],PC(28:0),unclassified_no_refmet_match,-0.262571500835278,log2fc,3.78090119305232e-07,2.3945707555998e-06,benjamini_hochberg,within_each_platform_da_table_as_released_by_motrpac_v1.3_dream_acute,provided,lower_in_numerator,MoTrPAC_human_precovid_sed_adu,motrpac_human_plasma_endur_post,motrpac_human_precovid_endur_post_3.5_4hr_vs_pre,metab-u-lrppos,
PE 36:3 [metab-u-hilicpos] [refmet: PE 36:3],PE 36:3,Glycerophospholipids,-0.294502535021859,log2fc,6.37453003050167e-07,2.86036603932767e-06,benjamini_hochberg,within_each_platform_da_table_as_released_by_motrpac_v1.3_dream_acute,provided,lower_in_numerator,MoTrPAC_human_precovid_sed_adu,motrpac_human_plasma_endur_post,motrpac_human_precovid_endur_post_3.5_4hr_vs_pre,metab-u-hilicpos,
TG(49:3) [metab-u-lrppos] [refmet: TG(49:3)],TG(49:3),unclassified_no_refmet_match,-0.262371668458687,log2fc,5.0176216789504e-07,3.11489979475436e-06,benjamini_hochberg,within_each_platform_da_table_as_released_by_motrpac_v1.3_dream_acute,provided,lower_in_numerator,MoTrPAC_human_precovid_sed_adu,motrpac_human_plasma_endur_post,motrpac_human_precovid_endur_post_3.5_4hr_vs_pre,metab-u-lrppos,
FA 12:2_isomer2 [metab-u-lrpneg] [refmet: FA 12:2_isomer2],FA 12:2_isomer2,unclassified_no_refmet_match,-0.395031746019402,log2fc,2.49391394885707e-07,3.21833657209651e-06,benjamini_hochberg,within_each_platform_da_table_as_released_by_motrpac_v1.3_dream_acute,provided,lower_in_numerator,MoTrPAC_human_precovid_sed_adu,motrpac_human_plasma_endur_post,motrpac_human_precovid_endur_post_3.5_4hr_vs_pre,metab-u-lrpneg,
3-Methylhistidine [metab-u-hilicpos] [refmet: 3-Methylhistidine],3-Methylhistidine,Organic acids,-0.232700154305927,log2fc,7.45061012056247e-07,3.30090321797071e-06,benjamini_hochberg,within_each_platform_da_table_as_released_by_motrpac_v1.3_dream_acute,provided,lower_in_numerator,MoTrPAC_human_precovid_sed_adu,motrpac_human_plasma_endur_post,motrpac_human_precovid_endur_post_3.5_4hr_vs_pre,metab-u-hilicpos,
Cortisol [metab-t-imm-crt] [refmet: Cortisol],Cortisol,Sterol Lipids,-0.395675361757404,log2fc,3.33115351279056e-06,3.33115351279056e-06,benjamini_hochberg,within_each_platform_da_table_as_released_by_motrpac_v1.3_dream_acute,provided,lower_in_numerator,MoTrPAC_human_precovid_sed_adu,motrpac_human_plasma_endur_post,motrpac_human_precovid_endur_post_3.5_4hr_vs_pre,metab-t-imm-crt,
TG(54:2)>TG(16:0_18:1_20:1)_and_TG(18:0_18:1_18:1) [metab-u-lrppos] [refmet: TG(54:2)>TG(16:0_18:1_20:1)_and_TG(18:0_18:1_18:1)],TG(54:2)>TG(16:0_18:1_20:1)_and_TG(18:0_18:1_18:1),unclassified_no_refmet_match,-0.231280172436836,log2fc,5.5220514503612e-07,3.39443750919262e-06,benjamini_hochberg,within_each_platform_da_table_as_released_by_motrpac_v1.3_dream_acute,provided,lower_in_numerator,MoTrPAC_human_precovid_sed_adu,motrpac_human_plasma_endur_post,motrpac_human_precovid_endur_post_3.5_4hr_vs_pre,metab-u-lrppos,
LPC 18:1 [metab-u-hilicpos] [refmet: LPC 18:1],LPC 18:1,Glycerophospholipids,-0.127937054014911,log2fc,8.94858480155827e-07,3.86667244511777e-06,benjamini_hochberg,within_each_platform_da_table_as_released_by_motrpac_v1.3_dream_acute,provided,lower_in_numerator,MoTrPAC_human_precovid_sed_adu,motrpac_human_plasma_endur_post,motrpac_human_precovid_endur_post_3.5_4hr_vs_pre,metab-u-hilicpos,
Glycine [metab-u-hilicpos] [refmet: Glycine],Glycine,Organic acids,-0.0885958360361929,log2fc,9.93365920451218e-07,4.23997648973081e-06,benjamini_hochberg,within_each_platform_da_table_as_released_by_motrpac_v1.3_dream_acute,provided,lower_in_numerator,MoTrPAC_human_precovid_sed_adu,motrpac_human_plasma_endur_post,motrpac_human_precovid_endur_post_3.5_4hr_vs_pre,metab-u-hilicpos,
Cortisol [metab-u-hilicpos] [refmet: Cortisol],Cortisol,Sterol Lipids,-0.553809310549994,log2fc,1.09559808144182e-06,4.61999190969443e-06,benjamini_hochberg,within_each_platform_da_table_as_released_by_motrpac_v1.3_dream_acute,provided,lower_in_numerator,MoTrPAC_human_precovid_sed_adu,motrpac_human_plasma_endur_post,motrpac_human_precovid_endur_post_3.5_4hr_vs_pre,metab-u-hilicpos,
TG(49:1)_isomer1 [metab-u-lrppos] [refmet: TG(49:1)_isomer1],TG(49:1)_isomer1,unclassified_no_refmet_match,-0.290490138215304,log2fc,8.25449303539757e-07,4.92911155542312e-06,benjamini_hochberg,within_each_platform_da_table_as_released_by_motrpac_v1.3_dream_acute,provided,lower_in_numerator,MoTrPAC_human_precovid_sed_adu,motrpac_human_plasma_endur_post,motrpac_human_precovid_endur_post_3.5_4hr_vs_pre,metab-u-lrppos,
Kynurenine [metab-u-rppos] [refmet: Kynurenine],Kynurenine,Organic acids,-0.207224906188852,log2fc,7.09552357732566e-07,4.94058678717491e-06,benjamini_hochberg,within_each_platform_da_table_as_released_by_motrpac_v1.3_dream_acute,provided,lower_in_numerator,MoTrPAC_human_precovid_sed_adu,motrpac_human_plasma_endur_post,motrpac_human_precovid_endur_post_3.5_4hr_vs_pre,metab-u-rppos,
Glycochenodeoxycholic acid [metab-u-rpneg] [refmet: Glycochenodeoxycholic acid],Glycochenodeoxycholic acid,Sterol Lipids,-0.938745345381072,log2fc,1.18151861837189e-06,5.02145412808054e-06,benjamini_hochberg,within_each_platform_da_table_as_released_by_motrpac_v1.3_dream_acute,provided,lower_in_numerator,MoTrPAC_human_precovid_sed_adu,motrpac_human_plasma_endur_post,motrpac_human_precovid_endur_post_3.5_4hr_vs_pre,metab-u-rpneg,
Glycocholic acid\Glycohyocholic acid [metab-u-rpneg] [refmet: Glycocholic acid\Glycohyocholic acid],Glycocholic acid\Glycohyocholic acid,unclassified_no_refmet_match,-0.907513002690607,log2fc,1.32399951453528e-06,5.40057727935483e-06,benjamini_hochberg,within_each_platform_da_table_as_released_by_motrpac_v1.3_dream_acute,provided,lower_in_numerator,MoTrPAC_human_precovid_sed_adu,motrpac_human_plasma_endur_post,motrpac_human_precovid_endur_post_3.5_4hr_vs_pre,metab-u-rpneg,
Phenylpyruvic acid [metab-u-ionpneg] [refmet: Phenylpyruvic acid],Phenylpyruvic acid,Organic acids,-0.301050586850788,log2fc,8.12228171879351e-07,5.50510205384894e-06,benjamini_hochberg,within_each_platform_da_table_as_released_by_motrpac_v1.3_dream_acute,provided,lower_in_numerator,MoTrPAC_human_precovid_sed_adu,motrpac_human_plasma_endur_post,motrpac_human_precovid_endur_post_3.5_4hr_vs_pre,metab-u-ionpneg,
SM(d34:0)_isomer2 [metab-u-lrppos] [refmet: SM(d34:0)_isomer2],SM(d34:0)_isomer2,unclassified_no_refmet_match,-0.288897261883871,log2fc,1.01848652517285e-06,6.02444388003186e-06,benjamini_hochberg,within_each_platform_da_table_as_released_by_motrpac_v1.3_dream_acute,provided,lower_in_numerator,MoTrPAC_human_precovid_sed_adu,motrpac_human_plasma_endur_post,motrpac_human_precovid_endur_post_3.5_4hr_vs_pre,metab-u-lrppos,
TG(46:3) [metab-u-lrppos] [refmet: TG(46:3)],TG(46:3),unclassified_no_refmet_match,-0.562633144006494,log2fc,1.17704700139668e-06,6.89727541939925e-06,benjamini_hochberg,within_each_platform_da_table_as_released_by_motrpac_v1.3_dream_acute,provided,lower_in_numerator,MoTrPAC_human_precovid_sed_adu,motrpac_human_plasma_endur_post,motrpac_human_precovid_endur_post_3.5_4hr_vs_pre,metab-u-lrppos,
7-Methylxanthine [metab-u-hilicpos] [refmet: 7-Methylxanthine],7-Methylxanthine,Nucleic acids,-0.470995059449926,log2fc,1.98108957012813e-06,8.06257383191682e-06,benjamini_hochberg,within_each_platform_da_table_as_released_by_motrpac_v1.3_dream_acute,provided,lower_in_numerator,MoTrPAC_human_precovid_sed_adu,motrpac_human_plasma_endur_post,motrpac_human_precovid_endur_post_3.5_4hr_vs_pre,metab-u-hilicpos,
Deoxyguanosine [metab-u-rppos] [refmet: Deoxyguanosine],Deoxyguanosine,Nucleic acids,-0.851099005677776,log2fc,1.42826169916085e-06,9.25907584283586e-06,benjamini_hochberg,within_each_platform_da_table_as_released_by_motrpac_v1.3_dream_acute,provided,lower_in_numerator,MoTrPAC_human_precovid_sed_adu,motrpac_human_plasma_endur_post,motrpac_human_precovid_endur_post_3.5_4hr_vs_pre,metab-u-rppos,
Lithocholic acid [metab-u-rpneg] [refmet: Lithocholic acid],Lithocholic acid,Sterol Lipids,-0.720698298509594,log2fc,2.55316580130221e-06,9.30081827617235e-06,benjamini_hochberg,within_each_platform_da_table_as_released_by_motrpac_v1.3_dream_acute,provided,lower_in_numerator,MoTrPAC_human_precovid_sed_adu,motrpac_human_plasma_endur_post,motrpac_human_precovid_endur_post_3.5_4hr_vs_pre,metab-u-rpneg,
1-Methylhistidine [metab-t-amines] [refmet: 1-Methylhistidine],1-Methylhistidine,Organic acids,-0.37948839179362,log2fc,3.4675422763682e-06,9.86915878658642e-06,benjamini_hochberg,within_each_platform_da_table_as_released_by_motrpac_v1.3_dream_acute,provided,lower_in_numerator,MoTrPAC_human_precovid_sed_adu,motrpac_human_plasma_endur_post,motrpac_human_precovid_endur_post_3.5_4hr_vs_pre,metab-t-amines,
LPC(18:1)>LPC(18:1/0:0) [metab-u-lrppos] [refmet: LPC(18:1)>LPC(18:1/0:0)],LPC(18:1)>LPC(18:1/0:0),unclassified_no_refmet_match,-0.197612164409133,log2fc,1.94654189554562e-06,1.13007571158065e-05,benjamini_hochberg,within_each_platform_da_table_as_released_by_motrpac_v1.3_dream_acute,provided,lower_in_numerator,MoTrPAC_human_precovid_sed_adu,motrpac_human_plasma_endur_post,motrpac_human_precovid_endur_post_3.5_4hr_vs_pre,metab-u-lrppos,
TG(53:1) [metab-u-lrppos] [refmet: TG(53:1)],TG(53:1),unclassified_no_refmet_match,-0.298722005888322,log2fc,1.97710393023486e-06,1.13728822408922e-05,benjamini_hochberg,within_each_platform_da_table_as_released_by_motrpac_v1.3_dream_acute,provided,lower_in_numerator,MoTrPAC_human_precovid_sed_adu,motrpac_human_plasma_endur_post,motrpac_human_precovid_endur_post_3.5_4hr_vs_pre,metab-u-lrppos,
PI(36:3)_isomer1 [metab-u-lrppos] [refmet: PI(36:3)_isomer1],PI(36:3)_isomer1,unclassified_no_refmet_match,-0.192187390175381,log2fc,2.0437370257981e-06,1.16493010470492e-05,benjamini_hochberg,within_each_platform_da_table_as_released_by_motrpac_v1.3_dream_acute,provided,lower_in_numerator,MoTrPAC_human_precovid_sed_adu,motrpac_human_plasma_endur_post,motrpac_human_precovid_endur_post_3.5_4hr_vs_pre,metab-u-lrppos,
Ornithine [metab-t-amines] [refmet: Ornithine],Ornithine,Organic acids,-0.135272209981216,log2fc,4.64045381019369e-06,1.2264056498369e-05,benjamini_hochberg,within_each_platform_da_table_as_released_by_motrpac_v1.3_dream_acute,provided,lower_in_numerator,MoTrPAC_human_precovid_sed_adu,motrpac_human_plasma_endur_post,motrpac_human_precovid_endur_post_3.5_4hr_vs_pre,metab-t-amines,
4-Acetamidobutanoic acid [metab-u-rppos] [refmet: 4-Acetamidobutanoic acid],4-Acetamidobutanoic acid,Organic acids,-0.503184318058151,log2fc,2.06896506717469e-06,1.25472720202852e-05,benjamini_hochberg,within_each_platform_da_table_as_released_by_motrpac_v1.3_dream_acute,provided,lower_in_numerator,MoTrPAC_human_precovid_sed_adu,motrpac_human_plasma_endur_post,motrpac_human_precovid_endur_post_3.5_4hr_vs_pre,metab-u-rppos,
Leu-Pro [metab-u-rppos] [refmet: Leu-Pro],Leu-Pro,Organic acids,-0.243691906626349,log2fc,2.16285556660225e-06,1.27067764537882e-05,benjamini_hochberg,within_each_platform_da_table_as_released_by_motrpac_v1.3_dream_acute,provided,lower_in_numerator,MoTrPAC_human_precovid_sed_adu,motrpac_human_plasma_endur_post,motrpac_human_precovid_endur_post_3.5_4hr_vs_pre,metab-u-rppos,
PE(O-36:2) [metab-u-lrppos] [refmet: PE(O-36:2)],PE(O-36:2),unclassified_no_refmet_match,-0.148494906916643,log2fc,2.44751704886455e-06,1.37017249074828e-05,benjamini_hochberg,within_each_platform_da_table_as_released_by_motrpac_v1.3_dream_acute,provided,lower_in_numerator,MoTrPAC_human_precovid_sed_adu,motrpac_human_plasma_endur_post,motrpac_human_precovid_endur_post_3.5_4hr_vs_pre,metab-u-lrppos,
5-Hydroxyindoleacetic acid [metab-u-rpneg] [refmet: 5-Hydroxyindoleacetic acid],5-Hydroxyindoleacetic acid,Alkaloids,-0.456118089164978,log2fc,4.69267303876921e-06,1.59550883318153e-05,benjamini_hochberg,within_each_platform_da_table_as_released_by_motrpac_v1.3_dream_acute,provided,lower_in_numerator,MoTrPAC_human_precovid_sed_adu,motrpac_human_plasma_endur_post,motrpac_human_precovid_endur_post_3.5_4hr_vs_pre,metab-u-rpneg,
PE(O-37:5)>PE(O-17:1/20:4) [metab-u-lrppos] [refmet: PE(O-37:5)>PE(O-17:1/20:4)],PE(O-37:5)>PE(O-17:1/20:4),unclassified_no_refmet_match,-0.158366243319094,log2fc,3.05553589956613e-06,1.65156983536893e-05,benjamini_hochberg,within_each_platform_da_table_as_released_by_motrpac_v1.3_dream_acute,provided,lower_in_numerator,MoTrPAC_human_precovid_sed_adu,motrpac_human_plasma_endur_post,motrpac_human_precovid_endur_post_3.5_4hr_vs_pre,metab-u-lrppos,
TG(47:0)>TG(15:0_16:0_16:0) [metab-u-lrppos] [refmet: TG(47:0)>TG(15:0_16:0_16:0)],TG(47:0)>TG(15:0_16:0_16:0),unclassified_no_refmet_match,-0.383748928102925,log2fc,3.48026010573013e-06,1.8492568527905e-05,benjamini_hochberg,within_each_platform_da_table_as_released_by_motrpac_v1.3_dream_acute,provided,lower_in_numerator,MoTrPAC_human_precovid_sed_adu,motrpac_human_plasma_endur_post,motrpac_human_precovid_endur_post_3.5_4hr_vs_pre,metab-u-lrppos,
Retinol [metab-u-hilicpos] [refmet: Retinol],Retinol,Prenol Lipids,-0.233132144146762,log2fc,5.9385513123496e-06,2.33538534755321e-05,benjamini_hochberg,within_each_platform_da_table_as_released_by_motrpac_v1.3_dream_acute,provided,lower_in_numerator,MoTrPAC_human_precovid_sed_adu,motrpac_human_plasma_endur_post,motrpac_human_precovid_endur_post_3.5_4hr_vs_pre,metab-u-hilicpos,
11-Deoxycortisol [metab-u-hilicpos] [refmet: 11-Deoxycortisol],11-Deoxycortisol,Sterol Lipids,-1.19850489661182,log2fc,6.01810155885547e-06,2.34037282844379e-05,benjamini_hochberg,within_each_platform_da_table_as_released_by_motrpac_v1.3_dream_acute,provided,lower_in_numerator,MoTrPAC_human_precovid_sed_adu,motrpac_human_plasma_endur_post,motrpac_human_precovid_endur_post_3.5_4hr_vs_pre,metab-u-hilicpos,
LPC(18:2)_rp_a [metab-u-rppos] [refmet: LPC(18:2)_rp_a],LPC(18:2)_rp_a,unclassified_no_refmet_match,-0.198672237884971,log2fc,4.39840771310246e-06,2.36257328589504e-05,benjamini_hochberg,within_each_platform_da_table_as_released_by_motrpac_v1.3_dream_acute,provided,lower_in_numerator,MoTrPAC_human_precovid_sed_adu,motrpac_human_plasma_endur_post,motrpac_human_precovid_endur_post_3.5_4hr_vs_pre,metab-u-rppos,
Trimethylamine N-oxide [metab-u-hilicpos] [refmet: Trimethylamine N-oxide],Trimethylamine N-oxide,Organic nitrogen compounds,-0.261021184318444,log2fc,7.03897759458932e-06,2.67787191098507e-05,benjamini_hochberg,within_each_platform_da_table_as_released_by_motrpac_v1.3_dream_acute,provided,lower_in_numerator,MoTrPAC_human_precovid_sed_adu,motrpac_human_plasma_endur_post,motrpac_human_precovid_endur_post_3.5_4hr_vs_pre,metab-u-hilicpos,
CAR 5:0 [metab-u-hilicpos] [refmet: CAR 5:0],CAR 5:0,Fatty Acyls,-0.235169488000864,log2fc,7.13302170141479e-06,2.68447053279051e-05,benjamini_hochberg,within_each_platform_da_table_as_released_by_motrpac_v1.3_dream_acute,provided,lower_in_numerator,MoTrPAC_human_precovid_sed_adu,motrpac_human_plasma_endur_post,motrpac_human_precovid_endur_post_3.5_4hr_vs_pre,metab-u-hilicpos,
FA 24:1;O2 [metab-u-lrpneg] [refmet: FA 24:1;O2],FA 24:1;O2,Fatty Acyls,-0.18683266082472,log2fc,2.68582950739867e-06,2.69577702409274e-05,benjamini_hochberg,within_each_platform_da_table_as_released_by_motrpac_v1.3_dream_acute,provided,lower_in_numerator,MoTrPAC_human_precovid_sed_adu,motrpac_human_plasma_endur_post,motrpac_human_precovid_endur_post_3.5_4hr_vs_pre,metab-u-lrpneg,
gamma-Glutamylisoleucine [metab-u-rpneg] [refmet: gamma-Glutamylisoleucine],gamma-Glutamylisoleucine,Organic acids,-0.386751524400326,log2fc,8.59834343453395e-06,2.7407219697577e-05,benjamini_hochberg,within_each_platform_da_table_as_released_by_motrpac_v1.3_dream_acute,provided,lower_in_numerator,MoTrPAC_human_precovid_sed_adu,motrpac_human_plasma_endur_post,motrpac_human_precovid_endur_post_3.5_4hr_vs_pre,metab-u-rpneg,
gamma-Glutamylmethionine [metab-u-rppos] [refmet: gamma-Glutamylmethionine],gamma-Glutamylmethionine,Organic acids,-0.278636432554265,log2fc,5.30086206662064e-06,2.76822796812411e-05,benjamini_hochberg,within_each_platform_da_table_as_released_by_motrpac_v1.3_dream_acute,provided,lower_in_numerator,MoTrPAC_human_precovid_sed_adu,motrpac_human_plasma_endur_post,motrpac_human_precovid_endur_post_3.5_4hr_vs_pre,metab-u-rppos,
Taurocholic acid [metab-u-rpneg] [refmet: Taurocholic acid],Taurocholic acid,Sterol Lipids,-0.781696724772033,log2fc,9.16750587828709e-06,2.83359272601601e-05,benjamini_hochberg,within_each_platform_da_table_as_released_by_motrpac_v1.3_dream_acute,provided,lower_in_numerator,MoTrPAC_human_precovid_sed_adu,motrpac_human_plasma_endur_post,motrpac_human_precovid_endur_post_3.5_4hr_vs_pre,metab-u-rpneg,
Threonine [metab-u-hilicpos] [refmet: Threonine],Threonine,Organic acids,-0.178473605650431,log2fc,7.83230467248956e-06,2.91628365465037e-05,benjamini_hochberg,within_each_platform_da_table_as_released_by_motrpac_v1.3_dream_acute,provided,lower_in_numerator,MoTrPAC_human_precovid_sed_adu,motrpac_human_plasma_endur_post,motrpac_human_precovid_endur_post_3.5_4hr_vs_pre,metab-u-hilicpos,
Tyrosine [metab-u-rppos] [refmet: Tyrosine],Tyrosine,Organic acids,-0.279516804351086,log2fc,8.12714797367303e-06,4.02079952381719e-05,benjamini_hochberg,within_each_platform_da_table_as_released_by_motrpac_v1.3_dream_acute,provided,lower_in_numerator,MoTrPAC_human_precovid_sed_adu,motrpac_human_plasma_endur_post,motrpac_human_precovid_endur_post_3.5_4hr_vs_pre,metab-u-rppos,
2-Hydroxy-3-methylbutyric acid [metab-u-rppos] [refmet: 2-Hydroxy-3-methylbutyric acid],2-Hydroxy-3-methylbutyric acid,Fatty Acyls,-0.253961522165564,log2fc,8.75547505601456e-06,4.22058797571984e-05,benjamini_hochberg,within_each_platform_da_table_as_released_by_motrpac_v1.3_dream_acute,provided,lower_in_numerator,MoTrPAC_human_precovid_sed_adu,motrpac_human_plasma_endur_post,motrpac_human_precovid_endur_post_3.5_4hr_vs_pre,metab-u-rppos,
Car(13:0) [metab-u-lrppos] [refmet: Car(13:0)],Car(13:0),unclassified_no_refmet_match,-0.198714281105403,log2fc,9.12891968805216e-06,4.65352247512903e-05,benjamini_hochberg,within_each_platform_da_table_as_released_by_motrpac_v1.3_dream_acute,provided,lower_in_numerator,MoTrPAC_human_precovid_sed_adu,motrpac_human_plasma_endur_post,motrpac_human_precovid_endur_post_3.5_4hr_vs_pre,metab-u-lrppos,
Hexose [metab-u-ionpneg] [refmet: Hexose],Hexose,Carbohydrates,-0.129295859799281,log2fc,8.24358725238848e-06,5.02858822395697e-05,benjamini_hochberg,within_each_platform_da_table_as_released_by_motrpac_v1.3_dream_acute,provided,lower_in_numerator,MoTrPAC_human_precovid_sed_adu,motrpac_human_plasma_endur_post,motrpac_human_precovid_endur_post_3.5_4hr_vs_pre,metab-u-ionpneg,
PE(36:2) [metab-u-lrppos] [refmet: PE(36:2)],PE(36:2),unclassified_no_refmet_match,-0.398431388374576,log2fc,1.06721680558729e-05,5.39633013792926e-05,benjamini_hochberg,within_each_platform_da_table_as_released_by_motrpac_v1.3_dream_acute,provided,lower_in_numerator,MoTrPAC_human_precovid_sed_adu,motrpac_human_plasma_endur_post,motrpac_human_precovid_endur_post_3.5_4hr_vs_pre,metab-u-lrppos,
Allantoin [metab-u-hilicpos] [refmet: Allantoin],Allantoin,Organoheterocyclic compounds,-0.342495377701978,log2fc,1.56447646444677e-05,5.58741594445276e-05,benjamini_hochberg,within_each_platform_da_table_as_released_by_motrpac_v1.3_dream_acute,provided,lower_in_numerator,MoTrPAC_human_precovid_sed_adu,motrpac_human_plasma_endur_post,motrpac_human_precovid_endur_post_3.5_4hr_vs_pre,metab-u-hilicpos,
NAD+ [metab-u-ionpneg] [refmet: NAD+],NAD+,unclassified_no_refmet_match,-0.578953118087234,log2fc,1.12408974679342e-05,6.2335885958544e-05,benjamini_hochberg,within_each_platform_da_table_as_released_by_motrpac_v1.3_dream_acute,provided,lower_in_numerator,MoTrPAC_human_precovid_sed_adu,motrpac_human_plasma_endur_post,motrpac_human_precovid_endur_post_3.5_4hr_vs_pre,metab-u-ionpneg,
Glycoursodeoxycholic acid [metab-u-rpneg] [refmet: Glycoursodeoxycholic acid],Glycoursodeoxycholic acid,Sterol Lipids,-0.654392976079826,log2fc,2.21979456830057e-05,6.46911559904736e-05,benjamini_hochberg,within_each_platform_da_table_as_released_by_motrpac_v1.3_dream_acute,provided,lower_in_numerator,MoTrPAC_human_precovid_sed_adu,motrpac_human_plasma_endur_post,motrpac_human_precovid_endur_post_3.5_4hr_vs_pre,metab-u-rpneg,
LPC(20:4)>LPC(0:0/20:4) [metab-u-lrppos] [refmet: LPC(20:4)>LPC(0:0/20:4)],LPC(20:4)>LPC(0:0/20:4),unclassified_no_refmet_match,-0.183118354722573,log2fc,1.38909269480394e-05,6.91238983842915e-05,benjamini_hochberg,within_each_platform_da_table_as_released_by_motrpac_v1.3_dream_acute,provided,lower_in_numerator,MoTrPAC_human_precovid_sed_adu,motrpac_human_plasma_endur_post,motrpac_human_precovid_endur_post_3.5_4hr_vs_pre,metab-u-lrppos,
LPC(20:4)>LPC(20:4/0:0) [metab-u-lrppos] [refmet: LPC(20:4)>LPC(20:4/0:0)],LPC(20:4)>LPC(20:4/0:0),unclassified_no_refmet_match,-0.194822348579986,log2fc,1.45130969865782e-05,7.16512740990909e-05,benjamini_hochberg,within_each_platform_da_table_as_released_by_motrpac_v1.3_dream_acute,provided,lower_in_numerator,MoTrPAC_human_precovid_sed_adu,motrpac_human_plasma_endur_post,motrpac_human_precovid_endur_post_3.5_4hr_vs_pre,metab-u-lrppos,
Rosmarinic acid [metab-u-rpneg] [refmet: Rosmarinic acid],Rosmarinic acid,Organic acids,-0.231666429106907,log2fc,2.91520280095363e-05,8.25974126936863e-05,benjamini_hochberg,within_each_platform_da_table_as_released_by_motrpac_v1.3_dream_acute,provided,lower_in_numerator,MoTrPAC_human_precovid_sed_adu,motrpac_human_plasma_endur_post,motrpac_human_precovid_endur_post_3.5_4hr_vs_pre,metab-u-rpneg,
3-Methylxanthine [metab-u-hilicpos] [refmet: 3-Methylxanthine],3-Methylxanthine,Nucleic acids,-0.438058777050667,log2fc,2.61724503664634e-05,8.89355109540019e-05,benjamini_hochberg,within_each_platform_da_table_as_released_by_motrpac_v1.3_dream_acute,provided,lower_in_numerator,MoTrPAC_human_precovid_sed_adu,motrpac_human_plasma_endur_post,motrpac_human_precovid_endur_post_3.5_4hr_vs_pre,metab-u-hilicpos,
N-Acetylornithine [metab-u-hilicpos] [refmet: N-Acetylornithine],N-Acetylornithine,Organic acids,-0.142926316511305,log2fc,2.75441686283739e-05,9.18138954279131e-05,benjamini_hochberg,within_each_platform_da_table_as_released_by_motrpac_v1.3_dream_acute,provided,lower_in_numerator,MoTrPAC_human_precovid_sed_adu,motrpac_human_plasma_endur_post,motrpac_human_precovid_endur_post_3.5_4hr_vs_pre,metab-u-hilicpos,
Citrulline [metab-u-hilicpos] [refmet: Citrulline],Citrulline,Organic acids,-0.11047856039443,log2fc,2.8333807280824e-05,9.35550240404566e-05,benjamini_hochberg,within_each_platform_da_table_as_released_by_motrpac_v1.3_dream_acute,provided,lower_in_numerator,MoTrPAC_human_precovid_sed_adu,motrpac_human_plasma_endur_post,motrpac_human_precovid_endur_post_3.5_4hr_vs_pre,metab-u-hilicpos,
PC(42:10) [metab-u-lrppos] [refmet: PC(42:10)],PC(42:10),unclassified_no_refmet_match,-0.127217618085744,log2fc,2.24279841064832e-05,0.0001081718925751,benjamini_hochberg,within_each_platform_da_table_as_released_by_motrpac_v1.3_dream_acute,provided,lower_in_numerator,MoTrPAC_human_precovid_sed_adu,motrpac_human_plasma_endur_post,motrpac_human_precovid_endur_post_3.5_4hr_vs_pre,metab-u-lrppos,
Taurochenodeoxycholic acid [metab-u-rpneg] [refmet: Taurochenodeoxycholic acid],Taurochenodeoxycholic acid,Sterol Lipids,-0.776223057903657,log2fc,4.2154197865058e-05,0.0001131507416377,benjamini_hochberg,within_each_platform_da_table_as_released_by_motrpac_v1.3_dream_acute,provided,lower_in_numerator,MoTrPAC_human_precovid_sed_adu,motrpac_human_plasma_endur_post,motrpac_human_precovid_endur_post_3.5_4hr_vs_pre,metab-u-rpneg,
Ile-Pro [metab-u-rppos] [refmet: Ile-Pro],Ile-Pro,Organic acids,-0.222054506421337,log2fc,2.4699341205077e-05,0.0001160869036638,benjamini_hochberg,within_each_platform_da_table_as_released_by_motrpac_v1.3_dream_acute,provided,lower_in_numerator,MoTrPAC_human_precovid_sed_adu,motrpac_human_plasma_endur_post,motrpac_human_precovid_endur_post_3.5_4hr_vs_pre,metab-u-rppos,
Ornithine [metab-u-hilicpos] [refmet: Ornithine],Ornithine,Organic acids,-0.121087745413735,log2fc,4.17426615121596e-05,0.0001365414161612,benjamini_hochberg,within_each_platform_da_table_as_released_by_motrpac_v1.3_dream_acute,provided,lower_in_numerator,MoTrPAC_human_precovid_sed_adu,motrpac_human_plasma_endur_post,motrpac_human_precovid_endur_post_3.5_4hr_vs_pre,metab-u-hilicpos,
Ectoine [metab-u-hilicpos] [refmet: Ectoine],Ectoine,Nucleic acids,-0.306479965922193,log2fc,4.30425719198094e-05,0.0001394898164067,benjamini_hochberg,within_each_platform_da_table_as_released_by_motrpac_v1.3_dream_acute,provided,lower_in_numerator,MoTrPAC_human_precovid_sed_adu,motrpac_human_plasma_endur_post,motrpac_human_precovid_endur_post_3.5_4hr_vs_pre,metab-u-hilicpos,
TG(50:4)_isomer1 [metab-u-lrppos] [refmet: TG(50:4)_isomer1],TG(50:4)_isomer1,unclassified_no_refmet_match,-0.300636265419186,log2fc,3.035705031332e-05,0.0001420438100481,benjamini_hochberg,within_each_platform_da_table_as_released_by_motrpac_v1.3_dream_acute,provided,lower_in_numerator,MoTrPAC_human_precovid_sed_adu,motrpac_human_plasma_endur_post,motrpac_human_precovid_endur_post_3.5_4hr_vs_pre,metab-u-lrppos,
LPE(18:0)>LPE(0:0/18:0) [metab-u-lrppos] [refmet: LPE(18:0)>LPE(0:0/18:0)],LPE(18:0)>LPE(0:0/18:0),unclassified_no_refmet_match,-0.196640556405733,log2fc,3.033963022441e-05,0.0001420438100481,benjamini_hochberg,within_each_platform_da_table_as_released_by_motrpac_v1.3_dream_acute,provided,lower_in_numerator,MoTrPAC_human_precovid_sed_adu,motrpac_human_plasma_endur_post,motrpac_human_precovid_endur_post_3.5_4hr_vs_pre,metab-u-lrppos,
Ile-Glu [metab-u-hilicpos] [refmet: Ile-Glu],Ile-Glu,Organic acids,-0.214899625684456,log2fc,4.56885936208311e-05,0.0001467064932778,benjamini_hochberg,within_each_platform_da_table_as_released_by_motrpac_v1.3_dream_acute,provided,lower_in_numerator,MoTrPAC_human_precovid_sed_adu,motrpac_human_plasma_endur_post,motrpac_human_precovid_endur_post_3.5_4hr_vs_pre,metab-u-hilicpos,
Cortisol [metab-u-rppos] [refmet: Cortisol],Cortisol,Sterol Lipids,-0.656276734765438,log2fc,3.45868885803431e-05,0.0001585935378805,benjamini_hochberg,within_each_platform_da_table_as_released_by_motrpac_v1.3_dream_acute,provided,lower_in_numerator,MoTrPAC_human_precovid_sed_adu,motrpac_human_plasma_endur_post,motrpac_human_precovid_endur_post_3.5_4hr_vs_pre,metab-u-rppos,
DG(36:1)>DG(18:0_18:1_0:0) [metab-u-lrppos] [refmet: DG(36:1)>DG(18:0_18:1_0:0)],DG(36:1)>DG(18:0_18:1_0:0),unclassified_no_refmet_match,-0.168308676001583,log2fc,4.06650140175393e-05,0.000187477674919,benjamini_hochberg,within_each_platform_da_table_as_released_by_motrpac_v1.3_dream_acute,provided,lower_in_numerator,MoTrPAC_human_precovid_sed_adu,motrpac_human_plasma_endur_post,motrpac_human_precovid_endur_post_3.5_4hr_vs_pre,metab-u-lrppos,
TG(52:6)>TG(16:1_18:2_18:3)_and_TG(16:2_18:2_18:2)_isomer2 [metab-u-lrppos] [refmet: TG(52:6)>TG(16:1_18:2_18:3)_and_TG(16:2_18:2_18:2)_isomer2],TG(52:6)>TG(16:1_18:2_18:3)_and_TG(16:2_18:2_18:2)_isomer2,unclassified_no_refmet_match,-0.268775022246146,log2fc,4.37602550941922e-05,0.000200275036088,benjamini_hochberg,within_each_platform_da_table_as_released_by_motrpac_v1.3_dream_acute,provided,lower_in_numerator,MoTrPAC_human_precovid_sed_adu,motrpac_human_plasma_endur_post,motrpac_human_precovid_endur_post_3.5_4hr_vs_pre,metab-u-lrppos,
TG(48:2) [metab-u-lrppos] [refmet: TG(48:2)],TG(48:2),unclassified_no_refmet_match,-0.286816288621825,log2fc,4.44946683695335e-05,0.0002021605584615,benjamini_hochberg,within_each_platform_da_table_as_released_by_motrpac_v1.3_dream_acute,provided,lower_in_numerator,MoTrPAC_human_precovid_sed_adu,motrpac_human_plasma_endur_post,motrpac_human_precovid_endur_post_3.5_4hr_vs_pre,metab-u-lrppos,
Methionine [metab-t-amines] [refmet: Methionine],Methionine,Organic acids,-0.0907214341788425,log2fc,8.97481411171173e-05,0.0002075425763333,benjamini_hochberg,within_each_platform_da_table_as_released_by_motrpac_v1.3_dream_acute,provided,lower_in_numerator,MoTrPAC_human_precovid_sed_adu,motrpac_human_plasma_endur_post,motrpac_human_precovid_endur_post_3.5_4hr_vs_pre,metab-t-amines,
TG(53:2)>TG(17:0_18:1_18:1) [metab-u-lrppos] [refmet: TG(53:2)>TG(17:0_18:1_18:1)],TG(53:2)>TG(17:0_18:1_18:1),unclassified_no_refmet_match,-0.177486051534487,log2fc,4.61136080052744e-05,0.0002080088648871,benjamini_hochberg,within_each_platform_da_table_as_released_by_motrpac_v1.3_dream_acute,provided,lower_in_numerator,MoTrPAC_human_precovid_sed_adu,motrpac_human_plasma_endur_post,motrpac_human_precovid_endur_post_3.5_4hr_vs_pre,metab-u-lrppos,
TG(52:0)>TG(16:0_18:0_18:0) [metab-u-lrppos] [refmet: TG(52:0)>TG(16:0_18:0_18:0)],TG(52:0)>TG(16:0_18:0_18:0),unclassified_no_refmet_match,-0.801561079325694,log2fc,5.4146869531017e-05,0.0002390851210982,benjamini_hochberg,within_each_platform_da_table_as_released_by_motrpac_v1.3_dream_acute,provided,lower_in_numerator,MoTrPAC_human_precovid_sed_adu,motrpac_human_plasma_endur_post,motrpac_human_precovid_endur_post_3.5_4hr_vs_pre,metab-u-lrppos,
Tyrosine [metab-u-rpneg] [refmet: Tyrosine],Tyrosine,Organic acids,-0.314362620386767,log2fc,9.78422802578097e-05,0.0002494978146574,benjamini_hochberg,within_each_platform_da_table_as_released_by_motrpac_v1.3_dream_acute,provided,lower_in_numerator,MoTrPAC_human_precovid_sed_adu,motrpac_human_plasma_endur_post,motrpac_human_precovid_endur_post_3.5_4hr_vs_pre,metab-u-rpneg,
PE(O-36:5)>PE(O-16:1/20:4) [metab-u-lrppos] [refmet: PE(O-36:5)>PE(O-16:1/20:4)],PE(O-36:5)>PE(O-16:1/20:4),unclassified_no_refmet_match,-0.149473587998191,log2fc,6.23879756350726e-05,0.0002661038144434,benjamini_hochberg,within_each_platform_da_table_as_released_by_motrpac_v1.3_dream_acute,provided,lower_in_numerator,MoTrPAC_human_precovid_sed_adu,motrpac_human_plasma_endur_post,motrpac_human_precovid_endur_post_3.5_4hr_vs_pre,metab-u-lrppos,
Glycodeoxycholic acid/Glycochenodeoxycholic acid [metab-u-hilicpos] [refmet: Glycodeoxycholic acid/Glycochenodeoxycholic acid],Glycodeoxycholic acid/Glycochenodeoxycholic acid,Sterol Lipids,-0.874527467990635,log2fc,8.65236360057245e-05,0.0002679935628495,benjamini_hochberg,within_each_platform_da_table_as_released_by_motrpac_v1.3_dream_acute,provided,lower_in_numerator,MoTrPAC_human_precovid_sed_adu,motrpac_human_plasma_endur_post,motrpac_human_precovid_endur_post_3.5_4hr_vs_pre,metab-u-hilicpos,
Car(12:3) [metab-u-lrppos] [refmet: Car(12:3)],Car(12:3),unclassified_no_refmet_match,-0.190976193182255,log2fc,6.67216434198297e-05,0.0002788964694948,benjamini_hochberg,within_each_platform_da_table_as_released_by_motrpac_v1.3_dream_acute,provided,lower_in_numerator,MoTrPAC_human_precovid_sed_adu,motrpac_human_plasma_endur_post,motrpac_human_precovid_endur_post_3.5_4hr_vs_pre,metab-u-lrppos,
FA 12:2_isomer1 [metab-u-lrpneg] [refmet: FA 12:2_isomer1],FA 12:2_isomer1,unclassified_no_refmet_match,-0.350666088334645,log2fc,3.76863774941288e-05,0.0002836946750252,benjamini_hochberg,within_each_platform_da_table_as_released_by_motrpac_v1.3_dream_acute,provided,lower_in_numerator,MoTrPAC_human_precovid_sed_adu,motrpac_human_plasma_endur_post,motrpac_human_precovid_endur_post_3.5_4hr_vs_pre,metab-u-lrpneg,
LPE(18:1)>LPE(0:0/18:1) [metab-u-lrppos] [refmet: LPE(18:1)>LPE(0:0/18:1)],LPE(18:1)>LPE(0:0/18:1),unclassified_no_refmet_match,-0.271674310646826,log2fc,7.13475573533525e-05,0.0002962577381493,benjamini_hochberg,within_each_platform_da_table_as_released_by_motrpac_v1.3_dream_acute,provided,lower_in_numerator,MoTrPAC_human_precovid_sed_adu,motrpac_human_plasma_endur_post,motrpac_human_precovid_endur_post_3.5_4hr_vs_pre,metab-u-lrppos,
TG(51:5) [metab-u-lrppos] [refmet: TG(51:5)],TG(51:5),unclassified_no_refmet_match,-0.268077470732038,log2fc,8.41900665766431e-05,0.0003405623983455,benjamini_hochberg,within_each_platform_da_table_as_released_by_motrpac_v1.3_dream_acute,provided,lower_in_numerator,MoTrPAC_human_precovid_sed_adu,motrpac_human_plasma_endur_post,motrpac_human_precovid_endur_post_3.5_4hr_vs_pre,metab-u-lrppos,
Alanine [metab-u-hilicpos] [refmet: Alanine],Alanine,Organic acids,-0.128010448546515,log2fc,0.0001187189532075,0.0003582037381263,benjamini_hochberg,within_each_platform_da_table_as_released_by_motrpac_v1.3_dream_acute,provided,lower_in_numerator,MoTrPAC_human_precovid_sed_adu,motrpac_human_plasma_endur_post,motrpac_human_precovid_endur_post_3.5_4hr_vs_pre,metab-u-hilicpos,
2-Acetylpyrrolidine [metab-u-rppos] [refmet: 2-Acetylpyrrolidine],2-Acetylpyrrolidine,Alkaloids,-1.48147856575715,log2fc,8.0792603671609e-05,0.0003616430831014,benjamini_hochberg,within_each_platform_da_table_as_released_by_motrpac_v1.3_dream_acute,provided,lower_in_numerator,MoTrPAC_human_precovid_sed_adu,motrpac_human_plasma_endur_post,motrpac_human_precovid_endur_post_3.5_4hr_vs_pre,metab-u-rppos,
PE(O-34:2)>PE(O-16:1/18:1) [metab-u-lrppos] [refmet: PE(O-34:2)>PE(O-16:1/18:1)],PE(O-34:2)>PE(O-16:1/18:1),unclassified_no_refmet_match,-0.115618451107892,log2fc,9.94868128348573e-05,0.000392315922311,benjamini_hochberg,within_each_platform_da_table_as_released_by_motrpac_v1.3_dream_acute,provided,lower_in_numerator,MoTrPAC_human_precovid_sed_adu,motrpac_human_plasma_endur_post,motrpac_human_precovid_endur_post_3.5_4hr_vs_pre,metab-u-lrppos,
Asparagine [metab-t-amines] [refmet: Asparagine],Asparagine,Organic acids,-0.0815581309788298,log2fc,0.0001826545405879,0.0003975422353973,benjamini_hochberg,within_each_platform_da_table_as_released_by_motrpac_v1.3_dream_acute,provided,lower_in_numerator,MoTrPAC_human_precovid_sed_adu,motrpac_human_plasma_endur_post,motrpac_human_precovid_endur_post_3.5_4hr_vs_pre,metab-t-amines,
"1,3-Dimethyluric acid [metab-u-rpneg] [refmet: 1,3-Dimethyluric acid]","1,3-Dimethyluric acid",Nucleic acids,-0.61104715450327,log2fc,0.000171195491854,0.0004259009797345,benjamini_hochberg,within_each_platform_da_table_as_released_by_motrpac_v1.3_dream_acute,provided,lower_in_numerator,MoTrPAC_human_precovid_sed_adu,motrpac_human_plasma_endur_post,motrpac_human_precovid_endur_post_3.5_4hr_vs_pre,metab-u-rpneg,
Taurodeoxycholic acid [metab-u-rpneg] [refmet: Taurodeoxycholic acid],Taurodeoxycholic acid,Sterol Lipids,-0.911581728992903,log2fc,0.0001804499023689,0.0004382354771818,benjamini_hochberg,within_each_platform_da_table_as_released_by_motrpac_v1.3_dream_acute,provided,lower_in_numerator,MoTrPAC_human_precovid_sed_adu,motrpac_human_plasma_endur_post,motrpac_human_precovid_endur_post_3.5_4hr_vs_pre,metab-u-rpneg,
LPC(18:2)_rp_b [metab-u-rppos] [refmet: LPC(18:2)_rp_b],LPC(18:2)_rp_b,unclassified_no_refmet_match,-0.104790235844135,log2fc,0.0001149674526115,0.0005026483974644,benjamini_hochberg,within_each_platform_da_table_as_released_by_motrpac_v1.3_dream_acute,provided,lower_in_numerator,MoTrPAC_human_precovid_sed_adu,motrpac_human_plasma_endur_post,motrpac_human_precovid_endur_post_3.5_4hr_vs_pre,metab-u-rppos,
LPC(20:3)>LPC(0:0/20:3) [metab-u-lrppos] [refmet: LPC(20:3)>LPC(0:0/20:3)],LPC(20:3)>LPC(0:0/20:3),unclassified_no_refmet_match,-0.174295337779075,log2fc,0.0001427822423332,0.0005526201601414,benjamini_hochberg,within_each_platform_da_table_as_released_by_motrpac_v1.3_dream_acute,provided,lower_in_numerator,MoTrPAC_human_precovid_sed_adu,motrpac_human_plasma_endur_post,motrpac_human_precovid_endur_post_3.5_4hr_vs_pre,metab-u-lrppos,
beta-Alanine [metab-t-amines] [refmet: beta-Alanine],beta-Alanine,Organic acids,-0.122866334412944,log2fc,0.0002784390641588,0.0005723469652153,benjamini_hochberg,within_each_platform_da_table_as_released_by_motrpac_v1.3_dream_acute,provided,lower_in_numerator,MoTrPAC_human_precovid_sed_adu,motrpac_human_plasma_endur_post,motrpac_human_precovid_endur_post_3.5_4hr_vs_pre,metab-t-amines,
Aspartic Acid [metab-t-amines] [refmet: Aspartic Acid],Aspartic Acid,Organic acids,-0.176379568620654,log2fc,0.0003059379535921,0.0005957739096268,benjamini_hochberg,within_each_platform_da_table_as_released_by_motrpac_v1.3_dream_acute,provided,lower_in_numerator,MoTrPAC_human_precovid_sed_adu,motrpac_human_plasma_endur_post,motrpac_human_precovid_endur_post_3.5_4hr_vs_pre,metab-t-amines,
TG(50:4)_isomer2 [metab-u-lrppos] [refmet: TG(50:4)_isomer2],TG(50:4)_isomer2,unclassified_no_refmet_match,-0.19106527905365,log2fc,0.0001579184530074,0.0006074531904027,benjamini_hochberg,within_each_platform_da_table_as_released_by_motrpac_v1.3_dream_acute,provided,lower_in_numerator,MoTrPAC_human_precovid_sed_adu,motrpac_human_plasma_endur_post,motrpac_human_precovid_endur_post_3.5_4hr_vs_pre,metab-u-lrppos,
Homocitrulline [metab-u-hilicpos] [refmet: Homocitrulline],Homocitrulline,Organic acids,-0.428511055339523,log2fc,0.0002136980189418,0.0006130680871282,benjamini_hochberg,within_each_platform_da_table_as_released_by_motrpac_v1.3_dream_acute,provided,lower_in_numerator,MoTrPAC_human_precovid_sed_adu,motrpac_human_plasma_endur_post,motrpac_human_precovid_endur_post_3.5_4hr_vs_pre,metab-u-hilicpos,
PE(O-38:5)>PE(O-18:1/20:4) [metab-u-lrppos] [refmet: PE(O-38:5)>PE(O-18:1/20:4)],PE(O-38:5)>PE(O-18:1/20:4),unclassified_no_refmet_match,-0.156299846123638,log2fc,0.000164560666124,0.0006291435223155,benjamini_hochberg,within_each_platform_da_table_as_released_by_motrpac_v1.3_dream_acute,provided,lower_in_numerator,MoTrPAC_human_precovid_sed_adu,motrpac_human_plasma_endur_post,motrpac_human_precovid_endur_post_3.5_4hr_vs_pre,metab-u-lrppos,
PC 30:2 [metab-u-hilicpos] [refmet: PC 30:2],PC 30:2,Glycerophospholipids,-0.520569563526635,log2fc,0.0002314959971917,0.0006534161211057,benjamini_hochberg,within_each_platform_da_table_as_released_by_motrpac_v1.3_dream_acute,provided,lower_in_numerator,MoTrPAC_human_precovid_sed_adu,motrpac_human_plasma_endur_post,motrpac_human_precovid_endur_post_3.5_4hr_vs_pre,metab-u-hilicpos,
Piperine [metab-u-hilicpos] [refmet: Piperine],Piperine,Alkaloids,-0.317385871854846,log2fc,0.0002298376306496,0.0006534161211057,benjamini_hochberg,within_each_platform_da_table_as_released_by_motrpac_v1.3_dream_acute,provided,lower_in_numerator,MoTrPAC_human_precovid_sed_adu,motrpac_human_plasma_endur_post,motrpac_human_precovid_endur_post_3.5_4hr_vs_pre,metab-u-hilicpos,
Indoleacetic acid [metab-u-hilicpos] [refmet: Indoleacetic acid],Indoleacetic acid,Alkaloids,-0.426711704022702,log2fc,0.0002374889352505,0.0006649690187016,benjamini_hochberg,within_each_platform_da_table_as_released_by_motrpac_v1.3_dream_acute,provided,lower_in_numerator,MoTrPAC_human_precovid_sed_adu,motrpac_human_plasma_endur_post,motrpac_human_precovid_endur_post_3.5_4hr_vs_pre,metab-u-hilicpos,
p-Methylhippuric acid [metab-u-hilicpos] [refmet: p-Methylhippuric acid],p-Methylhippuric acid,Benzenoids,-0.38500154403469,log2fc,0.0002514051213434,0.0006983475592873,benjamini_hochberg,within_each_platform_da_table_as_released_by_motrpac_v1.3_dream_acute,provided,lower_in_numerator,MoTrPAC_human_precovid_sed_adu,motrpac_human_plasma_endur_post,motrpac_human_precovid_endur_post_3.5_4hr_vs_pre,metab-u-hilicpos,
Glucose [metab-t-conv] [refmet: Glucose],Glucose,Carbohydrates,-0.0806823587652898,log2fc,0.0004435029780562,0.0007391716300937,benjamini_hochberg,within_each_platform_da_table_as_released_by_motrpac_v1.3_dream_acute,provided,lower_in_numerator,MoTrPAC_human_precovid_sed_adu,motrpac_human_plasma_endur_post,motrpac_human_precovid_endur_post_3.5_4hr_vs_pre,metab-t-conv,
Pipecolic acid [metab-u-rppos] [refmet: Pipecolic acid],Pipecolic acid,Organic acids,-0.270186665729696,log2fc,0.0002124777751735,0.0008876849273915,benjamini_hochberg,within_each_platform_da_table_as_released_by_motrpac_v1.3_dream_acute,provided,lower_in_numerator,MoTrPAC_human_precovid_sed_adu,motrpac_human_plasma_endur_post,motrpac_human_precovid_endur_post_3.5_4hr_vs_pre,metab-u-rppos,
Serine [metab-u-ionpneg] [refmet: Serine],Serine,Organic acids,-0.11005058300697,log2fc,0.0001851184154504,0.0009410186118732,benjamini_hochberg,within_each_platform_da_table_as_released_by_motrpac_v1.3_dream_acute,provided,lower_in_numerator,MoTrPAC_human_precovid_sed_adu,motrpac_human_plasma_endur_post,motrpac_human_precovid_endur_post_3.5_4hr_vs_pre,metab-u-ionpneg,
LPC(22:5)>LPC(0:0/22:5) [metab-u-lrppos] [refmet: LPC(22:5)>LPC(0:0/22:5)],LPC(22:5)>LPC(0:0/22:5),unclassified_no_refmet_match,-0.318115796403866,log2fc,0.0002927417994987,0.0010671459784051,benjamini_hochberg,within_each_platform_da_table_as_released_by_motrpac_v1.3_dream_acute,provided,lower_in_numerator,MoTrPAC_human_precovid_sed_adu,motrpac_human_plasma_endur_post,motrpac_human_precovid_endur_post_3.5_4hr_vs_pre,metab-u-lrppos,
Paraxanthine [metab-u-rppos] [refmet: Paraxanthine],Paraxanthine,Nucleic acids,-0.645948331644572,log2fc,0.000276334109524,0.0011053364380963,benjamini_hochberg,within_each_platform_da_table_as_released_by_motrpac_v1.3_dream_acute,provided,lower_in_numerator,MoTrPAC_human_precovid_sed_adu,motrpac_human_plasma_endur_post,motrpac_human_precovid_endur_post_3.5_4hr_vs_pre,metab-u-rppos,
TG(54:3)>TG(18:0_18:1_18:2)_and_TG(18:1/18:1/18:1)_and_TG(16:0_18:2_20:1) [metab-u-lrppos] [refmet: TG(54:3)>TG(18:0_18:1_18:2)_and_TG(18:1/18:1/18:1)_and_TG(16:0_18:2_20:1)],TG(54:3)>TG(18:0_18:1_18:2)_and_TG(18:1/18:1/18:1)_and_TG(16:0_18:2_20:1),unclassified_no_refmet_match,-0.143811522041133,log2fc,0.0003099022965237,0.0011231719070544,benjamini_hochberg,within_each_platform_da_table_as_released_by_motrpac_v1.3_dream_acute,provided,lower_in_numerator,MoTrPAC_human_precovid_sed_adu,motrpac_human_plasma_endur_post,motrpac_human_precovid_endur_post_3.5_4hr_vs_pre,metab-u-lrppos,
PE P-36:4 or PE O-36:5 [metab-u-hilicpos] [refmet: PE P-36:4 or PE O-36:5],PE P-36:4 or PE O-36:5,Glycerophospholipids,-0.0879670394498753,log2fc,0.0004632292986995,0.0012190244702619,benjamini_hochberg,within_each_platform_da_table_as_released_by_motrpac_v1.3_dream_acute,provided,lower_in_numerator,MoTrPAC_human_precovid_sed_adu,motrpac_human_plasma_endur_post,motrpac_human_precovid_endur_post_3.5_4hr_vs_pre,metab-u-hilicpos,
Pregnenolone sulfate [metab-u-rpneg] [refmet: Pregnenolone sulfate],Pregnenolone sulfate,Sterol Lipids,-0.355533111962139,log2fc,0.0005816199378514,0.0013210649000063,benjamini_hochberg,within_each_platform_da_table_as_released_by_motrpac_v1.3_dream_acute,provided,lower_in_numerator,MoTrPAC_human_precovid_sed_adu,motrpac_human_plasma_endur_post,motrpac_human_precovid_endur_post_3.5_4hr_vs_pre,metab-u-rpneg,
Serine [metab-u-hilicpos] [refmet: Serine],Serine,Organic acids,-0.0896410972014348,log2fc,0.0005691171366384,0.0014754888727663,benjamini_hochberg,within_each_platform_da_table_as_released_by_motrpac_v1.3_dream_acute,provided,lower_in_numerator,MoTrPAC_human_precovid_sed_adu,motrpac_human_plasma_endur_post,motrpac_human_precovid_endur_post_3.5_4hr_vs_pre,metab-u-hilicpos,
TG(54:8)_isomer1 [metab-u-lrppos] [refmet: TG(54:8)_isomer1],TG(54:8)_isomer1,unclassified_no_refmet_match,-0.302422293618587,log2fc,0.000426113256683,0.0015094520448602,benjamini_hochberg,within_each_platform_da_table_as_released_by_motrpac_v1.3_dream_acute,provided,lower_in_numerator,MoTrPAC_human_precovid_sed_adu,motrpac_human_plasma_endur_post,motrpac_human_precovid_endur_post_3.5_4hr_vs_pre,metab-u-lrppos,
PC(O-37:3) [metab-u-lrppos] [refmet: PC(O-37:3)],PC(O-37:3),unclassified_no_refmet_match,-0.138757601732944,log2fc,0.0004250435979672,0.0015094520448602,benjamini_hochberg,within_each_platform_da_table_as_released_by_motrpac_v1.3_dream_acute,provided,lower_in_numerator,MoTrPAC_human_precovid_sed_adu,motrpac_human_plasma_endur_post,motrpac_human_precovid_endur_post_3.5_4hr_vs_pre,metab-u-lrppos,
PE P-34:2 or PE O-34:3 [metab-u-hilicpos] [refmet: PE P-34:2 or PE O-34:3],PE P-34:2 or PE O-34:3,Glycerophospholipids,-0.0960332315599537,log2fc,0.0006044229303853,0.0015555001884917,benjamini_hochberg,within_each_platform_da_table_as_released_by_motrpac_v1.3_dream_acute,provided,lower_in_numerator,MoTrPAC_human_precovid_sed_adu,motrpac_human_plasma_endur_post,motrpac_human_precovid_endur_post_3.5_4hr_vs_pre,metab-u-hilicpos,
Car(11:1) [metab-u-lrppos] [refmet: Car(11:1)],Car(11:1),unclassified_no_refmet_match,-0.157695649651036,log2fc,0.0004566927262956,0.0016086872999289,benjamini_hochberg,within_each_platform_da_table_as_released_by_motrpac_v1.3_dream_acute,provided,lower_in_numerator,MoTrPAC_human_precovid_sed_adu,motrpac_human_plasma_endur_post,motrpac_human_precovid_endur_post_3.5_4hr_vs_pre,metab-u-lrppos,
PE(O-36:2)>PE(O-18:1/18:1) [metab-u-lrppos] [refmet: PE(O-36:2)>PE(O-18:1/18:1)],PE(O-36:2)>PE(O-18:1/18:1),unclassified_no_refmet_match,-0.0967184962634562,log2fc,0.0004696078393072,0.0016358006402534,benjamini_hochberg,within_each_platform_da_table_as_released_by_motrpac_v1.3_dream_acute,provided,lower_in_numerator,MoTrPAC_human_precovid_sed_adu,motrpac_human_plasma_endur_post,motrpac_human_precovid_endur_post_3.5_4hr_vs_pre,metab-u-lrppos,
Adenosine [metab-u-ionpneg] [refmet: Adenosine],Adenosine,Nucleic acids,-0.418815143771061,log2fc,0.0003677510862005,0.0017256012506331,benjamini_hochberg,within_each_platform_da_table_as_released_by_motrpac_v1.3_dream_acute,provided,lower_in_numerator,MoTrPAC_human_precovid_sed_adu,motrpac_human_plasma_endur_post,motrpac_human_precovid_endur_post_3.5_4hr_vs_pre,metab-u-ionpneg,
5-Hydroxy-tryptophan [metab-u-rppos] [refmet: 5-Hydroxy-tryptophan],5-Hydroxy-tryptophan,Organic acids,-0.193927509178677,log2fc,0.0004654212154796,0.0017856977246975,benjamini_hochberg,within_each_platform_da_table_as_released_by_motrpac_v1.3_dream_acute,provided,lower_in_numerator,MoTrPAC_human_precovid_sed_adu,motrpac_human_plasma_endur_post,motrpac_human_precovid_endur_post_3.5_4hr_vs_pre,metab-u-rppos,
Thiamine [metab-u-hilicpos] [refmet: Thiamine],Thiamine,Nucleic acids,-0.287196847155228,log2fc,0.0007321684218422,0.0018435895514013,benjamini_hochberg,within_each_platform_da_table_as_released_by_motrpac_v1.3_dream_acute,provided,lower_in_numerator,MoTrPAC_human_precovid_sed_adu,motrpac_human_plasma_endur_post,motrpac_human_precovid_endur_post_3.5_4hr_vs_pre,metab-u-hilicpos,
Valine [metab-u-hilicpos] [refmet: Valine],Valine,Organic acids,-0.0461315351530587,log2fc,0.0007974109643863,0.0019793889186896,benjamini_hochberg,within_each_platform_da_table_as_released_by_motrpac_v1.3_dream_acute,provided,lower_in_numerator,MoTrPAC_human_precovid_sed_adu,motrpac_human_plasma_endur_post,motrpac_human_precovid_endur_post_3.5_4hr_vs_pre,metab-u-hilicpos,
TG(52:1)>TG(16:0_18:0_18:1) [metab-u-lrppos] [refmet: TG(52:1)>TG(16:0_18:0_18:1)],TG(52:1)>TG(16:0_18:0_18:1),unclassified_no_refmet_match,-0.182137635057178,log2fc,0.0005897900523776,0.0020097737110912,benjamini_hochberg,within_each_platform_da_table_as_released_by_motrpac_v1.3_dream_acute,provided,lower_in_numerator,MoTrPAC_human_precovid_sed_adu,motrpac_human_plasma_endur_post,motrpac_human_precovid_endur_post_3.5_4hr_vs_pre,metab-u-lrppos,
Glycocholic acid [metab-u-hilicpos] [refmet: Glycocholic acid],Glycocholic acid,Sterol Lipids,-1.18626705369628,log2fc,0.0008419645145717,0.0020719783144643,benjamini_hochberg,within_each_platform_da_table_as_released_by_motrpac_v1.3_dream_acute,provided,lower_in_numerator,MoTrPAC_human_precovid_sed_adu,motrpac_human_plasma_endur_post,motrpac_human_precovid_endur_post_3.5_4hr_vs_pre,metab-u-hilicpos,
Hydroxylysine [metab-t-amines] [refmet: Hydroxylysine],Hydroxylysine,unclassified_no_refmet_match,-0.0338007252050687,log2fc,0.0014082594389282,0.0024812190114449,benjamini_hochberg,within_each_platform_da_table_as_released_by_motrpac_v1.3_dream_acute,provided,lower_in_numerator,MoTrPAC_human_precovid_sed_adu,motrpac_human_plasma_endur_post,motrpac_human_precovid_endur_post_3.5_4hr_vs_pre,metab-t-amines,
Caffeine [metab-u-rppos] [refmet: Caffeine],Caffeine,Nucleic acids,-0.805532353836846,log2fc,0.0007491923340569,0.0027540517839753,benjamini_hochberg,within_each_platform_da_table_as_released_by_motrpac_v1.3_dream_acute,provided,lower_in_numerator,MoTrPAC_human_precovid_sed_adu,motrpac_human_plasma_endur_post,motrpac_human_precovid_endur_post_3.5_4hr_vs_pre,metab-u-rppos,
Phe-Phe [metab-u-rppos] [refmet: Phe-Phe],Phe-Phe,Organic acids,-0.165306791657896,log2fc,0.0007617590040782,0.0027540517839753,benjamini_hochberg,within_each_platform_da_table_as_released_by_motrpac_v1.3_dream_acute,provided,lower_in_numerator,MoTrPAC_human_precovid_sed_adu,motrpac_human_plasma_endur_post,motrpac_human_precovid_endur_post_3.5_4hr_vs_pre,metab-u-rppos,
2-Piperidinone [metab-u-rppos] [refmet: 2-Piperidinone],2-Piperidinone,Organoheterocyclic compounds,-0.383875014766282,log2fc,0.0008370869172118,0.0029692894421853,benjamini_hochberg,within_each_platform_da_table_as_released_by_motrpac_v1.3_dream_acute,provided,lower_in_numerator,MoTrPAC_human_precovid_sed_adu,motrpac_human_plasma_endur_post,motrpac_human_precovid_endur_post_3.5_4hr_vs_pre,metab-u-rppos,
Pipecolic acid [metab-u-hilicpos] [refmet: Pipecolic acid],Pipecolic acid,Organic acids,-0.160126752064704,log2fc,0.0013509814230875,0.0032166224359226,benjamini_hochberg,within_each_platform_da_table_as_released_by_motrpac_v1.3_dream_acute,provided,lower_in_numerator,MoTrPAC_human_precovid_sed_adu,motrpac_human_plasma_endur_post,motrpac_human_precovid_endur_post_3.5_4hr_vs_pre,metab-u-hilicpos,
Glutamic acid [metab-u-hilicpos] [refmet: Glutamic acid],Glutamic acid,Organic acids,-0.3536247851506,log2fc,0.0015512542497834,0.0036685066717852,benjamini_hochberg,within_each_platform_da_table_as_released_by_motrpac_v1.3_dream_acute,provided,lower_in_numerator,MoTrPAC_human_precovid_sed_adu,motrpac_human_plasma_endur_post,motrpac_human_precovid_endur_post_3.5_4hr_vs_pre,metab-u-hilicpos,
TG(53:3)>TG(17:0_18:1_18:2)_and_TG(17:1_18:1_18:1)_isomer3 [metab-u-lrppos] [refmet: TG(53:3)>TG(17:0_18:1_18:2)_and_TG(17:1_18:1_18:1)_isomer3],TG(53:3)>TG(17:0_18:1_18:2)_and_TG(17:1_18:1_18:1)_isomer3,unclassified_no_refmet_match,-0.160577897203286,log2fc,0.0012492093135867,0.0039106144935093,benjamini_hochberg,within_each_platform_da_table_as_released_by_motrpac_v1.3_dream_acute,provided,lower_in_numerator,MoTrPAC_human_precovid_sed_adu,motrpac_human_plasma_endur_post,motrpac_human_precovid_endur_post_3.5_4hr_vs_pre,metab-u-lrppos,
Aspartic acid [metab-u-ionpneg] [refmet: Aspartic acid],Aspartic acid,Organic acids,-0.178995630380243,log2fc,0.0009846460319162,0.0040297353575651,benjamini_hochberg,within_each_platform_da_table_as_released_by_motrpac_v1.3_dream_acute,provided,lower_in_numerator,MoTrPAC_human_precovid_sed_adu,motrpac_human_plasma_endur_post,motrpac_human_precovid_endur_post_3.5_4hr_vs_pre,metab-u-ionpneg,
Pyruvic acid [metab-u-ionpneg] [refmet: Pyruvic acid],Pyruvic acid,Organic acids,-0.160677445947695,log2fc,0.0009909185305487,0.0040297353575651,benjamini_hochberg,within_each_platform_da_table_as_released_by_motrpac_v1.3_dream_acute,provided,lower_in_numerator,MoTrPAC_human_precovid_sed_adu,motrpac_human_plasma_endur_post,motrpac_human_precovid_endur_post_3.5_4hr_vs_pre,metab-u-ionpneg,
ATP [metab-u-ionpneg] [refmet: ATP],ATP,Nucleic acids,-0.484605704708731,log2fc,0.001084601421027,0.0041350429176656,benjamini_hochberg,within_each_platform_da_table_as_released_by_motrpac_v1.3_dream_acute,provided,lower_in_numerator,MoTrPAC_human_precovid_sed_adu,motrpac_human_plasma_endur_post,motrpac_human_precovid_endur_post_3.5_4hr_vs_pre,metab-u-ionpneg,
PI(36:2)>PI(18:1_18:1) [metab-u-lrpneg] [refmet: PI(36:2)>PI(18:1_18:1)],PI(36:2)>PI(18:1_18:1),unclassified_no_refmet_match,-0.573268685947646,log2fc,0.0007630193855212,0.0041355650695254,benjamini_hochberg,within_each_platform_da_table_as_released_by_motrpac_v1.3_dream_acute,provided,lower_in_numerator,MoTrPAC_human_precovid_sed_adu,motrpac_human_plasma_endur_post,motrpac_human_precovid_endur_post_3.5_4hr_vs_pre,metab-u-lrpneg,
TG(51:3)_isomer1 [metab-u-lrppos] [refmet: TG(51:3)_isomer1],TG(51:3)_isomer1,unclassified_no_refmet_match,-0.177970550650024,log2fc,0.0013627470828777,0.0042090759653417,benjamini_hochberg,within_each_platform_da_table_as_released_by_motrpac_v1.3_dream_acute,provided,lower_in_numerator,MoTrPAC_human_precovid_sed_adu,motrpac_human_plasma_endur_post,motrpac_human_precovid_endur_post_3.5_4hr_vs_pre,metab-u-lrppos,
CAR(5:0(OH)) [metab-u-rppos] [refmet: CAR(5:0(OH))],CAR(5:0(OH)),unclassified_no_refmet_match,-0.224061055616495,log2fc,0.0012359056321778,0.0042245501608988,benjamini_hochberg,within_each_platform_da_table_as_released_by_motrpac_v1.3_dream_acute,provided,lower_in_numerator,MoTrPAC_human_precovid_sed_adu,motrpac_human_plasma_endur_post,motrpac_human_precovid_endur_post_3.5_4hr_vs_pre,metab-u-rppos,
PE(34:2) [metab-u-lrppos] [refmet: PE(34:2)],PE(34:2),unclassified_no_refmet_match,-0.128184502975934,log2fc,0.001395388181429,0.004288766616451,benjamini_hochberg,within_each_platform_da_table_as_released_by_motrpac_v1.3_dream_acute,provided,lower_in_numerator,MoTrPAC_human_precovid_sed_adu,motrpac_human_plasma_endur_post,motrpac_human_precovid_endur_post_3.5_4hr_vs_pre,metab-u-lrppos,
Phenyllactic acid [metab-u-rpneg] [refmet: Phenyllactic acid],Phenyllactic acid,Organic acids,-0.254099260901967,log2fc,0.002148977036903,0.004566576203419,benjamini_hochberg,within_each_platform_da_table_as_released_by_motrpac_v1.3_dream_acute,provided,lower_in_numerator,MoTrPAC_human_precovid_sed_adu,motrpac_human_plasma_endur_post,motrpac_human_precovid_endur_post_3.5_4hr_vs_pre,metab-u-rpneg,
N-Methyl-D-aspartic acid [metab-u-rpneg] [refmet: N-Methyl-D-aspartic acid],N-Methyl-D-aspartic acid,Organic acids,-0.163159870512201,log2fc,0.0021214491133699,0.004566576203419,benjamini_hochberg,within_each_platform_da_table_as_released_by_motrpac_v1.3_dream_acute,provided,lower_in_numerator,MoTrPAC_human_precovid_sed_adu,motrpac_human_plasma_endur_post,motrpac_human_precovid_endur_post_3.5_4hr_vs_pre,metab-u-rpneg,
FA 19:3;O2 [metab-u-lrpneg] [refmet: FA 19:3;O2],FA 19:3;O2,Fatty Acyls,-0.241050507383459,log2fc,0.000879543907908,0.0046736548831975,benjamini_hochberg,within_each_platform_da_table_as_released_by_motrpac_v1.3_dream_acute,provided,lower_in_numerator,MoTrPAC_human_precovid_sed_adu,motrpac_human_plasma_endur_post,motrpac_human_precovid_endur_post_3.5_4hr_vs_pre,metab-u-lrpneg,
PC P-36:5 or PC O-36:6 [metab-u-hilicpos] [refmet: PC P-36:5 or PC O-36:6],PC P-36:5 or PC O-36:6,Glycerophospholipids,-0.105076972006316,log2fc,0.0020128770296113,0.0046967130690932,benjamini_hochberg,within_each_platform_da_table_as_released_by_motrpac_v1.3_dream_acute,provided,lower_in_numerator,MoTrPAC_human_precovid_sed_adu,motrpac_human_plasma_endur_post,motrpac_human_precovid_endur_post_3.5_4hr_vs_pre,metab-u-hilicpos,
Phenylacetic acid [metab-u-rpneg] [refmet: Phenylacetic acid],Phenylacetic acid,Organic acids,-0.184162872618494,log2fc,0.0022572402194125,0.0046987449465322,benjamini_hochberg,within_each_platform_da_table_as_released_by_motrpac_v1.3_dream_acute,provided,lower_in_numerator,MoTrPAC_human_precovid_sed_adu,motrpac_human_plasma_endur_post,motrpac_human_precovid_endur_post_3.5_4hr_vs_pre,metab-u-rpneg,
Caffeine [metab-u-hilicpos] [refmet: Caffeine],Caffeine,Nucleic acids,-0.179160743805618,log2fc,0.0020352993760537,0.0047175813352239,benjamini_hochberg,within_each_platform_da_table_as_released_by_motrpac_v1.3_dream_acute,provided,lower_in_numerator,MoTrPAC_human_precovid_sed_adu,motrpac_human_plasma_endur_post,motrpac_human_precovid_endur_post_3.5_4hr_vs_pre,metab-u-hilicpos,
Glutamate [metab-t-tca] [refmet: Glutamate],Glutamate,unclassified_no_refmet_match,-0.249779449280882,log2fc,0.0021514609566163,0.0048477157470377,benjamini_hochberg,within_each_platform_da_table_as_released_by_motrpac_v1.3_dream_acute,provided,lower_in_numerator,MoTrPAC_human_precovid_sed_adu,motrpac_human_plasma_endur_post,motrpac_human_precovid_endur_post_3.5_4hr_vs_pre,metab-t-tca,
Aspartate [metab-t-tca] [refmet: Aspartate],Aspartate,unclassified_no_refmet_match,-0.228180766524817,log2fc,0.0016506942843314,0.0048477157470377,benjamini_hochberg,within_each_platform_da_table_as_released_by_motrpac_v1.3_dream_acute,provided,lower_in_numerator,MoTrPAC_human_precovid_sed_adu,motrpac_human_plasma_endur_post,motrpac_human_precovid_endur_post_3.5_4hr_vs_pre,metab-t-tca,
Tauroursodeoxycholic acid [metab-u-rpneg] [refmet: Tauroursodeoxycholic acid],Tauroursodeoxycholic acid,Sterol Lipids,-0.303785803015906,log2fc,0.0026491663147442,0.0052983326294884,benjamini_hochberg,within_each_platform_da_table_as_released_by_motrpac_v1.3_dream_acute,provided,lower_in_numerator,MoTrPAC_human_precovid_sed_adu,motrpac_human_plasma_endur_post,motrpac_human_precovid_endur_post_3.5_4hr_vs_pre,metab-u-rpneg,
Indole-3-methyl acetate [metab-u-rppos] [refmet: Indole-3-methyl acetate],Indole-3-methyl acetate,Alkaloids,-0.27409749194711,log2fc,0.0015949217966326,0.0053543803172666,benjamini_hochberg,within_each_platform_da_table_as_released_by_motrpac_v1.3_dream_acute,provided,lower_in_numerator,MoTrPAC_human_precovid_sed_adu,motrpac_human_plasma_endur_post,motrpac_human_precovid_endur_post_3.5_4hr_vs_pre,metab-u-rppos,
Glutamic acid [metab-u-ionpneg] [refmet: Glutamic acid],Glutamic acid,Organic acids,-0.298317078765567,log2fc,0.0015971944937615,0.0057311096540857,benjamini_hochberg,within_each_platform_da_table_as_released_by_motrpac_v1.3_dream_acute,provided,lower_in_numerator,MoTrPAC_human_precovid_sed_adu,motrpac_human_plasma_endur_post,motrpac_human_precovid_endur_post_3.5_4hr_vs_pre,metab-u-ionpneg,
Glutamic Acid [metab-t-amines] [refmet: Glutamic Acid],Glutamic Acid,Organic acids,-0.227322903404617,log2fc,0.0037028884139686,0.0062275850598563,benjamini_hochberg,within_each_platform_da_table_as_released_by_motrpac_v1.3_dream_acute,provided,lower_in_numerator,MoTrPAC_human_precovid_sed_adu,motrpac_human_plasma_endur_post,motrpac_human_precovid_endur_post_3.5_4hr_vs_pre,metab-t-amines,
LPC(16:0)>LPC(0:0/16:0) [metab-u-lrppos] [refmet: LPC(16:0)>LPC(0:0/16:0)],LPC(16:0)>LPC(0:0/16:0),unclassified_no_refmet_match,-0.109442515115763,log2fc,0.0021854793386622,0.0064942916840817,benjamini_hochberg,within_each_platform_da_table_as_released_by_motrpac_v1.3_dream_acute,provided,lower_in_numerator,MoTrPAC_human_precovid_sed_adu,motrpac_human_plasma_endur_post,motrpac_human_precovid_endur_post_3.5_4hr_vs_pre,metab-u-lrppos,
TG(54:3)>TG(18:1/18:1/18:1) [metab-u-lrppos] [refmet: TG(54:3)>TG(18:1/18:1/18:1)],TG(54:3)>TG(18:1/18:1/18:1),unclassified_no_refmet_match,-0.134610684308239,log2fc,0.002213170157399,0.0065455551353265,benjamini_hochberg,within_each_platform_da_table_as_released_by_motrpac_v1.3_dream_acute,provided,lower_in_numerator,MoTrPAC_human_precovid_sed_adu,motrpac_human_plasma_endur_post,motrpac_human_precovid_endur_post_3.5_4hr_vs_pre,metab-u-lrppos,
LPC 20:4 [metab-u-hilicpos] [refmet: LPC 20:4],LPC 20:4,Glycerophospholipids,-0.0865711332935319,log2fc,0.0029474037975206,0.0066127649303348,benjamini_hochberg,within_each_platform_da_table_as_released_by_motrpac_v1.3_dream_acute,provided,lower_in_numerator,MoTrPAC_human_precovid_sed_adu,motrpac_human_plasma_endur_post,motrpac_human_precovid_endur_post_3.5_4hr_vs_pre,metab-u-hilicpos,
PE P-36:2 or PE O-36:3 [metab-u-hilicpos] [refmet: PE P-36:2 or PE O-36:3],PE P-36:2 or PE O-36:3,Glycerophospholipids,-0.0754149685110264,log2fc,0.0030105169477516,0.006711343514096,benjamini_hochberg,within_each_platform_da_table_as_released_by_motrpac_v1.3_dream_acute,provided,lower_in_numerator,MoTrPAC_human_precovid_sed_adu,motrpac_human_plasma_endur_post,motrpac_human_precovid_endur_post_3.5_4hr_vs_pre,metab-u-hilicpos,
Sarcosine [metab-t-amines] [refmet: Sarcosine],Sarcosine,Organic acids,-0.106837798460247,log2fc,0.0041786488554562,0.0067221742457339,benjamini_hochberg,within_each_platform_da_table_as_released_by_motrpac_v1.3_dream_acute,provided,lower_in_numerator,MoTrPAC_human_precovid_sed_adu,motrpac_human_plasma_endur_post,motrpac_human_precovid_endur_post_3.5_4hr_vs_pre,metab-t-amines,
LPC(O-16:0) [metab-u-lrppos] [refmet: LPC(O-16:0)],LPC(O-16:0),unclassified_no_refmet_match,-0.0840075248504029,log2fc,0.0023989029028655,0.0070285613088631,benjamini_hochberg,within_each_platform_da_table_as_released_by_motrpac_v1.3_dream_acute,provided,lower_in_numerator,MoTrPAC_human_precovid_sed_adu,motrpac_human_plasma_endur_post,motrpac_human_precovid_endur_post_3.5_4hr_vs_pre,metab-u-lrppos,
FA 21:3;O_isomer1 [metab-u-lrpneg] [refmet: FA 21:3;O_isomer1],FA 21:3;O_isomer1,unclassified_no_refmet_match,-0.249442359631555,log2fc,0.0013494983530996,0.0070329625709617,benjamini_hochberg,within_each_platform_da_table_as_released_by_motrpac_v1.3_dream_acute,provided,lower_in_numerator,MoTrPAC_human_precovid_sed_adu,motrpac_human_plasma_endur_post,motrpac_human_precovid_endur_post_3.5_4hr_vs_pre,metab-u-lrpneg,
Cortisone [metab-u-hilicpos] [refmet: Cortisone],Cortisone,Sterol Lipids,-0.305587693314537,log2fc,0.0033276833068391,0.007325089040212,benjamini_hochberg,within_each_platform_da_table_as_released_by_motrpac_v1.3_dream_acute,provided,lower_in_numerator,MoTrPAC_human_precovid_sed_adu,motrpac_human_plasma_endur_post,motrpac_human_precovid_endur_post_3.5_4hr_vs_pre,metab-u-hilicpos,
2-Aminooctanoic acid [metab-u-rppos] [refmet: 2-Aminooctanoic acid],2-Aminooctanoic acid,unclassified_no_refmet_match,-0.224932629722044,log2fc,0.00228163637859,0.0073517064429053,benjamini_hochberg,within_each_platform_da_table_as_released_by_motrpac_v1.3_dream_acute,provided,lower_in_numerator,MoTrPAC_human_precovid_sed_adu,motrpac_human_plasma_endur_post,motrpac_human_precovid_endur_post_3.5_4hr_vs_pre,metab-u-rppos,
3-Methylhistidine [metab-t-amines] [refmet: 3-Methylhistidine],3-Methylhistidine,Organic acids,-0.0986805773775621,log2fc,0.0049497470514545,0.0076308600376591,benjamini_hochberg,within_each_platform_da_table_as_released_by_motrpac_v1.3_dream_acute,provided,lower_in_numerator,MoTrPAC_human_precovid_sed_adu,motrpac_human_plasma_endur_post,motrpac_human_precovid_endur_post_3.5_4hr_vs_pre,metab-t-amines,
Phosphoserine [metab-u-ionpneg] [refmet: Phosphoserine],Phosphoserine,Organic acids,-0.338963436008267,log2fc,0.0025666574631062,0.0078283052624739,benjamini_hochberg,within_each_platform_da_table_as_released_by_motrpac_v1.3_dream_acute,provided,lower_in_numerator,MoTrPAC_human_precovid_sed_adu,motrpac_human_plasma_endur_post,motrpac_human_precovid_endur_post_3.5_4hr_vs_pre,metab-u-ionpneg,
Theobromine [metab-u-rppos] [refmet: Theobromine],Theobromine,Nucleic acids,-0.429641870486808,log2fc,0.0025447915551718,0.0079736802062049,benjamini_hochberg,within_each_platform_da_table_as_released_by_motrpac_v1.3_dream_acute,provided,lower_in_numerator,MoTrPAC_human_precovid_sed_adu,motrpac_human_plasma_endur_post,motrpac_human_precovid_endur_post_3.5_4hr_vs_pre,metab-u-rppos,
alpha-N-Phenylacetylglutamine [metab-u-rpneg] [refmet: alpha-N-Phenylacetylglutamine],alpha-N-Phenylacetylglutamine,Organic acids,-0.234427511624158,log2fc,0.0042147073686808,0.008267310607797,benjamini_hochberg,within_each_platform_da_table_as_released_by_motrpac_v1.3_dream_acute,provided,lower_in_numerator,MoTrPAC_human_precovid_sed_adu,motrpac_human_plasma_endur_post,motrpac_human_precovid_endur_post_3.5_4hr_vs_pre,metab-u-rpneg,
TG(49:0)_isomer1 [metab-u-lrppos] [refmet: TG(49:0)_isomer1],TG(49:0)_isomer1,unclassified_no_refmet_match,-0.274859710456031,log2fc,0.0030119985482654,0.0087431624526039,benjamini_hochberg,within_each_platform_da_table_as_released_by_motrpac_v1.3_dream_acute,provided,lower_in_numerator,MoTrPAC_human_precovid_sed_adu,motrpac_human_plasma_endur_post,motrpac_human_precovid_endur_post_3.5_4hr_vs_pre,metab-u-lrppos,
FA 20:1;O [metab-u-lrpneg] [refmet: FA 20:1;O],FA 20:1;O,Fatty Acyls,-0.241082980790306,log2fc,0.0017513601699818,0.0087892334456497,benjamini_hochberg,within_each_platform_da_table_as_released_by_motrpac_v1.3_dream_acute,provided,lower_in_numerator,MoTrPAC_human_precovid_sed_adu,motrpac_human_plasma_endur_post,motrpac_human_precovid_endur_post_3.5_4hr_vs_pre,metab-u-lrpneg,
PC(36:3)>PC(18:1_18:2) [metab-u-lrpneg] [refmet: PC(36:3)>PC(18:1_18:2)],PC(36:3)>PC(18:1_18:2),unclassified_no_refmet_match,-0.0832271975491672,log2fc,0.0017344339704309,0.0087892334456497,benjamini_hochberg,within_each_platform_da_table_as_released_by_motrpac_v1.3_dream_acute,provided,lower_in_numerator,MoTrPAC_human_precovid_sed_adu,motrpac_human_plasma_endur_post,motrpac_human_precovid_endur_post_3.5_4hr_vs_pre,metab-u-lrpneg,
LPC(20:3)>LPC(20:3/0:0) [metab-u-lrppos] [refmet: LPC(20:3)>LPC(20:3/0:0)],LPC(20:3)>LPC(20:3/0:0),unclassified_no_refmet_match,-0.125539491506036,log2fc,0.0032256024474368,0.0092349439933466,benjamini_hochberg,within_each_platform_da_table_as_released_by_motrpac_v1.3_dream_acute,provided,lower_in_numerator,MoTrPAC_human_precovid_sed_adu,motrpac_human_plasma_endur_post,motrpac_human_precovid_endur_post_3.5_4hr_vs_pre,metab-u-lrppos,
Ile-Ile [metab-u-rppos] [refmet: Ile-Ile],Ile-Ile,Organic acids,-0.186783262660375,log2fc,0.0030159209144507,0.0092949693756842,benjamini_hochberg,within_each_platform_da_table_as_released_by_motrpac_v1.3_dream_acute,provided,lower_in_numerator,MoTrPAC_human_precovid_sed_adu,motrpac_human_plasma_endur_post,motrpac_human_precovid_endur_post_3.5_4hr_vs_pre,metab-u-rppos,
"N,N-diphenyl-guanidine [metab-u-lrppos] [refmet: N,N-diphenyl-guanidine]","N,N-diphenyl-guanidine",unclassified_no_refmet_match,-0.942957103088762,log2fc,0.0034381889375382,0.0097544998363642,benjamini_hochberg,within_each_platform_da_table_as_released_by_motrpac_v1.3_dream_acute,provided,lower_in_numerator,MoTrPAC_human_precovid_sed_adu,motrpac_human_plasma_endur_post,motrpac_human_precovid_endur_post_3.5_4hr_vs_pre,metab-u-lrppos,
gamma-Glutamylleucine [metab-u-rpneg] [refmet: gamma-Glutamylleucine],gamma-Glutamylleucine,Organic acids,-0.329740649752139,log2fc,0.0053268887200696,0.0102517481027756,benjamini_hochberg,within_each_platform_da_table_as_released_by_motrpac_v1.3_dream_acute,provided,lower_in_numerator,MoTrPAC_human_precovid_sed_adu,motrpac_human_plasma_endur_post,motrpac_human_precovid_endur_post_3.5_4hr_vs_pre,metab-u-rpneg,
LPC(17:1)>LPC(17:1/0:0) [metab-u-lrppos] [refmet: LPC(17:1)>LPC(17:1/0:0)],LPC(17:1)>LPC(17:1/0:0),unclassified_no_refmet_match,-0.19226243652157,log2fc,0.0038249359238471,0.0107064054654114,benjamini_hochberg,within_each_platform_da_table_as_released_by_motrpac_v1.3_dream_acute,provided,lower_in_numerator,MoTrPAC_human_precovid_sed_adu,motrpac_human_plasma_endur_post,motrpac_human_precovid_endur_post_3.5_4hr_vs_pre,metab-u-lrppos,
PC 28:0 [metab-u-hilicpos] [refmet: PC 28:0],PC 28:0,Glycerophospholipids,-0.166770053668714,log2fc,0.0051992340254073,0.0110959262737353,benjamini_hochberg,within_each_platform_da_table_as_released_by_motrpac_v1.3_dream_acute,provided,lower_in_numerator,MoTrPAC_human_precovid_sed_adu,motrpac_human_plasma_endur_post,motrpac_human_precovid_endur_post_3.5_4hr_vs_pre,metab-u-hilicpos,
PC(O-36:4)>PC(O-16:1/20:3) _isomer1 [metab-u-lrpneg] [refmet: PC(O-36:4)>PC(O-16:1/20:3) _isomer1],PC(O-36:4)>PC(O-16:1/20:3) _isomer1,unclassified_no_refmet_match,-0.0578635417472135,log2fc,0.0022714898422649,0.0111922499500689,benjamini_hochberg,within_each_platform_da_table_as_released_by_motrpac_v1.3_dream_acute,provided,lower_in_numerator,MoTrPAC_human_precovid_sed_adu,motrpac_human_plasma_endur_post,motrpac_human_precovid_endur_post_3.5_4hr_vs_pre,metab-u-lrpneg,
1-Methyluric acid [metab-u-rppos] [refmet: 1-Methyluric acid],1-Methyluric acid,Nucleic acids,-0.464489885809174,log2fc,0.0040427825029184,0.011653040436067,benjamini_hochberg,within_each_platform_da_table_as_released_by_motrpac_v1.3_dream_acute,provided,lower_in_numerator,MoTrPAC_human_precovid_sed_adu,motrpac_human_plasma_endur_post,motrpac_human_precovid_endur_post_3.5_4hr_vs_pre,metab-u-rppos,
LPE(18:2)_rp_a [metab-u-rppos] [refmet: LPE(18:2)_rp_a],LPE(18:2)_rp_a,unclassified_no_refmet_match,-0.138154729805706,log2fc,0.0040861409587714,0.011653040436067,benjamini_hochberg,within_each_platform_da_table_as_released_by_motrpac_v1.3_dream_acute,provided,lower_in_numerator,MoTrPAC_human_precovid_sed_adu,motrpac_human_plasma_endur_post,motrpac_human_precovid_endur_post_3.5_4hr_vs_pre,metab-u-rppos,
CAR(4:0)_rp_b [metab-u-rppos] [refmet: CAR(4:0)_rp_b],CAR(4:0)_rp_b,unclassified_no_refmet_match,-0.216058937274099,log2fc,0.0041671829515427,0.0116929909685081,benjamini_hochberg,within_each_platform_da_table_as_released_by_motrpac_v1.3_dream_acute,provided,lower_in_numerator,MoTrPAC_human_precovid_sed_adu,motrpac_human_plasma_endur_post,motrpac_human_precovid_endur_post_3.5_4hr_vs_pre,metab-u-rppos,
TG(50:0)>TG(16:0_16:0_18:0) [metab-u-lrppos] [refmet: TG(50:0)>TG(16:0_16:0_18:0)],TG(50:0)>TG(16:0_16:0_18:0),unclassified_no_refmet_match,-0.362659424460471,log2fc,0.004257781467468,0.0117088990355373,benjamini_hochberg,within_each_platform_da_table_as_released_by_motrpac_v1.3_dream_acute,provided,lower_in_numerator,MoTrPAC_human_precovid_sed_adu,motrpac_human_plasma_endur_post,motrpac_human_precovid_endur_post_3.5_4hr_vs_pre,metab-u-lrppos,
TG(53:2)_isomer2 [metab-u-lrppos] [refmet: TG(53:2)_isomer2],TG(53:2)_isomer2,unclassified_no_refmet_match,-0.124588022088972,log2fc,0.00439894035144,0.0120442602635498,benjamini_hochberg,within_each_platform_da_table_as_released_by_motrpac_v1.3_dream_acute,provided,lower_in_numerator,MoTrPAC_human_precovid_sed_adu,motrpac_human_plasma_endur_post,motrpac_human_precovid_endur_post_3.5_4hr_vs_pre,metab-u-lrppos,
5-Acetylamino-6-amino-3-methyluracil [metab-u-hilicpos] [refmet: 5-Acetylamino-6-amino-3-methyluracil],5-Acetylamino-6-amino-3-methyluracil,Organic nitrogen compounds,-0.474679883453922,log2fc,0.0056969274097645,0.0120843914752582,benjamini_hochberg,within_each_platform_da_table_as_released_by_motrpac_v1.3_dream_acute,provided,lower_in_numerator,MoTrPAC_human_precovid_sed_adu,motrpac_human_plasma_endur_post,motrpac_human_precovid_endur_post_3.5_4hr_vs_pre,metab-u-hilicpos,
Guanine [metab-u-rppos] [refmet: Guanine],Guanine,Nucleic acids,-0.189343445785028,log2fc,0.0044294023982672,0.0122459948657976,benjamini_hochberg,within_each_platform_da_table_as_released_by_motrpac_v1.3_dream_acute,provided,lower_in_numerator,MoTrPAC_human_precovid_sed_adu,motrpac_human_plasma_endur_post,motrpac_human_precovid_endur_post_3.5_4hr_vs_pre,metab-u-rppos,
TG(47:0)>TG(14:0_16:0_17:0) [metab-u-lrppos] [refmet: TG(47:0)>TG(14:0_16:0_17:0)],TG(47:0)>TG(14:0_16:0_17:0),unclassified_no_refmet_match,-0.292350601330963,log2fc,0.0044979371042993,0.0122617676712856,benjamini_hochberg,within_each_platform_da_table_as_released_by_motrpac_v1.3_dream_acute,provided,lower_in_numerator,MoTrPAC_human_precovid_sed_adu,motrpac_human_plasma_endur_post,motrpac_human_precovid_endur_post_3.5_4hr_vs_pre,metab-u-lrppos,
PI(36:3)>PI(18:1_18:2) [metab-u-lrpneg] [refmet: PI(36:3)>PI(18:1_18:2)],PI(36:3)>PI(18:1_18:2),unclassified_no_refmet_match,-0.174666087248362,log2fc,0.0026252863156893,0.0127045105634253,benjamini_hochberg,within_each_platform_da_table_as_released_by_motrpac_v1.3_dream_acute,provided,lower_in_numerator,MoTrPAC_human_precovid_sed_adu,motrpac_human_plasma_endur_post,motrpac_human_precovid_endur_post_3.5_4hr_vs_pre,metab-u-lrpneg,
UDP-N-acetylglucosamine [metab-u-ionpneg] [refmet: UDP-N-acetylglucosamine],UDP-N-acetylglucosamine,Nucleic acids,-0.335535886643385,log2fc,0.0051369162210625,0.013623995194992,benjamini_hochberg,within_each_platform_da_table_as_released_by_motrpac_v1.3_dream_acute,provided,lower_in_numerator,MoTrPAC_human_precovid_sed_adu,motrpac_human_plasma_endur_post,motrpac_human_precovid_endur_post_3.5_4hr_vs_pre,metab-u-ionpneg,
PE(O-36:1) [metab-u-lrppos] [refmet: PE(O-36:1)],PE(O-36:1),unclassified_no_refmet_match,-0.112661676719014,log2fc,0.0054581605143625,0.0143792716071651,benjamini_hochberg,within_each_platform_da_table_as_released_by_motrpac_v1.3_dream_acute,provided,lower_in_numerator,MoTrPAC_human_precovid_sed_adu,motrpac_human_plasma_endur_post,motrpac_human_precovid_endur_post_3.5_4hr_vs_pre,metab-u-lrppos,
TG(54:7)_isomer1 [metab-u-lrppos] [refmet: TG(54:7)_isomer1],TG(54:7)_isomer1,unclassified_no_refmet_match,-0.251465631036929,log2fc,0.0056355558215363,0.0146617987556153,benjamini_hochberg,within_each_platform_da_table_as_released_by_motrpac_v1.3_dream_acute,provided,lower_in_numerator,MoTrPAC_human_precovid_sed_adu,motrpac_human_plasma_endur_post,motrpac_human_precovid_endur_post_3.5_4hr_vs_pre,metab-u-lrppos,
PC(30:0)_isomer1 [metab-u-lrppos] [refmet: PC(30:0)_isomer1],PC(30:0)_isomer1,unclassified_no_refmet_match,-0.085898282331133,log2fc,0.0056141232014385,0.0146617987556153,benjamini_hochberg,within_each_platform_da_table_as_released_by_motrpac_v1.3_dream_acute,provided,lower_in_numerator,MoTrPAC_human_precovid_sed_adu,motrpac_human_plasma_endur_post,motrpac_human_precovid_endur_post_3.5_4hr_vs_pre,metab-u-lrppos,
PE(O-38:5) [metab-u-lrppos] [refmet: PE(O-38:5)],PE(O-38:5),unclassified_no_refmet_match,-0.191916443893568,log2fc,0.0058222630717642,0.0150849543222984,benjamini_hochberg,within_each_platform_da_table_as_released_by_motrpac_v1.3_dream_acute,provided,lower_in_numerator,MoTrPAC_human_precovid_sed_adu,motrpac_human_plasma_endur_post,motrpac_human_precovid_endur_post_3.5_4hr_vs_pre,metab-u-lrppos,
UTP [metab-u-ionpneg] [refmet: UTP],UTP,Nucleic acids,-0.660741088652552,log2fc,0.0070633141241686,0.0155146804791648,benjamini_hochberg,within_each_platform_da_table_as_released_by_motrpac_v1.3_dream_acute,provided,lower_in_numerator,MoTrPAC_human_precovid_sed_adu,motrpac_human_plasma_endur_post,motrpac_human_precovid_endur_post_3.5_4hr_vs_pre,metab-u-ionpneg,
Valine [metab-u-ionpneg] [refmet: Valine],Valine,Organic acids,-0.1978463924093,log2fc,0.0071214926789608,0.0155146804791648,benjamini_hochberg,within_each_platform_da_table_as_released_by_motrpac_v1.3_dream_acute,provided,lower_in_numerator,MoTrPAC_human_precovid_sed_adu,motrpac_human_plasma_endur_post,motrpac_human_precovid_endur_post_3.5_4hr_vs_pre,metab-u-ionpneg,
FAD [metab-u-ionpneg] [refmet: FAD],FAD,Nucleic acids,-0.315471966281073,log2fc,0.007504805616623,0.0157859704349658,benjamini_hochberg,within_each_platform_da_table_as_released_by_motrpac_v1.3_dream_acute,provided,lower_in_numerator,MoTrPAC_human_precovid_sed_adu,motrpac_human_plasma_endur_post,motrpac_human_precovid_endur_post_3.5_4hr_vs_pre,metab-u-ionpneg,
13-cis-Retinoic acid [metab-u-hilicpos] [refmet: 13-cis-Retinoic acid],13-cis-Retinoic acid,Prenol Lipids,-0.495760335853314,log2fc,0.0075897239396173,0.015884120863413,benjamini_hochberg,within_each_platform_da_table_as_released_by_motrpac_v1.3_dream_acute,provided,lower_in_numerator,MoTrPAC_human_precovid_sed_adu,motrpac_human_plasma_endur_post,motrpac_human_precovid_endur_post_3.5_4hr_vs_pre,metab-u-hilicpos,
ST 24:1;O3_isomer2 [metab-u-lrpneg] [refmet: ST 24:1;O3_isomer2],ST 24:1;O3_isomer2,unclassified_no_refmet_match,-0.313063177315932,log2fc,0.0033703240839513,0.016023821521944,benjamini_hochberg,within_each_platform_da_table_as_released_by_motrpac_v1.3_dream_acute,provided,lower_in_numerator,MoTrPAC_human_precovid_sed_adu,motrpac_human_plasma_endur_post,motrpac_human_precovid_endur_post_3.5_4hr_vs_pre,metab-u-lrpneg,
PE 34:2 [metab-u-hilicpos] [refmet: PE 34:2],PE 34:2,Glycerophospholipids,-0.0878873158698141,log2fc,0.0077537155562422,0.0160579907969513,benjamini_hochberg,within_each_platform_da_table_as_released_by_motrpac_v1.3_dream_acute,provided,lower_in_numerator,MoTrPAC_human_precovid_sed_adu,motrpac_human_plasma_endur_post,motrpac_human_precovid_endur_post_3.5_4hr_vs_pre,metab-u-hilicpos,
TG(54:4)>TG(18:1_18:1_18:2)_isomer2 [metab-u-lrppos] [refmet: TG(54:4)>TG(18:1_18:1_18:2)_isomer2],TG(54:4)>TG(18:1_18:1_18:2)_isomer2,unclassified_no_refmet_match,-0.37444794387989,log2fc,0.0063765195485538,0.0161192747539928,benjamini_hochberg,within_each_platform_da_table_as_released_by_motrpac_v1.3_dream_acute,provided,lower_in_numerator,MoTrPAC_human_precovid_sed_adu,motrpac_human_plasma_endur_post,motrpac_human_precovid_endur_post_3.5_4hr_vs_pre,metab-u-lrppos,
LPE(O-16:1) [metab-u-lrppos] [refmet: LPE(O-16:1)],LPE(O-16:1),unclassified_no_refmet_match,-0.124098051126783,log2fc,0.0064425668443351,0.0161579576455925,benjamini_hochberg,within_each_platform_da_table_as_released_by_motrpac_v1.3_dream_acute,provided,lower_in_numerator,MoTrPAC_human_precovid_sed_adu,motrpac_human_plasma_endur_post,motrpac_human_precovid_endur_post_3.5_4hr_vs_pre,metab-u-lrppos,
3-Methoxytyrosine [metab-u-rppos] [refmet: 3-Methoxytyrosine],3-Methoxytyrosine,unclassified_no_refmet_match,-0.119177396452645,log2fc,0.0072066195903134,0.0185146627989313,benjamini_hochberg,within_each_platform_da_table_as_released_by_motrpac_v1.3_dream_acute,provided,lower_in_numerator,MoTrPAC_human_precovid_sed_adu,motrpac_human_plasma_endur_post,motrpac_human_precovid_endur_post_3.5_4hr_vs_pre,metab-u-rppos,
PC(40:8) [metab-u-lrppos] [refmet: PC(40:8)],PC(40:8),unclassified_no_refmet_match,-0.111086001138929,log2fc,0.0078616474111272,0.0192548942452218,benjamini_hochberg,within_each_platform_da_table_as_released_by_motrpac_v1.3_dream_acute,provided,lower_in_numerator,MoTrPAC_human_precovid_sed_adu,motrpac_human_plasma_endur_post,motrpac_human_precovid_endur_post_3.5_4hr_vs_pre,metab-u-lrppos,
CMP [metab-u-ionpneg] [refmet: CMP],CMP,Nucleic acids,-0.267451791148064,log2fc,0.0101803500970073,0.0194062923724202,benjamini_hochberg,within_each_platform_da_table_as_released_by_motrpac_v1.3_dream_acute,provided,lower_in_numerator,MoTrPAC_human_precovid_sed_adu,motrpac_human_plasma_endur_post,motrpac_human_precovid_endur_post_3.5_4hr_vs_pre,metab-u-ionpneg,
PE(O-40:6)>PE(O-20:2/20:4) [metab-u-lrppos] [refmet: PE(O-40:6)>PE(O-20:2/20:4)],PE(O-40:6)>PE(O-20:2/20:4),unclassified_no_refmet_match,-0.0909212344879897,log2fc,0.0082506014013367,0.0199734636240854,benjamini_hochberg,within_each_platform_da_table_as_released_by_motrpac_v1.3_dream_acute,provided,lower_in_numerator,MoTrPAC_human_precovid_sed_adu,motrpac_human_plasma_endur_post,motrpac_human_precovid_endur_post_3.5_4hr_vs_pre,metab-u-lrppos,
PC(32:3) [metab-u-lrppos] [refmet: PC(32:3)],PC(32:3),unclassified_no_refmet_match,-0.18436304305126,log2fc,0.0086890181283672,0.0209539014095626,benjamini_hochberg,within_each_platform_da_table_as_released_by_motrpac_v1.3_dream_acute,provided,lower_in_numerator,MoTrPAC_human_precovid_sed_adu,motrpac_human_plasma_endur_post,motrpac_human_precovid_endur_post_3.5_4hr_vs_pre,metab-u-lrppos,
sn-Glycero-3-phosphocholine [metab-u-rppos] [refmet: sn-Glycero-3-phosphocholine],sn-Glycero-3-phosphocholine,Organic acids,-0.2432356079138,log2fc,0.0089858602947908,0.0218255593131024,benjamini_hochberg,within_each_platform_da_table_as_released_by_motrpac_v1.3_dream_acute,provided,lower_in_numerator,MoTrPAC_human_precovid_sed_adu,motrpac_human_plasma_endur_post,motrpac_human_precovid_endur_post_3.5_4hr_vs_pre,metab-u-rppos,
Phenylalanine [metab-u-rppos] [refmet: Phenylalanine],Phenylalanine,Organic acids,-0.0698649846425567,log2fc,0.0090552852469254,0.0218255593131024,benjamini_hochberg,within_each_platform_da_table_as_released_by_motrpac_v1.3_dream_acute,provided,lower_in_numerator,MoTrPAC_human_precovid_sed_adu,motrpac_human_plasma_endur_post,motrpac_human_precovid_endur_post_3.5_4hr_vs_pre,metab-u-rppos,
Tricosanoic acid [metab-u-rpneg] [refmet: Tricosanoic acid],Tricosanoic acid,unclassified_no_refmet_match,-0.182600349968229,log2fc,0.0132688868521828,0.0225571076487107,benjamini_hochberg,within_each_platform_da_table_as_released_by_motrpac_v1.3_dream_acute,provided,lower_in_numerator,MoTrPAC_human_precovid_sed_adu,motrpac_human_plasma_endur_post,motrpac_human_precovid_endur_post_3.5_4hr_vs_pre,metab-u-rpneg,
Phosphoethanolamine [metab-t-amines] [refmet: Phosphoethanolamine],Phosphoethanolamine,Organic acids,-0.203696539610281,log2fc,0.0170922549156647,0.0234227196992442,benjamini_hochberg,within_each_platform_da_table_as_released_by_motrpac_v1.3_dream_acute,provided,lower_in_numerator,MoTrPAC_human_precovid_sed_adu,motrpac_human_plasma_endur_post,motrpac_human_precovid_endur_post_3.5_4hr_vs_pre,metab-t-amines,
TG(54:8)_isomer2 [metab-u-lrppos] [refmet: TG(54:8)_isomer2],TG(54:8)_isomer2,unclassified_no_refmet_match,-0.233360165648961,log2fc,0.010420964843374,0.02429147047321,benjamini_hochberg,within_each_platform_da_table_as_released_by_motrpac_v1.3_dream_acute,provided,lower_in_numerator,MoTrPAC_human_precovid_sed_adu,motrpac_human_plasma_endur_post,motrpac_human_precovid_endur_post_3.5_4hr_vs_pre,metab-u-lrppos,
PC(29:0) [metab-u-lrppos] [refmet: PC(29:0)],PC(29:0),unclassified_no_refmet_match,-0.0962914298766542,log2fc,0.0104718003298022,0.0243178474325407,benjamini_hochberg,within_each_platform_da_table_as_released_by_motrpac_v1.3_dream_acute,provided,lower_in_numerator,MoTrPAC_human_precovid_sed_adu,motrpac_human_plasma_endur_post,motrpac_human_precovid_endur_post_3.5_4hr_vs_pre,metab-u-lrppos,
UMP [metab-u-ionpneg] [refmet: UMP],UMP,Nucleic acids,-0.334431223983529,log2fc,0.0131850136144344,0.0243722978933485,benjamini_hochberg,within_each_platform_da_table_as_released_by_motrpac_v1.3_dream_acute,provided,lower_in_numerator,MoTrPAC_human_precovid_sed_adu,motrpac_human_plasma_endur_post,motrpac_human_precovid_endur_post_3.5_4hr_vs_pre,metab-u-ionpneg,
PC 30:3 [metab-u-hilicpos] [refmet: PC 30:3],PC 30:3,Glycerophospholipids,-0.386198841296327,log2fc,0.0123177657671877,0.0249203353671428,benjamini_hochberg,within_each_platform_da_table_as_released_by_motrpac_v1.3_dream_acute,provided,lower_in_numerator,MoTrPAC_human_precovid_sed_adu,motrpac_human_plasma_endur_post,motrpac_human_precovid_endur_post_3.5_4hr_vs_pre,metab-u-hilicpos,
Methylguanidine [metab-u-hilicpos] [refmet: Methylguanidine],Methylguanidine,Organic nitrogen compounds,-0.196347391438898,log2fc,0.0124510790203235,0.0250452738914554,benjamini_hochberg,within_each_platform_da_table_as_released_by_motrpac_v1.3_dream_acute,provided,lower_in_numerator,MoTrPAC_human_precovid_sed_adu,motrpac_human_plasma_endur_post,motrpac_human_precovid_endur_post_3.5_4hr_vs_pre,metab-u-hilicpos,
TG(51:2)>TG(15:0_18:1_18:1)_and_TG(16:1_17:0_18:1)_isomer2 [metab-u-lrppos] [refmet: TG(51:2)>TG(15:0_18:1_18:1)_and_TG(16:1_17:0_18:1)_isomer2],TG(51:2)>TG(15:0_18:1_18:1)_and_TG(16:1_17:0_18:1)_isomer2,unclassified_no_refmet_match,-0.130385814081372,log2fc,0.0109421278589175,0.0253162884411118,benjamini_hochberg,within_each_platform_da_table_as_released_by_motrpac_v1.3_dream_acute,provided,lower_in_numerator,MoTrPAC_human_precovid_sed_adu,motrpac_human_plasma_endur_post,motrpac_human_precovid_endur_post_3.5_4hr_vs_pre,metab-u-lrppos,
PC(O-34:2)>PC(O-16:0/18:2) [metab-u-lrpneg] [refmet: PC(O-34:2)>PC(O-16:0/18:2)],PC(O-34:2)>PC(O-16:0/18:2),unclassified_no_refmet_match,-0.148319482938188,log2fc,0.0057442358731886,0.0255194741251495,benjamini_hochberg,within_each_platform_da_table_as_released_by_motrpac_v1.3_dream_acute,provided,lower_in_numerator,MoTrPAC_human_precovid_sed_adu,motrpac_human_plasma_endur_post,motrpac_human_precovid_endur_post_3.5_4hr_vs_pre,metab-u-lrpneg,
PE(O-37:5) [metab-u-lrppos] [refmet: PE(O-37:5)],PE(O-37:5),unclassified_no_refmet_match,-0.0847535350722204,log2fc,0.0114625331528099,0.026422824583867,benjamini_hochberg,within_each_platform_da_table_as_released_by_motrpac_v1.3_dream_acute,provided,lower_in_numerator,MoTrPAC_human_precovid_sed_adu,motrpac_human_plasma_endur_post,motrpac_human_precovid_endur_post_3.5_4hr_vs_pre,metab-u-lrppos,
PC(38:5)_isomer1 [metab-u-lrppos] [refmet: PC(38:5)_isomer1],PC(38:5)_isomer1,unclassified_no_refmet_match,-0.200873760206605,log2fc,0.012074414452262,0.0276301381809061,benjamini_hochberg,within_each_platform_da_table_as_released_by_motrpac_v1.3_dream_acute,provided,lower_in_numerator,MoTrPAC_human_precovid_sed_adu,motrpac_human_plasma_endur_post,motrpac_human_precovid_endur_post_3.5_4hr_vs_pre,metab-u-lrppos,
Glutaric acid [metab-u-rpneg] [refmet: Glutaric acid],Glutaric acid,Fatty Acyls,-0.162239608223537,log2fc,0.0180237216655521,0.030138026391579,benjamini_hochberg,within_each_platform_da_table_as_released_by_motrpac_v1.3_dream_acute,provided,lower_in_numerator,MoTrPAC_human_precovid_sed_adu,motrpac_human_plasma_endur_post,motrpac_human_precovid_endur_post_3.5_4hr_vs_pre,metab-u-rpneg,
TG(56:4)>TG(18:1_18:2_20:1)_and_TG(18:1_18:1_20:2)_isomer3 [metab-u-lrppos] [refmet: TG(56:4)>TG(18:1_18:2_20:1)_and_TG(18:1_18:1_20:2)_isomer3],TG(56:4)>TG(18:1_18:2_20:1)_and_TG(18:1_18:1_20:2)_isomer3,unclassified_no_refmet_match,-0.132889630474835,log2fc,0.0135357196652154,0.0304189829035485,benjamini_hochberg,within_each_platform_da_table_as_released_by_motrpac_v1.3_dream_acute,provided,lower_in_numerator,MoTrPAC_human_precovid_sed_adu,motrpac_human_plasma_endur_post,motrpac_human_precovid_endur_post_3.5_4hr_vs_pre,metab-u-lrppos,
SM(d34:0-OH) [metab-u-lrppos] [refmet: SM(d34:0-OH)],SM(d34:0-OH),unclassified_no_refmet_match,-0.0645471400877753,log2fc,0.0136123224537754,0.0304818792089899,benjamini_hochberg,within_each_platform_da_table_as_released_by_motrpac_v1.3_dream_acute,provided,lower_in_numerator,MoTrPAC_human_precovid_sed_adu,motrpac_human_plasma_endur_post,motrpac_human_precovid_endur_post_3.5_4hr_vs_pre,metab-u-lrppos,
PE(34:1) [metab-u-lrppos] [refmet: PE(34:1)],PE(34:1),unclassified_no_refmet_match,-0.0943181570759783,log2fc,0.014655071860659,0.0324690108008241,benjamini_hochberg,within_each_platform_da_table_as_released_by_motrpac_v1.3_dream_acute,provided,lower_in_numerator,MoTrPAC_human_precovid_sed_adu,motrpac_human_plasma_endur_post,motrpac_human_precovid_endur_post_3.5_4hr_vs_pre,metab-u-lrppos,
N-Methyl-proline [metab-u-hilicpos] [refmet: N-Methyl-proline],N-Methyl-proline,Organic acids,-0.217703200400031,log2fc,0.0168712910905562,0.0326240435452744,benjamini_hochberg,within_each_platform_da_table_as_released_by_motrpac_v1.3_dream_acute,provided,lower_in_numerator,MoTrPAC_human_precovid_sed_adu,motrpac_human_plasma_endur_post,motrpac_human_precovid_endur_post_3.5_4hr_vs_pre,metab-u-hilicpos,
PC 32:3 [metab-u-hilicpos] [refmet: PC 32:3],PC 32:3,Glycerophospholipids,-0.0799982995739121,log2fc,0.0167032697221312,0.0326240435452744,benjamini_hochberg,within_each_platform_da_table_as_released_by_motrpac_v1.3_dream_acute,provided,lower_in_numerator,MoTrPAC_human_precovid_sed_adu,motrpac_human_plasma_endur_post,motrpac_human_precovid_endur_post_3.5_4hr_vs_pre,metab-u-hilicpos,
TG(51:4)_isomer1 [metab-u-lrppos] [refmet: TG(51:4)_isomer1],TG(51:4)_isomer1,unclassified_no_refmet_match,-0.142179886910625,log2fc,0.0149040154116516,0.0329042875461462,benjamini_hochberg,within_each_platform_da_table_as_released_by_motrpac_v1.3_dream_acute,provided,lower_in_numerator,MoTrPAC_human_precovid_sed_adu,motrpac_human_plasma_endur_post,motrpac_human_precovid_endur_post_3.5_4hr_vs_pre,metab-u-lrppos,
1-Methyladenosine [metab-u-rppos] [refmet: 1-Methyladenosine],1-Methyladenosine,Nucleic acids,-0.229481056617146,log2fc,0.0144156094066326,0.0330504215664259,benjamini_hochberg,within_each_platform_da_table_as_released_by_motrpac_v1.3_dream_acute,provided,lower_in_numerator,MoTrPAC_human_precovid_sed_adu,motrpac_human_plasma_endur_post,motrpac_human_precovid_endur_post_3.5_4hr_vs_pre,metab-u-rppos,
LPC(22:4)>LPC(22:4/0:0)_and_LPC(0:0/22:4) [metab-u-lrppos] [refmet: LPC(22:4)>LPC(22:4/0:0)_and_LPC(0:0/22:4)],LPC(22:4)>LPC(22:4/0:0)_and_LPC(0:0/22:4),unclassified_no_refmet_match,-0.0982620883185348,log2fc,0.0153306455229128,0.0334923858636457,benjamini_hochberg,within_each_platform_da_table_as_released_by_motrpac_v1.3_dream_acute,provided,lower_in_numerator,MoTrPAC_human_precovid_sed_adu,motrpac_human_plasma_endur_post,motrpac_human_precovid_endur_post_3.5_4hr_vs_pre,metab-u-lrppos,
LPC(O-16:1) [metab-u-lrppos] [refmet: LPC(O-16:1)],LPC(O-16:1),unclassified_no_refmet_match,-0.0730296437561329,log2fc,0.0157645720929565,0.0340840920768404,benjamini_hochberg,within_each_platform_da_table_as_released_by_motrpac_v1.3_dream_acute,provided,lower_in_numerator,MoTrPAC_human_precovid_sed_adu,motrpac_human_plasma_endur_post,motrpac_human_precovid_endur_post_3.5_4hr_vs_pre,metab-u-lrppos,
CAR(5:1) [metab-u-rppos] [refmet: CAR(5:1)],CAR(5:1),unclassified_no_refmet_match,-0.159316300015359,log2fc,0.0151099454856222,0.0342249367626141,benjamini_hochberg,within_each_platform_da_table_as_released_by_motrpac_v1.3_dream_acute,provided,lower_in_numerator,MoTrPAC_human_precovid_sed_adu,motrpac_human_plasma_endur_post,motrpac_human_precovid_endur_post_3.5_4hr_vs_pre,metab-u-rppos,
PC(28:0) [metab-u-rppos] [refmet: PC(28:0)],PC(28:0),unclassified_no_refmet_match,-0.304595518033061,log2fc,0.0162140979547642,0.0362886954225676,benjamini_hochberg,within_each_platform_da_table_as_released_by_motrpac_v1.3_dream_acute,provided,lower_in_numerator,MoTrPAC_human_precovid_sed_adu,motrpac_human_plasma_endur_post,motrpac_human_precovid_endur_post_3.5_4hr_vs_pre,metab-u-rppos,
TG(54:6)>TG(18:2/18:2/18:2)_and_TG(18:1_18:2_18:3) [metab-u-lrppos] [refmet: TG(54:6)>TG(18:2/18:2/18:2)_and_TG(18:1_18:2_18:3)],TG(54:6)>TG(18:2/18:2/18:2)_and_TG(18:1_18:2_18:3),unclassified_no_refmet_match,-0.176610015969349,log2fc,0.0173678409271581,0.0374214304512994,benjamini_hochberg,within_each_platform_da_table_as_released_by_motrpac_v1.3_dream_acute,provided,lower_in_numerator,MoTrPAC_human_precovid_sed_adu,motrpac_human_plasma_endur_post,motrpac_human_precovid_endur_post_3.5_4hr_vs_pre,metab-u-lrppos,
PG(34:2)>PG(16:0_18:2) [metab-u-lrpneg] [refmet: PG(34:2)>PG(16:0_18:2)],PG(34:2)>PG(16:0_18:2),unclassified_no_refmet_match,-0.370006118835963,log2fc,0.0096086803507474,0.0398470486528546,benjamini_hochberg,within_each_platform_da_table_as_released_by_motrpac_v1.3_dream_acute,provided,lower_in_numerator,MoTrPAC_human_precovid_sed_adu,motrpac_human_plasma_endur_post,motrpac_human_precovid_endur_post_3.5_4hr_vs_pre,metab-u-lrpneg,
sphinganine 1-phosphate [metab-u-lrppos] [refmet: sphinganine 1-phosphate],sphinganine 1-phosphate,Sphingolipids,-0.17793170906112,log2fc,0.0199748333933691,0.0424549848733641,benjamini_hochberg,within_each_platform_da_table_as_released_by_motrpac_v1.3_dream_acute,provided,lower_in_numerator,MoTrPAC_human_precovid_sed_adu,motrpac_human_plasma_endur_post,motrpac_human_precovid_endur_post_3.5_4hr_vs_pre,metab-u-lrppos,
LPC(16:1)_rp_b [metab-u-rppos] [refmet: LPC(16:1)_rp_b],LPC(16:1)_rp_b,unclassified_no_refmet_match,-0.134485601020678,log2fc,0.0212515783626177,0.044890974518788,benjamini_hochberg,within_each_platform_da_table_as_released_by_motrpac_v1.3_dream_acute,provided,lower_in_numerator,MoTrPAC_human_precovid_sed_adu,motrpac_human_plasma_endur_post,motrpac_human_precovid_endur_post_3.5_4hr_vs_pre,metab-u-rppos,
2-Deoxy-glucose [metab-u-rppos] [refmet: 2-Deoxy-glucose],2-Deoxy-glucose,Carbohydrates,-0.253723686416539,log2fc,0.0220884621106768,0.046140343075636,benjamini_hochberg,within_each_platform_da_table_as_released_by_motrpac_v1.3_dream_acute,provided,lower_in_numerator,MoTrPAC_human_precovid_sed_adu,motrpac_human_plasma_endur_post,motrpac_human_precovid_endur_post_3.5_4hr_vs_pre,metab-u-rppos,
PE P-38:5 or PE O-38:6 [metab-u-hilicpos] [refmet: PE P-38:5 or PE O-38:6],PE P-38:5 or PE O-38:6,Glycerophospholipids,-0.0363355650252259,log2fc,0.0244288275603002,0.0464678785114406,benjamini_hochberg,within_each_platform_da_table_as_released_by_motrpac_v1.3_dream_acute,provided,lower_in_numerator,MoTrPAC_human_precovid_sed_adu,motrpac_human_plasma_endur_post,motrpac_human_precovid_endur_post_3.5_4hr_vs_pre,metab-u-hilicpos,
LPC(15:0)>LPC(15:0/0:0) [metab-u-lrppos] [refmet: LPC(15:0)>LPC(15:0/0:0)],LPC(15:0)>LPC(15:0/0:0),unclassified_no_refmet_match,-0.0565079184315351,log2fc,0.0223634260883794,0.0473711762074793,benjamini_hochberg,within_each_platform_da_table_as_released_by_motrpac_v1.3_dream_acute,provided,lower_in_numerator,MoTrPAC_human_precovid_sed_adu,motrpac_human_plasma_endur_post,motrpac_human_precovid_endur_post_3.5_4hr_vs_pre,metab-u-lrppos,
TG(51:4)>TG(15:0_18:2_18:2)_and_TG(15:1_18:1_18:2)_isomer2 [metab-u-lrppos] [refmet: TG(51:4)>TG(15:0_18:2_18:2)_and_TG(15:1_18:1_18:2)_isomer2],TG(51:4)>TG(15:0_18:2_18:2)_and_TG(15:1_18:1_18:2)_isomer2,unclassified_no_refmet_match,-0.149459561697199,log2fc,0.022452451834202,0.0473996205388709,benjamini_hochberg,within_each_platform_da_table_as_released_by_motrpac_v1.3_dream_acute,provided,lower_in_numerator,MoTrPAC_human_precovid_sed_adu,motrpac_human_plasma_endur_post,motrpac_human_precovid_endur_post_3.5_4hr_vs_pre,metab-u-lrppos,
PC(O-35:2)_isomer4 [metab-u-lrppos] [refmet: PC(O-35:2)_isomer4],PC(O-35:2)_isomer4,unclassified_no_refmet_match,-0.0719463552426411,log2fc,0.0232433943046906,0.0489047256008088,benjamini_hochberg,within_each_platform_da_table_as_released_by_motrpac_v1.3_dream_acute,provided,lower_in_numerator,MoTrPAC_human_precovid_sed_adu,motrpac_human_plasma_endur_post,motrpac_human_precovid_endur_post_3.5_4hr_vs_pre,metab-u-lrppos,
TG(56:4)_isomer1 [metab-u-lrppos] [refmet: TG(56:4)_isomer1],TG(56:4)_isomer1,unclassified_no_refmet_match,-0.180461761293493,log2fc,0.0240603726506005,0.050286178839755,benjamini_hochberg,within_each_platform_da_table_as_released_by_motrpac_v1.3_dream_acute,provided,not_selected,MoTrPAC_human_precovid_sed_adu,motrpac_human_plasma_endur_post,motrpac_human_precovid_endur_post_3.5_4hr_vs_pre,metab-u-lrppos,
Diethyl phthalate [metab-u-rppos] [refmet: Diethyl phthalate],Diethyl phthalate,Benzenoids,-0.523211351733917,log2fc,0.0245241884413592,0.0506653563403905,benjamini_hochberg,within_each_platform_da_table_as_released_by_motrpac_v1.3_dream_acute,provided,not_selected,MoTrPAC_human_precovid_sed_adu,motrpac_human_plasma_endur_post,motrpac_human_precovid_endur_post_3.5_4hr_vs_pre,metab-u-rppos,
SM(d42:4) [metab-u-lrppos] [refmet: SM(d42:4)],SM(d42:4),unclassified_no_refmet_match,0.066706977223312,log2fc,0.0256287542353745,0.0533861425434545,benjamini_hochberg,within_each_platform_da_table_as_released_by_motrpac_v1.3_dream_acute,provided,not_selected,MoTrPAC_human_precovid_sed_adu,motrpac_human_plasma_endur_post,motrpac_human_precovid_endur_post_3.5_4hr_vs_pre,metab-u-lrppos,
PE(38:5) [metab-u-lrppos] [refmet: PE(38:5)],PE(38:5),unclassified_no_refmet_match,-0.115575552916059,log2fc,0.0261045833591734,0.0541972641264957,benjamini_hochberg,within_each_platform_da_table_as_released_by_motrpac_v1.3_dream_acute,provided,not_selected,MoTrPAC_human_precovid_sed_adu,motrpac_human_plasma_endur_post,motrpac_human_precovid_endur_post_3.5_4hr_vs_pre,metab-u-lrppos,
LPC(22:5)>LPC(22:5/0:0) [metab-u-lrppos] [refmet: LPC(22:5)>LPC(22:5/0:0)],LPC(22:5)>LPC(22:5/0:0),unclassified_no_refmet_match,-0.10472442829451,log2fc,0.0261991615587392,0.0542141065918464,benjamini_hochberg,within_each_platform_da_table_as_released_by_motrpac_v1.3_dream_acute,provided,not_selected,MoTrPAC_human_precovid_sed_adu,motrpac_human_plasma_endur_post,motrpac_human_precovid_endur_post_3.5_4hr_vs_pre,metab-u-lrppos,
5alpha-Androstane-3alpha-ol-17-one sulfate [metab-u-rpneg] [refmet: 5alpha-Androstane-3alpha-ol-17-one sulfate],5alpha-Androstane-3alpha-ol-17-one sulfate,Sterol Lipids,-0.109551083338118,log2fc,0.0347704811449329,0.0554154543247369,benjamini_hochberg,within_each_platform_da_table_as_released_by_motrpac_v1.3_dream_acute,provided,not_selected,MoTrPAC_human_precovid_sed_adu,motrpac_human_plasma_endur_post,motrpac_human_precovid_endur_post_3.5_4hr_vs_pre,metab-u-rpneg,
FA 21:3;O_isomer2 [metab-u-lrpneg] [refmet: FA 21:3;O_isomer2],FA 21:3;O_isomer2,unclassified_no_refmet_match,-0.26376849715141,log2fc,0.0145945871516824,0.0557061002550131,benjamini_hochberg,within_each_platform_da_table_as_released_by_motrpac_v1.3_dream_acute,provided,not_selected,MoTrPAC_human_precovid_sed_adu,motrpac_human_plasma_endur_post,motrpac_human_precovid_endur_post_3.5_4hr_vs_pre,metab-u-lrpneg,
Octadecatetraenoic acid [metab-u-rpneg] [refmet: Octadecatetraenoic acid],Octadecatetraenoic acid,Fatty Acyls,0.221496338217388,log2fc,0.035605008899214,0.055872475503382,benjamini_hochberg,within_each_platform_da_table_as_released_by_motrpac_v1.3_dream_acute,provided,not_selected,MoTrPAC_human_precovid_sed_adu,motrpac_human_plasma_endur_post,motrpac_human_precovid_endur_post_3.5_4hr_vs_pre,metab-u-rpneg,
Glu-Lys [metab-u-hilicpos] [refmet: Glu-Lys],Glu-Lys,Organic acids,-0.14582872789255,log2fc,0.0297984825932334,0.0560724134818908,benjamini_hochberg,within_each_platform_da_table_as_released_by_motrpac_v1.3_dream_acute,provided,not_selected,MoTrPAC_human_precovid_sed_adu,motrpac_human_plasma_endur_post,motrpac_human_precovid_endur_post_3.5_4hr_vs_pre,metab-u-hilicpos,
PC(40:4)_isomer4 [metab-u-lrppos] [refmet: PC(40:4)_isomer4],PC(40:4)_isomer4,unclassified_no_refmet_match,0.06903240611312,log2fc,0.0278220274280851,0.0573829315704256,benjamini_hochberg,within_each_platform_da_table_as_released_by_motrpac_v1.3_dream_acute,provided,not_selected,MoTrPAC_human_precovid_sed_adu,motrpac_human_plasma_endur_post,motrpac_human_precovid_endur_post_3.5_4hr_vs_pre,metab-u-lrppos,
TG(50:1)>TG(16:0_16:0_18:1) [metab-u-lrppos] [refmet: TG(50:1)>TG(16:0_16:0_18:1)],TG(50:1)>TG(16:0_16:0_18:1),unclassified_no_refmet_match,0.0921767567886995,log2fc,0.0280135558797052,0.0575885230707382,benjamini_hochberg,within_each_platform_da_table_as_released_by_motrpac_v1.3_dream_acute,provided,not_selected,MoTrPAC_human_precovid_sed_adu,motrpac_human_plasma_endur_post,motrpac_human_precovid_endur_post_3.5_4hr_vs_pre,metab-u-lrppos,
PC(30:2) [metab-u-lrppos] [refmet: PC(30:2)],PC(30:2),unclassified_no_refmet_match,-0.16179699335073,log2fc,0.0281576697591574,0.0576956174476853,benjamini_hochberg,within_each_platform_da_table_as_released_by_motrpac_v1.3_dream_acute,provided,not_selected,MoTrPAC_human_precovid_sed_adu,motrpac_human_plasma_endur_post,motrpac_human_precovid_endur_post_3.5_4hr_vs_pre,metab-u-lrppos,
Leu-Ile [metab-u-rppos] [refmet: Leu-Ile],Leu-Ile,Organic acids,-0.151056824657221,log2fc,0.0290616951504466,0.0593869422639561,benjamini_hochberg,within_each_platform_da_table_as_released_by_motrpac_v1.3_dream_acute,provided,not_selected,MoTrPAC_human_precovid_sed_adu,motrpac_human_plasma_endur_post,motrpac_human_precovid_endur_post_3.5_4hr_vs_pre,metab-u-rppos,
cis-Aconitic acid [metab-u-rppos] [refmet: cis-Aconitic acid],cis-Aconitic acid,Organic acids,0.299769718365823,log2fc,0.029646892747812,0.0599313530815985,benjamini_hochberg,within_each_platform_da_table_as_released_by_motrpac_v1.3_dream_acute,provided,not_selected,MoTrPAC_human_precovid_sed_adu,motrpac_human_plasma_endur_post,motrpac_human_precovid_endur_post_3.5_4hr_vs_pre,metab-u-rppos,
PC(37:3) [metab-u-lrppos] [refmet: PC(37:3)],PC(37:3),unclassified_no_refmet_match,0.0979030184535503,log2fc,0.0300121212476599,0.061295114079097,benjamini_hochberg,within_each_platform_da_table_as_released_by_motrpac_v1.3_dream_acute,provided,not_selected,MoTrPAC_human_precovid_sed_adu,motrpac_human_plasma_endur_post,motrpac_human_precovid_endur_post_3.5_4hr_vs_pre,metab-u-lrppos,
Car(10:1) [metab-u-lrppos] [refmet: Car(10:1)],Car(10:1),unclassified_no_refmet_match,0.130052013829282,log2fc,0.0304493287005902,0.0619861334262015,benjamini_hochberg,within_each_platform_da_table_as_released_by_motrpac_v1.3_dream_acute,provided,not_selected,MoTrPAC_human_precovid_sed_adu,motrpac_human_plasma_endur_post,motrpac_human_precovid_endur_post_3.5_4hr_vs_pre,metab-u-lrppos,
Gluconic acid [metab-u-ionpneg] [refmet: Gluconic acid],Gluconic acid,Carbohydrates,-0.142234250045536,log2fc,0.0345812167675809,0.0620427712594833,benjamini_hochberg,within_each_platform_da_table_as_released_by_motrpac_v1.3_dream_acute,provided,not_selected,MoTrPAC_human_precovid_sed_adu,motrpac_human_plasma_endur_post,motrpac_human_precovid_endur_post_3.5_4hr_vs_pre,metab-u-ionpneg,
PE(O-40:5) [metab-u-lrppos] [refmet: PE(O-40:5)],PE(O-40:5),unclassified_no_refmet_match,-0.118488387981209,log2fc,0.0307626215890356,0.0624212418651305,benjamini_hochberg,within_each_platform_da_table_as_released_by_motrpac_v1.3_dream_acute,provided,not_selected,MoTrPAC_human_precovid_sed_adu,motrpac_human_plasma_endur_post,motrpac_human_precovid_endur_post_3.5_4hr_vs_pre,metab-u-lrppos,
PC(42:7)_isomer2 [metab-u-lrppos] [refmet: PC(42:7)_isomer2],PC(42:7)_isomer2,unclassified_no_refmet_match,0.105011371348031,log2fc,0.031207140593318,0.0631189585548722,benjamini_hochberg,within_each_platform_da_table_as_released_by_motrpac_v1.3_dream_acute,provided,not_selected,MoTrPAC_human_precovid_sed_adu,motrpac_human_plasma_endur_post,motrpac_human_precovid_endur_post_3.5_4hr_vs_pre,metab-u-lrppos,
Cer 18:1;O2/20:0 [metab-u-hilicpos] [refmet: Cer 18:1;O2/20:0],Cer 18:1;O2/20:0,Sphingolipids,0.10396593796267,log2fc,0.0341796714359537,0.0639726470726406,benjamini_hochberg,within_each_platform_da_table_as_released_by_motrpac_v1.3_dream_acute,provided,not_selected,MoTrPAC_human_precovid_sed_adu,motrpac_human_plasma_endur_post,motrpac_human_precovid_endur_post_3.5_4hr_vs_pre,metab-u-hilicpos,
PC(35:1)_isomer1 [metab-u-lrppos] [refmet: PC(35:1)_isomer1],PC(35:1)_isomer1,unclassified_no_refmet_match,0.112452925782126,log2fc,0.0321506721122452,0.0648182360590925,benjamini_hochberg,within_each_platform_da_table_as_released_by_motrpac_v1.3_dream_acute,provided,not_selected,MoTrPAC_human_precovid_sed_adu,motrpac_human_plasma_endur_post,motrpac_human_precovid_endur_post_3.5_4hr_vs_pre,metab-u-lrppos,
PC(O-38:7)_isomer2 [metab-u-lrppos] [refmet: PC(O-38:7)_isomer2],PC(O-38:7)_isomer2,unclassified_no_refmet_match,0.0493839517036356,log2fc,0.0324360506744778,0.0651839864515948,benjamini_hochberg,within_each_platform_da_table_as_released_by_motrpac_v1.3_dream_acute,provided,not_selected,MoTrPAC_human_precovid_sed_adu,motrpac_human_plasma_endur_post,motrpac_human_precovid_endur_post_3.5_4hr_vs_pre,metab-u-lrppos,
Methionine [metab-u-hilicpos] [refmet: Methionine],Methionine,Organic acids,-0.041022547182596,log2fc,0.0350295841587467,0.0652146513593689,benjamini_hochberg,within_each_platform_da_table_as_released_by_motrpac_v1.3_dream_acute,provided,not_selected,MoTrPAC_human_precovid_sed_adu,motrpac_human_plasma_endur_post,motrpac_human_precovid_endur_post_3.5_4hr_vs_pre,metab-u-hilicpos,
Leucine/Isoleucine [metab-u-ionpneg] [refmet: Leucine/Isoleucine],Leucine/Isoleucine,Organic acids,0.0939091830135226,log2fc,0.0377325767157724,0.065762490847489,benjamini_hochberg,within_each_platform_da_table_as_released_by_motrpac_v1.3_dream_acute,provided,not_selected,MoTrPAC_human_precovid_sed_adu,motrpac_human_plasma_endur_post,motrpac_human_precovid_endur_post_3.5_4hr_vs_pre,metab-u-ionpneg,
TG(54:4)>TG(18:1_18:1_18:2)_isomer1 [metab-u-lrppos] [refmet: TG(54:4)>TG(18:1_18:1_18:2)_isomer1],TG(54:4)>TG(18:1_18:1_18:2)_isomer1,unclassified_no_refmet_match,-0.106194000691612,log2fc,0.0330641335797664,0.0662339033690528,benjamini_hochberg,within_each_platform_da_table_as_released_by_motrpac_v1.3_dream_acute,provided,not_selected,MoTrPAC_human_precovid_sed_adu,motrpac_human_plasma_endur_post,motrpac_human_precovid_endur_post_3.5_4hr_vs_pre,metab-u-lrppos,
Lactic acid [metab-u-ionpneg] [refmet: Lactic acid],Lactic acid,Organic acids,-0.129703528596345,log2fc,0.0394329092073546,0.0668168739346841,benjamini_hochberg,within_each_platform_da_table_as_released_by_motrpac_v1.3_dream_acute,provided,not_selected,MoTrPAC_human_precovid_sed_adu,motrpac_human_plasma_endur_post,motrpac_human_precovid_endur_post_3.5_4hr_vs_pre,metab-u-ionpneg,
Oleic acid [metab-u-rpneg] [refmet: Oleic acid],Oleic acid,Fatty Acyls,0.135610717759374,log2fc,0.0439761526775274,0.0679631450470877,benjamini_hochberg,within_each_platform_da_table_as_released_by_motrpac_v1.3_dream_acute,provided,not_selected,MoTrPAC_human_precovid_sed_adu,motrpac_human_plasma_endur_post,motrpac_human_precovid_endur_post_3.5_4hr_vs_pre,metab-u-rpneg,
Bilirubin [metab-u-hilicpos] [refmet: Bilirubin],Bilirubin,Organoheterocyclic compounds,0.391338568886532,log2fc,0.0370320760590533,0.0682676827905273,benjamini_hochberg,within_each_platform_da_table_as_released_by_motrpac_v1.3_dream_acute,provided,not_selected,MoTrPAC_human_precovid_sed_adu,motrpac_human_plasma_endur_post,motrpac_human_precovid_endur_post_3.5_4hr_vs_pre,metab-u-hilicpos,
PE P-38:6 or PE O-38:7 [metab-u-hilicpos] [refmet: PE P-38:6 or PE O-38:7],PE P-38:6 or PE O-38:7,Glycerophospholipids,0.0363731108366032,log2fc,0.0370595992291434,0.0682676827905273,benjamini_hochberg,within_each_platform_da_table_as_released_by_motrpac_v1.3_dream_acute,provided,not_selected,MoTrPAC_human_precovid_sed_adu,motrpac_human_plasma_endur_post,motrpac_human_precovid_endur_post_3.5_4hr_vs_pre,metab-u-hilicpos,
FA 19:3 [metab-u-lrpneg] [refmet: FA 19:3],FA 19:3,unclassified_no_refmet_match,0.237159447529688,log2fc,0.0181810060966532,0.0684312868360143,benjamini_hochberg,within_each_platform_da_table_as_released_by_motrpac_v1.3_dream_acute,provided,not_selected,MoTrPAC_human_precovid_sed_adu,motrpac_human_plasma_endur_post,motrpac_human_precovid_endur_post_3.5_4hr_vs_pre,metab-u-lrpneg,
Oxidized glutathione [metab-u-ionpneg] [refmet: Oxidized glutathione],Oxidized glutathione,Organic acids,0.562938222449946,log2fc,0.041783957465746,0.0688870650110948,benjamini_hochberg,within_each_platform_da_table_as_released_by_motrpac_v1.3_dream_acute,provided,not_selected,MoTrPAC_human_precovid_sed_adu,motrpac_human_plasma_endur_post,motrpac_human_precovid_endur_post_3.5_4hr_vs_pre,metab-u-ionpneg,
Choline [metab-u-hilicpos] [refmet: Choline],Choline,Organic nitrogen compounds,-0.0766060213589661,log2fc,0.038490134904185,0.0705316608191871,benjamini_hochberg,within_each_platform_da_table_as_released_by_motrpac_v1.3_dream_acute,provided,not_selected,MoTrPAC_human_precovid_sed_adu,motrpac_human_plasma_endur_post,motrpac_human_precovid_endur_post_3.5_4hr_vs_pre,metab-u-hilicpos,
Capric acid [metab-u-rpneg] [refmet: Capric acid],Capric acid,Fatty Acyls,0.171430674272688,log2fc,0.0465331494051105,0.0708415110346458,benjamini_hochberg,within_each_platform_da_table_as_released_by_motrpac_v1.3_dream_acute,provided,not_selected,MoTrPAC_human_precovid_sed_adu,motrpac_human_plasma_endur_post,motrpac_human_precovid_endur_post_3.5_4hr_vs_pre,metab-u-rpneg,
FA 22:6;O [metab-u-lrpneg] [refmet: FA 22:6;O],FA 22:6;O,Fatty Acyls,0.268863991510941,log2fc,0.0191408069944698,0.0710569684315249,benjamini_hochberg,within_each_platform_da_table_as_released_by_motrpac_v1.3_dream_acute,provided,not_selected,MoTrPAC_human_precovid_sed_adu,motrpac_human_plasma_endur_post,motrpac_human_precovid_endur_post_3.5_4hr_vs_pre,metab-u-lrpneg,
CAR 7:0 [metab-u-hilicpos] [refmet: CAR 7:0],CAR 7:0,Fatty Acyls,0.104900348237905,log2fc,0.0390680793266355,0.0712178529391793,benjamini_hochberg,within_each_platform_da_table_as_released_by_motrpac_v1.3_dream_acute,provided,not_selected,MoTrPAC_human_precovid_sed_adu,motrpac_human_plasma_endur_post,motrpac_human_precovid_endur_post_3.5_4hr_vs_pre,metab-u-hilicpos,
PE(O-38:5)>PE(O-18:1/20:4) [metab-u-lrpneg] [refmet: PE(O-38:5)>PE(O-18:1/20:4)],PE(O-38:5)>PE(O-18:1/20:4),unclassified_no_refmet_match,0.69108373495802,log2fc,0.0194809909211485,0.0713425478328546,benjamini_hochberg,within_each_platform_da_table_as_released_by_motrpac_v1.3_dream_acute,provided,not_selected,MoTrPAC_human_precovid_sed_adu,motrpac_human_plasma_endur_post,motrpac_human_precovid_endur_post_3.5_4hr_vs_pre,metab-u-lrpneg,
SM(d37:1)_isomer2 [metab-u-lrppos] [refmet: SM(d37:1)_isomer2],SM(d37:1)_isomer2,unclassified_no_refmet_match,0.0809153062861725,log2fc,0.03589393549203,0.0714627015736976,benjamini_hochberg,within_each_platform_da_table_as_released_by_motrpac_v1.3_dream_acute,provided,not_selected,MoTrPAC_human_precovid_sed_adu,motrpac_human_plasma_endur_post,motrpac_human_precovid_endur_post_3.5_4hr_vs_pre,metab-u-lrppos,
PI(36:1) [metab-u-lrppos] [refmet: PI(36:1)],PI(36:1),unclassified_no_refmet_match,-0.0636947800339058,log2fc,0.0359023141877428,0.0714627015736976,benjamini_hochberg,within_each_platform_da_table_as_released_by_motrpac_v1.3_dream_acute,provided,not_selected,MoTrPAC_human_precovid_sed_adu,motrpac_human_plasma_endur_post,motrpac_human_precovid_endur_post_3.5_4hr_vs_pre,metab-u-lrppos,
Kynurenic acid [metab-u-rpneg] [refmet: Kynurenic acid],Kynurenic acid,Alkaloids,-0.115000816864663,log2fc,0.0479242919358986,0.0718864379038479,benjamini_hochberg,within_each_platform_da_table_as_released_by_motrpac_v1.3_dream_acute,provided,not_selected,MoTrPAC_human_precovid_sed_adu,motrpac_human_plasma_endur_post,motrpac_human_precovid_endur_post_3.5_4hr_vs_pre,metab-u-rpneg,
TG(49:0)_isomer2 [metab-u-lrppos] [refmet: TG(49:0)_isomer2],TG(49:0)_isomer2,unclassified_no_refmet_match,-0.268798346535714,log2fc,0.0362351147631768,0.0718968891028856,benjamini_hochberg,within_each_platform_da_table_as_released_by_motrpac_v1.3_dream_acute,provided,not_selected,MoTrPAC_human_precovid_sed_adu,motrpac_human_plasma_endur_post,motrpac_human_precovid_endur_post_3.5_4hr_vs_pre,metab-u-lrppos,
Oleoyl-EA [metab-u-hilicpos] [refmet: Oleoyl-EA],Oleoyl-EA,Fatty Acyls,0.278540092215344,log2fc,0.0400215499409626,0.0722995194245502,benjamini_hochberg,within_each_platform_da_table_as_released_by_motrpac_v1.3_dream_acute,provided,not_selected,MoTrPAC_human_precovid_sed_adu,motrpac_human_plasma_endur_post,motrpac_human_precovid_endur_post_3.5_4hr_vs_pre,metab-u-hilicpos,
LPE 16:1 [metab-u-hilicpos] [refmet: LPE 16:1],LPE 16:1,Glycerophospholipids,0.120885515550887,log2fc,0.0400745907667507,0.0722995194245502,benjamini_hochberg,within_each_platform_da_table_as_released_by_motrpac_v1.3_dream_acute,provided,not_selected,MoTrPAC_human_precovid_sed_adu,motrpac_human_plasma_endur_post,motrpac_human_precovid_endur_post_3.5_4hr_vs_pre,metab-u-hilicpos,
ST 24:1;O3_isomer1 [metab-u-lrpneg] [refmet: ST 24:1;O3_isomer1],ST 24:1;O3_isomer1,unclassified_no_refmet_match,-0.161569622131054,log2fc,0.0200482340163378,0.0724409522457005,benjamini_hochberg,within_each_platform_da_table_as_released_by_motrpac_v1.3_dream_acute,provided,not_selected,MoTrPAC_human_precovid_sed_adu,motrpac_human_plasma_endur_post,motrpac_human_precovid_endur_post_3.5_4hr_vs_pre,metab-u-lrpneg,
PC(44:4) [metab-u-lrppos] [refmet: PC(44:4)],PC(44:4),unclassified_no_refmet_match,0.0531846417239272,log2fc,0.0373247330079157,0.0738252605550888,benjamini_hochberg,within_each_platform_da_table_as_released_by_motrpac_v1.3_dream_acute,provided,not_selected,MoTrPAC_human_precovid_sed_adu,motrpac_human_plasma_endur_post,motrpac_human_precovid_endur_post_3.5_4hr_vs_pre,metab-u-lrppos,
SM(d34:3) [metab-u-lrppos] [refmet: SM(d34:3)],SM(d34:3),unclassified_no_refmet_match,0.104870195378556,log2fc,0.0374573700171007,0.0738546257884343,benjamini_hochberg,within_each_platform_da_table_as_released_by_motrpac_v1.3_dream_acute,provided,not_selected,MoTrPAC_human_precovid_sed_adu,motrpac_human_plasma_endur_post,motrpac_human_precovid_endur_post_3.5_4hr_vs_pre,metab-u-lrppos,
5'-Methylthioadenosine [metab-u-rppos] [refmet: 5'-Methylthioadenosine],5'-Methylthioadenosine,Nucleic acids,-0.169252308902333,log2fc,0.0369744181466101,0.0739488362932202,benjamini_hochberg,within_each_platform_da_table_as_released_by_motrpac_v1.3_dream_acute,provided,not_selected,MoTrPAC_human_precovid_sed_adu,motrpac_human_plasma_endur_post,motrpac_human_precovid_endur_post_3.5_4hr_vs_pre,metab-u-rppos,
2-Aminooctanoic acid [metab-u-hilicpos] [refmet: 2-Aminooctanoic acid],2-Aminooctanoic acid,unclassified_no_refmet_match,-0.182121878585127,log2fc,0.0419640866855705,0.0749358690813759,benjamini_hochberg,within_each_platform_da_table_as_released_by_motrpac_v1.3_dream_acute,provided,not_selected,MoTrPAC_human_precovid_sed_adu,motrpac_human_plasma_endur_post,motrpac_human_precovid_endur_post_3.5_4hr_vs_pre,metab-u-hilicpos,
N1-Acetylspermidine [metab-u-hilicpos] [refmet: N1-Acetylspermidine],N1-Acetylspermidine,Alkaloids,0.0696979997371905,log2fc,0.0419093526051526,0.0749358690813759,benjamini_hochberg,within_each_platform_da_table_as_released_by_motrpac_v1.3_dream_acute,provided,not_selected,MoTrPAC_human_precovid_sed_adu,motrpac_human_plasma_endur_post,motrpac_human_precovid_endur_post_3.5_4hr_vs_pre,metab-u-hilicpos,
PC(O-36:5)<PC(O-16:1/20:4) [metab-u-lrpneg] [refmet: PC(O-36:5)<PC(O-16:1/20:4)],PC(O-36:5)<PC(O-16:1/20:4),unclassified_no_refmet_match,-0.13074191982016,log2fc,0.0215489142149261,0.0768388914769075,benjamini_hochberg,within_each_platform_da_table_as_released_by_motrpac_v1.3_dream_acute,provided,not_selected,MoTrPAC_human_precovid_sed_adu,motrpac_human_plasma_endur_post,motrpac_human_precovid_endur_post_3.5_4hr_vs_pre,metab-u-lrpneg,
PC(30:1) [metab-u-lrppos] [refmet: PC(30:1)],PC(30:1),unclassified_no_refmet_match,-0.083548648626909,log2fc,0.0398324817573606,0.0782914296610191,benjamini_hochberg,within_each_platform_da_table_as_released_by_motrpac_v1.3_dream_acute,provided,not_selected,MoTrPAC_human_precovid_sed_adu,motrpac_human_plasma_endur_post,motrpac_human_precovid_endur_post_3.5_4hr_vs_pre,metab-u-lrppos,
"1,7-Dimethyluric acid [metab-u-hilicpos] [refmet: 1,7-Dimethyluric acid]","1,7-Dimethyluric acid",Nucleic acids,-0.505875610090131,log2fc,0.044119153190121,0.0783842823174739,benjamini_hochberg,within_each_platform_da_table_as_released_by_motrpac_v1.3_dream_acute,provided,not_selected,MoTrPAC_human_precovid_sed_adu,motrpac_human_plasma_endur_post,motrpac_human_precovid_endur_post_3.5_4hr_vs_pre,metab-u-hilicpos,
LPE 18:2 [metab-u-hilicpos] [refmet: LPE 18:2],LPE 18:2,Glycerophospholipids,-0.0865158237424843,log2fc,0.0456531290110006,0.080699975524496,benjamini_hochberg,within_each_platform_da_table_as_released_by_motrpac_v1.3_dream_acute,provided,not_selected,MoTrPAC_human_precovid_sed_adu,motrpac_human_plasma_endur_post,motrpac_human_precovid_endur_post_3.5_4hr_vs_pre,metab-u-hilicpos,
PC(O-40:7)_isomer2 [metab-u-lrppos] [refmet: PC(O-40:7)_isomer2],PC(O-40:7)_isomer2,unclassified_no_refmet_match,0.0537545803376993,log2fc,0.0425319222076002,0.0833359850755167,benjamini_hochberg,within_each_platform_da_table_as_released_by_motrpac_v1.3_dream_acute,provided,not_selected,MoTrPAC_human_precovid_sed_adu,motrpac_human_plasma_endur_post,motrpac_human_precovid_endur_post_3.5_4hr_vs_pre,metab-u-lrppos,
Isoleucine [metab-t-amines] [refmet: Isoleucine],Isoleucine,Organic acids,0.0498275465693991,log2fc,0.0632428089499311,0.0835708546838376,benjamini_hochberg,within_each_platform_da_table_as_released_by_motrpac_v1.3_dream_acute,provided,not_selected,MoTrPAC_human_precovid_sed_adu,motrpac_human_plasma_endur_post,motrpac_human_precovid_endur_post_3.5_4hr_vs_pre,metab-t-amines,
Taurine [metab-t-amines] [refmet: Taurine],Taurine,Organic acids,-0.127948378581156,log2fc,0.0670347140494961,0.085527048959702,benjamini_hochberg,within_each_platform_da_table_as_released_by_motrpac_v1.3_dream_acute,provided,not_selected,MoTrPAC_human_precovid_sed_adu,motrpac_human_plasma_endur_post,motrpac_human_precovid_endur_post_3.5_4hr_vs_pre,metab-t-amines,
PC(37:5)_isomer1 [metab-u-lrppos] [refmet: PC(37:5)_isomer1],PC(37:5)_isomer1,unclassified_no_refmet_match,0.235855980291333,log2fc,0.0440404083918785,0.0860228537747908,benjamini_hochberg,within_each_platform_da_table_as_released_by_motrpac_v1.3_dream_acute,provided,not_selected,MoTrPAC_human_precovid_sed_adu,motrpac_human_plasma_endur_post,motrpac_human_precovid_endur_post_3.5_4hr_vs_pre,metab-u-lrppos,
CAR(18:2) [metab-u-rppos] [refmet: CAR(18:2)],CAR(18:2),unclassified_no_refmet_match,0.110998778299873,log2fc,0.0436684042138807,0.086417473602206,benjamini_hochberg,within_each_platform_da_table_as_released_by_motrpac_v1.3_dream_acute,provided,not_selected,MoTrPAC_human_precovid_sed_adu,motrpac_human_plasma_endur_post,motrpac_human_precovid_endur_post_3.5_4hr_vs_pre,metab-u-rppos,
PE(P-40:4)>PE(P-18:0/22:4) [metab-u-lrpneg] [refmet: PE(P-40:4)>PE(P-18:0/22:4)],PE(P-40:4)>PE(P-18:0/22:4),unclassified_no_refmet_match,-0.442366509453507,log2fc,0.0246144290568826,0.0866300035638337,benjamini_hochberg,within_each_platform_da_table_as_released_by_motrpac_v1.3_dream_acute,provided,not_selected,MoTrPAC_human_precovid_sed_adu,motrpac_human_plasma_endur_post,motrpac_human_precovid_endur_post_3.5_4hr_vs_pre,metab-u-lrpneg,
PC P-34:1 or PC O-34:2 [metab-u-hilicpos] [refmet: PC P-34:1 or PC O-34:2],PC P-34:1 or PC O-34:2,Glycerophospholipids,-0.0429943137305528,log2fc,0.0493646654607394,0.0868222759359738,benjamini_hochberg,within_each_platform_da_table_as_released_by_motrpac_v1.3_dream_acute,provided,not_selected,MoTrPAC_human_precovid_sed_adu,motrpac_human_plasma_endur_post,motrpac_human_precovid_endur_post_3.5_4hr_vs_pre,metab-u-hilicpos,
PC(O-37:4)_isomer2 [metab-u-lrppos] [refmet: PC(O-37:4)_isomer2],PC(O-37:4)_isomer2,unclassified_no_refmet_match,0.0984076366688669,log2fc,0.0453050250307988,0.0882181698581082,benjamini_hochberg,within_each_platform_da_table_as_released_by_motrpac_v1.3_dream_acute,provided,not_selected,MoTrPAC_human_precovid_sed_adu,motrpac_human_plasma_endur_post,motrpac_human_precovid_endur_post_3.5_4hr_vs_pre,metab-u-lrppos,
PC P-36:4 or PC O-36:5 [metab-u-hilicpos] [refmet: PC P-36:4 or PC O-36:5],PC P-36:4 or PC O-36:5,Glycerophospholipids,-0.0326729104231731,log2fc,0.0504395506432274,0.0882692136256479,benjamini_hochberg,within_each_platform_da_table_as_released_by_motrpac_v1.3_dream_acute,provided,not_selected,MoTrPAC_human_precovid_sed_adu,motrpac_human_plasma_endur_post,motrpac_human_precovid_endur_post_3.5_4hr_vs_pre,metab-u-hilicpos,
PC(40:8) [metab-u-rppos] [refmet: PC(40:8)],PC(40:8),unclassified_no_refmet_match,0.298202812253553,log2fc,0.0466491991002251,0.0913546815712742,benjamini_hochberg,within_each_platform_da_table_as_released_by_motrpac_v1.3_dream_acute,provided,not_selected,MoTrPAC_human_precovid_sed_adu,motrpac_human_plasma_endur_post,motrpac_human_precovid_endur_post_3.5_4hr_vs_pre,metab-u-rppos,
PE(38:6) [metab-u-lrppos] [refmet: PE(38:6)],PE(38:6),unclassified_no_refmet_match,0.0734767312118656,log2fc,0.0477806005539474,0.0927505775458978,benjamini_hochberg,within_each_platform_da_table_as_released_by_motrpac_v1.3_dream_acute,provided,not_selected,MoTrPAC_human_precovid_sed_adu,motrpac_human_plasma_endur_post,motrpac_human_precovid_endur_post_3.5_4hr_vs_pre,metab-u-lrppos,
DG(38:3) [metab-u-lrppos] [refmet: DG(38:3)],DG(38:3),unclassified_no_refmet_match,-0.0775326733509125,log2fc,0.0486650593714337,0.0941759019317559,benjamini_hochberg,within_each_platform_da_table_as_released_by_motrpac_v1.3_dream_acute,provided,not_selected,MoTrPAC_human_precovid_sed_adu,motrpac_human_plasma_endur_post,motrpac_human_precovid_endur_post_3.5_4hr_vs_pre,metab-u-lrppos,
PC(O-40:5)>PC(O-18:1/22:4) _isomer1 [metab-u-lrpneg] [refmet: PC(O-40:5)>PC(O-18:1/22:4) _isomer1],PC(O-40:5)>PC(O-18:1/22:4) _isomer1,unclassified_no_refmet_match,0.399366744710967,log2fc,0.0271900989599687,0.094468164335276,benjamini_hochberg,within_each_platform_da_table_as_released_by_motrpac_v1.3_dream_acute,provided,not_selected,MoTrPAC_human_precovid_sed_adu,motrpac_human_plasma_endur_post,motrpac_human_precovid_endur_post_3.5_4hr_vs_pre,metab-u-lrpneg,
PC(40:5)_isomer1 [metab-u-lrppos] [refmet: PC(40:5)_isomer1],PC(40:5)_isomer1,unclassified_no_refmet_match,0.180288854899828,log2fc,0.049313794840934,0.0951376903546634,benjamini_hochberg,within_each_platform_da_table_as_released_by_motrpac_v1.3_dream_acute,provided,not_selected,MoTrPAC_human_precovid_sed_adu,motrpac_human_plasma_endur_post,motrpac_human_precovid_endur_post_3.5_4hr_vs_pre,metab-u-lrppos,
LPC(16:0) [metab-u-lrpneg] [refmet: LPC(16:0)],LPC(16:0),unclassified_no_refmet_match,-0.0752147333503856,log2fc,0.0278225071283701,0.0954417649593456,benjamini_hochberg,within_each_platform_da_table_as_released_by_motrpac_v1.3_dream_acute,provided,not_selected,MoTrPAC_human_precovid_sed_adu,motrpac_human_plasma_endur_post,motrpac_human_precovid_endur_post_3.5_4hr_vs_pre,metab-u-lrpneg,
SM 18:1;O2/22:0 [metab-u-hilicpos] [refmet: SM 18:1;O2/22:0],SM 18:1;O2/22:0,Sphingolipids,0.0667221653413819,log2fc,0.0552868404774142,0.0962706177467411,benjamini_hochberg,within_each_platform_da_table_as_released_by_motrpac_v1.3_dream_acute,provided,not_selected,MoTrPAC_human_precovid_sed_adu,motrpac_human_plasma_endur_post,motrpac_human_precovid_endur_post_3.5_4hr_vs_pre,metab-u-hilicpos,
O-Ethylhomoserine [metab-u-hilicpos] [refmet: O-Ethylhomoserine],O-Ethylhomoserine,Organic acids,0.023299801500233,log2fc,0.0557807348509081,0.0966497881080091,benjamini_hochberg,within_each_platform_da_table_as_released_by_motrpac_v1.3_dream_acute,provided,not_selected,MoTrPAC_human_precovid_sed_adu,motrpac_human_plasma_endur_post,motrpac_human_precovid_endur_post_3.5_4hr_vs_pre,metab-u-hilicpos,
TG(53:5) [metab-u-lrppos] [refmet: TG(53:5)],TG(53:5),unclassified_no_refmet_match,-0.161397569421641,log2fc,0.0504587019282289,0.0969172499815478,benjamini_hochberg,within_each_platform_da_table_as_released_by_motrpac_v1.3_dream_acute,provided,not_selected,MoTrPAC_human_precovid_sed_adu,motrpac_human_plasma_endur_post,motrpac_human_precovid_endur_post_3.5_4hr_vs_pre,metab-u-lrppos,
PC(32:0)_isomer2 [metab-u-lrppos] [refmet: PC(32:0)_isomer2],PC(32:0)_isomer2,unclassified_no_refmet_match,0.0572458034945278,log2fc,0.0505453600382235,0.0969172499815478,benjamini_hochberg,within_each_platform_da_table_as_released_by_motrpac_v1.3_dream_acute,provided,not_selected,MoTrPAC_human_precovid_sed_adu,motrpac_human_plasma_endur_post,motrpac_human_precovid_endur_post_3.5_4hr_vs_pre,metab-u-lrppos,
Cer(d40:2)>Cer(d18:1/22:1) [metab-u-lrppos] [refmet: Cer(d40:2)>Cer(d18:1/22:1)],Cer(d40:2)>Cer(d18:1/22:1),unclassified_no_refmet_match,0.064650422118504,log2fc,0.0514211903024299,0.0982959948769011,benjamini_hochberg,within_each_platform_da_table_as_released_by_motrpac_v1.3_dream_acute,provided,not_selected,MoTrPAC_human_precovid_sed_adu,motrpac_human_plasma_endur_post,motrpac_human_precovid_endur_post_3.5_4hr_vs_pre,metab-u-lrppos,
LPE 20:3 [metab-u-hilicpos] [refmet: LPE 20:3],LPE 20:3,Glycerophospholipids,0.0792203734845742,log2fc,0.0572913681258652,0.0987782209066641,benjamini_hochberg,within_each_platform_da_table_as_released_by_motrpac_v1.3_dream_acute,provided,not_selected,MoTrPAC_human_precovid_sed_adu,motrpac_human_plasma_endur_post,motrpac_human_precovid_endur_post_3.5_4hr_vs_pre,metab-u-hilicpos,
Histidine [metab-u-hilicpos] [refmet: Histidine],Histidine,Organic acids,0.0447153159189781,log2fc,0.0577585305548154,0.0990955181087519,benjamini_hochberg,within_each_platform_da_table_as_released_by_motrpac_v1.3_dream_acute,provided,not_selected,MoTrPAC_human_precovid_sed_adu,motrpac_human_plasma_endur_post,motrpac_human_precovid_endur_post_3.5_4hr_vs_pre,metab-u-hilicpos,
PE P-38:4 or PE O-38:5 [metab-u-hilicpos] [refmet: PE P-38:4 or PE O-38:5],PE P-38:4 or PE O-38:5,Glycerophospholipids,-0.047021033772122,log2fc,0.0586146904784938,0.10007386179255,benjamini_hochberg,within_each_platform_da_table_as_released_by_motrpac_v1.3_dream_acute,provided,not_selected,MoTrPAC_human_precovid_sed_adu,motrpac_human_plasma_endur_post,motrpac_human_precovid_endur_post_3.5_4hr_vs_pre,metab-u-hilicpos,
PC(O-35:2)_isomer3 [metab-u-lrppos] [refmet: PC(O-35:2)_isomer3],PC(O-35:2)_isomer3,unclassified_no_refmet_match,0.0553759132530089,log2fc,0.0528522862304589,0.100419343837872,benjamini_hochberg,within_each_platform_da_table_as_released_by_motrpac_v1.3_dream_acute,provided,not_selected,MoTrPAC_human_precovid_sed_adu,motrpac_human_plasma_endur_post,motrpac_human_precovid_endur_post_3.5_4hr_vs_pre,metab-u-lrppos,
PC(O-35:1) [metab-u-lrppos] [refmet: PC(O-35:1)],PC(O-35:1),unclassified_no_refmet_match,0.0486996045888333,log2fc,0.0528021926267768,0.100419343837872,benjamini_hochberg,within_each_platform_da_table_as_released_by_motrpac_v1.3_dream_acute,provided,not_selected,MoTrPAC_human_precovid_sed_adu,motrpac_human_plasma_endur_post,motrpac_human_precovid_endur_post_3.5_4hr_vs_pre,metab-u-lrppos,
TG(52:7)_isomer2 [metab-u-lrppos] [refmet: TG(52:7)_isomer2],TG(52:7)_isomer2,unclassified_no_refmet_match,-0.190685932242257,log2fc,0.0536609025215134,0.101591342213555,benjamini_hochberg,within_each_platform_da_table_as_released_by_motrpac_v1.3_dream_acute,provided,not_selected,MoTrPAC_human_precovid_sed_adu,motrpac_human_plasma_endur_post,motrpac_human_precovid_endur_post_3.5_4hr_vs_pre,metab-u-lrppos,
DG(38:5) [metab-u-lrppos] [refmet: DG(38:5)],DG(38:5),unclassified_no_refmet_match,0.0913921460855072,log2fc,0.0537931827988839,0.101591342213555,benjamini_hochberg,within_each_platform_da_table_as_released_by_motrpac_v1.3_dream_acute,provided,not_selected,MoTrPAC_human_precovid_sed_adu,motrpac_human_plasma_endur_post,motrpac_human_precovid_endur_post_3.5_4hr_vs_pre,metab-u-lrppos,
4-Acetamidobutanoic acid [metab-u-hilicpos] [refmet: 4-Acetamidobutanoic acid],4-Acetamidobutanoic acid,Organic acids,-0.108827200781874,log2fc,0.0604103301967119,0.102173296321603,benjamini_hochberg,within_each_platform_da_table_as_released_by_motrpac_v1.3_dream_acute,provided,not_selected,MoTrPAC_human_precovid_sed_adu,motrpac_human_plasma_endur_post,motrpac_human_precovid_endur_post_3.5_4hr_vs_pre,metab-u-hilicpos,
7-Methylguanine [metab-u-hilicpos] [refmet: 7-Methylguanine],7-Methylguanine,Nucleic acids,0.0698324415538032,log2fc,0.0604282066816337,0.102173296321603,benjamini_hochberg,within_each_platform_da_table_as_released_by_motrpac_v1.3_dream_acute,provided,not_selected,MoTrPAC_human_precovid_sed_adu,motrpac_human_plasma_endur_post,motrpac_human_precovid_endur_post_3.5_4hr_vs_pre,metab-u-hilicpos,
TG(52:3)>TG(16:0_18:1_18:2) [metab-u-lrppos] [refmet: TG(52:3)>TG(16:0_18:1_18:2)],TG(52:3)>TG(16:0_18:1_18:2),unclassified_no_refmet_match,0.0705028476027465,log2fc,0.0548751031824241,0.103323392478618,benjamini_hochberg,within_each_platform_da_table_as_released_by_motrpac_v1.3_dream_acute,provided,not_selected,MoTrPAC_human_precovid_sed_adu,motrpac_human_plasma_endur_post,motrpac_human_precovid_endur_post_3.5_4hr_vs_pre,metab-u-lrppos,
Hex3Cer(d36:1)>Hex3Cer(d18:1/18:0) [metab-u-lrppos] [refmet: Hex3Cer(d36:1)>Hex3Cer(d18:1/18:0)],Hex3Cer(d36:1)>Hex3Cer(d18:1/18:0),unclassified_no_refmet_match,0.064119473650063,log2fc,0.0550894181038253,0.10341636272784,benjamini_hochberg,within_each_platform_da_table_as_released_by_motrpac_v1.3_dream_acute,provided,not_selected,MoTrPAC_human_precovid_sed_adu,motrpac_human_plasma_endur_post,motrpac_human_precovid_endur_post_3.5_4hr_vs_pre,metab-u-lrppos,
SM(d41:1)_isomer1 [metab-u-lrppos] [refmet: SM(d41:1)_isomer1],SM(d41:1)_isomer1,unclassified_no_refmet_match,0.093833084635218,log2fc,0.0554006836350336,0.103690234743779,benjamini_hochberg,within_each_platform_da_table_as_released_by_motrpac_v1.3_dream_acute,provided,not_selected,MoTrPAC_human_precovid_sed_adu,motrpac_human_plasma_endur_post,motrpac_human_precovid_endur_post_3.5_4hr_vs_pre,metab-u-lrppos,
Theophylline [metab-u-rppos] [refmet: Theophylline],Theophylline,Nucleic acids,-0.262282444743491,log2fc,0.0537996199389844,0.104271428335351,benjamini_hochberg,within_each_platform_da_table_as_released_by_motrpac_v1.3_dream_acute,provided,not_selected,MoTrPAC_human_precovid_sed_adu,motrpac_human_plasma_endur_post,motrpac_human_precovid_endur_post_3.5_4hr_vs_pre,metab-u-rppos,
PC(O-36:3)>PC(O-18:1/18:2) [metab-u-lrpneg] [refmet: PC(O-36:3)>PC(O-18:1/18:2)],PC(O-36:3)>PC(O-18:1/18:2),unclassified_no_refmet_match,-0.0985574245133733,log2fc,0.0312293603607854,0.105789458222161,benjamini_hochberg,within_each_platform_da_table_as_released_by_motrpac_v1.3_dream_acute,provided,not_selected,MoTrPAC_human_precovid_sed_adu,motrpac_human_plasma_endur_post,motrpac_human_precovid_endur_post_3.5_4hr_vs_pre,metab-u-lrpneg,
PC(O-38:7)>PC(O-16:2/22:5) [metab-u-lrpneg] [refmet: PC(O-38:7)>PC(O-16:2/22:5)],PC(O-38:7)>PC(O-16:2/22:5),unclassified_no_refmet_match,-0.281517694717593,log2fc,0.0317870090405767,0.1063491290123,benjamini_hochberg,within_each_platform_da_table_as_released_by_motrpac_v1.3_dream_acute,provided,not_selected,MoTrPAC_human_precovid_sed_adu,motrpac_human_plasma_endur_post,motrpac_human_precovid_endur_post_3.5_4hr_vs_pre,metab-u-lrpneg,
PC(O-38:5)_isomer2 [metab-u-lrppos] [refmet: PC(O-38:5)_isomer2],PC(O-38:5)_isomer2,unclassified_no_refmet_match,0.0603458036469,log2fc,0.0577397450960512,0.107746488616738,benjamini_hochberg,within_each_platform_da_table_as_released_by_motrpac_v1.3_dream_acute,provided,not_selected,MoTrPAC_human_precovid_sed_adu,motrpac_human_plasma_endur_post,motrpac_human_precovid_endur_post_3.5_4hr_vs_pre,metab-u-lrppos,
FA 26:2_isomer3 [metab-u-lrpneg] [refmet: FA 26:2_isomer3],FA 26:2_isomer3,unclassified_no_refmet_match,-0.171381378538438,log2fc,0.0326260567535307,0.10782513878301,benjamini_hochberg,within_each_platform_da_table_as_released_by_motrpac_v1.3_dream_acute,provided,not_selected,MoTrPAC_human_precovid_sed_adu,motrpac_human_plasma_endur_post,motrpac_human_precovid_endur_post_3.5_4hr_vs_pre,metab-u-lrpneg,
MG(14:0) [metab-u-rppos] [refmet: MG(14:0)],MG(14:0),unclassified_no_refmet_match,0.350811987233845,log2fc,0.0575239894957873,0.109237475002101,benjamini_hochberg,within_each_platform_da_table_as_released_by_motrpac_v1.3_dream_acute,provided,not_selected,MoTrPAC_human_precovid_sed_adu,motrpac_human_plasma_endur_post,motrpac_human_precovid_endur_post_3.5_4hr_vs_pre,metab-u-rppos,
Leucine/Isoleucine [metab-u-rppos] [refmet: Leucine/Isoleucine],Leucine/Isoleucine,Organic acids,-0.0655074126281576,log2fc,0.0574296212544367,0.109237475002101,benjamini_hochberg,within_each_platform_da_table_as_released_by_motrpac_v1.3_dream_acute,provided,not_selected,MoTrPAC_human_precovid_sed_adu,motrpac_human_plasma_endur_post,motrpac_human_precovid_endur_post_3.5_4hr_vs_pre,metab-u-rppos,
FA 20:5;O [metab-u-lrpneg] [refmet: FA 20:5;O],FA 20:5;O,Fatty Acyls,-0.397078426151513,log2fc,0.0337610221366725,0.11023177107275,benjamini_hochberg,within_each_platform_da_table_as_released_by_motrpac_v1.3_dream_acute,provided,not_selected,MoTrPAC_human_precovid_sed_adu,motrpac_human_plasma_endur_post,motrpac_human_precovid_endur_post_3.5_4hr_vs_pre,metab-u-lrpneg,
TG(53:3)_isomer1 [metab-u-lrppos] [refmet: TG(53:3)_isomer1],TG(53:3)_isomer1,unclassified_no_refmet_match,-0.153654371525029,log2fc,0.0600876592183711,0.111795140444862,benjamini_hochberg,within_each_platform_da_table_as_released_by_motrpac_v1.3_dream_acute,provided,not_selected,MoTrPAC_human_precovid_sed_adu,motrpac_human_plasma_endur_post,motrpac_human_precovid_endur_post_3.5_4hr_vs_pre,metab-u-lrppos,
PE(O-42:5)>PE(O-20:1/22:4)_isomer1 [metab-u-lrpneg] [refmet: PE(O-42:5)>PE(O-20:1/22:4)_isomer1],PE(O-42:5)>PE(O-20:1/22:4)_isomer1,unclassified_no_refmet_match,0.445291049059147,log2fc,0.0350398076648534,0.113045093775896,benjamini_hochberg,within_each_platform_da_table_as_released_by_motrpac_v1.3_dream_acute,provided,not_selected,MoTrPAC_human_precovid_sed_adu,motrpac_human_plasma_endur_post,motrpac_human_precovid_endur_post_3.5_4hr_vs_pre,metab-u-lrpneg,
CAR(16:0) [metab-u-rppos] [refmet: CAR(16:0)],CAR(16:0),unclassified_no_refmet_match,0.176379543808935,log2fc,0.0610314688975907,0.114739161527471,benjamini_hochberg,within_each_platform_da_table_as_released_by_motrpac_v1.3_dream_acute,provided,not_selected,MoTrPAC_human_precovid_sed_adu,motrpac_human_plasma_endur_post,motrpac_human_precovid_endur_post_3.5_4hr_vs_pre,metab-u-rppos,
PC(40:6)_isomer1 [metab-u-lrppos] [refmet: PC(40:6)_isomer1],PC(40:6)_isomer1,unclassified_no_refmet_match,0.136811348501254,log2fc,0.0633996923953101,0.117608305123845,benjamini_hochberg,within_each_platform_da_table_as_released_by_motrpac_v1.3_dream_acute,provided,not_selected,MoTrPAC_human_precovid_sed_adu,motrpac_human_plasma_endur_post,motrpac_human_precovid_endur_post_3.5_4hr_vs_pre,metab-u-lrppos,
TG(54:4) [metab-u-lrppos] [refmet: TG(54:4)],TG(54:4),unclassified_no_refmet_match,-0.0994711832276565,log2fc,0.063940035243012,0.117912947345202,benjamini_hochberg,within_each_platform_da_table_as_released_by_motrpac_v1.3_dream_acute,provided,not_selected,MoTrPAC_human_precovid_sed_adu,motrpac_human_plasma_endur_post,motrpac_human_precovid_endur_post_3.5_4hr_vs_pre,metab-u-lrppos,
PC(O-35:2)_isomer2 [metab-u-lrppos] [refmet: PC(O-35:2)_isomer2],PC(O-35:2)_isomer2,unclassified_no_refmet_match,0.0783400977955431,log2fc,0.0638915374522326,0.117912947345202,benjamini_hochberg,within_each_platform_da_table_as_released_by_motrpac_v1.3_dream_acute,provided,not_selected,MoTrPAC_human_precovid_sed_adu,motrpac_human_plasma_endur_post,motrpac_human_precovid_endur_post_3.5_4hr_vs_pre,metab-u-lrppos,
TG(56:6)_isomer1 [metab-u-lrppos] [refmet: TG(56:6)_isomer1],TG(56:6)_isomer1,unclassified_no_refmet_match,0.0763086901774841,log2fc,0.0650236503034828,0.119559615074146,benjamini_hochberg,within_each_platform_da_table_as_released_by_motrpac_v1.3_dream_acute,provided,not_selected,MoTrPAC_human_precovid_sed_adu,motrpac_human_plasma_endur_post,motrpac_human_precovid_endur_post_3.5_4hr_vs_pre,metab-u-lrppos,
PC(O-36:7)>PC(O-14:1/22:6)_and_PC(O-36:7)>PC(O-18:6/18:0) _isomer1 [metab-u-lrpneg] [refmet: PC(O-36:7)>PC(O-14:1/22:6)_and_PC(O-36:7)>PC(O-18:6/18:0) _isomer1],PC(O-36:7)>PC(O-14:1/22:6)_and_PC(O-36:7)>PC(O-18:6/18:0) _isomer1,unclassified_no_refmet_match,-0.271869715091047,log2fc,0.0380524204812359,0.119909371516453,benjamini_hochberg,within_each_platform_da_table_as_released_by_motrpac_v1.3_dream_acute,provided,not_selected,MoTrPAC_human_precovid_sed_adu,motrpac_human_plasma_endur_post,motrpac_human_precovid_endur_post_3.5_4hr_vs_pre,metab-u-lrpneg,
FA 26:5 [metab-u-lrpneg] [refmet: FA 26:5],FA 26:5,unclassified_no_refmet_match,0.15059712781478,log2fc,0.0378067911078328,0.119909371516453,benjamini_hochberg,within_each_platform_da_table_as_released_by_motrpac_v1.3_dream_acute,provided,not_selected,MoTrPAC_human_precovid_sed_adu,motrpac_human_plasma_endur_post,motrpac_human_precovid_endur_post_3.5_4hr_vs_pre,metab-u-lrpneg,
EPA [metab-u-rpneg] [refmet: EPA],EPA,Fatty Acyls,0.246692121921658,log2fc,0.0835519143574,0.123511525571809,benjamini_hochberg,within_each_platform_da_table_as_released_by_motrpac_v1.3_dream_acute,provided,not_selected,MoTrPAC_human_precovid_sed_adu,motrpac_human_plasma_endur_post,motrpac_human_precovid_endur_post_3.5_4hr_vs_pre,metab-u-rpneg,
PE 38:4 [metab-u-hilicpos] [refmet: PE 38:4],PE 38:4,Glycerophospholipids,0.0725884923666484,log2fc,0.0737389276061431,0.124079926260337,benjamini_hochberg,within_each_platform_da_table_as_released_by_motrpac_v1.3_dream_acute,provided,not_selected,MoTrPAC_human_precovid_sed_adu,motrpac_human_plasma_endur_post,motrpac_human_precovid_endur_post_3.5_4hr_vs_pre,metab-u-hilicpos,
TG(54:5)>TG(18:1_18:2_18:2) [metab-u-lrppos] [refmet: TG(54:5)>TG(18:1_18:2_18:2)],TG(54:5)>TG(18:1_18:2_18:2),unclassified_no_refmet_match,-0.0891337945774175,log2fc,0.0676876078175596,0.124093947665526,benjamini_hochberg,within_each_platform_da_table_as_released_by_motrpac_v1.3_dream_acute,provided,not_selected,MoTrPAC_human_precovid_sed_adu,motrpac_human_plasma_endur_post,motrpac_human_precovid_endur_post_3.5_4hr_vs_pre,metab-u-lrppos,
PC(O-38:4)_isomer2 [metab-u-lrppos] [refmet: PC(O-38:4)_isomer2],PC(O-38:4)_isomer2,unclassified_no_refmet_match,0.0451833032710951,log2fc,0.0684050167850719,0.125043572956968,benjamini_hochberg,within_each_platform_da_table_as_released_by_motrpac_v1.3_dream_acute,provided,not_selected,MoTrPAC_human_precovid_sed_adu,motrpac_human_plasma_endur_post,motrpac_human_precovid_endur_post_3.5_4hr_vs_pre,metab-u-lrppos,
Tyrosine [metab-u-ionpneg] [refmet: Tyrosine],Tyrosine,Organic acids,-0.103223783533316,log2fc,0.0781618078930813,0.12547027056521,benjamini_hochberg,within_each_platform_da_table_as_released_by_motrpac_v1.3_dream_acute,provided,not_selected,MoTrPAC_human_precovid_sed_adu,motrpac_human_plasma_endur_post,motrpac_human_precovid_endur_post_3.5_4hr_vs_pre,metab-u-ionpneg,
Cysteine [metab-t-amines] [refmet: Cysteine],Cysteine,Organic acids,-0.102523418168945,log2fc,0.104173150312111,0.12848021871827,benjamini_hochberg,within_each_platform_da_table_as_released_by_motrpac_v1.3_dream_acute,provided,not_selected,MoTrPAC_human_precovid_sed_adu,motrpac_human_plasma_endur_post,motrpac_human_precovid_endur_post_3.5_4hr_vs_pre,metab-t-amines,
Putrescine [metab-u-hilicpos] [refmet: Putrescine],Putrescine,Organic nitrogen compounds,0.121798210681936,log2fc,0.0773931033422974,0.129605675453608,benjamini_hochberg,within_each_platform_da_table_as_released_by_motrpac_v1.3_dream_acute,provided,not_selected,MoTrPAC_human_precovid_sed_adu,motrpac_human_plasma_endur_post,motrpac_human_precovid_endur_post_3.5_4hr_vs_pre,metab-u-hilicpos,
PC(40:7)_isomer1 [metab-u-lrppos] [refmet: PC(40:7)_isomer1],PC(40:7)_isomer1,unclassified_no_refmet_match,-0.0717347813337419,log2fc,0.0715598267834847,0.130430265678037,benjamini_hochberg,within_each_platform_da_table_as_released_by_motrpac_v1.3_dream_acute,provided,not_selected,MoTrPAC_human_precovid_sed_adu,motrpac_human_plasma_endur_post,motrpac_human_precovid_endur_post_3.5_4hr_vs_pre,metab-u-lrppos,
LPC 20:3 [metab-u-hilicpos] [refmet: LPC 20:3],LPC 20:3,Glycerophospholipids,-0.0520159357729355,log2fc,0.0786413651819961,0.131068941969993,benjamini_hochberg,within_each_platform_da_table_as_released_by_motrpac_v1.3_dream_acute,provided,not_selected,MoTrPAC_human_precovid_sed_adu,motrpac_human_plasma_endur_post,motrpac_human_precovid_endur_post_3.5_4hr_vs_pre,metab-u-hilicpos,
HexCer(d42:1)>HexCer(d18:1/24:0) [metab-u-lrppos] [refmet: HexCer(d42:1)>HexCer(d18:1/24:0)],HexCer(d42:1)>HexCer(d18:1/24:0),unclassified_no_refmet_match,0.267038308874334,log2fc,0.0732524889580119,0.133128436454126,benjamini_hochberg,within_each_platform_da_table_as_released_by_motrpac_v1.3_dream_acute,provided,not_selected,MoTrPAC_human_precovid_sed_adu,motrpac_human_plasma_endur_post,motrpac_human_precovid_endur_post_3.5_4hr_vs_pre,metab-u-lrppos,
TG(56:10) [metab-u-lrppos] [refmet: TG(56:10)],TG(56:10),unclassified_no_refmet_match,-0.118008560471804,log2fc,0.0736785932935753,0.133515832355699,benjamini_hochberg,within_each_platform_da_table_as_released_by_motrpac_v1.3_dream_acute,provided,not_selected,MoTrPAC_human_precovid_sed_adu,motrpac_human_plasma_endur_post,motrpac_human_precovid_endur_post_3.5_4hr_vs_pre,metab-u-lrppos,
N-Acetylalanine [metab-u-hilicpos] [refmet: N-Acetylalanine],N-Acetylalanine,Organic acids,0.0387757876674861,log2fc,0.0809869018035166,0.134338462707255,benjamini_hochberg,within_each_platform_da_table_as_released_by_motrpac_v1.3_dream_acute,provided,not_selected,MoTrPAC_human_precovid_sed_adu,motrpac_human_plasma_endur_post,motrpac_human_precovid_endur_post_3.5_4hr_vs_pre,metab-u-hilicpos,
PI(40:6)>PI(18:0_22:6) [metab-u-lrpneg] [refmet: PI(40:6)>PI(18:0_22:6)],PI(40:6)>PI(18:0_22:6),unclassified_no_refmet_match,-0.490942349834974,log2fc,0.0432300861131883,0.134659233754874,benjamini_hochberg,within_each_platform_da_table_as_released_by_motrpac_v1.3_dream_acute,provided,not_selected,MoTrPAC_human_precovid_sed_adu,motrpac_human_plasma_endur_post,motrpac_human_precovid_endur_post_3.5_4hr_vs_pre,metab-u-lrpneg,
2-amino-6-hydroxyhexanoic acid [metab-u-hilicpos] [refmet: 2-amino-6-hydroxyhexanoic acid],2-amino-6-hydroxyhexanoic acid,Organic acids,-0.0526346355529537,log2fc,0.0816864225228254,0.134859659825419,benjamini_hochberg,within_each_platform_da_table_as_released_by_motrpac_v1.3_dream_acute,provided,not_selected,MoTrPAC_human_precovid_sed_adu,motrpac_human_plasma_endur_post,motrpac_human_precovid_endur_post_3.5_4hr_vs_pre,metab-u-hilicpos,
PC(38:4)_isomer2 [metab-u-lrppos] [refmet: PC(38:4)_isomer2],PC(38:4)_isomer2,unclassified_no_refmet_match,0.10170302803181,log2fc,0.0751367585460876,0.135765843251864,benjamini_hochberg,within_each_platform_da_table_as_released_by_motrpac_v1.3_dream_acute,provided,not_selected,MoTrPAC_human_precovid_sed_adu,motrpac_human_plasma_endur_post,motrpac_human_precovid_endur_post_3.5_4hr_vs_pre,metab-u-lrppos,
TG(48:1)>TG(14:0_16:0_18:1) [metab-u-lrppos] [refmet: TG(48:1)>TG(14:0_16:0_18:1)],TG(48:1)>TG(14:0_16:0_18:1),unclassified_no_refmet_match,-0.152426646895659,log2fc,0.0769679263821237,0.138674970809171,benjamini_hochberg,within_each_platform_da_table_as_released_by_motrpac_v1.3_dream_acute,provided,not_selected,MoTrPAC_human_precovid_sed_adu,motrpac_human_plasma_endur_post,motrpac_human_precovid_endur_post_3.5_4hr_vs_pre,metab-u-lrppos,
CAR(6:0) [metab-u-rppos] [refmet: CAR(6:0)],CAR(6:0),unclassified_no_refmet_match,0.200793758731724,log2fc,0.0747303636409306,0.139102063014801,benjamini_hochberg,within_each_platform_da_table_as_released_by_motrpac_v1.3_dream_acute,provided,not_selected,MoTrPAC_human_precovid_sed_adu,motrpac_human_plasma_endur_post,motrpac_human_precovid_endur_post_3.5_4hr_vs_pre,metab-u-rppos,
SM(d34:1)_isomer1 [metab-u-lrppos] [refmet: SM(d34:1)_isomer1],SM(d34:1)_isomer1,unclassified_no_refmet_match,0.0569680048305159,log2fc,0.0777971409587988,0.139767356393028,benjamini_hochberg,within_each_platform_da_table_as_released_by_motrpac_v1.3_dream_acute,provided,not_selected,MoTrPAC_human_precovid_sed_adu,motrpac_human_plasma_endur_post,motrpac_human_precovid_endur_post_3.5_4hr_vs_pre,metab-u-lrppos,
TG(52:6)>TG(14:0_16:0_22:6) [metab-u-lrppos] [refmet: TG(52:6)>TG(14:0_16:0_22:6)],TG(52:6)>TG(14:0_16:0_22:6),unclassified_no_refmet_match,-0.407518504480752,log2fc,0.0786100684108593,0.140824322553168,benjamini_hochberg,within_each_platform_da_table_as_released_by_motrpac_v1.3_dream_acute,provided,not_selected,MoTrPAC_human_precovid_sed_adu,motrpac_human_plasma_endur_post,motrpac_human_precovid_endur_post_3.5_4hr_vs_pre,metab-u-lrppos,
CAR(8:1) [metab-u-rppos] [refmet: CAR(8:1)],CAR(8:1),unclassified_no_refmet_match,-0.203548840737461,log2fc,0.0770752877994836,0.142060334375519,benjamini_hochberg,within_each_platform_da_table_as_released_by_motrpac_v1.3_dream_acute,provided,not_selected,MoTrPAC_human_precovid_sed_adu,motrpac_human_plasma_endur_post,motrpac_human_precovid_endur_post_3.5_4hr_vs_pre,metab-u-rppos,
TG(54:6)>TG(16:0_16:0_22:6) [metab-u-lrppos] [refmet: TG(54:6)>TG(16:0_16:0_22:6)],TG(54:6)>TG(16:0_16:0_22:6),unclassified_no_refmet_match,-0.300881370858345,log2fc,0.0804473087067082,0.142487182370356,benjamini_hochberg,within_each_platform_da_table_as_released_by_motrpac_v1.3_dream_acute,provided,not_selected,MoTrPAC_human_precovid_sed_adu,motrpac_human_plasma_endur_post,motrpac_human_precovid_endur_post_3.5_4hr_vs_pre,metab-u-lrppos,
TG(52:1)_isomer1 [metab-u-lrppos] [refmet: TG(52:1)_isomer1],TG(52:1)_isomer1,unclassified_no_refmet_match,-0.26066163424974,log2fc,0.0800100402548621,0.142487182370356,benjamini_hochberg,within_each_platform_da_table_as_released_by_motrpac_v1.3_dream_acute,provided,not_selected,MoTrPAC_human_precovid_sed_adu,motrpac_human_plasma_endur_post,motrpac_human_precovid_endur_post_3.5_4hr_vs_pre,metab-u-lrppos,
TG(55:7)_isomer1 [metab-u-lrppos] [refmet: TG(55:7)_isomer1],TG(55:7)_isomer1,unclassified_no_refmet_match,-0.0979660607667974,log2fc,0.0803637722027251,0.142487182370356,benjamini_hochberg,within_each_platform_da_table_as_released_by_motrpac_v1.3_dream_acute,provided,not_selected,MoTrPAC_human_precovid_sed_adu,motrpac_human_plasma_endur_post,motrpac_human_precovid_endur_post_3.5_4hr_vs_pre,metab-u-lrppos,
PC(38:2)_isomer3 [metab-u-lrppos] [refmet: PC(38:2)_isomer3],PC(38:2)_isomer3,unclassified_no_refmet_match,-0.0590920146952989,log2fc,0.0802104007292884,0.142487182370356,benjamini_hochberg,within_each_platform_da_table_as_released_by_motrpac_v1.3_dream_acute,provided,not_selected,MoTrPAC_human_precovid_sed_adu,motrpac_human_plasma_endur_post,motrpac_human_precovid_endur_post_3.5_4hr_vs_pre,metab-u-lrppos,
Pterin [metab-u-hilicpos] [refmet: Pterin],Pterin,Organoheterocyclic compounds,0.131246021860903,log2fc,0.0877130522674737,0.143467909589428,benjamini_hochberg,within_each_platform_da_table_as_released_by_motrpac_v1.3_dream_acute,provided,not_selected,MoTrPAC_human_precovid_sed_adu,motrpac_human_plasma_endur_post,motrpac_human_precovid_endur_post_3.5_4hr_vs_pre,metab-u-hilicpos,
3-Dehydroxycarnitine [metab-u-hilicpos] [refmet: 3-Dehydroxycarnitine],3-Dehydroxycarnitine,Fatty Acyls,-0.0344518730380301,log2fc,0.0877203790061072,0.143467909589428,benjamini_hochberg,within_each_platform_da_table_as_released_by_motrpac_v1.3_dream_acute,provided,not_selected,MoTrPAC_human_precovid_sed_adu,motrpac_human_plasma_endur_post,motrpac_human_precovid_endur_post_3.5_4hr_vs_pre,metab-u-hilicpos,
Glutamine [metab-u-rppos] [refmet: Glutamine],Glutamine,Organic acids,0.117340807348899,log2fc,0.0787105063628863,0.143665778604103,benjamini_hochberg,within_each_platform_da_table_as_released_by_motrpac_v1.3_dream_acute,provided,not_selected,MoTrPAC_human_precovid_sed_adu,motrpac_human_plasma_endur_post,motrpac_human_precovid_endur_post_3.5_4hr_vs_pre,metab-u-rppos,
Cer(d42:1) [metab-u-lrppos] [refmet: Cer(d42:1)],Cer(d42:1),unclassified_no_refmet_match,0.0832782445296729,log2fc,0.0818544372474247,0.144571076490522,benjamini_hochberg,within_each_platform_da_table_as_released_by_motrpac_v1.3_dream_acute,provided,not_selected,MoTrPAC_human_precovid_sed_adu,motrpac_human_plasma_endur_post,motrpac_human_precovid_endur_post_3.5_4hr_vs_pre,metab-u-lrppos,
PC(O-38:5)>PC(O-18:1/20:4) [metab-u-lrpneg] [refmet: PC(O-38:5)>PC(O-18:1/20:4)],PC(O-38:5)>PC(O-18:1/20:4),unclassified_no_refmet_match,-0.0986896413687255,log2fc,0.0470271968176063,0.144822390199674,benjamini_hochberg,within_each_platform_da_table_as_released_by_motrpac_v1.3_dream_acute,provided,not_selected,MoTrPAC_human_precovid_sed_adu,motrpac_human_plasma_endur_post,motrpac_human_precovid_endur_post_3.5_4hr_vs_pre,metab-u-lrpneg,
PC(O-35:3)_isomer3 [metab-u-lrppos] [refmet: PC(O-35:3)_isomer3],PC(O-35:3)_isomer3,unclassified_no_refmet_match,-0.158362397318395,log2fc,0.0823521711531016,0.145041604811783,benjamini_hochberg,within_each_platform_da_table_as_released_by_motrpac_v1.3_dream_acute,provided,not_selected,MoTrPAC_human_precovid_sed_adu,motrpac_human_plasma_endur_post,motrpac_human_precovid_endur_post_3.5_4hr_vs_pre,metab-u-lrppos,
PC(34:3)_isomer3 [metab-u-lrppos] [refmet: PC(34:3)_isomer3],PC(34:3)_isomer3,unclassified_no_refmet_match,0.171710633979735,log2fc,0.0830400869103799,0.145843513985457,benjamini_hochberg,within_each_platform_da_table_as_released_by_motrpac_v1.3_dream_acute,provided,not_selected,MoTrPAC_human_precovid_sed_adu,motrpac_human_plasma_endur_post,motrpac_human_precovid_endur_post_3.5_4hr_vs_pre,metab-u-lrppos,
LPC(15:0) [metab-u-rppos] [refmet: LPC(15:0)],LPC(15:0),unclassified_no_refmet_match,-0.0904864124427043,log2fc,0.0809387965536975,0.146312439923992,benjamini_hochberg,within_each_platform_da_table_as_released_by_motrpac_v1.3_dream_acute,provided,not_selected,MoTrPAC_human_precovid_sed_adu,motrpac_human_plasma_endur_post,motrpac_human_precovid_endur_post_3.5_4hr_vs_pre,metab-u-rppos,
PE(O-40:6) [metab-u-lrppos] [refmet: PE(O-40:6)],PE(O-40:6),unclassified_no_refmet_match,-0.0543407186111899,log2fc,0.08369234643532,0.146578495013815,benjamini_hochberg,within_each_platform_da_table_as_released_by_motrpac_v1.3_dream_acute,provided,not_selected,MoTrPAC_human_precovid_sed_adu,motrpac_human_plasma_endur_post,motrpac_human_precovid_endur_post_3.5_4hr_vs_pre,metab-u-lrppos,
N-Acetylhistidine [metab-u-hilicpos] [refmet: N-Acetylhistidine],N-Acetylhistidine,Organic acids,-0.0556772137990915,log2fc,0.0911744781363684,0.148423569059204,benjamini_hochberg,within_each_platform_da_table_as_released_by_motrpac_v1.3_dream_acute,provided,not_selected,MoTrPAC_human_precovid_sed_adu,motrpac_human_plasma_endur_post,motrpac_human_precovid_endur_post_3.5_4hr_vs_pre,metab-u-hilicpos,
Spermidine [metab-u-rppos] [refmet: Spermidine],Spermidine,Alkaloids,0.212016781184699,log2fc,0.0834352109631474,0.148979304692071,benjamini_hochberg,within_each_platform_da_table_as_released_by_motrpac_v1.3_dream_acute,provided,not_selected,MoTrPAC_human_precovid_sed_adu,motrpac_human_plasma_endur_post,motrpac_human_precovid_endur_post_3.5_4hr_vs_pre,metab-u-rppos,
25-Hydroxycholesterol (-H2O) [metab-u-rppos] [refmet: 25-Hydroxycholesterol (-H2O)],25-Hydroxycholesterol (-H2O),unclassified_no_refmet_match,0.166042656491118,log2fc,0.0839989696668059,0.148979304692071,benjamini_hochberg,within_each_platform_da_table_as_released_by_motrpac_v1.3_dream_acute,provided,not_selected,MoTrPAC_human_precovid_sed_adu,motrpac_human_plasma_endur_post,motrpac_human_precovid_endur_post_3.5_4hr_vs_pre,metab-u-rppos,
PE(40:6)>PE(18:1_22:5) [metab-u-lrpneg] [refmet: PE(40:6)>PE(18:1_22:5)],PE(40:6)>PE(18:1_22:5),unclassified_no_refmet_match,-0.832650013655531,log2fc,0.0494964727980841,0.149811608800891,benjamini_hochberg,within_each_platform_da_table_as_released_by_motrpac_v1.3_dream_acute,provided,not_selected,MoTrPAC_human_precovid_sed_adu,motrpac_human_plasma_endur_post,motrpac_human_precovid_endur_post_3.5_4hr_vs_pre,metab-u-lrpneg,
FA 18:1;O [metab-u-lrpneg] [refmet: FA 18:1;O],FA 18:1;O,Fatty Acyls,-0.321128974784148,log2fc,0.0497529328121041,0.149811608800891,benjamini_hochberg,within_each_platform_da_table_as_released_by_motrpac_v1.3_dream_acute,provided,not_selected,MoTrPAC_human_precovid_sed_adu,motrpac_human_plasma_endur_post,motrpac_human_precovid_endur_post_3.5_4hr_vs_pre,metab-u-lrpneg,
TG(52:5)>TG(16:0_18:2_18:3) [metab-u-lrppos] [refmet: TG(52:5)>TG(16:0_18:2_18:3)],TG(52:5)>TG(16:0_18:2_18:3),unclassified_no_refmet_match,-0.0822056684900865,log2fc,0.0861027840530304,0.150380071312674,benjamini_hochberg,within_each_platform_da_table_as_released_by_motrpac_v1.3_dream_acute,provided,not_selected,MoTrPAC_human_precovid_sed_adu,motrpac_human_plasma_endur_post,motrpac_human_precovid_endur_post_3.5_4hr_vs_pre,metab-u-lrppos,
LPC 20:1 [metab-u-hilicpos] [refmet: LPC 20:1],LPC 20:1,Glycerophospholipids,-0.185440699814551,log2fc,0.0930137541681612,0.150716731291002,benjamini_hochberg,within_each_platform_da_table_as_released_by_motrpac_v1.3_dream_acute,provided,not_selected,MoTrPAC_human_precovid_sed_adu,motrpac_human_plasma_endur_post,motrpac_human_precovid_endur_post_3.5_4hr_vs_pre,metab-u-hilicpos,
PC(O-42:6)_isomer1 [metab-u-lrppos] [refmet: PC(O-42:6)_isomer1],PC(O-42:6)_isomer1,unclassified_no_refmet_match,-0.0708395801449164,log2fc,0.0869071592387737,0.150944013414712,benjamini_hochberg,within_each_platform_da_table_as_released_by_motrpac_v1.3_dream_acute,provided,not_selected,MoTrPAC_human_precovid_sed_adu,motrpac_human_plasma_endur_post,motrpac_human_precovid_endur_post_3.5_4hr_vs_pre,metab-u-lrppos,
PC(O-31:1) [metab-u-lrppos] [refmet: PC(O-31:1)],PC(O-31:1),unclassified_no_refmet_match,0.064126980290176,log2fc,0.08670874215608,0.150944013414712,benjamini_hochberg,within_each_platform_da_table_as_released_by_motrpac_v1.3_dream_acute,provided,not_selected,MoTrPAC_human_precovid_sed_adu,motrpac_human_plasma_endur_post,motrpac_human_precovid_endur_post_3.5_4hr_vs_pre,metab-u-lrppos,
Ketoglutarate [metab-t-tca] [refmet: Ketoglutarate],Ketoglutarate,unclassified_no_refmet_match,0.102535276387886,log2fc,0.0825150704463439,0.151277629151631,benjamini_hochberg,within_each_platform_da_table_as_released_by_motrpac_v1.3_dream_acute,provided,not_selected,MoTrPAC_human_precovid_sed_adu,motrpac_human_plasma_endur_post,motrpac_human_precovid_endur_post_3.5_4hr_vs_pre,metab-t-tca,
PC(P-38:5)>PC(P-18:1/20:4) [metab-u-lrpneg] [refmet: PC(P-38:5)>PC(P-18:1/20:4)],PC(P-38:5)>PC(P-18:1/20:4),unclassified_no_refmet_match,0.162942332434824,log2fc,0.0508233936956491,0.151353183423307,benjamini_hochberg,within_each_platform_da_table_as_released_by_motrpac_v1.3_dream_acute,provided,not_selected,MoTrPAC_human_precovid_sed_adu,motrpac_human_plasma_endur_post,motrpac_human_precovid_endur_post_3.5_4hr_vs_pre,metab-u-lrpneg,
PC(33:0)_isomer1 [metab-u-lrppos] [refmet: PC(33:0)_isomer1],PC(33:0)_isomer1,unclassified_no_refmet_match,0.0454668617405645,log2fc,0.0878662052103256,0.152188151013465,benjamini_hochberg,within_each_platform_da_table_as_released_by_motrpac_v1.3_dream_acute,provided,not_selected,MoTrPAC_human_precovid_sed_adu,motrpac_human_plasma_endur_post,motrpac_human_precovid_endur_post_3.5_4hr_vs_pre,metab-u-lrppos,
PC(38:6)_isomer1 [metab-u-lrppos] [refmet: PC(38:6)_isomer1],PC(38:6)_isomer1,unclassified_no_refmet_match,-0.0705167820457575,log2fc,0.0884349154013012,0.152751217511338,benjamini_hochberg,within_each_platform_da_table_as_released_by_motrpac_v1.3_dream_acute,provided,not_selected,MoTrPAC_human_precovid_sed_adu,motrpac_human_plasma_endur_post,motrpac_human_precovid_endur_post_3.5_4hr_vs_pre,metab-u-lrppos,
"N2,N2-Dimethylguanosine [metab-u-rppos] [refmet: N2,N2-Dimethylguanosine]","N2,N2-Dimethylguanosine",Nucleic acids,-0.123231827678026,log2fc,0.0872065843455802,0.153222783709991,benjamini_hochberg,within_each_platform_da_table_as_released_by_motrpac_v1.3_dream_acute,provided,not_selected,MoTrPAC_human_precovid_sed_adu,motrpac_human_plasma_endur_post,motrpac_human_precovid_endur_post_3.5_4hr_vs_pre,metab-u-rppos,
1-Methylhistamine [metab-u-hilicpos] [refmet: 1-Methylhistamine],1-Methylhistamine,Alkaloids,-0.118222259002016,log2fc,0.0952768288308911,0.153672304565953,benjamini_hochberg,within_each_platform_da_table_as_released_by_motrpac_v1.3_dream_acute,provided,not_selected,MoTrPAC_human_precovid_sed_adu,motrpac_human_plasma_endur_post,motrpac_human_precovid_endur_post_3.5_4hr_vs_pre,metab-u-hilicpos,
Choline phosphate [metab-u-hilicpos] [refmet: Choline phosphate],Choline phosphate,Organic nitrogen compounds,-0.124331021977707,log2fc,0.0963305251401143,0.154659099995596,benjamini_hochberg,within_each_platform_da_table_as_released_by_motrpac_v1.3_dream_acute,provided,not_selected,MoTrPAC_human_precovid_sed_adu,motrpac_human_plasma_endur_post,motrpac_human_precovid_endur_post_3.5_4hr_vs_pre,metab-u-hilicpos,
Creatine [metab-u-ionpneg] [refmet: Creatine],Creatine,Organic acids,-0.220692358334098,log2fc,0.099666772512831,0.155889054443146,benjamini_hochberg,within_each_platform_da_table_as_released_by_motrpac_v1.3_dream_acute,provided,not_selected,MoTrPAC_human_precovid_sed_adu,motrpac_human_plasma_endur_post,motrpac_human_precovid_endur_post_3.5_4hr_vs_pre,metab-u-ionpneg,
PC(42:4) [metab-u-lrppos] [refmet: PC(42:4)],PC(42:4),unclassified_no_refmet_match,0.0798149620171138,log2fc,0.0909343678352674,0.156636946793167,benjamini_hochberg,within_each_platform_da_table_as_released_by_motrpac_v1.3_dream_acute,provided,not_selected,MoTrPAC_human_precovid_sed_adu,motrpac_human_plasma_endur_post,motrpac_human_precovid_endur_post_3.5_4hr_vs_pre,metab-u-lrppos,
GlcCer 18:2;O2/22:0 [metab-u-hilicpos] [refmet: GlcCer 18:2;O2/22:0],GlcCer 18:2;O2/22:0,Sphingolipids,0.109485083754109,log2fc,0.0984931823609643,0.156744535496161,benjamini_hochberg,within_each_platform_da_table_as_released_by_motrpac_v1.3_dream_acute,provided,not_selected,MoTrPAC_human_precovid_sed_adu,motrpac_human_plasma_endur_post,motrpac_human_precovid_endur_post_3.5_4hr_vs_pre,metab-u-hilicpos,
Creatine [metab-u-hilicpos] [refmet: Creatine],Creatine,Organic acids,-0.0689665255907954,log2fc,0.0985251365975867,0.156744535496161,benjamini_hochberg,within_each_platform_da_table_as_released_by_motrpac_v1.3_dream_acute,provided,not_selected,MoTrPAC_human_precovid_sed_adu,motrpac_human_plasma_endur_post,motrpac_human_precovid_endur_post_3.5_4hr_vs_pre,metab-u-hilicpos,
7alpha-Hydroxy-4-cholesten-3-one [metab-u-hilicpos] [refmet: 7alpha-Hydroxy-4-cholesten-3-one],7alpha-Hydroxy-4-cholesten-3-one,Sterol Lipids,0.133271120891271,log2fc,0.0991224876665092,0.156981315308951,benjamini_hochberg,within_each_platform_da_table_as_released_by_motrpac_v1.3_dream_acute,provided,not_selected,MoTrPAC_human_precovid_sed_adu,motrpac_human_plasma_endur_post,motrpac_human_precovid_endur_post_3.5_4hr_vs_pre,metab-u-hilicpos,
GMP [metab-u-ionpneg] [refmet: GMP],GMP,Nucleic acids,0.329228341851309,log2fc,0.103243029668744,0.157445620244834,benjamini_hochberg,within_each_platform_da_table_as_released_by_motrpac_v1.3_dream_acute,provided,not_selected,MoTrPAC_human_precovid_sed_adu,motrpac_human_plasma_endur_post,motrpac_human_precovid_endur_post_3.5_4hr_vs_pre,metab-u-ionpneg,
ST 27:1;O3_isomer1 [metab-u-lrpneg] [refmet: ST 27:1;O3_isomer1],ST 27:1;O3_isomer1,unclassified_no_refmet_match,-0.107458046965217,log2fc,0.0535250320965573,0.157666127153989,benjamini_hochberg,within_each_platform_da_table_as_released_by_motrpac_v1.3_dream_acute,provided,not_selected,MoTrPAC_human_precovid_sed_adu,motrpac_human_plasma_endur_post,motrpac_human_precovid_endur_post_3.5_4hr_vs_pre,metab-u-lrpneg,
sn-Glycero-3-phosphocholine [metab-u-hilicpos] [refmet: sn-Glycero-3-phosphocholine],sn-Glycero-3-phosphocholine,Organic acids,-0.152201135823265,log2fc,0.100599876423944,0.158603408776488,benjamini_hochberg,within_each_platform_da_table_as_released_by_motrpac_v1.3_dream_acute,provided,not_selected,MoTrPAC_human_precovid_sed_adu,motrpac_human_plasma_endur_post,motrpac_human_precovid_endur_post_3.5_4hr_vs_pre,metab-u-hilicpos,
Arginine [metab-t-amines] [refmet: Arginine],Arginine,Organic acids,-0.0491974056779716,log2fc,0.137771532292695,0.159298334213429,benjamini_hochberg,within_each_platform_da_table_as_released_by_motrpac_v1.3_dream_acute,provided,not_selected,MoTrPAC_human_precovid_sed_adu,motrpac_human_plasma_endur_post,motrpac_human_precovid_endur_post_3.5_4hr_vs_pre,metab-t-amines,
alpha-Aminoadipic-acid [metab-t-amines] [refmet: alpha-Aminoadipic-acid],alpha-Aminoadipic-acid,unclassified_no_refmet_match,0.0264212700963457,log2fc,0.135348716798471,0.159298334213429,benjamini_hochberg,within_each_platform_da_table_as_released_by_motrpac_v1.3_dream_acute,provided,not_selected,MoTrPAC_human_precovid_sed_adu,motrpac_human_plasma_endur_post,motrpac_human_precovid_endur_post_3.5_4hr_vs_pre,metab-t-amines,
TG(60:10)_isomer2 [metab-u-lrppos] [refmet: TG(60:10)_isomer2],TG(60:10)_isomer2,unclassified_no_refmet_match,0.196828664168088,log2fc,0.0936956441050657,0.160951147544866,benjamini_hochberg,within_each_platform_da_table_as_released_by_motrpac_v1.3_dream_acute,provided,not_selected,MoTrPAC_human_precovid_sed_adu,motrpac_human_plasma_endur_post,motrpac_human_precovid_endur_post_3.5_4hr_vs_pre,metab-u-lrppos,
PC(36:3) [metab-u-rppos] [refmet: PC(36:3)],PC(36:3),unclassified_no_refmet_match,0.2188434685301,log2fc,0.0933375143232044,0.162476413821874,benjamini_hochberg,within_each_platform_da_table_as_released_by_motrpac_v1.3_dream_acute,provided,not_selected,MoTrPAC_human_precovid_sed_adu,motrpac_human_plasma_endur_post,motrpac_human_precovid_endur_post_3.5_4hr_vs_pre,metab-u-rppos,
PC(38:7)_isomer1 [metab-u-lrppos] [refmet: PC(38:7)_isomer1],PC(38:7)_isomer1,unclassified_no_refmet_match,0.0997420803379896,log2fc,0.0951017590843256,0.162920226628066,benjamini_hochberg,within_each_platform_da_table_as_released_by_motrpac_v1.3_dream_acute,provided,not_selected,MoTrPAC_human_precovid_sed_adu,motrpac_human_plasma_endur_post,motrpac_human_precovid_endur_post_3.5_4hr_vs_pre,metab-u-lrppos,
SM(d37:1)_isomer2 [metab-u-lrpneg] [refmet: SM(d37:1)_isomer2],SM(d37:1)_isomer2,unclassified_no_refmet_match,0.380437037671506,log2fc,0.0576365197699337,0.163949858738402,benjamini_hochberg,within_each_platform_da_table_as_released_by_motrpac_v1.3_dream_acute,provided,not_selected,MoTrPAC_human_precovid_sed_adu,motrpac_human_plasma_endur_post,motrpac_human_precovid_endur_post_3.5_4hr_vs_pre,metab-u-lrpneg,
FA 11:2;O2 [metab-u-lrpneg] [refmet: FA 11:2;O2],FA 11:2;O2,Fatty Acyls,0.224708514753942,log2fc,0.0586614958478641,0.163949858738402,benjamini_hochberg,within_each_platform_da_table_as_released_by_motrpac_v1.3_dream_acute,provided,not_selected,MoTrPAC_human_precovid_sed_adu,motrpac_human_plasma_endur_post,motrpac_human_precovid_endur_post_3.5_4hr_vs_pre,metab-u-lrpneg,
ST 24:2;O4 [metab-u-lrpneg] [refmet: ST 24:2;O4],ST 24:2;O4,Sterol Lipids,-0.106765343734139,log2fc,0.0579599807750245,0.163949858738402,benjamini_hochberg,within_each_platform_da_table_as_released_by_motrpac_v1.3_dream_acute,provided,not_selected,MoTrPAC_human_precovid_sed_adu,motrpac_human_plasma_endur_post,motrpac_human_precovid_endur_post_3.5_4hr_vs_pre,metab-u-lrpneg,
FA 21:3_isomer1 [metab-u-lrpneg] [refmet: FA 21:3_isomer1],FA 21:3_isomer1,unclassified_no_refmet_match,-0.0721583446697096,log2fc,0.058683159769834,0.163949858738402,benjamini_hochberg,within_each_platform_da_table_as_released_by_motrpac_v1.3_dream_acute,provided,not_selected,MoTrPAC_human_precovid_sed_adu,motrpac_human_plasma_endur_post,motrpac_human_precovid_endur_post_3.5_4hr_vs_pre,metab-u-lrpneg,
PC(38:4)>PC(18:0_20:4) [metab-u-lrpneg] [refmet: PC(38:4)>PC(18:0_20:4)],PC(38:4)>PC(18:0_20:4),unclassified_no_refmet_match,0.0422589900934049,log2fc,0.0586707060907863,0.163949858738402,benjamini_hochberg,within_each_platform_da_table_as_released_by_motrpac_v1.3_dream_acute,provided,not_selected,MoTrPAC_human_precovid_sed_adu,motrpac_human_plasma_endur_post,motrpac_human_precovid_endur_post_3.5_4hr_vs_pre,metab-u-lrpneg,
Histidine [metab-u-ionpneg] [refmet: Histidine],Histidine,Organic acids,-0.050522300714924,log2fc,0.11108277748113,0.165269498203633,benjamini_hochberg,within_each_platform_da_table_as_released_by_motrpac_v1.3_dream_acute,provided,not_selected,MoTrPAC_human_precovid_sed_adu,motrpac_human_plasma_endur_post,motrpac_human_precovid_endur_post_3.5_4hr_vs_pre,metab-u-ionpneg,
Lys-Gly [metab-u-hilicpos] [refmet: Lys-Gly],Lys-Gly,Organic acids,0.0704610244568258,log2fc,0.105577810437773,0.165705083646729,benjamini_hochberg,within_each_platform_da_table_as_released_by_motrpac_v1.3_dream_acute,provided,not_selected,MoTrPAC_human_precovid_sed_adu,motrpac_human_plasma_endur_post,motrpac_human_precovid_endur_post_3.5_4hr_vs_pre,metab-u-hilicpos,
PC(42:7)_isomer3 [metab-u-lrppos] [refmet: PC(42:7)_isomer3],PC(42:7)_isomer3,unclassified_no_refmet_match,0.0642963334758271,log2fc,0.0979219011294383,0.167294365144844,benjamini_hochberg,within_each_platform_da_table_as_released_by_motrpac_v1.3_dream_acute,provided,not_selected,MoTrPAC_human_precovid_sed_adu,motrpac_human_plasma_endur_post,motrpac_human_precovid_endur_post_3.5_4hr_vs_pre,metab-u-lrppos,
PC P-38:6 or PC O-38:7 [metab-u-hilicpos] [refmet: PC P-38:6 or PC O-38:7],PC P-38:6 or PC O-38:7,Glycerophospholipids,0.0273293346788108,log2fc,0.107342634579225,0.167722866530039,benjamini_hochberg,within_each_platform_da_table_as_released_by_motrpac_v1.3_dream_acute,provided,not_selected,MoTrPAC_human_precovid_sed_adu,motrpac_human_plasma_endur_post,motrpac_human_precovid_endur_post_3.5_4hr_vs_pre,metab-u-hilicpos,
L-Urobilin [metab-u-rppos] [refmet: L-Urobilin],L-Urobilin,Organoheterocyclic compounds,0.284651696377296,log2fc,0.0985494254708011,0.169975155857896,benjamini_hochberg,within_each_platform_da_table_as_released_by_motrpac_v1.3_dream_acute,provided,not_selected,MoTrPAC_human_precovid_sed_adu,motrpac_human_plasma_endur_post,motrpac_human_precovid_endur_post_3.5_4hr_vs_pre,metab-u-rppos,
Leucine [metab-u-ionpneg] [refmet: Leucine],Leucine,Organic acids,0.0618848505998209,log2fc,0.117653431927632,0.170877603513942,benjamini_hochberg,within_each_platform_da_table_as_released_by_motrpac_v1.3_dream_acute,provided,not_selected,MoTrPAC_human_precovid_sed_adu,motrpac_human_plasma_endur_post,motrpac_human_precovid_endur_post_3.5_4hr_vs_pre,metab-u-ionpneg,
LPC(16:0)>LPC(16:0/0:0) [metab-u-lrppos] [refmet: LPC(16:0)>LPC(16:0/0:0)],LPC(16:0)>LPC(16:0/0:0),unclassified_no_refmet_match,-0.0616746152203831,log2fc,0.10046827173347,0.17117827819806,benjamini_hochberg,within_each_platform_da_table_as_released_by_motrpac_v1.3_dream_acute,provided,not_selected,MoTrPAC_human_precovid_sed_adu,motrpac_human_plasma_endur_post,motrpac_human_precovid_endur_post_3.5_4hr_vs_pre,metab-u-lrppos,
Sphingosine 1-phosphate [metab-u-rpneg] [refmet: Sphingosine 1-phosphate],Sphingosine 1-phosphate,Sphingolipids,-0.141239173943184,log2fc,0.119113988497048,0.17120665153353,benjamini_hochberg,within_each_platform_da_table_as_released_by_motrpac_v1.3_dream_acute,provided,not_selected,MoTrPAC_human_precovid_sed_adu,motrpac_human_plasma_endur_post,motrpac_human_precovid_endur_post_3.5_4hr_vs_pre,metab-u-rpneg,
Indoleacrylic acid [metab-u-rpneg] [refmet: Indoleacrylic acid],Indoleacrylic acid,Alkaloids,-0.107934964164688,log2fc,0.119173257440006,0.17120665153353,benjamini_hochberg,within_each_platform_da_table_as_released_by_motrpac_v1.3_dream_acute,provided,not_selected,MoTrPAC_human_precovid_sed_adu,motrpac_human_plasma_endur_post,motrpac_human_precovid_endur_post_3.5_4hr_vs_pre,metab-u-rpneg,
FA 26:5;O2_isomer1 [metab-u-lrpneg] [refmet: FA 26:5;O2_isomer1],FA 26:5;O2_isomer1,unclassified_no_refmet_match,0.132612544575018,log2fc,0.0621355957137104,0.171823943249138,benjamini_hochberg,within_each_platform_da_table_as_released_by_motrpac_v1.3_dream_acute,provided,not_selected,MoTrPAC_human_precovid_sed_adu,motrpac_human_plasma_endur_post,motrpac_human_precovid_endur_post_3.5_4hr_vs_pre,metab-u-lrpneg,
PE(O-38:3) [metab-u-lrppos] [refmet: PE(O-38:3)],PE(O-38:3),unclassified_no_refmet_match,0.119332161991544,log2fc,0.101209679550046,0.171974170942761,benjamini_hochberg,within_each_platform_da_table_as_released_by_motrpac_v1.3_dream_acute,provided,not_selected,MoTrPAC_human_precovid_sed_adu,motrpac_human_plasma_endur_post,motrpac_human_precovid_endur_post_3.5_4hr_vs_pre,metab-u-lrppos,
FA 22:5;O4 [metab-u-lrpneg] [refmet: FA 22:5;O4],FA 22:5;O4,Fatty Acyls,-0.915989815333626,log2fc,0.0643307646095333,0.173505750338676,benjamini_hochberg,within_each_platform_da_table_as_released_by_motrpac_v1.3_dream_acute,provided,not_selected,MoTrPAC_human_precovid_sed_adu,motrpac_human_plasma_endur_post,motrpac_human_precovid_endur_post_3.5_4hr_vs_pre,metab-u-lrpneg,
PS(38:4)>PS(18:0_20:4)_isomer2 [metab-u-lrpneg] [refmet: PS(38:4)>PS(18:0_20:4)_isomer2],PS(38:4)>PS(18:0_20:4)_isomer2,unclassified_no_refmet_match,-0.42878601243514,log2fc,0.0642526636619021,0.173505750338676,benjamini_hochberg,within_each_platform_da_table_as_released_by_motrpac_v1.3_dream_acute,provided,not_selected,MoTrPAC_human_precovid_sed_adu,motrpac_human_plasma_endur_post,motrpac_human_precovid_endur_post_3.5_4hr_vs_pre,metab-u-lrpneg,
PC(36:3)>PC(16:0_20:3)_and_PC(36:3)>PC(18:1_18:2)_isomer1 [metab-u-lrpneg] [refmet: PC(36:3)>PC(16:0_20:3)_and_PC(36:3)>PC(18:1_18:2)_isomer1],PC(36:3)>PC(16:0_20:3)_and_PC(36:3)>PC(18:1_18:2)_isomer1,unclassified_no_refmet_match,0.0422945251677014,log2fc,0.0646645047387684,0.173505750338676,benjamini_hochberg,within_each_platform_da_table_as_released_by_motrpac_v1.3_dream_acute,provided,not_selected,MoTrPAC_human_precovid_sed_adu,motrpac_human_plasma_endur_post,motrpac_human_precovid_endur_post_3.5_4hr_vs_pre,metab-u-lrpneg,
TG(52:4)>TG(16:0_18:2_18:2) [metab-u-lrppos] [refmet: TG(52:4)>TG(16:0_18:2_18:2)],TG(52:4)>TG(16:0_18:2_18:2),unclassified_no_refmet_match,0.069033550741878,log2fc,0.102655892445784,0.17396012044191,benjamini_hochberg,within_each_platform_da_table_as_released_by_motrpac_v1.3_dream_acute,provided,not_selected,MoTrPAC_human_precovid_sed_adu,motrpac_human_plasma_endur_post,motrpac_human_precovid_endur_post_3.5_4hr_vs_pre,metab-u-lrppos,
PC(40:3) [metab-u-lrppos] [refmet: PC(40:3)],PC(40:3),unclassified_no_refmet_match,0.0703207839628632,log2fc,0.104537273985152,0.176670810751187,benjamini_hochberg,within_each_platform_da_table_as_released_by_motrpac_v1.3_dream_acute,provided,not_selected,MoTrPAC_human_precovid_sed_adu,motrpac_human_plasma_endur_post,motrpac_human_precovid_endur_post_3.5_4hr_vs_pre,metab-u-lrppos,
Myristoleic acid [metab-u-hilicpos] [refmet: Myristoleic acid],Myristoleic acid,Fatty Acyls,0.145158145877275,log2fc,0.114202625666647,0.17686247337755,benjamini_hochberg,within_each_platform_da_table_as_released_by_motrpac_v1.3_dream_acute,provided,not_selected,MoTrPAC_human_precovid_sed_adu,motrpac_human_plasma_endur_post,motrpac_human_precovid_endur_post_3.5_4hr_vs_pre,metab-u-hilicpos,
LPC P-18:0 or LPC O-18:1_hp_a [metab-u-hilicpos] [refmet: LPC P-18:0 or LPC O-18:1_hp_a],LPC P-18:0 or LPC O-18:1_hp_a,unclassified_no_refmet_match,0.0473871811021169,log2fc,0.113871809897015,0.17686247337755,benjamini_hochberg,within_each_platform_da_table_as_released_by_motrpac_v1.3_dream_acute,provided,not_selected,MoTrPAC_human_precovid_sed_adu,motrpac_human_plasma_endur_post,motrpac_human_precovid_endur_post_3.5_4hr_vs_pre,metab-u-hilicpos,
Lysine [metab-t-amines] [refmet: Lysine],Lysine,Organic acids,-0.0277131461697921,log2fc,0.15818647425569,0.177360592347289,benjamini_hochberg,within_each_platform_da_table_as_released_by_motrpac_v1.3_dream_acute,provided,not_selected,MoTrPAC_human_precovid_sed_adu,motrpac_human_plasma_endur_post,motrpac_human_precovid_endur_post_3.5_4hr_vs_pre,metab-t-amines,
PC(40:5)>PC(18:0_22:5) _isomer2 [metab-u-lrpneg] [refmet: PC(40:5)>PC(18:0_22:5) _isomer2],PC(40:5)>PC(18:0_22:5) _isomer2,unclassified_no_refmet_match,0.134991071070459,log2fc,0.0671939250344027,0.178525036120815,benjamini_hochberg,within_each_platform_da_table_as_released_by_motrpac_v1.3_dream_acute,provided,not_selected,MoTrPAC_human_precovid_sed_adu,motrpac_human_plasma_endur_post,motrpac_human_precovid_endur_post_3.5_4hr_vs_pre,metab-u-lrpneg,
DG 34:1 [metab-u-hilicpos] [refmet: DG 34:1],DG 34:1,Glycerolipids,0.153743529473882,log2fc,0.116847254613488,0.180160965263088,benjamini_hochberg,within_each_platform_da_table_as_released_by_motrpac_v1.3_dream_acute,provided,not_selected,MoTrPAC_human_precovid_sed_adu,motrpac_human_plasma_endur_post,motrpac_human_precovid_endur_post_3.5_4hr_vs_pre,metab-u-hilicpos,
TG(58:10)>TG(16:0_20:4_22:6) [metab-u-lrppos] [refmet: TG(58:10)>TG(16:0_20:4_22:6)],TG(58:10)>TG(16:0_20:4_22:6),unclassified_no_refmet_match,0.105134358816795,log2fc,0.107636393578592,0.181112096596033,benjamini_hochberg,within_each_platform_da_table_as_released_by_motrpac_v1.3_dream_acute,provided,not_selected,MoTrPAC_human_precovid_sed_adu,motrpac_human_plasma_endur_post,motrpac_human_precovid_endur_post_3.5_4hr_vs_pre,metab-u-lrppos,
TG(51:2)_isomer1 [metab-u-lrppos] [refmet: TG(51:2)_isomer1],TG(51:2)_isomer1,unclassified_no_refmet_match,-0.0778869888938196,log2fc,0.107742921898438,0.181112096596033,benjamini_hochberg,within_each_platform_da_table_as_released_by_motrpac_v1.3_dream_acute,provided,not_selected,MoTrPAC_human_precovid_sed_adu,motrpac_human_plasma_endur_post,motrpac_human_precovid_endur_post_3.5_4hr_vs_pre,metab-u-lrppos,
Betaine [metab-u-hilicpos] [refmet: Betaine],Betaine,Organic acids,-0.0231935384047084,log2fc,0.118068199486534,0.181245043071433,benjamini_hochberg,within_each_platform_da_table_as_released_by_motrpac_v1.3_dream_acute,provided,not_selected,MoTrPAC_human_precovid_sed_adu,motrpac_human_plasma_endur_post,motrpac_human_precovid_endur_post_3.5_4hr_vs_pre,metab-u-hilicpos,
PC(36:2)>PC(18:1/18:1) _isomer2 [metab-u-lrpneg] [refmet: PC(36:2)>PC(18:1/18:1) _isomer2],PC(36:2)>PC(18:1/18:1) _isomer2,unclassified_no_refmet_match,-0.0511262122755021,log2fc,0.0692287371453744,0.182145512295111,benjamini_hochberg,within_each_platform_da_table_as_released_by_motrpac_v1.3_dream_acute,provided,not_selected,MoTrPAC_human_precovid_sed_adu,motrpac_human_plasma_endur_post,motrpac_human_precovid_endur_post_3.5_4hr_vs_pre,metab-u-lrpneg,
TG(55:4)_isomer2 [metab-u-lrppos] [refmet: TG(55:4)_isomer2],TG(55:4)_isomer2,unclassified_no_refmet_match,-0.115584049504818,log2fc,0.110106415627004,0.184590167374684,benjamini_hochberg,within_each_platform_da_table_as_released_by_motrpac_v1.3_dream_acute,provided,not_selected,MoTrPAC_human_precovid_sed_adu,motrpac_human_plasma_endur_post,motrpac_human_precovid_endur_post_3.5_4hr_vs_pre,metab-u-lrppos,
Proline betaine [metab-u-hilicpos] [refmet: Proline betaine],Proline betaine,Organic acids,-0.136466802377218,log2fc,0.121280075809141,0.185362561280346,benjamini_hochberg,within_each_platform_da_table_as_released_by_motrpac_v1.3_dream_acute,provided,not_selected,MoTrPAC_human_precovid_sed_adu,motrpac_human_plasma_endur_post,motrpac_human_precovid_endur_post_3.5_4hr_vs_pre,metab-u-hilicpos,
FA 20:3;O2 [metab-u-lrpneg] [refmet: FA 20:3;O2],FA 20:3;O2,Fatty Acyls,-0.165965094770598,log2fc,0.0733874733748021,0.189409574138775,benjamini_hochberg,within_each_platform_da_table_as_released_by_motrpac_v1.3_dream_acute,provided,not_selected,MoTrPAC_human_precovid_sed_adu,motrpac_human_plasma_endur_post,motrpac_human_precovid_endur_post_3.5_4hr_vs_pre,metab-u-lrpneg,
FA 26:5;O2_isomer2 [metab-u-lrpneg] [refmet: FA 26:5;O2_isomer2],FA 26:5;O2_isomer2,unclassified_no_refmet_match,-0.117767284384804,log2fc,0.0729892286759141,0.189409574138775,benjamini_hochberg,within_each_platform_da_table_as_released_by_motrpac_v1.3_dream_acute,provided,not_selected,MoTrPAC_human_precovid_sed_adu,motrpac_human_plasma_endur_post,motrpac_human_precovid_endur_post_3.5_4hr_vs_pre,metab-u-lrpneg,
PC(42:7)_isomer1 [metab-u-lrppos] [refmet: PC(42:7)_isomer1],PC(42:7)_isomer1,unclassified_no_refmet_match,0.0778376629829509,log2fc,0.114714898199904,0.191402759760474,benjamini_hochberg,within_each_platform_da_table_as_released_by_motrpac_v1.3_dream_acute,provided,not_selected,MoTrPAC_human_precovid_sed_adu,motrpac_human_plasma_endur_post,motrpac_human_precovid_endur_post_3.5_4hr_vs_pre,metab-u-lrppos,
PC(O-38:4)_isomer3 [metab-u-lrppos] [refmet: PC(O-38:4)_isomer3],PC(O-38:4)_isomer3,unclassified_no_refmet_match,0.0511524424068064,log2fc,0.115391137463253,0.191402759760474,benjamini_hochberg,within_each_platform_da_table_as_released_by_motrpac_v1.3_dream_acute,provided,not_selected,MoTrPAC_human_precovid_sed_adu,motrpac_human_plasma_endur_post,motrpac_human_precovid_endur_post_3.5_4hr_vs_pre,metab-u-lrppos,
Car(24:0) [metab-u-lrppos] [refmet: Car(24:0)],Car(24:0),unclassified_no_refmet_match,-0.0468004618895037,log2fc,0.115274616147892,0.191402759760474,benjamini_hochberg,within_each_platform_da_table_as_released_by_motrpac_v1.3_dream_acute,provided,not_selected,MoTrPAC_human_precovid_sed_adu,motrpac_human_plasma_endur_post,motrpac_human_precovid_endur_post_3.5_4hr_vs_pre,metab-u-lrppos,
SM(d30:1) [metab-u-lrppos] [refmet: SM(d30:1)],SM(d30:1),unclassified_no_refmet_match,-0.0316960697575048,log2fc,0.115175893801341,0.191402759760474,benjamini_hochberg,within_each_platform_da_table_as_released_by_motrpac_v1.3_dream_acute,provided,not_selected,MoTrPAC_human_precovid_sed_adu,motrpac_human_plasma_endur_post,motrpac_human_precovid_endur_post_3.5_4hr_vs_pre,metab-u-lrppos,
Hex3Cer(d34:1)>Hex3Cer(d18:1/16:0) [metab-u-lrppos] [refmet: Hex3Cer(d34:1)>Hex3Cer(d18:1/16:0)],Hex3Cer(d34:1)>Hex3Cer(d18:1/16:0),unclassified_no_refmet_match,0.0363882596573681,log2fc,0.116823670720189,0.193267655782476,benjamini_hochberg,within_each_platform_da_table_as_released_by_motrpac_v1.3_dream_acute,provided,not_selected,MoTrPAC_human_precovid_sed_adu,motrpac_human_plasma_endur_post,motrpac_human_precovid_endur_post_3.5_4hr_vs_pre,metab-u-lrppos,
PC(31:1) [metab-u-lrppos] [refmet: PC(31:1)],PC(31:1),unclassified_no_refmet_match,0.0584486001949251,log2fc,0.118200136619678,0.195030225422468,benjamini_hochberg,within_each_platform_da_table_as_released_by_motrpac_v1.3_dream_acute,provided,not_selected,MoTrPAC_human_precovid_sed_adu,motrpac_human_plasma_endur_post,motrpac_human_precovid_endur_post_3.5_4hr_vs_pre,metab-u-lrppos,
Imidazolepropionic acid [metab-u-hilicpos] [refmet: Imidazolepropionic acid],Imidazolepropionic acid,Alkaloids,-0.111573260034067,log2fc,0.128222981916533,0.19512192900342,benjamini_hochberg,within_each_platform_da_table_as_released_by_motrpac_v1.3_dream_acute,provided,not_selected,MoTrPAC_human_precovid_sed_adu,motrpac_human_plasma_endur_post,motrpac_human_precovid_endur_post_3.5_4hr_vs_pre,metab-u-hilicpos,
Asparagine [metab-u-hilicpos] [refmet: Asparagine],Asparagine,Organic acids,-0.0285162945954589,log2fc,0.129012850449651,0.195474015832805,benjamini_hochberg,within_each_platform_da_table_as_released_by_motrpac_v1.3_dream_acute,provided,not_selected,MoTrPAC_human_precovid_sed_adu,motrpac_human_plasma_endur_post,motrpac_human_precovid_endur_post_3.5_4hr_vs_pre,metab-u-hilicpos,
PC(O-34:1)_isomer2 [metab-u-lrppos] [refmet: PC(O-34:1)_isomer2],PC(O-34:1)_isomer2,unclassified_no_refmet_match,0.0949748047912209,log2fc,0.118847920833526,0.195584373655173,benjamini_hochberg,within_each_platform_da_table_as_released_by_motrpac_v1.3_dream_acute,provided,not_selected,MoTrPAC_human_precovid_sed_adu,motrpac_human_plasma_endur_post,motrpac_human_precovid_endur_post_3.5_4hr_vs_pre,metab-u-lrppos,
SM(d34:1)_isomer2 [metab-u-lrppos] [refmet: SM(d34:1)_isomer2],SM(d34:1)_isomer2,unclassified_no_refmet_match,0.0676036022955664,log2fc,0.120175618658956,0.197251604448077,benjamini_hochberg,within_each_platform_da_table_as_released_by_motrpac_v1.3_dream_acute,provided,not_selected,MoTrPAC_human_precovid_sed_adu,motrpac_human_plasma_endur_post,motrpac_human_precovid_endur_post_3.5_4hr_vs_pre,metab-u-lrppos,
3-Methylxanthine [metab-u-rpneg] [refmet: 3-Methylxanthine],3-Methylxanthine,Nucleic acids,-0.198411521792629,log2fc,0.141286996230552,0.200156577993283,benjamini_hochberg,within_each_platform_da_table_as_released_by_motrpac_v1.3_dream_acute,provided,not_selected,MoTrPAC_human_precovid_sed_adu,motrpac_human_plasma_endur_post,motrpac_human_precovid_endur_post_3.5_4hr_vs_pre,metab-u-rpneg,
GlcCer 18:2;O2/23:0 [metab-u-hilicpos] [refmet: GlcCer 18:2;O2/23:0],GlcCer 18:2;O2/23:0,Sphingolipids,0.103229967749261,log2fc,0.132895451877366,0.200488828263268,benjamini_hochberg,within_each_platform_da_table_as_released_by_motrpac_v1.3_dream_acute,provided,not_selected,MoTrPAC_human_precovid_sed_adu,motrpac_human_plasma_endur_post,motrpac_human_precovid_endur_post_3.5_4hr_vs_pre,metab-u-hilicpos,
LPC 18:0 [metab-u-hilicpos] [refmet: LPC 18:0],LPC 18:0,Glycerophospholipids,-0.0353160385527822,log2fc,0.134090558802857,0.201423586184549,benjamini_hochberg,within_each_platform_da_table_as_released_by_motrpac_v1.3_dream_acute,provided,not_selected,MoTrPAC_human_precovid_sed_adu,motrpac_human_plasma_endur_post,motrpac_human_precovid_endur_post_3.5_4hr_vs_pre,metab-u-hilicpos,
PE(38:3)>PE(18:0_20:3) [metab-u-lrpneg] [refmet: PE(38:3)>PE(18:0_20:3)],PE(38:3)>PE(18:0_20:3),unclassified_no_refmet_match,-0.329506501022038,log2fc,0.0795681543730189,0.203424243727247,benjamini_hochberg,within_each_platform_da_table_as_released_by_motrpac_v1.3_dream_acute,provided,not_selected,MoTrPAC_human_precovid_sed_adu,motrpac_human_plasma_endur_post,motrpac_human_precovid_endur_post_3.5_4hr_vs_pre,metab-u-lrpneg,
FA 18:0;O_isomer1 [metab-u-lrpneg] [refmet: FA 18:0;O_isomer1],FA 18:0;O_isomer1,unclassified_no_refmet_match,-0.189723471573863,log2fc,0.0809939993170301,0.205134334718833,benjamini_hochberg,within_each_platform_da_table_as_released_by_motrpac_v1.3_dream_acute,provided,not_selected,MoTrPAC_human_precovid_sed_adu,motrpac_human_plasma_endur_post,motrpac_human_precovid_endur_post_3.5_4hr_vs_pre,metab-u-lrpneg,
LPC(16:1)_rp_a [metab-u-rppos] [refmet: LPC(16:1)_rp_a],LPC(16:1)_rp_a,unclassified_no_refmet_match,-0.138952076038187,log2fc,0.121523151322862,0.207694113169982,benjamini_hochberg,within_each_platform_da_table_as_released_by_motrpac_v1.3_dream_acute,provided,not_selected,MoTrPAC_human_precovid_sed_adu,motrpac_human_plasma_endur_post,motrpac_human_precovid_endur_post_3.5_4hr_vs_pre,metab-u-rppos,
DG(32:0) [metab-u-rppos] [refmet: DG(32:0)],DG(32:0),unclassified_no_refmet_match,0.261241063825228,log2fc,0.12325071226459,0.208748954105792,benjamini_hochberg,within_each_platform_da_table_as_released_by_motrpac_v1.3_dream_acute,provided,not_selected,MoTrPAC_human_precovid_sed_adu,motrpac_human_plasma_endur_post,motrpac_human_precovid_endur_post_3.5_4hr_vs_pre,metab-u-rppos,
Ser-Pro [metab-u-hilicpos] [refmet: Ser-Pro],Ser-Pro,Organic acids,-0.110916175610869,log2fc,0.139796101312045,0.209096732731691,benjamini_hochberg,within_each_platform_da_table_as_released_by_motrpac_v1.3_dream_acute,provided,not_selected,MoTrPAC_human_precovid_sed_adu,motrpac_human_plasma_endur_post,motrpac_human_precovid_endur_post_3.5_4hr_vs_pre,metab-u-hilicpos,
SM(d44:1) [metab-u-lrppos] [refmet: SM(d44:1)],SM(d44:1),unclassified_no_refmet_match,-0.356823497810304,log2fc,0.127830404318351,0.209268050933698,benjamini_hochberg,within_each_platform_da_table_as_released_by_motrpac_v1.3_dream_acute,provided,not_selected,MoTrPAC_human_precovid_sed_adu,motrpac_human_plasma_endur_post,motrpac_human_precovid_endur_post_3.5_4hr_vs_pre,metab-u-lrppos,
SM(d42:2)_isomer1 [metab-u-lrppos] [refmet: SM(d42:2)_isomer1],SM(d42:2)_isomer1,unclassified_no_refmet_match,0.128813897579214,log2fc,0.128488181246234,0.209338008608054,benjamini_hochberg,within_each_platform_da_table_as_released_by_motrpac_v1.3_dream_acute,provided,not_selected,MoTrPAC_human_precovid_sed_adu,motrpac_human_plasma_endur_post,motrpac_human_precovid_endur_post_3.5_4hr_vs_pre,metab-u-lrppos,
PC(38:3)_isomer3 [metab-u-lrppos] [refmet: PC(38:3)_isomer3],PC(38:3)_isomer3,unclassified_no_refmet_match,0.0604452983441277,log2fc,0.12854088247863,0.209338008608054,benjamini_hochberg,within_each_platform_da_table_as_released_by_motrpac_v1.3_dream_acute,provided,not_selected,MoTrPAC_human_precovid_sed_adu,motrpac_human_plasma_endur_post,motrpac_human_precovid_endur_post_3.5_4hr_vs_pre,metab-u-lrppos,
PS(36:2)>PS(18:0_18:2) [metab-u-lrpneg] [refmet: PS(36:2)>PS(18:0_18:2)],PS(36:2)>PS(18:0_18:2),unclassified_no_refmet_match,-0.292729961512496,log2fc,0.0835779504261481,0.209718745976723,benjamini_hochberg,within_each_platform_da_table_as_released_by_motrpac_v1.3_dream_acute,provided,not_selected,MoTrPAC_human_precovid_sed_adu,motrpac_human_plasma_endur_post,motrpac_human_precovid_endur_post_3.5_4hr_vs_pre,metab-u-lrpneg,
TG(55:3)>TG(18:1_18:1_19:1) [metab-u-lrppos] [refmet: TG(55:3)>TG(18:1_18:1_19:1)],TG(55:3)>TG(18:1_18:1_19:1),unclassified_no_refmet_match,-0.121710188133374,log2fc,0.129392984880788,0.210179796684596,benjamini_hochberg,within_each_platform_da_table_as_released_by_motrpac_v1.3_dream_acute,provided,not_selected,MoTrPAC_human_precovid_sed_adu,motrpac_human_plasma_endur_post,motrpac_human_precovid_endur_post_3.5_4hr_vs_pre,metab-u-lrppos,
SM(d40:1) [metab-u-lrpneg] [refmet: SM(d40:1)],SM(d40:1),unclassified_no_refmet_match,0.150158901936475,log2fc,0.0854748063984122,0.210578841217906,benjamini_hochberg,within_each_platform_da_table_as_released_by_motrpac_v1.3_dream_acute,provided,not_selected,MoTrPAC_human_precovid_sed_adu,motrpac_human_plasma_endur_post,motrpac_human_precovid_endur_post_3.5_4hr_vs_pre,metab-u-lrpneg,
FA 26:2_isomer2 [metab-u-lrpneg] [refmet: FA 26:2_isomer2],FA 26:2_isomer2,unclassified_no_refmet_match,0.124692015044758,log2fc,0.084718144300998,0.210578841217906,benjamini_hochberg,within_each_platform_da_table_as_released_by_motrpac_v1.3_dream_acute,provided,not_selected,MoTrPAC_human_precovid_sed_adu,motrpac_human_plasma_endur_post,motrpac_human_precovid_endur_post_3.5_4hr_vs_pre,metab-u-lrpneg,
PE(P-40:4)>PE(P-20:0/20:4) [metab-u-lrpneg] [refmet: PE(P-40:4)>PE(P-20:0/20:4)],PE(P-40:4)>PE(P-20:0/20:4),unclassified_no_refmet_match,-0.299834148059503,log2fc,0.0871256761066046,0.210813019865088,benjamini_hochberg,within_each_platform_da_table_as_released_by_motrpac_v1.3_dream_acute,provided,not_selected,MoTrPAC_human_precovid_sed_adu,motrpac_human_plasma_endur_post,motrpac_human_precovid_endur_post_3.5_4hr_vs_pre,metab-u-lrpneg,
PE(O-36:1)>PE(O-18:0/18:1) [metab-u-lrpneg] [refmet: PE(O-36:1)>PE(O-18:0/18:1)],PE(O-36:1)>PE(O-18:0/18:1),unclassified_no_refmet_match,-0.246677335632238,log2fc,0.0868413063179346,0.210813019865088,benjamini_hochberg,within_each_platform_da_table_as_released_by_motrpac_v1.3_dream_acute,provided,not_selected,MoTrPAC_human_precovid_sed_adu,motrpac_human_plasma_endur_post,motrpac_human_precovid_endur_post_3.5_4hr_vs_pre,metab-u-lrpneg,
PC(O-40:3) [metab-u-lrppos] [refmet: PC(O-40:3)],PC(O-40:3),unclassified_no_refmet_match,0.0611733790674833,log2fc,0.132105402304308,0.214031233190701,benjamini_hochberg,within_each_platform_da_table_as_released_by_motrpac_v1.3_dream_acute,provided,not_selected,MoTrPAC_human_precovid_sed_adu,motrpac_human_plasma_endur_post,motrpac_human_precovid_endur_post_3.5_4hr_vs_pre,metab-u-lrppos,
SM(d40:1)_isomer1 [metab-u-lrppos] [refmet: SM(d40:1)_isomer1],SM(d40:1)_isomer1,unclassified_no_refmet_match,0.0666876634766389,log2fc,0.132447314789123,0.214032129826753,benjamini_hochberg,within_each_platform_da_table_as_released_by_motrpac_v1.3_dream_acute,provided,not_selected,MoTrPAC_human_precovid_sed_adu,motrpac_human_plasma_endur_post,motrpac_human_precovid_endur_post_3.5_4hr_vs_pre,metab-u-lrppos,
dUMP [metab-u-rppos] [refmet: dUMP],dUMP,Nucleic acids,-0.141931474084474,log2fc,0.127798822415254,0.21451945191132,benjamini_hochberg,within_each_platform_da_table_as_released_by_motrpac_v1.3_dream_acute,provided,not_selected,MoTrPAC_human_precovid_sed_adu,motrpac_human_plasma_endur_post,motrpac_human_precovid_endur_post_3.5_4hr_vs_pre,metab-u-rppos,
Acetaminophen [metab-u-rppos] [refmet: Acetaminophen],Acetaminophen,Benzenoids,0.210334752656447,log2fc,0.129104810810795,0.214793844534774,benjamini_hochberg,within_each_platform_da_table_as_released_by_motrpac_v1.3_dream_acute,provided,not_selected,MoTrPAC_human_precovid_sed_adu,motrpac_human_plasma_endur_post,motrpac_human_precovid_endur_post_3.5_4hr_vs_pre,metab-u-rppos,
SM(d34:2) [metab-u-lrppos] [refmet: SM(d34:2)],SM(d34:2),unclassified_no_refmet_match,0.047036582203777,log2fc,0.13487881448397,0.217401071160537,benjamini_hochberg,within_each_platform_da_table_as_released_by_motrpac_v1.3_dream_acute,provided,not_selected,MoTrPAC_human_precovid_sed_adu,motrpac_human_plasma_endur_post,motrpac_human_precovid_endur_post_3.5_4hr_vs_pre,metab-u-lrppos,
SM(d40:3) [metab-u-lrppos] [refmet: SM(d40:3)],SM(d40:3),unclassified_no_refmet_match,0.0525706105192185,log2fc,0.136983628460884,0.220227525756344,benjamini_hochberg,within_each_platform_da_table_as_released_by_motrpac_v1.3_dream_acute,provided,not_selected,MoTrPAC_human_precovid_sed_adu,motrpac_human_plasma_endur_post,motrpac_human_precovid_endur_post_3.5_4hr_vs_pre,metab-u-lrppos,
PC(36:1)>PC(18:0_18:1) [metab-u-lrpneg] [refmet: PC(36:1)>PC(18:0_18:1)],PC(36:1)>PC(18:0_18:1),unclassified_no_refmet_match,-0.103281142666656,log2fc,0.0923384087810398,0.221448750262494,benjamini_hochberg,within_each_platform_da_table_as_released_by_motrpac_v1.3_dream_acute,provided,not_selected,MoTrPAC_human_precovid_sed_adu,motrpac_human_plasma_endur_post,motrpac_human_precovid_endur_post_3.5_4hr_vs_pre,metab-u-lrpneg,
PE(O-38:6)>PE(O-18:2/20:4) [metab-u-lrppos] [refmet: PE(O-38:6)>PE(O-18:2/20:4)],PE(O-38:6)>PE(O-18:2/20:4),unclassified_no_refmet_match,-0.134040143388887,log2fc,0.138304624704754,0.221782607902509,benjamini_hochberg,within_each_platform_da_table_as_released_by_motrpac_v1.3_dream_acute,provided,not_selected,MoTrPAC_human_precovid_sed_adu,motrpac_human_plasma_endur_post,motrpac_human_precovid_endur_post_3.5_4hr_vs_pre,metab-u-lrppos,
SM(d35:1)_isomer1 [metab-u-lrppos] [refmet: SM(d35:1)_isomer1],SM(d35:1)_isomer1,unclassified_no_refmet_match,0.0343964712506803,log2fc,0.138735503459682,0.221906022115358,benjamini_hochberg,within_each_platform_da_table_as_released_by_motrpac_v1.3_dream_acute,provided,not_selected,MoTrPAC_human_precovid_sed_adu,motrpac_human_plasma_endur_post,motrpac_human_precovid_endur_post_3.5_4hr_vs_pre,metab-u-lrppos,
PE(O-40:6)>PE(O-18:1/22:5) [metab-u-lrppos] [refmet: PE(O-40:6)>PE(O-18:1/22:5)],PE(O-40:6)>PE(O-18:1/22:5),unclassified_no_refmet_match,-0.0634342828639198,log2fc,0.139300761488668,0.222243199626958,benjamini_hochberg,within_each_platform_da_table_as_released_by_motrpac_v1.3_dream_acute,provided,not_selected,MoTrPAC_human_precovid_sed_adu,motrpac_human_plasma_endur_post,motrpac_human_precovid_endur_post_3.5_4hr_vs_pre,metab-u-lrppos,
PC(O-38:5)_isomer3 [metab-u-lrppos] [refmet: PC(O-38:5)_isomer3],PC(O-38:5)_isomer3,unclassified_no_refmet_match,0.146413423116137,log2fc,0.139929875922718,0.222501277347546,benjamini_hochberg,within_each_platform_da_table_as_released_by_motrpac_v1.3_dream_acute,provided,not_selected,MoTrPAC_human_precovid_sed_adu,motrpac_human_plasma_endur_post,motrpac_human_precovid_endur_post_3.5_4hr_vs_pre,metab-u-lrppos,
PC(38:0) [metab-u-lrppos] [refmet: PC(38:0)],PC(38:0),unclassified_no_refmet_match,-0.0900262792570672,log2fc,0.140172256064243,0.222501277347546,benjamini_hochberg,within_each_platform_da_table_as_released_by_motrpac_v1.3_dream_acute,provided,not_selected,MoTrPAC_human_precovid_sed_adu,motrpac_human_plasma_endur_post,motrpac_human_precovid_endur_post_3.5_4hr_vs_pre,metab-u-lrppos,
TG(49:1)_isomer2 [metab-u-lrppos] [refmet: TG(49:1)_isomer2],TG(49:1)_isomer2,unclassified_no_refmet_match,-0.0849132513999145,log2fc,0.141629324129806,0.224246429872193,benjamini_hochberg,within_each_platform_da_table_as_released_by_motrpac_v1.3_dream_acute,provided,not_selected,MoTrPAC_human_precovid_sed_adu,motrpac_human_plasma_endur_post,motrpac_human_precovid_endur_post_3.5_4hr_vs_pre,metab-u-lrppos,
DG(36:3)>DG(18:1_18:2_0:0) [metab-u-lrppos] [refmet: DG(36:3)>DG(18:1_18:2_0:0)],DG(36:3)>DG(18:1_18:2_0:0),unclassified_no_refmet_match,0.0654319231949856,log2fc,0.142059843877603,0.22436151665304,benjamini_hochberg,within_each_platform_da_table_as_released_by_motrpac_v1.3_dream_acute,provided,not_selected,MoTrPAC_human_precovid_sed_adu,motrpac_human_plasma_endur_post,motrpac_human_precovid_endur_post_3.5_4hr_vs_pre,metab-u-lrppos,
PC(34:3)_isomer2 [metab-u-lrppos] [refmet: PC(34:3)_isomer2],PC(34:3)_isomer2,unclassified_no_refmet_match,-0.0907567430620873,log2fc,0.142467475213372,0.224439967233126,benjamini_hochberg,within_each_platform_da_table_as_released_by_motrpac_v1.3_dream_acute,provided,not_selected,MoTrPAC_human_precovid_sed_adu,motrpac_human_plasma_endur_post,motrpac_human_precovid_endur_post_3.5_4hr_vs_pre,metab-u-lrppos,
TG(53:4)>TG(17:0_18:2_18:2)_and_TG(17:1_18:1_18:2) M + NH3_isomer2 [metab-u-lrppos] [refmet: TG(53:4)>TG(17:0_18:2_18:2)_and_TG(17:1_18:1_18:2) M + NH3_isomer2],TG(53:4)>TG(17:0_18:2_18:2)_and_TG(17:1_18:1_18:2) M + NH3_isomer2,unclassified_no_refmet_match,-0.123501180378245,log2fc,0.14350242048543,0.224940044110912,benjamini_hochberg,within_each_platform_da_table_as_released_by_motrpac_v1.3_dream_acute,provided,not_selected,MoTrPAC_human_precovid_sed_adu,motrpac_human_plasma_endur_post,motrpac_human_precovid_endur_post_3.5_4hr_vs_pre,metab-u-lrppos,
TG(53:3)_isomer2 [metab-u-lrppos] [refmet: TG(53:3)_isomer2],TG(53:3)_isomer2,unclassified_no_refmet_match,-0.0589816808641501,log2fc,0.143312599811498,0.224940044110912,benjamini_hochberg,within_each_platform_da_table_as_released_by_motrpac_v1.3_dream_acute,provided,not_selected,MoTrPAC_human_precovid_sed_adu,motrpac_human_plasma_endur_post,motrpac_human_precovid_endur_post_3.5_4hr_vs_pre,metab-u-lrppos,
DG(34:2)>DG(16:1_18:1_0:0) [metab-u-lrppos] [refmet: DG(34:2)>DG(16:1_18:1_0:0)],DG(34:2)>DG(16:1_18:1_0:0),unclassified_no_refmet_match,0.116927042657192,log2fc,0.144680499168569,0.226221129622676,benjamini_hochberg,within_each_platform_da_table_as_released_by_motrpac_v1.3_dream_acute,provided,not_selected,MoTrPAC_human_precovid_sed_adu,motrpac_human_plasma_endur_post,motrpac_human_precovid_endur_post_3.5_4hr_vs_pre,metab-u-lrppos,
PC(40:5)>PC(18:0_22:5) _isomer3 [metab-u-lrpneg] [refmet: PC(40:5)>PC(18:0_22:5) _isomer3],PC(40:5)>PC(18:0_22:5) _isomer3,unclassified_no_refmet_match,0.0563953430760229,log2fc,0.0952246654459102,0.226367406454751,benjamini_hochberg,within_each_platform_da_table_as_released_by_motrpac_v1.3_dream_acute,provided,not_selected,MoTrPAC_human_precovid_sed_adu,motrpac_human_plasma_endur_post,motrpac_human_precovid_endur_post_3.5_4hr_vs_pre,metab-u-lrpneg,
LPC(17:0)>LPC(17:0/0:0) [metab-u-lrppos] [refmet: LPC(17:0)>LPC(17:0/0:0)],LPC(17:0)>LPC(17:0/0:0),unclassified_no_refmet_match,-0.216001997117999,log2fc,0.147100879475857,0.229433461272045,benjamini_hochberg,within_each_platform_da_table_as_released_by_motrpac_v1.3_dream_acute,provided,not_selected,MoTrPAC_human_precovid_sed_adu,motrpac_human_plasma_endur_post,motrpac_human_precovid_endur_post_3.5_4hr_vs_pre,metab-u-lrppos,
SM(d39:2)_isomer2 [metab-u-lrppos] [refmet: SM(d39:2)_isomer2],SM(d39:2)_isomer2,unclassified_no_refmet_match,0.0457008997739337,log2fc,0.148711760253282,0.231370406150888,benjamini_hochberg,within_each_platform_da_table_as_released_by_motrpac_v1.3_dream_acute,provided,not_selected,MoTrPAC_human_precovid_sed_adu,motrpac_human_plasma_endur_post,motrpac_human_precovid_endur_post_3.5_4hr_vs_pre,metab-u-lrppos,
DG(36:5) [metab-u-lrppos] [refmet: DG(36:5)],DG(36:5),unclassified_no_refmet_match,-0.0826437539693892,log2fc,0.149481711320689,0.231992655935822,benjamini_hochberg,within_each_platform_da_table_as_released_by_motrpac_v1.3_dream_acute,provided,not_selected,MoTrPAC_human_precovid_sed_adu,motrpac_human_plasma_endur_post,motrpac_human_precovid_endur_post_3.5_4hr_vs_pre,metab-u-lrppos,
FA 21:3_isomer2 [metab-u-lrpneg] [refmet: FA 21:3_isomer2],FA 21:3_isomer2,unclassified_no_refmet_match,-0.0547359994469687,log2fc,0.0992542937561871,0.233894900938493,benjamini_hochberg,within_each_platform_da_table_as_released_by_motrpac_v1.3_dream_acute,provided,not_selected,MoTrPAC_human_precovid_sed_adu,motrpac_human_plasma_endur_post,motrpac_human_precovid_endur_post_3.5_4hr_vs_pre,metab-u-lrpneg,
Targinine [metab-u-hilicpos] [refmet: Targinine],Targinine,Organic acids,0.0342854994558124,log2fc,0.157285832814628,0.234255495681361,benjamini_hochberg,within_each_platform_da_table_as_released_by_motrpac_v1.3_dream_acute,provided,not_selected,MoTrPAC_human_precovid_sed_adu,motrpac_human_plasma_endur_post,motrpac_human_precovid_endur_post_3.5_4hr_vs_pre,metab-u-hilicpos,
SM(d39:0) [metab-u-lrppos] [refmet: SM(d39:0)],SM(d39:0),unclassified_no_refmet_match,0.0371548774925898,log2fc,0.151905196824,0.235171749157155,benjamini_hochberg,within_each_platform_da_table_as_released_by_motrpac_v1.3_dream_acute,provided,not_selected,MoTrPAC_human_precovid_sed_adu,motrpac_human_plasma_endur_post,motrpac_human_precovid_endur_post_3.5_4hr_vs_pre,metab-u-lrppos,
CAR(20:0) [metab-u-rppos] [refmet: CAR(20:0)],CAR(20:0),unclassified_no_refmet_match,-0.0785900576483094,log2fc,0.142866991170826,0.235605213509783,benjamini_hochberg,within_each_platform_da_table_as_released_by_motrpac_v1.3_dream_acute,provided,not_selected,MoTrPAC_human_precovid_sed_adu,motrpac_human_plasma_endur_post,motrpac_human_precovid_endur_post_3.5_4hr_vs_pre,metab-u-rppos,
Hordenine [metab-u-hilicpos] [refmet: Hordenine],Hordenine,Alkaloids,-0.463251103708187,log2fc,0.159112670510933,0.235972180842485,benjamini_hochberg,within_each_platform_da_table_as_released_by_motrpac_v1.3_dream_acute,provided,not_selected,MoTrPAC_human_precovid_sed_adu,motrpac_human_plasma_endur_post,motrpac_human_precovid_endur_post_3.5_4hr_vs_pre,metab-u-hilicpos,
1-Methylxanthine [metab-u-rpneg] [refmet: 1-Methylxanthine],1-Methylxanthine,Nucleic acids,-0.250981376355611,log2fc,0.170829916278877,0.23869385562254,benjamini_hochberg,within_each_platform_da_table_as_released_by_motrpac_v1.3_dream_acute,provided,not_selected,MoTrPAC_human_precovid_sed_adu,motrpac_human_plasma_endur_post,motrpac_human_precovid_endur_post_3.5_4hr_vs_pre,metab-u-rpneg,
FA 18:1;O2 [metab-u-lrpneg] [refmet: FA 18:1;O2],FA 18:1;O2,Fatty Acyls,-0.0869694261055933,log2fc,0.102667852606395,0.239853345313215,benjamini_hochberg,within_each_platform_da_table_as_released_by_motrpac_v1.3_dream_acute,provided,not_selected,MoTrPAC_human_precovid_sed_adu,motrpac_human_plasma_endur_post,motrpac_human_precovid_endur_post_3.5_4hr_vs_pre,metab-u-lrpneg,
SM(d36:3) [metab-u-lrppos] [refmet: SM(d36:3)],SM(d36:3),unclassified_no_refmet_match,0.0494577990296818,log2fc,0.156609754101058,0.241603815760312,benjamini_hochberg,within_each_platform_da_table_as_released_by_motrpac_v1.3_dream_acute,provided,not_selected,MoTrPAC_human_precovid_sed_adu,motrpac_human_plasma_endur_post,motrpac_human_precovid_endur_post_3.5_4hr_vs_pre,metab-u-lrppos,
Hex3Cer(d42:1)>Hex3Cer(d18:1/24:0) [metab-u-lrppos] [refmet: Hex3Cer(d42:1)>Hex3Cer(d18:1/24:0)],Hex3Cer(d42:1)>Hex3Cer(d18:1/24:0),unclassified_no_refmet_match,0.046447326400699,log2fc,0.156830547072483,0.241603815760312,benjamini_hochberg,within_each_platform_da_table_as_released_by_motrpac_v1.3_dream_acute,provided,not_selected,MoTrPAC_human_precovid_sed_adu,motrpac_human_plasma_endur_post,motrpac_human_precovid_endur_post_3.5_4hr_vs_pre,metab-u-lrppos,
Thyroxine [metab-u-hilicpos] [refmet: Thyroxine],Thyroxine,Organic acids,0.085463794591103,log2fc,0.165169294416952,0.243920898927989,benjamini_hochberg,within_each_platform_da_table_as_released_by_motrpac_v1.3_dream_acute,provided,not_selected,MoTrPAC_human_precovid_sed_adu,motrpac_human_plasma_endur_post,motrpac_human_precovid_endur_post_3.5_4hr_vs_pre,metab-u-hilicpos,
DG(36:3) [metab-u-rppos] [refmet: DG(36:3)],DG(36:3),unclassified_no_refmet_match,0.112421057372629,log2fc,0.14949734535361,0.244395660230249,benjamini_hochberg,within_each_platform_da_table_as_released_by_motrpac_v1.3_dream_acute,provided,not_selected,MoTrPAC_human_precovid_sed_adu,motrpac_human_plasma_endur_post,motrpac_human_precovid_endur_post_3.5_4hr_vs_pre,metab-u-rppos,
Asparagine [metab-u-ionpneg] [refmet: Asparagine],Asparagine,Organic acids,-0.062597276462391,log2fc,0.174157309305107,0.247060369014221,benjamini_hochberg,within_each_platform_da_table_as_released_by_motrpac_v1.3_dream_acute,provided,not_selected,MoTrPAC_human_precovid_sed_adu,motrpac_human_plasma_endur_post,motrpac_human_precovid_endur_post_3.5_4hr_vs_pre,metab-u-ionpneg,
"trans-Cyclohexane-1,2-diol [metab-u-rppos] [refmet: trans-Cyclohexane-1,2-diol]","trans-Cyclohexane-1,2-diol",Organic oxygen compounds,-0.458598794061604,log2fc,0.157012407767618,0.25229344154113,benjamini_hochberg,within_each_platform_da_table_as_released_by_motrpac_v1.3_dream_acute,provided,not_selected,MoTrPAC_human_precovid_sed_adu,motrpac_human_plasma_endur_post,motrpac_human_precovid_endur_post_3.5_4hr_vs_pre,metab-u-rppos,
PC(30:0) [metab-u-rppos] [refmet: PC(30:0)],PC(30:0),unclassified_no_refmet_match,0.0991128615731078,log2fc,0.15577527446539,0.25229344154113,benjamini_hochberg,within_each_platform_da_table_as_released_by_motrpac_v1.3_dream_acute,provided,not_selected,MoTrPAC_human_precovid_sed_adu,motrpac_human_plasma_endur_post,motrpac_human_precovid_endur_post_3.5_4hr_vs_pre,metab-u-rppos,
HexCer(d34:1)>HexCer(d18:1/16:0) [metab-u-lrppos] [refmet: HexCer(d34:1)>HexCer(d18:1/16:0)],HexCer(d34:1)>HexCer(d18:1/16:0),unclassified_no_refmet_match,0.0416839434874809,log2fc,0.164645191539594,0.253020919351288,benjamini_hochberg,within_each_platform_da_table_as_released_by_motrpac_v1.3_dream_acute,provided,not_selected,MoTrPAC_human_precovid_sed_adu,motrpac_human_plasma_endur_post,motrpac_human_precovid_endur_post_3.5_4hr_vs_pre,metab-u-lrppos,
PC(O-38:5)_isomer5 [metab-u-lrppos] [refmet: PC(O-38:5)_isomer5],PC(O-38:5)_isomer5,unclassified_no_refmet_match,0.0393089105921618,log2fc,0.166584278470243,0.255374920784456,benjamini_hochberg,within_each_platform_da_table_as_released_by_motrpac_v1.3_dream_acute,provided,not_selected,MoTrPAC_human_precovid_sed_adu,motrpac_human_plasma_endur_post,motrpac_human_precovid_endur_post_3.5_4hr_vs_pre,metab-u-lrppos,
UDP-glucuronic acid [metab-u-ionpneg] [refmet: UDP-glucuronic acid],UDP-glucuronic acid,Nucleic acids,-0.244262386515192,log2fc,0.18952955828109,0.256917845669922,benjamini_hochberg,within_each_platform_da_table_as_released_by_motrpac_v1.3_dream_acute,provided,not_selected,MoTrPAC_human_precovid_sed_adu,motrpac_human_plasma_endur_post,motrpac_human_precovid_endur_post_3.5_4hr_vs_pre,metab-u-ionpneg,
UDP-glucose [metab-u-ionpneg] [refmet: UDP-glucose],UDP-glucose,Nucleic acids,-0.212382515063727,log2fc,0.186814727421544,0.256917845669922,benjamini_hochberg,within_each_platform_da_table_as_released_by_motrpac_v1.3_dream_acute,provided,not_selected,MoTrPAC_human_precovid_sed_adu,motrpac_human_plasma_endur_post,motrpac_human_precovid_endur_post_3.5_4hr_vs_pre,metab-u-ionpneg,
Taurine [metab-u-ionpneg] [refmet: Taurine],Taurine,Organic acids,-0.0992140716621002,log2fc,0.195870213100769,0.259740934764063,benjamini_hochberg,within_each_platform_da_table_as_released_by_motrpac_v1.3_dream_acute,provided,not_selected,MoTrPAC_human_precovid_sed_adu,motrpac_human_plasma_endur_post,motrpac_human_precovid_endur_post_3.5_4hr_vs_pre,metab-u-ionpneg,
Sphingosine [metab-u-rppos] [refmet: Sphingosine],Sphingosine,Sphingolipids,-0.156507110002721,log2fc,0.16312090341853,0.259887541039692,benjamini_hochberg,within_each_platform_da_table_as_released_by_motrpac_v1.3_dream_acute,provided,not_selected,MoTrPAC_human_precovid_sed_adu,motrpac_human_plasma_endur_post,motrpac_human_precovid_endur_post_3.5_4hr_vs_pre,metab-u-rppos,
N-Acetylserotonin [metab-u-rppos] [refmet: N-Acetylserotonin],N-Acetylserotonin,Alkaloids,-0.340480767074759,log2fc,0.166736202522417,0.260118775030778,benjamini_hochberg,within_each_platform_da_table_as_released_by_motrpac_v1.3_dream_acute,provided,not_selected,MoTrPAC_human_precovid_sed_adu,motrpac_human_plasma_endur_post,motrpac_human_precovid_endur_post_3.5_4hr_vs_pre,metab-u-rppos,
N-Acetylglutamic acid [metab-u-rppos] [refmet: N-Acetylglutamic acid],N-Acetylglutamic acid,Organic acids,-0.0973777404245268,log2fc,0.168800481668909,0.260118775030778,benjamini_hochberg,within_each_platform_da_table_as_released_by_motrpac_v1.3_dream_acute,provided,not_selected,MoTrPAC_human_precovid_sed_adu,motrpac_human_plasma_endur_post,motrpac_human_precovid_endur_post_3.5_4hr_vs_pre,metab-u-rppos,
LPC(20:0)_rp_b [metab-u-rppos] [refmet: LPC(20:0)_rp_b],LPC(20:0)_rp_b,unclassified_no_refmet_match,-0.0872040583107214,log2fc,0.167104019203064,0.260118775030778,benjamini_hochberg,within_each_platform_da_table_as_released_by_motrpac_v1.3_dream_acute,provided,not_selected,MoTrPAC_human_precovid_sed_adu,motrpac_human_plasma_endur_post,motrpac_human_precovid_endur_post_3.5_4hr_vs_pre,metab-u-rppos,
Thyroxine [metab-u-rppos] [refmet: Thyroxine],Thyroxine,Organic acids,-0.0577259194412143,log2fc,0.168281798142521,0.260118775030778,benjamini_hochberg,within_each_platform_da_table_as_released_by_motrpac_v1.3_dream_acute,provided,not_selected,MoTrPAC_human_precovid_sed_adu,motrpac_human_plasma_endur_post,motrpac_human_precovid_endur_post_3.5_4hr_vs_pre,metab-u-rppos,
N-Acetylaspartic acid [metab-u-hilicpos] [refmet: N-Acetylaspartic acid],N-Acetylaspartic acid,Organic acids,0.32556508169462,log2fc,0.180495471477561,0.262138055443947,benjamini_hochberg,within_each_platform_da_table_as_released_by_motrpac_v1.3_dream_acute,provided,not_selected,MoTrPAC_human_precovid_sed_adu,motrpac_human_plasma_endur_post,motrpac_human_precovid_endur_post_3.5_4hr_vs_pre,metab-u-hilicpos,
Niacinamide [metab-u-hilicpos] [refmet: Niacinamide],Niacinamide,Alkaloids,0.171276832622009,log2fc,0.180500775319975,0.262138055443947,benjamini_hochberg,within_each_platform_da_table_as_released_by_motrpac_v1.3_dream_acute,provided,not_selected,MoTrPAC_human_precovid_sed_adu,motrpac_human_plasma_endur_post,motrpac_human_precovid_endur_post_3.5_4hr_vs_pre,metab-u-hilicpos,
DG 36:2 [metab-u-hilicpos] [refmet: DG 36:2],DG 36:2,Glycerolipids,0.101568032623813,log2fc,0.179578796848616,0.262138055443947,benjamini_hochberg,within_each_platform_da_table_as_released_by_motrpac_v1.3_dream_acute,provided,not_selected,MoTrPAC_human_precovid_sed_adu,motrpac_human_plasma_endur_post,motrpac_human_precovid_endur_post_3.5_4hr_vs_pre,metab-u-hilicpos,
Lysine [metab-u-hilicpos] [refmet: Lysine],Lysine,Organic acids,0.0337095121651068,log2fc,0.179539791114697,0.262138055443947,benjamini_hochberg,within_each_platform_da_table_as_released_by_motrpac_v1.3_dream_acute,provided,not_selected,MoTrPAC_human_precovid_sed_adu,motrpac_human_plasma_endur_post,motrpac_human_precovid_endur_post_3.5_4hr_vs_pre,metab-u-hilicpos,
PC(O-37:5)_isomer1 [metab-u-lrppos] [refmet: PC(O-37:5)_isomer1],PC(O-37:5)_isomer1,unclassified_no_refmet_match,0.07737329142833,log2fc,0.171722470392042,0.262609729111733,benjamini_hochberg,within_each_platform_da_table_as_released_by_motrpac_v1.3_dream_acute,provided,not_selected,MoTrPAC_human_precovid_sed_adu,motrpac_human_plasma_endur_post,motrpac_human_precovid_endur_post_3.5_4hr_vs_pre,metab-u-lrppos,
Urocanic acid [metab-u-rppos] [refmet: Urocanic acid],Urocanic acid,Alkaloids,0.215956010886229,log2fc,0.172460132787291,0.263597601333421,benjamini_hochberg,within_each_platform_da_table_as_released_by_motrpac_v1.3_dream_acute,provided,not_selected,MoTrPAC_human_precovid_sed_adu,motrpac_human_plasma_endur_post,motrpac_human_precovid_endur_post_3.5_4hr_vs_pre,metab-u-rppos,
SM(d42:3) [metab-u-lrpneg] [refmet: SM(d42:3)],SM(d42:3),unclassified_no_refmet_match,0.0329793031769654,log2fc,0.113835892596987,0.263671170032337,benjamini_hochberg,within_each_platform_da_table_as_released_by_motrpac_v1.3_dream_acute,provided,not_selected,MoTrPAC_human_precovid_sed_adu,motrpac_human_plasma_endur_post,motrpac_human_precovid_endur_post_3.5_4hr_vs_pre,metab-u-lrpneg,
PC(37:4)_isomer3 [metab-u-lrppos] [refmet: PC(37:4)_isomer3],PC(37:4)_isomer3,unclassified_no_refmet_match,0.0903723457889534,log2fc,0.173799763653291,0.265139785427284,benjamini_hochberg,within_each_platform_da_table_as_released_by_motrpac_v1.3_dream_acute,provided,not_selected,MoTrPAC_human_precovid_sed_adu,motrpac_human_plasma_endur_post,motrpac_human_precovid_endur_post_3.5_4hr_vs_pre,metab-u-lrppos,
PE(36:3)>PE(16:0_20:3)_and_PE(18:1_18:2)_isomer2 [metab-u-lrpneg] [refmet: PE(36:3)>PE(16:0_20:3)_and_PE(18:1_18:2)_isomer2],PE(36:3)>PE(16:0_20:3)_and_PE(18:1_18:2)_isomer2,unclassified_no_refmet_match,-0.50721020248594,log2fc,0.115822327212005,0.265998734529266,benjamini_hochberg,within_each_platform_da_table_as_released_by_motrpac_v1.3_dream_acute,provided,not_selected,MoTrPAC_human_precovid_sed_adu,motrpac_human_plasma_endur_post,motrpac_human_precovid_endur_post_3.5_4hr_vs_pre,metab-u-lrpneg,
Hex2Cer(d42:1)>Hex2Cer(d18:1/24:0) [metab-u-lrppos] [refmet: Hex2Cer(d42:1)>Hex2Cer(d18:1/24:0)],Hex2Cer(d42:1)>Hex2Cer(d18:1/24:0),unclassified_no_refmet_match,0.0636231380636652,log2fc,0.175348774655949,0.266853596381747,benjamini_hochberg,within_each_platform_da_table_as_released_by_motrpac_v1.3_dream_acute,provided,not_selected,MoTrPAC_human_precovid_sed_adu,motrpac_human_plasma_endur_post,motrpac_human_precovid_endur_post_3.5_4hr_vs_pre,metab-u-lrppos,
TG(48:4)_isomer1 [metab-u-lrppos] [refmet: TG(48:4)_isomer1],TG(48:4)_isomer1,unclassified_no_refmet_match,-0.130821628535493,log2fc,0.175846397903145,0.266962933378382,benjamini_hochberg,within_each_platform_da_table_as_released_by_motrpac_v1.3_dream_acute,provided,not_selected,MoTrPAC_human_precovid_sed_adu,motrpac_human_plasma_endur_post,motrpac_human_precovid_endur_post_3.5_4hr_vs_pre,metab-u-lrppos,
Fumaric acid [metab-u-ionpneg] [refmet: Fumaric acid],Fumaric acid,Organic acids,-0.0590336237006426,log2fc,0.20630906320583,0.267762826713949,benjamini_hochberg,within_each_platform_da_table_as_released_by_motrpac_v1.3_dream_acute,provided,not_selected,MoTrPAC_human_precovid_sed_adu,motrpac_human_plasma_endur_post,motrpac_human_precovid_endur_post_3.5_4hr_vs_pre,metab-u-ionpneg,
FA 26:4 [metab-u-lrpneg] [refmet: FA 26:4],FA 26:4,unclassified_no_refmet_match,0.0545369886137799,log2fc,0.11798274531706,0.268683394797674,benjamini_hochberg,within_each_platform_da_table_as_released_by_motrpac_v1.3_dream_acute,provided,not_selected,MoTrPAC_human_precovid_sed_adu,motrpac_human_plasma_endur_post,motrpac_human_precovid_endur_post_3.5_4hr_vs_pre,metab-u-lrpneg,
AMP [metab-u-ionpneg] [refmet: AMP],AMP,Nucleic acids,-0.232046324527897,log2fc,0.213812436737225,0.268906125607015,benjamini_hochberg,within_each_platform_da_table_as_released_by_motrpac_v1.3_dream_acute,provided,not_selected,MoTrPAC_human_precovid_sed_adu,motrpac_human_plasma_endur_post,motrpac_human_precovid_endur_post_3.5_4hr_vs_pre,metab-u-ionpneg,
Creatinine [metab-u-ionpneg] [refmet: Creatinine],Creatinine,Organoheterocyclic compounds,0.0393931029410695,log2fc,0.216006559913832,0.268906125607015,benjamini_hochberg,within_each_platform_da_table_as_released_by_motrpac_v1.3_dream_acute,provided,not_selected,MoTrPAC_human_precovid_sed_adu,motrpac_human_plasma_endur_post,motrpac_human_precovid_endur_post_3.5_4hr_vs_pre,metab-u-ionpneg,
PS(36:1)>PS(18:0_18:1) [metab-u-lrpneg] [refmet: PS(36:1)>PS(18:0_18:1)],PS(36:1)>PS(18:0_18:1),unclassified_no_refmet_match,0.204884827884371,log2fc,0.120973726370533,0.272399834021103,benjamini_hochberg,within_each_platform_da_table_as_released_by_motrpac_v1.3_dream_acute,provided,not_selected,MoTrPAC_human_precovid_sed_adu,motrpac_human_plasma_endur_post,motrpac_human_precovid_endur_post_3.5_4hr_vs_pre,metab-u-lrpneg,
LPE(16:0)>LPE(16:0/0:0)_and_LPE(0:0/16:0) [metab-u-lrpneg] [refmet: LPE(16:0)>LPE(16:0/0:0)_and_LPE(0:0/16:0)],LPE(16:0)>LPE(16:0/0:0)_and_LPE(0:0/16:0),unclassified_no_refmet_match,-0.0560616655226198,log2fc,0.121625018142264,0.272399834021103,benjamini_hochberg,within_each_platform_da_table_as_released_by_motrpac_v1.3_dream_acute,provided,not_selected,MoTrPAC_human_precovid_sed_adu,motrpac_human_plasma_endur_post,motrpac_human_precovid_endur_post_3.5_4hr_vs_pre,metab-u-lrpneg,
4-Aminohippuric acid [metab-u-hilicpos] [refmet: 4-Aminohippuric acid],4-Aminohippuric acid,Benzenoids,-0.0883062541212727,log2fc,0.188616024926669,0.272791771588158,benjamini_hochberg,within_each_platform_da_table_as_released_by_motrpac_v1.3_dream_acute,provided,not_selected,MoTrPAC_human_precovid_sed_adu,motrpac_human_plasma_endur_post,motrpac_human_precovid_endur_post_3.5_4hr_vs_pre,metab-u-hilicpos,
PC(36:2) [metab-u-rppos] [refmet: PC(36:2)],PC(36:2),unclassified_no_refmet_match,0.0418980764431751,log2fc,0.180178498189059,0.27317385209309,benjamini_hochberg,within_each_platform_da_table_as_released_by_motrpac_v1.3_dream_acute,provided,not_selected,MoTrPAC_human_precovid_sed_adu,motrpac_human_plasma_endur_post,motrpac_human_precovid_endur_post_3.5_4hr_vs_pre,metab-u-rppos,
PE(40:6)>PE(18:0_22:6) [metab-u-lrpneg] [refmet: PE(40:6)>PE(18:0_22:6)],PE(40:6)>PE(18:0_22:6),unclassified_no_refmet_match,0.639384985330242,log2fc,0.12519604238291,0.273613931336844,benjamini_hochberg,within_each_platform_da_table_as_released_by_motrpac_v1.3_dream_acute,provided,not_selected,MoTrPAC_human_precovid_sed_adu,motrpac_human_plasma_endur_post,motrpac_human_precovid_endur_post_3.5_4hr_vs_pre,metab-u-lrpneg,
PS(38:4)>PS(18:0_20:4)_isomer3 [metab-u-lrpneg] [refmet: PS(38:4)>PS(18:0_20:4)_isomer3],PS(38:4)>PS(18:0_20:4)_isomer3,unclassified_no_refmet_match,-0.262475111740358,log2fc,0.125000798586313,0.273613931336844,benjamini_hochberg,within_each_platform_da_table_as_released_by_motrpac_v1.3_dream_acute,provided,not_selected,MoTrPAC_human_precovid_sed_adu,motrpac_human_plasma_endur_post,motrpac_human_precovid_endur_post_3.5_4hr_vs_pre,metab-u-lrpneg,
PI(36:2)>PI(18:0_18:2) [metab-u-lrpneg] [refmet: PI(36:2)>PI(18:0_18:2)],PI(36:2)>PI(18:0_18:2),unclassified_no_refmet_match,-0.234435298673617,log2fc,0.124363766547584,0.273613931336844,benjamini_hochberg,within_each_platform_da_table_as_released_by_motrpac_v1.3_dream_acute,provided,not_selected,MoTrPAC_human_precovid_sed_adu,motrpac_human_plasma_endur_post,motrpac_human_precovid_endur_post_3.5_4hr_vs_pre,metab-u-lrpneg,
FA 18:3;O_isomer2 [metab-u-lrpneg] [refmet: FA 18:3;O_isomer2],FA 18:3;O_isomer2,unclassified_no_refmet_match,0.19147722459882,log2fc,0.127987597253238,0.277477110845021,benjamini_hochberg,within_each_platform_da_table_as_released_by_motrpac_v1.3_dream_acute,provided,not_selected,MoTrPAC_human_precovid_sed_adu,motrpac_human_plasma_endur_post,motrpac_human_precovid_endur_post_3.5_4hr_vs_pre,metab-u-lrpneg,
PE(O-38:5)>PE(O-16:1/22:4) [metab-u-lrppos] [refmet: PE(O-38:5)>PE(O-16:1/22:4)],PE(O-38:5)>PE(O-16:1/22:4),unclassified_no_refmet_match,-0.080841619298873,log2fc,0.183263056866827,0.277550571631644,benjamini_hochberg,within_each_platform_da_table_as_released_by_motrpac_v1.3_dream_acute,provided,not_selected,MoTrPAC_human_precovid_sed_adu,motrpac_human_plasma_endur_post,motrpac_human_precovid_endur_post_3.5_4hr_vs_pre,metab-u-lrppos,
Cerotic acid [metab-u-rpneg] [refmet: Cerotic acid],Cerotic acid,Fatty Acyls,0.0831944102205213,log2fc,0.201636450615098,0.27793132382081,benjamini_hochberg,within_each_platform_da_table_as_released_by_motrpac_v1.3_dream_acute,provided,not_selected,MoTrPAC_human_precovid_sed_adu,motrpac_human_plasma_endur_post,motrpac_human_precovid_endur_post_3.5_4hr_vs_pre,metab-u-rpneg,
PE(O-40:7)>PE(O-18:2/22:5)_isomer1 [metab-u-lrpneg] [refmet: PE(O-40:7)>PE(O-18:2/22:5)_isomer1],PE(O-40:7)>PE(O-18:2/22:5)_isomer1,unclassified_no_refmet_match,-0.168665383977515,log2fc,0.129328949035923,0.278159882450279,benjamini_hochberg,within_each_platform_da_table_as_released_by_motrpac_v1.3_dream_acute,provided,not_selected,MoTrPAC_human_precovid_sed_adu,motrpac_human_plasma_endur_post,motrpac_human_precovid_endur_post_3.5_4hr_vs_pre,metab-u-lrpneg,
MG(16:0) [metab-u-rppos] [refmet: MG(16:0)],MG(16:0),unclassified_no_refmet_match,0.179859195530923,log2fc,0.185477849796898,0.278958686094535,benjamini_hochberg,within_each_platform_da_table_as_released_by_motrpac_v1.3_dream_acute,provided,not_selected,MoTrPAC_human_precovid_sed_adu,motrpac_human_plasma_endur_post,motrpac_human_precovid_endur_post_3.5_4hr_vs_pre,metab-u-rppos,
DG(18:1_18:1) [metab-u-rppos] [refmet: DG(18:1_18:1)],DG(18:1_18:1),unclassified_no_refmet_match,-0.0919044081607687,log2fc,0.18711431760001,0.279186442133348,benjamini_hochberg,within_each_platform_da_table_as_released_by_motrpac_v1.3_dream_acute,provided,not_selected,MoTrPAC_human_precovid_sed_adu,motrpac_human_plasma_endur_post,motrpac_human_precovid_endur_post_3.5_4hr_vs_pre,metab-u-rppos,
PS(36:1) [metab-u-lrppos] [refmet: PS(36:1)],PS(36:1),unclassified_no_refmet_match,-0.203351038082939,log2fc,0.185305589299263,0.279294722333265,benjamini_hochberg,within_each_platform_da_table_as_released_by_motrpac_v1.3_dream_acute,provided,not_selected,MoTrPAC_human_precovid_sed_adu,motrpac_human_plasma_endur_post,motrpac_human_precovid_endur_post_3.5_4hr_vs_pre,metab-u-lrppos,
TG(54:5) [metab-u-lrppos] [refmet: TG(54:5)],TG(54:5),unclassified_no_refmet_match,-0.102267075872284,log2fc,0.185153340999349,0.279294722333265,benjamini_hochberg,within_each_platform_da_table_as_released_by_motrpac_v1.3_dream_acute,provided,not_selected,MoTrPAC_human_precovid_sed_adu,motrpac_human_plasma_endur_post,motrpac_human_precovid_endur_post_3.5_4hr_vs_pre,metab-u-lrppos,
PC(O-36:5)_isomer1 [metab-u-lrppos] [refmet: PC(O-36:5)_isomer1],PC(O-36:5)_isomer1,unclassified_no_refmet_match,-0.0435048143236187,log2fc,0.18623523525268,0.280022763797195,benjamini_hochberg,within_each_platform_da_table_as_released_by_motrpac_v1.3_dream_acute,provided,not_selected,MoTrPAC_human_precovid_sed_adu,motrpac_human_plasma_endur_post,motrpac_human_precovid_endur_post_3.5_4hr_vs_pre,metab-u-lrppos,
PC(44:5) [metab-u-lrppos] [refmet: PC(44:5)],PC(44:5),unclassified_no_refmet_match,-0.0885184983489893,log2fc,0.187627143519066,0.281440715278599,benjamini_hochberg,within_each_platform_da_table_as_released_by_motrpac_v1.3_dream_acute,provided,not_selected,MoTrPAC_human_precovid_sed_adu,motrpac_human_plasma_endur_post,motrpac_human_precovid_endur_post_3.5_4hr_vs_pre,metab-u-lrppos,
Hydroxyhexadecanoic acid [metab-u-rpneg] [refmet: Hydroxyhexadecanoic acid],Hydroxyhexadecanoic acid,Fatty Acyls,-0.167145727023868,log2fc,0.207192304029673,0.281781533480355,benjamini_hochberg,within_each_platform_da_table_as_released_by_motrpac_v1.3_dream_acute,provided,not_selected,MoTrPAC_human_precovid_sed_adu,motrpac_human_plasma_endur_post,motrpac_human_precovid_endur_post_3.5_4hr_vs_pre,metab-u-rpneg,
PC(O-37:4)_isomer1 [metab-u-lrppos] [refmet: PC(O-37:4)_isomer1],PC(O-37:4)_isomer1,unclassified_no_refmet_match,-0.0329981563825221,log2fc,0.188421729963221,0.28195805414544,benjamini_hochberg,within_each_platform_da_table_as_released_by_motrpac_v1.3_dream_acute,provided,not_selected,MoTrPAC_human_precovid_sed_adu,motrpac_human_plasma_endur_post,motrpac_human_precovid_endur_post_3.5_4hr_vs_pre,metab-u-lrppos,
LPC 22:5 [metab-u-hilicpos] [refmet: LPC 22:5],LPC 22:5,Glycerophospholipids,0.0756381023306965,log2fc,0.195833104445259,0.282064142205106,benjamini_hochberg,within_each_platform_da_table_as_released_by_motrpac_v1.3_dream_acute,provided,not_selected,MoTrPAC_human_precovid_sed_adu,motrpac_human_plasma_endur_post,motrpac_human_precovid_endur_post_3.5_4hr_vs_pre,metab-u-hilicpos,
C16 Sphinganine [metab-u-rppos] [refmet: C16 Sphinganine],C16 Sphinganine,Sphingolipids,0.0459643536574497,log2fc,0.192197516830936,0.284512859560756,benjamini_hochberg,within_each_platform_da_table_as_released_by_motrpac_v1.3_dream_acute,provided,not_selected,MoTrPAC_human_precovid_sed_adu,motrpac_human_plasma_endur_post,motrpac_human_precovid_endur_post_3.5_4hr_vs_pre,metab-u-rppos,
Monoethylhexyl phthalic acid [metab-u-rppos] [refmet: Monoethylhexyl phthalic acid],Monoethylhexyl phthalic acid,Benzenoids,0.135825334503888,log2fc,0.195215421303457,0.286722650039452,benjamini_hochberg,within_each_platform_da_table_as_released_by_motrpac_v1.3_dream_acute,provided,not_selected,MoTrPAC_human_precovid_sed_adu,motrpac_human_plasma_endur_post,motrpac_human_precovid_endur_post_3.5_4hr_vs_pre,metab-u-rppos,
SM(d34:1) [metab-u-lrpneg] [refmet: SM(d34:1)],SM(d34:1),unclassified_no_refmet_match,-0.114059747943003,log2fc,0.134655051308776,0.287334794525025,benjamini_hochberg,within_each_platform_da_table_as_released_by_motrpac_v1.3_dream_acute,provided,not_selected,MoTrPAC_human_precovid_sed_adu,motrpac_human_plasma_endur_post,motrpac_human_precovid_endur_post_3.5_4hr_vs_pre,metab-u-lrpneg,
PE(35:2)>PE(17:0_18:2) [metab-u-lrpneg] [refmet: PE(35:2)>PE(17:0_18:2)],PE(35:2)>PE(17:0_18:2),unclassified_no_refmet_match,-0.39444698477487,log2fc,0.135845040700522,0.287601652137527,benjamini_hochberg,within_each_platform_da_table_as_released_by_motrpac_v1.3_dream_acute,provided,not_selected,MoTrPAC_human_precovid_sed_adu,motrpac_human_plasma_endur_post,motrpac_human_precovid_endur_post_3.5_4hr_vs_pre,metab-u-lrpneg,
PC(O-32:0)>PC(O-16:0/16:0) [metab-u-lrpneg] [refmet: PC(O-32:0)>PC(O-16:0/16:0)],PC(O-32:0)>PC(O-16:0/16:0),unclassified_no_refmet_match,-0.26525322795823,log2fc,0.140134480883018,0.287601652137527,benjamini_hochberg,within_each_platform_da_table_as_released_by_motrpac_v1.3_dream_acute,provided,not_selected,MoTrPAC_human_precovid_sed_adu,motrpac_human_plasma_endur_post,motrpac_human_precovid_endur_post_3.5_4hr_vs_pre,metab-u-lrpneg,
HexCer(d41:1) [metab-u-lrpneg] [refmet: HexCer(d41:1)],HexCer(d41:1),unclassified_no_refmet_match,0.220606951233854,log2fc,0.138508708365471,0.287601652137527,benjamini_hochberg,within_each_platform_da_table_as_released_by_motrpac_v1.3_dream_acute,provided,not_selected,MoTrPAC_human_precovid_sed_adu,motrpac_human_plasma_endur_post,motrpac_human_precovid_endur_post_3.5_4hr_vs_pre,metab-u-lrpneg,
PC(O-38:6)>PC(O-18:2/20:4) _isomer1 [metab-u-lrpneg] [refmet: PC(O-38:6)>PC(O-18:2/20:4) _isomer1],PC(O-38:6)>PC(O-18:2/20:4) _isomer1,unclassified_no_refmet_match,0.119045509889752,log2fc,0.139042123552446,0.287601652137527,benjamini_hochberg,within_each_platform_da_table_as_released_by_motrpac_v1.3_dream_acute,provided,not_selected,MoTrPAC_human_precovid_sed_adu,motrpac_human_plasma_endur_post,motrpac_human_precovid_endur_post_3.5_4hr_vs_pre,metab-u-lrpneg,
FA 14:4;O3 [metab-u-lrpneg] [refmet: FA 14:4;O3],FA 14:4;O3,Fatty Acyls,0.103779254499383,log2fc,0.138504990053886,0.287601652137527,benjamini_hochberg,within_each_platform_da_table_as_released_by_motrpac_v1.3_dream_acute,provided,not_selected,MoTrPAC_human_precovid_sed_adu,motrpac_human_plasma_endur_post,motrpac_human_precovid_endur_post_3.5_4hr_vs_pre,metab-u-lrpneg,
PC(O-34:1)>PC(O-18:1/16:0)_and_PC(O-34:1)>PC(O-16:0/18:1) [metab-u-lrpneg] [refmet: PC(O-34:1)>PC(O-18:1/16:0)_and_PC(O-34:1)>PC(O-16:0/18:1)],PC(O-34:1)>PC(O-18:1/16:0)_and_PC(O-34:1)>PC(O-16:0/18:1),unclassified_no_refmet_match,-0.0505000697477378,log2fc,0.141147674296277,0.287601652137527,benjamini_hochberg,within_each_platform_da_table_as_released_by_motrpac_v1.3_dream_acute,provided,not_selected,MoTrPAC_human_precovid_sed_adu,motrpac_human_plasma_endur_post,motrpac_human_precovid_endur_post_3.5_4hr_vs_pre,metab-u-lrpneg,
PS(38:4) [metab-u-lrppos] [refmet: PS(38:4)],PS(38:4),unclassified_no_refmet_match,-0.199656068966309,log2fc,0.19390176097151,0.288780057313864,benjamini_hochberg,within_each_platform_da_table_as_released_by_motrpac_v1.3_dream_acute,provided,not_selected,MoTrPAC_human_precovid_sed_adu,motrpac_human_plasma_endur_post,motrpac_human_precovid_endur_post_3.5_4hr_vs_pre,metab-u-lrppos,
PC(O-36:4)_isomer3 [metab-u-lrppos] [refmet: PC(O-36:4)_isomer3],PC(O-36:4)_isomer3,unclassified_no_refmet_match,0.140657599086186,log2fc,0.193860457116599,0.288780057313864,benjamini_hochberg,within_each_platform_da_table_as_released_by_motrpac_v1.3_dream_acute,provided,not_selected,MoTrPAC_human_precovid_sed_adu,motrpac_human_plasma_endur_post,motrpac_human_precovid_endur_post_3.5_4hr_vs_pre,metab-u-lrppos,
PC(42:8)_isomer1 [metab-u-lrppos] [refmet: PC(42:8)_isomer1],PC(42:8)_isomer1,unclassified_no_refmet_match,0.227782174110693,log2fc,0.197221580321507,0.29302827218385,benjamini_hochberg,within_each_platform_da_table_as_released_by_motrpac_v1.3_dream_acute,provided,not_selected,MoTrPAC_human_precovid_sed_adu,motrpac_human_plasma_endur_post,motrpac_human_precovid_endur_post_3.5_4hr_vs_pre,metab-u-lrppos,
PC P-34:3 or PC O-34:4 [metab-u-hilicpos] [refmet: PC P-34:3 or PC O-34:4],PC P-34:3 or PC O-34:4,Glycerophospholipids,-0.117496351768954,log2fc,0.205149921766209,0.294272428763005,benjamini_hochberg,within_each_platform_da_table_as_released_by_motrpac_v1.3_dream_acute,provided,not_selected,MoTrPAC_human_precovid_sed_adu,motrpac_human_plasma_endur_post,motrpac_human_precovid_endur_post_3.5_4hr_vs_pre,metab-u-hilicpos,
SM(d39:2)_isomer1 [metab-u-lrppos] [refmet: SM(d39:2)_isomer1],SM(d39:2)_isomer1,unclassified_no_refmet_match,0.116158301381262,log2fc,0.199862574050206,0.294856079834068,benjamini_hochberg,within_each_platform_da_table_as_released_by_motrpac_v1.3_dream_acute,provided,not_selected,MoTrPAC_human_precovid_sed_adu,motrpac_human_plasma_endur_post,motrpac_human_precovid_endur_post_3.5_4hr_vs_pre,metab-u-lrppos,
LPC(17:0) [metab-u-lrppos] [refmet: LPC(17:0)],LPC(17:0),unclassified_no_refmet_match,-0.0923193626220105,log2fc,0.199253245770881,0.294856079834068,benjamini_hochberg,within_each_platform_da_table_as_released_by_motrpac_v1.3_dream_acute,provided,not_selected,MoTrPAC_human_precovid_sed_adu,motrpac_human_plasma_endur_post,motrpac_human_precovid_endur_post_3.5_4hr_vs_pre,metab-u-lrppos,
DG(36:2) [metab-u-lrppos] [refmet: DG(36:2)],DG(36:2),unclassified_no_refmet_match,-0.0680622248008085,log2fc,0.199473817621104,0.294856079834068,benjamini_hochberg,within_each_platform_da_table_as_released_by_motrpac_v1.3_dream_acute,provided,not_selected,MoTrPAC_human_precovid_sed_adu,motrpac_human_plasma_endur_post,motrpac_human_precovid_endur_post_3.5_4hr_vs_pre,metab-u-lrppos,
3-Indolepropionic acid [metab-u-hilicpos] [refmet: 3-Indolepropionic acid],3-Indolepropionic acid,Alkaloids,-0.276272667421313,log2fc,0.20945737615209,0.299224823074414,benjamini_hochberg,within_each_platform_da_table_as_released_by_motrpac_v1.3_dream_acute,provided,not_selected,MoTrPAC_human_precovid_sed_adu,motrpac_human_plasma_endur_post,motrpac_human_precovid_endur_post_3.5_4hr_vs_pre,metab-u-hilicpos,
N-Acetylmethionine [metab-u-rppos] [refmet: N-Acetylmethionine],N-Acetylmethionine,Organic acids,-0.0586785074342782,log2fc,0.206967743532734,0.301627409179489,benjamini_hochberg,within_each_platform_da_table_as_released_by_motrpac_v1.3_dream_acute,provided,not_selected,MoTrPAC_human_precovid_sed_adu,motrpac_human_plasma_endur_post,motrpac_human_precovid_endur_post_3.5_4hr_vs_pre,metab-u-rppos,
TG(56:3)_isomer2 [metab-u-lrppos] [refmet: TG(56:3)_isomer2],TG(56:3)_isomer2,unclassified_no_refmet_match,-0.170593130373177,log2fc,0.205614722260194,0.301921383740379,benjamini_hochberg,within_each_platform_da_table_as_released_by_motrpac_v1.3_dream_acute,provided,not_selected,MoTrPAC_human_precovid_sed_adu,motrpac_human_plasma_endur_post,motrpac_human_precovid_endur_post_3.5_4hr_vs_pre,metab-u-lrppos,
PC(33:2) [metab-u-lrppos] [refmet: PC(33:2)],PC(33:2),unclassified_no_refmet_match,0.0549447166177082,log2fc,0.205560062367144,0.301921383740379,benjamini_hochberg,within_each_platform_da_table_as_released_by_motrpac_v1.3_dream_acute,provided,not_selected,MoTrPAC_human_precovid_sed_adu,motrpac_human_plasma_endur_post,motrpac_human_precovid_endur_post_3.5_4hr_vs_pre,metab-u-lrppos,
Cinnamoylglycine [metab-u-hilicpos] [refmet: Cinnamoylglycine],Cinnamoylglycine,Organic acids,-0.119993906524599,log2fc,0.212758844778899,0.302705673465913,benjamini_hochberg,within_each_platform_da_table_as_released_by_motrpac_v1.3_dream_acute,provided,not_selected,MoTrPAC_human_precovid_sed_adu,motrpac_human_plasma_endur_post,motrpac_human_precovid_endur_post_3.5_4hr_vs_pre,metab-u-hilicpos,
PG(34:1)>PG(16:0_18:1) [metab-u-lrpneg] [refmet: PG(34:1)>PG(16:0_18:1)],PG(34:1)>PG(16:0_18:1),unclassified_no_refmet_match,0.213287356745642,log2fc,0.15034116638838,0.304048179785456,benjamini_hochberg,within_each_platform_da_table_as_released_by_motrpac_v1.3_dream_acute,provided,not_selected,MoTrPAC_human_precovid_sed_adu,motrpac_human_plasma_endur_post,motrpac_human_precovid_endur_post_3.5_4hr_vs_pre,metab-u-lrpneg,
PC(O-36:4)>PC(O-16:1/20:3) _isomer2 [metab-u-lrpneg] [refmet: PC(O-36:4)>PC(O-16:1/20:3) _isomer2],PC(O-36:4)>PC(O-16:1/20:3) _isomer2,unclassified_no_refmet_match,-0.164013055408422,log2fc,0.152429969413149,0.30598904971084,benjamini_hochberg,within_each_platform_da_table_as_released_by_motrpac_v1.3_dream_acute,provided,not_selected,MoTrPAC_human_precovid_sed_adu,motrpac_human_plasma_endur_post,motrpac_human_precovid_endur_post_3.5_4hr_vs_pre,metab-u-lrpneg,
SM(d36:3) [metab-u-rppos] [refmet: SM(d36:3)],SM(d36:3),unclassified_no_refmet_match,0.0532612109014394,log2fc,0.216545836736735,0.313158594665432,benjamini_hochberg,within_each_platform_da_table_as_released_by_motrpac_v1.3_dream_acute,provided,not_selected,MoTrPAC_human_precovid_sed_adu,motrpac_human_plasma_endur_post,motrpac_human_precovid_endur_post_3.5_4hr_vs_pre,metab-u-rppos,
PC(O-35:3)_isomer1 [metab-u-lrppos] [refmet: PC(O-35:3)_isomer1],PC(O-35:3)_isomer1,unclassified_no_refmet_match,-0.0544285747958888,log2fc,0.21438039021187,0.313643167532303,benjamini_hochberg,within_each_platform_da_table_as_released_by_motrpac_v1.3_dream_acute,provided,not_selected,MoTrPAC_human_precovid_sed_adu,motrpac_human_plasma_endur_post,motrpac_human_precovid_endur_post_3.5_4hr_vs_pre,metab-u-lrppos,
Cer(d42:0)>Cer(d18:0/24:0)_isomer1 [metab-u-lrppos] [refmet: Cer(d42:0)>Cer(d18:0/24:0)_isomer1],Cer(d42:0)>Cer(d18:0/24:0)_isomer1,unclassified_no_refmet_match,-0.0498889627710142,log2fc,0.214597956732629,0.313643167532303,benjamini_hochberg,within_each_platform_da_table_as_released_by_motrpac_v1.3_dream_acute,provided,not_selected,MoTrPAC_human_precovid_sed_adu,motrpac_human_plasma_endur_post,motrpac_human_precovid_endur_post_3.5_4hr_vs_pre,metab-u-lrppos,
PE 34:0 [metab-u-hilicpos] [refmet: PE 34:0],PE 34:0,Glycerophospholipids,0.0401808627547062,log2fc,0.221394804491045,0.313717334299051,benjamini_hochberg,within_each_platform_da_table_as_released_by_motrpac_v1.3_dream_acute,provided,not_selected,MoTrPAC_human_precovid_sed_adu,motrpac_human_plasma_endur_post,motrpac_human_precovid_endur_post_3.5_4hr_vs_pre,metab-u-hilicpos,
PE(36:3) [metab-u-lrppos] [refmet: PE(36:3)],PE(36:3),unclassified_no_refmet_match,-0.289261972297499,log2fc,0.217113300770965,0.315846959590244,benjamini_hochberg,within_each_platform_da_table_as_released_by_motrpac_v1.3_dream_acute,provided,not_selected,MoTrPAC_human_precovid_sed_adu,motrpac_human_plasma_endur_post,motrpac_human_precovid_endur_post_3.5_4hr_vs_pre,metab-u-lrppos,
CE(20:5) [metab-u-lrppos] [refmet: CE(20:5)],CE(20:5),unclassified_no_refmet_match,0.0679965170866126,log2fc,0.21701475627041,0.315846959590244,benjamini_hochberg,within_each_platform_da_table_as_released_by_motrpac_v1.3_dream_acute,provided,not_selected,MoTrPAC_human_precovid_sed_adu,motrpac_human_plasma_endur_post,motrpac_human_precovid_endur_post_3.5_4hr_vs_pre,metab-u-lrppos,
Cer(d43:1)>Cer(d18:1/25:0) [metab-u-lrppos] [refmet: Cer(d43:1)>Cer(d18:1/25:0)],Cer(d43:1)>Cer(d18:1/25:0),unclassified_no_refmet_match,0.0279443563447188,log2fc,0.217867992489958,0.316211183544453,benjamini_hochberg,within_each_platform_da_table_as_released_by_motrpac_v1.3_dream_acute,provided,not_selected,MoTrPAC_human_precovid_sed_adu,motrpac_human_plasma_endur_post,motrpac_human_precovid_endur_post_3.5_4hr_vs_pre,metab-u-lrppos,
GTP [metab-u-ionpneg] [refmet: GTP],GTP,Nucleic acids,-0.198148756834629,log2fc,0.25963733577083,0.3166344437104,benjamini_hochberg,within_each_platform_da_table_as_released_by_motrpac_v1.3_dream_acute,provided,not_selected,MoTrPAC_human_precovid_sed_adu,motrpac_human_plasma_endur_post,motrpac_human_precovid_endur_post_3.5_4hr_vs_pre,metab-u-ionpneg,
Fructose 6-phosphate [metab-u-ionpneg] [refmet: Fructose 6-phosphate],Fructose 6-phosphate,Carbohydrates,-0.160734516803011,log2fc,0.264727157856236,0.3166344437104,benjamini_hochberg,within_each_platform_da_table_as_released_by_motrpac_v1.3_dream_acute,provided,not_selected,MoTrPAC_human_precovid_sed_adu,motrpac_human_plasma_endur_post,motrpac_human_precovid_endur_post_3.5_4hr_vs_pre,metab-u-ionpneg,
Octadecadienoic acid [metab-u-rpneg] [refmet: Octadecadienoic acid],Octadecadienoic acid,Fatty Acyls,0.0882247224339068,log2fc,0.237105024085349,0.318219900746126,benjamini_hochberg,within_each_platform_da_table_as_released_by_motrpac_v1.3_dream_acute,provided,not_selected,MoTrPAC_human_precovid_sed_adu,motrpac_human_plasma_endur_post,motrpac_human_precovid_endur_post_3.5_4hr_vs_pre,metab-u-rpneg,
SM(d43:1) [metab-u-lrpneg] [refmet: SM(d43:1)],SM(d43:1),unclassified_no_refmet_match,-0.31916342175931,log2fc,0.163853324259708,0.324118619521029,benjamini_hochberg,within_each_platform_da_table_as_released_by_motrpac_v1.3_dream_acute,provided,not_selected,MoTrPAC_human_precovid_sed_adu,motrpac_human_plasma_endur_post,motrpac_human_precovid_endur_post_3.5_4hr_vs_pre,metab-u-lrpneg,
PE(35:3)>PE(17:0_18:3) [metab-u-lrpneg] [refmet: PE(35:3)>PE(17:0_18:3)],PE(35:3)>PE(17:0_18:3),unclassified_no_refmet_match,-0.274797425174533,log2fc,0.163311452148193,0.324118619521029,benjamini_hochberg,within_each_platform_da_table_as_released_by_motrpac_v1.3_dream_acute,provided,not_selected,MoTrPAC_human_precovid_sed_adu,motrpac_human_plasma_endur_post,motrpac_human_precovid_endur_post_3.5_4hr_vs_pre,metab-u-lrpneg,
CAR(10:0(OH)) [metab-u-rppos] [refmet: CAR(10:0(OH))],CAR(10:0(OH)),unclassified_no_refmet_match,0.153285727050143,log2fc,0.226673964969022,0.325303094764704,benjamini_hochberg,within_each_platform_da_table_as_released_by_motrpac_v1.3_dream_acute,provided,not_selected,MoTrPAC_human_precovid_sed_adu,motrpac_human_plasma_endur_post,motrpac_human_precovid_endur_post_3.5_4hr_vs_pre,metab-u-rppos,
CAR(12:0) [metab-u-rppos] [refmet: CAR(12:0)],CAR(12:0),unclassified_no_refmet_match,0.121019443344629,log2fc,0.228585906481325,0.325561745594615,benjamini_hochberg,within_each_platform_da_table_as_released_by_motrpac_v1.3_dream_acute,provided,not_selected,MoTrPAC_human_precovid_sed_adu,motrpac_human_plasma_endur_post,motrpac_human_precovid_endur_post_3.5_4hr_vs_pre,metab-u-rppos,
N-Acetylleucine [metab-u-rppos] [refmet: N-Acetylleucine],N-Acetylleucine,Organic acids,-0.0944220434811012,log2fc,0.230873169792939,0.326347037000545,benjamini_hochberg,within_each_platform_da_table_as_released_by_motrpac_v1.3_dream_acute,provided,not_selected,MoTrPAC_human_precovid_sed_adu,motrpac_human_plasma_endur_post,motrpac_human_precovid_endur_post_3.5_4hr_vs_pre,metab-u-rppos,
Hydroxyphenyllactic acid [metab-u-rpneg] [refmet: Hydroxyphenyllactic acid],Hydroxyphenyllactic acid,Organic acids,-0.181733283467164,log2fc,0.246507020748205,0.326541767744376,benjamini_hochberg,within_each_platform_da_table_as_released_by_motrpac_v1.3_dream_acute,provided,not_selected,MoTrPAC_human_precovid_sed_adu,motrpac_human_plasma_endur_post,motrpac_human_precovid_endur_post_3.5_4hr_vs_pre,metab-u-rpneg,
PI(38:5)_isomer1 [metab-u-lrppos] [refmet: PI(38:5)_isomer1],PI(38:5)_isomer1,unclassified_no_refmet_match,0.0328192052787024,log2fc,0.2262589387551,0.327631303924822,benjamini_hochberg,within_each_platform_da_table_as_released_by_motrpac_v1.3_dream_acute,provided,not_selected,MoTrPAC_human_precovid_sed_adu,motrpac_human_plasma_endur_post,motrpac_human_precovid_endur_post_3.5_4hr_vs_pre,metab-u-lrppos,
PE(38:4)>PE(18:0_20:4)_isomer1 [metab-u-lrpneg] [refmet: PE(38:4)>PE(18:0_20:4)_isomer1],PE(38:4)>PE(18:0_20:4)_isomer1,unclassified_no_refmet_match,0.302936367426707,log2fc,0.167773019889801,0.329467307174898,benjamini_hochberg,within_each_platform_da_table_as_released_by_motrpac_v1.3_dream_acute,provided,not_selected,MoTrPAC_human_precovid_sed_adu,motrpac_human_plasma_endur_post,motrpac_human_precovid_endur_post_3.5_4hr_vs_pre,metab-u-lrpneg,
PC(O-34:2)>PC(O-16:1/18:1) [metab-u-lrpneg] [refmet: PC(O-34:2)>PC(O-16:1/18:1)],PC(O-34:2)>PC(O-16:1/18:1),unclassified_no_refmet_match,-0.150386317447129,log2fc,0.169742593244312,0.33093699833963,benjamini_hochberg,within_each_platform_da_table_as_released_by_motrpac_v1.3_dream_acute,provided,not_selected,MoTrPAC_human_precovid_sed_adu,motrpac_human_plasma_endur_post,motrpac_human_precovid_endur_post_3.5_4hr_vs_pre,metab-u-lrpneg,
ADP [metab-u-ionpneg] [refmet: ADP],ADP,Nucleic acids,-0.23230499801592,log2fc,0.282693404007557,0.331621108547327,benjamini_hochberg,within_each_platform_da_table_as_released_by_motrpac_v1.3_dream_acute,provided,not_selected,MoTrPAC_human_precovid_sed_adu,motrpac_human_plasma_endur_post,motrpac_human_precovid_endur_post_3.5_4hr_vs_pre,metab-u-ionpneg,
LPC 20:0 [metab-u-hilicpos] [refmet: LPC 20:0],LPC 20:0,Glycerophospholipids,-0.084696605004849,log2fc,0.235214612463548,0.331956106299362,benjamini_hochberg,within_each_platform_da_table_as_released_by_motrpac_v1.3_dream_acute,provided,not_selected,MoTrPAC_human_precovid_sed_adu,motrpac_human_plasma_endur_post,motrpac_human_precovid_endur_post_3.5_4hr_vs_pre,metab-u-hilicpos,
Malic acid [metab-u-ionpneg] [refmet: Malic acid],Malic acid,Organic acids,-0.0609282119650096,log2fc,0.289703111207544,0.33343188271057,benjamini_hochberg,within_each_platform_da_table_as_released_by_motrpac_v1.3_dream_acute,provided,not_selected,MoTrPAC_human_precovid_sed_adu,motrpac_human_plasma_endur_post,motrpac_human_precovid_endur_post_3.5_4hr_vs_pre,metab-u-ionpneg,
Phthalic acid [metab-u-rpneg] [refmet: Phthalic acid],Phthalic acid,Benzenoids,-0.182406037719955,log2fc,0.265155058059919,0.338072699026397,benjamini_hochberg,within_each_platform_da_table_as_released_by_motrpac_v1.3_dream_acute,provided,not_selected,MoTrPAC_human_precovid_sed_adu,motrpac_human_plasma_endur_post,motrpac_human_precovid_endur_post_3.5_4hr_vs_pre,metab-u-rpneg,
Aspirin [metab-u-rpneg] [refmet: Aspirin],Aspirin,Benzenoids,-0.14891037644516,log2fc,0.260267322500428,0.338072699026397,benjamini_hochberg,within_each_platform_da_table_as_released_by_motrpac_v1.3_dream_acute,provided,not_selected,MoTrPAC_human_precovid_sed_adu,motrpac_human_plasma_endur_post,motrpac_human_precovid_endur_post_3.5_4hr_vs_pre,metab-u-rpneg,
Docosenoic acid [metab-u-rpneg] [refmet: Docosenoic acid],Docosenoic acid,Fatty Acyls,0.136472839018989,log2fc,0.263484041670582,0.338072699026397,benjamini_hochberg,within_each_platform_da_table_as_released_by_motrpac_v1.3_dream_acute,provided,not_selected,MoTrPAC_human_precovid_sed_adu,motrpac_human_plasma_endur_post,motrpac_human_precovid_endur_post_3.5_4hr_vs_pre,metab-u-rpneg,
Glutathione [metab-u-ionpneg] [refmet: Glutathione],Glutathione,Organic acids,-0.126975362732914,log2fc,0.300044467101382,0.338939120244154,benjamini_hochberg,within_each_platform_da_table_as_released_by_motrpac_v1.3_dream_acute,provided,not_selected,MoTrPAC_human_precovid_sed_adu,motrpac_human_plasma_endur_post,motrpac_human_precovid_endur_post_3.5_4hr_vs_pre,metab-u-ionpneg,
LPC(22:0)>LPC(22:0/0:0)_and_LPC(0:0/22:0) [metab-u-lrppos] [refmet: LPC(22:0)>LPC(22:0/0:0)_and_LPC(0:0/22:0)],LPC(22:0)>LPC(22:0/0:0)_and_LPC(0:0/22:0),unclassified_no_refmet_match,-0.0301742611243725,log2fc,0.2352540804707,0.339871678468039,benjamini_hochberg,within_each_platform_da_table_as_released_by_motrpac_v1.3_dream_acute,provided,not_selected,MoTrPAC_human_precovid_sed_adu,motrpac_human_plasma_endur_post,motrpac_human_precovid_endur_post_3.5_4hr_vs_pre,metab-u-lrppos,
Maleic acid [metab-u-rpneg] [refmet: Maleic acid],Maleic acid,Fatty Acyls,-0.091552399253306,log2fc,0.271931965516756,0.342432845465545,benjamini_hochberg,within_each_platform_da_table_as_released_by_motrpac_v1.3_dream_acute,provided,not_selected,MoTrPAC_human_precovid_sed_adu,motrpac_human_plasma_endur_post,motrpac_human_precovid_endur_post_3.5_4hr_vs_pre,metab-u-rpneg,
LPC 22:4 [metab-u-hilicpos] [refmet: LPC 22:4],LPC 22:4,Glycerophospholipids,0.07930607908302,log2fc,0.244315600322732,0.343415502461672,benjamini_hochberg,within_each_platform_da_table_as_released_by_motrpac_v1.3_dream_acute,provided,not_selected,MoTrPAC_human_precovid_sed_adu,motrpac_human_plasma_endur_post,motrpac_human_precovid_endur_post_3.5_4hr_vs_pre,metab-u-hilicpos,
FA 16:2;O2_isomer2 [metab-u-lrpneg] [refmet: FA 16:2;O2_isomer2],FA 16:2;O2_isomer2,unclassified_no_refmet_match,-0.161042276344773,log2fc,0.177662210869994,0.343903279612631,benjamini_hochberg,within_each_platform_da_table_as_released_by_motrpac_v1.3_dream_acute,provided,not_selected,MoTrPAC_human_precovid_sed_adu,motrpac_human_plasma_endur_post,motrpac_human_precovid_endur_post_3.5_4hr_vs_pre,metab-u-lrpneg,
PE(36:1)>PE(18:0_18:1) [metab-u-lrpneg] [refmet: PE(36:1)>PE(18:0_18:1)],PE(36:1)>PE(18:0_18:1),unclassified_no_refmet_match,-0.312625461575333,log2fc,0.179669450742963,0.344118730860819,benjamini_hochberg,within_each_platform_da_table_as_released_by_motrpac_v1.3_dream_acute,provided,not_selected,MoTrPAC_human_precovid_sed_adu,motrpac_human_plasma_endur_post,motrpac_human_precovid_endur_post_3.5_4hr_vs_pre,metab-u-lrpneg,
FA 18:2;O_isomer2 [metab-u-lrpneg] [refmet: FA 18:2;O_isomer2],FA 18:2;O_isomer2,unclassified_no_refmet_match,-0.195327287304004,log2fc,0.180313135727809,0.344118730860819,benjamini_hochberg,within_each_platform_da_table_as_released_by_motrpac_v1.3_dream_acute,provided,not_selected,MoTrPAC_human_precovid_sed_adu,motrpac_human_plasma_endur_post,motrpac_human_precovid_endur_post_3.5_4hr_vs_pre,metab-u-lrpneg,
N4-Acetylcytidine [metab-u-hilicpos] [refmet: N4-Acetylcytidine],N4-Acetylcytidine,Nucleic acids,0.0403646658563481,log2fc,0.24626435428153,0.344770095994141,benjamini_hochberg,within_each_platform_da_table_as_released_by_motrpac_v1.3_dream_acute,provided,not_selected,MoTrPAC_human_precovid_sed_adu,motrpac_human_plasma_endur_post,motrpac_human_precovid_endur_post_3.5_4hr_vs_pre,metab-u-hilicpos,
Inosine [metab-u-hilicpos] [refmet: Inosine],Inosine,Nucleic acids,0.261642036875642,log2fc,0.249866931780982,0.348420024395792,benjamini_hochberg,within_each_platform_da_table_as_released_by_motrpac_v1.3_dream_acute,provided,not_selected,MoTrPAC_human_precovid_sed_adu,motrpac_human_plasma_endur_post,motrpac_human_precovid_endur_post_3.5_4hr_vs_pre,metab-u-hilicpos,
SM(d35:2) [metab-u-lrppos] [refmet: SM(d35:2)],SM(d35:2),unclassified_no_refmet_match,0.0358344810521665,log2fc,0.242070145485569,0.348914899355062,benjamini_hochberg,within_each_platform_da_table_as_released_by_motrpac_v1.3_dream_acute,provided,not_selected,MoTrPAC_human_precovid_sed_adu,motrpac_human_plasma_endur_post,motrpac_human_precovid_endur_post_3.5_4hr_vs_pre,metab-u-lrppos,
SM(d42:3)_isomer1 [metab-u-lrppos] [refmet: SM(d42:3)_isomer1],SM(d42:3)_isomer1,unclassified_no_refmet_match,0.0429357597172491,log2fc,0.244683709545345,0.351591451915933,benjamini_hochberg,within_each_platform_da_table_as_released_by_motrpac_v1.3_dream_acute,provided,not_selected,MoTrPAC_human_precovid_sed_adu,motrpac_human_plasma_endur_post,motrpac_human_precovid_endur_post_3.5_4hr_vs_pre,metab-u-lrppos,
PS(40:7) [metab-u-lrppos] [refmet: PS(40:7)],PS(40:7),unclassified_no_refmet_match,0.0357142419233121,log2fc,0.245048587698984,0.351591451915933,benjamini_hochberg,within_each_platform_da_table_as_released_by_motrpac_v1.3_dream_acute,provided,not_selected,MoTrPAC_human_precovid_sed_adu,motrpac_human_plasma_endur_post,motrpac_human_precovid_endur_post_3.5_4hr_vs_pre,metab-u-lrppos,
PC(O-37:4)_isomer4 [metab-u-lrppos] [refmet: PC(O-37:4)_isomer4],PC(O-37:4)_isomer4,unclassified_no_refmet_match,-0.0568451824876952,log2fc,0.245944918813041,0.352071835835107,benjamini_hochberg,within_each_platform_da_table_as_released_by_motrpac_v1.3_dream_acute,provided,not_selected,MoTrPAC_human_precovid_sed_adu,motrpac_human_plasma_endur_post,motrpac_human_precovid_endur_post_3.5_4hr_vs_pre,metab-u-lrppos,
TG(48:0)>TG(16:0/16:0/16:0) [metab-u-lrppos] [refmet: TG(48:0)>TG(16:0/16:0/16:0)],TG(48:0)>TG(16:0/16:0/16:0),unclassified_no_refmet_match,-0.114368313137696,log2fc,0.247157027196482,0.352198763754987,benjamini_hochberg,within_each_platform_da_table_as_released_by_motrpac_v1.3_dream_acute,provided,not_selected,MoTrPAC_human_precovid_sed_adu,motrpac_human_plasma_endur_post,motrpac_human_precovid_endur_post_3.5_4hr_vs_pre,metab-u-lrppos,
CE(20:4) [metab-u-lrppos] [refmet: CE(20:4)],CE(20:4),unclassified_no_refmet_match,0.0476656098113359,log2fc,0.247074087211673,0.352198763754987,benjamini_hochberg,within_each_platform_da_table_as_released_by_motrpac_v1.3_dream_acute,provided,not_selected,MoTrPAC_human_precovid_sed_adu,motrpac_human_plasma_endur_post,motrpac_human_precovid_endur_post_3.5_4hr_vs_pre,metab-u-lrppos,
Mesobilirubinogen [metab-u-rppos] [refmet: Mesobilirubinogen],Mesobilirubinogen,Organoheterocyclic compounds,0.158188224144922,log2fc,0.25330331154933,0.35538076545727,benjamini_hochberg,within_each_platform_da_table_as_released_by_motrpac_v1.3_dream_acute,provided,not_selected,MoTrPAC_human_precovid_sed_adu,motrpac_human_plasma_endur_post,motrpac_human_precovid_endur_post_3.5_4hr_vs_pre,metab-u-rppos,
PE P-35:2 or PE O-35:3 [metab-u-hilicpos] [refmet: PE P-35:2 or PE O-35:3],PE P-35:2 or PE O-35:3,Glycerophospholipids,-0.0620755470963399,log2fc,0.2563178233187,0.355996976831528,benjamini_hochberg,within_each_platform_da_table_as_released_by_motrpac_v1.3_dream_acute,provided,not_selected,MoTrPAC_human_precovid_sed_adu,motrpac_human_plasma_endur_post,motrpac_human_precovid_endur_post_3.5_4hr_vs_pre,metab-u-hilicpos,
Serotonin [metab-u-rppos] [refmet: Serotonin],Serotonin,Alkaloids,-0.357488639941602,log2fc,0.256102910915911,0.356647016682899,benjamini_hochberg,within_each_platform_da_table_as_released_by_motrpac_v1.3_dream_acute,provided,not_selected,MoTrPAC_human_precovid_sed_adu,motrpac_human_plasma_endur_post,motrpac_human_precovid_endur_post_3.5_4hr_vs_pre,metab-u-rppos,
LPC(19:0)>LPC(19:0/0:0) [metab-u-lrppos] [refmet: LPC(19:0)>LPC(19:0/0:0)],LPC(19:0)>LPC(19:0/0:0),unclassified_no_refmet_match,0.146370800889876,log2fc,0.251181859902088,0.357122508296166,benjamini_hochberg,within_each_platform_da_table_as_released_by_motrpac_v1.3_dream_acute,provided,not_selected,MoTrPAC_human_precovid_sed_adu,motrpac_human_plasma_endur_post,motrpac_human_precovid_endur_post_3.5_4hr_vs_pre,metab-u-lrppos,
Taurine [metab-u-hilicpos] [refmet: Taurine],Taurine,Organic acids,-0.0767011774904844,log2fc,0.261892254560087,0.36087515392138,benjamini_hochberg,within_each_platform_da_table_as_released_by_motrpac_v1.3_dream_acute,provided,not_selected,MoTrPAC_human_precovid_sed_adu,motrpac_human_plasma_endur_post,motrpac_human_precovid_endur_post_3.5_4hr_vs_pre,metab-u-hilicpos,
LPE 17:0 [metab-u-hilicpos] [refmet: LPE 17:0],LPE 17:0,Glycerophospholipids,-0.0652491717762977,log2fc,0.261227443652846,0.36087515392138,benjamini_hochberg,within_each_platform_da_table_as_released_by_motrpac_v1.3_dream_acute,provided,not_selected,MoTrPAC_human_precovid_sed_adu,motrpac_human_plasma_endur_post,motrpac_human_precovid_endur_post_3.5_4hr_vs_pre,metab-u-hilicpos,
Glutamine [metab-u-ionpneg] [refmet: Glutamine],Glutamine,Organic acids,0.0285846784055686,log2fc,0.325566028178441,0.361082322161544,benjamini_hochberg,within_each_platform_da_table_as_released_by_motrpac_v1.3_dream_acute,provided,not_selected,MoTrPAC_human_precovid_sed_adu,motrpac_human_plasma_endur_post,motrpac_human_precovid_endur_post_3.5_4hr_vs_pre,metab-u-ionpneg,
PE(O-38:4)>PE(O-18:0/20:4)_and_PE(O-18:2/20:2)_isomer2 [metab-u-lrpneg] [refmet: PE(O-38:4)>PE(O-18:0/20:4)_and_PE(O-18:2/20:2)_isomer2],PE(O-38:4)>PE(O-18:0/20:4)_and_PE(O-18:2/20:2)_isomer2,unclassified_no_refmet_match,0.274790420885665,log2fc,0.190612492865143,0.36123066829688,benjamini_hochberg,within_each_platform_da_table_as_released_by_motrpac_v1.3_dream_acute,provided,not_selected,MoTrPAC_human_precovid_sed_adu,motrpac_human_plasma_endur_post,motrpac_human_precovid_endur_post_3.5_4hr_vs_pre,metab-u-lrpneg,
PC(34:4)_isomer1 [metab-u-lrppos] [refmet: PC(34:4)_isomer1],PC(34:4)_isomer1,unclassified_no_refmet_match,-0.0641822157123144,log2fc,0.256920860572246,0.364455609906784,benjamini_hochberg,within_each_platform_da_table_as_released_by_motrpac_v1.3_dream_acute,provided,not_selected,MoTrPAC_human_precovid_sed_adu,motrpac_human_plasma_endur_post,motrpac_human_precovid_endur_post_3.5_4hr_vs_pre,metab-u-lrppos,
Uridine [metab-u-rpneg] [refmet: Uridine],Uridine,Nucleic acids,-0.0642044755433062,log2fc,0.294833681709015,0.366744335784385,benjamini_hochberg,within_each_platform_da_table_as_released_by_motrpac_v1.3_dream_acute,provided,not_selected,MoTrPAC_human_precovid_sed_adu,motrpac_human_plasma_endur_post,motrpac_human_precovid_endur_post_3.5_4hr_vs_pre,metab-u-rpneg,
Ribothymidine [metab-u-hilicpos] [refmet: Ribothymidine],Ribothymidine,Nucleic acids,0.0473587925426528,log2fc,0.267683819685094,0.367409164273658,benjamini_hochberg,within_each_platform_da_table_as_released_by_motrpac_v1.3_dream_acute,provided,not_selected,MoTrPAC_human_precovid_sed_adu,motrpac_human_plasma_endur_post,motrpac_human_precovid_endur_post_3.5_4hr_vs_pre,metab-u-hilicpos,
PC(O-38:6)>PC(O-16:1/22:5) [metab-u-lrpneg] [refmet: PC(O-38:6)>PC(O-16:1/22:5)],PC(O-38:6)>PC(O-16:1/22:5),unclassified_no_refmet_match,0.189560748251658,log2fc,0.195879521936472,0.368634378088777,benjamini_hochberg,within_each_platform_da_table_as_released_by_motrpac_v1.3_dream_acute,provided,not_selected,MoTrPAC_human_precovid_sed_adu,motrpac_human_plasma_endur_post,motrpac_human_precovid_endur_post_3.5_4hr_vs_pre,metab-u-lrpneg,
PC(O-38:6)_isomer3 [metab-u-lrppos] [refmet: PC(O-38:6)_isomer3],PC(O-38:6)_isomer3,unclassified_no_refmet_match,0.171489791534462,log2fc,0.260806758959129,0.369132816856375,benjamini_hochberg,within_each_platform_da_table_as_released_by_motrpac_v1.3_dream_acute,provided,not_selected,MoTrPAC_human_precovid_sed_adu,motrpac_human_plasma_endur_post,motrpac_human_precovid_endur_post_3.5_4hr_vs_pre,metab-u-lrppos,
S-Methylcysteine S-oxide [metab-u-hilicpos] [refmet: S-Methylcysteine S-oxide],S-Methylcysteine S-oxide,Organic acids,0.046884166495893,log2fc,0.271902171269536,0.371741249782569,benjamini_hochberg,within_each_platform_da_table_as_released_by_motrpac_v1.3_dream_acute,provided,not_selected,MoTrPAC_human_precovid_sed_adu,motrpac_human_plasma_endur_post,motrpac_human_precovid_endur_post_3.5_4hr_vs_pre,metab-u-hilicpos,
FA 22:7;O [metab-u-lrpneg] [refmet: FA 22:7;O],FA 22:7;O,Fatty Acyls,-0.111923965722829,log2fc,0.199559985738684,0.372970731966782,benjamini_hochberg,within_each_platform_da_table_as_released_by_motrpac_v1.3_dream_acute,provided,not_selected,MoTrPAC_human_precovid_sed_adu,motrpac_human_plasma_endur_post,motrpac_human_precovid_endur_post_3.5_4hr_vs_pre,metab-u-lrpneg,
PC(31:0)_isomer2 [metab-u-lrppos] [refmet: PC(31:0)_isomer2],PC(31:0)_isomer2,unclassified_no_refmet_match,0.0356440269014975,log2fc,0.265156190902199,0.373602093698155,benjamini_hochberg,within_each_platform_da_table_as_released_by_motrpac_v1.3_dream_acute,provided,not_selected,MoTrPAC_human_precovid_sed_adu,motrpac_human_plasma_endur_post,motrpac_human_precovid_endur_post_3.5_4hr_vs_pre,metab-u-lrppos,
SM(d32:2) [metab-u-lrppos] [refmet: SM(d32:2)],SM(d32:2),unclassified_no_refmet_match,-0.0219749960122506,log2fc,0.264613439026641,0.373602093698155,benjamini_hochberg,within_each_platform_da_table_as_released_by_motrpac_v1.3_dream_acute,provided,not_selected,MoTrPAC_human_precovid_sed_adu,motrpac_human_plasma_endur_post,motrpac_human_precovid_endur_post_3.5_4hr_vs_pre,metab-u-lrppos,
SM(d35:1)_isomer3 [metab-u-lrppos] [refmet: SM(d35:1)_isomer3],SM(d35:1)_isomer3,unclassified_no_refmet_match,0.0715983306362489,log2fc,0.267569481919738,0.376157096779542,benjamini_hochberg,within_each_platform_da_table_as_released_by_motrpac_v1.3_dream_acute,provided,not_selected,MoTrPAC_human_precovid_sed_adu,motrpac_human_plasma_endur_post,motrpac_human_precovid_endur_post_3.5_4hr_vs_pre,metab-u-lrppos,
PC(36:3)_isomer1 [metab-u-lrppos] [refmet: PC(36:3)_isomer1],PC(36:3)_isomer1,unclassified_no_refmet_match,-0.0396994502834254,log2fc,0.268507670253606,0.376631564315461,benjamini_hochberg,within_each_platform_da_table_as_released_by_motrpac_v1.3_dream_acute,provided,not_selected,MoTrPAC_human_precovid_sed_adu,motrpac_human_plasma_endur_post,motrpac_human_precovid_endur_post_3.5_4hr_vs_pre,metab-u-lrppos,
gamma-Amino-N-butyric-acid [metab-t-amines] [refmet: gamma-Amino-N-butyric-acid],gamma-Amino-N-butyric-acid,unclassified_no_refmet_match,-0.013209637279819,log2fc,0.347161114452255,0.37779297749216,benjamini_hochberg,within_each_platform_da_table_as_released_by_motrpac_v1.3_dream_acute,provided,not_selected,MoTrPAC_human_precovid_sed_adu,motrpac_human_plasma_endur_post,motrpac_human_precovid_endur_post_3.5_4hr_vs_pre,metab-t-amines,
ST 23:1;O4_isomer2 [metab-u-lrpneg] [refmet: ST 23:1;O4_isomer2],ST 23:1;O4_isomer2,unclassified_no_refmet_match,-0.111549033977159,log2fc,0.203745825287042,0.378185744197181,benjamini_hochberg,within_each_platform_da_table_as_released_by_motrpac_v1.3_dream_acute,provided,not_selected,MoTrPAC_human_precovid_sed_adu,motrpac_human_plasma_endur_post,motrpac_human_precovid_endur_post_3.5_4hr_vs_pre,metab-u-lrpneg,
PC(O-35:5)>PC(O-15:1/20:4) [metab-u-lrpneg] [refmet: PC(O-35:5)>PC(O-15:1/20:4)],PC(O-35:5)>PC(O-15:1/20:4),unclassified_no_refmet_match,-0.194855968410511,log2fc,0.20595590059783,0.37903805621128,benjamini_hochberg,within_each_platform_da_table_as_released_by_motrpac_v1.3_dream_acute,provided,not_selected,MoTrPAC_human_precovid_sed_adu,motrpac_human_plasma_endur_post,motrpac_human_precovid_endur_post_3.5_4hr_vs_pre,metab-u-lrpneg,
SM(d38:1) [metab-u-lrpneg] [refmet: SM(d38:1)],SM(d38:1),unclassified_no_refmet_match,0.0571502844365241,log2fc,0.207002333281437,0.37903805621128,benjamini_hochberg,within_each_platform_da_table_as_released_by_motrpac_v1.3_dream_acute,provided,not_selected,MoTrPAC_human_precovid_sed_adu,motrpac_human_plasma_endur_post,motrpac_human_precovid_endur_post_3.5_4hr_vs_pre,metab-u-lrpneg,
SM(d34:2) [metab-u-rppos] [refmet: SM(d34:2)],SM(d34:2),unclassified_no_refmet_match,0.0262625685271125,log2fc,0.274544693272039,0.379517664228995,benjamini_hochberg,within_each_platform_da_table_as_released_by_motrpac_v1.3_dream_acute,provided,not_selected,MoTrPAC_human_precovid_sed_adu,motrpac_human_plasma_endur_post,motrpac_human_precovid_endur_post_3.5_4hr_vs_pre,metab-u-rppos,
PE(40:7)>PE(18:1_22:6)_and_PE(18:0_22:7) [metab-u-lrpneg] [refmet: PE(40:7)>PE(18:1_22:6)_and_PE(18:0_22:7)],PE(40:7)>PE(18:1_22:6)_and_PE(18:0_22:7),unclassified_no_refmet_match,-0.273642959284082,log2fc,0.208896193334923,0.379938714052108,benjamini_hochberg,within_each_platform_da_table_as_released_by_motrpac_v1.3_dream_acute,provided,not_selected,MoTrPAC_human_precovid_sed_adu,motrpac_human_plasma_endur_post,motrpac_human_precovid_endur_post_3.5_4hr_vs_pre,metab-u-lrpneg,
TG(54:5)>TG(16:0_18:1_20:4) [metab-u-lrppos] [refmet: TG(54:5)>TG(16:0_18:1_20:4)],TG(54:5)>TG(16:0_18:1_20:4),unclassified_no_refmet_match,0.086580634633588,log2fc,0.274370414422569,0.383996093399444,benjamini_hochberg,within_each_platform_da_table_as_released_by_motrpac_v1.3_dream_acute,provided,not_selected,MoTrPAC_human_precovid_sed_adu,motrpac_human_plasma_endur_post,motrpac_human_precovid_endur_post_3.5_4hr_vs_pre,metab-u-lrppos,
erucamide [metab-u-lrppos] [refmet: erucamide],erucamide,unclassified_no_refmet_match,-0.184259151540534,log2fc,0.276566634860129,0.386207750684412,benjamini_hochberg,within_each_platform_da_table_as_released_by_motrpac_v1.3_dream_acute,provided,not_selected,MoTrPAC_human_precovid_sed_adu,motrpac_human_plasma_endur_post,motrpac_human_precovid_endur_post_3.5_4hr_vs_pre,metab-u-lrppos,
EPC 16:1;O2/18:0 [metab-u-hilicpos] [refmet: EPC 16:1;O2/18:0],EPC 16:1;O2/18:0,unclassified_no_refmet_match,0.0601771041708652,log2fc,0.284436068803718,0.386218570507942,benjamini_hochberg,within_each_platform_da_table_as_released_by_motrpac_v1.3_dream_acute,provided,not_selected,MoTrPAC_human_precovid_sed_adu,motrpac_human_plasma_endur_post,motrpac_human_precovid_endur_post_3.5_4hr_vs_pre,metab-u-hilicpos,
Pseudouridine [metab-u-hilicpos] [refmet: Pseudouridine],Pseudouridine,Nucleic acids,0.0310285961481611,log2fc,0.284698260545854,0.386218570507942,benjamini_hochberg,within_each_platform_da_table_as_released_by_motrpac_v1.3_dream_acute,provided,not_selected,MoTrPAC_human_precovid_sed_adu,motrpac_human_plasma_endur_post,motrpac_human_precovid_endur_post_3.5_4hr_vs_pre,metab-u-hilicpos,
Benzyl butyl phthalate [metab-u-rppos] [refmet: Benzyl butyl phthalate],Benzyl butyl phthalate,Benzenoids,0.118022788577839,log2fc,0.288767035693191,0.393392773263188,benjamini_hochberg,within_each_platform_da_table_as_released_by_motrpac_v1.3_dream_acute,provided,not_selected,MoTrPAC_human_precovid_sed_adu,motrpac_human_plasma_endur_post,motrpac_human_precovid_endur_post_3.5_4hr_vs_pre,metab-u-rppos,
N(2)-Acetyllysine [metab-u-rppos] [refmet: N(2)-Acetyllysine],N(2)-Acetyllysine,Organic acids,0.0828169769775275,log2fc,0.288068625959726,0.393392773263188,benjamini_hochberg,within_each_platform_da_table_as_released_by_motrpac_v1.3_dream_acute,provided,not_selected,MoTrPAC_human_precovid_sed_adu,motrpac_human_plasma_endur_post,motrpac_human_precovid_endur_post_3.5_4hr_vs_pre,metab-u-rppos,
PC P-34:2 or PC O-34:3 [metab-u-hilicpos] [refmet: PC P-34:2 or PC O-34:3],PC P-34:2 or PC O-34:3,Glycerophospholipids,0.0187080385132354,log2fc,0.292825525624153,0.395710169762369,benjamini_hochberg,within_each_platform_da_table_as_released_by_motrpac_v1.3_dream_acute,provided,not_selected,MoTrPAC_human_precovid_sed_adu,motrpac_human_plasma_endur_post,motrpac_human_precovid_endur_post_3.5_4hr_vs_pre,metab-u-hilicpos,
PC(O-42:6)_isomer3 [metab-u-lrppos] [refmet: PC(O-42:6)_isomer3],PC(O-42:6)_isomer3,unclassified_no_refmet_match,0.0428319030246875,log2fc,0.284676149946374,0.396648768925282,benjamini_hochberg,within_each_platform_da_table_as_released_by_motrpac_v1.3_dream_acute,provided,not_selected,MoTrPAC_human_precovid_sed_adu,motrpac_human_plasma_endur_post,motrpac_human_precovid_endur_post_3.5_4hr_vs_pre,metab-u-lrppos,
PC(40:1) [metab-u-lrppos] [refmet: PC(40:1)],PC(40:1),unclassified_no_refmet_match,0.0303225560859737,log2fc,0.286564011870346,0.398393870161212,benjamini_hochberg,within_each_platform_da_table_as_released_by_motrpac_v1.3_dream_acute,provided,not_selected,MoTrPAC_human_precovid_sed_adu,motrpac_human_plasma_endur_post,motrpac_human_precovid_endur_post_3.5_4hr_vs_pre,metab-u-lrppos,
PC(O-36:3)_isomer3 [metab-u-lrppos] [refmet: PC(O-36:3)_isomer3],PC(O-36:3)_isomer3,unclassified_no_refmet_match,-0.235921933597197,log2fc,0.289041027053905,0.400948504342474,benjamini_hochberg,within_each_platform_da_table_as_released_by_motrpac_v1.3_dream_acute,provided,not_selected,MoTrPAC_human_precovid_sed_adu,motrpac_human_plasma_endur_post,motrpac_human_precovid_endur_post_3.5_4hr_vs_pre,metab-u-lrppos,
TG(52:5)>TG(16:0_16:0_20:5)_and_TG(14:0_16:0_22:5) [metab-u-lrppos] [refmet: TG(52:5)>TG(16:0_16:0_20:5)_and_TG(14:0_16:0_22:5)],TG(52:5)>TG(16:0_16:0_20:5)_and_TG(14:0_16:0_22:5),unclassified_no_refmet_match,-0.0992316709757226,log2fc,0.291078545150889,0.402883549248581,benjamini_hochberg,within_each_platform_da_table_as_released_by_motrpac_v1.3_dream_acute,provided,not_selected,MoTrPAC_human_precovid_sed_adu,motrpac_human_plasma_endur_post,motrpac_human_precovid_endur_post_3.5_4hr_vs_pre,metab-u-lrppos,
Car(8:0) [metab-u-lrppos] [refmet: Car(8:0)],Car(8:0),unclassified_no_refmet_match,0.0562875386186761,log2fc,0.292444288833438,0.402994657359485,benjamini_hochberg,within_each_platform_da_table_as_released_by_motrpac_v1.3_dream_acute,provided,not_selected,MoTrPAC_human_precovid_sed_adu,motrpac_human_plasma_endur_post,motrpac_human_precovid_endur_post_3.5_4hr_vs_pre,metab-u-lrppos,
PC(38:1)_isomer2 [metab-u-lrppos] [refmet: PC(38:1)_isomer2],PC(38:1)_isomer2,unclassified_no_refmet_match,-0.0493900373036773,log2fc,0.292159046059517,0.402994657359485,benjamini_hochberg,within_each_platform_da_table_as_released_by_motrpac_v1.3_dream_acute,provided,not_selected,MoTrPAC_human_precovid_sed_adu,motrpac_human_plasma_endur_post,motrpac_human_precovid_endur_post_3.5_4hr_vs_pre,metab-u-lrppos,
ST 27:1;O3_isomer2 [metab-u-lrpneg] [refmet: ST 27:1;O3_isomer2],ST 27:1;O3_isomer2,unclassified_no_refmet_match,-0.146131085512799,log2fc,0.223690338929442,0.404133878999193,benjamini_hochberg,within_each_platform_da_table_as_released_by_motrpac_v1.3_dream_acute,provided,not_selected,MoTrPAC_human_precovid_sed_adu,motrpac_human_plasma_endur_post,motrpac_human_precovid_endur_post_3.5_4hr_vs_pre,metab-u-lrpneg,
TG(53:2)_isomer1 [metab-u-lrppos] [refmet: TG(53:2)_isomer1],TG(53:2)_isomer1,unclassified_no_refmet_match,-0.0535618917383758,log2fc,0.294566671843579,0.405029173784921,benjamini_hochberg,within_each_platform_da_table_as_released_by_motrpac_v1.3_dream_acute,provided,not_selected,MoTrPAC_human_precovid_sed_adu,motrpac_human_plasma_endur_post,motrpac_human_precovid_endur_post_3.5_4hr_vs_pre,metab-u-lrppos,
CAR(8:0(OH)) [metab-u-rppos] [refmet: CAR(8:0(OH))],CAR(8:0(OH)),unclassified_no_refmet_match,0.117852014900244,log2fc,0.301882534247646,0.408301557111924,benjamini_hochberg,within_each_platform_da_table_as_released_by_motrpac_v1.3_dream_acute,provided,not_selected,MoTrPAC_human_precovid_sed_adu,motrpac_human_plasma_endur_post,motrpac_human_precovid_endur_post_3.5_4hr_vs_pre,metab-u-rppos,
LPE(20:0)>LPE(20:0/0:0)_and_LPE(0:0/20:0) [metab-u-lrpneg] [refmet: LPE(20:0)>LPE(20:0/0:0)_and_LPE(0:0/20:0)],LPE(20:0)>LPE(20:0/0:0)_and_LPE(0:0/20:0),unclassified_no_refmet_match,-0.184548553384303,log2fc,0.232203705195768,0.413026560876895,benjamini_hochberg,within_each_platform_da_table_as_released_by_motrpac_v1.3_dream_acute,provided,not_selected,MoTrPAC_human_precovid_sed_adu,motrpac_human_plasma_endur_post,motrpac_human_precovid_endur_post_3.5_4hr_vs_pre,metab-u-lrpneg,
FA 24:3 [metab-u-lrpneg] [refmet: FA 24:3],FA 24:3,unclassified_no_refmet_match,0.128616074918241,log2fc,0.232969555308188,0.413026560876895,benjamini_hochberg,within_each_platform_da_table_as_released_by_motrpac_v1.3_dream_acute,provided,not_selected,MoTrPAC_human_precovid_sed_adu,motrpac_human_plasma_endur_post,motrpac_human_precovid_endur_post_3.5_4hr_vs_pre,metab-u-lrpneg,
PC(32:0)>PC(16:0/16:0) [metab-u-lrpneg] [refmet: PC(32:0)>PC(16:0/16:0)],PC(32:0)>PC(16:0/16:0),unclassified_no_refmet_match,0.075685112969964,log2fc,0.233184737321642,0.413026560876895,benjamini_hochberg,within_each_platform_da_table_as_released_by_motrpac_v1.3_dream_acute,provided,not_selected,MoTrPAC_human_precovid_sed_adu,motrpac_human_plasma_endur_post,motrpac_human_precovid_endur_post_3.5_4hr_vs_pre,metab-u-lrpneg,
PE(40:5)>PE(18:0_22:5)_isomer1 [metab-u-lrpneg] [refmet: PE(40:5)>PE(18:0_22:5)_isomer1],PE(40:5)>PE(18:0_22:5)_isomer1,unclassified_no_refmet_match,-0.517898133533038,log2fc,0.241261361412348,0.419514253609772,benjamini_hochberg,within_each_platform_da_table_as_released_by_motrpac_v1.3_dream_acute,provided,not_selected,MoTrPAC_human_precovid_sed_adu,motrpac_human_plasma_endur_post,motrpac_human_precovid_endur_post_3.5_4hr_vs_pre,metab-u-lrpneg,
FA 24:1 [metab-u-lrpneg] [refmet: FA 24:1],FA 24:1,unclassified_no_refmet_match,0.276321305630749,log2fc,0.243039622939979,0.419514253609772,benjamini_hochberg,within_each_platform_da_table_as_released_by_motrpac_v1.3_dream_acute,provided,not_selected,MoTrPAC_human_precovid_sed_adu,motrpac_human_plasma_endur_post,motrpac_human_precovid_endur_post_3.5_4hr_vs_pre,metab-u-lrpneg,
FA 23:1 [metab-u-lrpneg] [refmet: FA 23:1],FA 23:1,unclassified_no_refmet_match,-0.120442958944,log2fc,0.241305221342086,0.419514253609772,benjamini_hochberg,within_each_platform_da_table_as_released_by_motrpac_v1.3_dream_acute,provided,not_selected,MoTrPAC_human_precovid_sed_adu,motrpac_human_plasma_endur_post,motrpac_human_precovid_endur_post_3.5_4hr_vs_pre,metab-u-lrpneg,
FA 22:4;O2 [metab-u-lrpneg] [refmet: FA 22:4;O2],FA 22:4;O2,Fatty Acyls,0.0851296395568681,log2fc,0.241813955856315,0.419514253609772,benjamini_hochberg,within_each_platform_da_table_as_released_by_motrpac_v1.3_dream_acute,provided,not_selected,MoTrPAC_human_precovid_sed_adu,motrpac_human_plasma_endur_post,motrpac_human_precovid_endur_post_3.5_4hr_vs_pre,metab-u-lrpneg,
Cer(d36:0) [metab-u-lrppos] [refmet: Cer(d36:0)],Cer(d36:0),unclassified_no_refmet_match,0.0398529061577548,log2fc,0.307382013709785,0.421725432376444,benjamini_hochberg,within_each_platform_da_table_as_released_by_motrpac_v1.3_dream_acute,provided,not_selected,MoTrPAC_human_precovid_sed_adu,motrpac_human_plasma_endur_post,motrpac_human_precovid_endur_post_3.5_4hr_vs_pre,metab-u-lrppos,
PC(40:5)>PC(18:0_22:5) [metab-u-lrpneg] [refmet: PC(40:5)>PC(18:0_22:5)],PC(40:5)>PC(18:0_22:5),unclassified_no_refmet_match,0.193756276678403,log2fc,0.249071702537903,0.426510708679732,benjamini_hochberg,within_each_platform_da_table_as_released_by_motrpac_v1.3_dream_acute,provided,not_selected,MoTrPAC_human_precovid_sed_adu,motrpac_human_plasma_endur_post,motrpac_human_precovid_endur_post_3.5_4hr_vs_pre,metab-u-lrpneg,
PC(36:4)>PC(16:0_20:4) [metab-u-lrpneg] [refmet: PC(36:4)>PC(16:0_20:4)],PC(36:4)>PC(16:0_20:4),unclassified_no_refmet_match,0.0320882935276856,log2fc,0.250240600295488,0.426510708679732,benjamini_hochberg,within_each_platform_da_table_as_released_by_motrpac_v1.3_dream_acute,provided,not_selected,MoTrPAC_human_precovid_sed_adu,motrpac_human_plasma_endur_post,motrpac_human_precovid_endur_post_3.5_4hr_vs_pre,metab-u-lrpneg,
ST 27:3;O3 [metab-u-lrpneg] [refmet: ST 27:3;O3],ST 27:3;O3,Sterol Lipids,-0.208741421375045,log2fc,0.251972427774195,0.426778299542543,benjamini_hochberg,within_each_platform_da_table_as_released_by_motrpac_v1.3_dream_acute,provided,not_selected,MoTrPAC_human_precovid_sed_adu,motrpac_human_plasma_endur_post,motrpac_human_precovid_endur_post_3.5_4hr_vs_pre,metab-u-lrpneg,
PC(O-32:2)>PC(O-14:0/18:2) [metab-u-lrpneg] [refmet: PC(O-32:2)>PC(O-14:0/18:2)],PC(O-32:2)>PC(O-14:0/18:2),unclassified_no_refmet_match,-0.23800350828747,log2fc,0.257183814773647,0.42758781474637,benjamini_hochberg,within_each_platform_da_table_as_released_by_motrpac_v1.3_dream_acute,provided,not_selected,MoTrPAC_human_precovid_sed_adu,motrpac_human_plasma_endur_post,motrpac_human_precovid_endur_post_3.5_4hr_vs_pre,metab-u-lrpneg,
PE(36:2)>PE(18:0_18:2)_isomer2 [metab-u-lrpneg] [refmet: PE(36:2)>PE(18:0_18:2)_isomer2],PE(36:2)>PE(18:0_18:2)_isomer2,unclassified_no_refmet_match,-0.234743811142049,log2fc,0.256325098754517,0.42758781474637,benjamini_hochberg,within_each_platform_da_table_as_released_by_motrpac_v1.3_dream_acute,provided,not_selected,MoTrPAC_human_precovid_sed_adu,motrpac_human_plasma_endur_post,motrpac_human_precovid_endur_post_3.5_4hr_vs_pre,metab-u-lrpneg,
FA 17:2;O2 [metab-u-lrpneg] [refmet: FA 17:2;O2],FA 17:2;O2,Fatty Acyls,0.162155002857101,log2fc,0.254734601238687,0.42758781474637,benjamini_hochberg,within_each_platform_da_table_as_released_by_motrpac_v1.3_dream_acute,provided,not_selected,MoTrPAC_human_precovid_sed_adu,motrpac_human_plasma_endur_post,motrpac_human_precovid_endur_post_3.5_4hr_vs_pre,metab-u-lrpneg,
PC(O-31:0) [metab-u-lrppos] [refmet: PC(O-31:0)],PC(O-31:0),unclassified_no_refmet_match,0.0288646292293286,log2fc,0.312943951791809,0.428418903435511,benjamini_hochberg,within_each_platform_da_table_as_released_by_motrpac_v1.3_dream_acute,provided,not_selected,MoTrPAC_human_precovid_sed_adu,motrpac_human_plasma_endur_post,motrpac_human_precovid_endur_post_3.5_4hr_vs_pre,metab-u-lrppos,
LPC 22:0 [metab-u-hilicpos] [refmet: LPC 22:0],LPC 22:0,Glycerophospholipids,0.0624336948046125,log2fc,0.320434347588915,0.428736232026559,benjamini_hochberg,within_each_platform_da_table_as_released_by_motrpac_v1.3_dream_acute,provided,not_selected,MoTrPAC_human_precovid_sed_adu,motrpac_human_plasma_endur_post,motrpac_human_precovid_endur_post_3.5_4hr_vs_pre,metab-u-hilicpos,
LPC 24:0 [metab-u-hilicpos] [refmet: LPC 24:0],LPC 24:0,Glycerophospholipids,0.0409658076142172,log2fc,0.319382708648899,0.428736232026559,benjamini_hochberg,within_each_platform_da_table_as_released_by_motrpac_v1.3_dream_acute,provided,not_selected,MoTrPAC_human_precovid_sed_adu,motrpac_human_plasma_endur_post,motrpac_human_precovid_endur_post_3.5_4hr_vs_pre,metab-u-hilicpos,
PC 36:4 [metab-u-hilicpos] [refmet: PC 36:4],PC 36:4,Glycerophospholipids,-0.0347746234412316,log2fc,0.320939693688453,0.428736232026559,benjamini_hochberg,within_each_platform_da_table_as_released_by_motrpac_v1.3_dream_acute,provided,not_selected,MoTrPAC_human_precovid_sed_adu,motrpac_human_plasma_endur_post,motrpac_human_precovid_endur_post_3.5_4hr_vs_pre,metab-u-hilicpos,
LPC 26:0 [metab-u-hilicpos] [refmet: LPC 26:0],LPC 26:0,Glycerophospholipids,-0.262416698729499,log2fc,0.32536086805103,0.432989748356884,benjamini_hochberg,within_each_platform_da_table_as_released_by_motrpac_v1.3_dream_acute,provided,not_selected,MoTrPAC_human_precovid_sed_adu,motrpac_human_plasma_endur_post,motrpac_human_precovid_endur_post_3.5_4hr_vs_pre,metab-u-hilicpos,
PC(O-38:6)_isomer4 [metab-u-lrppos] [refmet: PC(O-38:6)_isomer4],PC(O-38:6)_isomer4,unclassified_no_refmet_match,0.0279792732036306,log2fc,0.317260743001865,0.433382322139803,benjamini_hochberg,within_each_platform_da_table_as_released_by_motrpac_v1.3_dream_acute,provided,not_selected,MoTrPAC_human_precovid_sed_adu,motrpac_human_plasma_endur_post,motrpac_human_precovid_endur_post_3.5_4hr_vs_pre,metab-u-lrppos,
Kynurenic acid [metab-u-hilicpos] [refmet: Kynurenic acid],Kynurenic acid,Alkaloids,0.0586764222284355,log2fc,0.328059353613192,0.434927173350823,benjamini_hochberg,within_each_platform_da_table_as_released_by_motrpac_v1.3_dream_acute,provided,not_selected,MoTrPAC_human_precovid_sed_adu,motrpac_human_plasma_endur_post,motrpac_human_precovid_endur_post_3.5_4hr_vs_pre,metab-u-hilicpos,
Methylimidazoleacetic acid [metab-u-hilicpos] [refmet: Methylimidazoleacetic acid],Methylimidazoleacetic acid,Alkaloids,0.039966920689178,log2fc,0.330220894786258,0.436140804434681,benjamini_hochberg,within_each_platform_da_table_as_released_by_motrpac_v1.3_dream_acute,provided,not_selected,MoTrPAC_human_precovid_sed_adu,motrpac_human_plasma_endur_post,motrpac_human_precovid_endur_post_3.5_4hr_vs_pre,metab-u-hilicpos,
PC(33:3)_isomer2 [metab-u-lrppos] [refmet: PC(33:3)_isomer2],PC(33:3)_isomer2,unclassified_no_refmet_match,-0.0394528851097427,log2fc,0.321571898007025,0.438316478370445,benjamini_hochberg,within_each_platform_da_table_as_released_by_motrpac_v1.3_dream_acute,provided,not_selected,MoTrPAC_human_precovid_sed_adu,motrpac_human_plasma_endur_post,motrpac_human_precovid_endur_post_3.5_4hr_vs_pre,metab-u-lrppos,
PC(42:8)_isomer2 [metab-u-lrppos] [refmet: PC(42:8)_isomer2],PC(42:8)_isomer2,unclassified_no_refmet_match,0.120814945396326,log2fc,0.323899057479264,0.440530822211494,benjamini_hochberg,within_each_platform_da_table_as_released_by_motrpac_v1.3_dream_acute,provided,not_selected,MoTrPAC_human_precovid_sed_adu,motrpac_human_plasma_endur_post,motrpac_human_precovid_endur_post_3.5_4hr_vs_pre,metab-u-lrppos,
"N(6),N(6)-Dimethyl-lysine [metab-u-hilicpos] [refmet: N(6),N(6)-Dimethyl-lysine]","N(6),N(6)-Dimethyl-lysine",Organic acids,0.0200163693232547,log2fc,0.336284449458901,0.442479538761712,benjamini_hochberg,within_each_platform_da_table_as_released_by_motrpac_v1.3_dream_acute,provided,not_selected,MoTrPAC_human_precovid_sed_adu,motrpac_human_plasma_endur_post,motrpac_human_precovid_endur_post_3.5_4hr_vs_pre,metab-u-hilicpos,
PC P-35:2 or PC O-35:3 [metab-u-hilicpos] [refmet: PC P-35:2 or PC O-35:3],PC P-35:2 or PC O-35:3,Glycerophospholipids,-0.0366531969381718,log2fc,0.339069121045767,0.444472630584338,benjamini_hochberg,within_each_platform_da_table_as_released_by_motrpac_v1.3_dream_acute,provided,not_selected,MoTrPAC_human_precovid_sed_adu,motrpac_human_plasma_endur_post,motrpac_human_precovid_endur_post_3.5_4hr_vs_pre,metab-u-hilicpos,
DG(32:1) [metab-u-rppos] [refmet: DG(32:1)],DG(32:1),unclassified_no_refmet_match,0.0990953185513348,log2fc,0.333766380055886,0.446741026433358,benjamini_hochberg,within_each_platform_da_table_as_released_by_motrpac_v1.3_dream_acute,provided,not_selected,MoTrPAC_human_precovid_sed_adu,motrpac_human_plasma_endur_post,motrpac_human_precovid_endur_post_3.5_4hr_vs_pre,metab-u-rppos,
LPC(17:0) [metab-u-rppos] [refmet: LPC(17:0)],LPC(17:0),unclassified_no_refmet_match,-0.0900689424451819,log2fc,0.335055769825018,0.446741026433358,benjamini_hochberg,within_each_platform_da_table_as_released_by_motrpac_v1.3_dream_acute,provided,not_selected,MoTrPAC_human_precovid_sed_adu,motrpac_human_plasma_endur_post,motrpac_human_precovid_endur_post_3.5_4hr_vs_pre,metab-u-rppos,
TG(55:6) [metab-u-lrppos] [refmet: TG(55:6)],TG(55:6),unclassified_no_refmet_match,-0.0854396407790752,log2fc,0.329742003532482,0.447507004794082,benjamini_hochberg,within_each_platform_da_table_as_released_by_motrpac_v1.3_dream_acute,provided,not_selected,MoTrPAC_human_precovid_sed_adu,motrpac_human_plasma_endur_post,motrpac_human_precovid_endur_post_3.5_4hr_vs_pre,metab-u-lrppos,
nortriptyline [metab-u-hilicpos] [refmet: nortriptyline],nortriptyline,Benzenoids,-0.119061178584245,log2fc,0.346734183211177,0.450068942244359,benjamini_hochberg,within_each_platform_da_table_as_released_by_motrpac_v1.3_dream_acute,provided,not_selected,MoTrPAC_human_precovid_sed_adu,motrpac_human_plasma_endur_post,motrpac_human_precovid_endur_post_3.5_4hr_vs_pre,metab-u-hilicpos,
"N1,N12-Diacetylspermine [metab-u-hilicpos] [refmet: N1,N12-Diacetylspermine]","N1,N12-Diacetylspermine",Alkaloids,-0.103653939795938,log2fc,0.347196041159934,0.450068942244359,benjamini_hochberg,within_each_platform_da_table_as_released_by_motrpac_v1.3_dream_acute,provided,not_selected,MoTrPAC_human_precovid_sed_adu,motrpac_human_plasma_endur_post,motrpac_human_precovid_endur_post_3.5_4hr_vs_pre,metab-u-hilicpos,
LPE 18:3 [metab-u-hilicpos] [refmet: LPE 18:3],LPE 18:3,Glycerophospholipids,-0.0608815706708707,log2fc,0.345330951176705,0.450068942244359,benjamini_hochberg,within_each_platform_da_table_as_released_by_motrpac_v1.3_dream_acute,provided,not_selected,MoTrPAC_human_precovid_sed_adu,motrpac_human_plasma_endur_post,motrpac_human_precovid_endur_post_3.5_4hr_vs_pre,metab-u-hilicpos,
3-Methyl-2-oxovaleric acid [metab-u-rpneg] [refmet: 3-Methyl-2-oxovaleric acid],3-Methyl-2-oxovaleric acid,Organic acids,-0.0434243778154162,log2fc,0.370000609537268,0.454699544250618,benjamini_hochberg,within_each_platform_da_table_as_released_by_motrpac_v1.3_dream_acute,provided,not_selected,MoTrPAC_human_precovid_sed_adu,motrpac_human_plasma_endur_post,motrpac_human_precovid_endur_post_3.5_4hr_vs_pre,metab-u-rpneg,
PC(O-38:7)_isomer1 [metab-u-lrppos] [refmet: PC(O-38:7)_isomer1],PC(O-38:7)_isomer1,unclassified_no_refmet_match,-0.154481848963933,log2fc,0.337503209729496,0.457050782938216,benjamini_hochberg,within_each_platform_da_table_as_released_by_motrpac_v1.3_dream_acute,provided,not_selected,MoTrPAC_human_precovid_sed_adu,motrpac_human_plasma_endur_post,motrpac_human_precovid_endur_post_3.5_4hr_vs_pre,metab-u-lrppos,
Fumarate [metab-t-tca] [refmet: Fumarate],Fumarate,unclassified_no_refmet_match,0.0716057916437598,log2fc,0.291847212049246,0.458617047505958,benjamini_hochberg,within_each_platform_da_table_as_released_by_motrpac_v1.3_dream_acute,provided,not_selected,MoTrPAC_human_precovid_sed_adu,motrpac_human_plasma_endur_post,motrpac_human_precovid_endur_post_3.5_4hr_vs_pre,metab-t-tca,
PC(O-40:2)_isomer1 [metab-u-lrppos] [refmet: PC(O-40:2)_isomer1],PC(O-40:2)_isomer1,unclassified_no_refmet_match,0.0753895515938403,log2fc,0.340720563451075,0.459423211363062,benjamini_hochberg,within_each_platform_da_table_as_released_by_motrpac_v1.3_dream_acute,provided,not_selected,MoTrPAC_human_precovid_sed_adu,motrpac_human_plasma_endur_post,motrpac_human_precovid_endur_post_3.5_4hr_vs_pre,metab-u-lrppos,
Cer(d44:1)>Cer(d20:1/24:0) [metab-u-lrppos] [refmet: Cer(d44:1)>Cer(d20:1/24:0)],Cer(d44:1)>Cer(d20:1/24:0),unclassified_no_refmet_match,-0.025980451495851,log2fc,0.340708588562787,0.459423211363062,benjamini_hochberg,within_each_platform_da_table_as_released_by_motrpac_v1.3_dream_acute,provided,not_selected,MoTrPAC_human_precovid_sed_adu,motrpac_human_plasma_endur_post,motrpac_human_precovid_endur_post_3.5_4hr_vs_pre,metab-u-lrppos,
PE(O-40:5)>PE(O-18:1/22:4) [metab-u-lrppos] [refmet: PE(O-40:5)>PE(O-18:1/22:4)],PE(O-40:5)>PE(O-18:1/22:4),unclassified_no_refmet_match,-0.095405110730848,log2fc,0.34175815499626,0.459833397387672,benjamini_hochberg,within_each_platform_da_table_as_released_by_motrpac_v1.3_dream_acute,provided,not_selected,MoTrPAC_human_precovid_sed_adu,motrpac_human_plasma_endur_post,motrpac_human_precovid_endur_post_3.5_4hr_vs_pre,metab-u-lrppos,
Arginine [metab-u-hilicpos] [refmet: Arginine],Arginine,Organic acids,0.0242900813223983,log2fc,0.359590392261256,0.46441563576177,benjamini_hochberg,within_each_platform_da_table_as_released_by_motrpac_v1.3_dream_acute,provided,not_selected,MoTrPAC_human_precovid_sed_adu,motrpac_human_plasma_endur_post,motrpac_human_precovid_endur_post_3.5_4hr_vs_pre,metab-u-hilicpos,
TG(56:5)_isomer1 [metab-u-lrppos] [refmet: TG(56:5)_isomer1],TG(56:5)_isomer1,unclassified_no_refmet_match,-0.0433008399730497,log2fc,0.351941532345401,0.47252107233526,benjamini_hochberg,within_each_platform_da_table_as_released_by_motrpac_v1.3_dream_acute,provided,not_selected,MoTrPAC_human_precovid_sed_adu,motrpac_human_plasma_endur_post,motrpac_human_precovid_endur_post_3.5_4hr_vs_pre,metab-u-lrppos,
N-Lauroylglycine [metab-u-rppos] [refmet: N-Lauroylglycine],N-Lauroylglycine,unclassified_no_refmet_match,0.13525471696901,log2fc,0.357847637263874,0.473770111307101,benjamini_hochberg,within_each_platform_da_table_as_released_by_motrpac_v1.3_dream_acute,provided,not_selected,MoTrPAC_human_precovid_sed_adu,motrpac_human_plasma_endur_post,motrpac_human_precovid_endur_post_3.5_4hr_vs_pre,metab-u-rppos,
"(E,E)-Trichostachine [metab-u-hilicpos] [refmet: (E,E)-Trichostachine]","(E,E)-Trichostachine",Organoheterocyclic compounds,-0.294442047580601,log2fc,0.368901446460059,0.47461540768574,benjamini_hochberg,within_each_platform_da_table_as_released_by_motrpac_v1.3_dream_acute,provided,not_selected,MoTrPAC_human_precovid_sed_adu,motrpac_human_plasma_endur_post,motrpac_human_precovid_endur_post_3.5_4hr_vs_pre,metab-u-hilicpos,
LPE 18:0 [metab-u-hilicpos] [refmet: LPE 18:0],LPE 18:0,Glycerophospholipids,0.0279820514919749,log2fc,0.370200017994877,0.47461540768574,benjamini_hochberg,within_each_platform_da_table_as_released_by_motrpac_v1.3_dream_acute,provided,not_selected,MoTrPAC_human_precovid_sed_adu,motrpac_human_plasma_endur_post,motrpac_human_precovid_endur_post_3.5_4hr_vs_pre,metab-u-hilicpos,
Phenylalanine [metab-u-ionpneg] [refmet: Phenylalanine],Phenylalanine,Organic acids,-0.0167300133837287,log2fc,0.43804164216994,0.47715250307797,benjamini_hochberg,within_each_platform_da_table_as_released_by_motrpac_v1.3_dream_acute,provided,not_selected,MoTrPAC_human_precovid_sed_adu,motrpac_human_plasma_endur_post,motrpac_human_precovid_endur_post_3.5_4hr_vs_pre,metab-u-ionpneg,
PC(O-36:2)_isomer3 [metab-u-lrppos] [refmet: PC(O-36:2)_isomer3],PC(O-36:2)_isomer3,unclassified_no_refmet_match,0.0489654092161551,log2fc,0.358851880164761,0.480769506118173,benjamini_hochberg,within_each_platform_da_table_as_released_by_motrpac_v1.3_dream_acute,provided,not_selected,MoTrPAC_human_precovid_sed_adu,motrpac_human_plasma_endur_post,motrpac_human_precovid_endur_post_3.5_4hr_vs_pre,metab-u-lrppos,
FA 16:0 [metab-u-lrpneg] [refmet: FA 16:0],FA 16:0,unclassified_no_refmet_match,-0.0981688330492041,log2fc,0.293870611066111,0.48560326584705,benjamini_hochberg,within_each_platform_da_table_as_released_by_motrpac_v1.3_dream_acute,provided,not_selected,MoTrPAC_human_precovid_sed_adu,motrpac_human_plasma_endur_post,motrpac_human_precovid_endur_post_3.5_4hr_vs_pre,metab-u-lrpneg,
PC(37:4)>PC(17:0_20:4) [metab-u-lrpneg] [refmet: PC(37:4)>PC(17:0_20:4)],PC(37:4)>PC(17:0_20:4),unclassified_no_refmet_match,0.146415829934575,log2fc,0.297401867230789,0.487746792019106,benjamini_hochberg,within_each_platform_da_table_as_released_by_motrpac_v1.3_dream_acute,provided,not_selected,MoTrPAC_human_precovid_sed_adu,motrpac_human_plasma_endur_post,motrpac_human_precovid_endur_post_3.5_4hr_vs_pre,metab-u-lrpneg,
PC(32:1)>PC(16:0_16:1) [metab-u-lrpneg] [refmet: PC(32:1)>PC(16:0_16:1)],PC(32:1)>PC(16:0_16:1),unclassified_no_refmet_match,0.109531486839963,log2fc,0.29876740765746,0.487746792019106,benjamini_hochberg,within_each_platform_da_table_as_released_by_motrpac_v1.3_dream_acute,provided,not_selected,MoTrPAC_human_precovid_sed_adu,motrpac_human_plasma_endur_post,motrpac_human_precovid_endur_post_3.5_4hr_vs_pre,metab-u-lrpneg,
PC(O-38:1) [metab-u-lrppos] [refmet: PC(O-38:1)],PC(O-38:1),unclassified_no_refmet_match,0.0598920800168727,log2fc,0.367182622958359,0.490881672910216,benjamini_hochberg,within_each_platform_da_table_as_released_by_motrpac_v1.3_dream_acute,provided,not_selected,MoTrPAC_human_precovid_sed_adu,motrpac_human_plasma_endur_post,motrpac_human_precovid_endur_post_3.5_4hr_vs_pre,metab-u-lrppos,
CAR(10:0) [metab-u-rppos] [refmet: CAR(10:0)],CAR(10:0),unclassified_no_refmet_match,0.12531720078572,log2fc,0.37742552528034,0.493031981787171,benjamini_hochberg,within_each_platform_da_table_as_released_by_motrpac_v1.3_dream_acute,provided,not_selected,MoTrPAC_human_precovid_sed_adu,motrpac_human_plasma_endur_post,motrpac_human_precovid_endur_post_3.5_4hr_vs_pre,metab-u-rppos,
SM(d32:1) [metab-u-rppos] [refmet: SM(d32:1)],SM(d32:1),unclassified_no_refmet_match,0.0407098015621692,log2fc,0.377641517964642,0.493031981787171,benjamini_hochberg,within_each_platform_da_table_as_released_by_motrpac_v1.3_dream_acute,provided,not_selected,MoTrPAC_human_precovid_sed_adu,motrpac_human_plasma_endur_post,motrpac_human_precovid_endur_post_3.5_4hr_vs_pre,metab-u-rppos,
PC P-38:4 or PC O-38:5 [metab-u-hilicpos] [refmet: PC P-38:4 or PC O-38:5],PC P-38:4 or PC O-38:5,Glycerophospholipids,0.0115799947945696,log2fc,0.386557174205424,0.493777412306198,benjamini_hochberg,within_each_platform_da_table_as_released_by_motrpac_v1.3_dream_acute,provided,not_selected,MoTrPAC_human_precovid_sed_adu,motrpac_human_plasma_endur_post,motrpac_human_precovid_endur_post_3.5_4hr_vs_pre,metab-u-hilicpos,
TG(38:0)>TG(12:0_12:0_14:0) [metab-u-lrppos] [refmet: TG(38:0)>TG(12:0_12:0_14:0)],TG(38:0)>TG(12:0_12:0_14:0),unclassified_no_refmet_match,-0.161467321114529,log2fc,0.370252142553254,0.493932113576363,benjamini_hochberg,within_each_platform_da_table_as_released_by_motrpac_v1.3_dream_acute,provided,not_selected,MoTrPAC_human_precovid_sed_adu,motrpac_human_plasma_endur_post,motrpac_human_precovid_endur_post_3.5_4hr_vs_pre,metab-u-lrppos,
Urocanic acid [metab-u-hilicpos] [refmet: Urocanic acid],Urocanic acid,Alkaloids,0.127331326863207,log2fc,0.389153070036601,0.495285725501129,benjamini_hochberg,within_each_platform_da_table_as_released_by_motrpac_v1.3_dream_acute,provided,not_selected,MoTrPAC_human_precovid_sed_adu,motrpac_human_plasma_endur_post,motrpac_human_precovid_endur_post_3.5_4hr_vs_pre,metab-u-hilicpos,
LPC(O-18:1)_isomer1 [metab-u-lrppos] [refmet: LPC(O-18:1)_isomer1],LPC(O-18:1)_isomer1,unclassified_no_refmet_match,-0.0264688571820457,log2fc,0.372751455062375,0.496210535719977,benjamini_hochberg,within_each_platform_da_table_as_released_by_motrpac_v1.3_dream_acute,provided,not_selected,MoTrPAC_human_precovid_sed_adu,motrpac_human_plasma_endur_post,motrpac_human_precovid_endur_post_3.5_4hr_vs_pre,metab-u-lrppos,
Palmitoleic acid [metab-u-rpneg] [refmet: Palmitoleic acid],Palmitoleic acid,Fatty Acyls,0.105264958436702,log2fc,0.409982524529941,0.4978359226435,benjamini_hochberg,within_each_platform_da_table_as_released_by_motrpac_v1.3_dream_acute,provided,not_selected,MoTrPAC_human_precovid_sed_adu,motrpac_human_plasma_endur_post,motrpac_human_precovid_endur_post_3.5_4hr_vs_pre,metab-u-rpneg,
PC(36:4)_isomer2 [metab-u-lrppos] [refmet: PC(36:4)_isomer2],PC(36:4)_isomer2,unclassified_no_refmet_match,0.0360742798581057,log2fc,0.374798518154862,0.497878540006564,benjamini_hochberg,within_each_platform_da_table_as_released_by_motrpac_v1.3_dream_acute,provided,not_selected,MoTrPAC_human_precovid_sed_adu,motrpac_human_plasma_endur_post,motrpac_human_precovid_endur_post_3.5_4hr_vs_pre,metab-u-lrppos,
cis-aconitate [metab-t-tca] [refmet: cis-aconitate],cis-aconitate,unclassified_no_refmet_match,0.0179765552047082,log2fc,0.362420624798318,0.498328359097688,benjamini_hochberg,within_each_platform_da_table_as_released_by_motrpac_v1.3_dream_acute,provided,not_selected,MoTrPAC_human_precovid_sed_adu,motrpac_human_plasma_endur_post,motrpac_human_precovid_endur_post_3.5_4hr_vs_pre,metab-t-tca,
PC(40:4)_isomer1 [metab-u-lrppos] [refmet: PC(40:4)_isomer1],PC(40:4)_isomer1,unclassified_no_refmet_match,-0.0624389935791747,log2fc,0.377936121865998,0.500760205314498,benjamini_hochberg,within_each_platform_da_table_as_released_by_motrpac_v1.3_dream_acute,provided,not_selected,MoTrPAC_human_precovid_sed_adu,motrpac_human_plasma_endur_post,motrpac_human_precovid_endur_post_3.5_4hr_vs_pre,metab-u-lrppos,
SM(d40:1-OH) [metab-u-lrppos] [refmet: SM(d40:1-OH)],SM(d40:1-OH),unclassified_no_refmet_match,0.042054870478573,log2fc,0.379363791904923,0.500760205314498,benjamini_hochberg,within_each_platform_da_table_as_released_by_motrpac_v1.3_dream_acute,provided,not_selected,MoTrPAC_human_precovid_sed_adu,motrpac_human_plasma_endur_post,motrpac_human_precovid_endur_post_3.5_4hr_vs_pre,metab-u-lrppos,
DG(34:1)>DG(16:0_18:1_0:0) [metab-u-lrppos] [refmet: DG(34:1)>DG(16:0_18:1_0:0)],DG(34:1)>DG(16:0_18:1_0:0),unclassified_no_refmet_match,0.0377175742921523,log2fc,0.378725406647421,0.500760205314498,benjamini_hochberg,within_each_platform_da_table_as_released_by_motrpac_v1.3_dream_acute,provided,not_selected,MoTrPAC_human_precovid_sed_adu,motrpac_human_plasma_endur_post,motrpac_human_precovid_endur_post_3.5_4hr_vs_pre,metab-u-lrppos,
PC(38:5)_isomer2 [metab-u-lrppos] [refmet: PC(38:5)_isomer2],PC(38:5)_isomer2,unclassified_no_refmet_match,-0.0564486201388803,log2fc,0.380557067733298,0.501280003085667,benjamini_hochberg,within_each_platform_da_table_as_released_by_motrpac_v1.3_dream_acute,provided,not_selected,MoTrPAC_human_precovid_sed_adu,motrpac_human_plasma_endur_post,motrpac_human_precovid_endur_post_3.5_4hr_vs_pre,metab-u-lrppos,
PS(38:3) [metab-u-lrppos] [refmet: PS(38:3)],PS(38:3),unclassified_no_refmet_match,-0.111676863344698,log2fc,0.383860878991957,0.503516257589868,benjamini_hochberg,within_each_platform_da_table_as_released_by_motrpac_v1.3_dream_acute,provided,not_selected,MoTrPAC_human_precovid_sed_adu,motrpac_human_plasma_endur_post,motrpac_human_precovid_endur_post_3.5_4hr_vs_pre,metab-u-lrppos,
Cer(d40:0)>Cer(d18:0/22:0) [metab-u-lrppos] [refmet: Cer(d40:0)>Cer(d18:0/22:0)],Cer(d40:0)>Cer(d18:0/22:0),unclassified_no_refmet_match,-0.0415197044177624,log2fc,0.383692061155966,0.503516257589868,benjamini_hochberg,within_each_platform_da_table_as_released_by_motrpac_v1.3_dream_acute,provided,not_selected,MoTrPAC_human_precovid_sed_adu,motrpac_human_plasma_endur_post,motrpac_human_precovid_endur_post_3.5_4hr_vs_pre,metab-u-lrppos,
PC(36:6)_isomer1 [metab-u-lrppos] [refmet: PC(36:6)_isomer1],PC(36:6)_isomer1,unclassified_no_refmet_match,0.037806904109992,log2fc,0.384930805850846,0.503552826478927,benjamini_hochberg,within_each_platform_da_table_as_released_by_motrpac_v1.3_dream_acute,provided,not_selected,MoTrPAC_human_precovid_sed_adu,motrpac_human_plasma_endur_post,motrpac_human_precovid_endur_post_3.5_4hr_vs_pre,metab-u-lrppos,
LPC(26:0) [metab-u-lrppos] [refmet: LPC(26:0)],LPC(26:0),unclassified_no_refmet_match,0.0247561193829533,log2fc,0.385494986778126,0.503552826478927,benjamini_hochberg,within_each_platform_da_table_as_released_by_motrpac_v1.3_dream_acute,provided,not_selected,MoTrPAC_human_precovid_sed_adu,motrpac_human_plasma_endur_post,motrpac_human_precovid_endur_post_3.5_4hr_vs_pre,metab-u-lrppos,
"N2,N2-Dimethylguanosine [metab-u-hilicpos] [refmet: N2,N2-Dimethylguanosine]","N2,N2-Dimethylguanosine",Nucleic acids,0.0405915671852988,log2fc,0.397182222270931,0.503673107952268,benjamini_hochberg,within_each_platform_da_table_as_released_by_motrpac_v1.3_dream_acute,provided,not_selected,MoTrPAC_human_precovid_sed_adu,motrpac_human_plasma_endur_post,motrpac_human_precovid_endur_post_3.5_4hr_vs_pre,metab-u-hilicpos,
PC(O-36:3)_isomer1 [metab-u-lrppos] [refmet: PC(O-36:3)_isomer1],PC(O-36:3)_isomer1,unclassified_no_refmet_match,-0.0644923103874966,log2fc,0.391277460012937,0.509978622330593,benjamini_hochberg,within_each_platform_da_table_as_released_by_motrpac_v1.3_dream_acute,provided,not_selected,MoTrPAC_human_precovid_sed_adu,motrpac_human_plasma_endur_post,motrpac_human_precovid_endur_post_3.5_4hr_vs_pre,metab-u-lrppos,
LPC(22:6)>LPC(22:6/0:0) [metab-u-lrppos] [refmet: LPC(22:6)>LPC(22:6/0:0)],LPC(22:6)>LPC(22:6/0:0),unclassified_no_refmet_match,0.0409895903599207,log2fc,0.392040982397681,0.509978622330593,benjamini_hochberg,within_each_platform_da_table_as_released_by_motrpac_v1.3_dream_acute,provided,not_selected,MoTrPAC_human_precovid_sed_adu,motrpac_human_plasma_endur_post,motrpac_human_precovid_endur_post_3.5_4hr_vs_pre,metab-u-lrppos,
Homocysteine [metab-u-hilicpos] [refmet: Homocysteine],Homocysteine,Organic acids,-0.0452512967613448,log2fc,0.404753647185317,0.511421575865924,benjamini_hochberg,within_each_platform_da_table_as_released_by_motrpac_v1.3_dream_acute,provided,not_selected,MoTrPAC_human_precovid_sed_adu,motrpac_human_plasma_endur_post,motrpac_human_precovid_endur_post_3.5_4hr_vs_pre,metab-u-hilicpos,
FA 26:1;O2 [metab-u-lrpneg] [refmet: FA 26:1;O2],FA 26:1;O2,Fatty Acyls,-0.0877854588857474,log2fc,0.315432729481854,0.511503519893926,benjamini_hochberg,within_each_platform_da_table_as_released_by_motrpac_v1.3_dream_acute,provided,not_selected,MoTrPAC_human_precovid_sed_adu,motrpac_human_plasma_endur_post,motrpac_human_precovid_endur_post_3.5_4hr_vs_pre,metab-u-lrpneg,
SM(d42:2) [metab-u-lrpneg] [refmet: SM(d42:2)],SM(d42:2),unclassified_no_refmet_match,-0.0301177578181893,log2fc,0.317094432996972,0.511503519893926,benjamini_hochberg,within_each_platform_da_table_as_released_by_motrpac_v1.3_dream_acute,provided,not_selected,MoTrPAC_human_precovid_sed_adu,motrpac_human_plasma_endur_post,motrpac_human_precovid_endur_post_3.5_4hr_vs_pre,metab-u-lrpneg,
FA 26:2_isomer4 [metab-u-lrpneg] [refmet: FA 26:2_isomer4],FA 26:2_isomer4,unclassified_no_refmet_match,0.329045174733114,log2fc,0.31914310114849,0.511762014267697,benjamini_hochberg,within_each_platform_da_table_as_released_by_motrpac_v1.3_dream_acute,provided,not_selected,MoTrPAC_human_precovid_sed_adu,motrpac_human_plasma_endur_post,motrpac_human_precovid_endur_post_3.5_4hr_vs_pre,metab-u-lrpneg,
PC(38:6)>PC(16:0_22:6) [metab-u-lrpneg] [refmet: PC(38:6)>PC(16:0_22:6)],PC(38:6)>PC(16:0_22:6),unclassified_no_refmet_match,0.137523952775624,log2fc,0.323198760245413,0.515216847214747,benjamini_hochberg,within_each_platform_da_table_as_released_by_motrpac_v1.3_dream_acute,provided,not_selected,MoTrPAC_human_precovid_sed_adu,motrpac_human_plasma_endur_post,motrpac_human_precovid_endur_post_3.5_4hr_vs_pre,metab-u-lrpneg,
PE(O-36:4)>PE(O-18:2/18:2)_and_PE(O-36:4)>PE(O-16:1/20:3) [metab-u-lrpneg] [refmet: PE(O-36:4)>PE(O-18:2/18:2)_and_PE(O-36:4)>PE(O-16:1/20:3)],PE(O-36:4)>PE(O-18:2/18:2)_and_PE(O-36:4)>PE(O-16:1/20:3),unclassified_no_refmet_match,0.170684895340909,log2fc,0.326859777556823,0.518005846303503,benjamini_hochberg,within_each_platform_da_table_as_released_by_motrpac_v1.3_dream_acute,provided,not_selected,MoTrPAC_human_precovid_sed_adu,motrpac_human_plasma_endur_post,motrpac_human_precovid_endur_post_3.5_4hr_vs_pre,metab-u-lrpneg,
PE(O-38:6)>PE(O-18:1/20:5) [metab-u-lrppos] [refmet: PE(O-38:6)>PE(O-18:1/20:5)],PE(O-38:6)>PE(O-18:1/20:5),unclassified_no_refmet_match,-0.0311726592230244,log2fc,0.399138588392781,0.518136428410505,benjamini_hochberg,within_each_platform_da_table_as_released_by_motrpac_v1.3_dream_acute,provided,not_selected,MoTrPAC_human_precovid_sed_adu,motrpac_human_plasma_endur_post,motrpac_human_precovid_endur_post_3.5_4hr_vs_pre,metab-u-lrppos,
HexCer(d40:2)>HexCer(d18:1/22:1) [metab-u-lrppos] [refmet: HexCer(d40:2)>HexCer(d18:1/22:1)],HexCer(d40:2)>HexCer(d18:1/22:1),unclassified_no_refmet_match,-0.133286579534484,log2fc,0.401016838247827,0.519499085911958,benjamini_hochberg,within_each_platform_da_table_as_released_by_motrpac_v1.3_dream_acute,provided,not_selected,MoTrPAC_human_precovid_sed_adu,motrpac_human_plasma_endur_post,motrpac_human_precovid_endur_post_3.5_4hr_vs_pre,metab-u-lrppos,
Campesterol Ester(18:2) [metab-u-lrppos] [refmet: Campesterol Ester(18:2)],Campesterol Ester(18:2),unclassified_no_refmet_match,0.0734686367094284,log2fc,0.402594621135326,0.520467685467731,benjamini_hochberg,within_each_platform_da_table_as_released_by_motrpac_v1.3_dream_acute,provided,not_selected,MoTrPAC_human_precovid_sed_adu,motrpac_human_plasma_endur_post,motrpac_human_precovid_endur_post_3.5_4hr_vs_pre,metab-u-lrppos,
PC(40:2)_isomer2 [metab-u-lrppos] [refmet: PC(40:2)_isomer2],PC(40:2)_isomer2,unclassified_no_refmet_match,-0.0689527562114058,log2fc,0.404874611225205,0.521265669893641,benjamini_hochberg,within_each_platform_da_table_as_released_by_motrpac_v1.3_dream_acute,provided,not_selected,MoTrPAC_human_precovid_sed_adu,motrpac_human_plasma_endur_post,motrpac_human_precovid_endur_post_3.5_4hr_vs_pre,metab-u-lrppos,
SM(d32:0) [metab-u-lrppos] [refmet: SM(d32:0)],SM(d32:0),unclassified_no_refmet_match,0.0204811762827468,log2fc,0.404789542068573,0.521265669893641,benjamini_hochberg,within_each_platform_da_table_as_released_by_motrpac_v1.3_dream_acute,provided,not_selected,MoTrPAC_human_precovid_sed_adu,motrpac_human_plasma_endur_post,motrpac_human_precovid_endur_post_3.5_4hr_vs_pre,metab-u-lrppos,
LPC(20:4)_rp_a [metab-u-rppos] [refmet: LPC(20:4)_rp_a],LPC(20:4)_rp_a,unclassified_no_refmet_match,-0.0434805064617017,log2fc,0.404404830656948,0.524331780437974,benjamini_hochberg,within_each_platform_da_table_as_released_by_motrpac_v1.3_dream_acute,provided,not_selected,MoTrPAC_human_precovid_sed_adu,motrpac_human_plasma_endur_post,motrpac_human_precovid_endur_post_3.5_4hr_vs_pre,metab-u-rppos,
PC(36:2)>PC(18:1/18:1) _isomer1 [metab-u-lrpneg] [refmet: PC(36:2)>PC(18:1/18:1) _isomer1],PC(36:2)>PC(18:1/18:1) _isomer1,unclassified_no_refmet_match,-0.057462084110913,log2fc,0.335550732060377,0.525731117990046,benjamini_hochberg,within_each_platform_da_table_as_released_by_motrpac_v1.3_dream_acute,provided,not_selected,MoTrPAC_human_precovid_sed_adu,motrpac_human_plasma_endur_post,motrpac_human_precovid_endur_post_3.5_4hr_vs_pre,metab-u-lrpneg,
PC(O-38:6)>PC(O-18:2/20:4) _isomer2 [metab-u-lrpneg] [refmet: PC(O-38:6)>PC(O-18:2/20:4) _isomer2],PC(O-38:6)>PC(O-18:2/20:4) _isomer2,unclassified_no_refmet_match,0.0490243931880769,log2fc,0.335614329934605,0.525731117990046,benjamini_hochberg,within_each_platform_da_table_as_released_by_motrpac_v1.3_dream_acute,provided,not_selected,MoTrPAC_human_precovid_sed_adu,motrpac_human_plasma_endur_post,motrpac_human_precovid_endur_post_3.5_4hr_vs_pre,metab-u-lrpneg,
N-Acetylvaline [metab-u-hilicpos] [refmet: N-Acetylvaline],N-Acetylvaline,Organic acids,-0.0539860637516956,log2fc,0.418044551588258,0.526315082934858,benjamini_hochberg,within_each_platform_da_table_as_released_by_motrpac_v1.3_dream_acute,provided,not_selected,MoTrPAC_human_precovid_sed_adu,motrpac_human_plasma_endur_post,motrpac_human_precovid_endur_post_3.5_4hr_vs_pre,metab-u-hilicpos,
TG(55:3) [metab-u-lrppos] [refmet: TG(55:3)],TG(55:3),unclassified_no_refmet_match,-0.0683222276758073,log2fc,0.410522274636012,0.527453824173728,benjamini_hochberg,within_each_platform_da_table_as_released_by_motrpac_v1.3_dream_acute,provided,not_selected,MoTrPAC_human_precovid_sed_adu,motrpac_human_plasma_endur_post,motrpac_human_precovid_endur_post_3.5_4hr_vs_pre,metab-u-lrppos,
PE 34:1 [metab-u-hilicpos] [refmet: PE 34:1],PE 34:1,Glycerophospholipids,-0.0340494871121564,log2fc,0.42332821168183,0.531056896375056,benjamini_hochberg,within_each_platform_da_table_as_released_by_motrpac_v1.3_dream_acute,provided,not_selected,MoTrPAC_human_precovid_sed_adu,motrpac_human_plasma_endur_post,motrpac_human_precovid_endur_post_3.5_4hr_vs_pre,metab-u-hilicpos,
PC(33:3)_isomer1 [metab-u-lrppos] [refmet: PC(33:3)_isomer1],PC(33:3)_isomer1,unclassified_no_refmet_match,0.0571074994457064,log2fc,0.416424685240321,0.532853627848329,benjamini_hochberg,within_each_platform_da_table_as_released_by_motrpac_v1.3_dream_acute,provided,not_selected,MoTrPAC_human_precovid_sed_adu,motrpac_human_plasma_endur_post,motrpac_human_precovid_endur_post_3.5_4hr_vs_pre,metab-u-lrppos,
PC(34:2)_isomer2 [metab-u-lrppos] [refmet: PC(34:2)_isomer2],PC(34:2)_isomer2,unclassified_no_refmet_match,0.0388996892954232,log2fc,0.416149843092987,0.532853627848329,benjamini_hochberg,within_each_platform_da_table_as_released_by_motrpac_v1.3_dream_acute,provided,not_selected,MoTrPAC_human_precovid_sed_adu,motrpac_human_plasma_endur_post,motrpac_human_precovid_endur_post_3.5_4hr_vs_pre,metab-u-lrppos,
PC(35:3) [metab-u-rppos] [refmet: PC(35:3)],PC(35:3),unclassified_no_refmet_match,-0.0255237737496508,log2fc,0.414345087919925,0.53354025019826,benjamini_hochberg,within_each_platform_da_table_as_released_by_motrpac_v1.3_dream_acute,provided,not_selected,MoTrPAC_human_precovid_sed_adu,motrpac_human_plasma_endur_post,motrpac_human_precovid_endur_post_3.5_4hr_vs_pre,metab-u-rppos,
PE(O-34:2)>PE(O-16:2/18:0)_and_PE(O-18:2/16:0) [metab-u-lrpneg] [refmet: PE(O-34:2)>PE(O-16:2/18:0)_and_PE(O-18:2/16:0)],PE(O-34:2)>PE(O-16:2/18:0)_and_PE(O-18:2/16:0),unclassified_no_refmet_match,-0.253387808149952,log2fc,0.345624139241038,0.535774534082724,benjamini_hochberg,within_each_platform_da_table_as_released_by_motrpac_v1.3_dream_acute,provided,not_selected,MoTrPAC_human_precovid_sed_adu,motrpac_human_plasma_endur_post,motrpac_human_precovid_endur_post_3.5_4hr_vs_pre,metab-u-lrpneg,
FA 26:5;O2_isomer3 [metab-u-lrpneg] [refmet: FA 26:5;O2_isomer3],FA 26:5;O2_isomer3,unclassified_no_refmet_match,-0.0815836949013438,log2fc,0.345979865182571,0.535774534082724,benjamini_hochberg,within_each_platform_da_table_as_released_by_motrpac_v1.3_dream_acute,provided,not_selected,MoTrPAC_human_precovid_sed_adu,motrpac_human_plasma_endur_post,motrpac_human_precovid_endur_post_3.5_4hr_vs_pre,metab-u-lrpneg,
TG(51:2)>TG(16:0_17:1_18:1) [metab-u-lrppos] [refmet: TG(51:2)>TG(16:0_17:1_18:1)],TG(51:2)>TG(16:0_17:1_18:1),unclassified_no_refmet_match,-0.140071302920262,log2fc,0.423795505819033,0.538985359327655,benjamini_hochberg,within_each_platform_da_table_as_released_by_motrpac_v1.3_dream_acute,provided,not_selected,MoTrPAC_human_precovid_sed_adu,motrpac_human_plasma_endur_post,motrpac_human_precovid_endur_post_3.5_4hr_vs_pre,metab-u-lrppos,
PC(O-38:5)_isomer4 [metab-u-lrppos] [refmet: PC(O-38:5)_isomer4],PC(O-38:5)_isomer4,unclassified_no_refmet_match,0.0673060867127795,log2fc,0.422320506874479,0.538985359327655,benjamini_hochberg,within_each_platform_da_table_as_released_by_motrpac_v1.3_dream_acute,provided,not_selected,MoTrPAC_human_precovid_sed_adu,motrpac_human_plasma_endur_post,motrpac_human_precovid_endur_post_3.5_4hr_vs_pre,metab-u-lrppos,
PC(O-36:3)_isomer2 [metab-u-lrppos] [refmet: PC(O-36:3)_isomer2],PC(O-36:3)_isomer2,unclassified_no_refmet_match,0.0588738546388612,log2fc,0.42369851120249,0.538985359327655,benjamini_hochberg,within_each_platform_da_table_as_released_by_motrpac_v1.3_dream_acute,provided,not_selected,MoTrPAC_human_precovid_sed_adu,motrpac_human_plasma_endur_post,motrpac_human_precovid_endur_post_3.5_4hr_vs_pre,metab-u-lrppos,
TG(58:6) [metab-u-lrppos] [refmet: TG(58:6)],TG(58:6),unclassified_no_refmet_match,0.0779668375253486,log2fc,0.425239082010376,0.539726527167015,benjamini_hochberg,within_each_platform_da_table_as_released_by_motrpac_v1.3_dream_acute,provided,not_selected,MoTrPAC_human_precovid_sed_adu,motrpac_human_plasma_endur_post,motrpac_human_precovid_endur_post_3.5_4hr_vs_pre,metab-u-lrppos,
PC(40:5)_isomer2 [metab-u-lrppos] [refmet: PC(40:5)_isomer2],PC(40:5)_isomer2,unclassified_no_refmet_match,-0.0788526589386684,log2fc,0.427173856702432,0.541086885156414,benjamini_hochberg,within_each_platform_da_table_as_released_by_motrpac_v1.3_dream_acute,provided,not_selected,MoTrPAC_human_precovid_sed_adu,motrpac_human_plasma_endur_post,motrpac_human_precovid_endur_post_3.5_4hr_vs_pre,metab-u-lrppos,
Car(26:0) [metab-u-lrppos] [refmet: Car(26:0)],Car(26:0),unclassified_no_refmet_match,-0.0170901092217868,log2fc,0.428327739720845,0.541454622590665,benjamini_hochberg,within_each_platform_da_table_as_released_by_motrpac_v1.3_dream_acute,provided,not_selected,MoTrPAC_human_precovid_sed_adu,motrpac_human_plasma_endur_post,motrpac_human_precovid_endur_post_3.5_4hr_vs_pre,metab-u-lrppos,
TG(54:6)>TG(16:0_18:2_20:4) [metab-u-lrppos] [refmet: TG(54:6)>TG(16:0_18:2_20:4)],TG(54:6)>TG(16:0_18:2_20:4),unclassified_no_refmet_match,0.0499054915419457,log2fc,0.431177861115218,0.542868511886028,benjamini_hochberg,within_each_platform_da_table_as_released_by_motrpac_v1.3_dream_acute,provided,not_selected,MoTrPAC_human_precovid_sed_adu,motrpac_human_plasma_endur_post,motrpac_human_precovid_endur_post_3.5_4hr_vs_pre,metab-u-lrppos,
TG(50:3)_isomer1 [metab-u-lrppos] [refmet: TG(50:3)_isomer1],TG(50:3)_isomer1,unclassified_no_refmet_match,-0.035687539727153,log2fc,0.430664018051337,0.542868511886028,benjamini_hochberg,within_each_platform_da_table_as_released_by_motrpac_v1.3_dream_acute,provided,not_selected,MoTrPAC_human_precovid_sed_adu,motrpac_human_plasma_endur_post,motrpac_human_precovid_endur_post_3.5_4hr_vs_pre,metab-u-lrppos,
PC(30:0)>PC(14:0_16:0) [metab-u-lrpneg] [refmet: PC(30:0)>PC(14:0_16:0)],PC(30:0)>PC(14:0_16:0),unclassified_no_refmet_match,-0.112766757338658,log2fc,0.353827568914023,0.544814040771024,benjamini_hochberg,within_each_platform_da_table_as_released_by_motrpac_v1.3_dream_acute,provided,not_selected,MoTrPAC_human_precovid_sed_adu,motrpac_human_plasma_endur_post,motrpac_human_precovid_endur_post_3.5_4hr_vs_pre,metab-u-lrpneg,
PC(O-35:3)>PC(O-17:1/18:2) [metab-u-lrpneg] [refmet: PC(O-35:3)>PC(O-17:1/18:2)],PC(O-35:3)>PC(O-17:1/18:2),unclassified_no_refmet_match,0.230267476168255,log2fc,0.356497704946718,0.54582416972068,benjamini_hochberg,within_each_platform_da_table_as_released_by_motrpac_v1.3_dream_acute,provided,not_selected,MoTrPAC_human_precovid_sed_adu,motrpac_human_plasma_endur_post,motrpac_human_precovid_endur_post_3.5_4hr_vs_pre,metab-u-lrpneg,
LPC(22:5) [metab-u-lrppos] [refmet: LPC(22:5)],LPC(22:5),unclassified_no_refmet_match,-0.0494548775018728,log2fc,0.439284073868279,0.551966160952727,benjamini_hochberg,within_each_platform_da_table_as_released_by_motrpac_v1.3_dream_acute,provided,not_selected,MoTrPAC_human_precovid_sed_adu,motrpac_human_plasma_endur_post,motrpac_human_precovid_endur_post_3.5_4hr_vs_pre,metab-u-lrppos,
PE P-34:1 or PE O-34:2 [metab-u-hilicpos] [refmet: PE P-34:1 or PE O-34:2],PE P-34:1 or PE O-34:2,Glycerophospholipids,-0.0215773935742085,log2fc,0.44278281922777,0.553478524034713,benjamini_hochberg,within_each_platform_da_table_as_released_by_motrpac_v1.3_dream_acute,provided,not_selected,MoTrPAC_human_precovid_sed_adu,motrpac_human_plasma_endur_post,motrpac_human_precovid_endur_post_3.5_4hr_vs_pre,metab-u-hilicpos,
LPC 16:1 [metab-u-hilicpos] [refmet: LPC 16:1],LPC 16:1,Glycerophospholipids,0.0188811535718827,log2fc,0.445208957220946,0.55453072963463,benjamini_hochberg,within_each_platform_da_table_as_released_by_motrpac_v1.3_dream_acute,provided,not_selected,MoTrPAC_human_precovid_sed_adu,motrpac_human_plasma_endur_post,motrpac_human_precovid_endur_post_3.5_4hr_vs_pre,metab-u-hilicpos,
Suberic acid [metab-u-rpneg] [refmet: Suberic acid],Suberic acid,Fatty Acyls,0.0561374349864057,log2fc,0.462494432706299,0.554993319247559,benjamini_hochberg,within_each_platform_da_table_as_released_by_motrpac_v1.3_dream_acute,provided,not_selected,MoTrPAC_human_precovid_sed_adu,motrpac_human_plasma_endur_post,motrpac_human_precovid_endur_post_3.5_4hr_vs_pre,metab-u-rpneg,
Pro-Tyr [metab-u-hilicpos] [refmet: Pro-Tyr],Pro-Tyr,Organic acids,0.0593175435783415,log2fc,0.4471973812807,0.555032210809379,benjamini_hochberg,within_each_platform_da_table_as_released_by_motrpac_v1.3_dream_acute,provided,not_selected,MoTrPAC_human_precovid_sed_adu,motrpac_human_plasma_endur_post,motrpac_human_precovid_endur_post_3.5_4hr_vs_pre,metab-u-hilicpos,
PC(35:0) [metab-u-lrppos] [refmet: PC(35:0)],PC(35:0),unclassified_no_refmet_match,-0.0508317361898172,log2fc,0.442975414363333,0.55549116961162,benjamini_hochberg,within_each_platform_da_table_as_released_by_motrpac_v1.3_dream_acute,provided,not_selected,MoTrPAC_human_precovid_sed_adu,motrpac_human_plasma_endur_post,motrpac_human_precovid_endur_post_3.5_4hr_vs_pre,metab-u-lrppos,
PE(38:4)>PE(18:0_20:4)_isomer2 [metab-u-lrpneg] [refmet: PE(38:4)>PE(18:0_20:4)_isomer2],PE(38:4)>PE(18:0_20:4)_isomer2,unclassified_no_refmet_match,-0.151380663363668,log2fc,0.365268721485436,0.556111368104232,benjamini_hochberg,within_each_platform_da_table_as_released_by_motrpac_v1.3_dream_acute,provided,not_selected,MoTrPAC_human_precovid_sed_adu,motrpac_human_plasma_endur_post,motrpac_human_precovid_endur_post_3.5_4hr_vs_pre,metab-u-lrpneg,
Sphinganine [metab-u-rppos] [refmet: Sphinganine],Sphinganine,Sphingolipids,-0.0651905216854871,log2fc,0.436729675471822,0.558538632576207,benjamini_hochberg,within_each_platform_da_table_as_released_by_motrpac_v1.3_dream_acute,provided,not_selected,MoTrPAC_human_precovid_sed_adu,motrpac_human_plasma_endur_post,motrpac_human_precovid_endur_post_3.5_4hr_vs_pre,metab-u-rppos,
C16 Sphinganine [metab-u-hilicpos] [refmet: C16 Sphinganine],C16 Sphinganine,Sphingolipids,-0.0192638216433281,log2fc,0.451953287640597,0.558952829237487,benjamini_hochberg,within_each_platform_da_table_as_released_by_motrpac_v1.3_dream_acute,provided,not_selected,MoTrPAC_human_precovid_sed_adu,motrpac_human_plasma_endur_post,motrpac_human_precovid_endur_post_3.5_4hr_vs_pre,metab-u-hilicpos,
PE(O-40:7)>PE(O-18:1/22:6)_and_PE(O-22:7/18:0) [metab-u-lrpneg] [refmet: PE(O-40:7)>PE(O-18:1/22:6)_and_PE(O-22:7/18:0)],PE(O-40:7)>PE(O-18:1/22:6)_and_PE(O-22:7/18:0),unclassified_no_refmet_match,0.11530397602538,log2fc,0.36975006595948,0.559789206005693,benjamini_hochberg,within_each_platform_da_table_as_released_by_motrpac_v1.3_dream_acute,provided,not_selected,MoTrPAC_human_precovid_sed_adu,motrpac_human_plasma_endur_post,motrpac_human_precovid_endur_post_3.5_4hr_vs_pre,metab-u-lrpneg,
Phenylalanine [metab-u-rpneg] [refmet: Phenylalanine],Phenylalanine,Organic acids,-0.0305871747547783,log2fc,0.473191609690555,0.561227258005077,benjamini_hochberg,within_each_platform_da_table_as_released_by_motrpac_v1.3_dream_acute,provided,not_selected,MoTrPAC_human_precovid_sed_adu,motrpac_human_plasma_endur_post,motrpac_human_precovid_endur_post_3.5_4hr_vs_pre,metab-u-rpneg,
TG(53:4)_isomer1 [metab-u-lrppos] [refmet: TG(53:4)_isomer1],TG(53:4)_isomer1,unclassified_no_refmet_match,-0.149537683763857,log2fc,0.450195363317219,0.562295802390232,benjamini_hochberg,within_each_platform_da_table_as_released_by_motrpac_v1.3_dream_acute,provided,not_selected,MoTrPAC_human_precovid_sed_adu,motrpac_human_plasma_endur_post,motrpac_human_precovid_endur_post_3.5_4hr_vs_pre,metab-u-lrppos,
PC(36:2)_isomer1 [metab-u-lrppos] [refmet: PC(36:2)_isomer1],PC(36:2)_isomer1,unclassified_no_refmet_match,0.0230632983615529,log2fc,0.449635367262796,0.562295802390232,benjamini_hochberg,within_each_platform_da_table_as_released_by_motrpac_v1.3_dream_acute,provided,not_selected,MoTrPAC_human_precovid_sed_adu,motrpac_human_plasma_endur_post,motrpac_human_precovid_endur_post_3.5_4hr_vs_pre,metab-u-lrppos,
TG(52:2)>TG(16:0_18:1_18:1)_and_TG(16:0_18:0_18:2) M + NH3 [metab-u-lrppos] [refmet: TG(52:2)>TG(16:0_18:1_18:1)_and_TG(16:0_18:0_18:2) M + NH3],TG(52:2)>TG(16:0_18:1_18:1)_and_TG(16:0_18:0_18:2) M + NH3,unclassified_no_refmet_match,0.03295774828349,log2fc,0.451944779009488,0.562714260168396,benjamini_hochberg,within_each_platform_da_table_as_released_by_motrpac_v1.3_dream_acute,provided,not_selected,MoTrPAC_human_precovid_sed_adu,motrpac_human_plasma_endur_post,motrpac_human_precovid_endur_post_3.5_4hr_vs_pre,metab-u-lrppos,
SM(d32:1) [metab-u-lrppos] [refmet: SM(d32:1)],SM(d32:1),unclassified_no_refmet_match,0.0216712499692058,log2fc,0.45232533831718,0.562714260168396,benjamini_hochberg,within_each_platform_da_table_as_released_by_motrpac_v1.3_dream_acute,provided,not_selected,MoTrPAC_human_precovid_sed_adu,motrpac_human_plasma_endur_post,motrpac_human_precovid_endur_post_3.5_4hr_vs_pre,metab-u-lrppos,
PC(O-37:5)_isomer2 [metab-u-lrppos] [refmet: PC(O-37:5)_isomer2],PC(O-37:5)_isomer2,unclassified_no_refmet_match,0.0332099883765054,log2fc,0.455078367934809,0.565018092465594,benjamini_hochberg,within_each_platform_da_table_as_released_by_motrpac_v1.3_dream_acute,provided,not_selected,MoTrPAC_human_precovid_sed_adu,motrpac_human_plasma_endur_post,motrpac_human_precovid_endur_post_3.5_4hr_vs_pre,metab-u-lrppos,
PC(O-40:4)_isomer2 [metab-u-lrppos] [refmet: PC(O-40:4)_isomer2],PC(O-40:4)_isomer2,unclassified_no_refmet_match,0.0436704472875249,log2fc,0.456735395259146,0.565954728908072,benjamini_hochberg,within_each_platform_da_table_as_released_by_motrpac_v1.3_dream_acute,provided,not_selected,MoTrPAC_human_precovid_sed_adu,motrpac_human_plasma_endur_post,motrpac_human_precovid_endur_post_3.5_4hr_vs_pre,metab-u-lrppos,
Glyceraldehyde 3-phosphate [metab-u-ionpneg] [refmet: Glyceraldehyde 3-phosphate],Glyceraldehyde 3-phosphate,Organic acids,-0.04165078058017,log2fc,0.532059224553245,0.569396713995578,benjamini_hochberg,within_each_platform_da_table_as_released_by_motrpac_v1.3_dream_acute,provided,not_selected,MoTrPAC_human_precovid_sed_adu,motrpac_human_plasma_endur_post,motrpac_human_precovid_endur_post_3.5_4hr_vs_pre,metab-u-ionpneg,
PC(O-36:4)_isomer2 [metab-u-lrppos] [refmet: PC(O-36:4)_isomer2],PC(O-36:4)_isomer2,unclassified_no_refmet_match,0.0313468736093512,log2fc,0.46103405711298,0.570154544003626,benjamini_hochberg,within_each_platform_da_table_as_released_by_motrpac_v1.3_dream_acute,provided,not_selected,MoTrPAC_human_precovid_sed_adu,motrpac_human_plasma_endur_post,motrpac_human_precovid_endur_post_3.5_4hr_vs_pre,metab-u-lrppos,
HexCer(d42:2)>HexCer(d18:1/24:1) [metab-u-lrppos] [refmet: HexCer(d42:2)>HexCer(d18:1/24:1)],HexCer(d42:2)>HexCer(d18:1/24:1),unclassified_no_refmet_match,-0.250058678036023,log2fc,0.462339285278902,0.570643172972188,benjamini_hochberg,within_each_platform_da_table_as_released_by_motrpac_v1.3_dream_acute,provided,not_selected,MoTrPAC_human_precovid_sed_adu,motrpac_human_plasma_endur_post,motrpac_human_precovid_endur_post_3.5_4hr_vs_pre,metab-u-lrppos,
PE 36:4 [metab-u-hilicpos] [refmet: PE 36:4],PE 36:4,Glycerophospholipids,0.0212585247672834,log2fc,0.463673784706008,0.57142896002501,benjamini_hochberg,within_each_platform_da_table_as_released_by_motrpac_v1.3_dream_acute,provided,not_selected,MoTrPAC_human_precovid_sed_adu,motrpac_human_plasma_endur_post,motrpac_human_precovid_endur_post_3.5_4hr_vs_pre,metab-u-hilicpos,
N6-Acetyllysine [metab-u-hilicpos] [refmet: N6-Acetyllysine],N6-Acetyllysine,Organic acids,-0.0187613827773809,log2fc,0.465940167566812,0.572207223327664,benjamini_hochberg,within_each_platform_da_table_as_released_by_motrpac_v1.3_dream_acute,provided,not_selected,MoTrPAC_human_precovid_sed_adu,motrpac_human_plasma_endur_post,motrpac_human_precovid_endur_post_3.5_4hr_vs_pre,metab-u-hilicpos,
FA 18:0;O_isomer2 [metab-u-lrpneg] [refmet: FA 18:0;O_isomer2],FA 18:0;O_isomer2,unclassified_no_refmet_match,-0.400299653193894,log2fc,0.380508239922627,0.572876294550177,benjamini_hochberg,within_each_platform_da_table_as_released_by_motrpac_v1.3_dream_acute,provided,not_selected,MoTrPAC_human_precovid_sed_adu,motrpac_human_plasma_endur_post,motrpac_human_precovid_endur_post_3.5_4hr_vs_pre,metab-u-lrpneg,
Retinoic acid [metab-u-rpneg] [refmet: Retinoic acid],Retinoic acid,Prenol Lipids,0.124917358319113,log2fc,0.492474423789395,0.574771293972018,benjamini_hochberg,within_each_platform_da_table_as_released_by_motrpac_v1.3_dream_acute,provided,not_selected,MoTrPAC_human_precovid_sed_adu,motrpac_human_plasma_endur_post,motrpac_human_precovid_endur_post_3.5_4hr_vs_pre,metab-u-rpneg,
Tetracosenoic acid [metab-u-rpneg] [refmet: Tetracosenoic acid],Tetracosenoic acid,Fatty Acyls,0.0481513815422794,log2fc,0.495881116368015,0.574771293972018,benjamini_hochberg,within_each_platform_da_table_as_released_by_motrpac_v1.3_dream_acute,provided,not_selected,MoTrPAC_human_precovid_sed_adu,motrpac_human_plasma_endur_post,motrpac_human_precovid_endur_post_3.5_4hr_vs_pre,metab-u-rpneg,
PE(O-38:4)>PE(O-18:0/20:4)_and_PE(O-18:2/20:2)_isomer1 [metab-u-lrpneg] [refmet: PE(O-38:4)>PE(O-18:0/20:4)_and_PE(O-18:2/20:2)_isomer1],PE(O-38:4)>PE(O-18:0/20:4)_and_PE(O-18:2/20:2)_isomer1,unclassified_no_refmet_match,-0.220977698685441,log2fc,0.385055516681727,0.576519585749989,benjamini_hochberg,within_each_platform_da_table_as_released_by_motrpac_v1.3_dream_acute,provided,not_selected,MoTrPAC_human_precovid_sed_adu,motrpac_human_plasma_endur_post,motrpac_human_precovid_endur_post_3.5_4hr_vs_pre,metab-u-lrpneg,
Uric acid [metab-u-rppos] [refmet: Uric acid],Uric acid,Nucleic acids,-0.0367943596946283,log2fc,0.458619970016803,0.582571313264587,benjamini_hochberg,within_each_platform_da_table_as_released_by_motrpac_v1.3_dream_acute,provided,not_selected,MoTrPAC_human_precovid_sed_adu,motrpac_human_plasma_endur_post,motrpac_human_precovid_endur_post_3.5_4hr_vs_pre,metab-u-rppos,
TG(56:8) [metab-u-lrppos] [refmet: TG(56:8)],TG(56:8),unclassified_no_refmet_match,0.0689354471588359,log2fc,0.475232626242169,0.585404433504598,benjamini_hochberg,within_each_platform_da_table_as_released_by_motrpac_v1.3_dream_acute,provided,not_selected,MoTrPAC_human_precovid_sed_adu,motrpac_human_plasma_endur_post,motrpac_human_precovid_endur_post_3.5_4hr_vs_pre,metab-u-lrppos,
PE(34:2)>PE(16:0_18:2) [metab-u-lrpneg] [refmet: PE(34:2)>PE(16:0_18:2)],PE(34:2)>PE(16:0_18:2),unclassified_no_refmet_match,0.318297763698137,log2fc,0.393688897836948,0.585530199702234,benjamini_hochberg,within_each_platform_da_table_as_released_by_motrpac_v1.3_dream_acute,provided,not_selected,MoTrPAC_human_precovid_sed_adu,motrpac_human_plasma_endur_post,motrpac_human_precovid_endur_post_3.5_4hr_vs_pre,metab-u-lrpneg,
FA 15:1_isomer2 [metab-u-lrpneg] [refmet: FA 15:1_isomer2],FA 15:1_isomer2,unclassified_no_refmet_match,0.160500283506114,log2fc,0.397272574866614,0.585530199702234,benjamini_hochberg,within_each_platform_da_table_as_released_by_motrpac_v1.3_dream_acute,provided,not_selected,MoTrPAC_human_precovid_sed_adu,motrpac_human_plasma_endur_post,motrpac_human_precovid_endur_post_3.5_4hr_vs_pre,metab-u-lrpneg,
LPE(20:4)>LPE(20:4/0:0)_and_LPE(0:0/20:4) [metab-u-lrpneg] [refmet: LPE(20:4)>LPE(20:4/0:0)_and_LPE(0:0/20:4)],LPE(20:4)>LPE(20:4/0:0)_and_LPE(0:0/20:4),unclassified_no_refmet_match,0.0359887107373922,log2fc,0.397555559945428,0.585530199702234,benjamini_hochberg,within_each_platform_da_table_as_released_by_motrpac_v1.3_dream_acute,provided,not_selected,MoTrPAC_human_precovid_sed_adu,motrpac_human_plasma_endur_post,motrpac_human_precovid_endur_post_3.5_4hr_vs_pre,metab-u-lrpneg,
LPC(18:1) [metab-u-rppos] [refmet: LPC(18:1)],LPC(18:1),unclassified_no_refmet_match,0.0496019596271076,log2fc,0.465390478947751,0.5872040942428,benjamini_hochberg,within_each_platform_da_table_as_released_by_motrpac_v1.3_dream_acute,provided,not_selected,MoTrPAC_human_precovid_sed_adu,motrpac_human_plasma_endur_post,motrpac_human_precovid_endur_post_3.5_4hr_vs_pre,metab-u-rppos,
N-Acetylalanine [metab-u-rppos] [refmet: N-Acetylalanine],N-Acetylalanine,Organic acids,-0.0586051481297822,log2fc,0.470025979193824,0.58909922725626,benjamini_hochberg,within_each_platform_da_table_as_released_by_motrpac_v1.3_dream_acute,provided,not_selected,MoTrPAC_human_precovid_sed_adu,motrpac_human_plasma_endur_post,motrpac_human_precovid_endur_post_3.5_4hr_vs_pre,metab-u-rppos,
PE(O-35:3)>PE(O-17:1/18:2) [metab-u-lrpneg] [refmet: PE(O-35:3)>PE(O-17:1/18:2)],PE(O-35:3)>PE(O-17:1/18:2),unclassified_no_refmet_match,-0.122197932388691,log2fc,0.407840200953296,0.59743078085591,benjamini_hochberg,within_each_platform_da_table_as_released_by_motrpac_v1.3_dream_acute,provided,not_selected,MoTrPAC_human_precovid_sed_adu,motrpac_human_plasma_endur_post,motrpac_human_precovid_endur_post_3.5_4hr_vs_pre,metab-u-lrpneg,
PC(O-36:5)_isomer2 [metab-u-lrppos] [refmet: PC(O-36:5)_isomer2],PC(O-36:5)_isomer2,unclassified_no_refmet_match,0.0728560921663153,log2fc,0.487550450654319,0.599400259922075,benjamini_hochberg,within_each_platform_da_table_as_released_by_motrpac_v1.3_dream_acute,provided,not_selected,MoTrPAC_human_precovid_sed_adu,motrpac_human_plasma_endur_post,motrpac_human_precovid_endur_post_3.5_4hr_vs_pre,metab-u-lrppos,
LPE(O-18:1) [metab-u-lrppos] [refmet: LPE(O-18:1)],LPE(O-18:1),unclassified_no_refmet_match,-0.0477940027021049,log2fc,0.488737880113484,0.599603444139009,benjamini_hochberg,within_each_platform_da_table_as_released_by_motrpac_v1.3_dream_acute,provided,not_selected,MoTrPAC_human_precovid_sed_adu,motrpac_human_plasma_endur_post,motrpac_human_precovid_endur_post_3.5_4hr_vs_pre,metab-u-lrppos,
SM(d33:2) [metab-u-lrppos] [refmet: SM(d33:2)],SM(d33:2),unclassified_no_refmet_match,0.0135559404098551,log2fc,0.48962833078018,0.599603444139009,benjamini_hochberg,within_each_platform_da_table_as_released_by_motrpac_v1.3_dream_acute,provided,not_selected,MoTrPAC_human_precovid_sed_adu,motrpac_human_plasma_endur_post,motrpac_human_precovid_endur_post_3.5_4hr_vs_pre,metab-u-lrppos,
Ile-Val [metab-u-rppos] [refmet: Ile-Val],Ile-Val,Organic acids,-0.0542962881088087,log2fc,0.481682855728205,0.599711105145049,benjamini_hochberg,within_each_platform_da_table_as_released_by_motrpac_v1.3_dream_acute,provided,not_selected,MoTrPAC_human_precovid_sed_adu,motrpac_human_plasma_endur_post,motrpac_human_precovid_endur_post_3.5_4hr_vs_pre,metab-u-rppos,
12(13)-EpMOE [metab-t-oxylipneg] [refmet: 12(13)-EpMOE],12(13)-EpMOE,unclassified_no_refmet_match,0.0022967305272894,log2fc,0.238552895512986,0.602874333229105,benjamini_hochberg,within_each_platform_da_table_as_released_by_motrpac_v1.3_dream_acute,provided,not_selected,MoTrPAC_human_precovid_sed_adu,motrpac_human_plasma_endur_post,motrpac_human_precovid_endur_post_3.5_4hr_vs_pre,metab-t-oxylipneg,
13-HODE [metab-t-oxylipneg] [refmet: 13-HODE],13-HODE,Fatty Acyls,0.0014582599510333,log2fc,0.301437166614552,0.602874333229105,benjamini_hochberg,within_each_platform_da_table_as_released_by_motrpac_v1.3_dream_acute,provided,not_selected,MoTrPAC_human_precovid_sed_adu,motrpac_human_plasma_endur_post,motrpac_human_precovid_endur_post_3.5_4hr_vs_pre,metab-t-oxylipneg,
PC(O-40:6)_isomer2 [metab-u-lrppos] [refmet: PC(O-40:6)_isomer2],PC(O-40:6)_isomer2,unclassified_no_refmet_match,0.0375873596917877,log2fc,0.49398919975598,0.603764577479531,benjamini_hochberg,within_each_platform_da_table_as_released_by_motrpac_v1.3_dream_acute,provided,not_selected,MoTrPAC_human_precovid_sed_adu,motrpac_human_plasma_endur_post,motrpac_human_precovid_endur_post_3.5_4hr_vs_pre,metab-u-lrppos,
CAR(8:0) [metab-u-rppos] [refmet: CAR(8:0)],CAR(8:0),unclassified_no_refmet_match,-0.0602322721379949,log2fc,0.494249122775783,0.60468996551072,benjamini_hochberg,within_each_platform_da_table_as_released_by_motrpac_v1.3_dream_acute,provided,not_selected,MoTrPAC_human_precovid_sed_adu,motrpac_human_plasma_endur_post,motrpac_human_precovid_endur_post_3.5_4hr_vs_pre,metab-u-rppos,
CAR(10:1) [metab-u-rppos] [refmet: CAR(10:1)],CAR(10:1),unclassified_no_refmet_match,-0.0598837258026848,log2fc,0.501764013934427,0.60468996551072,benjamini_hochberg,within_each_platform_da_table_as_released_by_motrpac_v1.3_dream_acute,provided,not_selected,MoTrPAC_human_precovid_sed_adu,motrpac_human_plasma_endur_post,motrpac_human_precovid_endur_post_3.5_4hr_vs_pre,metab-u-rppos,
CAR(18:0) [metab-u-rppos] [refmet: CAR(18:0)],CAR(18:0),unclassified_no_refmet_match,0.0482264052555124,log2fc,0.497302022137048,0.60468996551072,benjamini_hochberg,within_each_platform_da_table_as_released_by_motrpac_v1.3_dream_acute,provided,not_selected,MoTrPAC_human_precovid_sed_adu,motrpac_human_plasma_endur_post,motrpac_human_precovid_endur_post_3.5_4hr_vs_pre,metab-u-rppos,
LPC(20:3)_rp_a [metab-u-rppos] [refmet: LPC(20:3)_rp_a],LPC(20:3)_rp_a,unclassified_no_refmet_match,-0.0412800744863304,log2fc,0.500103254099364,0.60468996551072,benjamini_hochberg,within_each_platform_da_table_as_released_by_motrpac_v1.3_dream_acute,provided,not_selected,MoTrPAC_human_precovid_sed_adu,motrpac_human_plasma_endur_post,motrpac_human_precovid_endur_post_3.5_4hr_vs_pre,metab-u-rppos,
Pyridoxamine [metab-u-rppos] [refmet: Pyridoxamine],Pyridoxamine,Alkaloids,0.0295450988533865,log2fc,0.493709271079874,0.60468996551072,benjamini_hochberg,within_each_platform_da_table_as_released_by_motrpac_v1.3_dream_acute,provided,not_selected,MoTrPAC_human_precovid_sed_adu,motrpac_human_plasma_endur_post,motrpac_human_precovid_endur_post_3.5_4hr_vs_pre,metab-u-rppos,
"N,N-Dicyclohexylamine [metab-u-hilicpos] [refmet: N,N-Dicyclohexylamine]","N,N-Dicyclohexylamine",Organic nitrogen compounds,-0.149713206017895,log2fc,0.495102966680748,0.605895238944972,benjamini_hochberg,within_each_platform_da_table_as_released_by_motrpac_v1.3_dream_acute,provided,not_selected,MoTrPAC_human_precovid_sed_adu,motrpac_human_plasma_endur_post,motrpac_human_precovid_endur_post_3.5_4hr_vs_pre,metab-u-hilicpos,
PE(32:1)>PE(16:0_16:1) [metab-u-lrpneg] [refmet: PE(32:1)>PE(16:0_16:1)],PE(32:1)>PE(16:0_16:1),unclassified_no_refmet_match,-0.165110906837484,log2fc,0.420489152731067,0.606130640372974,benjamini_hochberg,within_each_platform_da_table_as_released_by_motrpac_v1.3_dream_acute,provided,not_selected,MoTrPAC_human_precovid_sed_adu,motrpac_human_plasma_endur_post,motrpac_human_precovid_endur_post_3.5_4hr_vs_pre,metab-u-lrpneg,
PE(O-39:6) [metab-u-lrpneg] [refmet: PE(O-39:6)],PE(O-39:6),unclassified_no_refmet_match,-0.151159556623689,log2fc,0.416504220808055,0.606130640372974,benjamini_hochberg,within_each_platform_da_table_as_released_by_motrpac_v1.3_dream_acute,provided,not_selected,MoTrPAC_human_precovid_sed_adu,motrpac_human_plasma_endur_post,motrpac_human_precovid_endur_post_3.5_4hr_vs_pre,metab-u-lrpneg,
FA 24:2;O2 [metab-u-lrpneg] [refmet: FA 24:2;O2],FA 24:2;O2,Fatty Acyls,-0.124468947569277,log2fc,0.419678260116749,0.606130640372974,benjamini_hochberg,within_each_platform_da_table_as_released_by_motrpac_v1.3_dream_acute,provided,not_selected,MoTrPAC_human_precovid_sed_adu,motrpac_human_plasma_endur_post,motrpac_human_precovid_endur_post_3.5_4hr_vs_pre,metab-u-lrpneg,
TG(58:5) [metab-u-lrppos] [refmet: TG(58:5)],TG(58:5),unclassified_no_refmet_match,0.0568022263312962,log2fc,0.499564020317995,0.607028373525935,benjamini_hochberg,within_each_platform_da_table_as_released_by_motrpac_v1.3_dream_acute,provided,not_selected,MoTrPAC_human_precovid_sed_adu,motrpac_human_plasma_endur_post,motrpac_human_precovid_endur_post_3.5_4hr_vs_pre,metab-u-lrppos,
PC(38:1)_isomer1 [metab-u-lrppos] [refmet: PC(38:1)_isomer1],PC(38:1)_isomer1,unclassified_no_refmet_match,-0.0268160376074498,log2fc,0.499235704467991,0.607028373525935,benjamini_hochberg,within_each_platform_da_table_as_released_by_motrpac_v1.3_dream_acute,provided,not_selected,MoTrPAC_human_precovid_sed_adu,motrpac_human_plasma_endur_post,motrpac_human_precovid_endur_post_3.5_4hr_vs_pre,metab-u-lrppos,
PC(O-40:7)_isomer1 [metab-u-lrppos] [refmet: PC(O-40:7)_isomer1],PC(O-40:7)_isomer1,unclassified_no_refmet_match,0.0224735541264742,log2fc,0.498062847760615,0.607028373525935,benjamini_hochberg,within_each_platform_da_table_as_released_by_motrpac_v1.3_dream_acute,provided,not_selected,MoTrPAC_human_precovid_sed_adu,motrpac_human_plasma_endur_post,motrpac_human_precovid_endur_post_3.5_4hr_vs_pre,metab-u-lrppos,
FA 26:3_isomer1 [metab-u-lrpneg] [refmet: FA 26:3_isomer1],FA 26:3_isomer1,unclassified_no_refmet_match,-0.0711997464666929,log2fc,0.429663286301571,0.612835529409083,benjamini_hochberg,within_each_platform_da_table_as_released_by_motrpac_v1.3_dream_acute,provided,not_selected,MoTrPAC_human_precovid_sed_adu,motrpac_human_plasma_endur_post,motrpac_human_precovid_endur_post_3.5_4hr_vs_pre,metab-u-lrpneg,
FA 26:6 [metab-u-lrpneg] [refmet: FA 26:6],FA 26:6,unclassified_no_refmet_match,0.0695130494604932,log2fc,0.427708024417153,0.612835529409083,benjamini_hochberg,within_each_platform_da_table_as_released_by_motrpac_v1.3_dream_acute,provided,not_selected,MoTrPAC_human_precovid_sed_adu,motrpac_human_plasma_endur_post,motrpac_human_precovid_endur_post_3.5_4hr_vs_pre,metab-u-lrpneg,
PC(40:6)>PC(18:1_22:5) [metab-u-lrpneg] [refmet: PC(40:6)>PC(18:1_22:5)],PC(40:6)>PC(18:1_22:5),unclassified_no_refmet_match,0.0363738320148279,log2fc,0.436071010637677,0.615496061889638,benjamini_hochberg,within_each_platform_da_table_as_released_by_motrpac_v1.3_dream_acute,provided,not_selected,MoTrPAC_human_precovid_sed_adu,motrpac_human_plasma_endur_post,motrpac_human_precovid_endur_post_3.5_4hr_vs_pre,metab-u-lrpneg,
PC(35:2)>PC(17:0_18:2) [metab-u-lrpneg] [refmet: PC(35:2)>PC(17:0_18:2)],PC(35:2)>PC(17:0_18:2),unclassified_no_refmet_match,0.033884448193227,log2fc,0.434692030651544,0.615496061889638,benjamini_hochberg,within_each_platform_da_table_as_released_by_motrpac_v1.3_dream_acute,provided,not_selected,MoTrPAC_human_precovid_sed_adu,motrpac_human_plasma_endur_post,motrpac_human_precovid_endur_post_3.5_4hr_vs_pre,metab-u-lrpneg,
Succinic acid [metab-u-ionpneg] [refmet: Succinic acid],Succinic acid,Organic acids,0.0304001011948074,log2fc,0.590932630975432,0.621498111887954,benjamini_hochberg,within_each_platform_da_table_as_released_by_motrpac_v1.3_dream_acute,provided,not_selected,MoTrPAC_human_precovid_sed_adu,motrpac_human_plasma_endur_post,motrpac_human_precovid_endur_post_3.5_4hr_vs_pre,metab-u-ionpneg,
TG(51:3)_isomer2 [metab-u-lrppos] [refmet: TG(51:3)_isomer2],TG(51:3)_isomer2,unclassified_no_refmet_match,-0.0287692773117065,log2fc,0.513497626118241,0.622752440185952,benjamini_hochberg,within_each_platform_da_table_as_released_by_motrpac_v1.3_dream_acute,provided,not_selected,MoTrPAC_human_precovid_sed_adu,motrpac_human_plasma_endur_post,motrpac_human_precovid_endur_post_3.5_4hr_vs_pre,metab-u-lrppos,
CAR 5:1 [metab-u-hilicpos] [refmet: CAR 5:1],CAR 5:1,Fatty Acyls,0.0226522534954743,log2fc,0.510979906940059,0.623146227975681,benjamini_hochberg,within_each_platform_da_table_as_released_by_motrpac_v1.3_dream_acute,provided,not_selected,MoTrPAC_human_precovid_sed_adu,motrpac_human_plasma_endur_post,motrpac_human_precovid_endur_post_3.5_4hr_vs_pre,metab-u-hilicpos,
Lactate [metab-t-tca] [refmet: Lactate],Lactate,unclassified_no_refmet_match,-0.0701096799793675,log2fc,0.509864252574839,0.623167419813693,benjamini_hochberg,within_each_platform_da_table_as_released_by_motrpac_v1.3_dream_acute,provided,not_selected,MoTrPAC_human_precovid_sed_adu,motrpac_human_plasma_endur_post,motrpac_human_precovid_endur_post_3.5_4hr_vs_pre,metab-t-tca,
Lenticin [metab-u-rppos] [refmet: Lenticin],Lenticin,Alkaloids,-0.0599153894506657,log2fc,0.521224909712709,0.624141930101843,benjamini_hochberg,within_each_platform_da_table_as_released_by_motrpac_v1.3_dream_acute,provided,not_selected,MoTrPAC_human_precovid_sed_adu,motrpac_human_plasma_endur_post,motrpac_human_precovid_endur_post_3.5_4hr_vs_pre,metab-u-rppos,
Azelaic acid [metab-u-rpneg] [refmet: Azelaic acid],Azelaic acid,Fatty Acyls,-0.0553001216331488,log2fc,0.544799051310778,0.624376440828083,benjamini_hochberg,within_each_platform_da_table_as_released_by_motrpac_v1.3_dream_acute,provided,not_selected,MoTrPAC_human_precovid_sed_adu,motrpac_human_plasma_endur_post,motrpac_human_precovid_endur_post_3.5_4hr_vs_pre,metab-u-rpneg,
PE(36:3)>PE(16:0_20:3)_and_PE(18:1_18:2)_isomer1 [metab-u-lrpneg] [refmet: PE(36:3)>PE(16:0_20:3)_and_PE(18:1_18:2)_isomer1],PE(36:3)>PE(16:0_20:3)_and_PE(18:1_18:2)_isomer1,unclassified_no_refmet_match,-0.226153873577417,log2fc,0.445463957511076,0.625496023240941,benjamini_hochberg,within_each_platform_da_table_as_released_by_motrpac_v1.3_dream_acute,provided,not_selected,MoTrPAC_human_precovid_sed_adu,motrpac_human_plasma_endur_post,motrpac_human_precovid_endur_post_3.5_4hr_vs_pre,metab-u-lrpneg,
Behenic acid [metab-u-rpneg] [refmet: Behenic acid],Behenic acid,Fatty Acyls,-0.0580833833565535,log2fc,0.557411824526595,0.631733401130141,benjamini_hochberg,within_each_platform_da_table_as_released_by_motrpac_v1.3_dream_acute,provided,not_selected,MoTrPAC_human_precovid_sed_adu,motrpac_human_plasma_endur_post,motrpac_human_precovid_endur_post_3.5_4hr_vs_pre,metab-u-rpneg,
ST 27:2;O3_isomer2 [metab-u-lrpneg] [refmet: ST 27:2;O3_isomer2],ST 27:2;O3_isomer2,unclassified_no_refmet_match,-0.0356284343441793,log2fc,0.452787804504042,0.632502551652554,benjamini_hochberg,within_each_platform_da_table_as_released_by_motrpac_v1.3_dream_acute,provided,not_selected,MoTrPAC_human_precovid_sed_adu,motrpac_human_plasma_endur_post,motrpac_human_precovid_endur_post_3.5_4hr_vs_pre,metab-u-lrpneg,
Lauric acid [metab-u-rpneg] [refmet: Lauric acid],Lauric acid,Fatty Acyls,0.0799017334074286,log2fc,0.564302876085435,0.632515311656201,benjamini_hochberg,within_each_platform_da_table_as_released_by_motrpac_v1.3_dream_acute,provided,not_selected,MoTrPAC_human_precovid_sed_adu,motrpac_human_plasma_endur_post,motrpac_human_precovid_endur_post_3.5_4hr_vs_pre,metab-u-rpneg,
PC(O-36:4)_isomer1 [metab-u-lrppos] [refmet: PC(O-36:4)_isomer1],PC(O-36:4)_isomer1,unclassified_no_refmet_match,-0.0941065727386174,log2fc,0.52437511361588,0.634716595052427,benjamini_hochberg,within_each_platform_da_table_as_released_by_motrpac_v1.3_dream_acute,provided,not_selected,MoTrPAC_human_precovid_sed_adu,motrpac_human_plasma_endur_post,motrpac_human_precovid_endur_post_3.5_4hr_vs_pre,metab-u-lrppos,
CE(16:1) [metab-u-lrppos] [refmet: CE(16:1)],CE(16:1),unclassified_no_refmet_match,0.0303569298819006,log2fc,0.52711412552008,0.63680261406761,benjamini_hochberg,within_each_platform_da_table_as_released_by_motrpac_v1.3_dream_acute,provided,not_selected,MoTrPAC_human_precovid_sed_adu,motrpac_human_plasma_endur_post,motrpac_human_precovid_endur_post_3.5_4hr_vs_pre,metab-u-lrppos,
TG(56:4)_isomer2 [metab-u-lrppos] [refmet: TG(56:4)_isomer2],TG(56:4)_isomer2,unclassified_no_refmet_match,-0.0506408707919483,log2fc,0.528353113013871,0.637071926653264,benjamini_hochberg,within_each_platform_da_table_as_released_by_motrpac_v1.3_dream_acute,provided,not_selected,MoTrPAC_human_precovid_sed_adu,motrpac_human_plasma_endur_post,motrpac_human_precovid_endur_post_3.5_4hr_vs_pre,metab-u-lrppos,
Ketoleucine [metab-u-rpneg] [refmet: Ketoleucine],Ketoleucine,Organic acids,-0.025557310542208,log2fc,0.587025294189706,0.650832391384239,benjamini_hochberg,within_each_platform_da_table_as_released_by_motrpac_v1.3_dream_acute,provided,not_selected,MoTrPAC_human_precovid_sed_adu,motrpac_human_plasma_endur_post,motrpac_human_precovid_endur_post_3.5_4hr_vs_pre,metab-u-rpneg,
PE P-34:0 or PE O-34:1 [metab-u-hilicpos] [refmet: PE P-34:0 or PE O-34:1],PE P-34:0 or PE O-34:1,Glycerophospholipids,-0.0506462990918664,log2fc,0.53627984712523,0.651728980881356,benjamini_hochberg,within_each_platform_da_table_as_released_by_motrpac_v1.3_dream_acute,provided,not_selected,MoTrPAC_human_precovid_sed_adu,motrpac_human_plasma_endur_post,motrpac_human_precovid_endur_post_3.5_4hr_vs_pre,metab-u-hilicpos,
TG(56:7)_isomer2 [metab-u-lrppos] [refmet: TG(56:7)_isomer2],TG(56:7)_isomer2,unclassified_no_refmet_match,-0.0651595475487703,log2fc,0.543600593311983,0.654198794638414,benjamini_hochberg,within_each_platform_da_table_as_released_by_motrpac_v1.3_dream_acute,provided,not_selected,MoTrPAC_human_precovid_sed_adu,motrpac_human_plasma_endur_post,motrpac_human_precovid_endur_post_3.5_4hr_vs_pre,metab-u-lrppos,
PC(34:2)_isomer1 [metab-u-lrppos] [refmet: PC(34:2)_isomer1],PC(34:2)_isomer1,unclassified_no_refmet_match,0.0235609826188963,log2fc,0.544882746582602,0.654485597906689,benjamini_hochberg,within_each_platform_da_table_as_released_by_motrpac_v1.3_dream_acute,provided,not_selected,MoTrPAC_human_precovid_sed_adu,motrpac_human_plasma_endur_post,motrpac_human_precovid_endur_post_3.5_4hr_vs_pre,metab-u-lrppos,
PC(O-38:6)_isomer1 [metab-u-lrppos] [refmet: PC(O-38:6)_isomer1],PC(O-38:6)_isomer1,unclassified_no_refmet_match,-0.023567998635226,log2fc,0.548081440958202,0.657068955030197,benjamini_hochberg,within_each_platform_da_table_as_released_by_motrpac_v1.3_dream_acute,provided,not_selected,MoTrPAC_human_precovid_sed_adu,motrpac_human_plasma_endur_post,motrpac_human_precovid_endur_post_3.5_4hr_vs_pre,metab-u-lrppos,
Acetylcholine [metab-u-hilicpos] [refmet: Acetylcholine],Acetylcholine,Organic nitrogen compounds,0.133495357700992,log2fc,0.543942129034579,0.658753443467483,benjamini_hochberg,within_each_platform_da_table_as_released_by_motrpac_v1.3_dream_acute,provided,not_selected,MoTrPAC_human_precovid_sed_adu,motrpac_human_plasma_endur_post,motrpac_human_precovid_endur_post_3.5_4hr_vs_pre,metab-u-hilicpos,
Oxaloacetic acid [metab-u-rpneg] [refmet: Oxaloacetic acid],Oxaloacetic acid,Organic acids,0.0498996084159646,log2fc,0.6012460958354,0.659431201883986,benjamini_hochberg,within_each_platform_da_table_as_released_by_motrpac_v1.3_dream_acute,provided,not_selected,MoTrPAC_human_precovid_sed_adu,motrpac_human_plasma_endur_post,motrpac_human_precovid_endur_post_3.5_4hr_vs_pre,metab-u-rpneg,
FA 11:3;O [metab-u-lrpneg] [refmet: FA 11:3;O],FA 11:3;O,Fatty Acyls,0.073465484592802,log2fc,0.476651535599877,0.662423416141368,benjamini_hochberg,within_each_platform_da_table_as_released_by_motrpac_v1.3_dream_acute,provided,not_selected,MoTrPAC_human_precovid_sed_adu,motrpac_human_plasma_endur_post,motrpac_human_precovid_endur_post_3.5_4hr_vs_pre,metab-u-lrpneg,
Lauroyl diethanolamide [metab-u-hilicpos] [refmet: Lauroyl diethanolamide],Lauroyl diethanolamide,Fatty Acyls,0.121642771151514,log2fc,0.549842012626556,0.66360242903205,benjamini_hochberg,within_each_platform_da_table_as_released_by_motrpac_v1.3_dream_acute,provided,not_selected,MoTrPAC_human_precovid_sed_adu,motrpac_human_plasma_endur_post,motrpac_human_precovid_endur_post_3.5_4hr_vs_pre,metab-u-hilicpos,
Car(26:1) [metab-u-lrppos] [refmet: Car(26:1)],Car(26:1),unclassified_no_refmet_match,0.0244114339455628,log2fc,0.556184842491663,0.66551125237075,benjamini_hochberg,within_each_platform_da_table_as_released_by_motrpac_v1.3_dream_acute,provided,not_selected,MoTrPAC_human_precovid_sed_adu,motrpac_human_plasma_endur_post,motrpac_human_precovid_endur_post_3.5_4hr_vs_pre,metab-u-lrppos,
PC(O-38:5)_isomer1 [metab-u-lrppos] [refmet: PC(O-38:5)_isomer1],PC(O-38:5)_isomer1,unclassified_no_refmet_match,0.060484228411962,log2fc,0.558256404587311,0.666717648907132,benjamini_hochberg,within_each_platform_da_table_as_released_by_motrpac_v1.3_dream_acute,provided,not_selected,MoTrPAC_human_precovid_sed_adu,motrpac_human_plasma_endur_post,motrpac_human_precovid_endur_post_3.5_4hr_vs_pre,metab-u-lrppos,
PC(O-38:4)>PC(O-18:1/20:3) _isomer3 [metab-u-lrpneg] [refmet: PC(O-38:4)>PC(O-18:1/20:3) _isomer3],PC(O-38:4)>PC(O-18:1/20:3) _isomer3,unclassified_no_refmet_match,0.0661654038863091,log2fc,0.482745763301398,0.66746990742183,benjamini_hochberg,within_each_platform_da_table_as_released_by_motrpac_v1.3_dream_acute,provided,not_selected,MoTrPAC_human_precovid_sed_adu,motrpac_human_plasma_endur_post,motrpac_human_precovid_endur_post_3.5_4hr_vs_pre,metab-u-lrpneg,
DG(40:6) [metab-u-lrppos] [refmet: DG(40:6)],DG(40:6),unclassified_no_refmet_match,0.0295644741765422,log2fc,0.560416746679809,0.668025285490951,benjamini_hochberg,within_each_platform_da_table_as_released_by_motrpac_v1.3_dream_acute,provided,not_selected,MoTrPAC_human_precovid_sed_adu,motrpac_human_plasma_endur_post,motrpac_human_precovid_endur_post_3.5_4hr_vs_pre,metab-u-lrppos,
LPC(20:1)>LPC(20:1/0:0)_and_LPC(0:0/20:1) [metab-u-lrppos] [refmet: LPC(20:1)>LPC(20:1/0:0)_and_LPC(0:0/20:1)],LPC(20:1)>LPC(20:1/0:0)_and_LPC(0:0/20:1),unclassified_no_refmet_match,-0.0211212948999773,log2fc,0.56253049566296,0.669272525200523,benjamini_hochberg,within_each_platform_da_table_as_released_by_motrpac_v1.3_dream_acute,provided,not_selected,MoTrPAC_human_precovid_sed_adu,motrpac_human_plasma_endur_post,motrpac_human_precovid_endur_post_3.5_4hr_vs_pre,metab-u-lrppos,
Hypotaurine [metab-u-hilicpos] [refmet: Hypotaurine],Hypotaurine,Organic acids,-0.0568618737029247,log2fc,0.559810595652363,0.673311712983942,benjamini_hochberg,within_each_platform_da_table_as_released_by_motrpac_v1.3_dream_acute,provided,not_selected,MoTrPAC_human_precovid_sed_adu,motrpac_human_plasma_endur_post,motrpac_human_precovid_endur_post_3.5_4hr_vs_pre,metab-u-hilicpos,
PC(40:5)>PC(18:0_22:5) _isomer1 [metab-u-lrpneg] [refmet: PC(40:5)>PC(18:0_22:5) _isomer1],PC(40:5)>PC(18:0_22:5) _isomer1,unclassified_no_refmet_match,0.0419695162132285,log2fc,0.491659799251857,0.676344190849001,benjamini_hochberg,within_each_platform_da_table_as_released_by_motrpac_v1.3_dream_acute,provided,not_selected,MoTrPAC_human_precovid_sed_adu,motrpac_human_plasma_endur_post,motrpac_human_precovid_endur_post_3.5_4hr_vs_pre,metab-u-lrpneg,
PC(38:3)_isomer1 [metab-u-lrppos] [refmet: PC(38:3)_isomer1],PC(38:3)_isomer1,unclassified_no_refmet_match,0.0171682645326854,log2fc,0.569955215012468,0.676821817827306,benjamini_hochberg,within_each_platform_da_table_as_released_by_motrpac_v1.3_dream_acute,provided,not_selected,MoTrPAC_human_precovid_sed_adu,motrpac_human_plasma_endur_post,motrpac_human_precovid_endur_post_3.5_4hr_vs_pre,metab-u-lrppos,
Choline [metab-u-rppos] [refmet: Choline],Choline,Organic nitrogen compounds,0.0394705427993074,log2fc,0.57890005523604,0.680207564902347,benjamini_hochberg,within_each_platform_da_table_as_released_by_motrpac_v1.3_dream_acute,provided,not_selected,MoTrPAC_human_precovid_sed_adu,motrpac_human_plasma_endur_post,motrpac_human_precovid_endur_post_3.5_4hr_vs_pre,metab-u-rppos,
Ser-Leu [metab-u-rppos] [refmet: Ser-Leu],Ser-Leu,Organic acids,-0.0358807339581197,log2fc,0.576150846221539,0.680207564902347,benjamini_hochberg,within_each_platform_da_table_as_released_by_motrpac_v1.3_dream_acute,provided,not_selected,MoTrPAC_human_precovid_sed_adu,motrpac_human_plasma_endur_post,motrpac_human_precovid_endur_post_3.5_4hr_vs_pre,metab-u-rppos,
SM(d38:1) [metab-u-rppos] [refmet: SM(d38:1)],SM(d38:1),unclassified_no_refmet_match,0.0175685963347689,log2fc,0.574942298530115,0.680207564902347,benjamini_hochberg,within_each_platform_da_table_as_released_by_motrpac_v1.3_dream_acute,provided,not_selected,MoTrPAC_human_precovid_sed_adu,motrpac_human_plasma_endur_post,motrpac_human_precovid_endur_post_3.5_4hr_vs_pre,metab-u-rppos,
CE(18:2) [metab-u-lrppos] [refmet: CE(18:2)],CE(18:2),unclassified_no_refmet_match,0.0254687912256024,log2fc,0.574670326805676,0.681130992263061,benjamini_hochberg,within_each_platform_da_table_as_released_by_motrpac_v1.3_dream_acute,provided,not_selected,MoTrPAC_human_precovid_sed_adu,motrpac_human_plasma_endur_post,motrpac_human_precovid_endur_post_3.5_4hr_vs_pre,metab-u-lrppos,
PE(O-42:5)>PE(O-20:1/22:4)_isomer2 [metab-u-lrpneg] [refmet: PE(O-42:5)>PE(O-20:1/22:4)_isomer2],PE(O-42:5)>PE(O-20:1/22:4)_isomer2,unclassified_no_refmet_match,-0.168951231080079,log2fc,0.508164955972903,0.685137826212222,benjamini_hochberg,within_each_platform_da_table_as_released_by_motrpac_v1.3_dream_acute,provided,not_selected,MoTrPAC_human_precovid_sed_adu,motrpac_human_plasma_endur_post,motrpac_human_precovid_endur_post_3.5_4hr_vs_pre,metab-u-lrpneg,
PI(37:4) [metab-u-lrpneg] [refmet: PI(37:4)],PI(37:4),unclassified_no_refmet_match,0.132392846068907,log2fc,0.501972011992394,0.685137826212222,benjamini_hochberg,within_each_platform_da_table_as_released_by_motrpac_v1.3_dream_acute,provided,not_selected,MoTrPAC_human_precovid_sed_adu,motrpac_human_plasma_endur_post,motrpac_human_precovid_endur_post_3.5_4hr_vs_pre,metab-u-lrpneg,
PI(36:1)>PI(18:0_18:1) [metab-u-lrpneg] [refmet: PI(36:1)>PI(18:0_18:1)],PI(36:1)>PI(18:0_18:1),unclassified_no_refmet_match,0.130087428273892,log2fc,0.507138841308201,0.685137826212222,benjamini_hochberg,within_each_platform_da_table_as_released_by_motrpac_v1.3_dream_acute,provided,not_selected,MoTrPAC_human_precovid_sed_adu,motrpac_human_plasma_endur_post,motrpac_human_precovid_endur_post_3.5_4hr_vs_pre,metab-u-lrpneg,
PE(O-42:4)>PE(O-18:2/24:2)_isomer1 [metab-u-lrpneg] [refmet: PE(O-42:4)>PE(O-18:2/24:2)_isomer1],PE(O-42:4)>PE(O-18:2/24:2)_isomer1,unclassified_no_refmet_match,-0.103632726519571,log2fc,0.507324266564408,0.685137826212222,benjamini_hochberg,within_each_platform_da_table_as_released_by_motrpac_v1.3_dream_acute,provided,not_selected,MoTrPAC_human_precovid_sed_adu,motrpac_human_plasma_endur_post,motrpac_human_precovid_endur_post_3.5_4hr_vs_pre,metab-u-lrpneg,
SM(d40:2) _isomer2 [metab-u-lrpneg] [refmet: SM(d40:2) _isomer2],SM(d40:2) _isomer2,unclassified_no_refmet_match,0.0147765538732685,log2fc,0.510856204677629,0.685356591423948,benjamini_hochberg,within_each_platform_da_table_as_released_by_motrpac_v1.3_dream_acute,provided,not_selected,MoTrPAC_human_precovid_sed_adu,motrpac_human_plasma_endur_post,motrpac_human_precovid_endur_post_3.5_4hr_vs_pre,metab-u-lrpneg,
CE(22:4) [metab-u-lrppos] [refmet: CE(22:4)],CE(22:4),unclassified_no_refmet_match,-0.0508492371789231,log2fc,0.581507942727657,0.687934868094794,benjamini_hochberg,within_each_platform_da_table_as_released_by_motrpac_v1.3_dream_acute,provided,not_selected,MoTrPAC_human_precovid_sed_adu,motrpac_human_plasma_endur_post,motrpac_human_precovid_endur_post_3.5_4hr_vs_pre,metab-u-lrppos,
Serotonin [metab-u-hilicpos] [refmet: Serotonin],Serotonin,Alkaloids,-0.132279422345794,log2fc,0.574095180185653,0.688127784469104,benjamini_hochberg,within_each_platform_da_table_as_released_by_motrpac_v1.3_dream_acute,provided,not_selected,MoTrPAC_human_precovid_sed_adu,motrpac_human_plasma_endur_post,motrpac_human_precovid_endur_post_3.5_4hr_vs_pre,metab-u-hilicpos,
TG(58:7)>TG(18:1_18:1_22:5) [metab-u-lrppos] [refmet: TG(58:7)>TG(18:1_18:1_22:5)],TG(58:7)>TG(18:1_18:1_22:5),unclassified_no_refmet_match,-0.0299745969678291,log2fc,0.582867570308063,0.688244758160369,benjamini_hochberg,within_each_platform_da_table_as_released_by_motrpac_v1.3_dream_acute,provided,not_selected,MoTrPAC_human_precovid_sed_adu,motrpac_human_plasma_endur_post,motrpac_human_precovid_endur_post_3.5_4hr_vs_pre,metab-u-lrppos,
PC(40:4)>PC(18:0_22:4) [metab-u-lrpneg] [refmet: PC(40:4)>PC(18:0_22:4)],PC(40:4)>PC(18:0_22:4),unclassified_no_refmet_match,0.0837155356262862,log2fc,0.517629964838985,0.689373817765286,benjamini_hochberg,within_each_platform_da_table_as_released_by_motrpac_v1.3_dream_acute,provided,not_selected,MoTrPAC_human_precovid_sed_adu,motrpac_human_plasma_endur_post,motrpac_human_precovid_endur_post_3.5_4hr_vs_pre,metab-u-lrpneg,
PC(O-38:4)>PC(O-18:1/20:3) _isomer2 [metab-u-lrpneg] [refmet: PC(O-38:4)>PC(O-18:1/20:3) _isomer2],PC(O-38:4)>PC(O-18:1/20:3) _isomer2,unclassified_no_refmet_match,0.0247059688778108,log2fc,0.518938224443241,0.689373817765286,benjamini_hochberg,within_each_platform_da_table_as_released_by_motrpac_v1.3_dream_acute,provided,not_selected,MoTrPAC_human_precovid_sed_adu,motrpac_human_plasma_endur_post,motrpac_human_precovid_endur_post_3.5_4hr_vs_pre,metab-u-lrpneg,
TG(55:4)_isomer3 [metab-u-lrppos] [refmet: TG(55:4)_isomer3],TG(55:4)_isomer3,unclassified_no_refmet_match,-0.0470798586351542,log2fc,0.591713044869166,0.697376088595803,benjamini_hochberg,within_each_platform_da_table_as_released_by_motrpac_v1.3_dream_acute,provided,not_selected,MoTrPAC_human_precovid_sed_adu,motrpac_human_plasma_endur_post,motrpac_human_precovid_endur_post_3.5_4hr_vs_pre,metab-u-lrppos,
PC(O-36:3)_isomer4 [metab-u-lrppos] [refmet: PC(O-36:3)_isomer4],PC(O-36:3)_isomer4,unclassified_no_refmet_match,0.0159031915230443,log2fc,0.596051854176206,0.701171693374262,benjamini_hochberg,within_each_platform_da_table_as_released_by_motrpac_v1.3_dream_acute,provided,not_selected,MoTrPAC_human_precovid_sed_adu,motrpac_human_plasma_endur_post,motrpac_human_precovid_endur_post_3.5_4hr_vs_pre,metab-u-lrppos,
glycidyl linoleate [metab-u-hilicpos] [refmet: glycidyl linoleate],glycidyl linoleate,Fatty Acyls,-0.0736832867509634,log2fc,0.591528006084677,0.706603420237669,benjamini_hochberg,within_each_platform_da_table_as_released_by_motrpac_v1.3_dream_acute,provided,not_selected,MoTrPAC_human_precovid_sed_adu,motrpac_human_plasma_endur_post,motrpac_human_precovid_endur_post_3.5_4hr_vs_pre,metab-u-hilicpos,
TG(55:7)_isomer2 [metab-u-lrppos] [refmet: TG(55:7)_isomer2],TG(55:7)_isomer2,unclassified_no_refmet_match,-0.0523982532399678,log2fc,0.605112326389237,0.707421069468698,benjamini_hochberg,within_each_platform_da_table_as_released_by_motrpac_v1.3_dream_acute,provided,not_selected,MoTrPAC_human_precovid_sed_adu,motrpac_human_plasma_endur_post,motrpac_human_precovid_endur_post_3.5_4hr_vs_pre,metab-u-lrppos,
PC(O-38:2) [metab-u-lrppos] [refmet: PC(O-38:2)],PC(O-38:2),unclassified_no_refmet_match,-0.028554468132576,log2fc,0.605877375286588,0.707421069468698,benjamini_hochberg,within_each_platform_da_table_as_released_by_motrpac_v1.3_dream_acute,provided,not_selected,MoTrPAC_human_precovid_sed_adu,motrpac_human_plasma_endur_post,motrpac_human_precovid_endur_post_3.5_4hr_vs_pre,metab-u-lrppos,
PC(36:3)_isomer3 [metab-u-lrppos] [refmet: PC(36:3)_isomer3],PC(36:3)_isomer3,unclassified_no_refmet_match,0.0275539038512633,log2fc,0.603043820165544,0.707421069468698,benjamini_hochberg,within_each_platform_da_table_as_released_by_motrpac_v1.3_dream_acute,provided,not_selected,MoTrPAC_human_precovid_sed_adu,motrpac_human_plasma_endur_post,motrpac_human_precovid_endur_post_3.5_4hr_vs_pre,metab-u-lrppos,
PC(42:9) [metab-u-lrppos] [refmet: PC(42:9)],PC(42:9),unclassified_no_refmet_match,-0.0135309760234748,log2fc,0.605545008220754,0.707421069468698,benjamini_hochberg,within_each_platform_da_table_as_released_by_motrpac_v1.3_dream_acute,provided,not_selected,MoTrPAC_human_precovid_sed_adu,motrpac_human_plasma_endur_post,motrpac_human_precovid_endur_post_3.5_4hr_vs_pre,metab-u-lrppos,
DG(38:4)>DG(18:2_20:2_0:0)_isomer2 [metab-u-lrppos] [refmet: DG(38:4)>DG(18:2_20:2_0:0)_isomer2],DG(38:4)>DG(18:2_20:2_0:0)_isomer2,unclassified_no_refmet_match,0.0191083295007743,log2fc,0.608357628188249,0.708996715379242,benjamini_hochberg,within_each_platform_da_table_as_released_by_motrpac_v1.3_dream_acute,provided,not_selected,MoTrPAC_human_precovid_sed_adu,motrpac_human_plasma_endur_post,motrpac_human_precovid_endur_post_3.5_4hr_vs_pre,metab-u-lrppos,
Succinate [metab-t-tca] [refmet: Succinate],Succinate,unclassified_no_refmet_match,0.0308126754024007,log2fc,0.649962293998547,0.714958523398402,benjamini_hochberg,within_each_platform_da_table_as_released_by_motrpac_v1.3_dream_acute,provided,not_selected,MoTrPAC_human_precovid_sed_adu,motrpac_human_plasma_endur_post,motrpac_human_precovid_endur_post_3.5_4hr_vs_pre,metab-t-tca,
LPC(24:0)>LPC(24:0/0:0) [metab-u-lrppos] [refmet: LPC(24:0)>LPC(24:0/0:0)],LPC(24:0)>LPC(24:0/0:0),unclassified_no_refmet_match,0.0114847290821452,log2fc,0.614665457668562,0.715019001777715,benjamini_hochberg,within_each_platform_da_table_as_released_by_motrpac_v1.3_dream_acute,provided,not_selected,MoTrPAC_human_precovid_sed_adu,motrpac_human_plasma_endur_post,motrpac_human_precovid_endur_post_3.5_4hr_vs_pre,metab-u-lrppos,
TG(50:3)_isomer2 [metab-u-lrppos] [refmet: TG(50:3)_isomer2],TG(50:3)_isomer2,unclassified_no_refmet_match,-0.0293293874492662,log2fc,0.616387616845488,0.715694510670595,benjamini_hochberg,within_each_platform_da_table_as_released_by_motrpac_v1.3_dream_acute,provided,not_selected,MoTrPAC_human_precovid_sed_adu,motrpac_human_plasma_endur_post,motrpac_human_precovid_endur_post_3.5_4hr_vs_pre,metab-u-lrppos,
FA 22:4;O4 [metab-u-lrpneg] [refmet: FA 22:4;O4],FA 22:4;O4,Fatty Acyls,-0.199664982186803,log2fc,0.560873882328945,0.715831612196664,benjamini_hochberg,within_each_platform_da_table_as_released_by_motrpac_v1.3_dream_acute,provided,not_selected,MoTrPAC_human_precovid_sed_adu,motrpac_human_plasma_endur_post,motrpac_human_precovid_endur_post_3.5_4hr_vs_pre,metab-u-lrpneg,
PE(O-42:7)>PE(O-20:1/22:6) [metab-u-lrpneg] [refmet: PE(O-42:7)>PE(O-20:1/22:6)],PE(O-42:7)>PE(O-20:1/22:6),unclassified_no_refmet_match,-0.181590303551868,log2fc,0.544710364642654,0.715831612196664,benjamini_hochberg,within_each_platform_da_table_as_released_by_motrpac_v1.3_dream_acute,provided,not_selected,MoTrPAC_human_precovid_sed_adu,motrpac_human_plasma_endur_post,motrpac_human_precovid_endur_post_3.5_4hr_vs_pre,metab-u-lrpneg,
ST 24:5;O3 [metab-u-lrpneg] [refmet: ST 24:5;O3],ST 24:5;O3,Sterol Lipids,-0.124404732913099,log2fc,0.555971901414236,0.715831612196664,benjamini_hochberg,within_each_platform_da_table_as_released_by_motrpac_v1.3_dream_acute,provided,not_selected,MoTrPAC_human_precovid_sed_adu,motrpac_human_plasma_endur_post,motrpac_human_precovid_endur_post_3.5_4hr_vs_pre,metab-u-lrpneg,
HexCer(d41:0-OH) [metab-u-lrpneg] [refmet: HexCer(d41:0-OH)],HexCer(d41:0-OH),unclassified_no_refmet_match,-0.0961228109693444,log2fc,0.558817871724048,0.715831612196664,benjamini_hochberg,within_each_platform_da_table_as_released_by_motrpac_v1.3_dream_acute,provided,not_selected,MoTrPAC_human_precovid_sed_adu,motrpac_human_plasma_endur_post,motrpac_human_precovid_endur_post_3.5_4hr_vs_pre,metab-u-lrpneg,
LPE(18:0)>LPE(18:0/0:0)_and_LPE(0:0/18:0) [metab-u-lrpneg] [refmet: LPE(18:0)>LPE(18:0/0:0)_and_LPE(0:0/18:0)],LPE(18:0)>LPE(18:0/0:0)_and_LPE(0:0/18:0),unclassified_no_refmet_match,0.0745475809898721,log2fc,0.561937145227738,0.715831612196664,benjamini_hochberg,within_each_platform_da_table_as_released_by_motrpac_v1.3_dream_acute,provided,not_selected,MoTrPAC_human_precovid_sed_adu,motrpac_human_plasma_endur_post,motrpac_human_precovid_endur_post_3.5_4hr_vs_pre,metab-u-lrpneg,
FA 26:4;O2 [metab-u-lrpneg] [refmet: FA 26:4;O2],FA 26:4;O2,Fatty Acyls,-0.0509169820718789,log2fc,0.562627798516197,0.715831612196664,benjamini_hochberg,within_each_platform_da_table_as_released_by_motrpac_v1.3_dream_acute,provided,not_selected,MoTrPAC_human_precovid_sed_adu,motrpac_human_plasma_endur_post,motrpac_human_precovid_endur_post_3.5_4hr_vs_pre,metab-u-lrpneg,
SM(d36:1) [metab-u-lrpneg] [refmet: SM(d36:1)],SM(d36:1),unclassified_no_refmet_match,0.0246361414038176,log2fc,0.547999347933545,0.715831612196664,benjamini_hochberg,within_each_platform_da_table_as_released_by_motrpac_v1.3_dream_acute,provided,not_selected,MoTrPAC_human_precovid_sed_adu,motrpac_human_plasma_endur_post,motrpac_human_precovid_endur_post_3.5_4hr_vs_pre,metab-u-lrpneg,
PC(O-40:6)>PC(O-18:1/22:5)_and_PC(O-40:6)>PC(O-22:5/18:1) [metab-u-lrpneg] [refmet: PC(O-40:6)>PC(O-18:1/22:5)_and_PC(O-40:6)>PC(O-22:5/18:1)],PC(O-40:6)>PC(O-18:1/22:5)_and_PC(O-40:6)>PC(O-22:5/18:1),unclassified_no_refmet_match,0.0246212555907839,log2fc,0.560981601867403,0.715831612196664,benjamini_hochberg,within_each_platform_da_table_as_released_by_motrpac_v1.3_dream_acute,provided,not_selected,MoTrPAC_human_precovid_sed_adu,motrpac_human_plasma_endur_post,motrpac_human_precovid_endur_post_3.5_4hr_vs_pre,metab-u-lrpneg,
SM(d40:2) _isomer1 [metab-u-lrpneg] [refmet: SM(d40:2) _isomer1],SM(d40:2) _isomer1,unclassified_no_refmet_match,-0.015628215022673,log2fc,0.553931068985793,0.715831612196664,benjamini_hochberg,within_each_platform_da_table_as_released_by_motrpac_v1.3_dream_acute,provided,not_selected,MoTrPAC_human_precovid_sed_adu,motrpac_human_plasma_endur_post,motrpac_human_precovid_endur_post_3.5_4hr_vs_pre,metab-u-lrpneg,
LPC(16:1)>LPC(16:1/0:0) [metab-u-lrppos] [refmet: LPC(16:1)>LPC(16:1/0:0)],LPC(16:1)>LPC(16:1/0:0),unclassified_no_refmet_match,0.091869016202125,log2fc,0.618566265585207,0.716160234484016,benjamini_hochberg,within_each_platform_da_table_as_released_by_motrpac_v1.3_dream_acute,provided,not_selected,MoTrPAC_human_precovid_sed_adu,motrpac_human_plasma_endur_post,motrpac_human_precovid_endur_post_3.5_4hr_vs_pre,metab-u-lrppos,
PC(O-40:4)_isomer1 [metab-u-lrppos] [refmet: PC(O-40:4)_isomer1],PC(O-40:4)_isomer1,unclassified_no_refmet_match,0.0181408338516107,log2fc,0.619073121356199,0.716160234484016,benjamini_hochberg,within_each_platform_da_table_as_released_by_motrpac_v1.3_dream_acute,provided,not_selected,MoTrPAC_human_precovid_sed_adu,motrpac_human_plasma_endur_post,motrpac_human_precovid_endur_post_3.5_4hr_vs_pre,metab-u-lrppos,
PE(O-36:5)>PE(O-16:1/20:4) [metab-u-lrpneg] [refmet: PE(O-36:5)>PE(O-16:1/20:4)],PE(O-36:5)>PE(O-16:1/20:4),unclassified_no_refmet_match,0.250753814774775,log2fc,0.566137270925096,0.716854786053056,benjamini_hochberg,within_each_platform_da_table_as_released_by_motrpac_v1.3_dream_acute,provided,not_selected,MoTrPAC_human_precovid_sed_adu,motrpac_human_plasma_endur_post,motrpac_human_precovid_endur_post_3.5_4hr_vs_pre,metab-u-lrpneg,
PI(38:3)>PI(18:0_20:3) [metab-u-lrpneg] [refmet: PI(38:3)>PI(18:0_20:3)],PI(38:3)>PI(18:0_20:3),unclassified_no_refmet_match,0.0761704658020186,log2fc,0.572714285445462,0.716854786053056,benjamini_hochberg,within_each_platform_da_table_as_released_by_motrpac_v1.3_dream_acute,provided,not_selected,MoTrPAC_human_precovid_sed_adu,motrpac_human_plasma_endur_post,motrpac_human_precovid_endur_post_3.5_4hr_vs_pre,metab-u-lrpneg,
PC(O-36:2)>PC(O-18:0/18:2) [metab-u-lrpneg] [refmet: PC(O-36:2)>PC(O-18:0/18:2)],PC(O-36:2)>PC(O-18:0/18:2),unclassified_no_refmet_match,-0.0494037653434987,log2fc,0.574012872964993,0.716854786053056,benjamini_hochberg,within_each_platform_da_table_as_released_by_motrpac_v1.3_dream_acute,provided,not_selected,MoTrPAC_human_precovid_sed_adu,motrpac_human_plasma_endur_post,motrpac_human_precovid_endur_post_3.5_4hr_vs_pre,metab-u-lrpneg,
SM(d35:1) [metab-u-lrpneg] [refmet: SM(d35:1)],SM(d35:1),unclassified_no_refmet_match,0.0156934876628085,log2fc,0.573365913100026,0.716854786053056,benjamini_hochberg,within_each_platform_da_table_as_released_by_motrpac_v1.3_dream_acute,provided,not_selected,MoTrPAC_human_precovid_sed_adu,motrpac_human_plasma_endur_post,motrpac_human_precovid_endur_post_3.5_4hr_vs_pre,metab-u-lrpneg,
PC(O-34:0) [metab-u-lrppos] [refmet: PC(O-34:0)],PC(O-34:0),unclassified_no_refmet_match,0.0249631927755445,log2fc,0.621197501343113,0.717294352379616,benjamini_hochberg,within_each_platform_da_table_as_released_by_motrpac_v1.3_dream_acute,provided,not_selected,MoTrPAC_human_precovid_sed_adu,motrpac_human_plasma_endur_post,motrpac_human_precovid_endur_post_3.5_4hr_vs_pre,metab-u-lrppos,
Cytosine [metab-u-hilicpos] [refmet: Cytosine],Cytosine,Nucleic acids,0.0248107335776719,log2fc,0.605338186567509,0.720640698294653,benjamini_hochberg,within_each_platform_da_table_as_released_by_motrpac_v1.3_dream_acute,provided,not_selected,MoTrPAC_human_precovid_sed_adu,motrpac_human_plasma_endur_post,motrpac_human_precovid_endur_post_3.5_4hr_vs_pre,metab-u-hilicpos,
HexCer(d40:2-OH) [metab-u-lrpneg] [refmet: HexCer(d40:2-OH)],HexCer(d40:2-OH),unclassified_no_refmet_match,-0.0543189553104675,log2fc,0.580413513563037,0.721523220988913,benjamini_hochberg,within_each_platform_da_table_as_released_by_motrpac_v1.3_dream_acute,provided,not_selected,MoTrPAC_human_precovid_sed_adu,motrpac_human_plasma_endur_post,motrpac_human_precovid_endur_post_3.5_4hr_vs_pre,metab-u-lrpneg,
Lenticin [metab-u-hilicpos] [refmet: Lenticin],Lenticin,Alkaloids,-0.0856675487395115,log2fc,0.609683903853708,0.723353784233212,benjamini_hochberg,within_each_platform_da_table_as_released_by_motrpac_v1.3_dream_acute,provided,not_selected,MoTrPAC_human_precovid_sed_adu,motrpac_human_plasma_endur_post,motrpac_human_precovid_endur_post_3.5_4hr_vs_pre,metab-u-hilicpos,
GlcCer 18:1;O2/22:0 [metab-u-hilicpos] [refmet: GlcCer 18:1;O2/22:0],GlcCer 18:1;O2/22:0,Sphingolipids,-0.0429622870450217,log2fc,0.616605482375167,0.729094320376042,benjamini_hochberg,within_each_platform_da_table_as_released_by_motrpac_v1.3_dream_acute,provided,not_selected,MoTrPAC_human_precovid_sed_adu,motrpac_human_plasma_endur_post,motrpac_human_precovid_endur_post_3.5_4hr_vs_pre,metab-u-hilicpos,
Histidine [metab-t-amines] [refmet: Histidine],Histidine,Organic acids,-0.0143566524182885,log2fc,0.689782499883243,0.729198642733714,benjamini_hochberg,within_each_platform_da_table_as_released_by_motrpac_v1.3_dream_acute,provided,not_selected,MoTrPAC_human_precovid_sed_adu,motrpac_human_plasma_endur_post,motrpac_human_precovid_endur_post_3.5_4hr_vs_pre,metab-t-amines,
LPE(18:0)>LPE(18:0/0:0) [metab-u-lrppos] [refmet: LPE(18:0)>LPE(18:0/0:0)],LPE(18:0)>LPE(18:0/0:0),unclassified_no_refmet_match,-0.0147102970299748,log2fc,0.636786292881588,0.733943025067565,benjamini_hochberg,within_each_platform_da_table_as_released_by_motrpac_v1.3_dream_acute,provided,not_selected,MoTrPAC_human_precovid_sed_adu,motrpac_human_plasma_endur_post,motrpac_human_precovid_endur_post_3.5_4hr_vs_pre,metab-u-lrppos,
Cer 18:1;O2/24:0 [metab-u-hilicpos] [refmet: Cer 18:1;O2/24:0],Cer 18:1;O2/24:0,Sphingolipids,-0.0406370892753962,log2fc,0.623443013094049,0.734697153477835,benjamini_hochberg,within_each_platform_da_table_as_released_by_motrpac_v1.3_dream_acute,provided,not_selected,MoTrPAC_human_precovid_sed_adu,motrpac_human_plasma_endur_post,motrpac_human_precovid_endur_post_3.5_4hr_vs_pre,metab-u-hilicpos,
LPC 16:2 [metab-u-hilicpos] [refmet: LPC 16:2],LPC 16:2,Glycerophospholipids,-0.0370833494045204,log2fc,0.625766538122809,0.734960699137527,benjamini_hochberg,within_each_platform_da_table_as_released_by_motrpac_v1.3_dream_acute,provided,not_selected,MoTrPAC_human_precovid_sed_adu,motrpac_human_plasma_endur_post,motrpac_human_precovid_endur_post_3.5_4hr_vs_pre,metab-u-hilicpos,
LPC(22:6)>LPC(0:0/22:6) [metab-u-lrppos] [refmet: LPC(22:6)>LPC(0:0/22:6)],LPC(22:6)>LPC(0:0/22:6),unclassified_no_refmet_match,0.0218365495948234,log2fc,0.639442471381807,0.735652164323657,benjamini_hochberg,within_each_platform_da_table_as_released_by_motrpac_v1.3_dream_acute,provided,not_selected,MoTrPAC_human_precovid_sed_adu,motrpac_human_plasma_endur_post,motrpac_human_precovid_endur_post_3.5_4hr_vs_pre,metab-u-lrppos,
Dimethylglycine [metab-u-rppos] [refmet: Dimethylglycine],Dimethylglycine,Organic acids,0.044118551085166,log2fc,0.630647344457199,0.736408079241947,benjamini_hochberg,within_each_platform_da_table_as_released_by_motrpac_v1.3_dream_acute,provided,not_selected,MoTrPAC_human_precovid_sed_adu,motrpac_human_plasma_endur_post,motrpac_human_precovid_endur_post_3.5_4hr_vs_pre,metab-u-rppos,
GlcCer 18:1;O2/18:0 [metab-u-hilicpos] [refmet: GlcCer 18:1;O2/18:0],GlcCer 18:1;O2/18:0,Sphingolipids,0.0436059603157481,log2fc,0.629641290932885,0.73703830042311,benjamini_hochberg,within_each_platform_da_table_as_released_by_motrpac_v1.3_dream_acute,provided,not_selected,MoTrPAC_human_precovid_sed_adu,motrpac_human_plasma_endur_post,motrpac_human_precovid_endur_post_3.5_4hr_vs_pre,metab-u-hilicpos,
PE(O-38:7)>PE(O-16:1/22:6) [metab-u-lrppos] [refmet: PE(O-38:7)>PE(O-16:1/22:6)],PE(O-38:7)>PE(O-16:1/22:6),unclassified_no_refmet_match,0.0229556239335658,log2fc,0.642368061394493,0.737664422150818,benjamini_hochberg,within_each_platform_da_table_as_released_by_motrpac_v1.3_dream_acute,provided,not_selected,MoTrPAC_human_precovid_sed_adu,motrpac_human_plasma_endur_post,motrpac_human_precovid_endur_post_3.5_4hr_vs_pre,metab-u-lrppos,
PC(O-36:7)>PC(O-14:1/22:6)_and_PC(O-36:7)>PC(O-18:6/18:0) _isomer2 [metab-u-lrpneg] [refmet: PC(O-36:7)>PC(O-14:1/22:6)_and_PC(O-36:7)>PC(O-18:6/18:0) _isomer2],PC(O-36:7)>PC(O-14:1/22:6)_and_PC(O-36:7)>PC(O-18:6/18:0) _isomer2,unclassified_no_refmet_match,-0.0706220593027318,log2fc,0.598627425016708,0.738053911801947,benjamini_hochberg,within_each_platform_da_table_as_released_by_motrpac_v1.3_dream_acute,provided,not_selected,MoTrPAC_human_precovid_sed_adu,motrpac_human_plasma_endur_post,motrpac_human_precovid_endur_post_3.5_4hr_vs_pre,metab-u-lrpneg,
FA 18:2;O_isomer1 [metab-u-lrpneg] [refmet: FA 18:2;O_isomer1],FA 18:2;O_isomer1,unclassified_no_refmet_match,0.0296951143322346,log2fc,0.599158157182392,0.738053911801947,benjamini_hochberg,within_each_platform_da_table_as_released_by_motrpac_v1.3_dream_acute,provided,not_selected,MoTrPAC_human_precovid_sed_adu,motrpac_human_plasma_endur_post,motrpac_human_precovid_endur_post_3.5_4hr_vs_pre,metab-u-lrpneg,
Lignoceric acid [metab-u-rpneg] [refmet: Lignoceric acid],Lignoceric acid,Fatty Acyls,0.0289255360686731,log2fc,0.680938797183937,0.738891035242145,benjamini_hochberg,within_each_platform_da_table_as_released_by_motrpac_v1.3_dream_acute,provided,not_selected,MoTrPAC_human_precovid_sed_adu,motrpac_human_plasma_endur_post,motrpac_human_precovid_endur_post_3.5_4hr_vs_pre,metab-u-rpneg,
Phosphocreatine [metab-u-ionpneg] [refmet: Phosphocreatine],Phosphocreatine,Organic acids,-0.0259974306190749,log2fc,0.714692034690784,0.73891888332437,benjamini_hochberg,within_each_platform_da_table_as_released_by_motrpac_v1.3_dream_acute,provided,not_selected,MoTrPAC_human_precovid_sed_adu,motrpac_human_plasma_endur_post,motrpac_human_precovid_endur_post_3.5_4hr_vs_pre,metab-u-ionpneg,
Cer 18:1;O2/17:0 [metab-u-hilicpos] [refmet: Cer 18:1;O2/17:0],Cer 18:1;O2/17:0,Sphingolipids,0.0484435417131728,log2fc,0.633814470623145,0.739450215727002,benjamini_hochberg,within_each_platform_da_table_as_released_by_motrpac_v1.3_dream_acute,provided,not_selected,MoTrPAC_human_precovid_sed_adu,motrpac_human_plasma_endur_post,motrpac_human_precovid_endur_post_3.5_4hr_vs_pre,metab-u-hilicpos,
Cer(d42:0)>Cer(d18:0/24:0)_isomer2 [metab-u-lrppos] [refmet: Cer(d42:0)>Cer(d18:0/24:0)_isomer2],Cer(d42:0)>Cer(d18:0/24:0)_isomer2,unclassified_no_refmet_match,-0.0133783784629706,log2fc,0.650947615470295,0.74615019177308,benjamini_hochberg,within_each_platform_da_table_as_released_by_motrpac_v1.3_dream_acute,provided,not_selected,MoTrPAC_human_precovid_sed_adu,motrpac_human_plasma_endur_post,motrpac_human_precovid_endur_post_3.5_4hr_vs_pre,metab-u-lrppos,
N-Undecanoylglycine [metab-u-rppos] [refmet: N-Undecanoylglycine],N-Undecanoylglycine,unclassified_no_refmet_match,0.0875930206683115,log2fc,0.647713298095787,0.747055828478577,benjamini_hochberg,within_each_platform_da_table_as_released_by_motrpac_v1.3_dream_acute,provided,not_selected,MoTrPAC_human_precovid_sed_adu,motrpac_human_plasma_endur_post,motrpac_human_precovid_endur_post_3.5_4hr_vs_pre,metab-u-rppos,
D-Urobilinogen [metab-u-rppos] [refmet: D-Urobilinogen],D-Urobilinogen,Organoheterocyclic compounds,0.0609543171871572,log2fc,0.647243451876141,0.747055828478577,benjamini_hochberg,within_each_platform_da_table_as_released_by_motrpac_v1.3_dream_acute,provided,not_selected,MoTrPAC_human_precovid_sed_adu,motrpac_human_plasma_endur_post,motrpac_human_precovid_endur_post_3.5_4hr_vs_pre,metab-u-rppos,
TG(51:3)_isomer3 [metab-u-lrppos] [refmet: TG(51:3)_isomer3],TG(51:3)_isomer3,unclassified_no_refmet_match,-0.0318323263137117,log2fc,0.655752593811907,0.750286270657054,benjamini_hochberg,within_each_platform_da_table_as_released_by_motrpac_v1.3_dream_acute,provided,not_selected,MoTrPAC_human_precovid_sed_adu,motrpac_human_plasma_endur_post,motrpac_human_precovid_endur_post_3.5_4hr_vs_pre,metab-u-lrppos,
Triethanolamine [metab-u-hilicpos] [refmet: Triethanolamine],Triethanolamine,Organic nitrogen compounds,-0.0870230554803211,log2fc,0.649511778125582,0.752745438225013,benjamini_hochberg,within_each_platform_da_table_as_released_by_motrpac_v1.3_dream_acute,provided,not_selected,MoTrPAC_human_precovid_sed_adu,motrpac_human_plasma_endur_post,motrpac_human_precovid_endur_post_3.5_4hr_vs_pre,metab-u-hilicpos,
CAR DC3:0;2Me [metab-u-hilicpos] [refmet: CAR DC3:0;2Me],CAR DC3:0;2Me,Fatty Acyls,0.0215780001406838,log2fc,0.648731720166778,0.752745438225013,benjamini_hochberg,within_each_platform_da_table_as_released_by_motrpac_v1.3_dream_acute,provided,not_selected,MoTrPAC_human_precovid_sed_adu,motrpac_human_plasma_endur_post,motrpac_human_precovid_endur_post_3.5_4hr_vs_pre,metab-u-hilicpos,
CE(22:5) [metab-u-lrppos] [refmet: CE(22:5)],CE(22:5),unclassified_no_refmet_match,0.0621559662551263,log2fc,0.66155769226368,0.753967045531082,benjamini_hochberg,within_each_platform_da_table_as_released_by_motrpac_v1.3_dream_acute,provided,not_selected,MoTrPAC_human_precovid_sed_adu,motrpac_human_plasma_endur_post,motrpac_human_precovid_endur_post_3.5_4hr_vs_pre,metab-u-lrppos,
TG(56:3)_isomer1 [metab-u-lrppos] [refmet: TG(56:3)_isomer1],TG(56:3)_isomer1,unclassified_no_refmet_match,-0.0562544665452123,log2fc,0.66187891651329,0.753967045531082,benjamini_hochberg,within_each_platform_da_table_as_released_by_motrpac_v1.3_dream_acute,provided,not_selected,MoTrPAC_human_precovid_sed_adu,motrpac_human_plasma_endur_post,motrpac_human_precovid_endur_post_3.5_4hr_vs_pre,metab-u-lrppos,
PE(O-42:6)>PE(O-20:1/22:5) [metab-u-lrppos] [refmet: PE(O-42:6)>PE(O-20:1/22:5)],PE(O-42:6)>PE(O-20:1/22:5),unclassified_no_refmet_match,-0.0369901837466493,log2fc,0.662577100618224,0.753967045531082,benjamini_hochberg,within_each_platform_da_table_as_released_by_motrpac_v1.3_dream_acute,provided,not_selected,MoTrPAC_human_precovid_sed_adu,motrpac_human_plasma_endur_post,motrpac_human_precovid_endur_post_3.5_4hr_vs_pre,metab-u-lrppos,
PC(40:2)_isomer1 [metab-u-lrppos] [refmet: PC(40:2)_isomer1],PC(40:2)_isomer1,unclassified_no_refmet_match,-0.0258904235936868,log2fc,0.670076389636516,0.759743031287696,benjamini_hochberg,within_each_platform_da_table_as_released_by_motrpac_v1.3_dream_acute,provided,not_selected,MoTrPAC_human_precovid_sed_adu,motrpac_human_plasma_endur_post,motrpac_human_precovid_endur_post_3.5_4hr_vs_pre,metab-u-lrppos,
Cer(d41:0) [metab-u-lrppos] [refmet: Cer(d41:0)],Cer(d41:0),unclassified_no_refmet_match,-0.0141741782401645,log2fc,0.669716120198797,0.759743031287696,benjamini_hochberg,within_each_platform_da_table_as_released_by_motrpac_v1.3_dream_acute,provided,not_selected,MoTrPAC_human_precovid_sed_adu,motrpac_human_plasma_endur_post,motrpac_human_precovid_endur_post_3.5_4hr_vs_pre,metab-u-lrppos,
Diethanolamine [metab-u-hilicpos] [refmet: Diethanolamine],Diethanolamine,Organic nitrogen compounds,-0.0695856299864026,log2fc,0.657775400215156,0.759806567905296,benjamini_hochberg,within_each_platform_da_table_as_released_by_motrpac_v1.3_dream_acute,provided,not_selected,MoTrPAC_human_precovid_sed_adu,motrpac_human_plasma_endur_post,motrpac_human_precovid_endur_post_3.5_4hr_vs_pre,metab-u-hilicpos,
Myristic acid [metab-u-rpneg] [refmet: Myristic acid],Myristic acid,Fatty Acyls,0.059202726336558,log2fc,0.711838460326245,0.764289715297653,benjamini_hochberg,within_each_platform_da_table_as_released_by_motrpac_v1.3_dream_acute,provided,not_selected,MoTrPAC_human_precovid_sed_adu,motrpac_human_plasma_endur_post,motrpac_human_precovid_endur_post_3.5_4hr_vs_pre,metab-u-rpneg,
TG(56:6)>TG(18:0_16:0_22:6) [metab-u-lrppos] [refmet: TG(56:6)>TG(18:0_16:0_22:6)],TG(56:6)>TG(18:0_16:0_22:6),unclassified_no_refmet_match,0.14438147609934,log2fc,0.677062070535845,0.766277830732806,benjamini_hochberg,within_each_platform_da_table_as_released_by_motrpac_v1.3_dream_acute,provided,not_selected,MoTrPAC_human_precovid_sed_adu,motrpac_human_plasma_endur_post,motrpac_human_precovid_endur_post_3.5_4hr_vs_pre,metab-u-lrppos,
SM(d43:2)_isomer2 [metab-u-lrppos] [refmet: SM(d43:2)_isomer2],SM(d43:2)_isomer2,unclassified_no_refmet_match,0.0309589470316993,log2fc,0.678976595399869,0.767060045613907,benjamini_hochberg,within_each_platform_da_table_as_released_by_motrpac_v1.3_dream_acute,provided,not_selected,MoTrPAC_human_precovid_sed_adu,motrpac_human_plasma_endur_post,motrpac_human_precovid_endur_post_3.5_4hr_vs_pre,metab-u-lrppos,
Methionine [metab-u-ionpneg] [refmet: Methionine],Methionine,Organic acids,-0.0356924391093116,log2fc,0.75702095503085,0.769637970948031,benjamini_hochberg,within_each_platform_da_table_as_released_by_motrpac_v1.3_dream_acute,provided,not_selected,MoTrPAC_human_precovid_sed_adu,motrpac_human_plasma_endur_post,motrpac_human_precovid_endur_post_3.5_4hr_vs_pre,metab-u-ionpneg,
PE(O-40:7)>PE(O-18:2/22:5)_isomer2 [metab-u-lrpneg] [refmet: PE(O-40:7)>PE(O-18:2/22:5)_isomer2],PE(O-40:7)>PE(O-18:2/22:5)_isomer2,unclassified_no_refmet_match,-0.0628047035388022,log2fc,0.627711340726777,0.7697274811627,benjamini_hochberg,within_each_platform_da_table_as_released_by_motrpac_v1.3_dream_acute,provided,not_selected,MoTrPAC_human_precovid_sed_adu,motrpac_human_plasma_endur_post,motrpac_human_precovid_endur_post_3.5_4hr_vs_pre,metab-u-lrpneg,
PE(40:6) [metab-u-lrppos] [refmet: PE(40:6)],PE(40:6),unclassified_no_refmet_match,0.0165827038689343,log2fc,0.682572405229933,0.769735428199942,benjamini_hochberg,within_each_platform_da_table_as_released_by_motrpac_v1.3_dream_acute,provided,not_selected,MoTrPAC_human_precovid_sed_adu,motrpac_human_plasma_endur_post,motrpac_human_precovid_endur_post_3.5_4hr_vs_pre,metab-u-lrppos,
TG(52:5)>TG(16:1_18:2_18:2) [metab-u-lrppos] [refmet: TG(52:5)>TG(16:1_18:2_18:2)],TG(52:5)>TG(16:1_18:2_18:2),unclassified_no_refmet_match,-0.0242950005418621,log2fc,0.68520645870907,0.771318580988487,benjamini_hochberg,within_each_platform_da_table_as_released_by_motrpac_v1.3_dream_acute,provided,not_selected,MoTrPAC_human_precovid_sed_adu,motrpac_human_plasma_endur_post,motrpac_human_precovid_endur_post_3.5_4hr_vs_pre,metab-u-lrppos,
TG(55:5)_isomer2 [metab-u-lrppos] [refmet: TG(55:5)_isomer2],TG(55:5)_isomer2,unclassified_no_refmet_match,0.0202682979545479,log2fc,0.686927271144011,0.771869890694077,benjamini_hochberg,within_each_platform_da_table_as_released_by_motrpac_v1.3_dream_acute,provided,not_selected,MoTrPAC_human_precovid_sed_adu,motrpac_human_plasma_endur_post,motrpac_human_precovid_endur_post_3.5_4hr_vs_pre,metab-u-lrppos,
Pyroglutamic acid [metab-u-rppos] [refmet: Pyroglutamic acid],Pyroglutamic acid,Organic acids,-0.0530206968694706,log2fc,0.674021041954732,0.772658267606644,benjamini_hochberg,within_each_platform_da_table_as_released_by_motrpac_v1.3_dream_acute,provided,not_selected,MoTrPAC_human_precovid_sed_adu,motrpac_human_plasma_endur_post,motrpac_human_precovid_endur_post_3.5_4hr_vs_pre,metab-u-rppos,
PC(34:0) [metab-u-lrppos] [refmet: PC(34:0)],PC(34:0),unclassified_no_refmet_match,-0.0166023816491503,log2fc,0.691146249699004,0.775221285440564,benjamini_hochberg,within_each_platform_da_table_as_released_by_motrpac_v1.3_dream_acute,provided,not_selected,MoTrPAC_human_precovid_sed_adu,motrpac_human_plasma_endur_post,motrpac_human_precovid_endur_post_3.5_4hr_vs_pre,metab-u-lrppos,
PE(O-40:5)>PE(O-18:0/22:5) [metab-u-lrpneg] [refmet: PE(O-40:5)>PE(O-18:0/22:5)],PE(O-40:5)>PE(O-18:0/22:5),unclassified_no_refmet_match,-0.0468488133363358,log2fc,0.635641559813837,0.77594082301599,benjamini_hochberg,within_each_platform_da_table_as_released_by_motrpac_v1.3_dream_acute,provided,not_selected,MoTrPAC_human_precovid_sed_adu,motrpac_human_plasma_endur_post,motrpac_human_precovid_endur_post_3.5_4hr_vs_pre,metab-u-lrpneg,
FA 11:4;O [metab-u-lrpneg] [refmet: FA 11:4;O],FA 11:4;O,Fatty Acyls,-0.190134370690004,log2fc,0.639359067087453,0.776978955967264,benjamini_hochberg,within_each_platform_da_table_as_released_by_motrpac_v1.3_dream_acute,provided,not_selected,MoTrPAC_human_precovid_sed_adu,motrpac_human_plasma_endur_post,motrpac_human_precovid_endur_post_3.5_4hr_vs_pre,metab-u-lrpneg,
Spermine [metab-u-rppos] [refmet: Spermine],Spermine,Alkaloids,0.0689258148166569,log2fc,0.685278473923329,0.780802139985368,benjamini_hochberg,within_each_platform_da_table_as_released_by_motrpac_v1.3_dream_acute,provided,not_selected,MoTrPAC_human_precovid_sed_adu,motrpac_human_plasma_endur_post,motrpac_human_precovid_endur_post_3.5_4hr_vs_pre,metab-u-rppos,
Oleamide [metab-u-rppos] [refmet: Oleamide],Oleamide,Fatty Acyls,0.0852270100461325,log2fc,0.695232179107779,0.785124346096532,benjamini_hochberg,within_each_platform_da_table_as_released_by_motrpac_v1.3_dream_acute,provided,not_selected,MoTrPAC_human_precovid_sed_adu,motrpac_human_plasma_endur_post,motrpac_human_precovid_endur_post_3.5_4hr_vs_pre,metab-u-rppos,
SM(d32:2) [metab-u-rppos] [refmet: SM(d32:2)],SM(d32:2),unclassified_no_refmet_match,-0.0736267020671484,log2fc,0.697424286160217,0.785124346096532,benjamini_hochberg,within_each_platform_da_table_as_released_by_motrpac_v1.3_dream_acute,provided,not_selected,MoTrPAC_human_precovid_sed_adu,motrpac_human_plasma_endur_post,motrpac_human_precovid_endur_post_3.5_4hr_vs_pre,metab-u-rppos,
PC(O-35:3)_isomer2 [metab-u-lrppos] [refmet: PC(O-35:3)_isomer2],PC(O-35:3)_isomer2,unclassified_no_refmet_match,-0.035783877829676,log2fc,0.702936565008413,0.787037904036205,benjamini_hochberg,within_each_platform_da_table_as_released_by_motrpac_v1.3_dream_acute,provided,not_selected,MoTrPAC_human_precovid_sed_adu,motrpac_human_plasma_endur_post,motrpac_human_precovid_endur_post_3.5_4hr_vs_pre,metab-u-lrppos,
PE(40:5)>PE(18:0_22:5)_isomer2 [metab-u-lrpneg] [refmet: PE(40:5)>PE(18:0_22:5)_isomer2],PE(40:5)>PE(18:0_22:5)_isomer2,unclassified_no_refmet_match,0.0988675465439819,log2fc,0.651546375323473,0.788254766574381,benjamini_hochberg,within_each_platform_da_table_as_released_by_motrpac_v1.3_dream_acute,provided,not_selected,MoTrPAC_human_precovid_sed_adu,motrpac_human_plasma_endur_post,motrpac_human_precovid_endur_post_3.5_4hr_vs_pre,metab-u-lrpneg,
LPC P-18:0 or LPC O-18:1_hp_b [metab-u-hilicpos] [refmet: LPC P-18:0 or LPC O-18:1_hp_b],LPC P-18:0 or LPC O-18:1_hp_b,unclassified_no_refmet_match,-0.0125385531811553,log2fc,0.686846560910901,0.790777290522419,benjamini_hochberg,within_each_platform_da_table_as_released_by_motrpac_v1.3_dream_acute,provided,not_selected,MoTrPAC_human_precovid_sed_adu,motrpac_human_plasma_endur_post,motrpac_human_precovid_endur_post_3.5_4hr_vs_pre,metab-u-hilicpos,
LPC(O-18:2) [metab-u-lrppos] [refmet: LPC(O-18:2)],LPC(O-18:2),unclassified_no_refmet_match,-0.0215820293580791,log2fc,0.714003019875389,0.798003375154846,benjamini_hochberg,within_each_platform_da_table_as_released_by_motrpac_v1.3_dream_acute,provided,not_selected,MoTrPAC_human_precovid_sed_adu,motrpac_human_plasma_endur_post,motrpac_human_precovid_endur_post_3.5_4hr_vs_pre,metab-u-lrppos,
N-Acetylneuraminic acid [metab-u-rppos] [refmet: N-Acetylneuraminic acid],N-Acetylneuraminic acid,Carbohydrates,0.0531777828115558,log2fc,0.713182275576758,0.798084927431134,benjamini_hochberg,within_each_platform_da_table_as_released_by_motrpac_v1.3_dream_acute,provided,not_selected,MoTrPAC_human_precovid_sed_adu,motrpac_human_plasma_endur_post,motrpac_human_precovid_endur_post_3.5_4hr_vs_pre,metab-u-rppos,
TG(54:7)_isomer2 [metab-u-lrppos] [refmet: TG(54:7)_isomer2],TG(54:7)_isomer2,unclassified_no_refmet_match,-0.0218584416071046,log2fc,0.718195078626458,0.801260345727382,benjamini_hochberg,within_each_platform_da_table_as_released_by_motrpac_v1.3_dream_acute,provided,not_selected,MoTrPAC_human_precovid_sed_adu,motrpac_human_plasma_endur_post,motrpac_human_precovid_endur_post_3.5_4hr_vs_pre,metab-u-lrppos,
PC(O-34:2) [metab-u-lrppos] [refmet: PC(O-34:2)],PC(O-34:2),unclassified_no_refmet_match,0.0337417932155546,log2fc,0.723050636281059,0.805244669535033,benjamini_hochberg,within_each_platform_da_table_as_released_by_motrpac_v1.3_dream_acute,provided,not_selected,MoTrPAC_human_precovid_sed_adu,motrpac_human_plasma_endur_post,motrpac_human_precovid_endur_post_3.5_4hr_vs_pre,metab-u-lrppos,
PC(36:6)_isomer2 [metab-u-lrppos] [refmet: PC(36:6)_isomer2],PC(36:6)_isomer2,unclassified_no_refmet_match,-0.0579708615239873,log2fc,0.725191946928348,0.806197430361833,benjamini_hochberg,within_each_platform_da_table_as_released_by_motrpac_v1.3_dream_acute,provided,not_selected,MoTrPAC_human_precovid_sed_adu,motrpac_human_plasma_endur_post,motrpac_human_precovid_endur_post_3.5_4hr_vs_pre,metab-u-lrppos,
TG(58:9) [metab-u-lrppos] [refmet: TG(58:9)],TG(58:9),unclassified_no_refmet_match,0.0142125162069071,log2fc,0.729546487187046,0.808601042358207,benjamini_hochberg,within_each_platform_da_table_as_released_by_motrpac_v1.3_dream_acute,provided,not_selected,MoTrPAC_human_precovid_sed_adu,motrpac_human_plasma_endur_post,motrpac_human_precovid_endur_post_3.5_4hr_vs_pre,metab-u-lrppos,
PI(34:1) [metab-u-lrppos] [refmet: PI(34:1)],PI(34:1),unclassified_no_refmet_match,0.012883914034056,log2fc,0.731222952180388,0.808601042358207,benjamini_hochberg,within_each_platform_da_table_as_released_by_motrpac_v1.3_dream_acute,provided,not_selected,MoTrPAC_human_precovid_sed_adu,motrpac_human_plasma_endur_post,motrpac_human_precovid_endur_post_3.5_4hr_vs_pre,metab-u-lrppos,
cholesterol [metab-u-lrppos] [refmet: cholesterol],cholesterol,Sterol Lipids,0.0089432842946806,log2fc,0.730923103424521,0.808601042358207,benjamini_hochberg,within_each_platform_da_table_as_released_by_motrpac_v1.3_dream_acute,provided,not_selected,MoTrPAC_human_precovid_sed_adu,motrpac_human_plasma_endur_post,motrpac_human_precovid_endur_post_3.5_4hr_vs_pre,metab-u-lrppos,
Asp-Leu [metab-u-rppos] [refmet: Asp-Leu],Asp-Leu,Organic acids,-0.0457972509967792,log2fc,0.728490784310213,0.810392115090651,benjamini_hochberg,within_each_platform_da_table_as_released_by_motrpac_v1.3_dream_acute,provided,not_selected,MoTrPAC_human_precovid_sed_adu,motrpac_human_plasma_endur_post,motrpac_human_precovid_endur_post_3.5_4hr_vs_pre,metab-u-rppos,
FA 18:1 [metab-u-lrpneg] [refmet: FA 18:1],FA 18:1,unclassified_no_refmet_match,0.149815288615113,log2fc,0.67397128680424,0.81176097210644,benjamini_hochberg,within_each_platform_da_table_as_released_by_motrpac_v1.3_dream_acute,provided,not_selected,MoTrPAC_human_precovid_sed_adu,motrpac_human_plasma_endur_post,motrpac_human_precovid_endur_post_3.5_4hr_vs_pre,metab-u-lrpneg,
ST 27:2;O3_isomer1 [metab-u-lrpneg] [refmet: ST 27:2;O3_isomer1],ST 27:2;O3_isomer1,unclassified_no_refmet_match,-0.109434257655366,log2fc,0.685355235402854,0.815815202465348,benjamini_hochberg,within_each_platform_da_table_as_released_by_motrpac_v1.3_dream_acute,provided,not_selected,MoTrPAC_human_precovid_sed_adu,motrpac_human_plasma_endur_post,motrpac_human_precovid_endur_post_3.5_4hr_vs_pre,metab-u-lrpneg,
PE(O-42:4)>PE(O-18:2/24:2)_isomer2 [metab-u-lrpneg] [refmet: PE(O-42:4)>PE(O-18:2/24:2)_isomer2],PE(O-42:4)>PE(O-18:2/24:2)_isomer2,unclassified_no_refmet_match,-0.0586311666894943,log2fc,0.682631396977846,0.815815202465348,benjamini_hochberg,within_each_platform_da_table_as_released_by_motrpac_v1.3_dream_acute,provided,not_selected,MoTrPAC_human_precovid_sed_adu,motrpac_human_plasma_endur_post,motrpac_human_precovid_endur_post_3.5_4hr_vs_pre,metab-u-lrpneg,
PC(36:3)>PC(16:0_20:3)_and_PC(36:3)>PC(18:1_18:2)_isomer2 [metab-u-lrpneg] [refmet: PC(36:3)>PC(16:0_20:3)_and_PC(36:3)>PC(18:1_18:2)_isomer2],PC(36:3)>PC(16:0_20:3)_and_PC(36:3)>PC(18:1_18:2)_isomer2,unclassified_no_refmet_match,-0.0546683542141331,log2fc,0.686368509823245,0.815815202465348,benjamini_hochberg,within_each_platform_da_table_as_released_by_motrpac_v1.3_dream_acute,provided,not_selected,MoTrPAC_human_precovid_sed_adu,motrpac_human_plasma_endur_post,motrpac_human_precovid_endur_post_3.5_4hr_vs_pre,metab-u-lrpneg,
N-Acetylputrescine [metab-u-hilicpos] [refmet: N-Acetylputrescine],N-Acetylputrescine,Alkaloids,0.0093971382172259,log2fc,0.713299364157128,0.818540253950802,benjamini_hochberg,within_each_platform_da_table_as_released_by_motrpac_v1.3_dream_acute,provided,not_selected,MoTrPAC_human_precovid_sed_adu,motrpac_human_plasma_endur_post,motrpac_human_precovid_endur_post_3.5_4hr_vs_pre,metab-u-hilicpos,
S-Allylcysteine [metab-u-rppos] [refmet: S-Allylcysteine],S-Allylcysteine,Organic acids,-0.0470752877430627,log2fc,0.741418207253148,0.819805877311373,benjamini_hochberg,within_each_platform_da_table_as_released_by_motrpac_v1.3_dream_acute,provided,not_selected,MoTrPAC_human_precovid_sed_adu,motrpac_human_plasma_endur_post,motrpac_human_precovid_endur_post_3.5_4hr_vs_pre,metab-u-rppos,
SM(d40:2) [metab-u-rppos] [refmet: SM(d40:2)],SM(d40:2),unclassified_no_refmet_match,-0.0085591668260782,log2fc,0.745674494788536,0.819805877311373,benjamini_hochberg,within_each_platform_da_table_as_released_by_motrpac_v1.3_dream_acute,provided,not_selected,MoTrPAC_human_precovid_sed_adu,motrpac_human_plasma_endur_post,motrpac_human_precovid_endur_post_3.5_4hr_vs_pre,metab-u-rppos,
PC(35:3)_isomer1 [metab-u-lrppos] [refmet: PC(35:3)_isomer1],PC(35:3)_isomer1,unclassified_no_refmet_match,-0.01042497075602,log2fc,0.743186092850648,0.82038323981929,benjamini_hochberg,within_each_platform_da_table_as_released_by_motrpac_v1.3_dream_acute,provided,not_selected,MoTrPAC_human_precovid_sed_adu,motrpac_human_plasma_endur_post,motrpac_human_precovid_endur_post_3.5_4hr_vs_pre,metab-u-lrppos,
Homocysteine [metab-t-amines] [refmet: Homocysteine],Homocysteine,Organic acids,-0.0347850414924347,log2fc,0.799429057752595,0.821635420467945,benjamini_hochberg,within_each_platform_da_table_as_released_by_motrpac_v1.3_dream_acute,provided,not_selected,MoTrPAC_human_precovid_sed_adu,motrpac_human_plasma_endur_post,motrpac_human_precovid_endur_post_3.5_4hr_vs_pre,metab-t-amines,
Undecanedioic acid [metab-u-rpneg] [refmet: Undecanedioic acid],Undecanedioic acid,Fatty Acyls,-0.0226959034624503,log2fc,0.774500372553638,0.82290664583824,benjamini_hochberg,within_each_platform_da_table_as_released_by_motrpac_v1.3_dream_acute,provided,not_selected,MoTrPAC_human_precovid_sed_adu,motrpac_human_plasma_endur_post,motrpac_human_precovid_endur_post_3.5_4hr_vs_pre,metab-u-rpneg,
PC(O-40:5)_isomer2 [metab-u-lrppos] [refmet: PC(O-40:5)_isomer2],PC(O-40:5)_isomer2,unclassified_no_refmet_match,-0.0127872568749865,log2fc,0.75331230256215,0.830099848341771,benjamini_hochberg,within_each_platform_da_table_as_released_by_motrpac_v1.3_dream_acute,provided,not_selected,MoTrPAC_human_precovid_sed_adu,motrpac_human_plasma_endur_post,motrpac_human_precovid_endur_post_3.5_4hr_vs_pre,metab-u-lrppos,
PC(33:0)_isomer2 [metab-u-lrppos] [refmet: PC(33:0)_isomer2],PC(33:0)_isomer2,unclassified_no_refmet_match,0.008841525628302,log2fc,0.756520308861344,0.832172339747479,benjamini_hochberg,within_each_platform_da_table_as_released_by_motrpac_v1.3_dream_acute,provided,not_selected,MoTrPAC_human_precovid_sed_adu,motrpac_human_plasma_endur_post,motrpac_human_precovid_endur_post_3.5_4hr_vs_pre,metab-u-lrppos,
TG(58:8)_isomer1 [metab-u-lrppos] [refmet: TG(58:8)_isomer1],TG(58:8)_isomer1,unclassified_no_refmet_match,0.0400302316513041,log2fc,0.760746627305407,0.835355753626078,benjamini_hochberg,within_each_platform_da_table_as_released_by_motrpac_v1.3_dream_acute,provided,not_selected,MoTrPAC_human_precovid_sed_adu,motrpac_human_plasma_endur_post,motrpac_human_precovid_endur_post_3.5_4hr_vs_pre,metab-u-lrppos,
FA 18:3;O_isomer1 [metab-u-lrpneg] [refmet: FA 18:3;O_isomer1],FA 18:3;O_isomer1,unclassified_no_refmet_match,0.0542204309287584,log2fc,0.710126636213408,0.835990464391399,benjamini_hochberg,within_each_platform_da_table_as_released_by_motrpac_v1.3_dream_acute,provided,not_selected,MoTrPAC_human_precovid_sed_adu,motrpac_human_plasma_endur_post,motrpac_human_precovid_endur_post_3.5_4hr_vs_pre,metab-u-lrpneg,
PC(O-34:3)>PC(O-16:1/18:2) [metab-u-lrpneg] [refmet: PC(O-34:3)>PC(O-16:1/18:2)],PC(O-34:3)>PC(O-16:1/18:2),unclassified_no_refmet_match,-0.0495413034341716,log2fc,0.712597037912964,0.835990464391399,benjamini_hochberg,within_each_platform_da_table_as_released_by_motrpac_v1.3_dream_acute,provided,not_selected,MoTrPAC_human_precovid_sed_adu,motrpac_human_plasma_endur_post,motrpac_human_precovid_endur_post_3.5_4hr_vs_pre,metab-u-lrpneg,
FA 22:4;O [metab-u-lrpneg] [refmet: FA 22:4;O],FA 22:4;O,Fatty Acyls,-0.0327495210340771,log2fc,0.712169926516531,0.835990464391399,benjamini_hochberg,within_each_platform_da_table_as_released_by_motrpac_v1.3_dream_acute,provided,not_selected,MoTrPAC_human_precovid_sed_adu,motrpac_human_plasma_endur_post,motrpac_human_precovid_endur_post_3.5_4hr_vs_pre,metab-u-lrpneg,
PC(36:1) [metab-u-lrppos] [refmet: PC(36:1)],PC(36:1),unclassified_no_refmet_match,-0.0097970172272994,log2fc,0.763719363167115,0.837153917317799,benjamini_hochberg,within_each_platform_da_table_as_released_by_motrpac_v1.3_dream_acute,provided,not_selected,MoTrPAC_human_precovid_sed_adu,motrpac_human_plasma_endur_post,motrpac_human_precovid_endur_post_3.5_4hr_vs_pre,metab-u-lrppos,
SM(d42:1) [metab-u-lrpneg] [refmet: SM(d42:1)],SM(d42:1),unclassified_no_refmet_match,0.0918122070982648,log2fc,0.726822471853168,0.838824247351656,benjamini_hochberg,within_each_platform_da_table_as_released_by_motrpac_v1.3_dream_acute,provided,not_selected,MoTrPAC_human_precovid_sed_adu,motrpac_human_plasma_endur_post,motrpac_human_precovid_endur_post_3.5_4hr_vs_pre,metab-u-lrpneg,
FA 15:4;O [metab-u-lrpneg] [refmet: FA 15:4;O],FA 15:4;O,Fatty Acyls,-0.0651218701615885,log2fc,0.725060542184732,0.838824247351656,benjamini_hochberg,within_each_platform_da_table_as_released_by_motrpac_v1.3_dream_acute,provided,not_selected,MoTrPAC_human_precovid_sed_adu,motrpac_human_plasma_endur_post,motrpac_human_precovid_endur_post_3.5_4hr_vs_pre,metab-u-lrpneg,
FA 22:3;O_isomer2 [metab-u-lrpneg] [refmet: FA 22:3;O_isomer2],FA 22:3;O_isomer2,unclassified_no_refmet_match,0.0376699247840797,log2fc,0.727393720028189,0.838824247351656,benjamini_hochberg,within_each_platform_da_table_as_released_by_motrpac_v1.3_dream_acute,provided,not_selected,MoTrPAC_human_precovid_sed_adu,motrpac_human_plasma_endur_post,motrpac_human_precovid_endur_post_3.5_4hr_vs_pre,metab-u-lrpneg,
PC(38:4)>PC(16:0_22:4) [metab-u-lrpneg] [refmet: PC(38:4)>PC(16:0_22:4)],PC(38:4)>PC(16:0_22:4),unclassified_no_refmet_match,0.0115952679927283,log2fc,0.720946333337641,0.838824247351656,benjamini_hochberg,within_each_platform_da_table_as_released_by_motrpac_v1.3_dream_acute,provided,not_selected,MoTrPAC_human_precovid_sed_adu,motrpac_human_plasma_endur_post,motrpac_human_precovid_endur_post_3.5_4hr_vs_pre,metab-u-lrpneg,
tridecylamine [metab-u-hilicpos] [refmet: tridecylamine],tridecylamine,Organic nitrogen compounds,-0.0319493715249699,log2fc,0.734120946243028,0.839680820866209,benjamini_hochberg,within_each_platform_da_table_as_released_by_motrpac_v1.3_dream_acute,provided,not_selected,MoTrPAC_human_precovid_sed_adu,motrpac_human_plasma_endur_post,motrpac_human_precovid_endur_post_3.5_4hr_vs_pre,metab-u-hilicpos,
PC(36:2)_isomer2 [metab-u-lrppos] [refmet: PC(36:2)_isomer2],PC(36:2)_isomer2,unclassified_no_refmet_match,-0.0107509652023126,log2fc,0.768630374817537,0.84106674521919,benjamini_hochberg,within_each_platform_da_table_as_released_by_motrpac_v1.3_dream_acute,provided,not_selected,MoTrPAC_human_precovid_sed_adu,motrpac_human_plasma_endur_post,motrpac_human_precovid_endur_post_3.5_4hr_vs_pre,metab-u-lrppos,
PC(31:0)_isomer1 [metab-u-lrppos] [refmet: PC(31:0)_isomer1],PC(31:0)_isomer1,unclassified_no_refmet_match,-0.0156426604952493,log2fc,0.770339363845,0.841468259809782,benjamini_hochberg,within_each_platform_da_table_as_released_by_motrpac_v1.3_dream_acute,provided,not_selected,MoTrPAC_human_precovid_sed_adu,motrpac_human_plasma_endur_post,motrpac_human_precovid_endur_post_3.5_4hr_vs_pre,metab-u-lrppos,
PE(35:1)>PE(17:0_18:1) [metab-u-lrpneg] [refmet: PE(35:1)>PE(17:0_18:1)],PE(35:1)>PE(17:0_18:1),unclassified_no_refmet_match,-0.0501476667279839,log2fc,0.733010327552061,0.841719486299189,benjamini_hochberg,within_each_platform_da_table_as_released_by_motrpac_v1.3_dream_acute,provided,not_selected,MoTrPAC_human_precovid_sed_adu,motrpac_human_plasma_endur_post,motrpac_human_precovid_endur_post_3.5_4hr_vs_pre,metab-u-lrpneg,
TG(55:4)_isomer1 [metab-u-lrppos] [refmet: TG(55:4)_isomer1],TG(55:4)_isomer1,unclassified_no_refmet_match,-0.0199724623723334,log2fc,0.77436468955522,0.844394191914997,benjamini_hochberg,within_each_platform_da_table_as_released_by_motrpac_v1.3_dream_acute,provided,not_selected,MoTrPAC_human_precovid_sed_adu,motrpac_human_plasma_endur_post,motrpac_human_precovid_endur_post_3.5_4hr_vs_pre,metab-u-lrppos,
bis(2-Ethylhexyl)phthalic acid [metab-u-rppos] [refmet: bis(2-Ethylhexyl)phthalic acid],bis(2-Ethylhexyl)phthalic acid,Benzenoids,-0.0323481071759879,log2fc,0.779876641135452,0.84650111350229,benjamini_hochberg,within_each_platform_da_table_as_released_by_motrpac_v1.3_dream_acute,provided,not_selected,MoTrPAC_human_precovid_sed_adu,motrpac_human_plasma_endur_post,motrpac_human_precovid_endur_post_3.5_4hr_vs_pre,metab-u-rppos,
3-Hydroxyphenyl valeric acid [metab-u-rppos] [refmet: 3-Hydroxyphenyl valeric acid],3-Hydroxyphenyl valeric acid,Fatty Acyls,-0.0280468669042584,log2fc,0.777166024029514,0.84650111350229,benjamini_hochberg,within_each_platform_da_table_as_released_by_motrpac_v1.3_dream_acute,provided,not_selected,MoTrPAC_human_precovid_sed_adu,motrpac_human_plasma_endur_post,motrpac_human_precovid_endur_post_3.5_4hr_vs_pre,metab-u-rppos,
LPC(20:0)_rp_a [metab-u-rppos] [refmet: LPC(20:0)_rp_a],LPC(20:0)_rp_a,unclassified_no_refmet_match,-0.0270562577426254,log2fc,0.786391213321226,0.84650111350229,benjamini_hochberg,within_each_platform_da_table_as_released_by_motrpac_v1.3_dream_acute,provided,not_selected,MoTrPAC_human_precovid_sed_adu,motrpac_human_plasma_endur_post,motrpac_human_precovid_endur_post_3.5_4hr_vs_pre,metab-u-rppos,
LPC(20:3)_rp_b [metab-u-rppos] [refmet: LPC(20:3)_rp_b],LPC(20:3)_rp_b,unclassified_no_refmet_match,0.0185726413406471,log2fc,0.787966462036706,0.84650111350229,benjamini_hochberg,within_each_platform_da_table_as_released_by_motrpac_v1.3_dream_acute,provided,not_selected,MoTrPAC_human_precovid_sed_adu,motrpac_human_plasma_endur_post,motrpac_human_precovid_endur_post_3.5_4hr_vs_pre,metab-u-rppos,
PC(O-34:0)>PC(O-18:0/16:0) [metab-u-lrpneg] [refmet: PC(O-34:0)>PC(O-18:0/16:0)],PC(O-34:0)>PC(O-18:0/16:0),unclassified_no_refmet_match,-0.0454922830028295,log2fc,0.742691235271572,0.849237657209266,benjamini_hochberg,within_each_platform_da_table_as_released_by_motrpac_v1.3_dream_acute,provided,not_selected,MoTrPAC_human_precovid_sed_adu,motrpac_human_plasma_endur_post,motrpac_human_precovid_endur_post_3.5_4hr_vs_pre,metab-u-lrpneg,
C16 Sphingosine [metab-u-hilicpos] [refmet: C16 Sphingosine],C16 Sphingosine,Sphingolipids,0.0742450166869784,log2fc,0.74694767082083,0.850926017599382,benjamini_hochberg,within_each_platform_da_table_as_released_by_motrpac_v1.3_dream_acute,provided,not_selected,MoTrPAC_human_precovid_sed_adu,motrpac_human_plasma_endur_post,motrpac_human_precovid_endur_post_3.5_4hr_vs_pre,metab-u-hilicpos,
Dimethylarginine [metab-u-hilicpos] [refmet: Dimethylarginine],Dimethylarginine,Organic acids,-0.009688639020112,log2fc,0.748814895487456,0.850926017599382,benjamini_hochberg,within_each_platform_da_table_as_released_by_motrpac_v1.3_dream_acute,provided,not_selected,MoTrPAC_human_precovid_sed_adu,motrpac_human_plasma_endur_post,motrpac_human_precovid_endur_post_3.5_4hr_vs_pre,metab-u-hilicpos,
2-Amino-heptanoic acid [metab-u-rppos] [refmet: 2-Amino-heptanoic acid],2-Amino-heptanoic acid,unclassified_no_refmet_match,0.0613466456935896,log2fc,0.798204413905271,0.852627442126085,benjamini_hochberg,within_each_platform_da_table_as_released_by_motrpac_v1.3_dream_acute,provided,not_selected,MoTrPAC_human_precovid_sed_adu,motrpac_human_plasma_endur_post,motrpac_human_precovid_endur_post_3.5_4hr_vs_pre,metab-u-rppos,
Palmitic acid [metab-u-rpneg] [refmet: Palmitic acid],Palmitic acid,Fatty Acyls,-0.0286955095444448,log2fc,0.817779578027388,0.859933164523645,benjamini_hochberg,within_each_platform_da_table_as_released_by_motrpac_v1.3_dream_acute,provided,not_selected,MoTrPAC_human_precovid_sed_adu,motrpac_human_plasma_endur_post,motrpac_human_precovid_endur_post_3.5_4hr_vs_pre,metab-u-rpneg,
CE(20:2) [metab-u-lrppos] [refmet: CE(20:2)],CE(20:2),unclassified_no_refmet_match,-0.0173855684842898,log2fc,0.790127131919751,0.860086305058479,benjamini_hochberg,within_each_platform_da_table_as_released_by_motrpac_v1.3_dream_acute,provided,not_selected,MoTrPAC_human_precovid_sed_adu,motrpac_human_plasma_endur_post,motrpac_human_precovid_endur_post_3.5_4hr_vs_pre,metab-u-lrppos,
PGE2 thanolamide [metab-t-oxylipneg] [refmet: PGE2 thanolamide],PGE2 thanolamide,unclassified_no_refmet_match,0.002061030043608,log2fc,0.678333000455832,0.861760655321523,benjamini_hochberg,within_each_platform_da_table_as_released_by_motrpac_v1.3_dream_acute,provided,not_selected,MoTrPAC_human_precovid_sed_adu,motrpac_human_plasma_endur_post,motrpac_human_precovid_endur_post_3.5_4hr_vs_pre,metab-t-oxylipneg,
9S-HODE [metab-t-oxylipneg] [refmet: 9S-HODE],9S-HODE,Fatty Acyls,-0.0005365206893068,log2fc,0.861760655321523,0.861760655321523,benjamini_hochberg,within_each_platform_da_table_as_released_by_motrpac_v1.3_dream_acute,provided,not_selected,MoTrPAC_human_precovid_sed_adu,motrpac_human_plasma_endur_post,motrpac_human_precovid_endur_post_3.5_4hr_vs_pre,metab-t-oxylipneg,
PC(37:5)_isomer4 [metab-u-lrppos] [refmet: PC(37:5)_isomer4],PC(37:5)_isomer4,unclassified_no_refmet_match,-0.0072084316708611,log2fc,0.794033904516849,0.862841001961983,benjamini_hochberg,within_each_platform_da_table_as_released_by_motrpac_v1.3_dream_acute,provided,not_selected,MoTrPAC_human_precovid_sed_adu,motrpac_human_plasma_endur_post,motrpac_human_precovid_endur_post_3.5_4hr_vs_pre,metab-u-lrppos,
DG(38:4)>DG(18:2_20:2_0:0)_isomer1 [metab-u-lrppos] [refmet: DG(38:4)>DG(18:2_20:2_0:0)_isomer1],DG(38:4)>DG(18:2_20:2_0:0)_isomer1,unclassified_no_refmet_match,0.0119989319403153,log2fc,0.79648576019073,0.864007909411052,benjamini_hochberg,within_each_platform_da_table_as_released_by_motrpac_v1.3_dream_acute,provided,not_selected,MoTrPAC_human_precovid_sed_adu,motrpac_human_plasma_endur_post,motrpac_human_precovid_endur_post_3.5_4hr_vs_pre,metab-u-lrppos,
SM(d42:1) [metab-u-rppos] [refmet: SM(d42:1)],SM(d42:1),unclassified_no_refmet_match,-0.012416360071164,log2fc,0.818466517560201,0.869331668369027,benjamini_hochberg,within_each_platform_da_table_as_released_by_motrpac_v1.3_dream_acute,provided,not_selected,MoTrPAC_human_precovid_sed_adu,motrpac_human_plasma_endur_post,motrpac_human_precovid_endur_post_3.5_4hr_vs_pre,metab-u-rppos,
SM(d36:2) [metab-u-lrpneg] [refmet: SM(d36:2)],SM(d36:2),unclassified_no_refmet_match,-0.0155812890034106,log2fc,0.764370473809171,0.870354615135652,benjamini_hochberg,within_each_platform_da_table_as_released_by_motrpac_v1.3_dream_acute,provided,not_selected,MoTrPAC_human_precovid_sed_adu,motrpac_human_plasma_endur_post,motrpac_human_precovid_endur_post_3.5_4hr_vs_pre,metab-u-lrpneg,
FA 15:1_isomer1 [metab-u-lrpneg] [refmet: FA 15:1_isomer1],FA 15:1_isomer1,unclassified_no_refmet_match,-0.0408837116778145,log2fc,0.767962838379785,0.870786314648208,benjamini_hochberg,within_each_platform_da_table_as_released_by_motrpac_v1.3_dream_acute,provided,not_selected,MoTrPAC_human_precovid_sed_adu,motrpac_human_plasma_endur_post,motrpac_human_precovid_endur_post_3.5_4hr_vs_pre,metab-u-lrpneg,
TG(58:10)>TG(18:2_18:2_22:6)_and_TG(18:2_20:4_20:4) [metab-u-lrppos] [refmet: TG(58:10)>TG(18:2_18:2_22:6)_and_TG(18:2_20:4_20:4)],TG(58:10)>TG(18:2_18:2_22:6)_and_TG(18:2_20:4_20:4),unclassified_no_refmet_match,0.0155882756654115,log2fc,0.806904911141747,0.871665477485089,benjamini_hochberg,within_each_platform_da_table_as_released_by_motrpac_v1.3_dream_acute,provided,not_selected,MoTrPAC_human_precovid_sed_adu,motrpac_human_plasma_endur_post,motrpac_human_precovid_endur_post_3.5_4hr_vs_pre,metab-u-lrppos,
PC(O-40:2)_isomer2 [metab-u-lrppos] [refmet: PC(O-40:2)_isomer2],PC(O-40:2)_isomer2,unclassified_no_refmet_match,0.0129900993252789,log2fc,0.807715538148065,0.871665477485089,benjamini_hochberg,within_each_platform_da_table_as_released_by_motrpac_v1.3_dream_acute,provided,not_selected,MoTrPAC_human_precovid_sed_adu,motrpac_human_plasma_endur_post,motrpac_human_precovid_endur_post_3.5_4hr_vs_pre,metab-u-lrppos,
PC(37:1) [metab-u-lrppos] [refmet: PC(37:1)],PC(37:1),unclassified_no_refmet_match,-0.0110885441193957,log2fc,0.806216664615687,0.871665477485089,benjamini_hochberg,within_each_platform_da_table_as_released_by_motrpac_v1.3_dream_acute,provided,not_selected,MoTrPAC_human_precovid_sed_adu,motrpac_human_plasma_endur_post,motrpac_human_precovid_endur_post_3.5_4hr_vs_pre,metab-u-lrppos,
TG(58:5)>TG(18:0_18:1_22:4) [metab-u-lrppos] [refmet: TG(58:5)>TG(18:0_18:1_22:4)],TG(58:5)>TG(18:0_18:1_22:4),unclassified_no_refmet_match,-0.0195072887630232,log2fc,0.809861098954061,0.872479225161849,benjamini_hochberg,within_each_platform_da_table_as_released_by_motrpac_v1.3_dream_acute,provided,not_selected,MoTrPAC_human_precovid_sed_adu,motrpac_human_plasma_endur_post,motrpac_human_precovid_endur_post_3.5_4hr_vs_pre,metab-u-lrppos,
Glycolithocholic acid [metab-u-rpneg] [refmet: Glycolithocholic acid],Glycolithocholic acid,Sterol Lipids,-0.0373109131241485,log2fc,0.839348917562796,0.873608057055155,benjamini_hochberg,within_each_platform_da_table_as_released_by_motrpac_v1.3_dream_acute,provided,not_selected,MoTrPAC_human_precovid_sed_adu,motrpac_human_plasma_endur_post,motrpac_human_precovid_endur_post_3.5_4hr_vs_pre,metab-u-rpneg,
PC(O-38:3)_isomer1 [metab-u-lrppos] [refmet: PC(O-38:3)_isomer1],PC(O-38:3)_isomer1,unclassified_no_refmet_match,0.0349381302081859,log2fc,0.817234977711554,0.878216084456439,benjamini_hochberg,within_each_platform_da_table_as_released_by_motrpac_v1.3_dream_acute,provided,not_selected,MoTrPAC_human_precovid_sed_adu,motrpac_human_plasma_endur_post,motrpac_human_precovid_endur_post_3.5_4hr_vs_pre,metab-u-lrppos,
LPC(20:2)>LPC(0:0/20:2) [metab-u-lrppos] [refmet: LPC(20:2)>LPC(0:0/20:2)],LPC(20:2)>LPC(0:0/20:2),unclassified_no_refmet_match,0.0077522701363577,log2fc,0.817987549158788,0.878216084456439,benjamini_hochberg,within_each_platform_da_table_as_released_by_motrpac_v1.3_dream_acute,provided,not_selected,MoTrPAC_human_precovid_sed_adu,motrpac_human_plasma_endur_post,motrpac_human_precovid_endur_post_3.5_4hr_vs_pre,metab-u-lrppos,
N-Acetylserine [metab-u-hilicpos] [refmet: N-Acetylserine],N-Acetylserine,Organic acids,0.0223988137662587,log2fc,0.776022131550143,0.878989469393366,benjamini_hochberg,within_each_platform_da_table_as_released_by_motrpac_v1.3_dream_acute,provided,not_selected,MoTrPAC_human_precovid_sed_adu,motrpac_human_plasma_endur_post,motrpac_human_precovid_endur_post_3.5_4hr_vs_pre,metab-u-hilicpos,
Pantothenic acid [metab-u-ionpneg] [refmet: Pantothenic acid],Pantothenic acid,Organic acids,-0.0108380790213651,log2fc,0.880058066188867,0.880058066188867,benjamini_hochberg,within_each_platform_da_table_as_released_by_motrpac_v1.3_dream_acute,provided,not_selected,MoTrPAC_human_precovid_sed_adu,motrpac_human_plasma_endur_post,motrpac_human_precovid_endur_post_3.5_4hr_vs_pre,metab-u-ionpneg,
PI(35:2) [metab-u-lrpneg] [refmet: PI(35:2)],PI(35:2),unclassified_no_refmet_match,0.0603152624335657,log2fc,0.78736677182574,0.880232431499102,benjamini_hochberg,within_each_platform_da_table_as_released_by_motrpac_v1.3_dream_acute,provided,not_selected,MoTrPAC_human_precovid_sed_adu,motrpac_human_plasma_endur_post,motrpac_human_precovid_endur_post_3.5_4hr_vs_pre,metab-u-lrpneg,
LPC(18:1)>LPC(18:1/0:0)_and_LPC(0:0/18:1) [metab-u-lrpneg] [refmet: LPC(18:1)>LPC(18:1/0:0)_and_LPC(0:0/18:1)],LPC(18:1)>LPC(18:1/0:0)_and_LPC(0:0/18:1),unclassified_no_refmet_match,0.0420463626955048,log2fc,0.783398452115112,0.880232431499102,benjamini_hochberg,within_each_platform_da_table_as_released_by_motrpac_v1.3_dream_acute,provided,not_selected,MoTrPAC_human_precovid_sed_adu,motrpac_human_plasma_endur_post,motrpac_human_precovid_endur_post_3.5_4hr_vs_pre,metab-u-lrpneg,
PE(O-39:7)>PE(O-21:7/18:0)_and_PE(O-17:1/22:6) [metab-u-lrpneg] [refmet: PE(O-39:7)>PE(O-21:7/18:0)_and_PE(O-17:1/22:6)],PE(O-39:7)>PE(O-21:7/18:0)_and_PE(O-17:1/22:6),unclassified_no_refmet_match,0.0370381602559426,log2fc,0.779961061436953,0.880232431499102,benjamini_hochberg,within_each_platform_da_table_as_released_by_motrpac_v1.3_dream_acute,provided,not_selected,MoTrPAC_human_precovid_sed_adu,motrpac_human_plasma_endur_post,motrpac_human_precovid_endur_post_3.5_4hr_vs_pre,metab-u-lrpneg,
SM(d32:2) [metab-u-lrpneg] [refmet: SM(d32:2)],SM(d32:2),unclassified_no_refmet_match,-0.0300875734499151,log2fc,0.789285907211372,0.880232431499102,benjamini_hochberg,within_each_platform_da_table_as_released_by_motrpac_v1.3_dream_acute,provided,not_selected,MoTrPAC_human_precovid_sed_adu,motrpac_human_plasma_endur_post,motrpac_human_precovid_endur_post_3.5_4hr_vs_pre,metab-u-lrpneg,
PC(O-40:4)>PC(O-18:0/22:4) [metab-u-lrpneg] [refmet: PC(O-40:4)>PC(O-18:0/22:4)],PC(O-40:4)>PC(O-18:0/22:4),unclassified_no_refmet_match,-0.0329776812078428,log2fc,0.793391861386996,0.881185223097853,benjamini_hochberg,within_each_platform_da_table_as_released_by_motrpac_v1.3_dream_acute,provided,not_selected,MoTrPAC_human_precovid_sed_adu,motrpac_human_plasma_endur_post,motrpac_human_precovid_endur_post_3.5_4hr_vs_pre,metab-u-lrpneg,
PC P-36:3 or PC O-36:4 [metab-u-hilicpos] [refmet: PC P-36:3 or PC O-36:4],PC P-36:3 or PC O-36:4,Glycerophospholipids,-0.0051400990336567,log2fc,0.781599633565852,0.882451199187253,benjamini_hochberg,within_each_platform_da_table_as_released_by_motrpac_v1.3_dream_acute,provided,not_selected,MoTrPAC_human_precovid_sed_adu,motrpac_human_plasma_endur_post,motrpac_human_precovid_endur_post_3.5_4hr_vs_pre,metab-u-hilicpos,
PE(36:0)>PE(18:0/18:0) [metab-u-lrpneg] [refmet: PE(36:0)>PE(18:0/18:0)],PE(36:0)>PE(18:0/18:0),unclassified_no_refmet_match,0.0159538938589066,log2fc,0.800991725415643,0.884591422839836,benjamini_hochberg,within_each_platform_da_table_as_released_by_motrpac_v1.3_dream_acute,provided,not_selected,MoTrPAC_human_precovid_sed_adu,motrpac_human_plasma_endur_post,motrpac_human_precovid_endur_post_3.5_4hr_vs_pre,metab-u-lrpneg,
SM(d37:1)_isomer1 [metab-u-lrpneg] [refmet: SM(d37:1)_isomer1],SM(d37:1)_isomer1,unclassified_no_refmet_match,0.0104238819805254,log2fc,0.802987048039113,0.884591422839836,benjamini_hochberg,within_each_platform_da_table_as_released_by_motrpac_v1.3_dream_acute,provided,not_selected,MoTrPAC_human_precovid_sed_adu,motrpac_human_plasma_endur_post,motrpac_human_precovid_endur_post_3.5_4hr_vs_pre,metab-u-lrpneg,
DG(38:6)>DG(18:2_20:4_0:0) [metab-u-lrppos] [refmet: DG(38:6)>DG(18:2_20:4_0:0)],DG(38:6)>DG(18:2_20:4_0:0),unclassified_no_refmet_match,-0.0109158485111003,log2fc,0.827278901121235,0.88516018942494,benjamini_hochberg,within_each_platform_da_table_as_released_by_motrpac_v1.3_dream_acute,provided,not_selected,MoTrPAC_human_precovid_sed_adu,motrpac_human_plasma_endur_post,motrpac_human_precovid_endur_post_3.5_4hr_vs_pre,metab-u-lrppos,
PC(O-38:6)_isomer2 [metab-u-lrppos] [refmet: PC(O-38:6)_isomer2],PC(O-38:6)_isomer2,unclassified_no_refmet_match,-0.0071842709179996,log2fc,0.826464589296921,0.88516018942494,benjamini_hochberg,within_each_platform_da_table_as_released_by_motrpac_v1.3_dream_acute,provided,not_selected,MoTrPAC_human_precovid_sed_adu,motrpac_human_plasma_endur_post,motrpac_human_precovid_endur_post_3.5_4hr_vs_pre,metab-u-lrppos,
indole-4-carboxaldehyde [metab-u-hilicpos] [refmet: indole-4-carboxaldehyde],indole-4-carboxaldehyde,Alkaloids,0.0635925209783519,log2fc,0.789141367543162,0.885254739231111,benjamini_hochberg,within_each_platform_da_table_as_released_by_motrpac_v1.3_dream_acute,provided,not_selected,MoTrPAC_human_precovid_sed_adu,motrpac_human_plasma_endur_post,motrpac_human_precovid_endur_post_3.5_4hr_vs_pre,metab-u-hilicpos,
Creatinine [metab-u-hilicpos] [refmet: Creatinine],Creatinine,Organoheterocyclic compounds,0.0033905447857876,log2fc,0.787046391188999,0.885254739231111,benjamini_hochberg,within_each_platform_da_table_as_released_by_motrpac_v1.3_dream_acute,provided,not_selected,MoTrPAC_human_precovid_sed_adu,motrpac_human_plasma_endur_post,motrpac_human_precovid_endur_post_3.5_4hr_vs_pre,metab-u-hilicpos,
PC(O-38:4)_isomer1 [metab-u-lrppos] [refmet: PC(O-38:4)_isomer1],PC(O-38:4)_isomer1,unclassified_no_refmet_match,0.0132598070172314,log2fc,0.829028238113845,0.885520792670155,benjamini_hochberg,within_each_platform_da_table_as_released_by_motrpac_v1.3_dream_acute,provided,not_selected,MoTrPAC_human_precovid_sed_adu,motrpac_human_plasma_endur_post,motrpac_human_precovid_endur_post_3.5_4hr_vs_pre,metab-u-lrppos,
Cotinine [metab-u-hilicpos] [refmet: Cotinine],Cotinine,Alkaloids,0.0239211810497331,log2fc,0.792874674903765,0.886601074173539,benjamini_hochberg,within_each_platform_da_table_as_released_by_motrpac_v1.3_dream_acute,provided,not_selected,MoTrPAC_human_precovid_sed_adu,motrpac_human_plasma_endur_post,motrpac_human_precovid_endur_post_3.5_4hr_vs_pre,metab-u-hilicpos,
LPC 16:0 [metab-u-hilicpos] [refmet: LPC 16:0],LPC 16:0,Glycerophospholipids,-0.0051839541501159,log2fc,0.795415194717493,0.886609293474912,benjamini_hochberg,within_each_platform_da_table_as_released_by_motrpac_v1.3_dream_acute,provided,not_selected,MoTrPAC_human_precovid_sed_adu,motrpac_human_plasma_endur_post,motrpac_human_precovid_endur_post_3.5_4hr_vs_pre,metab-u-hilicpos,
PE(O-38:2)>PE(O-20:0/18:2) [metab-u-lrpneg] [refmet: PE(O-38:2)>PE(O-20:0/18:2)],PE(O-38:2)>PE(O-20:0/18:2),unclassified_no_refmet_match,-0.0417645378928881,log2fc,0.81073476351908,0.888224921347209,benjamini_hochberg,within_each_platform_da_table_as_released_by_motrpac_v1.3_dream_acute,provided,not_selected,MoTrPAC_human_precovid_sed_adu,motrpac_human_plasma_endur_post,motrpac_human_precovid_endur_post_3.5_4hr_vs_pre,metab-u-lrpneg,
PC(34:1)>PC(16:0_18:1) [metab-u-lrpneg] [refmet: PC(34:1)>PC(16:0_18:1)],PC(34:1)>PC(16:0_18:1),unclassified_no_refmet_match,0.0231682141486367,log2fc,0.812840518428442,0.888224921347209,benjamini_hochberg,within_each_platform_da_table_as_released_by_motrpac_v1.3_dream_acute,provided,not_selected,MoTrPAC_human_precovid_sed_adu,motrpac_human_plasma_endur_post,motrpac_human_precovid_endur_post_3.5_4hr_vs_pre,metab-u-lrpneg,
Malate [metab-t-tca] [refmet: Malate],Malate,unclassified_no_refmet_match,-0.0098687369229923,log2fc,0.890857214240165,0.890857214240165,benjamini_hochberg,within_each_platform_da_table_as_released_by_motrpac_v1.3_dream_acute,provided,not_selected,MoTrPAC_human_precovid_sed_adu,motrpac_human_plasma_endur_post,motrpac_human_precovid_endur_post_3.5_4hr_vs_pre,metab-t-tca,
PC(O-40:7)_isomer3 [metab-u-lrppos] [refmet: PC(O-40:7)_isomer3],PC(O-40:7)_isomer3,unclassified_no_refmet_match,0.0079951936339561,log2fc,0.838303037399982,0.89390476947243,benjamini_hochberg,within_each_platform_da_table_as_released_by_motrpac_v1.3_dream_acute,provided,not_selected,MoTrPAC_human_precovid_sed_adu,motrpac_human_plasma_endur_post,motrpac_human_precovid_endur_post_3.5_4hr_vs_pre,metab-u-lrppos,
PC(42:5) [metab-u-lrppos] [refmet: PC(42:5)],PC(42:5),unclassified_no_refmet_match,0.0191987423301754,log2fc,0.845382632212588,0.895711958123778,benjamini_hochberg,within_each_platform_da_table_as_released_by_motrpac_v1.3_dream_acute,provided,not_selected,MoTrPAC_human_precovid_sed_adu,motrpac_human_plasma_endur_post,motrpac_human_precovid_endur_post_3.5_4hr_vs_pre,metab-u-lrppos,
PC(O-42:6)_isomer4 [metab-u-lrppos] [refmet: PC(O-42:6)_isomer4],PC(O-42:6)_isomer4,unclassified_no_refmet_match,0.0154773754431226,log2fc,0.84531600227517,0.895711958123778,benjamini_hochberg,within_each_platform_da_table_as_released_by_motrpac_v1.3_dream_acute,provided,not_selected,MoTrPAC_human_precovid_sed_adu,motrpac_human_plasma_endur_post,motrpac_human_precovid_endur_post_3.5_4hr_vs_pre,metab-u-lrppos,
PC(O-30:0) [metab-u-lrppos] [refmet: PC(O-30:0)],PC(O-30:0),unclassified_no_refmet_match,0.0144389676583145,log2fc,0.843504155936742,0.895711958123778,benjamini_hochberg,within_each_platform_da_table_as_released_by_motrpac_v1.3_dream_acute,provided,not_selected,MoTrPAC_human_precovid_sed_adu,motrpac_human_plasma_endur_post,motrpac_human_precovid_endur_post_3.5_4hr_vs_pre,metab-u-lrppos,
TG(50:2)>TG(14:0_18:1_18:1)_and_TG(16:0_16:1_18:1) [metab-u-lrppos] [refmet: TG(50:2)>TG(14:0_18:1_18:1)_and_TG(16:0_16:1_18:1)],TG(50:2)>TG(14:0_18:1_18:1)_and_TG(16:0_16:1_18:1),unclassified_no_refmet_match,-0.0092797942740041,log2fc,0.845712088053072,0.895711958123778,benjamini_hochberg,within_each_platform_da_table_as_released_by_motrpac_v1.3_dream_acute,provided,not_selected,MoTrPAC_human_precovid_sed_adu,motrpac_human_plasma_endur_post,motrpac_human_precovid_endur_post_3.5_4hr_vs_pre,metab-u-lrppos,
SM(d40:0) [metab-u-lrpneg] [refmet: SM(d40:0)],SM(d40:0),unclassified_no_refmet_match,-0.021962655470734,log2fc,0.830483725650204,0.900244358604821,benjamini_hochberg,within_each_platform_da_table_as_released_by_motrpac_v1.3_dream_acute,provided,not_selected,MoTrPAC_human_precovid_sed_adu,motrpac_human_plasma_endur_post,motrpac_human_precovid_endur_post_3.5_4hr_vs_pre,metab-u-lrpneg,
PE(O-42:8)>PE(O-18:2/24:6) [metab-u-lrpneg] [refmet: PE(O-42:8)>PE(O-18:2/24:6)],PE(O-42:8)>PE(O-18:2/24:6),unclassified_no_refmet_match,0.0200471288579713,log2fc,0.828516039057523,0.900244358604821,benjamini_hochberg,within_each_platform_da_table_as_released_by_motrpac_v1.3_dream_acute,provided,not_selected,MoTrPAC_human_precovid_sed_adu,motrpac_human_plasma_endur_post,motrpac_human_precovid_endur_post_3.5_4hr_vs_pre,metab-u-lrpneg,
SM(d32:1) [metab-u-lrpneg] [refmet: SM(d32:1)],SM(d32:1),unclassified_no_refmet_match,-0.0179352682237308,log2fc,0.833827660931443,0.900268112001677,benjamini_hochberg,within_each_platform_da_table_as_released_by_motrpac_v1.3_dream_acute,provided,not_selected,MoTrPAC_human_precovid_sed_adu,motrpac_human_plasma_endur_post,motrpac_human_precovid_endur_post_3.5_4hr_vs_pre,metab-u-lrpneg,
Aminododecanoic acid [metab-u-rppos] [refmet: Aminododecanoic acid],Aminododecanoic acid,Fatty Acyls,0.0306653873785692,log2fc,0.860685471064335,0.903960159553603,benjamini_hochberg,within_each_platform_da_table_as_released_by_motrpac_v1.3_dream_acute,provided,not_selected,MoTrPAC_human_precovid_sed_adu,motrpac_human_plasma_endur_post,motrpac_human_precovid_endur_post_3.5_4hr_vs_pre,metab-u-rppos,
SM(d42:2) [metab-u-rppos] [refmet: SM(d42:2)],SM(d42:2),unclassified_no_refmet_match,0.0059288468987723,log2fc,0.860108709645589,0.903960159553603,benjamini_hochberg,within_each_platform_da_table_as_released_by_motrpac_v1.3_dream_acute,provided,not_selected,MoTrPAC_human_precovid_sed_adu,motrpac_human_plasma_endur_post,motrpac_human_precovid_endur_post_3.5_4hr_vs_pre,metab-u-rppos,
TG(56:9)_isomer1 [metab-u-lrppos] [refmet: TG(56:9)_isomer1],TG(56:9)_isomer1,unclassified_no_refmet_match,-0.0133271408662559,log2fc,0.856465271400258,0.904234151796224,benjamini_hochberg,within_each_platform_da_table_as_released_by_motrpac_v1.3_dream_acute,provided,not_selected,MoTrPAC_human_precovid_sed_adu,motrpac_human_plasma_endur_post,motrpac_human_precovid_endur_post_3.5_4hr_vs_pre,metab-u-lrppos,
PC(40:7)_isomer2 [metab-u-lrppos] [refmet: PC(40:7)_isomer2],PC(40:7)_isomer2,unclassified_no_refmet_match,0.0069245782404827,log2fc,0.856642880649054,0.904234151796224,benjamini_hochberg,within_each_platform_da_table_as_released_by_motrpac_v1.3_dream_acute,provided,not_selected,MoTrPAC_human_precovid_sed_adu,motrpac_human_plasma_endur_post,motrpac_human_precovid_endur_post_3.5_4hr_vs_pre,metab-u-lrppos,
PE(34:1)>PE(16:0_18:1) [metab-u-lrpneg] [refmet: PE(34:1)>PE(16:0_18:1)],PE(34:1)>PE(16:0_18:1),unclassified_no_refmet_match,-0.0464030409784755,log2fc,0.844760950479874,0.905422121190467,benjamini_hochberg,within_each_platform_da_table_as_released_by_motrpac_v1.3_dream_acute,provided,not_selected,MoTrPAC_human_precovid_sed_adu,motrpac_human_plasma_endur_post,motrpac_human_precovid_endur_post_3.5_4hr_vs_pre,metab-u-lrpneg,
FA 16:2;O2_isomer1 [metab-u-lrpneg] [refmet: FA 16:2;O2_isomer1],FA 16:2;O2_isomer1,unclassified_no_refmet_match,-0.0195068086874564,log2fc,0.845283382513609,0.905422121190467,benjamini_hochberg,within_each_platform_da_table_as_released_by_motrpac_v1.3_dream_acute,provided,not_selected,MoTrPAC_human_precovid_sed_adu,motrpac_human_plasma_endur_post,motrpac_human_precovid_endur_post_3.5_4hr_vs_pre,metab-u-lrpneg,
PE(O-42:5)>PE(O-20:1/22:4)_isomer3 [metab-u-lrpneg] [refmet: PE(O-42:5)>PE(O-20:1/22:4)_isomer3],PE(O-42:5)>PE(O-20:1/22:4)_isomer3,unclassified_no_refmet_match,-0.0340047746241545,log2fc,0.853463793573018,0.907014462973678,benjamini_hochberg,within_each_platform_da_table_as_released_by_motrpac_v1.3_dream_acute,provided,not_selected,MoTrPAC_human_precovid_sed_adu,motrpac_human_plasma_endur_post,motrpac_human_precovid_endur_post_3.5_4hr_vs_pre,metab-u-lrpneg,
FA 26:3_isomer2 [metab-u-lrpneg] [refmet: FA 26:3_isomer2],FA 26:3_isomer2,unclassified_no_refmet_match,-0.023046413855333,log2fc,0.852849987521354,0.907014462973678,benjamini_hochberg,within_each_platform_da_table_as_released_by_motrpac_v1.3_dream_acute,provided,not_selected,MoTrPAC_human_precovid_sed_adu,motrpac_human_plasma_endur_post,motrpac_human_precovid_endur_post_3.5_4hr_vs_pre,metab-u-lrpneg,
PI(38:4)>PI(18:0_20:4) [metab-u-lrpneg] [refmet: PI(38:4)>PI(18:0_20:4)],PI(38:4)>PI(18:0_20:4),unclassified_no_refmet_match,-0.0347033974149085,log2fc,0.863908322467264,0.908280140841325,benjamini_hochberg,within_each_platform_da_table_as_released_by_motrpac_v1.3_dream_acute,provided,not_selected,MoTrPAC_human_precovid_sed_adu,motrpac_human_plasma_endur_post,motrpac_human_precovid_endur_post_3.5_4hr_vs_pre,metab-u-lrpneg,
PE(O-40:6)>PE(O-18:1/22:5) [metab-u-lrpneg] [refmet: PE(O-40:6)>PE(O-18:1/22:5)],PE(O-40:6)>PE(O-18:1/22:5),unclassified_no_refmet_match,-0.0181826468509279,log2fc,0.864709506778826,0.908280140841325,benjamini_hochberg,within_each_platform_da_table_as_released_by_motrpac_v1.3_dream_acute,provided,not_selected,MoTrPAC_human_precovid_sed_adu,motrpac_human_plasma_endur_post,motrpac_human_precovid_endur_post_3.5_4hr_vs_pre,metab-u-lrpneg,
PC(O-36:2)>PC(O-18:1/18:1) [metab-u-lrpneg] [refmet: PC(O-36:2)>PC(O-18:1/18:1)],PC(O-36:2)>PC(O-18:1/18:1),unclassified_no_refmet_match,0.0120696831308003,log2fc,0.85983504091812,0.908280140841325,benjamini_hochberg,within_each_platform_da_table_as_released_by_motrpac_v1.3_dream_acute,provided,not_selected,MoTrPAC_human_precovid_sed_adu,motrpac_human_plasma_endur_post,motrpac_human_precovid_endur_post_3.5_4hr_vs_pre,metab-u-lrpneg,
DG(36:2)>DG(18:1_18:1_0:0) [metab-u-lrppos] [refmet: DG(36:2)>DG(18:1_18:1_0:0)],DG(36:2)>DG(18:1_18:1_0:0),unclassified_no_refmet_match,0.0082706782722645,log2fc,0.862285013870394,0.908660006213003,benjamini_hochberg,within_each_platform_da_table_as_released_by_motrpac_v1.3_dream_acute,provided,not_selected,MoTrPAC_human_precovid_sed_adu,motrpac_human_plasma_endur_post,motrpac_human_precovid_endur_post_3.5_4hr_vs_pre,metab-u-lrppos,
Tetradecylamine [metab-u-hilicpos] [refmet: Tetradecylamine],Tetradecylamine,Organic nitrogen compounds,0.052387766773272,log2fc,0.823408414193321,0.909126009361711,benjamini_hochberg,within_each_platform_da_table_as_released_by_motrpac_v1.3_dream_acute,provided,not_selected,MoTrPAC_human_precovid_sed_adu,motrpac_human_plasma_endur_post,motrpac_human_precovid_endur_post_3.5_4hr_vs_pre,metab-u-hilicpos,
Trimethylbenzene [metab-u-hilicpos] [refmet: Trimethylbenzene],Trimethylbenzene,Benzenoids,-0.0172652136961879,log2fc,0.822670040040125,0.909126009361711,benjamini_hochberg,within_each_platform_da_table_as_released_by_motrpac_v1.3_dream_acute,provided,not_selected,MoTrPAC_human_precovid_sed_adu,motrpac_human_plasma_endur_post,motrpac_human_precovid_endur_post_3.5_4hr_vs_pre,metab-u-hilicpos,
1-Methylguanine [metab-u-hilicpos] [refmet: 1-Methylguanine],1-Methylguanine,Nucleic acids,-0.0097705150456963,log2fc,0.819259604191359,0.909126009361711,benjamini_hochberg,within_each_platform_da_table_as_released_by_motrpac_v1.3_dream_acute,provided,not_selected,MoTrPAC_human_precovid_sed_adu,motrpac_human_plasma_endur_post,motrpac_human_precovid_endur_post_3.5_4hr_vs_pre,metab-u-hilicpos,
TG(56:5)>TG(16:0_18:1_22:4)_and_TG(18:1_18:1_20:3)_isomer2 [metab-u-lrppos] [refmet: TG(56:5)>TG(16:0_18:1_22:4)_and_TG(18:1_18:1_20:3)_isomer2],TG(56:5)>TG(16:0_18:1_22:4)_and_TG(18:1_18:1_20:3)_isomer2,unclassified_no_refmet_match,-0.0075923891783098,log2fc,0.864747277941207,0.909725743740163,benjamini_hochberg,within_each_platform_da_table_as_released_by_motrpac_v1.3_dream_acute,provided,not_selected,MoTrPAC_human_precovid_sed_adu,motrpac_human_plasma_endur_post,motrpac_human_precovid_endur_post_3.5_4hr_vs_pre,metab-u-lrppos,
Phenylalanine [metab-t-amines] [refmet: Phenylalanine],Phenylalanine,Organic acids,-0.0020934943584523,log2fc,0.910097557338365,0.910097557338365,benjamini_hochberg,within_each_platform_da_table_as_released_by_motrpac_v1.3_dream_acute,provided,not_selected,MoTrPAC_human_precovid_sed_adu,motrpac_human_plasma_endur_post,motrpac_human_precovid_endur_post_3.5_4hr_vs_pre,metab-t-amines,
PC(38:5)_isomer6 [metab-u-lrppos] [refmet: PC(38:5)_isomer6],PC(38:5)_isomer6,unclassified_no_refmet_match,0.0106056984961427,log2fc,0.86890688312814,0.912570545596891,benjamini_hochberg,within_each_platform_da_table_as_released_by_motrpac_v1.3_dream_acute,provided,not_selected,MoTrPAC_human_precovid_sed_adu,motrpac_human_plasma_endur_post,motrpac_human_precovid_endur_post_3.5_4hr_vs_pre,metab-u-lrppos,
2-Aminobenzoic acid [metab-u-hilicpos] [refmet: 2-Aminobenzoic acid],2-Aminobenzoic acid,Benzenoids,0.0160441350316365,log2fc,0.829161725664089,0.912599383592551,benjamini_hochberg,within_each_platform_da_table_as_released_by_motrpac_v1.3_dream_acute,provided,not_selected,MoTrPAC_human_precovid_sed_adu,motrpac_human_plasma_endur_post,motrpac_human_precovid_endur_post_3.5_4hr_vs_pre,metab-u-hilicpos,
FA 18:0 [metab-u-lrpneg] [refmet: FA 18:0],FA 18:0,unclassified_no_refmet_match,0.0184281842764875,log2fc,0.872772554804284,0.913209893250814,benjamini_hochberg,within_each_platform_da_table_as_released_by_motrpac_v1.3_dream_acute,provided,not_selected,MoTrPAC_human_precovid_sed_adu,motrpac_human_plasma_endur_post,motrpac_human_precovid_endur_post_3.5_4hr_vs_pre,metab-u-lrpneg,
PC(O-37:4)_isomer3 [metab-u-lrppos] [refmet: PC(O-37:4)_isomer3],PC(O-37:4)_isomer3,unclassified_no_refmet_match,0.0332798000854986,log2fc,0.872805221614256,0.915131896241034,benjamini_hochberg,within_each_platform_da_table_as_released_by_motrpac_v1.3_dream_acute,provided,not_selected,MoTrPAC_human_precovid_sed_adu,motrpac_human_plasma_endur_post,motrpac_human_precovid_endur_post_3.5_4hr_vs_pre,metab-u-lrppos,
TG(56:4)>TG(18:0_18:0_20:4) [metab-u-lrppos] [refmet: TG(56:4)>TG(18:0_18:0_20:4)],TG(56:4)>TG(18:0_18:0_20:4),unclassified_no_refmet_match,-0.0302424127993213,log2fc,0.878676721909127,0.915166618998377,benjamini_hochberg,within_each_platform_da_table_as_released_by_motrpac_v1.3_dream_acute,provided,not_selected,MoTrPAC_human_precovid_sed_adu,motrpac_human_plasma_endur_post,motrpac_human_precovid_endur_post_3.5_4hr_vs_pre,metab-u-lrppos,
PC(O-42:5) [metab-u-lrppos] [refmet: PC(O-42:5)],PC(O-42:5),unclassified_no_refmet_match,0.0127019438128535,log2fc,0.877766649509302,0.915166618998377,benjamini_hochberg,within_each_platform_da_table_as_released_by_motrpac_v1.3_dream_acute,provided,not_selected,MoTrPAC_human_precovid_sed_adu,motrpac_human_plasma_endur_post,motrpac_human_precovid_endur_post_3.5_4hr_vs_pre,metab-u-lrppos,
SM(d41:0) [metab-u-lrppos] [refmet: SM(d41:0)],SM(d41:0),unclassified_no_refmet_match,0.0098309012142401,log2fc,0.875554979403418,0.915166618998377,benjamini_hochberg,within_each_platform_da_table_as_released_by_motrpac_v1.3_dream_acute,provided,not_selected,MoTrPAC_human_precovid_sed_adu,motrpac_human_plasma_endur_post,motrpac_human_precovid_endur_post_3.5_4hr_vs_pre,metab-u-lrppos,
PC(O-35:2)_isomer1 [metab-u-lrppos] [refmet: PC(O-35:2)_isomer1],PC(O-35:2)_isomer1,unclassified_no_refmet_match,-0.0075958980941095,log2fc,0.876354791678469,0.915166618998377,benjamini_hochberg,within_each_platform_da_table_as_released_by_motrpac_v1.3_dream_acute,provided,not_selected,MoTrPAC_human_precovid_sed_adu,motrpac_human_plasma_endur_post,motrpac_human_precovid_endur_post_3.5_4hr_vs_pre,metab-u-lrppos,
Carnitine [metab-u-rppos] [refmet: Carnitine],Carnitine,Organic nitrogen compounds,0.0211263239535597,log2fc,0.879602437288272,0.916409000535013,benjamini_hochberg,within_each_platform_da_table_as_released_by_motrpac_v1.3_dream_acute,provided,not_selected,MoTrPAC_human_precovid_sed_adu,motrpac_human_plasma_endur_post,motrpac_human_precovid_endur_post_3.5_4hr_vs_pre,metab-u-rppos,
N-Acetylaspartic acid [metab-u-rppos] [refmet: N-Acetylaspartic acid],N-Acetylaspartic acid,Organic acids,0.0069769034930029,log2fc,0.882287388812965,0.916409000535013,benjamini_hochberg,within_each_platform_da_table_as_released_by_motrpac_v1.3_dream_acute,provided,not_selected,MoTrPAC_human_precovid_sed_adu,motrpac_human_plasma_endur_post,motrpac_human_precovid_endur_post_3.5_4hr_vs_pre,metab-u-rppos,
N-Acetylglutamic acid [metab-u-hilicpos] [refmet: N-Acetylglutamic acid],N-Acetylglutamic acid,Organic acids,0.0155978421513563,log2fc,0.837972293041032,0.916532195513629,benjamini_hochberg,within_each_platform_da_table_as_released_by_motrpac_v1.3_dream_acute,provided,not_selected,MoTrPAC_human_precovid_sed_adu,motrpac_human_plasma_endur_post,motrpac_human_precovid_endur_post_3.5_4hr_vs_pre,metab-u-hilicpos,
PC P-35:1 or PC O-35:2 [metab-u-hilicpos] [refmet: PC P-35:1 or PC O-35:2],PC P-35:1 or PC O-35:2,Glycerophospholipids,-0.0045642160902552,log2fc,0.837513968095348,0.916532195513629,benjamini_hochberg,within_each_platform_da_table_as_released_by_motrpac_v1.3_dream_acute,provided,not_selected,MoTrPAC_human_precovid_sed_adu,motrpac_human_plasma_endur_post,motrpac_human_precovid_endur_post_3.5_4hr_vs_pre,metab-u-hilicpos,
Cer 18:1;O2/4:0 [metab-u-hilicpos] [refmet: Cer 18:1;O2/4:0],Cer 18:1;O2/4:0,Sphingolipids,-0.071999710553543,log2fc,0.842542432990874,0.918659973666061,benjamini_hochberg,within_each_platform_da_table_as_released_by_motrpac_v1.3_dream_acute,provided,not_selected,MoTrPAC_human_precovid_sed_adu,motrpac_human_plasma_endur_post,motrpac_human_precovid_endur_post_3.5_4hr_vs_pre,metab-u-hilicpos,
TG(55:5)_isomer1 [metab-u-lrppos] [refmet: TG(55:5)_isomer1],TG(55:5)_isomer1,unclassified_no_refmet_match,0.0121644281933477,log2fc,0.884827071117522,0.920044068972946,benjamini_hochberg,within_each_platform_da_table_as_released_by_motrpac_v1.3_dream_acute,provided,not_selected,MoTrPAC_human_precovid_sed_adu,motrpac_human_plasma_endur_post,motrpac_human_precovid_endur_post_3.5_4hr_vs_pre,metab-u-lrppos,
FA 26:3;O2 [metab-u-lrpneg] [refmet: FA 26:3;O2],FA 26:3;O2,Fatty Acyls,-0.0135249190472244,log2fc,0.883498562462959,0.92087734779793,benjamini_hochberg,within_each_platform_da_table_as_released_by_motrpac_v1.3_dream_acute,provided,not_selected,MoTrPAC_human_precovid_sed_adu,motrpac_human_plasma_endur_post,motrpac_human_precovid_endur_post_3.5_4hr_vs_pre,metab-u-lrpneg,
Palmitoleoyl-EA [metab-u-hilicpos] [refmet: Palmitoleoyl-EA],Palmitoleoyl-EA,Fatty Acyls,-0.0356727089758238,log2fc,0.857724125032596,0.920925025909172,benjamini_hochberg,within_each_platform_da_table_as_released_by_motrpac_v1.3_dream_acute,provided,not_selected,MoTrPAC_human_precovid_sed_adu,motrpac_human_plasma_endur_post,motrpac_human_precovid_endur_post_3.5_4hr_vs_pre,metab-u-hilicpos,
N-Lauroylglycine [metab-u-hilicpos] [refmet: N-Lauroylglycine],N-Lauroylglycine,unclassified_no_refmet_match,-0.0268893807539374,log2fc,0.861380024146063,0.920925025909172,benjamini_hochberg,within_each_platform_da_table_as_released_by_motrpac_v1.3_dream_acute,provided,not_selected,MoTrPAC_human_precovid_sed_adu,motrpac_human_plasma_endur_post,motrpac_human_precovid_endur_post_3.5_4hr_vs_pre,metab-u-hilicpos,
3-Hydroxyanthranilic acid [metab-u-hilicpos] [refmet: 3-Hydroxyanthranilic acid],3-Hydroxyanthranilic acid,Benzenoids,0.0236316806333079,log2fc,0.85776670544175,0.920925025909172,benjamini_hochberg,within_each_platform_da_table_as_released_by_motrpac_v1.3_dream_acute,provided,not_selected,MoTrPAC_human_precovid_sed_adu,motrpac_human_plasma_endur_post,motrpac_human_precovid_endur_post_3.5_4hr_vs_pre,metab-u-hilicpos,
5-Hydroxytryptophol [metab-u-hilicpos] [refmet: 5-Hydroxytryptophol],5-Hydroxytryptophol,Alkaloids,0.0222259711861224,log2fc,0.863038309994881,0.920925025909172,benjamini_hochberg,within_each_platform_da_table_as_released_by_motrpac_v1.3_dream_acute,provided,not_selected,MoTrPAC_human_precovid_sed_adu,motrpac_human_plasma_endur_post,motrpac_human_precovid_endur_post_3.5_4hr_vs_pre,metab-u-hilicpos,
Deoxyuridine [metab-u-hilicpos] [refmet: Deoxyuridine],Deoxyuridine,Nucleic acids,0.0116935847146014,log2fc,0.851917231738067,0.920925025909172,benjamini_hochberg,within_each_platform_da_table_as_released_by_motrpac_v1.3_dream_acute,provided,not_selected,MoTrPAC_human_precovid_sed_adu,motrpac_human_plasma_endur_post,motrpac_human_precovid_endur_post_3.5_4hr_vs_pre,metab-u-hilicpos,
PC 36:2 [metab-u-hilicpos] [refmet: PC 36:2],PC 36:2,Glycerophospholipids,-0.0090113532043609,log2fc,0.854800614646091,0.920925025909172,benjamini_hochberg,within_each_platform_da_table_as_released_by_motrpac_v1.3_dream_acute,provided,not_selected,MoTrPAC_human_precovid_sed_adu,motrpac_human_plasma_endur_post,motrpac_human_precovid_endur_post_3.5_4hr_vs_pre,metab-u-hilicpos,
Nicotinic acid [metab-u-hilicpos] [refmet: Nicotinic acid],Nicotinic acid,Alkaloids,-0.0077620347606046,log2fc,0.860503550052836,0.920925025909172,benjamini_hochberg,within_each_platform_da_table_as_released_by_motrpac_v1.3_dream_acute,provided,not_selected,MoTrPAC_human_precovid_sed_adu,motrpac_human_plasma_endur_post,motrpac_human_precovid_endur_post_3.5_4hr_vs_pre,metab-u-hilicpos,
PE(38:5)>PE(16:0_22:5)_and_PE(18:1_20:4) [metab-u-lrpneg] [refmet: PE(38:5)>PE(16:0_22:5)_and_PE(18:1_20:4)],PE(38:5)>PE(16:0_22:5)_and_PE(18:1_20:4),unclassified_no_refmet_match,-0.0197628135863859,log2fc,0.887796459566564,0.921234191895586,benjamini_hochberg,within_each_platform_da_table_as_released_by_motrpac_v1.3_dream_acute,provided,not_selected,MoTrPAC_human_precovid_sed_adu,motrpac_human_plasma_endur_post,motrpac_human_precovid_endur_post_3.5_4hr_vs_pre,metab-u-lrpneg,
ST 23:1;O4_isomer1 [metab-u-lrpneg] [refmet: ST 23:1;O4_isomer1],ST 23:1;O4_isomer1,unclassified_no_refmet_match,-0.0123882939295932,log2fc,0.890639698437799,0.921234191895586,benjamini_hochberg,within_each_platform_da_table_as_released_by_motrpac_v1.3_dream_acute,provided,not_selected,MoTrPAC_human_precovid_sed_adu,motrpac_human_plasma_endur_post,motrpac_human_precovid_endur_post_3.5_4hr_vs_pre,metab-u-lrpneg,
DG(36:5)>DG(18:2_18:3_0:0) [metab-u-lrppos] [refmet: DG(36:5)>DG(18:2_18:3_0:0)],DG(36:5)>DG(18:2_18:3_0:0),unclassified_no_refmet_match,0.0150224438877906,log2fc,0.889077531441148,0.922933132803974,benjamini_hochberg,within_each_platform_da_table_as_released_by_motrpac_v1.3_dream_acute,provided,not_selected,MoTrPAC_human_precovid_sed_adu,motrpac_human_plasma_endur_post,motrpac_human_precovid_endur_post_3.5_4hr_vs_pre,metab-u-lrppos,
CE(18:1) [metab-u-lrppos] [refmet: CE(18:1)],CE(18:1),unclassified_no_refmet_match,-0.0079155672308104,log2fc,0.893792415205381,0.926293957576486,benjamini_hochberg,within_each_platform_da_table_as_released_by_motrpac_v1.3_dream_acute,provided,not_selected,MoTrPAC_human_precovid_sed_adu,motrpac_human_plasma_endur_post,motrpac_human_precovid_endur_post_3.5_4hr_vs_pre,metab-u-lrppos,
PE 32:1 [metab-u-hilicpos] [refmet: PE 32:1],PE 32:1,Glycerophospholipids,0.0187635120567347,log2fc,0.872561969787732,0.926863457574759,benjamini_hochberg,within_each_platform_da_table_as_released_by_motrpac_v1.3_dream_acute,provided,not_selected,MoTrPAC_human_precovid_sed_adu,motrpac_human_plasma_endur_post,motrpac_human_precovid_endur_post_3.5_4hr_vs_pre,metab-u-hilicpos,
Cystine [metab-u-hilicpos] [refmet: Cystine],Cystine,Organic acids,-0.0075678189497239,log2fc,0.87389983142763,0.926863457574759,benjamini_hochberg,within_each_platform_da_table_as_released_by_motrpac_v1.3_dream_acute,provided,not_selected,MoTrPAC_human_precovid_sed_adu,motrpac_human_plasma_endur_post,motrpac_human_precovid_endur_post_3.5_4hr_vs_pre,metab-u-hilicpos,
PS(38:4)>PS(18:0_20:4)_isomer1 [metab-u-lrpneg] [refmet: PS(38:4)>PS(18:0_20:4)_isomer1],PS(38:4)>PS(18:0_20:4)_isomer1,unclassified_no_refmet_match,0.031679733240825,log2fc,0.904494711193926,0.927139604351717,benjamini_hochberg,within_each_platform_da_table_as_released_by_motrpac_v1.3_dream_acute,provided,not_selected,MoTrPAC_human_precovid_sed_adu,motrpac_human_plasma_endur_post,motrpac_human_precovid_endur_post_3.5_4hr_vs_pre,metab-u-lrpneg,
FA 26:2_isomer1 [metab-u-lrpneg] [refmet: FA 26:2_isomer1],FA 26:2_isomer1,unclassified_no_refmet_match,0.0137246614727786,log2fc,0.906612528240609,0.927139604351717,benjamini_hochberg,within_each_platform_da_table_as_released_by_motrpac_v1.3_dream_acute,provided,not_selected,MoTrPAC_human_precovid_sed_adu,motrpac_human_plasma_endur_post,motrpac_human_precovid_endur_post_3.5_4hr_vs_pre,metab-u-lrpneg,
PC(34:2)>PC(16:0_18:2) [metab-u-lrpneg] [refmet: PC(34:2)>PC(16:0_18:2)],PC(34:2)>PC(16:0_18:2),unclassified_no_refmet_match,-0.0121451349515667,log2fc,0.90217027550342,0.927139604351717,benjamini_hochberg,within_each_platform_da_table_as_released_by_motrpac_v1.3_dream_acute,provided,not_selected,MoTrPAC_human_precovid_sed_adu,motrpac_human_plasma_endur_post,motrpac_human_precovid_endur_post_3.5_4hr_vs_pre,metab-u-lrpneg,
Cer 18:1;O2/22:0 [metab-u-hilicpos] [refmet: Cer 18:1;O2/22:0],Cer 18:1;O2/22:0,Sphingolipids,0.0128350342037322,log2fc,0.877493508376266,0.927863226379738,benjamini_hochberg,within_each_platform_da_table_as_released_by_motrpac_v1.3_dream_acute,provided,not_selected,MoTrPAC_human_precovid_sed_adu,motrpac_human_plasma_endur_post,motrpac_human_precovid_endur_post_3.5_4hr_vs_pre,metab-u-hilicpos,
PC(O-36:2)_isomer2 [metab-u-lrppos] [refmet: PC(O-36:2)_isomer2],PC(O-36:2)_isomer2,unclassified_no_refmet_match,0.0117285598831032,log2fc,0.898552155679123,0.928960064483246,benjamini_hochberg,within_each_platform_da_table_as_released_by_motrpac_v1.3_dream_acute,provided,not_selected,MoTrPAC_human_precovid_sed_adu,motrpac_human_plasma_endur_post,motrpac_human_precovid_endur_post_3.5_4hr_vs_pre,metab-u-lrppos,
PC(40:4)_isomer2 [metab-u-lrppos] [refmet: PC(40:4)_isomer2],PC(40:4)_isomer2,unclassified_no_refmet_match,0.0058915035104085,log2fc,0.901282973246548,0.928960064483246,benjamini_hochberg,within_each_platform_da_table_as_released_by_motrpac_v1.3_dream_acute,provided,not_selected,MoTrPAC_human_precovid_sed_adu,motrpac_human_plasma_endur_post,motrpac_human_precovid_endur_post_3.5_4hr_vs_pre,metab-u-lrppos,
CE(22:6) [metab-u-lrppos] [refmet: CE(22:6)],CE(22:6),unclassified_no_refmet_match,0.0055312579203139,log2fc,0.902291354498081,0.928960064483246,benjamini_hochberg,within_each_platform_da_table_as_released_by_motrpac_v1.3_dream_acute,provided,not_selected,MoTrPAC_human_precovid_sed_adu,motrpac_human_plasma_endur_post,motrpac_human_precovid_endur_post_3.5_4hr_vs_pre,metab-u-lrppos,
PE(O-40:7)>PE(O-18:1/22:6) [metab-u-lrppos] [refmet: PE(O-40:7)>PE(O-18:1/22:6)],PE(O-40:7)>PE(O-18:1/22:6),unclassified_no_refmet_match,0.0027838835597329,log2fc,0.900825500512126,0.928960064483246,benjamini_hochberg,within_each_platform_da_table_as_released_by_motrpac_v1.3_dream_acute,provided,not_selected,MoTrPAC_human_precovid_sed_adu,motrpac_human_plasma_endur_post,motrpac_human_precovid_endur_post_3.5_4hr_vs_pre,metab-u-lrppos,
LPC(18:0)>LPC(0:0/18:0) [metab-u-lrppos] [refmet: LPC(18:0)>LPC(0:0/18:0)],LPC(18:0)>LPC(0:0/18:0),unclassified_no_refmet_match,-0.0039883362917336,log2fc,0.904516320079013,0.929724151950068,benjamini_hochberg,within_each_platform_da_table_as_released_by_motrpac_v1.3_dream_acute,provided,not_selected,MoTrPAC_human_precovid_sed_adu,motrpac_human_plasma_endur_post,motrpac_human_precovid_endur_post_3.5_4hr_vs_pre,metab-u-lrppos,
Adenosine [metab-u-hilicpos] [refmet: Adenosine],Adenosine,Nucleic acids,0.0281683260329064,log2fc,0.887831522376605,0.93007487792685,benjamini_hochberg,within_each_platform_da_table_as_released_by_motrpac_v1.3_dream_acute,provided,not_selected,MoTrPAC_human_precovid_sed_adu,motrpac_human_plasma_endur_post,motrpac_human_precovid_endur_post_3.5_4hr_vs_pre,metab-u-hilicpos,
Linoleoyl-EA [metab-u-hilicpos] [refmet: Linoleoyl-EA],Linoleoyl-EA,Fatty Acyls,0.0264617311316329,log2fc,0.899650580948571,0.93007487792685,benjamini_hochberg,within_each_platform_da_table_as_released_by_motrpac_v1.3_dream_acute,provided,not_selected,MoTrPAC_human_precovid_sed_adu,motrpac_human_plasma_endur_post,motrpac_human_precovid_endur_post_3.5_4hr_vs_pre,metab-u-hilicpos,
alpha-N-Phenylacetylglutamine [metab-u-hilicpos] [refmet: alpha-N-Phenylacetylglutamine],alpha-N-Phenylacetylglutamine,Organic acids,0.0205884185304264,log2fc,0.895062685323731,0.93007487792685,benjamini_hochberg,within_each_platform_da_table_as_released_by_motrpac_v1.3_dream_acute,provided,not_selected,MoTrPAC_human_precovid_sed_adu,motrpac_human_plasma_endur_post,motrpac_human_precovid_endur_post_3.5_4hr_vs_pre,metab-u-hilicpos,
PC O-28:0 [metab-u-hilicpos] [refmet: PC O-28:0],PC O-28:0,Glycerophospholipids,-0.0174460166863586,log2fc,0.885321796618761,0.93007487792685,benjamini_hochberg,within_each_platform_da_table_as_released_by_motrpac_v1.3_dream_acute,provided,not_selected,MoTrPAC_human_precovid_sed_adu,motrpac_human_plasma_endur_post,motrpac_human_precovid_endur_post_3.5_4hr_vs_pre,metab-u-hilicpos,
LPE P-18:0 or LPE O-18:1 [metab-u-hilicpos] [refmet: LPE P-18:0 or LPE O-18:1],LPE P-18:0 or LPE O-18:1,Glycerophospholipids,0.0090527205483628,log2fc,0.898644975219305,0.93007487792685,benjamini_hochberg,within_each_platform_da_table_as_released_by_motrpac_v1.3_dream_acute,provided,not_selected,MoTrPAC_human_precovid_sed_adu,motrpac_human_plasma_endur_post,motrpac_human_precovid_endur_post_3.5_4hr_vs_pre,metab-u-hilicpos,
GlcCer 18:1;O2/20:0 [metab-u-hilicpos] [refmet: GlcCer 18:1;O2/20:0],GlcCer 18:1;O2/20:0,Sphingolipids,0.008798263157475,log2fc,0.898590427586423,0.93007487792685,benjamini_hochberg,within_each_platform_da_table_as_released_by_motrpac_v1.3_dream_acute,provided,not_selected,MoTrPAC_human_precovid_sed_adu,motrpac_human_plasma_endur_post,motrpac_human_precovid_endur_post_3.5_4hr_vs_pre,metab-u-hilicpos,
Hexose [metab-u-hilicpos] [refmet: Hexose],Hexose,Carbohydrates,0.0072264263224859,log2fc,0.882822504825669,0.93007487792685,benjamini_hochberg,within_each_platform_da_table_as_released_by_motrpac_v1.3_dream_acute,provided,not_selected,MoTrPAC_human_precovid_sed_adu,motrpac_human_plasma_endur_post,motrpac_human_precovid_endur_post_3.5_4hr_vs_pre,metab-u-hilicpos,
CAR DC5:0 [metab-u-hilicpos] [refmet: CAR DC5:0],CAR DC5:0,Fatty Acyls,-0.0032550436342155,log2fc,0.900843953192006,0.93007487792685,benjamini_hochberg,within_each_platform_da_table_as_released_by_motrpac_v1.3_dream_acute,provided,not_selected,MoTrPAC_human_precovid_sed_adu,motrpac_human_plasma_endur_post,motrpac_human_precovid_endur_post_3.5_4hr_vs_pre,metab-u-hilicpos,
alpha-Tocopherol [metab-u-rpneg] [refmet: alpha-Tocopherol],alpha-Tocopherol,Prenol Lipids,0.009582782572064,log2fc,0.912177426461034,0.932732836856735,benjamini_hochberg,within_each_platform_da_table_as_released_by_motrpac_v1.3_dream_acute,provided,not_selected,MoTrPAC_human_precovid_sed_adu,motrpac_human_plasma_endur_post,motrpac_human_precovid_endur_post_3.5_4hr_vs_pre,metab-u-rpneg,
Dehydroepiandrosterone sulfate [metab-u-rpneg] [refmet: Dehydroepiandrosterone sulfate],Dehydroepiandrosterone sulfate,Sterol Lipids,-0.0044882423728189,log2fc,0.914443957702682,0.932732836856735,benjamini_hochberg,within_each_platform_da_table_as_released_by_motrpac_v1.3_dream_acute,provided,not_selected,MoTrPAC_human_precovid_sed_adu,motrpac_human_plasma_endur_post,motrpac_human_precovid_endur_post_3.5_4hr_vs_pre,metab-u-rpneg,
Octadecatrienoic acid [metab-u-rpneg] [refmet: Octadecatrienoic acid],Octadecatrienoic acid,Fatty Acyls,0.0155863155568063,log2fc,0.924944632728929,0.93410250037971,benjamini_hochberg,within_each_platform_da_table_as_released_by_motrpac_v1.3_dream_acute,provided,not_selected,MoTrPAC_human_precovid_sed_adu,motrpac_human_plasma_endur_post,motrpac_human_precovid_endur_post_3.5_4hr_vs_pre,metab-u-rpneg,
PE(38:4)>PE(18:0_20:4) [metab-u-lrppos] [refmet: PE(38:4)>PE(18:0_20:4)],PE(38:4)>PE(18:0_20:4),unclassified_no_refmet_match,0.0056215709327247,log2fc,0.911274602227452,0.935137766933899,benjamini_hochberg,within_each_platform_da_table_as_released_by_motrpac_v1.3_dream_acute,provided,not_selected,MoTrPAC_human_precovid_sed_adu,motrpac_human_plasma_endur_post,motrpac_human_precovid_endur_post_3.5_4hr_vs_pre,metab-u-lrppos,
PC(O-40:5)>PC(O-18:1/22:4) _isomer2 [metab-u-lrpneg] [refmet: PC(O-40:5)>PC(O-18:1/22:4) _isomer2],PC(O-40:5)>PC(O-18:1/22:4) _isomer2,unclassified_no_refmet_match,0.0065908649796071,log2fc,0.917929033386495,0.935183338525339,benjamini_hochberg,within_each_platform_da_table_as_released_by_motrpac_v1.3_dream_acute,provided,not_selected,MoTrPAC_human_precovid_sed_adu,motrpac_human_plasma_endur_post,motrpac_human_precovid_endur_post_3.5_4hr_vs_pre,metab-u-lrpneg,
Lactate [metab-t-conv] [refmet: Lactate],Lactate,unclassified_no_refmet_match,0.0055516274957842,log2fc,0.935262543480409,0.935262543480409,benjamini_hochberg,within_each_platform_da_table_as_released_by_motrpac_v1.3_dream_acute,provided,not_selected,MoTrPAC_human_precovid_sed_adu,motrpac_human_plasma_endur_post,motrpac_human_precovid_endur_post_3.5_4hr_vs_pre,metab-t-conv,
TG(58:8)>TG(18:0_20:4_20:4)_and_TG(58:8)>TG(18:0_18:2_22:6)_isomer2 [metab-u-lrppos] [refmet: TG(58:8)>TG(18:0_20:4_20:4)_and_TG(58:8)>TG(18:0_18:2_22:6)_isomer2],TG(58:8)>TG(18:0_20:4_20:4)_and_TG(58:8)>TG(18:0_18:2_22:6)_isomer2,unclassified_no_refmet_match,0.0131477241389,log2fc,0.915372674832248,0.937808279607548,benjamini_hochberg,within_each_platform_da_table_as_released_by_motrpac_v1.3_dream_acute,provided,not_selected,MoTrPAC_human_precovid_sed_adu,motrpac_human_plasma_endur_post,motrpac_human_precovid_endur_post_3.5_4hr_vs_pre,metab-u-lrppos,
SM(d41:2) [metab-u-lrpneg] [refmet: SM(d41:2)],SM(d41:2),unclassified_no_refmet_match,-0.0033497018017882,log2fc,0.929368606209853,0.943291731396517,benjamini_hochberg,within_each_platform_da_table_as_released_by_motrpac_v1.3_dream_acute,provided,not_selected,MoTrPAC_human_precovid_sed_adu,motrpac_human_plasma_endur_post,motrpac_human_precovid_endur_post_3.5_4hr_vs_pre,metab-u-lrpneg,
LPC P-16:0 or LPC O-16:1 [metab-u-hilicpos] [refmet: LPC P-16:0 or LPC O-16:1],LPC P-16:0 or LPC O-16:1,Glycerophospholipids,-0.0031633678170131,log2fc,0.916400920412165,0.943353888659582,benjamini_hochberg,within_each_platform_da_table_as_released_by_motrpac_v1.3_dream_acute,provided,not_selected,MoTrPAC_human_precovid_sed_adu,motrpac_human_plasma_endur_post,motrpac_human_precovid_endur_post_3.5_4hr_vs_pre,metab-u-hilicpos,
SM(d40:1) [metab-u-rppos] [refmet: SM(d40:1)],SM(d40:1),unclassified_no_refmet_match,-0.0039500492696653,log2fc,0.915398549568673,0.945576523730277,benjamini_hochberg,within_each_platform_da_table_as_released_by_motrpac_v1.3_dream_acute,provided,not_selected,MoTrPAC_human_precovid_sed_adu,motrpac_human_plasma_endur_post,motrpac_human_precovid_endur_post_3.5_4hr_vs_pre,metab-u-rppos,
LPC O-18:0 [metab-u-hilicpos] [refmet: LPC O-18:0],LPC O-18:0,Glycerophospholipids,-0.0043170749348018,log2fc,0.921895763831739,0.946227323580964,benjamini_hochberg,within_each_platform_da_table_as_released_by_motrpac_v1.3_dream_acute,provided,not_selected,MoTrPAC_human_precovid_sed_adu,motrpac_human_plasma_endur_post,motrpac_human_precovid_endur_post_3.5_4hr_vs_pre,metab-u-hilicpos,
Pro-Lys [metab-u-hilicpos] [refmet: Pro-Lys],Pro-Lys,Organic acids,0.0126577331235946,log2fc,0.931217414071657,0.950221851093528,benjamini_hochberg,within_each_platform_da_table_as_released_by_motrpac_v1.3_dream_acute,provided,not_selected,MoTrPAC_human_precovid_sed_adu,motrpac_human_plasma_endur_post,motrpac_human_precovid_endur_post_3.5_4hr_vs_pre,metab-u-hilicpos,
LPC O-16:0 [metab-u-hilicpos] [refmet: LPC O-16:0],LPC O-16:0,Glycerophospholipids,-0.0023752315233771,log2fc,0.931021572589724,0.950221851093528,benjamini_hochberg,within_each_platform_da_table_as_released_by_motrpac_v1.3_dream_acute,provided,not_selected,MoTrPAC_human_precovid_sed_adu,motrpac_human_plasma_endur_post,motrpac_human_precovid_endur_post_3.5_4hr_vs_pre,metab-u-hilicpos,
Salicyluric acid [metab-u-hilicpos] [refmet: Salicyluric acid],Salicyluric acid,Benzenoids,0.0091571056464481,log2fc,0.943948892965715,0.950769674994047,benjamini_hochberg,within_each_platform_da_table_as_released_by_motrpac_v1.3_dream_acute,provided,not_selected,MoTrPAC_human_precovid_sed_adu,motrpac_human_plasma_endur_post,motrpac_human_precovid_endur_post_3.5_4hr_vs_pre,metab-u-hilicpos,
PC P-32:1 or PC O-32:2 [metab-u-hilicpos] [refmet: PC P-32:1 or PC O-32:2],PC P-32:1 or PC O-32:2,Glycerophospholipids,-0.0052413412837548,log2fc,0.943722500562731,0.950769674994047,benjamini_hochberg,within_each_platform_da_table_as_released_by_motrpac_v1.3_dream_acute,provided,not_selected,MoTrPAC_human_precovid_sed_adu,motrpac_human_plasma_endur_post,motrpac_human_precovid_endur_post_3.5_4hr_vs_pre,metab-u-hilicpos,
PE P-40:4 or PE O-40:5 [metab-u-hilicpos] [refmet: PE P-40:4 or PE O-40:5],PE P-40:4 or PE O-40:5,Glycerophospholipids,-0.004023567442978,log2fc,0.940823923941449,0.950769674994047,benjamini_hochberg,within_each_platform_da_table_as_released_by_motrpac_v1.3_dream_acute,provided,not_selected,MoTrPAC_human_precovid_sed_adu,motrpac_human_plasma_endur_post,motrpac_human_precovid_endur_post_3.5_4hr_vs_pre,metab-u-hilicpos,
Pyridoxal [metab-u-hilicpos] [refmet: Pyridoxal],Pyridoxal,Alkaloids,0.0033226328608861,log2fc,0.938881456136416,0.950769674994047,benjamini_hochberg,within_each_platform_da_table_as_released_by_motrpac_v1.3_dream_acute,provided,not_selected,MoTrPAC_human_precovid_sed_adu,motrpac_human_plasma_endur_post,motrpac_human_precovid_endur_post_3.5_4hr_vs_pre,metab-u-hilicpos,
PC 30:1 [metab-u-hilicpos] [refmet: PC 30:1],PC 30:1,Glycerophospholipids,0.0032213692826239,log2fc,0.945336705422652,0.950769674994047,benjamini_hochberg,within_each_platform_da_table_as_released_by_motrpac_v1.3_dream_acute,provided,not_selected,MoTrPAC_human_precovid_sed_adu,motrpac_human_plasma_endur_post,motrpac_human_precovid_endur_post_3.5_4hr_vs_pre,metab-u-hilicpos,
PC(O-38:5)>PC(O-16:1/22:4) [metab-u-lrpneg] [refmet: PC(O-38:5)>PC(O-16:1/22:4)],PC(O-38:5)>PC(O-16:1/22:4),unclassified_no_refmet_match,-0.0052642155759201,log2fc,0.940262372068233,0.950787697128698,benjamini_hochberg,within_each_platform_da_table_as_released_by_motrpac_v1.3_dream_acute,provided,not_selected,MoTrPAC_human_precovid_sed_adu,motrpac_human_plasma_endur_post,motrpac_human_precovid_endur_post_3.5_4hr_vs_pre,metab-u-lrpneg,
Niacinamide [metab-u-rppos] [refmet: Niacinamide],Niacinamide,Alkaloids,0.0093619607081301,log2fc,0.935150225208048,0.952762477419857,benjamini_hochberg,within_each_platform_da_table_as_released_by_motrpac_v1.3_dream_acute,provided,not_selected,MoTrPAC_human_precovid_sed_adu,motrpac_human_plasma_endur_post,motrpac_human_precovid_endur_post_3.5_4hr_vs_pre,metab-u-rppos,
DG(34:1) [metab-u-rppos] [refmet: DG(34:1)],DG(34:1),unclassified_no_refmet_match,-0.0077541543926145,log2fc,0.937558820865285,0.952762477419857,benjamini_hochberg,within_each_platform_da_table_as_released_by_motrpac_v1.3_dream_acute,provided,not_selected,MoTrPAC_human_precovid_sed_adu,motrpac_human_plasma_endur_post,motrpac_human_precovid_endur_post_3.5_4hr_vs_pre,metab-u-rppos,
Phe-Trp [metab-u-rppos] [refmet: Phe-Trp],Phe-Trp,Organic acids,-0.0041383157302803,log2fc,0.937022848766193,0.952762477419857,benjamini_hochberg,within_each_platform_da_table_as_released_by_motrpac_v1.3_dream_acute,provided,not_selected,MoTrPAC_human_precovid_sed_adu,motrpac_human_plasma_endur_post,motrpac_human_precovid_endur_post_3.5_4hr_vs_pre,metab-u-rppos,
TG(56:9)_isomer2 [metab-u-lrppos] [refmet: TG(56:9)_isomer2],TG(56:9)_isomer2,unclassified_no_refmet_match,-0.0050793859024658,log2fc,0.932901570343302,0.954207642096656,benjamini_hochberg,within_each_platform_da_table_as_released_by_motrpac_v1.3_dream_acute,provided,not_selected,MoTrPAC_human_precovid_sed_adu,motrpac_human_plasma_endur_post,motrpac_human_precovid_endur_post_3.5_4hr_vs_pre,metab-u-lrppos,
PE(36:4) [metab-u-lrppos] [refmet: PE(36:4)],PE(36:4),unclassified_no_refmet_match,-0.0024209535331074,log2fc,0.944581957895756,0.963012825366892,benjamini_hochberg,within_each_platform_da_table_as_released_by_motrpac_v1.3_dream_acute,provided,not_selected,MoTrPAC_human_precovid_sed_adu,motrpac_human_plasma_endur_post,motrpac_human_precovid_endur_post_3.5_4hr_vs_pre,metab-u-lrppos,
LPE(16:0)>LPE(16:0/0:0) [metab-u-lrppos] [refmet: LPE(16:0)>LPE(16:0/0:0)],LPE(16:0)>LPE(16:0/0:0),unclassified_no_refmet_match,0.0021680114837536,log2fc,0.943554080014791,0.963012825366892,benjamini_hochberg,within_each_platform_da_table_as_released_by_motrpac_v1.3_dream_acute,provided,not_selected,MoTrPAC_human_precovid_sed_adu,motrpac_human_plasma_endur_post,motrpac_human_precovid_endur_post_3.5_4hr_vs_pre,metab-u-lrppos,
LPC(18:0) [metab-u-lrppos] [refmet: LPC(18:0)],LPC(18:0),unclassified_no_refmet_match,0.0023671938108726,log2fc,0.950666748424852,0.96764294036101,benjamini_hochberg,within_each_platform_da_table_as_released_by_motrpac_v1.3_dream_acute,provided,not_selected,MoTrPAC_human_precovid_sed_adu,motrpac_human_plasma_endur_post,motrpac_human_precovid_endur_post_3.5_4hr_vs_pre,metab-u-lrppos,
LPC 18:3 [metab-u-hilicpos] [refmet: LPC 18:3],LPC 18:3,Glycerophospholipids,0.0008959135460386,log2fc,0.96598446505965,0.968752328856383,benjamini_hochberg,within_each_platform_da_table_as_released_by_motrpac_v1.3_dream_acute,provided,not_selected,MoTrPAC_human_precovid_sed_adu,motrpac_human_plasma_endur_post,motrpac_human_precovid_endur_post_3.5_4hr_vs_pre,metab-u-hilicpos,
SM(d38:3) [metab-u-lrppos] [refmet: SM(d38:3)],SM(d38:3),unclassified_no_refmet_match,-0.0024680380043946,log2fc,0.953474263374724,0.968927655001543,benjamini_hochberg,within_each_platform_da_table_as_released_by_motrpac_v1.3_dream_acute,provided,not_selected,MoTrPAC_human_precovid_sed_adu,motrpac_human_plasma_endur_post,motrpac_human_precovid_endur_post_3.5_4hr_vs_pre,metab-u-lrppos,
TG(52:4) [metab-u-lrppos] [refmet: TG(52:4)],TG(52:4),unclassified_no_refmet_match,0.0037814867656891,log2fc,0.957331932353647,0.971273659523845,benjamini_hochberg,within_each_platform_da_table_as_released_by_motrpac_v1.3_dream_acute,provided,not_selected,MoTrPAC_human_precovid_sed_adu,motrpac_human_plasma_endur_post,motrpac_human_precovid_endur_post_3.5_4hr_vs_pre,metab-u-lrppos,
PC(32:2) [metab-u-lrppos] [refmet: PC(32:2)],PC(32:2),unclassified_no_refmet_match,0.0017788293317693,log2fc,0.959055231523548,0.971450129507698,benjamini_hochberg,within_each_platform_da_table_as_released_by_motrpac_v1.3_dream_acute,provided,not_selected,MoTrPAC_human_precovid_sed_adu,motrpac_human_plasma_endur_post,motrpac_human_precovid_endur_post_3.5_4hr_vs_pre,metab-u-lrppos,
DG(38:4) [metab-u-lrppos] [refmet: DG(38:4)],DG(38:4),unclassified_no_refmet_match,-0.0037450310720643,log2fc,0.962291543521268,0.97315612546425,benjamini_hochberg,within_each_platform_da_table_as_released_by_motrpac_v1.3_dream_acute,provided,not_selected,MoTrPAC_human_precovid_sed_adu,motrpac_human_plasma_endur_post,motrpac_human_precovid_endur_post_3.5_4hr_vs_pre,metab-u-lrppos,
Xanthosine [metab-u-rpneg] [refmet: Xanthosine],Xanthosine,Nucleic acids,0.002469550509387,log2fc,0.97352182295925,0.97352182295925,benjamini_hochberg,within_each_platform_da_table_as_released_by_motrpac_v1.3_dream_acute,provided,not_selected,MoTrPAC_human_precovid_sed_adu,motrpac_human_plasma_endur_post,motrpac_human_precovid_endur_post_3.5_4hr_vs_pre,metab-u-rpneg,
Tributylamine [metab-u-hilicpos] [refmet: Tributylamine],Tributylamine,Organic nitrogen compounds,0.0030960568539484,log2fc,0.974227379866184,0.974227379866184,benjamini_hochberg,within_each_platform_da_table_as_released_by_motrpac_v1.3_dream_acute,provided,not_selected,MoTrPAC_human_precovid_sed_adu,motrpac_human_plasma_endur_post,motrpac_human_precovid_endur_post_3.5_4hr_vs_pre,metab-u-hilicpos,
PE(O-38:6) [metab-u-lrppos] [refmet: PE(O-38:6)],PE(O-38:6),unclassified_no_refmet_match,-0.0022748017446652,log2fc,0.966601578603111,0.975940724290097,benjamini_hochberg,within_each_platform_da_table_as_released_by_motrpac_v1.3_dream_acute,provided,not_selected,MoTrPAC_human_precovid_sed_adu,motrpac_human_plasma_endur_post,motrpac_human_precovid_endur_post_3.5_4hr_vs_pre,metab-u-lrppos,
PE(36:2)>PE(18:0_18:2)_isomer1 [metab-u-lrpneg] [refmet: PE(36:2)>PE(18:0_18:2)_isomer1],PE(36:2)>PE(18:0_18:2)_isomer1,unclassified_no_refmet_match,-0.0067891813411016,log2fc,0.971937366726773,0.979163666851136,benjamini_hochberg,within_each_platform_da_table_as_released_by_motrpac_v1.3_dream_acute,provided,not_selected,MoTrPAC_human_precovid_sed_adu,motrpac_human_plasma_endur_post,motrpac_human_precovid_endur_post_3.5_4hr_vs_pre,metab-u-lrpneg,
SM(d43:2) [metab-u-lrpneg] [refmet: SM(d43:2)],SM(d43:2),unclassified_no_refmet_match,-0.0040093291712892,log2fc,0.985210361077979,0.985210361077979,benjamini_hochberg,within_each_platform_da_table_as_released_by_motrpac_v1.3_dream_acute,provided,not_selected,MoTrPAC_human_precovid_sed_adu,motrpac_human_plasma_endur_post,motrpac_human_precovid_endur_post_3.5_4hr_vs_pre,metab-u-lrpneg,
PC(O-38:4)>PC(O-18:1/20:3) _isomer1 [metab-u-lrpneg] [refmet: PC(O-38:4)>PC(O-18:1/20:3) _isomer1],PC(O-38:4)>PC(O-18:1/20:3) _isomer1,unclassified_no_refmet_match,0.0016327768997079,log2fc,0.981734020553012,0.985210361077979,benjamini_hochberg,within_each_platform_da_table_as_released_by_motrpac_v1.3_dream_acute,provided,not_selected,MoTrPAC_human_precovid_sed_adu,motrpac_human_plasma_endur_post,motrpac_human_precovid_endur_post_3.5_4hr_vs_pre,metab-u-lrpneg,
SM(d33:0) [metab-u-lrppos] [refmet: SM(d33:0)],SM(d33:0),unclassified_no_refmet_match,0.00106151810499,log2fc,0.977379582479972,0.985236331535278,benjamini_hochberg,within_each_platform_da_table_as_released_by_motrpac_v1.3_dream_acute,provided,not_selected,MoTrPAC_human_precovid_sed_adu,motrpac_human_plasma_endur_post,motrpac_human_precovid_endur_post_3.5_4hr_vs_pre,metab-u-lrppos,
PC(32:0)_isomer1 [metab-u-lrppos] [refmet: PC(32:0)_isomer1],PC(32:0)_isomer1,unclassified_no_refmet_match,0.0016643831287162,log2fc,0.987314883127645,0.98889206345213,benjamini_hochberg,within_each_platform_da_table_as_released_by_motrpac_v1.3_dream_acute,provided,not_selected,MoTrPAC_human_precovid_sed_adu,motrpac_human_plasma_endur_post,motrpac_human_precovid_endur_post_3.5_4hr_vs_pre,metab-u-lrppos,
TG(58:7)>TG(18:0_18:1_22:6) [metab-u-lrppos] [refmet: TG(58:7)>TG(18:0_18:1_22:6)],TG(58:7)>TG(18:0_18:1_22:6),unclassified_no_refmet_match,0.0011183787828628,log2fc,0.985223860230778,0.98889206345213,benjamini_hochberg,within_each_platform_da_table_as_released_by_motrpac_v1.3_dream_acute,provided,not_selected,MoTrPAC_human_precovid_sed_adu,motrpac_human_plasma_endur_post,motrpac_human_precovid_endur_post_3.5_4hr_vs_pre,metab-u-lrppos,
arginine [metab-u-lrppos] [refmet: arginine],arginine,Organic acids,-0.0008677504293892,log2fc,0.985819877707553,0.98889206345213,benjamini_hochberg,within_each_platform_da_table_as_released_by_motrpac_v1.3_dream_acute,provided,not_selected,MoTrPAC_human_precovid_sed_adu,motrpac_human_plasma_endur_post,motrpac_human_precovid_endur_post_3.5_4hr_vs_pre,metab-u-lrppos,
PC(34:4)_isomer2 [metab-u-lrppos] [refmet: PC(34:4)_isomer2],PC(34:4)_isomer2,unclassified_no_refmet_match,-0.0006196046697475,log2fc,0.984798636479791,0.98889206345213,benjamini_hochberg,within_each_platform_da_table_as_released_by_motrpac_v1.3_dream_acute,provided,not_selected,MoTrPAC_human_precovid_sed_adu,motrpac_human_plasma_endur_post,motrpac_human_precovid_endur_post_3.5_4hr_vs_pre,metab-u-lrppos,
PC(42:2)_isomer2 [metab-u-lrppos] [refmet: PC(42:2)_isomer2],PC(42:2)_isomer2,unclassified_no_refmet_match,-0.0016149242722214,log2fc,0.989215235994806,0.989215235994806,benjamini_hochberg,within_each_platform_da_table_as_released_by_motrpac_v1.3_dream_acute,provided,not_selected,MoTrPAC_human_precovid_sed_adu,motrpac_human_plasma_endur_post,motrpac_human_precovid_endur_post_3.5_4hr_vs_pre,metab-u-lrppos,
Lysine [metab-u-rppos] [refmet: Lysine],Lysine,Organic acids,-0.0005929257307997,log2fc,0.986817497667475,0.99362237442118,benjamini_hochberg,within_each_platform_da_table_as_released_by_motrpac_v1.3_dream_acute,provided,not_selected,MoTrPAC_human_precovid_sed_adu,motrpac_human_plasma_endur_post,motrpac_human_precovid_endur_post_3.5_4hr_vs_pre,metab-u-rppos,
PC(34:4) [metab-u-rppos] [refmet: PC(34:4)],PC(34:4),unclassified_no_refmet_match,-0.0004451559153757,log2fc,0.99362237442118,0.99362237442118,benjamini_hochberg,within_each_platform_da_table_as_released_by_motrpac_v1.3_dream_acute,provided,not_selected,MoTrPAC_human_precovid_sed_adu,motrpac_human_plasma_endur_post,motrpac_human_precovid_endur_post_3.5_4hr_vs_pre,metab-u-rppos,
PC(35:2) [metab-u-rppos] [refmet: PC(35:2)],PC(35:2),unclassified_no_refmet_match,-0.0002830957703139,log2fc,0.992632650187421,0.99362237442118,benjamini_hochberg,within_each_platform_da_table_as_released_by_motrpac_v1.3_dream_acute,provided,not_selected,MoTrPAC_human_precovid_sed_adu,motrpac_human_plasma_endur_post,motrpac_human_precovid_endur_post_3.5_4hr_vs_pre,metab-u-rppos,
