record_key,source_system,source_subset,doi,pmid,pmcid,preprint_server,title,authors,journal,publication_year,publication_types,is_preprint,is_open_access,cited_by_count,linked_published_doi,preprint_version_count,record_url,queried_expression,source_url,retrieved_via
doi:10.1002/acn3.627,europe_pmc,MED,10.1002/acn3.627,30250866,PMC6144442,,"Seizures, periodic and rhythmic patterns in primary intraventricular hemorrhage","Stretz C, Sheikh Z, Maciel CB, Hirsch LJ, Gilmore EJ.",Annals of clinical and translational neurology,2018,journal article; research-article,false,true,4,,,https://europepmc.org/article/MED/30250866,"(""N-Lactoyl phenylalanine"" OR ""Lac-Phe"" OR ""N-lactoylphenylalanine"" OR ""lactoylphenylalanine"" OR ""N-lactoyl-phenylalanine"")",https://www.ebi.ac.uk/europepmc/webservices/rest/search?query=%28%22N-Lactoyl+phenylalanine%22+OR+%22Lac-Phe%22+OR+%22N-lactoylphenylalanine%22+OR+%22lactoylphenylalanine%22+OR+%22N-lactoyl-phenylalanine%22%29&format=json&resultType=core&pageSize=100&cursorMark=AoIIP8mECig1MzA0MzQ4OA%3D%3D,europe_pmc_rest_search
doi:10.1002/adhm.202402329,europe_pmc,MED,10.1002/adhm.202402329,39529517,,,"Bilayer Scaffolds Synergize Immunomodulation and Rejuvenation via Layer-Specific Release of CK2.1 and the ""Exercise Hormone"" Lac-Phe for Enhanced Osteochondral Regeneration","Liu PL, He SH, Shen ZH, Li XR, Deng QS, Wei ZY, Zhang CR, Dou XQ, Zhu TH, Dawes H, Lu J, Guo SC, Tao SC.",Advanced healthcare materials,2025,"journal article; research support, non-u.s. gov't",false,false,2,,,https://europepmc.org/article/MED/39529517,"(""N-Lactoyl phenylalanine"" OR ""Lac-Phe"" OR ""N-lactoylphenylalanine"" OR ""lactoylphenylalanine"" OR ""N-lactoyl-phenylalanine"")",https://www.ebi.ac.uk/europepmc/webservices/rest/search?query=%28%22N-Lactoyl+phenylalanine%22+OR+%22Lac-Phe%22+OR+%22N-lactoylphenylalanine%22+OR+%22lactoylphenylalanine%22+OR+%22N-lactoyl-phenylalanine%22%29&format=json&resultType=core&pageSize=100&cursorMark=%2A,europe_pmc_rest_search
doi:10.1002/advs.202501820,europe_pmc,MED,10.1002/advs.202501820,40884288,PMC12499479,,Cardiovascular Disease Meets Cancer: Exploring the Epidemiology in China and Homotherapy Targeting Intersectional Mechanisms,"Xiang S, Shan Y, Xu S, Wang J, Luo M, Zhou J, Chen Q.","Advanced science (Weinheim, Baden-Wurttemberg, Germany)",2025,journal article; review; review-article,false,true,1,,,https://europepmc.org/article/MED/40884288,"(""N-Lactoyl phenylalanine"" OR ""Lac-Phe"" OR ""N-lactoylphenylalanine"" OR ""lactoylphenylalanine"" OR ""N-lactoyl-phenylalanine"")",https://www.ebi.ac.uk/europepmc/webservices/rest/search?query=%28%22N-Lactoyl+phenylalanine%22+OR+%22Lac-Phe%22+OR+%22N-lactoylphenylalanine%22+OR+%22lactoylphenylalanine%22+OR+%22N-lactoyl-phenylalanine%22%29&format=json&resultType=core&pageSize=100&cursorMark=AoIIP8mECig1MzA0MzQ4OA%3D%3D,europe_pmc_rest_search
doi:10.1002/advs.202512020,europe_pmc,MED,10.1002/advs.202512020,41354462,PMC12866873,,Multi-Omics Reveal the Dysregulated Gut-Joint Axis in Knee Synovitis: Data from Two Osteoarthritis Studies in China,"Wang X, Liu Y, Sun Z, Li J, Lu Z, Huang J, Hu S, Cao P, Cao X, Li S, Ruan J, Liu J, Xie J, Sun H, Chen T, Li S, Zhu Z, Wen Z, Tuan RS, Hunter DJ, Li ZA, Shi D, Ding C.","Advanced science (Weinheim, Baden-Wurttemberg, Germany)",2026,journal article; research-article,false,true,3,,,https://europepmc.org/article/MED/41354462,"(""N-Lactoyl phenylalanine"" OR ""Lac-Phe"" OR ""N-lactoylphenylalanine"" OR ""lactoylphenylalanine"" OR ""N-lactoyl-phenylalanine"")",https://www.ebi.ac.uk/europepmc/webservices/rest/search?query=%28%22N-Lactoyl+phenylalanine%22+OR+%22Lac-Phe%22+OR+%22N-lactoylphenylalanine%22+OR+%22lactoylphenylalanine%22+OR+%22N-lactoyl-phenylalanine%22%29&format=json&resultType=core&pageSize=100&cursorMark=AoIIQG6ytCg1MTU3MDY0Nw%3D%3D,europe_pmc_rest_search
doi:10.1002/ansa.202300003,europe_pmc,MED,10.1002/ansa.202300003,38715927,PMC10989560,,Mass Sportrometry: An annual look back at applications of mass spectrometry in sport and exercise science,"Ong ML, Green CG, Rowland SN, Heaney LM.",Analytical science advances,2023,journal article; review; review-article,false,true,8,,,https://europepmc.org/article/MED/38715927,"(""N-Lactoyl phenylalanine"" OR ""Lac-Phe"" OR ""N-lactoylphenylalanine"" OR ""lactoylphenylalanine"" OR ""N-lactoyl-phenylalanine"")",https://www.ebi.ac.uk/europepmc/webservices/rest/search?query=%28%22N-Lactoyl+phenylalanine%22+OR+%22Lac-Phe%22+OR+%22N-lactoylphenylalanine%22+OR+%22lactoylphenylalanine%22+OR+%22N-lactoyl-phenylalanine%22%29&format=json&resultType=core&pageSize=100&cursorMark=AoIIQG6ytCg1MTU3MDY0Nw%3D%3D,europe_pmc_rest_search
doi:10.1002/bit.27755,europe_pmc,MED,10.1002/bit.27755,33738790,PMC8453549,,Lactoyl leucine and isoleucine are bioavailable alternatives for canonical amino acids in cell culture media,"Schmidt C, Wehsling M, Le Mignon M, Wille G, Rey Y, Schnellbaecher A, Zabezhinsky D, Fischer M, Zimmer A.",Biotechnology and bioengineering,2021,"journal article; research support, non-u.s. gov't; research-article",false,true,15,,,https://europepmc.org/article/MED/33738790,"(""N-Lactoyl phenylalanine"" OR ""Lac-Phe"" OR ""N-lactoylphenylalanine"" OR ""lactoylphenylalanine"" OR ""N-lactoyl-phenylalanine"")",https://www.ebi.ac.uk/europepmc/webservices/rest/search?query=%28%22N-Lactoyl+phenylalanine%22+OR+%22Lac-Phe%22+OR+%22N-lactoylphenylalanine%22+OR+%22lactoylphenylalanine%22+OR+%22N-lactoyl-phenylalanine%22%29&format=json&resultType=core&pageSize=100&cursorMark=AoIIP8mECig1MzA0MzQ4OA%3D%3D,europe_pmc_rest_search
doi:10.1002/cpt.70205,europe_pmc,MED,10.1002/cpt.70205,41556311,PMC12997503,,Untargeted Metabolomics Identifies N-Lactoyl-Amino Acids as Dose-Responsive Plasma Biomarkers of Metformin Adherence in Type 2 Diabetes,"Cajka T, Hricko J, Rudl Kulhava L, Paucova M, Novakova M, Hola V, Rakusanova S, Fiehn O, Skop V, Lankova I, Miskova I, Pelikanova T, Haluzik M.",Clinical pharmacology and therapeutics,2026,"journal article; research support, non-u.s. gov't; research-article",false,true,,,,https://europepmc.org/article/MED/41556311,"(""N-Lactoyl phenylalanine"" OR ""Lac-Phe"" OR ""N-lactoylphenylalanine"" OR ""lactoylphenylalanine"" OR ""N-lactoyl-phenylalanine"")",https://www.ebi.ac.uk/europepmc/webservices/rest/search?query=%28%22N-Lactoyl+phenylalanine%22+OR+%22Lac-Phe%22+OR+%22N-lactoylphenylalanine%22+OR+%22lactoylphenylalanine%22+OR+%22N-lactoyl-phenylalanine%22%29&format=json&resultType=core&pageSize=100&cursorMark=%2A,europe_pmc_rest_search
doi:10.1002/dmrr.70060,europe_pmc,MED,10.1002/dmrr.70060,40534243,PMC12177442,,N-Lactoyl Amino Acids: Emerging Biomarkers in Metabolism and Disease,"Naja K, Hedaya L, Elashi AA, Rizzo M, Elrayess MA.",Diabetes/metabolism research and reviews,2025,"journal article; research support, non-u.s. gov't; review; review-article",false,true,5,,,https://europepmc.org/article/MED/40534243,"(""N-Lactoyl phenylalanine"" OR ""Lac-Phe"" OR ""N-lactoylphenylalanine"" OR ""lactoylphenylalanine"" OR ""N-lactoyl-phenylalanine"")",https://www.ebi.ac.uk/europepmc/webservices/rest/search?query=%28%22N-Lactoyl+phenylalanine%22+OR+%22Lac-Phe%22+OR+%22N-lactoylphenylalanine%22+OR+%22lactoylphenylalanine%22+OR+%22N-lactoyl-phenylalanine%22%29&format=json&resultType=core&pageSize=100&cursorMark=%2A,europe_pmc_rest_search
doi:10.1002/dmrr.70060/v1/review1,crossref,peer-review,10.1002/dmrr.70060/v1/review1,,,,"Review for ""N-Lactoyl Amino Acids: Emerging Biomarkers in Metabolism and Disease""",,,2025,peer-review,false,,,,,https://doi.org/10.1002/dmrr.70060/v1/review1,N-Lactoyl phenylalanine,https://api.crossref.org/works?query.bibliographic=N-Lactoyl+phenylalanine&rows=50&sort=relevance,crossref_rest_works
doi:10.1002/dmrr.70060/v1/review1,crossref,peer-review,10.1002/dmrr.70060/v1/review1,,,,"Review for ""N-Lactoyl Amino Acids: Emerging Biomarkers in Metabolism and Disease""",,,2025,peer-review,false,,,,,https://doi.org/10.1002/dmrr.70060/v1/review1,N-lactoyl-phenylalanine,https://api.crossref.org/works?query.bibliographic=N-lactoyl-phenylalanine&rows=50&sort=relevance,crossref_rest_works
doi:10.1002/dmrr.70060/v1/review2,crossref,peer-review,10.1002/dmrr.70060/v1/review2,,,,"Review for ""N-Lactoyl Amino Acids: Emerging Biomarkers in Metabolism and Disease""",,,2025,peer-review,false,,,,,https://doi.org/10.1002/dmrr.70060/v1/review2,N-Lactoyl phenylalanine,https://api.crossref.org/works?query.bibliographic=N-Lactoyl+phenylalanine&rows=50&sort=relevance,crossref_rest_works
doi:10.1002/dmrr.70060/v1/review2,crossref,peer-review,10.1002/dmrr.70060/v1/review2,,,,"Review for ""N-Lactoyl Amino Acids: Emerging Biomarkers in Metabolism and Disease""",,,2025,peer-review,false,,,,,https://doi.org/10.1002/dmrr.70060/v1/review2,N-lactoyl-phenylalanine,https://api.crossref.org/works?query.bibliographic=N-lactoyl-phenylalanine&rows=50&sort=relevance,crossref_rest_works
doi:10.1002/dmrr.70060/v1/review3,crossref,peer-review,10.1002/dmrr.70060/v1/review3,,,,"Review for ""N-Lactoyl Amino Acids: Emerging Biomarkers in Metabolism and Disease""",,,2025,peer-review,false,,,,,https://doi.org/10.1002/dmrr.70060/v1/review3,N-Lactoyl phenylalanine,https://api.crossref.org/works?query.bibliographic=N-Lactoyl+phenylalanine&rows=50&sort=relevance,crossref_rest_works
doi:10.1002/dmrr.70060/v1/review3,crossref,peer-review,10.1002/dmrr.70060/v1/review3,,,,"Review for ""N-Lactoyl Amino Acids: Emerging Biomarkers in Metabolism and Disease""",,,2025,peer-review,false,,,,,https://doi.org/10.1002/dmrr.70060/v1/review3,N-lactoyl-phenylalanine,https://api.crossref.org/works?query.bibliographic=N-lactoyl-phenylalanine&rows=50&sort=relevance,crossref_rest_works
doi:10.1002/dmrr.70060/v2/decision1,crossref,peer-review,10.1002/dmrr.70060/v2/decision1,,,,"Decision letter for ""N-Lactoyl Amino Acids: Emerging Biomarkers in Metabolism and Disease""",,,2025,peer-review,false,,,,,https://doi.org/10.1002/dmrr.70060/v2/decision1,N-Lactoyl phenylalanine,https://api.crossref.org/works?query.bibliographic=N-Lactoyl+phenylalanine&rows=50&sort=relevance,crossref_rest_works
doi:10.1002/dmrr.70060/v2/decision1,crossref,peer-review,10.1002/dmrr.70060/v2/decision1,,,,"Decision letter for ""N-Lactoyl Amino Acids: Emerging Biomarkers in Metabolism and Disease""",,,2025,peer-review,false,,,,,https://doi.org/10.1002/dmrr.70060/v2/decision1,N-lactoyl-phenylalanine,https://api.crossref.org/works?query.bibliographic=N-lactoyl-phenylalanine&rows=50&sort=relevance,crossref_rest_works
doi:10.1002/hem3.70038,europe_pmc,MED,10.1002/hem3.70038,39525856,PMC11543857,,Antibiotic-associated neutropenia is marked by the depletion of intestinal Lachnospiraceae and associated metabolites in pediatric patients,"Fernandez-Sanchez J, Rodgers R, Maknojia AA, Shaikh N, Yan H, Mejia ME, Hendricks H, Jenq RR, Reddy P, Banerjee R, Schraw JM, Baldridge MT, King KY.",HemaSphere,2024,journal article; research-article,false,true,2,,,https://europepmc.org/article/MED/39525856,"(""N-Lactoyl phenylalanine"" OR ""Lac-Phe"" OR ""N-lactoylphenylalanine"" OR ""lactoylphenylalanine"" OR ""N-lactoyl-phenylalanine"")",https://www.ebi.ac.uk/europepmc/webservices/rest/search?query=%28%22N-Lactoyl+phenylalanine%22+OR+%22Lac-Phe%22+OR+%22N-lactoylphenylalanine%22+OR+%22lactoylphenylalanine%22+OR+%22N-lactoyl-phenylalanine%22%29&format=json&resultType=core&pageSize=100&cursorMark=AoIIQG6ytCg1MTU3MDY0Nw%3D%3D,europe_pmc_rest_search
doi:10.1002/hep4.1699,europe_pmc,MED,10.1002/hep4.1699,34141983,PMC8183172,,Metabolomic Analysis Uncovers Energy Supply Disturbance as an Underlying Mechanism of the Development of Alcohol-Associated Liver Cirrhosis,"Huang Y, Niu M, Jing J, Zhang ZT, Zhao X, Chen SS, Li SS, Shi Z, Huang A, Zou ZS, Yu YC, Xiao XH, Liangpunsakul S, Wang JB.",Hepatology communications,2021,journal article; research-article,false,true,12,,,https://europepmc.org/article/MED/34141983,"(""N-Lactoyl phenylalanine"" OR ""Lac-Phe"" OR ""N-lactoylphenylalanine"" OR ""lactoylphenylalanine"" OR ""N-lactoyl-phenylalanine"")",https://www.ebi.ac.uk/europepmc/webservices/rest/search?query=%28%22N-Lactoyl+phenylalanine%22+OR+%22Lac-Phe%22+OR+%22N-lactoylphenylalanine%22+OR+%22lactoylphenylalanine%22+OR+%22N-lactoyl-phenylalanine%22%29&format=json&resultType=core&pageSize=100&cursorMark=AoIIP8mECig1MzA0MzQ4OA%3D%3D,europe_pmc_rest_search
doi:10.1002/hsr2.70067,europe_pmc,MED,10.1002/hsr2.70067,39263536,PMC11387465,,The effects of acute aerobic exercise on appetite-regulating parameters and energy intake in males with obesity,"Khodabandeh S, Rahmani-Nia F, Mirzaei B, Fairchild TJ, Hazell TJ.",Health science reports,2024,journal article; research-article,false,true,5,,,https://europepmc.org/article/MED/39263536,"(""N-Lactoyl phenylalanine"" OR ""Lac-Phe"" OR ""N-lactoylphenylalanine"" OR ""lactoylphenylalanine"" OR ""N-lactoyl-phenylalanine"")",https://www.ebi.ac.uk/europepmc/webservices/rest/search?query=%28%22N-Lactoyl+phenylalanine%22+OR+%22Lac-Phe%22+OR+%22N-lactoylphenylalanine%22+OR+%22lactoylphenylalanine%22+OR+%22N-lactoyl-phenylalanine%22%29&format=json&resultType=core&pageSize=100&cursorMark=AoIIQG6ytCg1MTU3MDY0Nw%3D%3D,europe_pmc_rest_search
doi:10.1002/jimd.12732,europe_pmc,MED,10.1002/jimd.12732,38556470,,,The clinical relevance of novel biomarkers as outcome parameter in adults with phenylketonuria,"van Wegberg AMJ, van der Weerd JC, Engelke UFH, Coene KLM, Jahja R, Bakker SJL, Huijbregts SCJ, Wevers RA, Heiner-Fokkema MR, van Spronsen FJ.",Journal of inherited metabolic disease,2024,"journal article; research support, non-u.s. gov't",false,false,13,,,https://europepmc.org/article/MED/38556470,"(""N-Lactoyl phenylalanine"" OR ""Lac-Phe"" OR ""N-lactoylphenylalanine"" OR ""lactoylphenylalanine"" OR ""N-lactoyl-phenylalanine"")",https://www.ebi.ac.uk/europepmc/webservices/rest/search?query=%28%22N-Lactoyl+phenylalanine%22+OR+%22Lac-Phe%22+OR+%22N-lactoylphenylalanine%22+OR+%22lactoylphenylalanine%22+OR+%22N-lactoyl-phenylalanine%22%29&format=json&resultType=core&pageSize=100&cursorMark=%2A,europe_pmc_rest_search
doi:10.1002/mco2.70718,europe_pmc,MED,10.1002/mco2.70718,41938174,PMC13045211,,Identification of Blood Pressure-Associated Metabolites by Integrating Metabolomic and Genetic Analysis,"Liu Y, Cheng C, Pan XF, Shao W, Zhou D, Zhu Y.",MedComm,2026,journal article; research-article,false,true,,,,https://europepmc.org/article/MED/41938174,"(""N-Lactoyl phenylalanine"" OR ""Lac-Phe"" OR ""N-lactoylphenylalanine"" OR ""lactoylphenylalanine"" OR ""N-lactoyl-phenylalanine"")",https://www.ebi.ac.uk/europepmc/webservices/rest/search?query=%28%22N-Lactoyl+phenylalanine%22+OR+%22Lac-Phe%22+OR+%22N-lactoylphenylalanine%22+OR+%22lactoylphenylalanine%22+OR+%22N-lactoyl-phenylalanine%22%29&format=json&resultType=core&pageSize=100&cursorMark=AoIIQG6ytCg1MTU3MDY0Nw%3D%3D,europe_pmc_rest_search
doi:10.1002/mco2.70820,europe_pmc,MED,10.1002/mco2.70820,42292855,PMC13263790,,Increased Brown Adipose Tissue Thermogenesis in Phenylketonuria,"López-Rey N, Cabaleiro A, Pata MP, Peyrou M, Estévez-Salguero Á, Fernández-Sanmartín P, Morgan DA, Ferreira V, Sánchez-Pintos P, Folgueira C, Diéguez C, Urisarri A, González-García I, Seoane LM, Rahmouni K, Villarroya F, Couce ML, Nogueiras R, López M.",MedComm,2026,journal article; research-article,false,true,,,,https://europepmc.org/article/MED/42292855,"(""N-Lactoyl phenylalanine"" OR ""Lac-Phe"" OR ""N-lactoylphenylalanine"" OR ""lactoylphenylalanine"" OR ""N-lactoyl-phenylalanine"")",https://www.ebi.ac.uk/europepmc/webservices/rest/search?query=%28%22N-Lactoyl+phenylalanine%22+OR+%22Lac-Phe%22+OR+%22N-lactoylphenylalanine%22+OR+%22lactoylphenylalanine%22+OR+%22N-lactoyl-phenylalanine%22%29&format=json&resultType=core&pageSize=100&cursorMark=%2A,europe_pmc_rest_search
doi:10.1002/oby.24223,europe_pmc,MED,10.1002/oby.24223,39948829,PMC11897867,,Skeletal muscle growth to combat diabetes and obesity: the potential role of muscle-secreted factors,"Sammut MJ, Thorne BR, Melling CWJ.","Obesity (Silver Spring, Md.)",2025,journal article; review; review-article,false,true,4,,,https://europepmc.org/article/MED/39948829,"(""N-Lactoyl phenylalanine"" OR ""Lac-Phe"" OR ""N-lactoylphenylalanine"" OR ""lactoylphenylalanine"" OR ""N-lactoyl-phenylalanine"")",https://www.ebi.ac.uk/europepmc/webservices/rest/search?query=%28%22N-Lactoyl+phenylalanine%22+OR+%22Lac-Phe%22+OR+%22N-lactoylphenylalanine%22+OR+%22lactoylphenylalanine%22+OR+%22N-lactoyl-phenylalanine%22%29&format=json&resultType=core&pageSize=100&cursorMark=%2A,europe_pmc_rest_search
doi:10.1002/ptr.70152,europe_pmc,MED,10.1002/ptr.70152,41432714,,,Hydroxysafflor Yellow A Promotes Lac-Phe Synthesis to Suppress GIP and Ameliorate Obesity in DIO Mice,"Hu W, Yan K, Lyu X, Hou R, Jiang Y, Guo X, Zhou Z, Zhao Y, Wang L, Yang H, Zhu H, Pan H, Yang Q, Gong F.",Phytotherapy research : PTR,2026,journal article,false,false,,,,https://europepmc.org/article/MED/41432714,"(""N-Lactoyl phenylalanine"" OR ""Lac-Phe"" OR ""N-lactoylphenylalanine"" OR ""lactoylphenylalanine"" OR ""N-lactoyl-phenylalanine"")",https://www.ebi.ac.uk/europepmc/webservices/rest/search?query=%28%22N-Lactoyl+phenylalanine%22+OR+%22Lac-Phe%22+OR+%22N-lactoylphenylalanine%22+OR+%22lactoylphenylalanine%22+OR+%22N-lactoyl-phenylalanine%22%29&format=json&resultType=core&pageSize=100&cursorMark=%2A,europe_pmc_rest_search
doi:10.1002/ueg2.70069,europe_pmc,MED,10.1002/ueg2.70069,40536441,PMC12463733,,Multi-Omics Analysis of Ileal Mucosa and Mesentery Before and After Ileocecal Resection in Crohn's Disease,"Xia K, Jiao Y, Zhang L, Gao R, Wang F, Pan Y, Cui S, Lin Y, Wu T, Li L, Wu X, Ruan Y, Sun J, Yin L, Chen C, Lin M.",United European gastroenterology journal,2025,journal article; research-article,false,true,1,,,https://europepmc.org/article/MED/40536441,"(""N-Lactoyl phenylalanine"" OR ""Lac-Phe"" OR ""N-lactoylphenylalanine"" OR ""lactoylphenylalanine"" OR ""N-lactoyl-phenylalanine"")",https://www.ebi.ac.uk/europepmc/webservices/rest/search?query=%28%22N-Lactoyl+phenylalanine%22+OR+%22Lac-Phe%22+OR+%22N-lactoylphenylalanine%22+OR+%22lactoylphenylalanine%22+OR+%22N-lactoyl-phenylalanine%22%29&format=json&resultType=core&pageSize=100&cursorMark=AoIIQG6ytCg1MTU3MDY0Nw%3D%3D,europe_pmc_rest_search
doi:10.1007/978-3-540-71095-0_5776,crossref,book-chapter,10.1007/978-3-540-71095-0_5776,,,,Lactoyl Methylsilanol Elastinate,Bährle-Rapp M,Springer Lexikon Kosmetik und Körperpflege,2007,book-chapter,false,,,,,https://doi.org/10.1007/978-3-540-71095-0_5776,N-Lactoyl phenylalanine,https://api.crossref.org/works?query.bibliographic=N-Lactoyl+phenylalanine&rows=50&sort=relevance,crossref_rest_works
doi:10.1007/978-3-540-71095-0_5776,crossref,book-chapter,10.1007/978-3-540-71095-0_5776,,,,Lactoyl Methylsilanol Elastinate,Bährle-Rapp M,Springer Lexikon Kosmetik und Körperpflege,2007,book-chapter,false,,,,,https://doi.org/10.1007/978-3-540-71095-0_5776,N-lactoyl-phenylalanine,https://api.crossref.org/works?query.bibliographic=N-lactoyl-phenylalanine&rows=50&sort=relevance,crossref_rest_works
doi:10.1007/978-3-540-71095-0_5777,crossref,book-chapter,10.1007/978-3-540-71095-0_5777,,,,Lactoyl Phytosphingosine,Bährle-Rapp M,Springer Lexikon Kosmetik und Körperpflege,2007,book-chapter,false,,,,,https://doi.org/10.1007/978-3-540-71095-0_5777,N-Lactoyl phenylalanine,https://api.crossref.org/works?query.bibliographic=N-Lactoyl+phenylalanine&rows=50&sort=relevance,crossref_rest_works
doi:10.1007/978-3-540-71095-0_5777,crossref,book-chapter,10.1007/978-3-540-71095-0_5777,,,,Lactoyl Phytosphingosine,Bährle-Rapp M,Springer Lexikon Kosmetik und Körperpflege,2007,book-chapter,false,,,,,https://doi.org/10.1007/978-3-540-71095-0_5777,N-lactoyl-phenylalanine,https://api.crossref.org/works?query.bibliographic=N-lactoyl-phenylalanine&rows=50&sort=relevance,crossref_rest_works
doi:10.1007/978-3-642-86605-0_178,crossref,book-chapter,10.1007/978-3-642-86605-0_178,,,,Lactoyl-CoA dehydratase,"Schomburg D, Salzmann M",Enzyme Handbook 1,1990,book-chapter,false,,,,,https://doi.org/10.1007/978-3-642-86605-0_178,N-Lactoyl phenylalanine,https://api.crossref.org/works?query.bibliographic=N-Lactoyl+phenylalanine&rows=50&sort=relevance,crossref_rest_works
doi:10.1007/978-3-642-86605-0_178,crossref,book-chapter,10.1007/978-3-642-86605-0_178,,,,Lactoyl-CoA dehydratase,"Schomburg D, Salzmann M",Enzyme Handbook 1,1990,book-chapter,false,,,,,https://doi.org/10.1007/978-3-642-86605-0_178,N-lactoyl-phenylalanine,https://api.crossref.org/works?query.bibliographic=N-lactoyl-phenylalanine&rows=50&sort=relevance,crossref_rest_works
doi:10.1007/s00125-024-06282-6,europe_pmc,MED,10.1007/s00125-024-06282-6,39349772,PMC11604760,,Role of human plasma metabolites in prediabetes and type 2 diabetes from the IMI-DIRECT study,"Sharma S, Dong Q, Haid M, Adam J, Bizzotto R, Fernandez-Tajes JJ, Jones AG, Tura A, Artati A, Prehn C, Kastenmüller G, Koivula RW, Franks PW, Walker M, Forgie IM, Giordano G, Pavo I, Ruetten H, Dermitzakis M, McCarthy MI, Pedersen O, Schwenk JM, Tsirigos KD, De Masi F, Brunak S, Viñuela A, Mari A, McDonald TJ, Kokkola T, Adamski J, Pearson ER, Grallert H.",Diabetologia,2024,journal article; research-article,false,true,17,,,https://europepmc.org/article/MED/39349772,"(""N-Lactoyl phenylalanine"" OR ""Lac-Phe"" OR ""N-lactoylphenylalanine"" OR ""lactoylphenylalanine"" OR ""N-lactoyl-phenylalanine"")",https://www.ebi.ac.uk/europepmc/webservices/rest/search?query=%28%22N-Lactoyl+phenylalanine%22+OR+%22Lac-Phe%22+OR+%22N-lactoylphenylalanine%22+OR+%22lactoylphenylalanine%22+OR+%22N-lactoyl-phenylalanine%22%29&format=json&resultType=core&pageSize=100&cursorMark=%2A,europe_pmc_rest_search
doi:10.1007/s10557-026-07858-7,crossref,journal-article,10.1007/s10557-026-07858-7,,,,"N-Lac-Phe Ameliorates Myocardial Cell Death by Improving Mitochondrial Dysfunction, Ultimately Improving TAC-induced Heart Failure","Sha L, Du A, Xu X, Li Z, Xu B, Kang L",Cardiovascular Drugs and Therapy,2026,journal-article,false,,,,,https://doi.org/10.1007/s10557-026-07858-7,Lac-Phe,https://api.crossref.org/works?query.bibliographic=Lac-Phe&rows=50&sort=relevance,crossref_rest_works
doi:10.1007/s10557-026-07858-7,europe_pmc,MED,10.1007/s10557-026-07858-7,41746499,,,"N-Lac-Phe Ameliorates Myocardial Cell Death by Improving Mitochondrial Dysfunction, Ultimately Improving TAC-induced Heart Failure","Sha L, Du A, Xu X, Li Z, Xu B, Kang L.",Cardiovascular drugs and therapy,2026,journal article,false,false,,,,https://europepmc.org/article/MED/41746499,"(""N-Lactoyl phenylalanine"" OR ""Lac-Phe"" OR ""N-lactoylphenylalanine"" OR ""lactoylphenylalanine"" OR ""N-lactoyl-phenylalanine"")",https://www.ebi.ac.uk/europepmc/webservices/rest/search?query=%28%22N-Lactoyl+phenylalanine%22+OR+%22Lac-Phe%22+OR+%22N-lactoylphenylalanine%22+OR+%22lactoylphenylalanine%22+OR+%22N-lactoyl-phenylalanine%22%29&format=json&resultType=core&pageSize=100&cursorMark=%2A,europe_pmc_rest_search
doi:10.1007/s11306-024-02089-z,europe_pmc,MED,10.1007/s11306-024-02089-z,38446263,PMC10917846,,Circulating N-lactoyl-amino acids and N-formyl-methionine reflect mitochondrial dysfunction and predict mortality in septic shock,"Rogers RS, Sharma R, Shah HB, Skinner OS, Guo XA, Panda A, Gupta R, Durham TJ, Shaughnessy KB, Mayers JR, Hibbert KA, Baron RM, Thompson BT, Mootha VK.",Metabolomics : Official journal of the Metabolomic Society,2024,journal article; research-article,false,true,33,,,https://europepmc.org/article/MED/38446263,"(""N-Lactoyl phenylalanine"" OR ""Lac-Phe"" OR ""N-lactoylphenylalanine"" OR ""lactoylphenylalanine"" OR ""N-lactoyl-phenylalanine"")",https://www.ebi.ac.uk/europepmc/webservices/rest/search?query=%28%22N-Lactoyl+phenylalanine%22+OR+%22Lac-Phe%22+OR+%22N-lactoylphenylalanine%22+OR+%22lactoylphenylalanine%22+OR+%22N-lactoyl-phenylalanine%22%29&format=json&resultType=core&pageSize=100&cursorMark=%2A,europe_pmc_rest_search
doi:10.1007/s11306-025-02260-0,crossref,journal-article,10.1007/s11306-025-02260-0,,,,Exercise intensity determines circulating levels of Lac-Phe and other exerkines: a randomized crossover trial,"Weber D, Ferrario P, Bub A",Metabolomics,2025,journal-article,false,,23,,,https://doi.org/10.1007/s11306-025-02260-0,Lac-Phe,https://api.crossref.org/works?query.bibliographic=Lac-Phe&rows=50&sort=relevance,crossref_rest_works
doi:10.1007/s11306-025-02260-0,europe_pmc,MED,10.1007/s11306-025-02260-0,40335829,PMC12058925,,Exercise intensity determines circulating levels of Lac-Phe and other exerkines: a randomized crossover trial,"Weber D, Ferrario PG, Bub A.",Metabolomics : Official journal of the Metabolomic Society,2025,journal article; randomized controlled trial; research-article,false,true,16,,,https://europepmc.org/article/MED/40335829,"(""N-Lactoyl phenylalanine"" OR ""Lac-Phe"" OR ""N-lactoylphenylalanine"" OR ""lactoylphenylalanine"" OR ""N-lactoyl-phenylalanine"")",https://www.ebi.ac.uk/europepmc/webservices/rest/search?query=%28%22N-Lactoyl+phenylalanine%22+OR+%22Lac-Phe%22+OR+%22N-lactoylphenylalanine%22+OR+%22lactoylphenylalanine%22+OR+%22N-lactoyl-phenylalanine%22%29&format=json&resultType=core&pageSize=100&cursorMark=%2A,europe_pmc_rest_search
doi:10.1007/s11306-026-02416-6,europe_pmc,MED,10.1007/s11306-026-02416-6,41793569,PMC12967636,,Metabolomic profiling in phenylketonuria: a systematic review of human studies,"Gonzalez-Rodriguez A, Urpi-Sarda M, Barrau-Martinez B, Campins-Machado FM, Bakkali-Aissaoui H, Pané A, Moreno PJ, Ortega E, Garcia-Villoria J, Ormazabal A, Garcia-Arenas D, Junqué C, Garrabou G, Llorach R, Consortium PKU.cat.",Metabolomics : Official journal of the Metabolomic Society,2026,journal article; review-article; systematic review,false,true,1,,,https://europepmc.org/article/MED/41793569,"(""N-Lactoyl phenylalanine"" OR ""Lac-Phe"" OR ""N-lactoylphenylalanine"" OR ""lactoylphenylalanine"" OR ""N-lactoyl-phenylalanine"")",https://www.ebi.ac.uk/europepmc/webservices/rest/search?query=%28%22N-Lactoyl+phenylalanine%22+OR+%22Lac-Phe%22+OR+%22N-lactoylphenylalanine%22+OR+%22lactoylphenylalanine%22+OR+%22N-lactoyl-phenylalanine%22%29&format=json&resultType=core&pageSize=100&cursorMark=AoIIQG6ytCg1MTU3MDY0Nw%3D%3D,europe_pmc_rest_search
doi:10.1007/s11357-026-02129-7,crossref,journal-article,10.1007/s11357-026-02129-7,,,,"N-lactoyl-phenylalanine as a possible biomarker of cognition? Association between neuroproteins, cytokines, body composition, physical fitness and cognitive function in older adults","Jost Z, Chroboczek M, Skurewicz-Palicka M, Sawicka A, Deptuła M, Zawrzykraj M, Laskowski R, Olek R, Radák Z, Kujach S",GeroScience,2026,journal-article,false,,,,,https://doi.org/10.1007/s11357-026-02129-7,N-Lactoyl phenylalanine,https://api.crossref.org/works?query.bibliographic=N-Lactoyl+phenylalanine&rows=50&sort=relevance,crossref_rest_works
doi:10.1007/s11357-026-02129-7,crossref,journal-article,10.1007/s11357-026-02129-7,,,,"N-lactoyl-phenylalanine as a possible biomarker of cognition? Association between neuroproteins, cytokines, body composition, physical fitness and cognitive function in older adults","Jost Z, Chroboczek M, Skurewicz-Palicka M, Sawicka A, Deptuła M, Zawrzykraj M, Laskowski R, Olek R, Radák Z, Kujach S",GeroScience,2026,journal-article,false,,,,,https://doi.org/10.1007/s11357-026-02129-7,N-lactoyl-phenylalanine,https://api.crossref.org/works?query.bibliographic=N-lactoyl-phenylalanine&rows=50&sort=relevance,crossref_rest_works
doi:10.1007/s11357-026-02129-7,europe_pmc,MED,10.1007/s11357-026-02129-7,41838336,,,"N-lactoyl-phenylalanine as a possible biomarker of cognition? Association between neuroproteins, cytokines, body composition, physical fitness and cognitive function in older adults","Jost Z, Chroboczek M, Skurewicz-Palicka M, Sawicka A, Deptuła M, Zawrzykraj M, Laskowski R, Olek RA, Radák Z, Kujach S.",GeroScience,2026,journal article,false,false,,,,https://europepmc.org/article/MED/41838336,"(""N-Lactoyl phenylalanine"" OR ""Lac-Phe"" OR ""N-lactoylphenylalanine"" OR ""lactoylphenylalanine"" OR ""N-lactoyl-phenylalanine"")",https://www.ebi.ac.uk/europepmc/webservices/rest/search?query=%28%22N-Lactoyl+phenylalanine%22+OR+%22Lac-Phe%22+OR+%22N-lactoylphenylalanine%22+OR+%22lactoylphenylalanine%22+OR+%22N-lactoyl-phenylalanine%22%29&format=json&resultType=core&pageSize=100&cursorMark=%2A,europe_pmc_rest_search
doi:10.1007/s11428-022-00958-6,crossref,journal-article,10.1007/s11428-022-00958-6,,,,Lac-Phe: Ansatz für die nächste Klasse von Adipositasmedikamenten?,"Zimmermann P, Schlögl H",Die Diabetologie,2022,journal-article,false,,,,,https://doi.org/10.1007/s11428-022-00958-6,Lac-Phe,https://api.crossref.org/works?query.bibliographic=Lac-Phe&rows=50&sort=relevance,crossref_rest_works
doi:10.1007/s12265-024-10560-4,europe_pmc,MED,10.1007/s12265-024-10560-4,39349903,PMC11885389,,CNDP2: An Enzyme Linking Metabolism and Cardiovascular Diseases?,"Ocariza MGC, Paton LN, Templeton EM, Pemberton CJ, Pilbrow AP, Appleby S.",Journal of cardiovascular translational research,2025,"journal article; research support, non-u.s. gov't; review; review-article",false,true,4,,,https://europepmc.org/article/MED/39349903,"(""N-Lactoyl phenylalanine"" OR ""Lac-Phe"" OR ""N-lactoylphenylalanine"" OR ""lactoylphenylalanine"" OR ""N-lactoyl-phenylalanine"")",https://www.ebi.ac.uk/europepmc/webservices/rest/search?query=%28%22N-Lactoyl+phenylalanine%22+OR+%22Lac-Phe%22+OR+%22N-lactoylphenylalanine%22+OR+%22lactoylphenylalanine%22+OR+%22N-lactoyl-phenylalanine%22%29&format=json&resultType=core&pageSize=100&cursorMark=AoIIQG6ytCg1MTU3MDY0Nw%3D%3D,europe_pmc_rest_search
doi:10.1007/s13167-023-00313-9,europe_pmc,MED,10.1007/s13167-023-00313-9,36866159,PMC9971428,,New insight of metabolomics in ocular diseases in the context of 3P medicine,"Zhang Q, Wang N, Rui Y, Xia Y, Xiong S, Xia X.",The EPMA journal,2023,journal article; review; review-article,false,true,23,,,https://europepmc.org/article/MED/36866159,"(""N-Lactoyl phenylalanine"" OR ""Lac-Phe"" OR ""N-lactoylphenylalanine"" OR ""lactoylphenylalanine"" OR ""N-lactoyl-phenylalanine"")",https://www.ebi.ac.uk/europepmc/webservices/rest/search?query=%28%22N-Lactoyl+phenylalanine%22+OR+%22Lac-Phe%22+OR+%22N-lactoylphenylalanine%22+OR+%22lactoylphenylalanine%22+OR+%22N-lactoyl-phenylalanine%22%29&format=json&resultType=core&pageSize=100&cursorMark=AoIIP8mECig1MzA0MzQ4OA%3D%3D,europe_pmc_rest_search
doi:10.1007/s13679-025-00683-3,crossref,journal-article,10.1007/s13679-025-00683-3,,,,Lac-Phe: An Emerging Appetite-Regulating Exerkine with Health and Therapeutic Benefits,"Wang N, Zhang J, Zhang X, Xuan D",Current Obesity Reports,2026,journal-article,false,,1,,,https://doi.org/10.1007/s13679-025-00683-3,Lac-Phe,https://api.crossref.org/works?query.bibliographic=Lac-Phe&rows=50&sort=relevance,crossref_rest_works
doi:10.1007/s13679-025-00683-3,europe_pmc,MED,10.1007/s13679-025-00683-3,41504957,,,Lac-Phe: An Emerging Appetite-Regulating Exerkine with Health and Therapeutic Benefits,"Wang N, Zhang J, Zhang X, Xuan D.",Current obesity reports,2026,journal article; review,false,false,,,,https://europepmc.org/article/MED/41504957,"(""N-Lactoyl phenylalanine"" OR ""Lac-Phe"" OR ""N-lactoylphenylalanine"" OR ""lactoylphenylalanine"" OR ""N-lactoyl-phenylalanine"")",https://www.ebi.ac.uk/europepmc/webservices/rest/search?query=%28%22N-Lactoyl+phenylalanine%22+OR+%22Lac-Phe%22+OR+%22N-lactoylphenylalanine%22+OR+%22lactoylphenylalanine%22+OR+%22N-lactoyl-phenylalanine%22%29&format=json&resultType=core&pageSize=100&cursorMark=%2A,europe_pmc_rest_search
doi:10.1016/j.ajcnut.2026.101262,europe_pmc,MED,10.1016/j.ajcnut.2026.101262,41812769,PMC13197931,,"Muscle movement and metabolism: exercise and skeletal muscle as mediators of health-a report from the 26th Annual Harvard Nutrition Obesity Symposium, 2025","Carollo L, Lawson EA, Stanley TL, Wang J, Bhattacharya R, Bishop DJ, Carmichael O, Esser KA, Febbraio MA, Fielding RA, Fourman LT, Goodpaster BH, Goodyear LJ, Guseh JS, Haines MS, Hawley JA, Heymsfield SB, Lindholm ME, Long JZ, Snyder MP, Whitham M, Grinspoon SK.",The American journal of clinical nutrition,2026,journal article; research-article,false,false,,,,https://europepmc.org/article/MED/41812769,"(""N-Lactoyl phenylalanine"" OR ""Lac-Phe"" OR ""N-lactoylphenylalanine"" OR ""lactoylphenylalanine"" OR ""N-lactoyl-phenylalanine"")",https://www.ebi.ac.uk/europepmc/webservices/rest/search?query=%28%22N-Lactoyl+phenylalanine%22+OR+%22Lac-Phe%22+OR+%22N-lactoylphenylalanine%22+OR+%22lactoylphenylalanine%22+OR+%22N-lactoyl-phenylalanine%22%29&format=json&resultType=core&pageSize=100&cursorMark=%2A,europe_pmc_rest_search
doi:10.1016/j.arr.2023.102091,europe_pmc,MED,10.1016/j.arr.2023.102091,37832608,PMC10842571,,"Role of diet and exercise in aging, Alzheimer's disease, and other chronic diseases","Khemka S, Reddy A, Garcia RI, Jacobs M, Reddy RP, Roghani AK, Pattoor V, Basu T, Sehar U, Reddy PH.",Ageing research reviews,2023,"journal article; research support, n.i.h., extramural; research-article; review",false,false,56,,,https://europepmc.org/article/MED/37832608,"(""N-Lactoyl phenylalanine"" OR ""Lac-Phe"" OR ""N-lactoylphenylalanine"" OR ""lactoylphenylalanine"" OR ""N-lactoyl-phenylalanine"")",https://www.ebi.ac.uk/europepmc/webservices/rest/search?query=%28%22N-Lactoyl+phenylalanine%22+OR+%22Lac-Phe%22+OR+%22N-lactoylphenylalanine%22+OR+%22lactoylphenylalanine%22+OR+%22N-lactoyl-phenylalanine%22%29&format=json&resultType=core&pageSize=100&cursorMark=AoIIP8mECig1MzA0MzQ4OA%3D%3D,europe_pmc_rest_search
doi:10.1016/j.bioflm.2024.100201,europe_pmc,MED,10.1016/j.bioflm.2024.100201,38779407,PMC11108854,,New insights into the antibiofilm activity and mechanism of Mannosylerythritol Lipid-A against Listeria monocytogenes EGD-e,"Liu X, Liu S, Wang Y, Shi Y, Chen Q.",Biofilm,2024,journal article; research-article,false,true,5,,,https://europepmc.org/article/MED/38779407,"(""N-Lactoyl phenylalanine"" OR ""Lac-Phe"" OR ""N-lactoylphenylalanine"" OR ""lactoylphenylalanine"" OR ""N-lactoyl-phenylalanine"")",https://www.ebi.ac.uk/europepmc/webservices/rest/search?query=%28%22N-Lactoyl+phenylalanine%22+OR+%22Lac-Phe%22+OR+%22N-lactoylphenylalanine%22+OR+%22lactoylphenylalanine%22+OR+%22N-lactoyl-phenylalanine%22%29&format=json&resultType=core&pageSize=100&cursorMark=AoIIQG6ytCg1MTU3MDY0Nw%3D%3D,europe_pmc_rest_search
doi:10.1016/j.bios.2025.117149,crossref,journal-article,10.1016/j.bios.2025.117149,,,,Rapid indirect detection of N-lactoyl-phenylalanine using dual DNA biosensors based on solution-gated graphene field-effect transistor,"Li J, Zhang M, Zhang C, Zhang Y, Chen W, Qu H, Liu J, Wang L",Biosensors and Bioelectronics,2025,journal-article,false,,6,,,https://doi.org/10.1016/j.bios.2025.117149,N-Lactoyl phenylalanine,https://api.crossref.org/works?query.bibliographic=N-Lactoyl+phenylalanine&rows=50&sort=relevance,crossref_rest_works
doi:10.1016/j.bios.2025.117149,crossref,journal-article,10.1016/j.bios.2025.117149,,,,Rapid indirect detection of N-lactoyl-phenylalanine using dual DNA biosensors based on solution-gated graphene field-effect transistor,"Li J, Zhang M, Zhang C, Zhang Y, Chen W, Qu H, Liu J, Wang L",Biosensors and Bioelectronics,2025,journal-article,false,,6,,,https://doi.org/10.1016/j.bios.2025.117149,N-lactoyl-phenylalanine,https://api.crossref.org/works?query.bibliographic=N-lactoyl-phenylalanine&rows=50&sort=relevance,crossref_rest_works
doi:10.1016/j.bios.2025.117149,europe_pmc,MED,10.1016/j.bios.2025.117149,39818180,,,Rapid indirect detection of N-lactoyl-phenylalanine using dual DNA biosensors based on solution-gated graphene field-effect transistor,"Li J, Zhang M, Zhang C, Zhang Y, Chen W, Qu H, Liu J, Wang L.",Biosensors & bioelectronics,2025,journal article,false,false,,,,https://europepmc.org/article/MED/39818180,"(""N-Lactoyl phenylalanine"" OR ""Lac-Phe"" OR ""N-lactoylphenylalanine"" OR ""lactoylphenylalanine"" OR ""N-lactoyl-phenylalanine"")",https://www.ebi.ac.uk/europepmc/webservices/rest/search?query=%28%22N-Lactoyl+phenylalanine%22+OR+%22Lac-Phe%22+OR+%22N-lactoylphenylalanine%22+OR+%22lactoylphenylalanine%22+OR+%22N-lactoyl-phenylalanine%22%29&format=json&resultType=core&pageSize=100&cursorMark=%2A,europe_pmc_rest_search
doi:10.1016/j.cell.2024.10.032,europe_pmc,MED,10.1016/j.cell.2024.10.032,39536746,PMC11724754,,A β-hydroxybutyrate shunt pathway generates anti-obesity ketone metabolites,"Moya-Garzon MD, Wang M, Li VL, Lyu X, Wei W, Tung AS, Raun SH, Zhao M, Coassolo L, Islam H, Oliveira B, Dai Y, Spaas J, Delgado-Gonzalez A, Donoso K, Alvarez-Buylla A, Franco-Montalban F, Letian A, Ward CP, Liu L, Svensson KJ, Goldberg EL, Gardner CD, Little JP, Banik SM, Xu Y, Long JZ.",Cell,2025,journal article; research-article,false,false,53,,,https://europepmc.org/article/MED/39536746,"(""N-Lactoyl phenylalanine"" OR ""Lac-Phe"" OR ""N-lactoylphenylalanine"" OR ""lactoylphenylalanine"" OR ""N-lactoyl-phenylalanine"")",https://www.ebi.ac.uk/europepmc/webservices/rest/search?query=%28%22N-Lactoyl+phenylalanine%22+OR+%22Lac-Phe%22+OR+%22N-lactoylphenylalanine%22+OR+%22lactoylphenylalanine%22+OR+%22N-lactoyl-phenylalanine%22%29&format=json&resultType=core&pageSize=100&cursorMark=AoIIQG6ytCg1MTU3MDY0Nw%3D%3D,europe_pmc_rest_search
doi:10.1016/j.cell.2025.01.015,europe_pmc,MED,10.1016/j.cell.2025.01.015,39983672,PMC11875512,,Solute carriers: The gatekeepers of metabolism,"Khan A, Liu Y, Gad M, Kenny TC, Birsoy K.",Cell,2025,journal article; research-article; review,false,false,40,,,https://europepmc.org/article/MED/39983672,"(""N-Lactoyl phenylalanine"" OR ""Lac-Phe"" OR ""N-lactoylphenylalanine"" OR ""lactoylphenylalanine"" OR ""N-lactoyl-phenylalanine"")",https://www.ebi.ac.uk/europepmc/webservices/rest/search?query=%28%22N-Lactoyl+phenylalanine%22+OR+%22Lac-Phe%22+OR+%22N-lactoylphenylalanine%22+OR+%22lactoylphenylalanine%22+OR+%22N-lactoyl-phenylalanine%22%29&format=json&resultType=core&pageSize=100&cursorMark=AoIIP8mECig1MzA0MzQ4OA%3D%3D,europe_pmc_rest_search
doi:10.1016/j.celrep.2022.111894,europe_pmc,MED,10.1016/j.celrep.2022.111894,36577374,PMC9885759,,UCP2-dependent redox sensing in POMC neurons regulates feeding,"Yoon NA, Jin S, Kim JD, Liu ZW, Sun Q, Cardone R, Kibbey R, Diano S.",Cell reports,2022,"journal article; research support, n.i.h., extramural; research-article",false,true,17,,,https://europepmc.org/article/MED/36577374,"(""N-Lactoyl phenylalanine"" OR ""Lac-Phe"" OR ""N-lactoylphenylalanine"" OR ""lactoylphenylalanine"" OR ""N-lactoyl-phenylalanine"")",https://www.ebi.ac.uk/europepmc/webservices/rest/search?query=%28%22N-Lactoyl+phenylalanine%22+OR+%22Lac-Phe%22+OR+%22N-lactoylphenylalanine%22+OR+%22lactoylphenylalanine%22+OR+%22N-lactoyl-phenylalanine%22%29&format=json&resultType=core&pageSize=100&cursorMark=AoIIP8mECig1MzA0MzQ4OA%3D%3D,europe_pmc_rest_search
doi:10.1016/j.cmet.2022.07.007,crossref,journal-article,10.1016/j.cmet.2022.07.007,,,,Outrunning obesity with Lac-Phe?,"Lund J, Clemmensen C, Schwartz T",Cell Metabolism,2022,journal-article,false,,21,,,https://doi.org/10.1016/j.cmet.2022.07.007,Lac-Phe,https://api.crossref.org/works?query.bibliographic=Lac-Phe&rows=50&sort=relevance,crossref_rest_works
doi:10.1016/j.cmet.2022.07.007,europe_pmc,MED,10.1016/j.cmet.2022.07.007,35921816,,,Outrunning obesity with Lac-Phe?,"Lund J, Clemmensen C, Schwartz TW.",Cell metabolism,2022,"journal article; research support, non-u.s. gov't",false,false,15,,,https://europepmc.org/article/MED/35921816,"(""N-Lactoyl phenylalanine"" OR ""Lac-Phe"" OR ""N-lactoylphenylalanine"" OR ""lactoylphenylalanine"" OR ""N-lactoyl-phenylalanine"")",https://www.ebi.ac.uk/europepmc/webservices/rest/search?query=%28%22N-Lactoyl+phenylalanine%22+OR+%22Lac-Phe%22+OR+%22N-lactoylphenylalanine%22+OR+%22lactoylphenylalanine%22+OR+%22N-lactoyl-phenylalanine%22%29&format=json&resultType=core&pageSize=100&cursorMark=%2A,europe_pmc_rest_search
doi:10.1016/j.cmet.2023.04.011,europe_pmc,MED,10.1016/j.cmet.2023.04.011,37141889,PMC10524249,,"Organism-wide, cell-type-specific secretome mapping of exercise training in mice","Wei W, Riley NM, Lyu X, Shen X, Guo J, Raun SH, Zhao M, Moya-Garzon MD, Basu H, Sheng-Hwa Tung A, Li VL, Huang W, Wiggenhorn AL, Svensson KJ, Snyder MP, Bertozzi CR, Long JZ.",Cell metabolism,2023,"journal article; research support, n.i.h., extramural; research support, non-u.s. gov't; research-article",false,false,70,,,https://europepmc.org/article/MED/37141889,"(""N-Lactoyl phenylalanine"" OR ""Lac-Phe"" OR ""N-lactoylphenylalanine"" OR ""lactoylphenylalanine"" OR ""N-lactoyl-phenylalanine"")",https://www.ebi.ac.uk/europepmc/webservices/rest/search?query=%28%22N-Lactoyl+phenylalanine%22+OR+%22Lac-Phe%22+OR+%22N-lactoylphenylalanine%22+OR+%22lactoylphenylalanine%22+OR+%22N-lactoyl-phenylalanine%22%29&format=json&resultType=core&pageSize=100&cursorMark=AoIIP8mECig1MzA0MzQ4OA%3D%3D,europe_pmc_rest_search
doi:10.1016/j.coemr.2024.100525,europe_pmc,MED,10.1016/j.coemr.2024.100525,39185341,PMC11339532,,Metabolic small talk during exercise: The role of metabokines and lipokines in interorgan signalling,"Gad SA, Smith H, Roberts LD.",Current opinion in endocrine and metabolic research,2024,journal article; review; review-article,false,true,1,,,https://europepmc.org/article/MED/39185341,"(""N-Lactoyl phenylalanine"" OR ""Lac-Phe"" OR ""N-lactoylphenylalanine"" OR ""lactoylphenylalanine"" OR ""N-lactoyl-phenylalanine"")",https://www.ebi.ac.uk/europepmc/webservices/rest/search?query=%28%22N-Lactoyl+phenylalanine%22+OR+%22Lac-Phe%22+OR+%22N-lactoylphenylalanine%22+OR+%22lactoylphenylalanine%22+OR+%22N-lactoyl-phenylalanine%22%29&format=json&resultType=core&pageSize=100&cursorMark=AoIIQG6ytCg1MTU3MDY0Nw%3D%3D,europe_pmc_rest_search
doi:10.1016/j.dmpk.2025.101424,crossref,journal-article,10.1016/j.dmpk.2025.101424,,,,Implication of H+/peptide transporters (PEPTS) on uptake of N-lactoylphenylalanine (LAC-PHE) in the intestinal and renal epithelial cells,"Fujita T, Nokawa M, Nonoguchi N, Nakao Y, Negoro R, Kajimoto T, Abdalkader R",Drug Metabolism and Pharmacokinetics,2025,journal-article,false,,,,,https://doi.org/10.1016/j.dmpk.2025.101424,N-lactoylphenylalanine,https://api.crossref.org/works?query.bibliographic=N-lactoylphenylalanine&rows=50&sort=relevance,crossref_rest_works
doi:10.1016/j.dmpk.2025.101424,crossref,journal-article,10.1016/j.dmpk.2025.101424,,,,Implication of H+/peptide transporters (PEPTS) on uptake of N-lactoylphenylalanine (LAC-PHE) in the intestinal and renal epithelial cells,"Fujita T, Nokawa M, Nonoguchi N, Nakao Y, Negoro R, Kajimoto T, Abdalkader R",Drug Metabolism and Pharmacokinetics,2025,journal-article,false,,,,,https://doi.org/10.1016/j.dmpk.2025.101424,lactoylphenylalanine,https://api.crossref.org/works?query.bibliographic=lactoylphenylalanine&rows=50&sort=relevance,crossref_rest_works
doi:10.1016/j.ebiom.2024.105507,europe_pmc,MED,10.1016/j.ebiom.2024.105507,39693737,PMC11722176,,Untargeted metabolome atlas for sleep-related phenotypes in the Hispanic community health study/study of Latinos,"Zhang Y, Spitzer BW, Zhang Y, Wallace DA, Yu B, Qi Q, Argos M, Avilés-Santa ML, Boerwinkle E, Daviglus ML, Kaplan R, Cai J, Redline S, Sofer T.",EBioMedicine,2025,journal article; research-article,false,true,10,,,https://europepmc.org/article/MED/39693737,"(""N-Lactoyl phenylalanine"" OR ""Lac-Phe"" OR ""N-lactoylphenylalanine"" OR ""lactoylphenylalanine"" OR ""N-lactoyl-phenylalanine"")",https://www.ebi.ac.uk/europepmc/webservices/rest/search?query=%28%22N-Lactoyl+phenylalanine%22+OR+%22Lac-Phe%22+OR+%22N-lactoylphenylalanine%22+OR+%22lactoylphenylalanine%22+OR+%22N-lactoyl-phenylalanine%22%29&format=json&resultType=core&pageSize=100&cursorMark=%2A,europe_pmc_rest_search
doi:10.1016/j.fochx.2025.102706,europe_pmc,MED,10.1016/j.fochx.2025.102706,40672877,PMC12266521,,Effect of Lactobacillus plantarum 1243 fermentation on quality properties and metabolome of Aronia melanocarpa (Michx . ) elliott juice,"Liu M, Fang Y, Chen R, Cai M, Yang X, Fang Z, Fang X, Dong S.",Food chemistry: X,2025,journal article; research-article,false,true,2,,,https://europepmc.org/article/MED/40672877,"(""N-Lactoyl phenylalanine"" OR ""Lac-Phe"" OR ""N-lactoylphenylalanine"" OR ""lactoylphenylalanine"" OR ""N-lactoyl-phenylalanine"")",https://www.ebi.ac.uk/europepmc/webservices/rest/search?query=%28%22N-Lactoyl+phenylalanine%22+OR+%22Lac-Phe%22+OR+%22N-lactoylphenylalanine%22+OR+%22lactoylphenylalanine%22+OR+%22N-lactoyl-phenylalanine%22%29&format=json&resultType=core&pageSize=100&cursorMark=%2A,europe_pmc_rest_search
doi:10.1016/j.fochx.2025.102947,europe_pmc,MED,10.1016/j.fochx.2025.102947,40917124,PMC12410525,,"Preparation of N-succinyl-L-tryptophan: investigating its sweetness-enhancing effects and mechanisms on sucrose and high-intensity sweeteners through sensory evaluation, electronic tongue, and molecular simulation","Huang P, Liu L, Cindy, Cui C.",Food chemistry: X,2025,journal article; research-article,false,true,,,,https://europepmc.org/article/MED/40917124,"(""N-Lactoyl phenylalanine"" OR ""Lac-Phe"" OR ""N-lactoylphenylalanine"" OR ""lactoylphenylalanine"" OR ""N-lactoyl-phenylalanine"")",https://www.ebi.ac.uk/europepmc/webservices/rest/search?query=%28%22N-Lactoyl+phenylalanine%22+OR+%22Lac-Phe%22+OR+%22N-lactoylphenylalanine%22+OR+%22lactoylphenylalanine%22+OR+%22N-lactoyl-phenylalanine%22%29&format=json&resultType=core&pageSize=100&cursorMark=AoIIQG6ytCg1MTU3MDY0Nw%3D%3D,europe_pmc_rest_search
doi:10.1016/j.fochx.2025.103161,europe_pmc,MED,10.1016/j.fochx.2025.103161,41140599,PMC12552644,,Preparation of N-succinyl- L -phenylalanine: exploring its taste-modulating effects and mechanisms on baijiu via multisensory evaluation and molecular simulation,"Huang P, Liu L, Li Y, Cindy, Cui C.",Food chemistry: X,2025,journal article; research-article,false,true,,,,https://europepmc.org/article/MED/41140599,"(""N-Lactoyl phenylalanine"" OR ""Lac-Phe"" OR ""N-lactoylphenylalanine"" OR ""lactoylphenylalanine"" OR ""N-lactoyl-phenylalanine"")",https://www.ebi.ac.uk/europepmc/webservices/rest/search?query=%28%22N-Lactoyl+phenylalanine%22+OR+%22Lac-Phe%22+OR+%22N-lactoylphenylalanine%22+OR+%22lactoylphenylalanine%22+OR+%22N-lactoyl-phenylalanine%22%29&format=json&resultType=core&pageSize=100&cursorMark=AoIIQG6ytCg1MTU3MDY0Nw%3D%3D,europe_pmc_rest_search
doi:10.1016/j.fochx.2025.103195,europe_pmc,MED,10.1016/j.fochx.2025.103195,41235058,PMC12607041,,"Study on the physicochemical properties, biological activities and metabolic profile alterations of jujube juice fermented by Lactiplantibacillus plantarum ","Zhou Y, Wei Y, Wang Y, An Z, Ma Q, Yi H, Zhang Z.",Food chemistry: X,2025,journal article; research-article,false,true,1,,,https://europepmc.org/article/MED/41235058,"(""N-Lactoyl phenylalanine"" OR ""Lac-Phe"" OR ""N-lactoylphenylalanine"" OR ""lactoylphenylalanine"" OR ""N-lactoyl-phenylalanine"")",https://www.ebi.ac.uk/europepmc/webservices/rest/search?query=%28%22N-Lactoyl+phenylalanine%22+OR+%22Lac-Phe%22+OR+%22N-lactoylphenylalanine%22+OR+%22lactoylphenylalanine%22+OR+%22N-lactoyl-phenylalanine%22%29&format=json&resultType=core&pageSize=100&cursorMark=%2A,europe_pmc_rest_search
doi:10.1016/j.foodres.2025.116893,europe_pmc,MED,10.1016/j.foodres.2025.116893,40790634,,,"Two lactic acid bacteria strains isolated from naturally fermented foods improves physicochemical quality, antioxidant capacity, shelf life stability and metabolic profiles of Dangshan pear (Pyrus spp.) juice","Jiang KL, Liu L, Pan WJ.","Food research international (Ottawa, Ont.)",2025,journal article,false,false,2,,,https://europepmc.org/article/MED/40790634,"(""N-Lactoyl phenylalanine"" OR ""Lac-Phe"" OR ""N-lactoylphenylalanine"" OR ""lactoylphenylalanine"" OR ""N-lactoyl-phenylalanine"")",https://www.ebi.ac.uk/europepmc/webservices/rest/search?query=%28%22N-Lactoyl+phenylalanine%22+OR+%22Lac-Phe%22+OR+%22N-lactoylphenylalanine%22+OR+%22lactoylphenylalanine%22+OR+%22N-lactoyl-phenylalanine%22%29&format=json&resultType=core&pageSize=100&cursorMark=%2A,europe_pmc_rest_search
doi:10.1016/j.foodres.2026.118860,europe_pmc,MED,10.1016/j.foodres.2026.118860,41895941,,,The cheese of Xilingol: A comparative study on microbial diversity and metabolic profiles across typical and meadow steppes,"Zhang J, Li Y, Zhao X, Wang Q, Li J, Xia Y, Jambal T, Dorjgotov D, Zha M, Chen Y.","Food research international (Ottawa, Ont.)",2026,comparative study; journal article,false,false,,,,https://europepmc.org/article/MED/41895941,"(""N-Lactoyl phenylalanine"" OR ""Lac-Phe"" OR ""N-lactoylphenylalanine"" OR ""lactoylphenylalanine"" OR ""N-lactoyl-phenylalanine"")",https://www.ebi.ac.uk/europepmc/webservices/rest/search?query=%28%22N-Lactoyl+phenylalanine%22+OR+%22Lac-Phe%22+OR+%22N-lactoylphenylalanine%22+OR+%22lactoylphenylalanine%22+OR+%22N-lactoyl-phenylalanine%22%29&format=json&resultType=core&pageSize=100&cursorMark=%2A,europe_pmc_rest_search
doi:10.1016/j.gendis.2025.101804,europe_pmc,MED,10.1016/j.gendis.2025.101804,41098976,PMC12519243,,Carnosine Dipeptidase(Cndp): An emerging therapeutic target for metabolic diseases and cancers,"Zhou L, Zhang S, Zhang Y, Luo Y, Sun X.",Genes & diseases,2026,journal article; review; review-article,false,true,,,,https://europepmc.org/article/MED/41098976,"(""N-Lactoyl phenylalanine"" OR ""Lac-Phe"" OR ""N-lactoylphenylalanine"" OR ""lactoylphenylalanine"" OR ""N-lactoyl-phenylalanine"")",https://www.ebi.ac.uk/europepmc/webservices/rest/search?query=%28%22N-Lactoyl+phenylalanine%22+OR+%22Lac-Phe%22+OR+%22N-lactoylphenylalanine%22+OR+%22lactoylphenylalanine%22+OR+%22N-lactoyl-phenylalanine%22%29&format=json&resultType=core&pageSize=100&cursorMark=%2A,europe_pmc_rest_search
doi:10.1016/j.ijpharm.2018.03.013,europe_pmc,MED,10.1016/j.ijpharm.2018.03.013,29526619,,,Improving in vivo conversion of oleuropein into hydroxytyrosol by oral granules containing probiotic Lactobacillus plantarum 299v and an Olea europaea standardized extract,"Aponte M, Ungaro F, d'Angelo I, De Caro C, Russo R, Blaiotta G, Dal Piaz F, Calignano A, Miro A.",International journal of pharmaceutics,2018,journal article,false,false,23,,,https://europepmc.org/article/MED/29526619,"(""N-Lactoyl phenylalanine"" OR ""Lac-Phe"" OR ""N-lactoylphenylalanine"" OR ""lactoylphenylalanine"" OR ""N-lactoyl-phenylalanine"")",https://www.ebi.ac.uk/europepmc/webservices/rest/search?query=%28%22N-Lactoyl+phenylalanine%22+OR+%22Lac-Phe%22+OR+%22N-lactoylphenylalanine%22+OR+%22lactoylphenylalanine%22+OR+%22N-lactoyl-phenylalanine%22%29&format=json&resultType=core&pageSize=100&cursorMark=AoIIP8mECig1MzA0MzQ4OA%3D%3D,europe_pmc_rest_search
doi:10.1016/j.jare.2023.11.026,europe_pmc,MED,10.1016/j.jare.2023.11.026,38030128,PMC11464468,,Ten metabolites-based algorithm predicts the future development of type 2 diabetes in Chinese,"Su X, Cheung CYY, Zhong J, Ru Y, Fong CHY, Lee CH, Liu Y, Cheung CKY, Lam KSL, Xu A, Cai Z.",Journal of advanced research,2024,"journal article; research support, non-u.s. gov't; research-article",false,true,11,,,https://europepmc.org/article/MED/38030128,"(""N-Lactoyl phenylalanine"" OR ""Lac-Phe"" OR ""N-lactoylphenylalanine"" OR ""lactoylphenylalanine"" OR ""N-lactoyl-phenylalanine"")",https://www.ebi.ac.uk/europepmc/webservices/rest/search?query=%28%22N-Lactoyl+phenylalanine%22+OR+%22Lac-Phe%22+OR+%22N-lactoylphenylalanine%22+OR+%22lactoylphenylalanine%22+OR+%22N-lactoyl-phenylalanine%22%29&format=json&resultType=core&pageSize=100&cursorMark=AoIIQG6ytCg1MTU3MDY0Nw%3D%3D,europe_pmc_rest_search
doi:10.1016/j.jbc.2025.110602,europe_pmc,MED,10.1016/j.jbc.2025.110602,40835008,PMC12624779,,Class I histone deacetylases catalyze lysine lactylation,"Gonzatti MB, Hintzen JCJ, Sharma I, Najar MA, Tsusaka T, Marcinkiewicz MM, Da Silva Crispim CV, Snyder NW, Burslem GM, Goldberg EL.",The Journal of biological chemistry,2025,"journal article; research support, n.i.h., extramural; research-article",false,true,14,,,https://europepmc.org/article/MED/40835008,"(""N-Lactoyl phenylalanine"" OR ""Lac-Phe"" OR ""N-lactoylphenylalanine"" OR ""lactoylphenylalanine"" OR ""N-lactoyl-phenylalanine"")",https://www.ebi.ac.uk/europepmc/webservices/rest/search?query=%28%22N-Lactoyl+phenylalanine%22+OR+%22Lac-Phe%22+OR+%22N-lactoylphenylalanine%22+OR+%22lactoylphenylalanine%22+OR+%22N-lactoyl-phenylalanine%22%29&format=json&resultType=core&pageSize=100&cursorMark=AoIIQG6ytCg1MTU3MDY0Nw%3D%3D,europe_pmc_rest_search
doi:10.1016/j.jcmgh.2025.101558,crossref,journal-article,10.1016/j.jcmgh.2025.101558,,,,Exercise-induced Metabolite N-lactoyl-phenylalanine Ameliorates Colitis by Inhibiting M1 Macrophage Polarization via the Suppression of the NF-κB Signaling Pathway,"Yu R, Zhang C, Yuan M, Ye S, Hu T, Chen S, Liang G, Liu J, Ke H, Huang J, Lan P, He X, Wu X",Cellular and Molecular Gastroenterology and Hepatology,2025,journal-article,false,,24,,,https://doi.org/10.1016/j.jcmgh.2025.101558,N-Lactoyl phenylalanine,https://api.crossref.org/works?query.bibliographic=N-Lactoyl+phenylalanine&rows=50&sort=relevance,crossref_rest_works
doi:10.1016/j.jcmgh.2025.101558,crossref,journal-article,10.1016/j.jcmgh.2025.101558,,,,Exercise-induced Metabolite N-lactoyl-phenylalanine Ameliorates Colitis by Inhibiting M1 Macrophage Polarization via the Suppression of the NF-κB Signaling Pathway,"Yu R, Zhang C, Yuan M, Ye S, Hu T, Chen S, Liang G, Liu J, Ke H, Huang J, Lan P, He X, Wu X",Cellular and Molecular Gastroenterology and Hepatology,2025,journal-article,false,,24,,,https://doi.org/10.1016/j.jcmgh.2025.101558,N-lactoyl-phenylalanine,https://api.crossref.org/works?query.bibliographic=N-lactoyl-phenylalanine&rows=50&sort=relevance,crossref_rest_works
doi:10.1016/j.jcmgh.2025.101558,europe_pmc,MED,10.1016/j.jcmgh.2025.101558,40562095,PMC12391280,,Exercise-induced Metabolite N-lactoyl-phenylalanine Ameliorates Colitis by Inhibiting M1 Macrophage Polarization via the Suppression of the NF-κB Signaling Pathway,"Yu R, Zhang C, Yuan M, Ye S, Hu T, Chen S, Liang G, Liu J, Ke H, Huang J, Lan P, He X, Wu X.",Cellular and molecular gastroenterology and hepatology,2025,journal article; research-article,false,true,10,,,https://europepmc.org/article/MED/40562095,"(""N-Lactoyl phenylalanine"" OR ""Lac-Phe"" OR ""N-lactoylphenylalanine"" OR ""lactoylphenylalanine"" OR ""N-lactoyl-phenylalanine"")",https://www.ebi.ac.uk/europepmc/webservices/rest/search?query=%28%22N-Lactoyl+phenylalanine%22+OR+%22Lac-Phe%22+OR+%22N-lactoylphenylalanine%22+OR+%22lactoylphenylalanine%22+OR+%22N-lactoyl-phenylalanine%22%29&format=json&resultType=core&pageSize=100&cursorMark=%2A,europe_pmc_rest_search
doi:10.1016/j.jcmgh.2025.101643,crossref,journal-article,10.1016/j.jcmgh.2025.101643,,,,From Muscle to Macrophage: An Anti-inflammatory Role for the Metabolite N-lactoyl-phenylalanine in Inflammatory Bowel Disease,Schumacher M,Cellular and Molecular Gastroenterology and Hepatology,2026,journal-article,false,,,,,https://doi.org/10.1016/j.jcmgh.2025.101643,N-Lactoyl phenylalanine,https://api.crossref.org/works?query.bibliographic=N-Lactoyl+phenylalanine&rows=50&sort=relevance,crossref_rest_works
doi:10.1016/j.jcmgh.2025.101643,crossref,journal-article,10.1016/j.jcmgh.2025.101643,,,,From Muscle to Macrophage: An Anti-inflammatory Role for the Metabolite N-lactoyl-phenylalanine in Inflammatory Bowel Disease,Schumacher M,Cellular and Molecular Gastroenterology and Hepatology,2026,journal-article,false,,,,,https://doi.org/10.1016/j.jcmgh.2025.101643,N-lactoyl-phenylalanine,https://api.crossref.org/works?query.bibliographic=N-lactoyl-phenylalanine&rows=50&sort=relevance,crossref_rest_works
doi:10.1016/j.jcmgh.2025.101643,europe_pmc,MED,10.1016/j.jcmgh.2025.101643,40992735,PMC12805161,,From Muscle to Macrophage: An Anti-inflammatory Role for the Metabolite N-lactoyl-phenylalanine in Inflammatory Bowel Disease,Schumacher MA.,Cellular and molecular gastroenterology and hepatology,2026,editorial,false,true,,,,https://europepmc.org/article/MED/40992735,"(""N-Lactoyl phenylalanine"" OR ""Lac-Phe"" OR ""N-lactoylphenylalanine"" OR ""lactoylphenylalanine"" OR ""N-lactoyl-phenylalanine"")",https://www.ebi.ac.uk/europepmc/webservices/rest/search?query=%28%22N-Lactoyl+phenylalanine%22+OR+%22Lac-Phe%22+OR+%22N-lactoylphenylalanine%22+OR+%22lactoylphenylalanine%22+OR+%22N-lactoyl-phenylalanine%22%29&format=json&resultType=core&pageSize=100&cursorMark=%2A,europe_pmc_rest_search
doi:10.1016/j.jesf.2023.12.002,europe_pmc,MED,10.1016/j.jesf.2023.12.002,38187084,PMC10770624,,Molecular origin and biological effects of exercise mimetics,"Zhu Y, Song G.",Journal of exercise science and fitness,2024,journal article; review; review-article,false,true,9,,,https://europepmc.org/article/MED/38187084,"(""N-Lactoyl phenylalanine"" OR ""Lac-Phe"" OR ""N-lactoylphenylalanine"" OR ""lactoylphenylalanine"" OR ""N-lactoyl-phenylalanine"")",https://www.ebi.ac.uk/europepmc/webservices/rest/search?query=%28%22N-Lactoyl+phenylalanine%22+OR+%22Lac-Phe%22+OR+%22N-lactoylphenylalanine%22+OR+%22lactoylphenylalanine%22+OR+%22N-lactoyl-phenylalanine%22%29&format=json&resultType=core&pageSize=100&cursorMark=AoIIQG6ytCg1MTU3MDY0Nw%3D%3D,europe_pmc_rest_search
doi:10.1016/j.jnutbio.2023.109269,europe_pmc,MED,10.1016/j.jnutbio.2023.109269,36641073,,,"Trans-10, cis-12 conjugated linoleic acid- and caloric restriction-mediated upregulation of CNDP2 expression in white adipose tissue in rodents, with implications in feeding and obesity","Berkel C, Cacan E.",The Journal of nutritional biochemistry,2023,journal article,false,false,9,,,https://europepmc.org/article/MED/36641073,"(""N-Lactoyl phenylalanine"" OR ""Lac-Phe"" OR ""N-lactoylphenylalanine"" OR ""lactoylphenylalanine"" OR ""N-lactoyl-phenylalanine"")",https://www.ebi.ac.uk/europepmc/webservices/rest/search?query=%28%22N-Lactoyl+phenylalanine%22+OR+%22Lac-Phe%22+OR+%22N-lactoylphenylalanine%22+OR+%22lactoylphenylalanine%22+OR+%22N-lactoyl-phenylalanine%22%29&format=json&resultType=core&pageSize=100&cursorMark=%2A,europe_pmc_rest_search
doi:10.1016/j.jpba.2025.117327,crossref,journal-article,10.1016/j.jpba.2025.117327,,,,"Determination of N-Lactoyl-phenylalanine, phenylacetylglutamine and trimethylamine-N-oxide related metabolites in hypertensive patients by liquid chromatography-mass spectrometry and the application to blood pressure regulation","Tan X, Jiang X, Ren L, Meng Z, Yang J, Wang Y",Journal of Pharmaceutical and Biomedical Analysis,2026,journal-article,false,,,,,https://doi.org/10.1016/j.jpba.2025.117327,N-Lactoyl phenylalanine,https://api.crossref.org/works?query.bibliographic=N-Lactoyl+phenylalanine&rows=50&sort=relevance,crossref_rest_works
doi:10.1016/j.jpba.2025.117327,crossref,journal-article,10.1016/j.jpba.2025.117327,,,,"Determination of N-Lactoyl-phenylalanine, phenylacetylglutamine and trimethylamine-N-oxide related metabolites in hypertensive patients by liquid chromatography-mass spectrometry and the application to blood pressure regulation","Tan X, Jiang X, Ren L, Meng Z, Yang J, Wang Y",Journal of Pharmaceutical and Biomedical Analysis,2026,journal-article,false,,,,,https://doi.org/10.1016/j.jpba.2025.117327,N-lactoyl-phenylalanine,https://api.crossref.org/works?query.bibliographic=N-lactoyl-phenylalanine&rows=50&sort=relevance,crossref_rest_works
doi:10.1016/j.jpba.2025.117327,europe_pmc,MED,10.1016/j.jpba.2025.117327,41478213,,,"Determination of N-Lactoyl-phenylalanine, phenylacetylglutamine and trimethylamine-N-oxide related metabolites in hypertensive patients by liquid chromatography-mass spectrometry and the application to blood pressure regulation","Tan X, Jiang X, Ren L, Meng Z, Yang J, Wang Y.",Journal of pharmaceutical and biomedical analysis,2026,journal article,false,false,,,,https://europepmc.org/article/MED/41478213,"(""N-Lactoyl phenylalanine"" OR ""Lac-Phe"" OR ""N-lactoylphenylalanine"" OR ""lactoylphenylalanine"" OR ""N-lactoyl-phenylalanine"")",https://www.ebi.ac.uk/europepmc/webservices/rest/search?query=%28%22N-Lactoyl+phenylalanine%22+OR+%22Lac-Phe%22+OR+%22N-lactoylphenylalanine%22+OR+%22lactoylphenylalanine%22+OR+%22N-lactoyl-phenylalanine%22%29&format=json&resultType=core&pageSize=100&cursorMark=%2A,europe_pmc_rest_search
doi:10.1016/j.jpet.2025.103798,crossref,journal-article,10.1016/j.jpet.2025.103798,,,,Beyond exercise and appetite: The expanding biology and therapeutic potential of N-lactoyl-phenylalanine,"Oni O, Scott B, Schwartz L, MacCormack T, Hankir M, Rourke J",The Journal of Pharmacology and Experimental Therapeutics,2026,journal-article,false,,,,,https://doi.org/10.1016/j.jpet.2025.103798,N-Lactoyl phenylalanine,https://api.crossref.org/works?query.bibliographic=N-Lactoyl+phenylalanine&rows=50&sort=relevance,crossref_rest_works
doi:10.1016/j.jpet.2025.103798,crossref,journal-article,10.1016/j.jpet.2025.103798,,,,Beyond exercise and appetite: The expanding biology and therapeutic potential of N-lactoyl-phenylalanine,"Oni O, Scott B, Schwartz L, MacCormack T, Hankir M, Rourke J",The Journal of Pharmacology and Experimental Therapeutics,2026,journal-article,false,,,,,https://doi.org/10.1016/j.jpet.2025.103798,N-lactoyl-phenylalanine,https://api.crossref.org/works?query.bibliographic=N-lactoyl-phenylalanine&rows=50&sort=relevance,crossref_rest_works
doi:10.1016/j.jpet.2025.103798,europe_pmc,MED,10.1016/j.jpet.2025.103798,41547294,PMC12975387,,Beyond exercise and appetite: The expanding biology and therapeutic potential of N-lactoyl-phenylalanine,"Oni OP, Scott B, Schwartz LC, MacCormack TJ, Hankir M, Rourke JL.",The Journal of pharmacology and experimental therapeutics,2026,journal article; review; review-article,false,true,,,,https://europepmc.org/article/MED/41547294,"(""N-Lactoyl phenylalanine"" OR ""Lac-Phe"" OR ""N-lactoylphenylalanine"" OR ""lactoylphenylalanine"" OR ""N-lactoyl-phenylalanine"")",https://www.ebi.ac.uk/europepmc/webservices/rest/search?query=%28%22N-Lactoyl+phenylalanine%22+OR+%22Lac-Phe%22+OR+%22N-lactoylphenylalanine%22+OR+%22lactoylphenylalanine%22+OR+%22N-lactoyl-phenylalanine%22%29&format=json&resultType=core&pageSize=100&cursorMark=%2A,europe_pmc_rest_search
doi:10.1016/j.jpha.2025.101532,europe_pmc,MED,10.1016/j.jpha.2025.101532,41798066,PMC12962090,,Development of a novel NanoBRET high-throughput drug screening assay for human GnRH receptor using sulfo-cyanine 5 fluorophore,"Shen L, Du X, Yang Y, Su M, Rong R, Meng J, Lim LW, Fernig DG, Lu ZL.",Journal of pharmaceutical analysis,2026,journal article; research-article,false,true,,,,https://europepmc.org/article/MED/41798066,"(""N-Lactoyl phenylalanine"" OR ""Lac-Phe"" OR ""N-lactoylphenylalanine"" OR ""lactoylphenylalanine"" OR ""N-lactoyl-phenylalanine"")",https://www.ebi.ac.uk/europepmc/webservices/rest/search?query=%28%22N-Lactoyl+phenylalanine%22+OR+%22Lac-Phe%22+OR+%22N-lactoylphenylalanine%22+OR+%22lactoylphenylalanine%22+OR+%22N-lactoyl-phenylalanine%22%29&format=json&resultType=core&pageSize=100&cursorMark=%2A,europe_pmc_rest_search
doi:10.1016/j.mcpro.2023.100561,europe_pmc,MED,10.1016/j.mcpro.2023.100561,37119971,PMC10220275,,Multi-Omics Profiling for Health,"Babu M, Snyder M.",Molecular & cellular proteomics : MCP,2023,"journal article; research support, n.i.h., extramural; research support, non-u.s. gov't; review; review-article",false,true,238,,,https://europepmc.org/article/MED/37119971,"(""N-Lactoyl phenylalanine"" OR ""Lac-Phe"" OR ""N-lactoylphenylalanine"" OR ""lactoylphenylalanine"" OR ""N-lactoyl-phenylalanine"")",https://www.ebi.ac.uk/europepmc/webservices/rest/search?query=%28%22N-Lactoyl+phenylalanine%22+OR+%22Lac-Phe%22+OR+%22N-lactoylphenylalanine%22+OR+%22lactoylphenylalanine%22+OR+%22N-lactoyl-phenylalanine%22%29&format=json&resultType=core&pageSize=100&cursorMark=AoIIQG6ytCg1MTU3MDY0Nw%3D%3D,europe_pmc_rest_search
doi:10.1016/j.mcpro.2023.100601,europe_pmc,MED,10.1016/j.mcpro.2023.100601,37343698,PMC10460691,,Plasma Proteomic Kinetics in Response to Acute Exercise,"Mi MY, Barber JL, Rao P, Farrell LA, Sarzynski MA, Bouchard C, Robbins JM, Gerszten RE.",Molecular & cellular proteomics : MCP,2023,"journal article; research support, n.i.h., extramural; research-article",false,true,22,,,https://europepmc.org/article/MED/37343698,"(""N-Lactoyl phenylalanine"" OR ""Lac-Phe"" OR ""N-lactoylphenylalanine"" OR ""lactoylphenylalanine"" OR ""N-lactoyl-phenylalanine"")",https://www.ebi.ac.uk/europepmc/webservices/rest/search?query=%28%22N-Lactoyl+phenylalanine%22+OR+%22Lac-Phe%22+OR+%22N-lactoylphenylalanine%22+OR+%22lactoylphenylalanine%22+OR+%22N-lactoyl-phenylalanine%22%29&format=json&resultType=core&pageSize=100&cursorMark=AoIIQG6ytCg1MTU3MDY0Nw%3D%3D,europe_pmc_rest_search
doi:10.1016/j.medj.2024.03.023,europe_pmc,MED,10.1016/j.medj.2024.03.023,38670112,,,Enhanced interactions among gut mycobiomes with the deterioration of glycemic control,"He JL, Zhao YW, Yang JL, Ju JM, Ye BQ, Huang JY, Huang ZH, Zhao WY, Zeng WF, Xia M, Liu Y.","Med (New York, N.Y.)",2024,"journal article; research support, non-u.s. gov't",false,false,9,,,https://europepmc.org/article/MED/38670112,"(""N-Lactoyl phenylalanine"" OR ""Lac-Phe"" OR ""N-lactoylphenylalanine"" OR ""lactoylphenylalanine"" OR ""N-lactoyl-phenylalanine"")",https://www.ebi.ac.uk/europepmc/webservices/rest/search?query=%28%22N-Lactoyl+phenylalanine%22+OR+%22Lac-Phe%22+OR+%22N-lactoylphenylalanine%22+OR+%22lactoylphenylalanine%22+OR+%22N-lactoyl-phenylalanine%22%29&format=json&resultType=core&pageSize=100&cursorMark=%2A,europe_pmc_rest_search
doi:10.1016/j.molmet.2023.101745,europe_pmc,MED,10.1016/j.molmet.2023.101745,37268247,PMC10326746,,Exercise-induced hypothalamic neuroplasticity: Implications for energy and glucose metabolism,"Hwang E, Portillo B, Grose K, Fujikawa T, Williams KW.",Molecular metabolism,2023,"journal article; research support, n.i.h., extramural; research support, non-u.s. gov't; review; review-article",false,true,24,,,https://europepmc.org/article/MED/37268247,"(""N-Lactoyl phenylalanine"" OR ""Lac-Phe"" OR ""N-lactoylphenylalanine"" OR ""lactoylphenylalanine"" OR ""N-lactoyl-phenylalanine"")",https://www.ebi.ac.uk/europepmc/webservices/rest/search?query=%28%22N-Lactoyl+phenylalanine%22+OR+%22Lac-Phe%22+OR+%22N-lactoylphenylalanine%22+OR+%22lactoylphenylalanine%22+OR+%22N-lactoyl-phenylalanine%22%29&format=json&resultType=core&pageSize=100&cursorMark=%2A,europe_pmc_rest_search
doi:10.1016/j.psj.2026.107043,europe_pmc,MED,10.1016/j.psj.2026.107043,42184744,PMC13223864,,Dietary supplementation with Cuscuta chinensis improves ovarian function and production performance in aged laying hens via modulation of steroid hormone biosynthesis and gut microbiota,"Bai H, Li Q, Shao L, Ren Z, Gao N, Li Y, Wu Y, Liu SY, Wang X.",Poultry science,2026,journal article; research-article,false,true,,,,https://europepmc.org/article/MED/42184744,"(""N-Lactoyl phenylalanine"" OR ""Lac-Phe"" OR ""N-lactoylphenylalanine"" OR ""lactoylphenylalanine"" OR ""N-lactoyl-phenylalanine"")",https://www.ebi.ac.uk/europepmc/webservices/rest/search?query=%28%22N-Lactoyl+phenylalanine%22+OR+%22Lac-Phe%22+OR+%22N-lactoylphenylalanine%22+OR+%22lactoylphenylalanine%22+OR+%22N-lactoyl-phenylalanine%22%29&format=json&resultType=core&pageSize=100&cursorMark=AoIIQG6ytCg1MTU3MDY0Nw%3D%3D,europe_pmc_rest_search
doi:10.1016/j.redox.2023.102748,europe_pmc,MED,10.1016/j.redox.2023.102748,37247469,PMC10236471,,Exerkines and redox homeostasis,"Félix-Soriano E, Stanford KI.",Redox biology,2023,"journal article; research support, n.i.h., extramural; research support, non-u.s. gov't; review; review-article",false,true,21,,,https://europepmc.org/article/MED/37247469,"(""N-Lactoyl phenylalanine"" OR ""Lac-Phe"" OR ""N-lactoylphenylalanine"" OR ""lactoylphenylalanine"" OR ""N-lactoyl-phenylalanine"")",https://www.ebi.ac.uk/europepmc/webservices/rest/search?query=%28%22N-Lactoyl+phenylalanine%22+OR+%22Lac-Phe%22+OR+%22N-lactoylphenylalanine%22+OR+%22lactoylphenylalanine%22+OR+%22N-lactoyl-phenylalanine%22%29&format=json&resultType=core&pageSize=100&cursorMark=AoIIP8mECig1MzA0MzQ4OA%3D%3D,europe_pmc_rest_search
doi:10.1016/j.redox.2024.103295,europe_pmc,MED,10.1016/j.redox.2024.103295,39159596,PMC11378344,,Withdrawn: Combinatorial lipidomics and proteomics underscore erythrocyte lipid membrane aberrations in the development of adverse cardio-cerebrovascular complications in maintenance hemodialysis patients,"Zheng K, Qian Y, Wang H, Song D, You H, Hou B, Han F, Zhu Y, Feng F, Lam SM, Shui G, Li X.",Redox biology,2024,journal article; research-article; retracted publication,false,true,,,,https://europepmc.org/article/MED/39159596,"(""N-Lactoyl phenylalanine"" OR ""Lac-Phe"" OR ""N-lactoylphenylalanine"" OR ""lactoylphenylalanine"" OR ""N-lactoyl-phenylalanine"")",https://www.ebi.ac.uk/europepmc/webservices/rest/search?query=%28%22N-Lactoyl+phenylalanine%22+OR+%22Lac-Phe%22+OR+%22N-lactoylphenylalanine%22+OR+%22lactoylphenylalanine%22+OR+%22N-lactoyl-phenylalanine%22%29&format=json&resultType=core&pageSize=100&cursorMark=AoIIP8mECig1MzA0MzQ4OA%3D%3D,europe_pmc_rest_search
doi:10.1016/j.redox.2026.104210,europe_pmc,MED,10.1016/j.redox.2026.104210,42166856,PMC13214344,,Vespakinin-M delineates an AMPK/mTOR-arginine-TCA cycle axis to act as an immunometabolic switch in post-stroke microglia,"Wang D, Zhang J, Zhuang Z, Wang Q, Li J, Wang X, Li K, Liu Y, Cao Y, Li L, Zhang Y, Zhao Y, Zhao Y, Zhao H, Zhang C.",Redox biology,2026,"journal article; research support, non-u.s. gov't; research-article",false,true,,,,https://europepmc.org/article/MED/42166856,"(""N-Lactoyl phenylalanine"" OR ""Lac-Phe"" OR ""N-lactoylphenylalanine"" OR ""lactoylphenylalanine"" OR ""N-lactoyl-phenylalanine"")",https://www.ebi.ac.uk/europepmc/webservices/rest/search?query=%28%22N-Lactoyl+phenylalanine%22+OR+%22Lac-Phe%22+OR+%22N-lactoylphenylalanine%22+OR+%22lactoylphenylalanine%22+OR+%22N-lactoyl-phenylalanine%22%29&format=json&resultType=core&pageSize=100&cursorMark=AoIIP8mECig1MzA0MzQ4OA%3D%3D,europe_pmc_rest_search
doi:10.1016/j.smhs.2026.03.005,europe_pmc,MED,10.1016/j.smhs.2026.03.005,42125180,PMC13159452,,Molecular vehicles for therapeutic delivery of lactate in exercise and medicine,Brooks GA.,Sports medicine and health science,2026,journal article; review; review-article,false,true,,,,https://europepmc.org/article/MED/42125180,"(""N-Lactoyl phenylalanine"" OR ""Lac-Phe"" OR ""N-lactoylphenylalanine"" OR ""lactoylphenylalanine"" OR ""N-lactoyl-phenylalanine"")",https://www.ebi.ac.uk/europepmc/webservices/rest/search?query=%28%22N-Lactoyl+phenylalanine%22+OR+%22Lac-Phe%22+OR+%22N-lactoylphenylalanine%22+OR+%22lactoylphenylalanine%22+OR+%22N-lactoyl-phenylalanine%22%29&format=json&resultType=core&pageSize=100&cursorMark=AoIIQG6ytCg1MTU3MDY0Nw%3D%3D,europe_pmc_rest_search
doi:10.1016/j.tem.2023.09.006,europe_pmc,MED,10.1016/j.tem.2023.09.006,37845120,PMC10841501,,Hallmarks of the metabolic secretome,"Reghupaty SC, Dall NR, Svensson KJ.",Trends in endocrinology and metabolism: TEM,2024,journal article; research-article; review,false,false,7,,,https://europepmc.org/article/MED/37845120,"(""N-Lactoyl phenylalanine"" OR ""Lac-Phe"" OR ""N-lactoylphenylalanine"" OR ""lactoylphenylalanine"" OR ""N-lactoyl-phenylalanine"")",https://www.ebi.ac.uk/europepmc/webservices/rest/search?query=%28%22N-Lactoyl+phenylalanine%22+OR+%22Lac-Phe%22+OR+%22N-lactoylphenylalanine%22+OR+%22lactoylphenylalanine%22+OR+%22N-lactoyl-phenylalanine%22%29&format=json&resultType=core&pageSize=100&cursorMark=%2A,europe_pmc_rest_search
doi:10.1016/j.tem.2023.11.001,europe_pmc,MED,10.1016/j.tem.2023.11.001,38030482,PMC10939937,,Methylmalonic acid in aging and disease,"Tejero J, Lazure F, Gomes AP.",Trends in endocrinology and metabolism: TEM,2024,journal article; research-article; review,false,false,36,,,https://europepmc.org/article/MED/38030482,"(""N-Lactoyl phenylalanine"" OR ""Lac-Phe"" OR ""N-lactoylphenylalanine"" OR ""lactoylphenylalanine"" OR ""N-lactoyl-phenylalanine"")",https://www.ebi.ac.uk/europepmc/webservices/rest/search?query=%28%22N-Lactoyl+phenylalanine%22+OR+%22Lac-Phe%22+OR+%22N-lactoylphenylalanine%22+OR+%22lactoylphenylalanine%22+OR+%22N-lactoyl-phenylalanine%22%29&format=json&resultType=core&pageSize=100&cursorMark=AoIIQG6ytCg1MTU3MDY0Nw%3D%3D,europe_pmc_rest_search
doi:10.1016/j.tem.2024.05.007,crossref,journal-article,10.1016/j.tem.2024.05.007,,,,Lac-Phe (N-lactoyl-phenylalanine),"Xiao S, Li V, Long J",Trends in Endocrinology & Metabolism,2024,journal-article,false,,11,,,https://doi.org/10.1016/j.tem.2024.05.007,N-Lactoyl phenylalanine,https://api.crossref.org/works?query.bibliographic=N-Lactoyl+phenylalanine&rows=50&sort=relevance,crossref_rest_works
doi:10.1016/j.tem.2024.05.007,crossref,journal-article,10.1016/j.tem.2024.05.007,,,,Lac-Phe (N-lactoyl-phenylalanine),"Xiao S, Li V, Long J",Trends in Endocrinology & Metabolism,2024,journal-article,false,,11,,,https://doi.org/10.1016/j.tem.2024.05.007,Lac-Phe,https://api.crossref.org/works?query.bibliographic=Lac-Phe&rows=50&sort=relevance,crossref_rest_works
doi:10.1016/j.tem.2024.05.007,crossref,journal-article,10.1016/j.tem.2024.05.007,,,,Lac-Phe (N-lactoyl-phenylalanine),"Xiao S, Li V, Long J",Trends in Endocrinology & Metabolism,2024,journal-article,false,,11,,,https://doi.org/10.1016/j.tem.2024.05.007,N-lactoyl-phenylalanine,https://api.crossref.org/works?query.bibliographic=N-lactoyl-phenylalanine&rows=50&sort=relevance,crossref_rest_works
doi:10.1016/j.tem.2024.05.007,europe_pmc,MED,10.1016/j.tem.2024.05.007,39137723,PMC11446501,,Lac-Phe (N-lactoyl-phenylalanine),"Xiao S, Li VL, Long JZ.",Trends in endocrinology and metabolism: TEM,2024,"journal article; research support, n.i.h., extramural; research support, non-u.s. gov't; research-article",false,false,8,,,https://europepmc.org/article/MED/39137723,"(""N-Lactoyl phenylalanine"" OR ""Lac-Phe"" OR ""N-lactoylphenylalanine"" OR ""lactoylphenylalanine"" OR ""N-lactoyl-phenylalanine"")",https://www.ebi.ac.uk/europepmc/webservices/rest/search?query=%28%22N-Lactoyl+phenylalanine%22+OR+%22Lac-Phe%22+OR+%22N-lactoylphenylalanine%22+OR+%22lactoylphenylalanine%22+OR+%22N-lactoyl-phenylalanine%22%29&format=json&resultType=core&pageSize=100&cursorMark=%2A,europe_pmc_rest_search
doi:10.1016/j.tem.2025.07.005,europe_pmc,MED,10.1016/j.tem.2025.07.005,40784868,PMC12688322,,Exercise pills for cardiometabolic health cannot mimic the exercise milieu,"Plaza-Florido A, Lindholm ME, Carrera-Bastos P, Santos-Lozano A, Valenzuela PL, Fiuza-Luces C, Radom-Aizik S, Lucia A.",Trends in endocrinology and metabolism: TEM,2026,journal article; research-article; review,false,false,2,,,https://europepmc.org/article/MED/40784868,"(""N-Lactoyl phenylalanine"" OR ""Lac-Phe"" OR ""N-lactoylphenylalanine"" OR ""lactoylphenylalanine"" OR ""N-lactoyl-phenylalanine"")",https://www.ebi.ac.uk/europepmc/webservices/rest/search?query=%28%22N-Lactoyl+phenylalanine%22+OR+%22Lac-Phe%22+OR+%22N-lactoylphenylalanine%22+OR+%22lactoylphenylalanine%22+OR+%22N-lactoyl-phenylalanine%22%29&format=json&resultType=core&pageSize=100&cursorMark=AoIIQG6ytCg1MTU3MDY0Nw%3D%3D,europe_pmc_rest_search
doi:10.1017/erm.2022.13,europe_pmc,MED,10.1017/erm.2022.13,35379367,PMC9884789,,Systematic review of preterm birth multi-omic biomarker studies,"Gupta JK, Alfirevic A.",Expert reviews in molecular medicine,2022,journal article; review; review-article,false,true,20,,,https://europepmc.org/article/MED/35379367,"(""N-Lactoyl phenylalanine"" OR ""Lac-Phe"" OR ""N-lactoylphenylalanine"" OR ""lactoylphenylalanine"" OR ""N-lactoyl-phenylalanine"")",https://www.ebi.ac.uk/europepmc/webservices/rest/search?query=%28%22N-Lactoyl+phenylalanine%22+OR+%22Lac-Phe%22+OR+%22N-lactoylphenylalanine%22+OR+%22lactoylphenylalanine%22+OR+%22N-lactoyl-phenylalanine%22%29&format=json&resultType=core&pageSize=100&cursorMark=AoIIP8mECig1MzA0MzQ4OA%3D%3D,europe_pmc_rest_search
doi:10.1021/acs.analchem.1c04360,europe_pmc,MED,10.1021/acs.analchem.1c04360,34806875,PMC8756394,,"Serum Colorectal Cancer Biomarkers Unraveled by NMR Metabolomics: Past, Present, and Future","Salmerón AM, Tristán AI, Abreu AC, Fernández I.",Analytical chemistry,2022,"journal article; research support, non-u.s. gov't; review-article",false,true,13,,,https://europepmc.org/article/MED/34806875,"(""N-Lactoyl phenylalanine"" OR ""Lac-Phe"" OR ""N-lactoylphenylalanine"" OR ""lactoylphenylalanine"" OR ""N-lactoyl-phenylalanine"")",https://www.ebi.ac.uk/europepmc/webservices/rest/search?query=%28%22N-Lactoyl+phenylalanine%22+OR+%22Lac-Phe%22+OR+%22N-lactoylphenylalanine%22+OR+%22lactoylphenylalanine%22+OR+%22N-lactoyl-phenylalanine%22%29&format=json&resultType=core&pageSize=100&cursorMark=AoIIP8mECig1MzA0MzQ4OA%3D%3D,europe_pmc_rest_search
doi:10.1021/acs.analchem.3c03620,europe_pmc,MED,10.1021/acs.analchem.3c03620,38236168,PMC10831794,,MARS: A Multipurpose Software for Untargeted LC-MS-Based Metabolomics and Exposomics,"Goracci L, Tiberi P, Di Bona S, Bonciarelli S, Passeri GI, Piroddi M, Moretti S, Volpi C, Zamora I, Cruciani G.",Analytical chemistry,2024,journal article; research-article,false,true,2,,,https://europepmc.org/article/MED/38236168,"(""N-Lactoyl phenylalanine"" OR ""Lac-Phe"" OR ""N-lactoylphenylalanine"" OR ""lactoylphenylalanine"" OR ""N-lactoyl-phenylalanine"")",https://www.ebi.ac.uk/europepmc/webservices/rest/search?query=%28%22N-Lactoyl+phenylalanine%22+OR+%22Lac-Phe%22+OR+%22N-lactoylphenylalanine%22+OR+%22lactoylphenylalanine%22+OR+%22N-lactoyl-phenylalanine%22%29&format=json&resultType=core&pageSize=100&cursorMark=AoIIQG6ytCg1MTU3MDY0Nw%3D%3D,europe_pmc_rest_search
doi:10.1021/acs.analchem.5c07657.s001,crossref,component,10.1021/acs.analchem.5c07657.s001,,,,Discovery of Novel Lactoyl-Metabolites by Integrating Chemical Isotope Labeling and Knowledge-Based Prediction,,,None,component,false,,,,,https://doi.org/10.1021/acs.analchem.5c07657.s001,N-Lactoyl phenylalanine,https://api.crossref.org/works?query.bibliographic=N-Lactoyl+phenylalanine&rows=50&sort=relevance,crossref_rest_works
doi:10.1021/acs.analchem.5c07657.s001,crossref,component,10.1021/acs.analchem.5c07657.s001,,,,Discovery of Novel Lactoyl-Metabolites by Integrating Chemical Isotope Labeling and Knowledge-Based Prediction,,,None,component,false,,,,,https://doi.org/10.1021/acs.analchem.5c07657.s001,N-lactoyl-phenylalanine,https://api.crossref.org/works?query.bibliographic=N-lactoyl-phenylalanine&rows=50&sort=relevance,crossref_rest_works
doi:10.1021/acs.jafc.2c00530,crossref,journal-article,10.1021/acs.jafc.2c00530,,,,Preparation and Taste Characteristics of Kokumi N -Lactoyl Phenylalanine in the Presence of Phenylalanine and Lactate,"Wu J, Gao J, Lin J, Cui C, Li L, He S, Brennan C",Journal of Agricultural and Food Chemistry,2022,journal-article,false,,54,,,https://doi.org/10.1021/acs.jafc.2c00530,N-Lactoyl phenylalanine,https://api.crossref.org/works?query.bibliographic=N-Lactoyl+phenylalanine&rows=50&sort=relevance,crossref_rest_works
doi:10.1021/acs.jafc.2c00530,crossref,journal-article,10.1021/acs.jafc.2c00530,,,,Preparation and Taste Characteristics of Kokumi N -Lactoyl Phenylalanine in the Presence of Phenylalanine and Lactate,"Wu J, Gao J, Lin J, Cui C, Li L, He S, Brennan C",Journal of Agricultural and Food Chemistry,2022,journal-article,false,,54,,,https://doi.org/10.1021/acs.jafc.2c00530,N-lactoyl-phenylalanine,https://api.crossref.org/works?query.bibliographic=N-lactoyl-phenylalanine&rows=50&sort=relevance,crossref_rest_works
doi:10.1021/acs.jafc.3c04632,europe_pmc,MED,10.1021/acs.jafc.3c04632,38189273,PMC10797616,,Inoculation of Newborn Lambs with Ruminal Solids Derived from Adult Goats Reprograms the Development of Gut Microbiota and Serum Metabolome and Favors Growth Performance,"Fu L, Liu L, Zhang L, Hu Y, Zeng Y, Ran Q, Zhou Y, Zhou P, Chen J, Loor JJ, Wang G, Dong X.",Journal of agricultural and food chemistry,2024,journal article; research-article,false,true,5,,,https://europepmc.org/article/MED/38189273,"(""N-Lactoyl phenylalanine"" OR ""Lac-Phe"" OR ""N-lactoylphenylalanine"" OR ""lactoylphenylalanine"" OR ""N-lactoyl-phenylalanine"")",https://www.ebi.ac.uk/europepmc/webservices/rest/search?query=%28%22N-Lactoyl+phenylalanine%22+OR+%22Lac-Phe%22+OR+%22N-lactoylphenylalanine%22+OR+%22lactoylphenylalanine%22+OR+%22N-lactoyl-phenylalanine%22%29&format=json&resultType=core&pageSize=100&cursorMark=AoIIP8mECig1MzA0MzQ4OA%3D%3D,europe_pmc_rest_search
doi:10.1021/acs.jafc.4c04849,europe_pmc,MED,10.1021/acs.jafc.4c04849,39214666,PMC11403612,,Preparation and Preclinical Characterization of a Simple Ester for Dual Exogenous Supply of Lactate and Beta-hydroxybutyrate,"Ottosen RN, Seefeldt JM, Hansen J, Nielsen R, Møller N, Johannsen M, Poulsen TB.",Journal of agricultural and food chemistry,2024,journal article; research-article,false,true,7,,,https://europepmc.org/article/MED/39214666,"(""N-Lactoyl phenylalanine"" OR ""Lac-Phe"" OR ""N-lactoylphenylalanine"" OR ""lactoylphenylalanine"" OR ""N-lactoyl-phenylalanine"")",https://www.ebi.ac.uk/europepmc/webservices/rest/search?query=%28%22N-Lactoyl+phenylalanine%22+OR+%22Lac-Phe%22+OR+%22N-lactoylphenylalanine%22+OR+%22lactoylphenylalanine%22+OR+%22N-lactoyl-phenylalanine%22%29&format=json&resultType=core&pageSize=100&cursorMark=AoIIQG6ytCg1MTU3MDY0Nw%3D%3D,europe_pmc_rest_search
doi:10.1021/acs.jafc.4c07158,crossref,journal-article,10.1021/acs.jafc.4c07158,,,,Comparative Analysis of N -Lactoyl-phenylalanine and 3-Phenyllactic Acid Production in Lactic Acid Bacteria from Kimchi: Metabolic Insights and Influencing Factors,"Kim H, Jung S, Kim M, Jeong J, Hwang I, Lee J",Journal of Agricultural and Food Chemistry,2024,journal-article,false,,9,,,https://doi.org/10.1021/acs.jafc.4c07158,N-Lactoyl phenylalanine,https://api.crossref.org/works?query.bibliographic=N-Lactoyl+phenylalanine&rows=50&sort=relevance,crossref_rest_works
doi:10.1021/acs.jafc.4c07158,crossref,journal-article,10.1021/acs.jafc.4c07158,,,,Comparative Analysis of N -Lactoyl-phenylalanine and 3-Phenyllactic Acid Production in Lactic Acid Bacteria from Kimchi: Metabolic Insights and Influencing Factors,"Kim H, Jung S, Kim M, Jeong J, Hwang I, Lee J",Journal of Agricultural and Food Chemistry,2024,journal-article,false,,9,,,https://doi.org/10.1021/acs.jafc.4c07158,N-lactoyl-phenylalanine,https://api.crossref.org/works?query.bibliographic=N-lactoyl-phenylalanine&rows=50&sort=relevance,crossref_rest_works
doi:10.1021/acs.jafc.4c07158,europe_pmc,MED,10.1021/acs.jafc.4c07158,39606886,,,Comparative Analysis of N -Lactoyl-phenylalanine and 3-Phenyllactic Acid Production in Lactic Acid Bacteria from Kimchi: Metabolic Insights and Influencing Factors,"Kim HS, Jung S, Kim MJ, Jeong JY, Hwang IM, Lee JH.",Journal of agricultural and food chemistry,2024,comparative study; journal article,false,false,5,,,https://europepmc.org/article/MED/39606886,"(""N-Lactoyl phenylalanine"" OR ""Lac-Phe"" OR ""N-lactoylphenylalanine"" OR ""lactoylphenylalanine"" OR ""N-lactoyl-phenylalanine"")",https://www.ebi.ac.uk/europepmc/webservices/rest/search?query=%28%22N-Lactoyl+phenylalanine%22+OR+%22Lac-Phe%22+OR+%22N-lactoylphenylalanine%22+OR+%22lactoylphenylalanine%22+OR+%22N-lactoyl-phenylalanine%22%29&format=json&resultType=core&pageSize=100&cursorMark=%2A,europe_pmc_rest_search
doi:10.1021/acs.jafc.5c09731,europe_pmc,MED,10.1021/acs.jafc.5c09731,41123099,,,"Improving the Taste of Low-Salt Soy Sauce by Acid-Acyl Amino Acids: Sensory Characterization, Biosynthesis, and Molecular Mechanisms","Zhou X, Guo T, Li T, Sun Y, Sun B, Yao Y, Dong B, Zhao GZ.",Journal of agricultural and food chemistry,2025,journal article,false,false,,,,https://europepmc.org/article/MED/41123099,"(""N-Lactoyl phenylalanine"" OR ""Lac-Phe"" OR ""N-lactoylphenylalanine"" OR ""lactoylphenylalanine"" OR ""N-lactoyl-phenylalanine"")",https://www.ebi.ac.uk/europepmc/webservices/rest/search?query=%28%22N-Lactoyl+phenylalanine%22+OR+%22Lac-Phe%22+OR+%22N-lactoylphenylalanine%22+OR+%22lactoylphenylalanine%22+OR+%22N-lactoyl-phenylalanine%22%29&format=json&resultType=core&pageSize=100&cursorMark=AoIIQG6ytCg1MTU3MDY0Nw%3D%3D,europe_pmc_rest_search
doi:10.1021/acs.jpcb.2c08576.s001,crossref,component,10.1021/acs.jpcb.2c08576.s001,,,,"Self-Assembly of Phenylalanine-Leucine, Leucine-Phenylalanine and Cyclo(-leucine-phenylalanine) Dipeptides through Simulations and Experiments",,,None,component,false,,,,,https://doi.org/10.1021/acs.jpcb.2c08576.s001,N-Lactoyl phenylalanine,https://api.crossref.org/works?query.bibliographic=N-Lactoyl+phenylalanine&rows=50&sort=relevance,crossref_rest_works
doi:10.1021/acs.jpcb.2c08576.s001,crossref,component,10.1021/acs.jpcb.2c08576.s001,,,,"Self-Assembly of Phenylalanine-Leucine, Leucine-Phenylalanine and Cyclo(-leucine-phenylalanine) Dipeptides through Simulations and Experiments",,,None,component,false,,,,,https://doi.org/10.1021/acs.jpcb.2c08576.s001,N-lactoyl-phenylalanine,https://api.crossref.org/works?query.bibliographic=N-lactoyl-phenylalanine&rows=50&sort=relevance,crossref_rest_works
doi:10.1021/acsbiomaterials.0c00660.s001,crossref,component,10.1021/acsbiomaterials.0c00660.s001,,,,Self-Assembled Fmoc-Arg-Phe-Phe Peptide Gels with Highly Potent Bactericidal Activities,,,None,component,false,,,,,https://doi.org/10.1021/acsbiomaterials.0c00660.s001,Lac-Phe,https://api.crossref.org/works?query.bibliographic=Lac-Phe&rows=50&sort=relevance,crossref_rest_works
doi:10.1021/acscatal.6b01495.s001,crossref,component,10.1021/acscatal.6b01495.s001,,,,Ground-State Destabilization by Phe-448 and Phe-449 Contributes to Tyrosine Phenol-Lyase Catalysis,,,None,component,false,,,,,https://doi.org/10.1021/acscatal.6b01495.s001,Lac-Phe,https://api.crossref.org/works?query.bibliographic=Lac-Phe&rows=50&sort=relevance,crossref_rest_works
doi:10.1021/acsnano.0c06041.s001,crossref,component,10.1021/acsnano.0c06041.s001,,,,Heterochirality and Halogenation Control Phe-Phe Hierarchical Assembly,,,None,component,false,,,,,https://doi.org/10.1021/acsnano.0c06041.s001,Lac-Phe,https://api.crossref.org/works?query.bibliographic=Lac-Phe&rows=50&sort=relevance,crossref_rest_works
doi:10.1021/acsomega.2c06351,crossref,journal-article,10.1021/acsomega.2c06351,,,,"Importance of Solvent-Bridged Structures of Fluorinated Diphenylalanines: Synthesis, Detailed NMR Analysis, and Rotational Profiles of Phe(2-F)-Phe(2-F), Phe(2-F)-Phe, and Phe-Phe(2-F)","Yang K, Gallazzi F, Arens C, Glaser R",ACS Omega,2022,journal-article,false,,4,,,https://doi.org/10.1021/acsomega.2c06351,Lac-Phe,https://api.crossref.org/works?query.bibliographic=Lac-Phe&rows=50&sort=relevance,crossref_rest_works
doi:10.1021/acsomega.2c06351.s001,crossref,component,10.1021/acsomega.2c06351.s001,,,,"Importance of Solvent-Bridged Structures of Fluorinated Diphenylalanines: Synthesis, Detailed NMR Analysis, and Rotational Profiles of Phe(2-F)-Phe(2-F), Phe(2-F)-Phe, and Phe-Phe(2-F)",,,None,component,false,,,,,https://doi.org/10.1021/acsomega.2c06351.s001,Lac-Phe,https://api.crossref.org/works?query.bibliographic=Lac-Phe&rows=50&sort=relevance,crossref_rest_works
doi:10.1038/s41392-024-01841-0,europe_pmc,MED,10.1038/s41392-024-01841-0,38806473,PMC11133400,,Molecular insights of exercise therapy in disease prevention and treatment,"Walzik D, Wences Chirino TY, Zimmer P, Joisten N.",Signal transduction and targeted therapy,2024,journal article; review; review-article,false,true,27,,,https://europepmc.org/article/MED/38806473,"(""N-Lactoyl phenylalanine"" OR ""Lac-Phe"" OR ""N-lactoylphenylalanine"" OR ""lactoylphenylalanine"" OR ""N-lactoyl-phenylalanine"")",https://www.ebi.ac.uk/europepmc/webservices/rest/search?query=%28%22N-Lactoyl+phenylalanine%22+OR+%22Lac-Phe%22+OR+%22N-lactoylphenylalanine%22+OR+%22lactoylphenylalanine%22+OR+%22N-lactoyl-phenylalanine%22%29&format=json&resultType=core&pageSize=100&cursorMark=AoIIQG6ytCg1MTU3MDY0Nw%3D%3D,europe_pmc_rest_search
doi:10.1038/s41398-026-04106-2,europe_pmc,MED,10.1038/s41398-026-04106-2,42215433,,,Lac-Phe elicits anxiolytic-like effects associated with monoaminergic signaling in mice,"Suzuki S, Chiba K, Kanzaki H, Takahashi H, Yamazaki Y, Takahashi N, Naoi M, Kise R, Inoue A, Tsuzuki K, Seto Y, Nakamura TJ, Kaneko K.",Translational psychiatry,2026,journal article,false,false,,,,https://europepmc.org/article/MED/42215433,"(""N-Lactoyl phenylalanine"" OR ""Lac-Phe"" OR ""N-lactoylphenylalanine"" OR ""lactoylphenylalanine"" OR ""N-lactoyl-phenylalanine"")",https://www.ebi.ac.uk/europepmc/webservices/rest/search?query=%28%22N-Lactoyl+phenylalanine%22+OR+%22Lac-Phe%22+OR+%22N-lactoylphenylalanine%22+OR+%22lactoylphenylalanine%22+OR+%22N-lactoyl-phenylalanine%22%29&format=json&resultType=core&pageSize=100&cursorMark=%2A,europe_pmc_rest_search
doi:10.1038/s41419-024-07177-5,europe_pmc,MED,10.1038/s41419-024-07177-5,39500875,PMC11538437,,Metformin improves HPRT1-targeted purine metabolism and repairs NR4A1-mediated autophagic flux by modulating FoxO1 nucleocytoplasmic shuttling to treat postmenopausal osteoporosis,"Yang K, Wang X, Zhang C, Liu D, Tao L.",Cell death & disease,2024,journal article; research-article,false,true,15,,,https://europepmc.org/article/MED/39500875,"(""N-Lactoyl phenylalanine"" OR ""Lac-Phe"" OR ""N-lactoylphenylalanine"" OR ""lactoylphenylalanine"" OR ""N-lactoyl-phenylalanine"")",https://www.ebi.ac.uk/europepmc/webservices/rest/search?query=%28%22N-Lactoyl+phenylalanine%22+OR+%22Lac-Phe%22+OR+%22N-lactoylphenylalanine%22+OR+%22lactoylphenylalanine%22+OR+%22N-lactoyl-phenylalanine%22%29&format=json&resultType=core&pageSize=100&cursorMark=AoIIP8mECig1MzA0MzQ4OA%3D%3D,europe_pmc_rest_search
doi:10.1038/s41419-026-08791-1,europe_pmc,MED,10.1038/s41419-026-08791-1,42045164,PMC13254073,,The PM20D1-OLE pathway induces microglia rewiring to ameliorate Alzheimer disease,"Pozzi-Ruiz V, Giner de Gracia A, Glauser L, Romani M, Gunter-Rahman F, González-Ramón A, Haj-Yahya M, Kolla R, Burns AM, Lashuel HA, Auwerx J, Gräff J, Sanchez-Mut JV.",Cell death & disease,2026,journal article; research-article,false,true,,,,https://europepmc.org/article/MED/42045164,"(""N-Lactoyl phenylalanine"" OR ""Lac-Phe"" OR ""N-lactoylphenylalanine"" OR ""lactoylphenylalanine"" OR ""N-lactoyl-phenylalanine"")",https://www.ebi.ac.uk/europepmc/webservices/rest/search?query=%28%22N-Lactoyl+phenylalanine%22+OR+%22Lac-Phe%22+OR+%22N-lactoylphenylalanine%22+OR+%22lactoylphenylalanine%22+OR+%22N-lactoyl-phenylalanine%22%29&format=json&resultType=core&pageSize=100&cursorMark=AoIIQG6ytCg1MTU3MDY0Nw%3D%3D,europe_pmc_rest_search
doi:10.1038/s41467-024-51174-3,crossref,journal-article,10.1038/s41467-024-51174-3,,,,SLC17A1/3 transporters mediate renal excretion of Lac-Phe in mice and humans,"Li V, Xiao S, Schlosser P, Scherer N, Wiggenhorn A, Spaas J, Tung A, Karoly E, Köttgen A, Long J",Nature Communications,2024,journal-article,false,,11,,,https://doi.org/10.1038/s41467-024-51174-3,Lac-Phe,https://api.crossref.org/works?query.bibliographic=Lac-Phe&rows=50&sort=relevance,crossref_rest_works
doi:10.1038/s41467-024-51174-3,europe_pmc,MED,10.1038/s41467-024-51174-3,39134528,PMC11319466,,SLC17A1/3 transporters mediate renal excretion of Lac-Phe in mice and humans,"Li VL, Xiao S, Schlosser P, Scherer N, Wiggenhorn AL, Spaas J, Tung AS, Karoly ED, Köttgen A, Long JZ.",Nature communications,2024,"journal article; research support, n.i.h., extramural; research support, non-u.s. gov't; research-article",false,true,11,,,https://europepmc.org/article/MED/39134528,"(""N-Lactoyl phenylalanine"" OR ""Lac-Phe"" OR ""N-lactoylphenylalanine"" OR ""lactoylphenylalanine"" OR ""N-lactoyl-phenylalanine"")",https://www.ebi.ac.uk/europepmc/webservices/rest/search?query=%28%22N-Lactoyl+phenylalanine%22+OR+%22Lac-Phe%22+OR+%22N-lactoylphenylalanine%22+OR+%22lactoylphenylalanine%22+OR+%22N-lactoyl-phenylalanine%22%29&format=json&resultType=core&pageSize=100&cursorMark=%2A,europe_pmc_rest_search
doi:10.1038/s41522-025-00793-9,europe_pmc,MED,10.1038/s41522-025-00793-9,40764512,PMC12325933,,Genomic insights and metabolic profiling of gut commensal Luoshenia tenuis at strain level,"Sun XW, Huang HJ, Zhao YZ, Chen HY, Wang CY, Zhou Z, Jiang Y, Han RY, Jiang H, Liu C, Liu SJ.",NPJ biofilms and microbiomes,2025,journal article; research-article,false,true,,,,https://europepmc.org/article/MED/40764512,"(""N-Lactoyl phenylalanine"" OR ""Lac-Phe"" OR ""N-lactoylphenylalanine"" OR ""lactoylphenylalanine"" OR ""N-lactoyl-phenylalanine"")",https://www.ebi.ac.uk/europepmc/webservices/rest/search?query=%28%22N-Lactoyl+phenylalanine%22+OR+%22Lac-Phe%22+OR+%22N-lactoylphenylalanine%22+OR+%22lactoylphenylalanine%22+OR+%22N-lactoyl-phenylalanine%22%29&format=json&resultType=core&pageSize=100&cursorMark=AoIIP8mECig1MzA0MzQ4OA%3D%3D,europe_pmc_rest_search
doi:10.1038/s41574-024-00986-w,crossref,journal-article,10.1038/s41574-024-00986-w,,,,Metformin acts through appetite-suppressing metabolite: Lac-Phe,Starling S,Nature Reviews Endocrinology,2024,journal-article,false,,2,,,https://doi.org/10.1038/s41574-024-00986-w,Lac-Phe,https://api.crossref.org/works?query.bibliographic=Lac-Phe&rows=50&sort=relevance,crossref_rest_works
doi:10.1038/s41574-024-00986-w,europe_pmc,MED,10.1038/s41574-024-00986-w,38565678,,,Metformin acts through appetite-suppressing metabolite: Lac-Phe,Starling S.,Nature reviews. Endocrinology,2024,news,false,false,1,,,https://europepmc.org/article/MED/38565678,"(""N-Lactoyl phenylalanine"" OR ""Lac-Phe"" OR ""N-lactoylphenylalanine"" OR ""lactoylphenylalanine"" OR ""N-lactoyl-phenylalanine"")",https://www.ebi.ac.uk/europepmc/webservices/rest/search?query=%28%22N-Lactoyl+phenylalanine%22+OR+%22Lac-Phe%22+OR+%22N-lactoylphenylalanine%22+OR+%22lactoylphenylalanine%22+OR+%22N-lactoyl-phenylalanine%22%29&format=json&resultType=core&pageSize=100&cursorMark=%2A,europe_pmc_rest_search
doi:10.1038/s41580-023-00606-x,europe_pmc,MED,10.1038/s41580-023-00606-x,37225892,PMC10527431,,Exercise metabolism and adaptation in skeletal muscle,"Smith JAB, Murach KA, Dyar KA, Zierath JR.",Nature reviews. Molecular cell biology,2023,"journal article; research support, n.i.h., extramural; research support, non-u.s. gov't; research-article; review",false,false,204,,,https://europepmc.org/article/MED/37225892,"(""N-Lactoyl phenylalanine"" OR ""Lac-Phe"" OR ""N-lactoylphenylalanine"" OR ""lactoylphenylalanine"" OR ""N-lactoyl-phenylalanine"")",https://www.ebi.ac.uk/europepmc/webservices/rest/search?query=%28%22N-Lactoyl+phenylalanine%22+OR+%22Lac-Phe%22+OR+%22N-lactoylphenylalanine%22+OR+%22lactoylphenylalanine%22+OR+%22N-lactoyl-phenylalanine%22%29&format=json&resultType=core&pageSize=100&cursorMark=AoIIP8mECig1MzA0MzQ4OA%3D%3D,europe_pmc_rest_search
doi:10.1038/s41586-022-04828-5,europe_pmc,MED,10.1038/s41586-022-04828-5,35705806,PMC9767481,,An exercise-inducible metabolite that suppresses feeding and obesity,"Li VL, He Y, Contrepois K, Liu H, Kim JT, Kim JT, Wiggenhorn AL, Tanzo JT, Tung AS, Lyu X, Zushin PH, Jansen RS, Michael B, Loh KY, Yang AC, Carl CS, Voldstedlund CT, Wei W, Terrell SM, Moeller BC, Arthur RM, Wallis GA, van de Wetering K, Stahl A, Kiens B, Richter EA, Banik SM, Snyder MP, Xu Y, Long JZ.",Nature,2022,journal article; research-article,false,false,251,,,https://europepmc.org/article/MED/35705806,"(""N-Lactoyl phenylalanine"" OR ""Lac-Phe"" OR ""N-lactoylphenylalanine"" OR ""lactoylphenylalanine"" OR ""N-lactoyl-phenylalanine"")",https://www.ebi.ac.uk/europepmc/webservices/rest/search?query=%28%22N-Lactoyl+phenylalanine%22+OR+%22Lac-Phe%22+OR+%22N-lactoylphenylalanine%22+OR+%22lactoylphenylalanine%22+OR+%22N-lactoyl-phenylalanine%22%29&format=json&resultType=core&pageSize=100&cursorMark=%2A,europe_pmc_rest_search
doi:10.1038/s41586-025-08588-w,europe_pmc,MED,10.1038/s41586-025-08588-w,39972131,PMC11981941,,Cooperative nutrient scavenging is an evolutionary advantage in cancer,"Guzelsoy G, Elorza SD, Ros M, Schachtner LT, Hayashi M, Hobson-Gutierrez S, Rundstrom P, Brunner JS, Pillai R, Walkowicz WE, Finley LWS, Deforet M, Papagiannakopoulos T, Carmona-Fontaine C.",Nature,2025,"journal article; research support, n.i.h., extramural; research-article",false,true,23,,,https://europepmc.org/article/MED/39972131,"(""N-Lactoyl phenylalanine"" OR ""Lac-Phe"" OR ""N-lactoylphenylalanine"" OR ""lactoylphenylalanine"" OR ""N-lactoyl-phenylalanine"")",https://www.ebi.ac.uk/europepmc/webservices/rest/search?query=%28%22N-Lactoyl+phenylalanine%22+OR+%22Lac-Phe%22+OR+%22N-lactoylphenylalanine%22+OR+%22lactoylphenylalanine%22+OR+%22N-lactoyl-phenylalanine%22%29&format=json&resultType=core&pageSize=100&cursorMark=AoIIQG6ytCg1MTU3MDY0Nw%3D%3D,europe_pmc_rest_search
doi:10.1038/s41589-025-01909-0,europe_pmc,MED,10.1038/s41589-025-01909-0,40437135,PMC12921598,,Reactivity-based metabolomics reveal cysteine has glyoxalase 1-like and glyoxalase 2-like activities,"Daniel Opfermann M, Bøgelund Søndergård M, Vase Bech L, Nielsen CB, Mahía A, Brinck Holt C, Wang T, Bisgaard Olesen S, Frisch K, Appel Østergaard J, Britz D, Lykke Nielsen K, Galligan JJ, Poulsen TB, Hansen J, Johannsen M.",Nature chemical biology,2025,journal article; research-article,false,false,6,,,https://europepmc.org/article/MED/40437135,"(""N-Lactoyl phenylalanine"" OR ""Lac-Phe"" OR ""N-lactoylphenylalanine"" OR ""lactoylphenylalanine"" OR ""N-lactoyl-phenylalanine"")",https://www.ebi.ac.uk/europepmc/webservices/rest/search?query=%28%22N-Lactoyl+phenylalanine%22+OR+%22Lac-Phe%22+OR+%22N-lactoylphenylalanine%22+OR+%22lactoylphenylalanine%22+OR+%22N-lactoyl-phenylalanine%22%29&format=json&resultType=core&pageSize=100&cursorMark=AoIIQG6ytCg1MTU3MDY0Nw%3D%3D,europe_pmc_rest_search
doi:10.1038/s41598-024-63282-7,europe_pmc,MED,10.1038/s41598-024-63282-7,38816541,PMC11139873,,"Transgenic female mice producing trans 10, cis 12-conjugated linoleic acid present excessive prostaglandin E2, adrenaline, corticosterone, glucagon, and FGF21","Rao Y, Liang LW, Li MJ, Wang YY, Wang BZ, Gou KM.",Scientific reports,2024,journal article; research-article,false,true,4,,,https://europepmc.org/article/MED/38816541,"(""N-Lactoyl phenylalanine"" OR ""Lac-Phe"" OR ""N-lactoylphenylalanine"" OR ""lactoylphenylalanine"" OR ""N-lactoyl-phenylalanine"")",https://www.ebi.ac.uk/europepmc/webservices/rest/search?query=%28%22N-Lactoyl+phenylalanine%22+OR+%22Lac-Phe%22+OR+%22N-lactoylphenylalanine%22+OR+%22lactoylphenylalanine%22+OR+%22N-lactoyl-phenylalanine%22%29&format=json&resultType=core&pageSize=100&cursorMark=AoIIP8mECig1MzA0MzQ4OA%3D%3D,europe_pmc_rest_search
doi:10.1038/s41598-024-71375-6,europe_pmc,MED,10.1038/s41598-024-71375-6,39237693,PMC11377417,,Blood based metabolic markers of glioma from pre-diagnosis to surgery,"Löding S, Antti H, Sjöberg RL, Melin B, Björkblom B.",Scientific reports,2024,journal article; research-article,false,true,3,,,https://europepmc.org/article/MED/39237693,"(""N-Lactoyl phenylalanine"" OR ""Lac-Phe"" OR ""N-lactoylphenylalanine"" OR ""lactoylphenylalanine"" OR ""N-lactoyl-phenylalanine"")",https://www.ebi.ac.uk/europepmc/webservices/rest/search?query=%28%22N-Lactoyl+phenylalanine%22+OR+%22Lac-Phe%22+OR+%22N-lactoylphenylalanine%22+OR+%22lactoylphenylalanine%22+OR+%22N-lactoyl-phenylalanine%22%29&format=json&resultType=core&pageSize=100&cursorMark=AoIIQG6ytCg1MTU3MDY0Nw%3D%3D,europe_pmc_rest_search
doi:10.1038/s41598-025-02944-6,europe_pmc,MED,10.1038/s41598-025-02944-6,40419683,PMC12106841,,"Profiling protein hydrolysis and amino acid metabolism in camel and bovine milk fermented by Lactobacillus helveticus, L. bulgaricus, and Streptococcus thermophilus","Warakaulle S, Ayyash MM, Kamal-Eldin A.",Scientific reports,2025,journal article; research-article,false,true,2,,,https://europepmc.org/article/MED/40419683,"(""N-Lactoyl phenylalanine"" OR ""Lac-Phe"" OR ""N-lactoylphenylalanine"" OR ""lactoylphenylalanine"" OR ""N-lactoyl-phenylalanine"")",https://www.ebi.ac.uk/europepmc/webservices/rest/search?query=%28%22N-Lactoyl+phenylalanine%22+OR+%22Lac-Phe%22+OR+%22N-lactoylphenylalanine%22+OR+%22lactoylphenylalanine%22+OR+%22N-lactoyl-phenylalanine%22%29&format=json&resultType=core&pageSize=100&cursorMark=AoIIQG6ytCg1MTU3MDY0Nw%3D%3D,europe_pmc_rest_search
doi:10.1038/s42003-023-05266-3,europe_pmc,MED,10.1038/s42003-023-05266-3,37653068,PMC10471702,,Plasma metabolomic profiling in two rabbit lines divergently selected for intramuscular fat content,"Zubiri-Gaitán A, Blasco A, Hernández P.",Communications biology,2023,"journal article; research support, non-u.s. gov't; research-article",false,true,7,,,https://europepmc.org/article/MED/37653068,"(""N-Lactoyl phenylalanine"" OR ""Lac-Phe"" OR ""N-lactoylphenylalanine"" OR ""lactoylphenylalanine"" OR ""N-lactoyl-phenylalanine"")",https://www.ebi.ac.uk/europepmc/webservices/rest/search?query=%28%22N-Lactoyl+phenylalanine%22+OR+%22Lac-Phe%22+OR+%22N-lactoylphenylalanine%22+OR+%22lactoylphenylalanine%22+OR+%22N-lactoyl-phenylalanine%22%29&format=json&resultType=core&pageSize=100&cursorMark=AoIIP8mECig1MzA0MzQ4OA%3D%3D,europe_pmc_rest_search
doi:10.1038/s42255-024-00999-9,europe_pmc,MED,10.1038/s42255-024-00999-9,38499766,PMC11062621,,Lac-Phe mediates the effects of metformin on food intake and body weight,"Xiao S, Li VL, Lyu X, Chen X, Wei W, Abbasi F, Knowles JW, Tung AS, Deng S, Tiwari G, Shi X, Zheng S, Farrell L, Chen ZZ, Taylor KD, Guo X, Goodarzi MO, Wood AC, Chen YI, Lange LA, Rich SS, Rotter JI, Clish CB, Tahir UA, Gerszten RE, Benson MD, Long JZ.",Nature metabolism,2024,"journal article; research support, n.i.h., extramural; research support, non-u.s. gov't; research-article",false,false,64,,,https://europepmc.org/article/MED/38499766,"(""N-Lactoyl phenylalanine"" OR ""Lac-Phe"" OR ""N-lactoylphenylalanine"" OR ""lactoylphenylalanine"" OR ""N-lactoyl-phenylalanine"")",https://www.ebi.ac.uk/europepmc/webservices/rest/search?query=%28%22N-Lactoyl+phenylalanine%22+OR+%22Lac-Phe%22+OR+%22N-lactoylphenylalanine%22+OR+%22lactoylphenylalanine%22+OR+%22N-lactoyl-phenylalanine%22%29&format=json&resultType=core&pageSize=100&cursorMark=%2A,europe_pmc_rest_search
doi:10.1038/s42255-024-01014-x,crossref,journal-article,10.1038/s42255-024-01014-x,,,,Metformin induces a Lac-Phe gut–brain signalling axis,TeSlaa T,Nature Metabolism,2024,journal-article,false,,7,,,https://doi.org/10.1038/s42255-024-01014-x,Lac-Phe,https://api.crossref.org/works?query.bibliographic=Lac-Phe&rows=50&sort=relevance,crossref_rest_works
doi:10.1038/s42255-024-01014-x,europe_pmc,MED,10.1038/s42255-024-01014-x,38499764,,,Metformin induces a Lac-Phe gut-brain signalling axis,TeSlaa T.,Nature metabolism,2024,"letter; research support, non-u.s. gov't",false,false,6,,,https://europepmc.org/article/MED/38499764,"(""N-Lactoyl phenylalanine"" OR ""Lac-Phe"" OR ""N-lactoylphenylalanine"" OR ""lactoylphenylalanine"" OR ""N-lactoyl-phenylalanine"")",https://www.ebi.ac.uk/europepmc/webservices/rest/search?query=%28%22N-Lactoyl+phenylalanine%22+OR+%22Lac-Phe%22+OR+%22N-lactoylphenylalanine%22+OR+%22lactoylphenylalanine%22+OR+%22N-lactoyl-phenylalanine%22%29&format=json&resultType=core&pageSize=100&cursorMark=%2A,europe_pmc_rest_search
doi:10.1038/s42255-024-01018-7,crossref,journal-article,10.1038/s42255-024-01018-7,,,,Metformin and feeding increase levels of the appetite-suppressing metabolite Lac-Phe in humans,"Scott B, Day E, O’Brien K, Scanlan J, Cromwell G, Scannail A, McDonnell M, Finlay D, Lynch L",Nature Metabolism,2024,journal-article,false,,75,,,https://doi.org/10.1038/s42255-024-01018-7,Lac-Phe,https://api.crossref.org/works?query.bibliographic=Lac-Phe&rows=50&sort=relevance,crossref_rest_works
doi:10.1038/s42255-024-01018-7,europe_pmc,MED,10.1038/s42255-024-01018-7,38499765,PMC11052712,,Metformin and feeding increase levels of the appetite-suppressing metabolite Lac-Phe in humans,"Scott B, Day EA, O'Brien KL, Scanlan J, Cromwell G, Scannail AN, McDonnell ME, Finlay DK, Lynch L.",Nature metabolism,2024,"journal article; research support, non-u.s. gov't; research-article",false,true,65,,,https://europepmc.org/article/MED/38499765,"(""N-Lactoyl phenylalanine"" OR ""Lac-Phe"" OR ""N-lactoylphenylalanine"" OR ""lactoylphenylalanine"" OR ""N-lactoyl-phenylalanine"")",https://www.ebi.ac.uk/europepmc/webservices/rest/search?query=%28%22N-Lactoyl+phenylalanine%22+OR+%22Lac-Phe%22+OR+%22N-lactoylphenylalanine%22+OR+%22lactoylphenylalanine%22+OR+%22N-lactoyl-phenylalanine%22%29&format=json&resultType=core&pageSize=100&cursorMark=%2A,europe_pmc_rest_search
doi:10.1038/s42255-025-01377-9,europe_pmc,MED,10.1038/s42255-025-01377-9,40957996,PMC13063381,,Lac-Phe induces hypophagia by inhibiting AgRP neurons in mice,"Liu H, Li VL, Liu Q, Liu Y, Su C, Wong H, Yin N, Liu H, Fang X, McDermott KM, Wong H, Yu M, Tu L, Bean JC, Li Y, Wang M, Deng Y, Shi Y, Ginnard OZ, Yang Y, Han J, Burt ME, Jossy SV, Wang C, Yang Y, Arenkiel BR, Kong D, He Y, Long JZ, Xu Y.",Nature metabolism,2025,journal article; research-article,false,false,7,,,https://europepmc.org/article/MED/40957996,"(""N-Lactoyl phenylalanine"" OR ""Lac-Phe"" OR ""N-lactoylphenylalanine"" OR ""lactoylphenylalanine"" OR ""N-lactoyl-phenylalanine"")",https://www.ebi.ac.uk/europepmc/webservices/rest/search?query=%28%22N-Lactoyl+phenylalanine%22+OR+%22Lac-Phe%22+OR+%22N-lactoylphenylalanine%22+OR+%22lactoylphenylalanine%22+OR+%22N-lactoyl-phenylalanine%22%29&format=json&resultType=core&pageSize=100&cursorMark=%2A,europe_pmc_rest_search
doi:10.1038/s42255-026-01530-y,europe_pmc,MED,10.1038/s42255-026-01530-y,42103929,PMC13303093,,Metformin inhibits mitochondrial complex I in intestinal epithelium to promote glycaemic control,"Sebo ZL, Chakrabarty RP, Grant RA, D'Alessandro KB, Koss AR, Blum JLE, Davidson SM, Reczek CR, Chandel NS.",Nature metabolism,2026,journal article; research-article,false,true,8,,,https://europepmc.org/article/MED/42103929,"(""N-Lactoyl phenylalanine"" OR ""Lac-Phe"" OR ""N-lactoylphenylalanine"" OR ""lactoylphenylalanine"" OR ""N-lactoyl-phenylalanine"")",https://www.ebi.ac.uk/europepmc/webservices/rest/search?query=%28%22N-Lactoyl+phenylalanine%22+OR+%22Lac-Phe%22+OR+%22N-lactoylphenylalanine%22+OR+%22lactoylphenylalanine%22+OR+%22N-lactoyl-phenylalanine%22%29&format=json&resultType=core&pageSize=100&cursorMark=AoIIQG6ytCg1MTU3MDY0Nw%3D%3D,europe_pmc_rest_search
doi:10.1038/s43856-026-01471-3,europe_pmc,MED,10.1038/s43856-026-01471-3,41760788,PMC13066627,,Metformin provides superior neuroprotective potential compared to semaglutide in preventing diabetes-associated Alzheimer's disease via dual actions,"Georgiou A, Zanos P, Onisiforou A.",Communications medicine,2026,journal article; research-article,false,true,,,,https://europepmc.org/article/MED/41760788,"(""N-Lactoyl phenylalanine"" OR ""Lac-Phe"" OR ""N-lactoylphenylalanine"" OR ""lactoylphenylalanine"" OR ""N-lactoyl-phenylalanine"")",https://www.ebi.ac.uk/europepmc/webservices/rest/search?query=%28%22N-Lactoyl+phenylalanine%22+OR+%22Lac-Phe%22+OR+%22N-lactoylphenylalanine%22+OR+%22lactoylphenylalanine%22+OR+%22N-lactoyl-phenylalanine%22%29&format=json&resultType=core&pageSize=100&cursorMark=AoIIQG6ytCg1MTU3MDY0Nw%3D%3D,europe_pmc_rest_search
doi:10.1038/s44321-026-00408-6,europe_pmc,MED,10.1038/s44321-026-00408-6,41942753,PMC13179383,,"The anti-obesogenic metabolite, Lac-Phe, is elevated by metformin treatment in prostate cancer patients","Bilusic M, Gannamedi DP, Challu B, Ferdous S, Mateo-Victoriano B, Pokharel S, Bayik D, Sharma J, Lombard DB, Rai P.",EMBO molecular medicine,2026,journal article; randomized controlled trial; research-article,false,true,,,,https://europepmc.org/article/MED/41942753,"(""N-Lactoyl phenylalanine"" OR ""Lac-Phe"" OR ""N-lactoylphenylalanine"" OR ""lactoylphenylalanine"" OR ""N-lactoyl-phenylalanine"")",https://www.ebi.ac.uk/europepmc/webservices/rest/search?query=%28%22N-Lactoyl+phenylalanine%22+OR+%22Lac-Phe%22+OR+%22N-lactoylphenylalanine%22+OR+%22lactoylphenylalanine%22+OR+%22N-lactoyl-phenylalanine%22%29&format=json&resultType=core&pageSize=100&cursorMark=%2A,europe_pmc_rest_search
doi:10.1039/d5an00262a/v1/review1,crossref,peer-review,10.1039/d5an00262a/v1/review1,,,,"Review for ""Broadband terahertz signatures and vibrations of Phe-Phe peptide and its fibrils""",,,2025,peer-review,false,,,,,https://doi.org/10.1039/d5an00262a/v1/review1,Lac-Phe,https://api.crossref.org/works?query.bibliographic=Lac-Phe&rows=50&sort=relevance,crossref_rest_works
doi:10.1039/d5an00262a/v1/review2,crossref,peer-review,10.1039/d5an00262a/v1/review2,,,,"Review for ""Broadband terahertz signatures and vibrations of Phe-Phe peptide and its fibrils""",,,2025,peer-review,false,,,,,https://doi.org/10.1039/d5an00262a/v1/review2,Lac-Phe,https://api.crossref.org/works?query.bibliographic=Lac-Phe&rows=50&sort=relevance,crossref_rest_works
doi:10.1039/d5an00262a/v2/review1,crossref,peer-review,10.1039/d5an00262a/v2/review1,,,,"Review for ""Broadband terahertz signatures and vibrations of Phe-Phe peptide and its fibrils""",,,2025,peer-review,false,,,,,https://doi.org/10.1039/d5an00262a/v2/review1,Lac-Phe,https://api.crossref.org/works?query.bibliographic=Lac-Phe&rows=50&sort=relevance,crossref_rest_works
doi:10.1042/bsr20220319,europe_pmc,MED,10.1042/bsr20220319,36124945,PMC9583763,,Serum metabolome alterations in patients with early nonalcoholic fatty liver disease,"Wang X, Rao B, Wang H, Liu C, Ren Z, Yu Z.",Bioscience reports,2022,"journal article; research support, non-u.s. gov't; research-article",false,true,9,,,https://europepmc.org/article/MED/36124945,"(""N-Lactoyl phenylalanine"" OR ""Lac-Phe"" OR ""N-lactoylphenylalanine"" OR ""lactoylphenylalanine"" OR ""N-lactoyl-phenylalanine"")",https://www.ebi.ac.uk/europepmc/webservices/rest/search?query=%28%22N-Lactoyl+phenylalanine%22+OR+%22Lac-Phe%22+OR+%22N-lactoylphenylalanine%22+OR+%22lactoylphenylalanine%22+OR+%22N-lactoyl-phenylalanine%22%29&format=json&resultType=core&pageSize=100&cursorMark=AoIIP8mECig1MzA0MzQ4OA%3D%3D,europe_pmc_rest_search
doi:10.1073/pnas.1424638112,europe_pmc,MED,10.1073/pnas.1424638112,25964343,PMC4450436,,N-lactoyl-amino acids are ubiquitous metabolites that originate from CNDP2-mediated reverse proteolysis of lactate and amino acids,"Jansen RS, Addie R, Merkx R, Fish A, Mahakena S, Bleijerveld OB, Altelaar M, IJlst L, Wanders RJ, Borst P, van de Wetering K.",Proceedings of the National Academy of Sciences of the United States of America,2015,"journal article; research support, non-u.s. gov't; research-article",false,false,143,,,https://europepmc.org/article/MED/25964343,"(""N-Lactoyl phenylalanine"" OR ""Lac-Phe"" OR ""N-lactoylphenylalanine"" OR ""lactoylphenylalanine"" OR ""N-lactoyl-phenylalanine"")",https://www.ebi.ac.uk/europepmc/webservices/rest/search?query=%28%22N-Lactoyl+phenylalanine%22+OR+%22Lac-Phe%22+OR+%22N-lactoylphenylalanine%22+OR+%22lactoylphenylalanine%22+OR+%22N-lactoyl-phenylalanine%22%29&format=json&resultType=core&pageSize=100&cursorMark=AoIIP8mECig1MzA0MzQ4OA%3D%3D,europe_pmc_rest_search
doi:10.1073/pnas.76.9.4530,europe_pmc,MED,10.1073/pnas.76.9.4530,159458,PMC411611,,Lactose genes fused to exogenous promoters in one step using a Mu-lac bacteriophage: in vivo probe for transcriptional control sequences,"Casadaban MJ, Cohen SN.",Proceedings of the National Academy of Sciences of the United States of America,1979,"journal article; research support, u.s. gov't, non-p.h.s.; research support, u.s. gov't, p.h.s.; research-article",false,false,719,,,https://europepmc.org/article/MED/159458,"(""N-Lactoyl phenylalanine"" OR ""Lac-Phe"" OR ""N-lactoylphenylalanine"" OR ""lactoylphenylalanine"" OR ""N-lactoyl-phenylalanine"")",https://www.ebi.ac.uk/europepmc/webservices/rest/search?query=%28%22N-Lactoyl+phenylalanine%22+OR+%22Lac-Phe%22+OR+%22N-lactoylphenylalanine%22+OR+%22lactoylphenylalanine%22+OR+%22N-lactoyl-phenylalanine%22%29&format=json&resultType=core&pageSize=100&cursorMark=AoIIP8mECig1MzA0MzQ4OA%3D%3D,europe_pmc_rest_search
doi:10.1073/pnas.78.11.7024,europe_pmc,MED,10.1073/pnas.78.11.7024,7031666,PMC349186,,Alternate pathways of DNA replication: DNA polymerase I-dependent replication,"Niwa O, Bryan SK, Moses RE.",Proceedings of the National Academy of Sciences of the United States of America,1981,"comparative study; journal article; research support, non-u.s. gov't; research support, u.s. gov't, p.h.s.; research-article",false,false,19,,,https://europepmc.org/article/MED/7031666,"(""N-Lactoyl phenylalanine"" OR ""Lac-Phe"" OR ""N-lactoylphenylalanine"" OR ""lactoylphenylalanine"" OR ""N-lactoyl-phenylalanine"")",https://www.ebi.ac.uk/europepmc/webservices/rest/search?query=%28%22N-Lactoyl+phenylalanine%22+OR+%22Lac-Phe%22+OR+%22N-lactoylphenylalanine%22+OR+%22lactoylphenylalanine%22+OR+%22N-lactoyl-phenylalanine%22%29&format=json&resultType=core&pageSize=100&cursorMark=AoIIP8mECig1MzA0MzQ4OA%3D%3D,europe_pmc_rest_search
doi:10.1073/pnas.78.8.4936,europe_pmc,MED,10.1073/pnas.78.8.4936,6946440,PMC320300,,Cloning and analysis of strong promoters is made possible by the downstream placement of a RNA termination signal,"Gentz R, Langner A, Chang AC, Cohen SN, Bujard H.",Proceedings of the National Academy of Sciences of the United States of America,1981,"journal article; research support, non-u.s. gov't; research support, u.s. gov't, p.h.s.; research-article",false,false,99,,,https://europepmc.org/article/MED/6946440,"(""N-Lactoyl phenylalanine"" OR ""Lac-Phe"" OR ""N-lactoylphenylalanine"" OR ""lactoylphenylalanine"" OR ""N-lactoyl-phenylalanine"")",https://www.ebi.ac.uk/europepmc/webservices/rest/search?query=%28%22N-Lactoyl+phenylalanine%22+OR+%22Lac-Phe%22+OR+%22N-lactoylphenylalanine%22+OR+%22lactoylphenylalanine%22+OR+%22N-lactoyl-phenylalanine%22%29&format=json&resultType=core&pageSize=100&cursorMark=AoIIP8mECig1MzA0MzQ4OA%3D%3D,europe_pmc_rest_search
doi:10.1073/pnas.82.9.3020,europe_pmc,MED,10.1073/pnas.82.9.3020,3857631,PMC397698,,Natural history of restricted synthesis and expression of measles virus genes in subacute sclerosing panencephalitis,"Haase AT, Gantz D, Eble B, Walker D, Stowring L, Ventura P, Blum H, Wietgrefe S, Zupancic M, Tourtellotte W.",Proceedings of the National Academy of Sciences of the United States of America,1985,"journal article; research support, non-u.s. gov't; research support, u.s. gov't, non-p.h.s.; research support, u.s. gov't, p.h.s.; research-article",false,false,31,,,https://europepmc.org/article/MED/3857631,"(""N-Lactoyl phenylalanine"" OR ""Lac-Phe"" OR ""N-lactoylphenylalanine"" OR ""lactoylphenylalanine"" OR ""N-lactoyl-phenylalanine"")",https://www.ebi.ac.uk/europepmc/webservices/rest/search?query=%28%22N-Lactoyl+phenylalanine%22+OR+%22Lac-Phe%22+OR+%22N-lactoylphenylalanine%22+OR+%22lactoylphenylalanine%22+OR+%22N-lactoyl-phenylalanine%22%29&format=json&resultType=core&pageSize=100&cursorMark=AoIIP8mECig1MzA0MzQ4OA%3D%3D,europe_pmc_rest_search
doi:10.1074/jbc.m115.692103,europe_pmc,MED,10.1074/jbc.m115.692103,26515061,PMC4683265,,ATP-binding Cassette Subfamily C Member 5 (ABCC5) Functions as an Efflux Transporter of Glutamate Conjugates and Analogs,"Jansen RS, Mahakena S, de Haas M, Borst P, van de Wetering K.",The Journal of biological chemistry,2015,journal article; research-article,false,false,53,,,https://europepmc.org/article/MED/26515061,"(""N-Lactoyl phenylalanine"" OR ""Lac-Phe"" OR ""N-lactoylphenylalanine"" OR ""lactoylphenylalanine"" OR ""N-lactoyl-phenylalanine"")",https://www.ebi.ac.uk/europepmc/webservices/rest/search?query=%28%22N-Lactoyl+phenylalanine%22+OR+%22Lac-Phe%22+OR+%22N-lactoylphenylalanine%22+OR+%22lactoylphenylalanine%22+OR+%22N-lactoyl-phenylalanine%22%29&format=json&resultType=core&pageSize=100&cursorMark=AoIIP8mECig1MzA0MzQ4OA%3D%3D,europe_pmc_rest_search
doi:10.1080/07435800.2025.2545832,europe_pmc,MED,10.1080/07435800.2025.2545832,40835231,PMC12477947,,"Blood metabolome of cardiovascular disease, diabetic kidney disease, and diabetic retinopathy in type 2 diabetes patients: A systematic review and meta-analysis","Kuo S, Li D, Wargny M, Yoshida T, Yoshida Y.",Endocrine research,2025,journal article; meta-analysis; research-article; systematic review,false,true,1,,,https://europepmc.org/article/MED/40835231,"(""N-Lactoyl phenylalanine"" OR ""Lac-Phe"" OR ""N-lactoylphenylalanine"" OR ""lactoylphenylalanine"" OR ""N-lactoyl-phenylalanine"")",https://www.ebi.ac.uk/europepmc/webservices/rest/search?query=%28%22N-Lactoyl+phenylalanine%22+OR+%22Lac-Phe%22+OR+%22N-lactoylphenylalanine%22+OR+%22lactoylphenylalanine%22+OR+%22N-lactoyl-phenylalanine%22%29&format=json&resultType=core&pageSize=100&cursorMark=AoIIP8mECig1MzA0MzQ4OA%3D%3D,europe_pmc_rest_search
doi:10.1080/14737159.2025.2518138,europe_pmc,MED,10.1080/14737159.2025.2518138,40482041,PMC12235611,,Primary open-angle glaucoma: a perspective from plasma metabolomics,"Dorairaj E, Arshavsky A, Bhattacharya SK.",Expert review of molecular diagnostics,2025,"journal article; research support, n.i.h., extramural; research-article; review",false,false,,,,https://europepmc.org/article/MED/40482041,"(""N-Lactoyl phenylalanine"" OR ""Lac-Phe"" OR ""N-lactoylphenylalanine"" OR ""lactoylphenylalanine"" OR ""N-lactoyl-phenylalanine"")",https://www.ebi.ac.uk/europepmc/webservices/rest/search?query=%28%22N-Lactoyl+phenylalanine%22+OR+%22Lac-Phe%22+OR+%22N-lactoylphenylalanine%22+OR+%22lactoylphenylalanine%22+OR+%22N-lactoyl-phenylalanine%22%29&format=json&resultType=core&pageSize=100&cursorMark=AoIIQG6ytCg1MTU3MDY0Nw%3D%3D,europe_pmc_rest_search
doi:10.1089/acm.2019.0447,europe_pmc,MED,10.1089/acm.2019.0447,32119795,PMC7153641,,A Public Health Issue: Dietary Supplements Promoted for Brain Health and Cognitive Performance,"Crawford C, Boyd C, Avula B, Wang YH, Khan IA, Deuster PA.","Journal of alternative and complementary medicine (New York, N.Y.)",2020,journal article; research-article; review,false,true,27,,,https://europepmc.org/article/MED/32119795,"(""N-Lactoyl phenylalanine"" OR ""Lac-Phe"" OR ""N-lactoylphenylalanine"" OR ""lactoylphenylalanine"" OR ""N-lactoyl-phenylalanine"")",https://www.ebi.ac.uk/europepmc/webservices/rest/search?query=%28%22N-Lactoyl+phenylalanine%22+OR+%22Lac-Phe%22+OR+%22N-lactoylphenylalanine%22+OR+%22lactoylphenylalanine%22+OR+%22N-lactoyl-phenylalanine%22%29&format=json&resultType=core&pageSize=100&cursorMark=AoIIP8mECig1MzA0MzQ4OA%3D%3D,europe_pmc_rest_search
doi:10.1093/emboj/cdf369,europe_pmc,MED,10.1093/emboj/cdf369,12110601,PMC126115,,Replication fork collapse at replication terminator sequences,"Bidnenko V, Ehrlich SD, Michel B.",The EMBO journal,2002,"journal article; research support, non-u.s. gov't; research-article",false,false,91,,,https://europepmc.org/article/MED/12110601,"(""N-Lactoyl phenylalanine"" OR ""Lac-Phe"" OR ""N-lactoylphenylalanine"" OR ""lactoylphenylalanine"" OR ""N-lactoyl-phenylalanine"")",https://www.ebi.ac.uk/europepmc/webservices/rest/search?query=%28%22N-Lactoyl+phenylalanine%22+OR+%22Lac-Phe%22+OR+%22N-lactoylphenylalanine%22+OR+%22lactoylphenylalanine%22+OR+%22N-lactoyl-phenylalanine%22%29&format=json&resultType=core&pageSize=100&cursorMark=AoIIP8mECig1MzA0MzQ4OA%3D%3D,europe_pmc_rest_search
doi:10.1093/genetics/118.4.571,europe_pmc,MED,10.1093/genetics/118.4.571,3284784,PMC1203312,,A mutation affecting the regulation of a secA-lacZ fusion defines a new sec gene,"Riggs PD, Derman AI, Beckwith J.",Genetics,1988,"journal article; research support, u.s. gov't, non-p.h.s.; research support, u.s. gov't, p.h.s.; research-article",false,false,118,,,https://europepmc.org/article/MED/3284784,"(""N-Lactoyl phenylalanine"" OR ""Lac-Phe"" OR ""N-lactoylphenylalanine"" OR ""lactoylphenylalanine"" OR ""N-lactoyl-phenylalanine"")",https://www.ebi.ac.uk/europepmc/webservices/rest/search?query=%28%22N-Lactoyl+phenylalanine%22+OR+%22Lac-Phe%22+OR+%22N-lactoylphenylalanine%22+OR+%22lactoylphenylalanine%22+OR+%22N-lactoyl-phenylalanine%22%29&format=json&resultType=core&pageSize=100&cursorMark=AoIIP8mECig1MzA0MzQ4OA%3D%3D,europe_pmc_rest_search
doi:10.1093/genetics/122.4.737,europe_pmc,MED,10.1093/genetics/122.4.737,2547692,PMC1203750,,Recombination between homologies in direct and inverse orientation in the chromosome of Salmonella: intervals which are nonpermissive for inversion formation,"Segall AM, Roth JR.",Genetics,1989,"journal article; research support, u.s. gov't, p.h.s.; research-article",false,false,23,,,https://europepmc.org/article/MED/2547692,"(""N-Lactoyl phenylalanine"" OR ""Lac-Phe"" OR ""N-lactoylphenylalanine"" OR ""lactoylphenylalanine"" OR ""N-lactoyl-phenylalanine"")",https://www.ebi.ac.uk/europepmc/webservices/rest/search?query=%28%22N-Lactoyl+phenylalanine%22+OR+%22Lac-Phe%22+OR+%22N-lactoylphenylalanine%22+OR+%22lactoylphenylalanine%22+OR+%22N-lactoyl-phenylalanine%22%29&format=json&resultType=core&pageSize=100&cursorMark=AoIIP8mECig1MzA0MzQ4OA%3D%3D,europe_pmc_rest_search
doi:10.1093/genetics/127.1.21,europe_pmc,MED,10.1093/genetics/127.1.21,2016043,PMC1204306,,Isolation and characterization of Escherichia coli mutants with altered rates of deletion formation,"Whoriskey SK, Schofield MA, Miller JH.",Genetics,1991,"journal article; research support, non-u.s. gov't; research support, u.s. gov't, p.h.s.; research-article",false,false,35,,,https://europepmc.org/article/MED/2016043,"(""N-Lactoyl phenylalanine"" OR ""Lac-Phe"" OR ""N-lactoylphenylalanine"" OR ""lactoylphenylalanine"" OR ""N-lactoyl-phenylalanine"")",https://www.ebi.ac.uk/europepmc/webservices/rest/search?query=%28%22N-Lactoyl+phenylalanine%22+OR+%22Lac-Phe%22+OR+%22N-lactoylphenylalanine%22+OR+%22lactoylphenylalanine%22+OR+%22N-lactoyl-phenylalanine%22%29&format=json&resultType=core&pageSize=100&cursorMark=AoIIP8mECig1MzA0MzQ4OA%3D%3D,europe_pmc_rest_search
doi:10.1093/hmg/ddaf152,europe_pmc,MED,10.1093/hmg/ddaf152,41015949,PMC12581823,,N-Lactoyl amino acids: insights from metabolite genome-wide association studies and phenome-wide association analysis,"Elashi AA, Razzaq A, Anwardeen N, Naja K, Alshafai M, Diboun I, Albagha O, Elrayess MA.",Human molecular genetics,2025,journal article; research-article,false,true,2,,,https://europepmc.org/article/MED/41015949,"(""N-Lactoyl phenylalanine"" OR ""Lac-Phe"" OR ""N-lactoylphenylalanine"" OR ""lactoylphenylalanine"" OR ""N-lactoyl-phenylalanine"")",https://www.ebi.ac.uk/europepmc/webservices/rest/search?query=%28%22N-Lactoyl+phenylalanine%22+OR+%22Lac-Phe%22+OR+%22N-lactoylphenylalanine%22+OR+%22lactoylphenylalanine%22+OR+%22N-lactoyl-phenylalanine%22%29&format=json&resultType=core&pageSize=100&cursorMark=%2A,europe_pmc_rest_search
doi:10.1093/jas/skag164,europe_pmc,MED,10.1093/jas/skag164,42166757,PMC13238733,,Bacillus cell‑free supernatants support canine epithelial barrier function and stress adaptation through anti-inflammatory and anti-apoptotic mechanisms,"Udrea AC, Larsen KB, Schwarzenberg A, Yde Bak S, Christensen N, Shen C.",Journal of animal science,2026,journal article; research-article,false,true,,,,https://europepmc.org/article/MED/42166757,"(""N-Lactoyl phenylalanine"" OR ""Lac-Phe"" OR ""N-lactoylphenylalanine"" OR ""lactoylphenylalanine"" OR ""N-lactoyl-phenylalanine"")",https://www.ebi.ac.uk/europepmc/webservices/rest/search?query=%28%22N-Lactoyl+phenylalanine%22+OR+%22Lac-Phe%22+OR+%22N-lactoylphenylalanine%22+OR+%22lactoylphenylalanine%22+OR+%22N-lactoyl-phenylalanine%22%29&format=json&resultType=core&pageSize=100&cursorMark=%2A,europe_pmc_rest_search
doi:10.1093/lifemeta/load048,europe_pmc,MED,10.1093/lifemeta/load048,38425548,PMC10904031,,Size matters: the biochemical logic of ligand type in endocrine crosstalk,"Lone JB, Long JZ, Svensson KJ.",Life metabolism,2024,journal article; research-article,false,false,2,,,https://europepmc.org/article/MED/38425548,"(""N-Lactoyl phenylalanine"" OR ""Lac-Phe"" OR ""N-lactoylphenylalanine"" OR ""lactoylphenylalanine"" OR ""N-lactoyl-phenylalanine"")",https://www.ebi.ac.uk/europepmc/webservices/rest/search?query=%28%22N-Lactoyl+phenylalanine%22+OR+%22Lac-Phe%22+OR+%22N-lactoylphenylalanine%22+OR+%22lactoylphenylalanine%22+OR+%22N-lactoyl-phenylalanine%22%29&format=json&resultType=core&pageSize=100&cursorMark=%2A,europe_pmc_rest_search
doi:10.1093/lifemeta/loag009,europe_pmc,MED,10.1093/lifemeta/loag009,42077264,PMC13131944,,Circadian biology and exercise: the time to move,"Zhang Z, Hawley JA, Li MD.",Life metabolism,2026,journal article; review; review-article,false,true,,,,https://europepmc.org/article/MED/42077264,"(""N-Lactoyl phenylalanine"" OR ""Lac-Phe"" OR ""N-lactoylphenylalanine"" OR ""lactoylphenylalanine"" OR ""N-lactoyl-phenylalanine"")",https://www.ebi.ac.uk/europepmc/webservices/rest/search?query=%28%22N-Lactoyl+phenylalanine%22+OR+%22Lac-Phe%22+OR+%22N-lactoylphenylalanine%22+OR+%22lactoylphenylalanine%22+OR+%22N-lactoyl-phenylalanine%22%29&format=json&resultType=core&pageSize=100&cursorMark=%2A,europe_pmc_rest_search
doi:10.1093/nar/5.5.1501,europe_pmc,MED,10.1093/nar/5.5.1501,351562,PMC342099,,The interconversion of conformers of phenylalanyl-tRNA with different affinity to 70S ribosomes of Escherichia coli,"Kirillov SV, Odinzov VB.",Nucleic acids research,1978,journal article; research-article,false,false,4,,,https://europepmc.org/article/MED/351562,"(""N-Lactoyl phenylalanine"" OR ""Lac-Phe"" OR ""N-lactoylphenylalanine"" OR ""lactoylphenylalanine"" OR ""N-lactoyl-phenylalanine"")",https://www.ebi.ac.uk/europepmc/webservices/rest/search?query=%28%22N-Lactoyl+phenylalanine%22+OR+%22Lac-Phe%22+OR+%22N-lactoylphenylalanine%22+OR+%22lactoylphenylalanine%22+OR+%22N-lactoyl-phenylalanine%22%29&format=json&resultType=core&pageSize=100&cursorMark=AoIIP8mECig1MzA0MzQ4OA%3D%3D,europe_pmc_rest_search
doi:10.1093/oxfordjournals.jbchem.a121901,crossref,journal-article,10.1093/oxfordjournals.jbchem.a121901,,,,Isomerization of 6-Lactoyl Tetraliydropterin by Sepiapterin Reductase1,"KATOH S, SUEOKA T",The Journal of Biochemistry,1987,journal-article,false,,20,,,https://doi.org/10.1093/oxfordjournals.jbchem.a121901,N-Lactoyl phenylalanine,https://api.crossref.org/works?query.bibliographic=N-Lactoyl+phenylalanine&rows=50&sort=relevance,crossref_rest_works
doi:10.1093/oxfordjournals.jbchem.a121901,crossref,journal-article,10.1093/oxfordjournals.jbchem.a121901,,,,Isomerization of 6-Lactoyl Tetraliydropterin by Sepiapterin Reductase1,"KATOH S, SUEOKA T",The Journal of Biochemistry,1987,journal-article,false,,20,,,https://doi.org/10.1093/oxfordjournals.jbchem.a121901,N-lactoyl-phenylalanine,https://api.crossref.org/works?query.bibliographic=N-lactoyl-phenylalanine&rows=50&sort=relevance,crossref_rest_works
doi:10.1098/rsob.200187/v1/review1,crossref,peer-review,10.1098/rsob.200187/v1/review1,,,,"Review for ""Quantification of lactoyl-CoA (lactyl-CoA) by liquid chromatography mass spectrometry in mammalian cells and tissues""",,,2020,peer-review,false,,,,,https://doi.org/10.1098/rsob.200187/v1/review1,N-Lactoyl phenylalanine,https://api.crossref.org/works?query.bibliographic=N-Lactoyl+phenylalanine&rows=50&sort=relevance,crossref_rest_works
doi:10.1098/rsob.200187/v1/review1,crossref,peer-review,10.1098/rsob.200187/v1/review1,,,,"Review for ""Quantification of lactoyl-CoA (lactyl-CoA) by liquid chromatography mass spectrometry in mammalian cells and tissues""",,,2020,peer-review,false,,,,,https://doi.org/10.1098/rsob.200187/v1/review1,N-lactoyl-phenylalanine,https://api.crossref.org/works?query.bibliographic=N-lactoyl-phenylalanine&rows=50&sort=relevance,crossref_rest_works
doi:10.1098/rsob.200187/v1/review2,crossref,peer-review,10.1098/rsob.200187/v1/review2,,,,"Review for ""Quantification of lactoyl-CoA (lactyl-CoA) by liquid chromatography mass spectrometry in mammalian cells and tissues""",,,2020,peer-review,false,,,,,https://doi.org/10.1098/rsob.200187/v1/review2,N-Lactoyl phenylalanine,https://api.crossref.org/works?query.bibliographic=N-Lactoyl+phenylalanine&rows=50&sort=relevance,crossref_rest_works
doi:10.1098/rsob.200187/v1/review2,crossref,peer-review,10.1098/rsob.200187/v1/review2,,,,"Review for ""Quantification of lactoyl-CoA (lactyl-CoA) by liquid chromatography mass spectrometry in mammalian cells and tissues""",,,2020,peer-review,false,,,,,https://doi.org/10.1098/rsob.200187/v1/review2,N-lactoyl-phenylalanine,https://api.crossref.org/works?query.bibliographic=N-lactoyl-phenylalanine&rows=50&sort=relevance,crossref_rest_works
doi:10.1098/rsob.250092,europe_pmc,MED,10.1098/rsob.250092,40763801,PMC12324885,,Brain amino acid sensing for organismal amino acid homeostasis,"Tsang AH, Samson L, Blouet C.",Open biology,2025,"journal article; research support, non-u.s. gov't; review; review-article",false,true,2,,,https://europepmc.org/article/MED/40763801,"(""N-Lactoyl phenylalanine"" OR ""Lac-Phe"" OR ""N-lactoylphenylalanine"" OR ""lactoylphenylalanine"" OR ""N-lactoyl-phenylalanine"")",https://www.ebi.ac.uk/europepmc/webservices/rest/search?query=%28%22N-Lactoyl+phenylalanine%22+OR+%22Lac-Phe%22+OR+%22N-lactoylphenylalanine%22+OR+%22lactoylphenylalanine%22+OR+%22N-lactoyl-phenylalanine%22%29&format=json&resultType=core&pageSize=100&cursorMark=AoIIQG6ytCg1MTU3MDY0Nw%3D%3D,europe_pmc_rest_search
doi:10.1101/2022.09.07.22279536,crossref,posted-content,10.1101/2022.09.07.22279536,,,medrxiv,Increased Levels of N-Lactoylphenylalanine After Exercise are Related to Adipose Tissue Loss During Endurance Training in Humans With Overweight and Obesity,"Hoene M, Zhao X, Machann J, Birkenfeld A, Heni M, Peter A, Niess A, Moller A, Lehmann R, Xu G, Weigert C",,2022,posted-content,true,,,10.3390/metabo13010015,2,https://doi.org/10.1101/2022.09.07.22279536,N-lactoylphenylalanine,https://api.crossref.org/works?query.bibliographic=N-lactoylphenylalanine&rows=50&sort=relevance,crossref_rest_works
doi:10.1101/2022.09.07.22279536,crossref,posted-content,10.1101/2022.09.07.22279536,,,medrxiv,Increased Levels of N-Lactoylphenylalanine After Exercise are Related to Adipose Tissue Loss During Endurance Training in Humans With Overweight and Obesity,"Hoene M, Zhao X, Machann J, Birkenfeld A, Heni M, Peter A, Niess A, Moller A, Lehmann R, Xu G, Weigert C",,2022,posted-content,true,,,10.3390/metabo13010015,2,https://doi.org/10.1101/2022.09.07.22279536,lactoylphenylalanine,https://api.crossref.org/works?query.bibliographic=lactoylphenylalanine&rows=50&sort=relevance,crossref_rest_works
doi:10.1101/2022.09.07.22279536,europe_pmc,PPR,10.1101/2022.09.07.22279536,,,medrxiv,Increased Levels of N-Lactoylphenylalanine After Exercise are Related to Adipose Tissue Loss During Endurance Training in Humans With Overweight and Obesity,"Hoene M, Zhao X, Machann J, Birkenfeld AL, Heni M, Peter A, Niess A, Moller A, Lehmann R, Xu G, Weigert C.",,2022,preprint,true,false,,10.3390/metabo13010015,2,https://europepmc.org/article/PPR/PPR541868,"(""N-Lactoyl phenylalanine"" OR ""Lac-Phe"" OR ""N-lactoylphenylalanine"" OR ""lactoylphenylalanine"" OR ""N-lactoyl-phenylalanine"")",https://www.ebi.ac.uk/europepmc/webservices/rest/search?query=%28%22N-Lactoyl+phenylalanine%22+OR+%22Lac-Phe%22+OR+%22N-lactoylphenylalanine%22+OR+%22lactoylphenylalanine%22+OR+%22N-lactoyl-phenylalanine%22%29&format=json&resultType=core&pageSize=100&cursorMark=%2A,europe_pmc_rest_search
doi:10.1101/2023.11.02.565321,europe_pmc,PPR,10.1101/2023.11.02.565321,,,biorxiv,Lac-Phe mediates the anti-obesity effect of metformin,"Xiao S, Li VL, Lyu X, Chen X, Wei W, Abbasi F, Knowles JW, Deng S, Tiwari G, Shi X, Zheng S, Farrell L, Chen Z, Taylor KD, Guo X, Goodarzi MO, Wood AC, Chen YI, Lange LA, Rich SS, Rotter JI, Clish CB, Tahir UA, Gerszten RE, Benson MD, Long JZ.",,2023,preprint,true,false,,,1,https://europepmc.org/article/PPR/PPR753566,"(""N-Lactoyl phenylalanine"" OR ""Lac-Phe"" OR ""N-lactoylphenylalanine"" OR ""lactoylphenylalanine"" OR ""N-lactoyl-phenylalanine"")",https://www.ebi.ac.uk/europepmc/webservices/rest/search?query=%28%22N-Lactoyl+phenylalanine%22+OR+%22Lac-Phe%22+OR+%22N-lactoylphenylalanine%22+OR+%22lactoylphenylalanine%22+OR+%22N-lactoyl-phenylalanine%22%29&format=json&resultType=core&pageSize=100&cursorMark=AoIIQG6ytCg1MTU3MDY0Nw%3D%3D,europe_pmc_rest_search
doi:10.1101/2024.04.18.589815,crossref,posted-content,10.1101/2024.04.18.589815,,,biorxiv,SLC17 transporters mediate renal excretion of Lac-Phe in mice and humans,"Li V, Xiao S, Schlosser P, Scherer N, Wiggenhorn A, Spaas J, Tung A, Karoly E, Köttgen A, Long J",,2024,posted-content,true,,,,1,https://doi.org/10.1101/2024.04.18.589815,Lac-Phe,https://api.crossref.org/works?query.bibliographic=Lac-Phe&rows=50&sort=relevance,crossref_rest_works
doi:10.1101/2024.04.18.589815,europe_pmc,PPR,10.1101/2024.04.18.589815,,,biorxiv,SLC17 transporters mediate renal excretion of Lac-Phe in mice and humans,"Li VL, Xiao S, Schlosser P, Scherer N, Wiggenhorn AL, Spaas J, Tung AS, Karoly ED, Köttgen A, Long JZ.",,2024,preprint,true,false,,,1,https://europepmc.org/article/PPR/PPR840139,"(""N-Lactoyl phenylalanine"" OR ""Lac-Phe"" OR ""N-lactoylphenylalanine"" OR ""lactoylphenylalanine"" OR ""N-lactoyl-phenylalanine"")",https://www.ebi.ac.uk/europepmc/webservices/rest/search?query=%28%22N-Lactoyl+phenylalanine%22+OR+%22Lac-Phe%22+OR+%22N-lactoylphenylalanine%22+OR+%22lactoylphenylalanine%22+OR+%22N-lactoyl-phenylalanine%22%29&format=json&resultType=core&pageSize=100&cursorMark=%2A,europe_pmc_rest_search
doi:10.1101/2024.12.16.24317793,europe_pmc,PPR,10.1101/2024.12.16.24317793,,,medrxiv,"The blood metabolome of cognitive function and brain health in middle-aged adults – influences of genes, gut microbiome, and exposome","Ahmad S, Wu T, Arnold M, Hankemeier T, Ghanbari M, Roshchupkin G, Uitterlinden AG, Neitzel J, Kraaij R, Van Duijn CM, Ikram MA, Kaddurah-Daouk R, Kastenmüller G, the Alzheimer’s Disease Metabolomics Consortium.",,2024,preprint,true,true,,,1,https://europepmc.org/article/PPR/PPR956091,"(""N-Lactoyl phenylalanine"" OR ""Lac-Phe"" OR ""N-lactoylphenylalanine"" OR ""lactoylphenylalanine"" OR ""N-lactoyl-phenylalanine"")",https://www.ebi.ac.uk/europepmc/webservices/rest/search?query=%28%22N-Lactoyl+phenylalanine%22+OR+%22Lac-Phe%22+OR+%22N-lactoylphenylalanine%22+OR+%22lactoylphenylalanine%22+OR+%22N-lactoyl-phenylalanine%22%29&format=json&resultType=core&pageSize=100&cursorMark=AoIIQG6ytCg1MTU3MDY0Nw%3D%3D,europe_pmc_rest_search
doi:10.1101/2025.10.02.678294,europe_pmc,PPR,10.1101/2025.10.02.678294,,,biorxiv,Metformin inhibits mitochondrial complex I in intestinal epithelium to promote glycemic control,"Sebo ZL, Chakrabarty RP, Grant RA, D’Alessandro KB, Koss AR, Blum JLE, Davidson SM, Reczek CR, Chandel NS.",,2025,preprint,true,false,,,1,https://europepmc.org/article/PPR/PPR1095512,"(""N-Lactoyl phenylalanine"" OR ""Lac-Phe"" OR ""N-lactoylphenylalanine"" OR ""lactoylphenylalanine"" OR ""N-lactoyl-phenylalanine"")",https://www.ebi.ac.uk/europepmc/webservices/rest/search?query=%28%22N-Lactoyl+phenylalanine%22+OR+%22Lac-Phe%22+OR+%22N-lactoylphenylalanine%22+OR+%22lactoylphenylalanine%22+OR+%22N-lactoyl-phenylalanine%22%29&format=json&resultType=core&pageSize=100&cursorMark=AoIIQG6ytCg1MTU3MDY0Nw%3D%3D,europe_pmc_rest_search
doi:10.1101/2025.10.22.683699,europe_pmc,PPR,10.1101/2025.10.22.683699,,,biorxiv,Exercise intensity modulates the human plasma secretome and interorgan communication,"Olsen L, Botella J, Barrows D, Romero E, Baird K, Katayama M, Kilic E, Peralta C, Sanford H, Farrell L, Axelrod CL, Plucińska K, Walker J, Yan L, Fredrickson K, Pourquie O, Robbins JM, Vinogradova EV, Kirwan JP, Zierath JR, Krook A, Gerszten RE, Bishop DJ, Cohen P.",,2025,preprint,true,true,,,1,https://europepmc.org/article/PPR/PPR1106168,"(""N-Lactoyl phenylalanine"" OR ""Lac-Phe"" OR ""N-lactoylphenylalanine"" OR ""lactoylphenylalanine"" OR ""N-lactoyl-phenylalanine"")",https://www.ebi.ac.uk/europepmc/webservices/rest/search?query=%28%22N-Lactoyl+phenylalanine%22+OR+%22Lac-Phe%22+OR+%22N-lactoylphenylalanine%22+OR+%22lactoylphenylalanine%22+OR+%22N-lactoyl-phenylalanine%22%29&format=json&resultType=core&pageSize=100&cursorMark=AoIIQG6ytCg1MTU3MDY0Nw%3D%3D,europe_pmc_rest_search
doi:10.1111/dom.16442,europe_pmc,MED,10.1111/dom.16442,40329646,PMC12094222,,Metformin use in prediabetes: A review of evidence and a focus on metabolic features among peri-menopausal women,"Lim BSY, Chen M, Li HY, Li LJ.","Diabetes, obesity & metabolism",2025,journal article; research-article; review,false,true,2,,,https://europepmc.org/article/MED/40329646,"(""N-Lactoyl phenylalanine"" OR ""Lac-Phe"" OR ""N-lactoylphenylalanine"" OR ""lactoylphenylalanine"" OR ""N-lactoyl-phenylalanine"")",https://www.ebi.ac.uk/europepmc/webservices/rest/search?query=%28%22N-Lactoyl+phenylalanine%22+OR+%22Lac-Phe%22+OR+%22N-lactoylphenylalanine%22+OR+%22lactoylphenylalanine%22+OR+%22N-lactoyl-phenylalanine%22%29&format=json&resultType=core&pageSize=100&cursorMark=AoIIQG6ytCg1MTU3MDY0Nw%3D%3D,europe_pmc_rest_search
doi:10.1111/dom.16633,europe_pmc,MED,10.1111/dom.16633,40693359,PMC12409262,,N-lactoyl amino acids are potential biomarkers for insulin resistance and diabetic complications,"Naja K, Elashi AA, Anwardeen N, Razzaq A, Hedaya L, Almuraikhy S, Diboun I, Suhre K, AlBagha O, Elrayess MA.","Diabetes, obesity & metabolism",2025,journal article; research-article,false,true,5,,,https://europepmc.org/article/MED/40693359,"(""N-Lactoyl phenylalanine"" OR ""Lac-Phe"" OR ""N-lactoylphenylalanine"" OR ""lactoylphenylalanine"" OR ""N-lactoyl-phenylalanine"")",https://www.ebi.ac.uk/europepmc/webservices/rest/search?query=%28%22N-Lactoyl+phenylalanine%22+OR+%22Lac-Phe%22+OR+%22N-lactoylphenylalanine%22+OR+%22lactoylphenylalanine%22+OR+%22N-lactoyl-phenylalanine%22%29&format=json&resultType=core&pageSize=100&cursorMark=%2A,europe_pmc_rest_search
doi:10.1111/dom.16633/v1/decision1,crossref,peer-review,10.1111/dom.16633/v1/decision1,,,,"Decision letter for ""N-lactoyl amino acids are potential biomarkers for insulin resistance and diabetic complications""",,,2025,peer-review,false,,,,,https://doi.org/10.1111/dom.16633/v1/decision1,N-Lactoyl phenylalanine,https://api.crossref.org/works?query.bibliographic=N-Lactoyl+phenylalanine&rows=50&sort=relevance,crossref_rest_works
doi:10.1111/dom.16633/v1/decision1,crossref,peer-review,10.1111/dom.16633/v1/decision1,,,,"Decision letter for ""N-lactoyl amino acids are potential biomarkers for insulin resistance and diabetic complications""",,,2025,peer-review,false,,,,,https://doi.org/10.1111/dom.16633/v1/decision1,N-lactoyl-phenylalanine,https://api.crossref.org/works?query.bibliographic=N-lactoyl-phenylalanine&rows=50&sort=relevance,crossref_rest_works
doi:10.1111/dom.16633/v1/review1,crossref,peer-review,10.1111/dom.16633/v1/review1,,,,"Review for ""N-lactoyl amino acids are potential biomarkers for insulin resistance and diabetic complications""",,,2025,peer-review,false,,,,,https://doi.org/10.1111/dom.16633/v1/review1,N-Lactoyl phenylalanine,https://api.crossref.org/works?query.bibliographic=N-Lactoyl+phenylalanine&rows=50&sort=relevance,crossref_rest_works
doi:10.1111/dom.16633/v1/review1,crossref,peer-review,10.1111/dom.16633/v1/review1,,,,"Review for ""N-lactoyl amino acids are potential biomarkers for insulin resistance and diabetic complications""",,,2025,peer-review,false,,,,,https://doi.org/10.1111/dom.16633/v1/review1,N-lactoyl-phenylalanine,https://api.crossref.org/works?query.bibliographic=N-lactoyl-phenylalanine&rows=50&sort=relevance,crossref_rest_works
doi:10.1111/dom.16633/v1/review2,crossref,peer-review,10.1111/dom.16633/v1/review2,,,,"Review for ""N-lactoyl amino acids are potential biomarkers for insulin resistance and diabetic complications""",,,2025,peer-review,false,,,,,https://doi.org/10.1111/dom.16633/v1/review2,N-Lactoyl phenylalanine,https://api.crossref.org/works?query.bibliographic=N-Lactoyl+phenylalanine&rows=50&sort=relevance,crossref_rest_works
doi:10.1111/dom.16633/v1/review2,crossref,peer-review,10.1111/dom.16633/v1/review2,,,,"Review for ""N-lactoyl amino acids are potential biomarkers for insulin resistance and diabetic complications""",,,2025,peer-review,false,,,,,https://doi.org/10.1111/dom.16633/v1/review2,N-lactoyl-phenylalanine,https://api.crossref.org/works?query.bibliographic=N-lactoyl-phenylalanine&rows=50&sort=relevance,crossref_rest_works
doi:10.1111/dom.16633/v1/review3,crossref,peer-review,10.1111/dom.16633/v1/review3,,,,"Review for ""N-lactoyl amino acids are potential biomarkers for insulin resistance and diabetic complications""",,,2025,peer-review,false,,,,,https://doi.org/10.1111/dom.16633/v1/review3,N-Lactoyl phenylalanine,https://api.crossref.org/works?query.bibliographic=N-Lactoyl+phenylalanine&rows=50&sort=relevance,crossref_rest_works
doi:10.1111/dom.16633/v1/review3,crossref,peer-review,10.1111/dom.16633/v1/review3,,,,"Review for ""N-lactoyl amino acids are potential biomarkers for insulin resistance and diabetic complications""",,,2025,peer-review,false,,,,,https://doi.org/10.1111/dom.16633/v1/review3,N-lactoyl-phenylalanine,https://api.crossref.org/works?query.bibliographic=N-lactoyl-phenylalanine&rows=50&sort=relevance,crossref_rest_works
doi:10.1111/dom.16633/v2/decision1,crossref,peer-review,10.1111/dom.16633/v2/decision1,,,,"Decision letter for ""N-lactoyl amino acids are potential biomarkers for insulin resistance and diabetic complications""",,,2025,peer-review,false,,,,,https://doi.org/10.1111/dom.16633/v2/decision1,N-Lactoyl phenylalanine,https://api.crossref.org/works?query.bibliographic=N-Lactoyl+phenylalanine&rows=50&sort=relevance,crossref_rest_works
doi:10.1111/dom.16633/v2/decision1,crossref,peer-review,10.1111/dom.16633/v2/decision1,,,,"Decision letter for ""N-lactoyl amino acids are potential biomarkers for insulin resistance and diabetic complications""",,,2025,peer-review,false,,,,,https://doi.org/10.1111/dom.16633/v2/decision1,N-lactoyl-phenylalanine,https://api.crossref.org/works?query.bibliographic=N-lactoyl-phenylalanine&rows=50&sort=relevance,crossref_rest_works
doi:10.1111/dom.70236,europe_pmc,MED,10.1111/dom.70236,41159435,PMC12673421,,Acute and prolonged effects of aerobic endurance training on N-lactoyl-phenylalanine and inflammatory markers in individuals with type 1 diabetes: An exploratory analysis of the ULTRAFLEXI-1 study,"Glatz U, Müller A, Moser O, Moser O, Aberer F, Niedrist T, Herrmann M, Zelzer S, Jaruan O, Sourij C, Osto E, Oettl K, Paar M, Pieber T, Pferschy P, Tripolt N, Aziz F, Sourij H.","Diabetes, obesity & metabolism",2026,letter,false,true,1,,,https://europepmc.org/article/MED/41159435,"(""N-Lactoyl phenylalanine"" OR ""Lac-Phe"" OR ""N-lactoylphenylalanine"" OR ""lactoylphenylalanine"" OR ""N-lactoyl-phenylalanine"")",https://www.ebi.ac.uk/europepmc/webservices/rest/search?query=%28%22N-Lactoyl+phenylalanine%22+OR+%22Lac-Phe%22+OR+%22N-lactoylphenylalanine%22+OR+%22lactoylphenylalanine%22+OR+%22N-lactoyl-phenylalanine%22%29&format=json&resultType=core&pageSize=100&cursorMark=%2A,europe_pmc_rest_search
doi:10.1111/dom.70236/v1/decision1,crossref,peer-review,10.1111/dom.70236/v1/decision1,,,,"Decision letter for ""Acute and prolonged effects of aerobic endurance training on N‐lactoyl‐phenylalanine and inflammatory markers in individuals with type 1 diabetes: An exploratory analysis of the ULTRAFLEXI ‐1 study""",,,2025,peer-review,false,,,,,https://doi.org/10.1111/dom.70236/v1/decision1,N-Lactoyl phenylalanine,https://api.crossref.org/works?query.bibliographic=N-Lactoyl+phenylalanine&rows=50&sort=relevance,crossref_rest_works
doi:10.1111/dom.70236/v1/decision1,crossref,peer-review,10.1111/dom.70236/v1/decision1,,,,"Decision letter for ""Acute and prolonged effects of aerobic endurance training on N‐lactoyl‐phenylalanine and inflammatory markers in individuals with type 1 diabetes: An exploratory analysis of the ULTRAFLEXI ‐1 study""",,,2025,peer-review,false,,,,,https://doi.org/10.1111/dom.70236/v1/decision1,N-lactoyl-phenylalanine,https://api.crossref.org/works?query.bibliographic=N-lactoyl-phenylalanine&rows=50&sort=relevance,crossref_rest_works
doi:10.1111/dom.70236/v1/review1,crossref,peer-review,10.1111/dom.70236/v1/review1,,,,"Review for ""Acute and prolonged effects of aerobic endurance training on N‐lactoyl‐phenylalanine and inflammatory markers in individuals with type 1 diabetes: An exploratory analysis of the ULTRAFLEXI ‐1 study""",,,2025,peer-review,false,,,,,https://doi.org/10.1111/dom.70236/v1/review1,N-Lactoyl phenylalanine,https://api.crossref.org/works?query.bibliographic=N-Lactoyl+phenylalanine&rows=50&sort=relevance,crossref_rest_works
doi:10.1111/dom.70236/v1/review1,crossref,peer-review,10.1111/dom.70236/v1/review1,,,,"Review for ""Acute and prolonged effects of aerobic endurance training on N‐lactoyl‐phenylalanine and inflammatory markers in individuals with type 1 diabetes: An exploratory analysis of the ULTRAFLEXI ‐1 study""",,,2025,peer-review,false,,,,,https://doi.org/10.1111/dom.70236/v1/review1,N-lactoyl-phenylalanine,https://api.crossref.org/works?query.bibliographic=N-lactoyl-phenylalanine&rows=50&sort=relevance,crossref_rest_works
doi:10.1111/dom.70236/v1/review2,crossref,peer-review,10.1111/dom.70236/v1/review2,,,,"Review for ""Acute and prolonged effects of aerobic endurance training on N‐lactoyl‐phenylalanine and inflammatory markers in individuals with type 1 diabetes: An exploratory analysis of the ULTRAFLEXI ‐1 study""",,,2025,peer-review,false,,,,,https://doi.org/10.1111/dom.70236/v1/review2,N-Lactoyl phenylalanine,https://api.crossref.org/works?query.bibliographic=N-Lactoyl+phenylalanine&rows=50&sort=relevance,crossref_rest_works
doi:10.1111/dom.70236/v1/review2,crossref,peer-review,10.1111/dom.70236/v1/review2,,,,"Review for ""Acute and prolonged effects of aerobic endurance training on N‐lactoyl‐phenylalanine and inflammatory markers in individuals with type 1 diabetes: An exploratory analysis of the ULTRAFLEXI ‐1 study""",,,2025,peer-review,false,,,,,https://doi.org/10.1111/dom.70236/v1/review2,N-lactoyl-phenylalanine,https://api.crossref.org/works?query.bibliographic=N-lactoyl-phenylalanine&rows=50&sort=relevance,crossref_rest_works
doi:10.1111/dom.70236/v1/review3,crossref,peer-review,10.1111/dom.70236/v1/review3,,,,"Review for ""Acute and prolonged effects of aerobic endurance training on N‐lactoyl‐phenylalanine and inflammatory markers in individuals with type 1 diabetes: An exploratory analysis of the ULTRAFLEXI ‐1 study""",,,2025,peer-review,false,,,,,https://doi.org/10.1111/dom.70236/v1/review3,N-Lactoyl phenylalanine,https://api.crossref.org/works?query.bibliographic=N-Lactoyl+phenylalanine&rows=50&sort=relevance,crossref_rest_works
doi:10.1111/dom.70236/v1/review3,crossref,peer-review,10.1111/dom.70236/v1/review3,,,,"Review for ""Acute and prolonged effects of aerobic endurance training on N‐lactoyl‐phenylalanine and inflammatory markers in individuals with type 1 diabetes: An exploratory analysis of the ULTRAFLEXI ‐1 study""",,,2025,peer-review,false,,,,,https://doi.org/10.1111/dom.70236/v1/review3,N-lactoyl-phenylalanine,https://api.crossref.org/works?query.bibliographic=N-lactoyl-phenylalanine&rows=50&sort=relevance,crossref_rest_works
doi:10.1111/dom.70236/v1/review4,crossref,peer-review,10.1111/dom.70236/v1/review4,,,,"Review for ""Acute and prolonged effects of aerobic endurance training on N‐lactoyl‐phenylalanine and inflammatory markers in individuals with type 1 diabetes: An exploratory analysis of the ULTRAFLEXI ‐1 study""",,,2025,peer-review,false,,,,,https://doi.org/10.1111/dom.70236/v1/review4,N-Lactoyl phenylalanine,https://api.crossref.org/works?query.bibliographic=N-Lactoyl+phenylalanine&rows=50&sort=relevance,crossref_rest_works
doi:10.1111/dom.70236/v1/review4,crossref,peer-review,10.1111/dom.70236/v1/review4,,,,"Review for ""Acute and prolonged effects of aerobic endurance training on N‐lactoyl‐phenylalanine and inflammatory markers in individuals with type 1 diabetes: An exploratory analysis of the ULTRAFLEXI ‐1 study""",,,2025,peer-review,false,,,,,https://doi.org/10.1111/dom.70236/v1/review4,N-lactoyl-phenylalanine,https://api.crossref.org/works?query.bibliographic=N-lactoyl-phenylalanine&rows=50&sort=relevance,crossref_rest_works
doi:10.1111/dom.70236/v1/review5,crossref,peer-review,10.1111/dom.70236/v1/review5,,,,"Review for ""Acute and prolonged effects of aerobic endurance training on N‐lactoyl‐phenylalanine and inflammatory markers in individuals with type 1 diabetes: An exploratory analysis of the ULTRAFLEXI ‐1 study""",,,2025,peer-review,false,,,,,https://doi.org/10.1111/dom.70236/v1/review5,N-Lactoyl phenylalanine,https://api.crossref.org/works?query.bibliographic=N-Lactoyl+phenylalanine&rows=50&sort=relevance,crossref_rest_works
doi:10.1111/dom.70236/v1/review5,crossref,peer-review,10.1111/dom.70236/v1/review5,,,,"Review for ""Acute and prolonged effects of aerobic endurance training on N‐lactoyl‐phenylalanine and inflammatory markers in individuals with type 1 diabetes: An exploratory analysis of the ULTRAFLEXI ‐1 study""",,,2025,peer-review,false,,,,,https://doi.org/10.1111/dom.70236/v1/review5,N-lactoyl-phenylalanine,https://api.crossref.org/works?query.bibliographic=N-lactoyl-phenylalanine&rows=50&sort=relevance,crossref_rest_works
doi:10.1111/dom.70236/v1/review6,crossref,peer-review,10.1111/dom.70236/v1/review6,,,,"Review for ""Acute and prolonged effects of aerobic endurance training on N‐lactoyl‐phenylalanine and inflammatory markers in individuals with type 1 diabetes: An exploratory analysis of the ULTRAFLEXI ‐1 study""",,,2025,peer-review,false,,,,,https://doi.org/10.1111/dom.70236/v1/review6,N-Lactoyl phenylalanine,https://api.crossref.org/works?query.bibliographic=N-Lactoyl+phenylalanine&rows=50&sort=relevance,crossref_rest_works
doi:10.1111/dom.70236/v1/review6,crossref,peer-review,10.1111/dom.70236/v1/review6,,,,"Review for ""Acute and prolonged effects of aerobic endurance training on N‐lactoyl‐phenylalanine and inflammatory markers in individuals with type 1 diabetes: An exploratory analysis of the ULTRAFLEXI ‐1 study""",,,2025,peer-review,false,,,,,https://doi.org/10.1111/dom.70236/v1/review6,N-lactoyl-phenylalanine,https://api.crossref.org/works?query.bibliographic=N-lactoyl-phenylalanine&rows=50&sort=relevance,crossref_rest_works
doi:10.1111/dom.70236/v2/decision1,crossref,peer-review,10.1111/dom.70236/v2/decision1,,,,"Decision letter for ""Acute and prolonged effects of aerobic endurance training on N‐lactoyl‐phenylalanine and inflammatory markers in individuals with type 1 diabetes: An exploratory analysis of the ULTRAFLEXI ‐1 study""",,,2025,peer-review,false,,,,,https://doi.org/10.1111/dom.70236/v2/decision1,N-Lactoyl phenylalanine,https://api.crossref.org/works?query.bibliographic=N-Lactoyl+phenylalanine&rows=50&sort=relevance,crossref_rest_works
doi:10.1111/dom.70236/v2/decision1,crossref,peer-review,10.1111/dom.70236/v2/decision1,,,,"Decision letter for ""Acute and prolonged effects of aerobic endurance training on N‐lactoyl‐phenylalanine and inflammatory markers in individuals with type 1 diabetes: An exploratory analysis of the ULTRAFLEXI ‐1 study""",,,2025,peer-review,false,,,,,https://doi.org/10.1111/dom.70236/v2/decision1,N-lactoyl-phenylalanine,https://api.crossref.org/works?query.bibliographic=N-lactoyl-phenylalanine&rows=50&sort=relevance,crossref_rest_works
doi:10.1111/dom.70236/v2/response1,crossref,peer-review,10.1111/dom.70236/v2/response1,,,,"Author response for ""Acute and prolonged effects of aerobic endurance training on N‐lactoyl‐phenylalanine and inflammatory markers in individuals with type 1 diabetes: An exploratory analysis of the ULTRAFLEXI ‐1 study""","Ulrike Glatz, Alexander Müller, Othmar Moser, Felix Aberer, Tobias Niedrist, Markus Herrmann, Sieglinde Zelzer, Onanong Jaruan, Caren Sourij, Elena Osto, Karl Oettl, Margret Paar, Thomas Pieber, Peter Pferschy, Norbert Tripolt, Faisal Aziz, Harald Sourij",,2025,peer-review,false,,,,,https://doi.org/10.1111/dom.70236/v2/response1,N-Lactoyl phenylalanine,https://api.crossref.org/works?query.bibliographic=N-Lactoyl+phenylalanine&rows=50&sort=relevance,crossref_rest_works
doi:10.1111/dom.70236/v2/response1,crossref,peer-review,10.1111/dom.70236/v2/response1,,,,"Author response for ""Acute and prolonged effects of aerobic endurance training on N‐lactoyl‐phenylalanine and inflammatory markers in individuals with type 1 diabetes: An exploratory analysis of the ULTRAFLEXI ‐1 study""","Ulrike Glatz, Alexander Müller, Othmar Moser, Felix Aberer, Tobias Niedrist, Markus Herrmann, Sieglinde Zelzer, Onanong Jaruan, Caren Sourij, Elena Osto, Karl Oettl, Margret Paar, Thomas Pieber, Peter Pferschy, Norbert Tripolt, Faisal Aziz, Harald Sourij",,2025,peer-review,false,,,,,https://doi.org/10.1111/dom.70236/v2/response1,N-lactoyl-phenylalanine,https://api.crossref.org/works?query.bibliographic=N-lactoyl-phenylalanine&rows=50&sort=relevance,crossref_rest_works
doi:10.1111/dom.70236/v2/review1,crossref,peer-review,10.1111/dom.70236/v2/review1,,,,"Review for ""Acute and prolonged effects of aerobic endurance training on N‐lactoyl‐phenylalanine and inflammatory markers in individuals with type 1 diabetes: An exploratory analysis of the ULTRAFLEXI ‐1 study""",,,2025,peer-review,false,,,,,https://doi.org/10.1111/dom.70236/v2/review1,N-Lactoyl phenylalanine,https://api.crossref.org/works?query.bibliographic=N-Lactoyl+phenylalanine&rows=50&sort=relevance,crossref_rest_works
doi:10.1111/dom.70236/v2/review1,crossref,peer-review,10.1111/dom.70236/v2/review1,,,,"Review for ""Acute and prolonged effects of aerobic endurance training on N‐lactoyl‐phenylalanine and inflammatory markers in individuals with type 1 diabetes: An exploratory analysis of the ULTRAFLEXI ‐1 study""",,,2025,peer-review,false,,,,,https://doi.org/10.1111/dom.70236/v2/review1,N-lactoyl-phenylalanine,https://api.crossref.org/works?query.bibliographic=N-lactoyl-phenylalanine&rows=50&sort=relevance,crossref_rest_works
doi:10.1111/dom.70236/v2/review2,crossref,peer-review,10.1111/dom.70236/v2/review2,,,,"Review for ""Acute and prolonged effects of aerobic endurance training on N‐lactoyl‐phenylalanine and inflammatory markers in individuals with type 1 diabetes: An exploratory analysis of the ULTRAFLEXI ‐1 study""",,,2025,peer-review,false,,,,,https://doi.org/10.1111/dom.70236/v2/review2,N-Lactoyl phenylalanine,https://api.crossref.org/works?query.bibliographic=N-Lactoyl+phenylalanine&rows=50&sort=relevance,crossref_rest_works
doi:10.1111/dom.70236/v2/review2,crossref,peer-review,10.1111/dom.70236/v2/review2,,,,"Review for ""Acute and prolonged effects of aerobic endurance training on N‐lactoyl‐phenylalanine and inflammatory markers in individuals with type 1 diabetes: An exploratory analysis of the ULTRAFLEXI ‐1 study""",,,2025,peer-review,false,,,,,https://doi.org/10.1111/dom.70236/v2/review2,N-lactoyl-phenylalanine,https://api.crossref.org/works?query.bibliographic=N-lactoyl-phenylalanine&rows=50&sort=relevance,crossref_rest_works
doi:10.1111/imr.13214,europe_pmc,MED,10.1111/imr.13214,37158427,PMC10615666,,The role of efferocytosis-fueled macrophage metabolism in the resolution of inflammation,"Schilperoort M, Ngai D, Sukka SR, Avrampou K, Shi H, Tabas I.",Immunological reviews,2023,"journal article; research support, n.i.h., extramural; research support, non-u.s. gov't; research-article; review",false,false,122,,,https://europepmc.org/article/MED/37158427,"(""N-Lactoyl phenylalanine"" OR ""Lac-Phe"" OR ""N-lactoylphenylalanine"" OR ""lactoylphenylalanine"" OR ""N-lactoyl-phenylalanine"")",https://www.ebi.ac.uk/europepmc/webservices/rest/search?query=%28%22N-Lactoyl+phenylalanine%22+OR+%22Lac-Phe%22+OR+%22N-lactoylphenylalanine%22+OR+%22lactoylphenylalanine%22+OR+%22N-lactoyl-phenylalanine%22%29&format=json&resultType=core&pageSize=100&cursorMark=AoIIQG6ytCg1MTU3MDY0Nw%3D%3D,europe_pmc_rest_search
doi:10.1111/joim.20090,europe_pmc,MED,10.1111/joim.20090,40289598,PMC12087830,,Metabolomics in cardiometabolic diseases: Key biomarkers and therapeutic implications for insulin resistance and diabetes,"Rizo-Roca D, Henderson JD, Zierath JR.",Journal of internal medicine,2025,"journal article; research support, non-u.s. gov't; review; review-article",false,true,16,,,https://europepmc.org/article/MED/40289598,"(""N-Lactoyl phenylalanine"" OR ""Lac-Phe"" OR ""N-lactoylphenylalanine"" OR ""lactoylphenylalanine"" OR ""N-lactoyl-phenylalanine"")",https://www.ebi.ac.uk/europepmc/webservices/rest/search?query=%28%22N-Lactoyl+phenylalanine%22+OR+%22Lac-Phe%22+OR+%22N-lactoylphenylalanine%22+OR+%22lactoylphenylalanine%22+OR+%22N-lactoyl-phenylalanine%22%29&format=json&resultType=core&pageSize=100&cursorMark=%2A,europe_pmc_rest_search
doi:10.1111/srt.13796,europe_pmc,MED,10.1111/srt.13796,38895784,PMC11187845,,The causal relationship between blood metabolites and rosacea: A Mendelian randomization,"Yao H, Shen S, Gao X, Song X, Xiang W.",Skin research and technology : official journal of International Society for Bioengineering and the Skin (ISBS) [and] International Society for Digital Imaging of Skin (ISDIS) [and] International Society for Skin Imaging (ISSI),2024,journal article; research-article; retracted publication,false,true,10,,,https://europepmc.org/article/MED/38895784,"(""N-Lactoyl phenylalanine"" OR ""Lac-Phe"" OR ""N-lactoylphenylalanine"" OR ""lactoylphenylalanine"" OR ""N-lactoyl-phenylalanine"")",https://www.ebi.ac.uk/europepmc/webservices/rest/search?query=%28%22N-Lactoyl+phenylalanine%22+OR+%22Lac-Phe%22+OR+%22N-lactoylphenylalanine%22+OR+%22lactoylphenylalanine%22+OR+%22N-lactoyl-phenylalanine%22%29&format=json&resultType=core&pageSize=100&cursorMark=%2A,europe_pmc_rest_search
doi:10.1113/jp286772,europe_pmc,MED,10.1113/jp286772,39838589,PMC11826071,,Effects of patent foramen ovale in migraine: a metabolomics-based study,"Dong B, Li X, Zhang L, Liang G, Zheng W, Gui L, Ji S, Tang Y, Li H, Li W, Yang R, Li Y, Peng A, Chen Y, Gong M, Chen L.",The Journal of physiology,2025,"journal article; research support, non-u.s. gov't; research-article",false,true,4,,,https://europepmc.org/article/MED/39838589,"(""N-Lactoyl phenylalanine"" OR ""Lac-Phe"" OR ""N-lactoylphenylalanine"" OR ""lactoylphenylalanine"" OR ""N-lactoyl-phenylalanine"")",https://www.ebi.ac.uk/europepmc/webservices/rest/search?query=%28%22N-Lactoyl+phenylalanine%22+OR+%22Lac-Phe%22+OR+%22N-lactoylphenylalanine%22+OR+%22lactoylphenylalanine%22+OR+%22N-lactoyl-phenylalanine%22%29&format=json&resultType=core&pageSize=100&cursorMark=AoIIP8mECig1MzA0MzQ4OA%3D%3D,europe_pmc_rest_search
doi:10.1124/jpet.368.968610,crossref,journal-article,10.1124/jpet.368.968610,,,,A new signalling metabolite? Characterizing N-Lactotyl-phenylalanine (Lac-Phe) activation of G protein-coupled receptors (GPCRs),"Oni P, McCardle I, Rourke J",The Journal of Pharmacology and Experimental Therapeutics,2024,journal-article,false,,3,,,https://doi.org/10.1124/jpet.368.968610,Lac-Phe,https://api.crossref.org/works?query.bibliographic=Lac-Phe&rows=50&sort=relevance,crossref_rest_works
doi:10.1126/sciadv.adj7481,europe_pmc,MED,10.1126/sciadv.adj7481,38354249,PMC10866565,,Exercise mitigates flow recirculation and activates metabolic transducer SCD1 to catalyze vascular protective metabolites,"Cavallero S, Roustaei M, Satta S, Cho JM, Phan H, Baek KI, Blázquez-Medela AM, Gonzalez-Ramos S, Vu K, Park SK, Yokota T, Sumner J, Mack JJ, Sigmund CD, Reddy ST, Li R, Hsiai TK.",Science advances,2024,"journal article; research support, n.i.h., extramural; research support, u.s. gov't, non-p.h.s.; research-article",false,true,11,,,https://europepmc.org/article/MED/38354249,"(""N-Lactoyl phenylalanine"" OR ""Lac-Phe"" OR ""N-lactoylphenylalanine"" OR ""lactoylphenylalanine"" OR ""N-lactoyl-phenylalanine"")",https://www.ebi.ac.uk/europepmc/webservices/rest/search?query=%28%22N-Lactoyl+phenylalanine%22+OR+%22Lac-Phe%22+OR+%22N-lactoylphenylalanine%22+OR+%22lactoylphenylalanine%22+OR+%22N-lactoyl-phenylalanine%22%29&format=json&resultType=core&pageSize=100&cursorMark=AoIIP8mECig1MzA0MzQ4OA%3D%3D,europe_pmc_rest_search
doi:10.1126/sciadv.ads5466,europe_pmc,MED,10.1126/sciadv.ads5466,39693440,PMC11654692,,Metformin targets mitochondrial complex I to lower blood glucose levels,"Reczek CR, Chakrabarty RP, D'Alessandro KB, Sebo ZL, Grant RA, Gao P, Budinger GR, Chandel NS.",Science advances,2024,"journal article; research support, n.i.h., extramural; research support, non-u.s. gov't; research-article",false,true,27,,,https://europepmc.org/article/MED/39693440,"(""N-Lactoyl phenylalanine"" OR ""Lac-Phe"" OR ""N-lactoylphenylalanine"" OR ""lactoylphenylalanine"" OR ""N-lactoyl-phenylalanine"")",https://www.ebi.ac.uk/europepmc/webservices/rest/search?query=%28%22N-Lactoyl+phenylalanine%22+OR+%22Lac-Phe%22+OR+%22N-lactoylphenylalanine%22+OR+%22lactoylphenylalanine%22+OR+%22N-lactoyl-phenylalanine%22%29&format=json&resultType=core&pageSize=100&cursorMark=AoIIP8mECig1MzA0MzQ4OA%3D%3D,europe_pmc_rest_search
doi:10.1126/sciadv.adu7436,europe_pmc,MED,10.1126/sciadv.adu7436,39693446,PMC11654691,,Meeting metformin again for the first time,Green DR.,Science advances,2024,journal article; review-article,false,true,4,,,https://europepmc.org/article/MED/39693446,"(""N-Lactoyl phenylalanine"" OR ""Lac-Phe"" OR ""N-lactoylphenylalanine"" OR ""lactoylphenylalanine"" OR ""N-lactoyl-phenylalanine"")",https://www.ebi.ac.uk/europepmc/webservices/rest/search?query=%28%22N-Lactoyl+phenylalanine%22+OR+%22Lac-Phe%22+OR+%22N-lactoylphenylalanine%22+OR+%22lactoylphenylalanine%22+OR+%22N-lactoyl-phenylalanine%22%29&format=json&resultType=core&pageSize=100&cursorMark=%2A,europe_pmc_rest_search
doi:10.1128/aac.23.2.278,europe_pmc,MED,10.1128/aac.23.2.278,6340604,PMC186037,,Genetic transfer of antimicrobial resistance and enterotoxigenicity among Escherichia coli strains,"Wachsmuth K, DeBoy J, Birkness K, Sack D, Wells J.",Antimicrobial agents and chemotherapy,1983,journal article; research-article,false,false,8,,,https://europepmc.org/article/MED/6340604,"(""N-Lactoyl phenylalanine"" OR ""Lac-Phe"" OR ""N-lactoylphenylalanine"" OR ""lactoylphenylalanine"" OR ""N-lactoyl-phenylalanine"")",https://www.ebi.ac.uk/europepmc/webservices/rest/search?query=%28%22N-Lactoyl+phenylalanine%22+OR+%22Lac-Phe%22+OR+%22N-lactoylphenylalanine%22+OR+%22lactoylphenylalanine%22+OR+%22N-lactoyl-phenylalanine%22%29&format=json&resultType=core&pageSize=100&cursorMark=AoIIP8mECig1MzA0MzQ4OA%3D%3D,europe_pmc_rest_search
doi:10.1128/aem.40.1.84-91.1980,europe_pmc,MED,10.1128/aem.40.1.84-91.1980,6773476,PMC291529,,Conjugal transfer of genetic information in group N streptococci,"McKay LL, Baldwin KA, Walsh PM.",Applied and environmental microbiology,1980,journal article; research-article,false,false,87,,,https://europepmc.org/article/MED/6773476,"(""N-Lactoyl phenylalanine"" OR ""Lac-Phe"" OR ""N-lactoylphenylalanine"" OR ""lactoylphenylalanine"" OR ""N-lactoyl-phenylalanine"")",https://www.ebi.ac.uk/europepmc/webservices/rest/search?query=%28%22N-Lactoyl+phenylalanine%22+OR+%22Lac-Phe%22+OR+%22N-lactoylphenylalanine%22+OR+%22lactoylphenylalanine%22+OR+%22N-lactoyl-phenylalanine%22%29&format=json&resultType=core&pageSize=100&cursorMark=AoIIP8mECig1MzA0MzQ4OA%3D%3D,europe_pmc_rest_search
doi:10.1128/aem.54.11.2877-2880.1988,europe_pmc,MED,10.1128/aem.54.11.2877-2880.1988,2850764,PMC204392,,Delivery system for creation of one-step in vivo lac gene fusions in Pseudomonas spp. involved in biological control,"O'Sullivan DJ, O'Gara F.",Applied and environmental microbiology,1988,"journal article; research support, non-u.s. gov't; research-article",false,false,5,,,https://europepmc.org/article/MED/2850764,"(""N-Lactoyl phenylalanine"" OR ""Lac-Phe"" OR ""N-lactoylphenylalanine"" OR ""lactoylphenylalanine"" OR ""N-lactoyl-phenylalanine"")",https://www.ebi.ac.uk/europepmc/webservices/rest/search?query=%28%22N-Lactoyl+phenylalanine%22+OR+%22Lac-Phe%22+OR+%22N-lactoylphenylalanine%22+OR+%22lactoylphenylalanine%22+OR+%22N-lactoyl-phenylalanine%22%29&format=json&resultType=core&pageSize=100&cursorMark=AoIIP8mECig1MzA0MzQ4OA%3D%3D,europe_pmc_rest_search
doi:10.1128/iai.41.3.1056-1061.1983,europe_pmc,MED,10.1128/iai.41.3.1056-1061.1983,6350177,PMC264607,,Synthesis of plasmid-coded heat-labile enterotoxin in wild-type and hypertoxinogenic strains of Escherichia coli and in other genera of Enterobacteriaceae,"Neill RJ, Twiddy EM, Holmes RK.",Infection and immunity,1983,"comparative study; journal article; research support, u.s. gov't, p.h.s.; research-article",false,false,13,,,https://europepmc.org/article/MED/6350177,"(""N-Lactoyl phenylalanine"" OR ""Lac-Phe"" OR ""N-lactoylphenylalanine"" OR ""lactoylphenylalanine"" OR ""N-lactoyl-phenylalanine"")",https://www.ebi.ac.uk/europepmc/webservices/rest/search?query=%28%22N-Lactoyl+phenylalanine%22+OR+%22Lac-Phe%22+OR+%22N-lactoylphenylalanine%22+OR+%22lactoylphenylalanine%22+OR+%22N-lactoyl-phenylalanine%22%29&format=json&resultType=core&pageSize=100&cursorMark=AoIIP8mECig1MzA0MzQ4OA%3D%3D,europe_pmc_rest_search
doi:10.1128/jb.132.3.870-875.1977,europe_pmc,MED,10.1128/jb.132.3.870-875.1977,336610,PMC235590,,Characterization of fusions between the lac operon and the ilv gene cluster in Escherichia coli: ilvC-lac fusions,"Smith JM, Umbarger HE.",Journal of bacteriology,1977,"journal article; research support, u.s. gov't, p.h.s.; research-article",false,false,13,,,https://europepmc.org/article/MED/336610,"(""N-Lactoyl phenylalanine"" OR ""Lac-Phe"" OR ""N-lactoylphenylalanine"" OR ""lactoylphenylalanine"" OR ""N-lactoyl-phenylalanine"")",https://www.ebi.ac.uk/europepmc/webservices/rest/search?query=%28%22N-Lactoyl+phenylalanine%22+OR+%22Lac-Phe%22+OR+%22N-lactoylphenylalanine%22+OR+%22lactoylphenylalanine%22+OR+%22N-lactoyl-phenylalanine%22%29&format=json&resultType=core&pageSize=100&cursorMark=AoIIP8mECig1MzA0MzQ4OA%3D%3D,europe_pmc_rest_search
doi:10.1128/jb.139.1.71-79.1979,europe_pmc,MED,10.1128/jb.139.1.71-79.1979,222732,PMC216828,,Genetics and regulation of D-xylose utilization in Salmonella typhimurium LT2,"Shamanna DK, Sanderson KE.",Journal of bacteriology,1979,journal article; research-article,false,false,38,,,https://europepmc.org/article/MED/222732,"(""N-Lactoyl phenylalanine"" OR ""Lac-Phe"" OR ""N-lactoylphenylalanine"" OR ""lactoylphenylalanine"" OR ""N-lactoyl-phenylalanine"")",https://www.ebi.ac.uk/europepmc/webservices/rest/search?query=%28%22N-Lactoyl+phenylalanine%22+OR+%22Lac-Phe%22+OR+%22N-lactoylphenylalanine%22+OR+%22lactoylphenylalanine%22+OR+%22N-lactoyl-phenylalanine%22%29&format=json&resultType=core&pageSize=100&cursorMark=AoIIPWxCvyc0MDcwNjA1,europe_pmc_rest_search
doi:10.1128/jb.143.1.506-509.1980,europe_pmc,MED,10.1128/jb.143.1.506-509.1980,6995445,PMC294277,,lac Thiogalactoside transacetylase of Escherichia coli K-12 and ML,Fried VA.,Journal of bacteriology,1980,"comparative study; journal article; research support, u.s. gov't, p.h.s.; research-article",false,false,2,,,https://europepmc.org/article/MED/6995445,"(""N-Lactoyl phenylalanine"" OR ""Lac-Phe"" OR ""N-lactoylphenylalanine"" OR ""lactoylphenylalanine"" OR ""N-lactoyl-phenylalanine"")",https://www.ebi.ac.uk/europepmc/webservices/rest/search?query=%28%22N-Lactoyl+phenylalanine%22+OR+%22Lac-Phe%22+OR+%22N-lactoylphenylalanine%22+OR+%22lactoylphenylalanine%22+OR+%22N-lactoyl-phenylalanine%22%29&format=json&resultType=core&pageSize=100&cursorMark=AoIIP8mECig1MzA0MzQ4OA%3D%3D,europe_pmc_rest_search
doi:10.1128/jb.143.2.971-980.1980,europe_pmc,MED,10.1128/jb.143.2.971-980.1980,6162838,PMC294402,,In vitro gene fusions that join an enzymatically active beta-galactosidase segment to amino-terminal fragments of exogenous proteins: Escherichia coli plasmid vectors for the detection and cloning of translational initiation signals,"Casadaban MJ, Chou J, Cohen SN.",Journal of bacteriology,1980,"journal article; research support, non-u.s. gov't; research support, u.s. gov't, p.h.s.; research-article",false,false,859,,,https://europepmc.org/article/MED/6162838,"(""N-Lactoyl phenylalanine"" OR ""Lac-Phe"" OR ""N-lactoylphenylalanine"" OR ""lactoylphenylalanine"" OR ""N-lactoyl-phenylalanine"")",https://www.ebi.ac.uk/europepmc/webservices/rest/search?query=%28%22N-Lactoyl+phenylalanine%22+OR+%22Lac-Phe%22+OR+%22N-lactoylphenylalanine%22+OR+%22lactoylphenylalanine%22+OR+%22N-lactoyl-phenylalanine%22%29&format=json&resultType=core&pageSize=100&cursorMark=AoIIPWxCvyc0MDcwNjA1,europe_pmc_rest_search
doi:10.1128/jb.143.3.1325-1331.1980,europe_pmc,MED,10.1128/jb.143.3.1325-1331.1980,6773928,PMC294506,,Isolation of ara-lac gene fusions in Salmonella typhimurium LT2 by using transducing bacteriophage Mu d (Apr lac),"Lee JH, Heffernan L, Wilcox G.",Journal of bacteriology,1980,"journal article; research support, non-u.s. gov't; research support, u.s. gov't, non-p.h.s.; research-article",false,false,26,,,https://europepmc.org/article/MED/6773928,"(""N-Lactoyl phenylalanine"" OR ""Lac-Phe"" OR ""N-lactoylphenylalanine"" OR ""lactoylphenylalanine"" OR ""N-lactoyl-phenylalanine"")",https://www.ebi.ac.uk/europepmc/webservices/rest/search?query=%28%22N-Lactoyl+phenylalanine%22+OR+%22Lac-Phe%22+OR+%22N-lactoylphenylalanine%22+OR+%22lactoylphenylalanine%22+OR+%22N-lactoyl-phenylalanine%22%29&format=json&resultType=core&pageSize=100&cursorMark=AoIIP8mECig1MzA0MzQ4OA%3D%3D,europe_pmc_rest_search
doi:10.1128/jb.146.1.260-268.1981,europe_pmc,MED,10.1128/jb.146.1.260-268.1981,6111550,PMC217077,,"General method, using Mu-Mud1 dilysogens, to determine the direction of transcription of and generate deletions in the glnA region of Escherichia coli",MacNeil D.,Journal of bacteriology,1981,journal article; research-article,false,false,43,,,https://europepmc.org/article/MED/6111550,"(""N-Lactoyl phenylalanine"" OR ""Lac-Phe"" OR ""N-lactoylphenylalanine"" OR ""lactoylphenylalanine"" OR ""N-lactoyl-phenylalanine"")",https://www.ebi.ac.uk/europepmc/webservices/rest/search?query=%28%22N-Lactoyl+phenylalanine%22+OR+%22Lac-Phe%22+OR+%22N-lactoylphenylalanine%22+OR+%22lactoylphenylalanine%22+OR+%22N-lactoyl-phenylalanine%22%29&format=json&resultType=core&pageSize=100&cursorMark=AoIIP8mECig1MzA0MzQ4OA%3D%3D,europe_pmc_rest_search
doi:10.1128/jb.146.1.93-101.1981,europe_pmc,MED,10.1128/jb.146.1.93-101.1981,6260750,PMC217056,,Use of bacteriophage transposon Mu d1 to determine the orientation for three proC-linked phosphate-starvation-inducible (psi) genes in Escherichia coli K-12,"Wanner BL, Wieder S, McSharry R.",Journal of bacteriology,1981,"journal article; research support, u.s. gov't, p.h.s.; research-article",false,false,47,,,https://europepmc.org/article/MED/6260750,"(""N-Lactoyl phenylalanine"" OR ""Lac-Phe"" OR ""N-lactoylphenylalanine"" OR ""lactoylphenylalanine"" OR ""N-lactoyl-phenylalanine"")",https://www.ebi.ac.uk/europepmc/webservices/rest/search?query=%28%22N-Lactoyl+phenylalanine%22+OR+%22Lac-Phe%22+OR+%22N-lactoylphenylalanine%22+OR+%22lactoylphenylalanine%22+OR+%22N-lactoyl-phenylalanine%22%29&format=json&resultType=core&pageSize=100&cursorMark=AoIIP8mECig1MzA0MzQ4OA%3D%3D,europe_pmc_rest_search
doi:10.1128/jb.151.3.1346-1357.1982,europe_pmc,MED,10.1128/jb.151.3.1346-1357.1982,6286596,PMC220413,,Regulation of adenylate cyclase synthesis in Escherichia coli: studies with cya-lac operon and protein fusion strains,"Bankaitis VA, Bassford PJ.",Journal of bacteriology,1982,"journal article; research support, non-u.s. gov't; research support, u.s. gov't, p.h.s.; research-article",false,false,23,,,https://europepmc.org/article/MED/6286596,"(""N-Lactoyl phenylalanine"" OR ""Lac-Phe"" OR ""N-lactoylphenylalanine"" OR ""lactoylphenylalanine"" OR ""N-lactoyl-phenylalanine"")",https://www.ebi.ac.uk/europepmc/webservices/rest/search?query=%28%22N-Lactoyl+phenylalanine%22+OR+%22Lac-Phe%22+OR+%22N-lactoylphenylalanine%22+OR+%22lactoylphenylalanine%22+OR+%22N-lactoyl-phenylalanine%22%29&format=json&resultType=core&pageSize=100&cursorMark=AoIIPWxCvyc0MDcwNjA1,europe_pmc_rest_search
doi:10.1128/jb.155.3.973-982.1983,europe_pmc,MED,10.1128/jb.155.3.973-982.1983,6309752,PMC217788,,Physical mapping of the exuT and uxaC operators by use of exu plasmids and generation of deletion mutants in vitro,"Mata-Gilsinger M, Ritzenthaler P.",Journal of bacteriology,1983,"journal article; research support, non-u.s. gov't; research-article",false,false,12,,,https://europepmc.org/article/MED/6309752,"(""N-Lactoyl phenylalanine"" OR ""Lac-Phe"" OR ""N-lactoylphenylalanine"" OR ""lactoylphenylalanine"" OR ""N-lactoyl-phenylalanine"")",https://www.ebi.ac.uk/europepmc/webservices/rest/search?query=%28%22N-Lactoyl+phenylalanine%22+OR+%22Lac-Phe%22+OR+%22N-lactoylphenylalanine%22+OR+%22lactoylphenylalanine%22+OR+%22N-lactoyl-phenylalanine%22%29&format=json&resultType=core&pageSize=100&cursorMark=AoIIPWxCvyc0MDcwNjA1,europe_pmc_rest_search
doi:10.1128/jb.164.1.321-330.1985,europe_pmc,MED,10.1128/jb.164.1.321-330.1985,3930469,PMC214247,,"Two modes of control of pilA, the gene encoding type 1 pilin in Escherichia coli","Orndorff PE, Spears PA, Schauer D, Falkow S.",Journal of bacteriology,1985,"journal article; research support, non-u.s. gov't; research support, u.s. gov't, non-p.h.s.; research support, u.s. gov't, p.h.s.; research-article",false,false,79,,,https://europepmc.org/article/MED/3930469,"(""N-Lactoyl phenylalanine"" OR ""Lac-Phe"" OR ""N-lactoylphenylalanine"" OR ""lactoylphenylalanine"" OR ""N-lactoyl-phenylalanine"")",https://www.ebi.ac.uk/europepmc/webservices/rest/search?query=%28%22N-Lactoyl+phenylalanine%22+OR+%22Lac-Phe%22+OR+%22N-lactoylphenylalanine%22+OR+%22lactoylphenylalanine%22+OR+%22N-lactoyl-phenylalanine%22%29&format=json&resultType=core&pageSize=100&cursorMark=AoIIP8mECig1MzA0MzQ4OA%3D%3D,europe_pmc_rest_search
doi:10.1128/jb.172.6.3485-3489.1990,europe_pmc,MED,10.1128/jb.172.6.3485-3489.1990,2111809,PMC209163,,"High-frequency, site-specific recombination between lactococcal and pAM beta 1 plasmid DNAs","Hayes F, Daly C, Fitzgerald GF.",Journal of bacteriology,1990,"journal article; research support, non-u.s. gov't; research-article",false,false,4,,,https://europepmc.org/article/MED/2111809,"(""N-Lactoyl phenylalanine"" OR ""Lac-Phe"" OR ""N-lactoylphenylalanine"" OR ""lactoylphenylalanine"" OR ""N-lactoyl-phenylalanine"")",https://www.ebi.ac.uk/europepmc/webservices/rest/search?query=%28%22N-Lactoyl+phenylalanine%22+OR+%22Lac-Phe%22+OR+%22N-lactoylphenylalanine%22+OR+%22lactoylphenylalanine%22+OR+%22N-lactoyl-phenylalanine%22%29&format=json&resultType=core&pageSize=100&cursorMark=AoIIP8mECig1MzA0MzQ4OA%3D%3D,europe_pmc_rest_search
doi:10.1128/jb.173.1.16-22.1991,europe_pmc,MED,10.1128/jb.173.1.16-22.1991,1898918,PMC207150,,Fnr mutants that activate gene expression in the presence of oxygen,"Kiley PJ, Reznikoff WS.",Journal of bacteriology,1991,"journal article; research support, u.s. gov't, p.h.s.; research-article",false,false,85,,,https://europepmc.org/article/MED/1898918,"(""N-Lactoyl phenylalanine"" OR ""Lac-Phe"" OR ""N-lactoylphenylalanine"" OR ""lactoylphenylalanine"" OR ""N-lactoyl-phenylalanine"")",https://www.ebi.ac.uk/europepmc/webservices/rest/search?query=%28%22N-Lactoyl+phenylalanine%22+OR+%22Lac-Phe%22+OR+%22N-lactoylphenylalanine%22+OR+%22lactoylphenylalanine%22+OR+%22N-lactoyl-phenylalanine%22%29&format=json&resultType=core&pageSize=100&cursorMark=AoIIP8mECig1MzA0MzQ4OA%3D%3D,europe_pmc_rest_search
doi:10.1128/jb.173.14.4424-4432.1991,europe_pmc,MED,10.1128/jb.173.14.4424-4432.1991,2066339,PMC208105,,Mutational analysis of nitrate regulatory gene narL in Escherichia coli K-12,"Egan SM, Stewart V.",Journal of bacteriology,1991,"comparative study; journal article; research support, u.s. gov't, p.h.s.; research-article",false,false,33,,,https://europepmc.org/article/MED/2066339,"(""N-Lactoyl phenylalanine"" OR ""Lac-Phe"" OR ""N-lactoylphenylalanine"" OR ""lactoylphenylalanine"" OR ""N-lactoyl-phenylalanine"")",https://www.ebi.ac.uk/europepmc/webservices/rest/search?query=%28%22N-Lactoyl+phenylalanine%22+OR+%22Lac-Phe%22+OR+%22N-lactoylphenylalanine%22+OR+%22lactoylphenylalanine%22+OR+%22N-lactoyl-phenylalanine%22%29&format=json&resultType=core&pageSize=100&cursorMark=AoIIP8mECig1MzA0MzQ4OA%3D%3D,europe_pmc_rest_search
doi:10.1128/jb.174.20.6634-6643.1992,europe_pmc,MED,10.1128/jb.174.20.6634-6643.1992,1328159,PMC207641,,Autogenous regulation of ethanolamine utilization by a transcriptional activator of the eut operon in Salmonella typhimurium,"Roof DM, Roth JR.",Journal of bacteriology,1992,"journal article; research support, u.s. gov't, p.h.s.; research-article",false,false,88,,,https://europepmc.org/article/MED/1328159,"(""N-Lactoyl phenylalanine"" OR ""Lac-Phe"" OR ""N-lactoylphenylalanine"" OR ""lactoylphenylalanine"" OR ""N-lactoyl-phenylalanine"")",https://www.ebi.ac.uk/europepmc/webservices/rest/search?query=%28%22N-Lactoyl+phenylalanine%22+OR+%22Lac-Phe%22+OR+%22N-lactoylphenylalanine%22+OR+%22lactoylphenylalanine%22+OR+%22N-lactoyl-phenylalanine%22%29&format=json&resultType=core&pageSize=100&cursorMark=AoIIP8mECig1MzA0MzQ4OA%3D%3D,europe_pmc_rest_search
doi:10.1128/jb.174.9.2881-2890.1992,europe_pmc,MED,10.1128/jb.174.9.2881-2890.1992,1569019,PMC205940,,Amino acid substitutions in the CytR repressor which alter its capacity to regulate gene expression,"Barbier CS, Short SA.",Journal of bacteriology,1992,comparative study; journal article; research-article,false,false,18,,,https://europepmc.org/article/MED/1569019,"(""N-Lactoyl phenylalanine"" OR ""Lac-Phe"" OR ""N-lactoylphenylalanine"" OR ""lactoylphenylalanine"" OR ""N-lactoyl-phenylalanine"")",https://www.ebi.ac.uk/europepmc/webservices/rest/search?query=%28%22N-Lactoyl+phenylalanine%22+OR+%22Lac-Phe%22+OR+%22N-lactoylphenylalanine%22+OR+%22lactoylphenylalanine%22+OR+%22N-lactoyl-phenylalanine%22%29&format=json&resultType=core&pageSize=100&cursorMark=AoIIPWxCvyc0MDcwNjA1,europe_pmc_rest_search
doi:10.1128/jb.174.9.3004-3010.1992,europe_pmc,MED,10.1128/jb.174.9.3004-3010.1992,1569028,PMC205955,,Site-specific proteolysis of mini-F plasmid replication protein RepE destroys initiator function and generates an incompatibility substance,"Kline BC, Sandhu GS, Eckloff BW, Aleff RA.",Journal of bacteriology,1992,"journal article; research support, non-u.s. gov't; research-article",false,false,10,,,https://europepmc.org/article/MED/1569028,"(""N-Lactoyl phenylalanine"" OR ""Lac-Phe"" OR ""N-lactoylphenylalanine"" OR ""lactoylphenylalanine"" OR ""N-lactoyl-phenylalanine"")",https://www.ebi.ac.uk/europepmc/webservices/rest/search?query=%28%22N-Lactoyl+phenylalanine%22+OR+%22Lac-Phe%22+OR+%22N-lactoylphenylalanine%22+OR+%22lactoylphenylalanine%22+OR+%22N-lactoyl-phenylalanine%22%29&format=json&resultType=core&pageSize=100&cursorMark=AoIIP8mECig1MzA0MzQ4OA%3D%3D,europe_pmc_rest_search
doi:10.1128/jb.175.6.1767-1776.1993,europe_pmc,MED,10.1128/jb.175.6.1767-1776.1993,8449883,PMC203971,,A genetic analysis of various functions of the TyrR protein of Escherichia coli,"Yang J, Ganesan S, Sarsero J, Pittard AJ.",Journal of bacteriology,1993,"journal article; research support, non-u.s. gov't; research-article",false,false,50,,,https://europepmc.org/article/MED/8449883,"(""N-Lactoyl phenylalanine"" OR ""Lac-Phe"" OR ""N-lactoylphenylalanine"" OR ""lactoylphenylalanine"" OR ""N-lactoyl-phenylalanine"")",https://www.ebi.ac.uk/europepmc/webservices/rest/search?query=%28%22N-Lactoyl+phenylalanine%22+OR+%22Lac-Phe%22+OR+%22N-lactoylphenylalanine%22+OR+%22lactoylphenylalanine%22+OR+%22N-lactoyl-phenylalanine%22%29&format=json&resultType=core&pageSize=100&cursorMark=AoIIP8mECig1MzA0MzQ4OA%3D%3D,europe_pmc_rest_search
doi:10.1128/jb.179.6.2047-2052.1997,europe_pmc,MED,10.1128/jb.179.6.2047-2052.1997,9068653,PMC178931,,Transposition without transposase: a spontaneous mutation in bacteria,"Rappleye CA, Roth JR.",Journal of bacteriology,1997,"journal article; research support, u.s. gov't, p.h.s.; research-article",false,false,6,,,https://europepmc.org/article/MED/9068653,"(""N-Lactoyl phenylalanine"" OR ""Lac-Phe"" OR ""N-lactoylphenylalanine"" OR ""lactoylphenylalanine"" OR ""N-lactoyl-phenylalanine"")",https://www.ebi.ac.uk/europepmc/webservices/rest/search?query=%28%22N-Lactoyl+phenylalanine%22+OR+%22Lac-Phe%22+OR+%22N-lactoylphenylalanine%22+OR+%22lactoylphenylalanine%22+OR+%22N-lactoyl-phenylalanine%22%29&format=json&resultType=core&pageSize=100&cursorMark=AoIIP8mECig1MzA0MzQ4OA%3D%3D,europe_pmc_rest_search
doi:10.1128/mr.57.1.50-108.1993,europe_pmc,MED,10.1128/mr.57.1.50-108.1993,8096622,PMC372901,,The complete general secretory pathway in gram-negative bacteria,Pugsley AP.,Microbiological reviews,1993,"journal article; research support, non-u.s. gov't; research-article; review",false,false,1124,,,https://europepmc.org/article/MED/8096622,"(""N-Lactoyl phenylalanine"" OR ""Lac-Phe"" OR ""N-lactoylphenylalanine"" OR ""lactoylphenylalanine"" OR ""N-lactoyl-phenylalanine"")",https://www.ebi.ac.uk/europepmc/webservices/rest/search?query=%28%22N-Lactoyl+phenylalanine%22+OR+%22Lac-Phe%22+OR+%22N-lactoylphenylalanine%22+OR+%22lactoylphenylalanine%22+OR+%22N-lactoyl-phenylalanine%22%29&format=json&resultType=core&pageSize=100&cursorMark=AoIIPWxCvyc0MDcwNjA1,europe_pmc_rest_search
doi:10.1128/msystems.00243-25,europe_pmc,MED,10.1128/msystems.00243-25,40293249,PMC12090771,,"Multi-trajectories of BMI, waist circumference, gut microbiota, and incident dyslipidemia: a 27-year prospective study","Zhang X, Guan F, Gou W, Wang Q, Du S, Su C, Zhang J, Zheng J-S, Wang H, Zhang B.",mSystems,2025,journal article; research-article,false,true,1,,,https://europepmc.org/article/MED/40293249,"(""N-Lactoyl phenylalanine"" OR ""Lac-Phe"" OR ""N-lactoylphenylalanine"" OR ""lactoylphenylalanine"" OR ""N-lactoyl-phenylalanine"")",https://www.ebi.ac.uk/europepmc/webservices/rest/search?query=%28%22N-Lactoyl+phenylalanine%22+OR+%22Lac-Phe%22+OR+%22N-lactoylphenylalanine%22+OR+%22lactoylphenylalanine%22+OR+%22N-lactoyl-phenylalanine%22%29&format=json&resultType=core&pageSize=100&cursorMark=%2A,europe_pmc_rest_search
doi:10.1128/spectrum.03557-25,europe_pmc,MED,10.1128/spectrum.03557-25,42023975,PMC13227990,,Marine exometabolites correlate with benthic fungal diversity and community structure in the South China Sea,"Liu X, Ma S-D, Li J-M, Liu H, Zhong Z-X, Zhang G-R, Hu W-H, Li H-J, Lan W-J.",Microbiology spectrum,2026,journal article; research-article,false,true,,,,https://europepmc.org/article/MED/42023975,"(""N-Lactoyl phenylalanine"" OR ""Lac-Phe"" OR ""N-lactoylphenylalanine"" OR ""lactoylphenylalanine"" OR ""N-lactoyl-phenylalanine"")",https://www.ebi.ac.uk/europepmc/webservices/rest/search?query=%28%22N-Lactoyl+phenylalanine%22+OR+%22Lac-Phe%22+OR+%22N-lactoylphenylalanine%22+OR+%22lactoylphenylalanine%22+OR+%22N-lactoyl-phenylalanine%22%29&format=json&resultType=core&pageSize=100&cursorMark=AoIIQG6ytCg1MTU3MDY0Nw%3D%3D,europe_pmc_rest_search
doi:10.1136/bmjopen-2024-093831,europe_pmc,MED,10.1136/bmjopen-2024-093831,40139705,PMC11950932,,"Metformin treatment for patients with hand osteoarthritis: protocol for the multicentre, randomised, placebo-controlled METRO trial","Madsen KS, Henriksen M, Døssing A, Poulsen AS, Oscar R, Kragstrup T, Ellegaard K, Knop FK, Boesen M, Hunter DJ, Christensen R, Bliddal H.",BMJ open,2025,clinical trial protocol; journal article; research-article,false,true,,,,https://europepmc.org/article/MED/40139705,"(""N-Lactoyl phenylalanine"" OR ""Lac-Phe"" OR ""N-lactoylphenylalanine"" OR ""lactoylphenylalanine"" OR ""N-lactoyl-phenylalanine"")",https://www.ebi.ac.uk/europepmc/webservices/rest/search?query=%28%22N-Lactoyl+phenylalanine%22+OR+%22Lac-Phe%22+OR+%22N-lactoylphenylalanine%22+OR+%22lactoylphenylalanine%22+OR+%22N-lactoyl-phenylalanine%22%29&format=json&resultType=core&pageSize=100&cursorMark=%2A,europe_pmc_rest_search
doi:10.1152/ajpendo.00037.2025,europe_pmc,MED,10.1152/ajpendo.00037.2025,40418349,,,Gut lactate increases circulating l-Lac-Phe and key metabolites linked to GLP-1 and human health,"Ghias E, Pedersen MGB, Nielsen CB, Bech LV, Modvig IM, Zubanovic NB, Seefeldt JM, Nielsen RR, Søndergaard E, Frisch K, Hansen J, Holst JJ, Møller N, Rittig N, Johannsen M.",American journal of physiology. Endocrinology and metabolism,2025,journal article,false,false,4,,,https://europepmc.org/article/MED/40418349,"(""N-Lactoyl phenylalanine"" OR ""Lac-Phe"" OR ""N-lactoylphenylalanine"" OR ""lactoylphenylalanine"" OR ""N-lactoyl-phenylalanine"")",https://www.ebi.ac.uk/europepmc/webservices/rest/search?query=%28%22N-Lactoyl+phenylalanine%22+OR+%22Lac-Phe%22+OR+%22N-lactoylphenylalanine%22+OR+%22lactoylphenylalanine%22+OR+%22N-lactoyl-phenylalanine%22%29&format=json&resultType=core&pageSize=100&cursorMark=%2A,europe_pmc_rest_search
doi:10.1152/japplphysiol.00497.2022,europe_pmc,MED,10.1152/japplphysiol.00497.2022,36633863,PMC9970662,,Lactate as a myokine and exerkine: drivers and signals of physiology and metabolism,"Brooks GA, Osmond AD, Arevalo JA, Duong JJ, Curl CC, Moreno-Santillan DD, Leija RG.","Journal of applied physiology (Bethesda, Md. : 1985)",2023,"journal article; research support, n.i.h., extramural; review; review-article",false,true,122,,,https://europepmc.org/article/MED/36633863,"(""N-Lactoyl phenylalanine"" OR ""Lac-Phe"" OR ""N-lactoylphenylalanine"" OR ""lactoylphenylalanine"" OR ""N-lactoyl-phenylalanine"")",https://www.ebi.ac.uk/europepmc/webservices/rest/search?query=%28%22N-Lactoyl+phenylalanine%22+OR+%22Lac-Phe%22+OR+%22N-lactoylphenylalanine%22+OR+%22lactoylphenylalanine%22+OR+%22N-lactoyl-phenylalanine%22%29&format=json&resultType=core&pageSize=100&cursorMark=AoIIP8mECig1MzA0MzQ4OA%3D%3D,europe_pmc_rest_search
doi:10.1152/physiol.00002.2025,europe_pmc,MED,10.1152/physiol.00002.2025,40763088,PMC12375902,,"What Do We Know of Human Fuel Use during Aerobic Exercise, and How Do We Know It?","Axsom J, Arany Z.","Physiology (Bethesda, Md.)",2026,journal article; research-article; review,false,false,1,,,https://europepmc.org/article/MED/40763088,"(""N-Lactoyl phenylalanine"" OR ""Lac-Phe"" OR ""N-lactoylphenylalanine"" OR ""lactoylphenylalanine"" OR ""N-lactoyl-phenylalanine"")",https://www.ebi.ac.uk/europepmc/webservices/rest/search?query=%28%22N-Lactoyl+phenylalanine%22+OR+%22Lac-Phe%22+OR+%22N-lactoylphenylalanine%22+OR+%22lactoylphenylalanine%22+OR+%22N-lactoyl-phenylalanine%22%29&format=json&resultType=core&pageSize=100&cursorMark=AoIIQG6ytCg1MTU3MDY0Nw%3D%3D,europe_pmc_rest_search
doi:10.1152/physrev.00001.2024,europe_pmc,MED,10.1152/physrev.00001.2024,41026912,PMC7619124,,The SLC-ome of membrane transport: From molecular discovery to physiology and clinical applications,"Gyimesi G, Tweedie S, Bruford E, Hediger MA.",Physiological reviews,2025,journal article; research-article; review,false,false,3,,,https://europepmc.org/article/MED/41026912,"(""N-Lactoyl phenylalanine"" OR ""Lac-Phe"" OR ""N-lactoylphenylalanine"" OR ""lactoylphenylalanine"" OR ""N-lactoyl-phenylalanine"")",https://www.ebi.ac.uk/europepmc/webservices/rest/search?query=%28%22N-Lactoyl+phenylalanine%22+OR+%22Lac-Phe%22+OR+%22N-lactoylphenylalanine%22+OR+%22lactoylphenylalanine%22+OR+%22N-lactoyl-phenylalanine%22%29&format=json&resultType=core&pageSize=100&cursorMark=AoIIP8mECig1MzA0MzQ4OA%3D%3D,europe_pmc_rest_search
doi:10.1155/2012/243217,europe_pmc,MED,10.1155/2012/243217,22830035,PMC3398574,,Involvement of the ligninolytic system of white-rot and litter-decomposing fungi in the degradation of polycyclic aromatic hydrocarbons,Pozdnyakova NN.,Biotechnology research international,2012,journal article; review-article,false,true,33,,,https://europepmc.org/article/MED/22830035,"(""N-Lactoyl phenylalanine"" OR ""Lac-Phe"" OR ""N-lactoylphenylalanine"" OR ""lactoylphenylalanine"" OR ""N-lactoyl-phenylalanine"")",https://www.ebi.ac.uk/europepmc/webservices/rest/search?query=%28%22N-Lactoyl+phenylalanine%22+OR+%22Lac-Phe%22+OR+%22N-lactoylphenylalanine%22+OR+%22lactoylphenylalanine%22+OR+%22N-lactoyl-phenylalanine%22%29&format=json&resultType=core&pageSize=100&cursorMark=AoIIP8mECig1MzA0MzQ4OA%3D%3D,europe_pmc_rest_search
doi:10.1155/anu/8260382,europe_pmc,MED,10.1155/anu/8260382,41798293,PMC12961228,,"Growth Performance and Intestinal Health of Triploid Rainbow Trout ( Oncorhynchus mykiss ) Through Bile Acid Supplementation in Low Fishmeal Diets: Insights From Metabolomics, Microbiota, and Gene Expression","Wang H, Liu S, Ma Z, Wang S, Zhang S, Lu S, Han S, Jiang H, Xu G, Liu H, Wang C.",Aquaculture nutrition,2026,journal article; research-article,false,true,1,,,https://europepmc.org/article/MED/41798293,"(""N-Lactoyl phenylalanine"" OR ""Lac-Phe"" OR ""N-lactoylphenylalanine"" OR ""lactoylphenylalanine"" OR ""N-lactoyl-phenylalanine"")",https://www.ebi.ac.uk/europepmc/webservices/rest/search?query=%28%22N-Lactoyl+phenylalanine%22+OR+%22Lac-Phe%22+OR+%22N-lactoylphenylalanine%22+OR+%22lactoylphenylalanine%22+OR+%22N-lactoyl-phenylalanine%22%29&format=json&resultType=core&pageSize=100&cursorMark=AoIIQG6ytCg1MTU3MDY0Nw%3D%3D,europe_pmc_rest_search
doi:10.1161/atvbaha.122.318871,europe_pmc,MED,10.1161/atvbaha.122.318871,36727520,,,Precise Metabolomics Defines Systemic Metabolic Dysregulation Distinct to Acute Myocardial Infarction Associated With Diabetes,"Xia JG, Li B, Zhang H, Li QX, Lam SM, Yin CL, Tian H, Shui G.","Arteriosclerosis, thrombosis, and vascular biology",2023,"journal article; research support, non-u.s. gov't",false,false,39,,,https://europepmc.org/article/MED/36727520,"(""N-Lactoyl phenylalanine"" OR ""Lac-Phe"" OR ""N-lactoylphenylalanine"" OR ""lactoylphenylalanine"" OR ""N-lactoyl-phenylalanine"")",https://www.ebi.ac.uk/europepmc/webservices/rest/search?query=%28%22N-Lactoyl+phenylalanine%22+OR+%22Lac-Phe%22+OR+%22N-lactoylphenylalanine%22+OR+%22lactoylphenylalanine%22+OR+%22N-lactoyl-phenylalanine%22%29&format=json&resultType=core&pageSize=100&cursorMark=%2A,europe_pmc_rest_search
doi:10.1161/circresaha.124.325614,europe_pmc,MED,10.1161/circresaha.124.325614,40403102,PMC12101524,,Skeletal Muscle as a Mediator of Interorgan Crosstalk During Exercise: Implications for Aging and Obesity,"Shero JA, Lindholm ME, Sandri M, Stanford KI.",Circulation research,2025,journal article; research-article; review,false,false,13,,,https://europepmc.org/article/MED/40403102,"(""N-Lactoyl phenylalanine"" OR ""Lac-Phe"" OR ""N-lactoylphenylalanine"" OR ""lactoylphenylalanine"" OR ""N-lactoyl-phenylalanine"")",https://www.ebi.ac.uk/europepmc/webservices/rest/search?query=%28%22N-Lactoyl+phenylalanine%22+OR+%22Lac-Phe%22+OR+%22N-lactoylphenylalanine%22+OR+%22lactoylphenylalanine%22+OR+%22N-lactoyl-phenylalanine%22%29&format=json&resultType=core&pageSize=100&cursorMark=AoIIQG6ytCg1MTU3MDY0Nw%3D%3D,europe_pmc_rest_search
doi:10.1167/iovs.66.2.37,europe_pmc,MED,10.1167/iovs.66.2.37,39937494,PMC11827895,,Metabolomic Characteristics of Aqueous Humor in Wet Age-Related Macular Degeneration and the Impact of Anti-VEGF Treatment,"Chen Y, Zhang X, Zhang Y, Zhang S, Huo Y, Wu Y, Shen L, Mao J.",Investigative ophthalmology & visual science,2025,journal article; research-article,false,true,3,,,https://europepmc.org/article/MED/39937494,"(""N-Lactoyl phenylalanine"" OR ""Lac-Phe"" OR ""N-lactoylphenylalanine"" OR ""lactoylphenylalanine"" OR ""N-lactoyl-phenylalanine"")",https://www.ebi.ac.uk/europepmc/webservices/rest/search?query=%28%22N-Lactoyl+phenylalanine%22+OR+%22Lac-Phe%22+OR+%22N-lactoylphenylalanine%22+OR+%22lactoylphenylalanine%22+OR+%22N-lactoyl-phenylalanine%22%29&format=json&resultType=core&pageSize=100&cursorMark=AoIIQG6ytCg1MTU3MDY0Nw%3D%3D,europe_pmc_rest_search
doi:10.1172/jci.insight.171225,europe_pmc,MED,10.1172/jci.insight.171225,37651185,PMC10619434,,Altered plasma metabolite levels can be detected years before a glioma diagnosis,"Löding S, Andersson U, Kaaks R, Schulze MB, Pala V, Urbarova I, Amiano P, Colorado-Yohar SM, Guevara M, Heath AK, Chatziioannou AC, Johansson M, Nyberg L, Antti H, Björkblom B, Melin B.",JCI insight,2023,"journal article; research support, non-u.s. gov't; research-article",false,true,12,,,https://europepmc.org/article/MED/37651185,"(""N-Lactoyl phenylalanine"" OR ""Lac-Phe"" OR ""N-lactoylphenylalanine"" OR ""lactoylphenylalanine"" OR ""N-lactoyl-phenylalanine"")",https://www.ebi.ac.uk/europepmc/webservices/rest/search?query=%28%22N-Lactoyl+phenylalanine%22+OR+%22Lac-Phe%22+OR+%22N-lactoylphenylalanine%22+OR+%22lactoylphenylalanine%22+OR+%22N-lactoyl-phenylalanine%22%29&format=json&resultType=core&pageSize=100&cursorMark=AoIIQG6ytCg1MTU3MDY0Nw%3D%3D,europe_pmc_rest_search
doi:10.1172/jci136055,europe_pmc,MED,10.1172/jci136055,33463549,PMC7810486,,Circulating markers of NADH-reductive stress correlate with mitochondrial disease severity,"Sharma R, Reinstadler B, Engelstad K, Skinner OS, Stackowitz E, Haller RG, Clish CB, Pierce K, Walker MA, Fryer R, Oglesbee D, Mao X, Shungu DC, Khatri A, Hirano M, De Vivo DC, Mootha VK.",The Journal of clinical investigation,2021,"clinical trial; journal article; multicenter study; research support, n.i.h., extramural; research support, non-u.s. gov't; research-article",false,false,180,,,https://europepmc.org/article/MED/33463549,"(""N-Lactoyl phenylalanine"" OR ""Lac-Phe"" OR ""N-lactoylphenylalanine"" OR ""lactoylphenylalanine"" OR ""N-lactoyl-phenylalanine"")",https://www.ebi.ac.uk/europepmc/webservices/rest/search?query=%28%22N-Lactoyl+phenylalanine%22+OR+%22Lac-Phe%22+OR+%22N-lactoylphenylalanine%22+OR+%22lactoylphenylalanine%22+OR+%22N-lactoyl-phenylalanine%22%29&format=json&resultType=core&pageSize=100&cursorMark=AoIIP8mECig1MzA0MzQ4OA%3D%3D,europe_pmc_rest_search
doi:10.1177/11206721221140948,europe_pmc,MED,10.1177/11206721221140948,36426575,PMC10469503,,The role of artificial intelligence in analysis of biofluid markers for diagnosis and management of glaucoma: A systematic review,"Pucchio A, Krance S, Pur DR, Bassi A, Miranda R, Felfeli T.",European journal of ophthalmology,2023,journal article; review-article; systematic review,false,true,4,,,https://europepmc.org/article/MED/36426575,"(""N-Lactoyl phenylalanine"" OR ""Lac-Phe"" OR ""N-lactoylphenylalanine"" OR ""lactoylphenylalanine"" OR ""N-lactoyl-phenylalanine"")",https://www.ebi.ac.uk/europepmc/webservices/rest/search?query=%28%22N-Lactoyl+phenylalanine%22+OR+%22Lac-Phe%22+OR+%22N-lactoylphenylalanine%22+OR+%22lactoylphenylalanine%22+OR+%22N-lactoyl-phenylalanine%22%29&format=json&resultType=core&pageSize=100&cursorMark=AoIIQG6ytCg1MTU3MDY0Nw%3D%3D,europe_pmc_rest_search
doi:10.1177/15598276221146125,europe_pmc,MED,10.1177/15598276221146125,36896034,PMC9989500,,The Power and Connection of the Six Pillars,Frates B.,American journal of lifestyle medicine,2023,journal article; other,false,false,12,,,https://europepmc.org/article/MED/36896034,"(""N-Lactoyl phenylalanine"" OR ""Lac-Phe"" OR ""N-lactoylphenylalanine"" OR ""lactoylphenylalanine"" OR ""N-lactoyl-phenylalanine"")",https://www.ebi.ac.uk/europepmc/webservices/rest/search?query=%28%22N-Lactoyl+phenylalanine%22+OR+%22Lac-Phe%22+OR+%22N-lactoylphenylalanine%22+OR+%22lactoylphenylalanine%22+OR+%22N-lactoyl-phenylalanine%22%29&format=json&resultType=core&pageSize=100&cursorMark=AoIIP8mECig1MzA0MzQ4OA%3D%3D,europe_pmc_rest_search
doi:10.1177/26331055231191523,europe_pmc,MED,10.1177/26331055231191523,37600456,PMC10436988,,The Physiological and Molecular Links Between Physical Activity and Brain Health: A Review,"Schock S, Hakim A.",Neuroscience insights,2023,journal article; review; review-article,false,true,2,,,https://europepmc.org/article/MED/37600456,"(""N-Lactoyl phenylalanine"" OR ""Lac-Phe"" OR ""N-lactoylphenylalanine"" OR ""lactoylphenylalanine"" OR ""N-lactoyl-phenylalanine"")",https://www.ebi.ac.uk/europepmc/webservices/rest/search?query=%28%22N-Lactoyl+phenylalanine%22+OR+%22Lac-Phe%22+OR+%22N-lactoylphenylalanine%22+OR+%22lactoylphenylalanine%22+OR+%22N-lactoyl-phenylalanine%22%29&format=json&resultType=core&pageSize=100&cursorMark=AoIIQG6ytCg1MTU3MDY0Nw%3D%3D,europe_pmc_rest_search
doi:10.1186/s12866-023-02993-9,europe_pmc,MED,10.1186/s12866-023-02993-9,37648978,PMC10466738,,Genomic and metabonomic methods reveal the probiotic functions of swine-derived Ligilactobacillus salivarius,"Yang J, Shang P, Zhang B, Wang J, Du Z, Wang S, Xing J, Zhang H.",BMC microbiology,2023,"journal article; research support, non-u.s. gov't; research-article",false,true,15,,,https://europepmc.org/article/MED/37648978,"(""N-Lactoyl phenylalanine"" OR ""Lac-Phe"" OR ""N-lactoylphenylalanine"" OR ""lactoylphenylalanine"" OR ""N-lactoyl-phenylalanine"")",https://www.ebi.ac.uk/europepmc/webservices/rest/search?query=%28%22N-Lactoyl+phenylalanine%22+OR+%22Lac-Phe%22+OR+%22N-lactoylphenylalanine%22+OR+%22lactoylphenylalanine%22+OR+%22N-lactoyl-phenylalanine%22%29&format=json&resultType=core&pageSize=100&cursorMark=%2A,europe_pmc_rest_search
doi:10.1186/s12877-025-05832-w,europe_pmc,MED,10.1186/s12877-025-05832-w,40069615,PMC11895367,,"Association between physical activity, trouble sleeping, and obesity among older Americans: a cross-sectional study based on NHANES data from 2007 to 2018","Hou X, Wang H, Yang Z, Jia Y, Lv Y, Dong X.",BMC geriatrics,2025,journal article; research-article,false,true,6,,,https://europepmc.org/article/MED/40069615,"(""N-Lactoyl phenylalanine"" OR ""Lac-Phe"" OR ""N-lactoylphenylalanine"" OR ""lactoylphenylalanine"" OR ""N-lactoyl-phenylalanine"")",https://www.ebi.ac.uk/europepmc/webservices/rest/search?query=%28%22N-Lactoyl+phenylalanine%22+OR+%22Lac-Phe%22+OR+%22N-lactoylphenylalanine%22+OR+%22lactoylphenylalanine%22+OR+%22N-lactoyl-phenylalanine%22%29&format=json&resultType=core&pageSize=100&cursorMark=AoIIP8mECig1MzA0MzQ4OA%3D%3D,europe_pmc_rest_search
doi:10.1186/s12889-025-21405-3,europe_pmc,MED,10.1186/s12889-025-21405-3,39827114,PMC11742208,,Optimal exercise dose on Body Mass Index (BMI) in children and adolescents with overweight and obesity: a systematic review and bayesian model-based network meta-analysis,"Huang Z, Sun G, Li J, Zhang B, Lai G, Jing H, Zhou Y.",BMC public health,2025,journal article; network meta-analysis; review-article; systematic review,false,true,5,,,https://europepmc.org/article/MED/39827114,"(""N-Lactoyl phenylalanine"" OR ""Lac-Phe"" OR ""N-lactoylphenylalanine"" OR ""lactoylphenylalanine"" OR ""N-lactoyl-phenylalanine"")",https://www.ebi.ac.uk/europepmc/webservices/rest/search?query=%28%22N-Lactoyl+phenylalanine%22+OR+%22Lac-Phe%22+OR+%22N-lactoylphenylalanine%22+OR+%22lactoylphenylalanine%22+OR+%22N-lactoyl-phenylalanine%22%29&format=json&resultType=core&pageSize=100&cursorMark=AoIIP8mECig1MzA0MzQ4OA%3D%3D,europe_pmc_rest_search
doi:10.1186/s12902-026-02441-5,crossref,journal-article,10.1186/s12902-026-02441-5,,,,The effect of blood flow restriction training on abdominal visceral fat and plasma N-lactoylphenylalanine among adults with obesity,"Li S, Cui T, Li S, Zheng X",BMC Endocrine Disorders,2026,journal-article,false,,,,,https://doi.org/10.1186/s12902-026-02441-5,N-lactoylphenylalanine,https://api.crossref.org/works?query.bibliographic=N-lactoylphenylalanine&rows=50&sort=relevance,crossref_rest_works
doi:10.1186/s12902-026-02441-5,crossref,journal-article,10.1186/s12902-026-02441-5,,,,The effect of blood flow restriction training on abdominal visceral fat and plasma N-lactoylphenylalanine among adults with obesity,"Li S, Cui T, Li S, Zheng X",BMC Endocrine Disorders,2026,journal-article,false,,,,,https://doi.org/10.1186/s12902-026-02441-5,lactoylphenylalanine,https://api.crossref.org/works?query.bibliographic=lactoylphenylalanine&rows=50&sort=relevance,crossref_rest_works
doi:10.1186/s12906-024-04638-4,europe_pmc,MED,10.1186/s12906-024-04638-4,39304871,PMC11416015,,Gegen Qinlian decoction alleviates depression-like behavior by modulating the gut microenvironment in CUMS rats,"Peng Y, Du Y, Zhang Y, Wang Z, Hu T, Mai Y, Song H, Pan W, Cai Q, Ge F, Fan Y, Kim HY, Liu D, Guan X.",BMC complementary medicine and therapies,2024,journal article; research-article,false,true,10,,,https://europepmc.org/article/MED/39304871,"(""N-Lactoyl phenylalanine"" OR ""Lac-Phe"" OR ""N-lactoylphenylalanine"" OR ""lactoylphenylalanine"" OR ""N-lactoyl-phenylalanine"")",https://www.ebi.ac.uk/europepmc/webservices/rest/search?query=%28%22N-Lactoyl+phenylalanine%22+OR+%22Lac-Phe%22+OR+%22N-lactoylphenylalanine%22+OR+%22lactoylphenylalanine%22+OR+%22N-lactoyl-phenylalanine%22%29&format=json&resultType=core&pageSize=100&cursorMark=%2A,europe_pmc_rest_search
doi:10.1186/s12915-023-01698-9,europe_pmc,MED,10.1186/s12915-023-01698-9,37726733,PMC10510295,,High-intensity interval training induces lactylation of fatty acid synthase to inhibit lipid synthesis,"Chen X, Huang W, Zhang J, Li Y, Xing Z, Guo L, Jiang H, Zhang J.",BMC biology,2023,"journal article; research support, non-u.s. gov't; research-article",false,true,27,,,https://europepmc.org/article/MED/37726733,"(""N-Lactoyl phenylalanine"" OR ""Lac-Phe"" OR ""N-lactoylphenylalanine"" OR ""lactoylphenylalanine"" OR ""N-lactoyl-phenylalanine"")",https://www.ebi.ac.uk/europepmc/webservices/rest/search?query=%28%22N-Lactoyl+phenylalanine%22+OR+%22Lac-Phe%22+OR+%22N-lactoylphenylalanine%22+OR+%22lactoylphenylalanine%22+OR+%22N-lactoyl-phenylalanine%22%29&format=json&resultType=core&pageSize=100&cursorMark=AoIIP8mECig1MzA0MzQ4OA%3D%3D,europe_pmc_rest_search
doi:10.1186/s12944-024-02397-2,europe_pmc,MED,10.1186/s12944-024-02397-2,39696579,PMC11653782,,High-intensity interval training or lactate administration combined with aerobic training enhances visceral fat loss while promoting VMH neuroplasticity in female rats,"Cheng B, Du J, Tian S, Zhang Z, Chen W, Liu Y.",Lipids in health and disease,2024,journal article; research-article,false,true,6,,,https://europepmc.org/article/MED/39696579,"(""N-Lactoyl phenylalanine"" OR ""Lac-Phe"" OR ""N-lactoylphenylalanine"" OR ""lactoylphenylalanine"" OR ""N-lactoyl-phenylalanine"")",https://www.ebi.ac.uk/europepmc/webservices/rest/search?query=%28%22N-Lactoyl+phenylalanine%22+OR+%22Lac-Phe%22+OR+%22N-lactoylphenylalanine%22+OR+%22lactoylphenylalanine%22+OR+%22N-lactoyl-phenylalanine%22%29&format=json&resultType=core&pageSize=100&cursorMark=%2A,europe_pmc_rest_search
doi:10.1186/s12974-025-03495-3,crossref,journal-article,10.1186/s12974-025-03495-3,,,,N-Lactoyl-Phenylalanine modulates lipid metabolism in microglia/macrophage via the AMPK-PGC1α-PPARγ pathway to promote recovery in mice with spinal cord injury,"Ying W, Weng W, Wang P, Pan C, Qiu J, Huang Q, Zhan G, Chen X",Journal of Neuroinflammation,2025,journal-article,false,,14,,,https://doi.org/10.1186/s12974-025-03495-3,N-Lactoyl phenylalanine,https://api.crossref.org/works?query.bibliographic=N-Lactoyl+phenylalanine&rows=50&sort=relevance,crossref_rest_works
doi:10.1186/s12974-025-03495-3,crossref,journal-article,10.1186/s12974-025-03495-3,,,,N-Lactoyl-Phenylalanine modulates lipid metabolism in microglia/macrophage via the AMPK-PGC1α-PPARγ pathway to promote recovery in mice with spinal cord injury,"Ying W, Weng W, Wang P, Pan C, Qiu J, Huang Q, Zhan G, Chen X",Journal of Neuroinflammation,2025,journal-article,false,,14,,,https://doi.org/10.1186/s12974-025-03495-3,N-lactoyl-phenylalanine,https://api.crossref.org/works?query.bibliographic=N-lactoyl-phenylalanine&rows=50&sort=relevance,crossref_rest_works
doi:10.1186/s12974-025-03495-3,europe_pmc,MED,10.1186/s12974-025-03495-3,40579710,PMC12205500,,N-Lactoyl-Phenylalanine modulates lipid metabolism in microglia/macrophage via the AMPK-PGC1α-PPARγ pathway to promote recovery in mice with spinal cord injury,"Ying W, Weng W, Wang P, Pan C, Qiu J, Huang Q, Zhan G, Chen X.",Journal of neuroinflammation,2025,journal article; research-article,false,true,12,,,https://europepmc.org/article/MED/40579710,"(""N-Lactoyl phenylalanine"" OR ""Lac-Phe"" OR ""N-lactoylphenylalanine"" OR ""lactoylphenylalanine"" OR ""N-lactoyl-phenylalanine"")",https://www.ebi.ac.uk/europepmc/webservices/rest/search?query=%28%22N-Lactoyl+phenylalanine%22+OR+%22Lac-Phe%22+OR+%22N-lactoylphenylalanine%22+OR+%22lactoylphenylalanine%22+OR+%22N-lactoyl-phenylalanine%22%29&format=json&resultType=core&pageSize=100&cursorMark=%2A,europe_pmc_rest_search
doi:10.1186/s13048-025-01610-9,europe_pmc,MED,10.1186/s13048-025-01610-9,39948579,PMC11823090,,Exploring the causal associations of the gut microbiota and plasma metabolites with ovarian cancer: an approach of mendelian randomization analysis combined with network pharmacology and molecular docking,"Guo J, Wang C, Li H, Ding C.",Journal of ovarian research,2025,journal article; research-article,false,true,7,,,https://europepmc.org/article/MED/39948579,"(""N-Lactoyl phenylalanine"" OR ""Lac-Phe"" OR ""N-lactoylphenylalanine"" OR ""lactoylphenylalanine"" OR ""N-lactoyl-phenylalanine"")",https://www.ebi.ac.uk/europepmc/webservices/rest/search?query=%28%22N-Lactoyl+phenylalanine%22+OR+%22Lac-Phe%22+OR+%22N-lactoylphenylalanine%22+OR+%22lactoylphenylalanine%22+OR+%22N-lactoyl-phenylalanine%22%29&format=json&resultType=core&pageSize=100&cursorMark=%2A,europe_pmc_rest_search
doi:10.1186/s13098-025-01825-2,europe_pmc,MED,10.1186/s13098-025-01825-2,40551233,PMC12183837,,Metformin reduces the risk of frailty: evidence from a Mendelian randomization study,"Chen T, Liu YL, Qiu HN, Lin CY, Wu F, Li JB, Lin JN.",Diabetology & metabolic syndrome,2025,journal article; research-article,false,true,1,,,https://europepmc.org/article/MED/40551233,"(""N-Lactoyl phenylalanine"" OR ""Lac-Phe"" OR ""N-lactoylphenylalanine"" OR ""lactoylphenylalanine"" OR ""N-lactoyl-phenylalanine"")",https://www.ebi.ac.uk/europepmc/webservices/rest/search?query=%28%22N-Lactoyl+phenylalanine%22+OR+%22Lac-Phe%22+OR+%22N-lactoylphenylalanine%22+OR+%22lactoylphenylalanine%22+OR+%22N-lactoyl-phenylalanine%22%29&format=json&resultType=core&pageSize=100&cursorMark=AoIIP8mECig1MzA0MzQ4OA%3D%3D,europe_pmc_rest_search
doi:10.1186/s13102-024-00876-8,europe_pmc,MED,10.1186/s13102-024-00876-8,38689329,PMC11061900,,Application of exercise therapy in patients with chronic kidney disease-induced muscle atrophy: a scoping review,"Yin J, Zhang X, Wang Z, Qu Z, Sun X, Song Y, Zhang H.","BMC sports science, medicine & rehabilitation",2024,journal article; research-article; scoping review,false,true,8,,,https://europepmc.org/article/MED/38689329,"(""N-Lactoyl phenylalanine"" OR ""Lac-Phe"" OR ""N-lactoylphenylalanine"" OR ""lactoylphenylalanine"" OR ""N-lactoyl-phenylalanine"")",https://www.ebi.ac.uk/europepmc/webservices/rest/search?query=%28%22N-Lactoyl+phenylalanine%22+OR+%22Lac-Phe%22+OR+%22N-lactoylphenylalanine%22+OR+%22lactoylphenylalanine%22+OR+%22N-lactoyl-phenylalanine%22%29&format=json&resultType=core&pageSize=100&cursorMark=AoIIP8mECig1MzA0MzQ4OA%3D%3D,europe_pmc_rest_search
doi:10.1186/s13293-025-00708-5,europe_pmc,MED,10.1186/s13293-025-00708-5,40264209,PMC12013048,,Sexual dimorphism in metabolomic and phenotypic spectra of UGT deficiency: findings from the Canadian Longitudinal Study on Aging,"Rivera-Herrera AL, Rouleau M, Singbo MNU, Cuppens T, Prunier J, Droit A, Simonyan D, Guillemette C.",Biology of sex differences,2025,journal article; research-article,false,true,3,,,https://europepmc.org/article/MED/40264209,"(""N-Lactoyl phenylalanine"" OR ""Lac-Phe"" OR ""N-lactoylphenylalanine"" OR ""lactoylphenylalanine"" OR ""N-lactoyl-phenylalanine"")",https://www.ebi.ac.uk/europepmc/webservices/rest/search?query=%28%22N-Lactoyl+phenylalanine%22+OR+%22Lac-Phe%22+OR+%22N-lactoylphenylalanine%22+OR+%22lactoylphenylalanine%22+OR+%22N-lactoyl-phenylalanine%22%29&format=json&resultType=core&pageSize=100&cursorMark=%2A,europe_pmc_rest_search
doi:10.1186/s13293-025-00780-x,europe_pmc,MED,10.1186/s13293-025-00780-x,41199406,PMC12593952,,Sexual dimorphism in the serum metabolome following acute exhaustive exercise,"Wu B, Tang C, Ren Z, Qian J, Deng Y, Fan Z, Zhang Y, Shi L.",Biology of sex differences,2025,"journal article; research support, non-u.s. gov't; research-article",false,true,5,,,https://europepmc.org/article/MED/41199406,"(""N-Lactoyl phenylalanine"" OR ""Lac-Phe"" OR ""N-lactoylphenylalanine"" OR ""lactoylphenylalanine"" OR ""N-lactoyl-phenylalanine"")",https://www.ebi.ac.uk/europepmc/webservices/rest/search?query=%28%22N-Lactoyl+phenylalanine%22+OR+%22Lac-Phe%22+OR+%22N-lactoylphenylalanine%22+OR+%22lactoylphenylalanine%22+OR+%22N-lactoyl-phenylalanine%22%29&format=json&resultType=core&pageSize=100&cursorMark=AoIIQG6ytCg1MTU3MDY0Nw%3D%3D,europe_pmc_rest_search
doi:10.1186/s40478-025-01946-9,europe_pmc,MED,10.1186/s40478-025-01946-9,39948634,PMC11823195,,Blood biomarker fingerprints in a cohort of patients with CHRNE-related congenital myasthenic syndrome,"Della Marina A, Koutsoulidou A, Natera-de Benito D, Tykocinski LO, Tomazou M, Georgiou K, Laner A, Kölbel H, Nascimento A, Ortez C, Abicht A, Thakur BK, Lochmüller H, Phylactou LA, Ruck T, Schara-Schmidt U, Kale D, Hentschel A, Roos A.",Acta neuropathologica communications,2025,"journal article; multicenter study; research support, non-u.s. gov't; research-article",false,true,1,,,https://europepmc.org/article/MED/39948634,"(""N-Lactoyl phenylalanine"" OR ""Lac-Phe"" OR ""N-lactoylphenylalanine"" OR ""lactoylphenylalanine"" OR ""N-lactoyl-phenylalanine"")",https://www.ebi.ac.uk/europepmc/webservices/rest/search?query=%28%22N-Lactoyl+phenylalanine%22+OR+%22Lac-Phe%22+OR+%22N-lactoylphenylalanine%22+OR+%22lactoylphenylalanine%22+OR+%22N-lactoyl-phenylalanine%22%29&format=json&resultType=core&pageSize=100&cursorMark=AoIIP8mECig1MzA0MzQ4OA%3D%3D,europe_pmc_rest_search
doi:10.1186/s40798-026-00989-z,europe_pmc,MED,10.1186/s40798-026-00989-z,41801539,PMC12972380,,"Characterizing Human Oxidative, Anabolic and Glycolytic Metabolism in Athletes with Extreme Physiologies","Schranner D, Wackerhage H, Weinisch P, Schlegel J, Bremer S, Scherr J, Römisch-Margl W, Riermeier A, Zelger O, Stöcker F, Artati A, Witting M, Krumsiek J, Halle M, Schönfelder M, Kastenmüller G.",Sports medicine - open,2026,journal article; research-article,false,true,,,,https://europepmc.org/article/MED/41801539,"(""N-Lactoyl phenylalanine"" OR ""Lac-Phe"" OR ""N-lactoylphenylalanine"" OR ""lactoylphenylalanine"" OR ""N-lactoyl-phenylalanine"")",https://www.ebi.ac.uk/europepmc/webservices/rest/search?query=%28%22N-Lactoyl+phenylalanine%22+OR+%22Lac-Phe%22+OR+%22N-lactoylphenylalanine%22+OR+%22lactoylphenylalanine%22+OR+%22N-lactoyl-phenylalanine%22%29&format=json&resultType=core&pageSize=100&cursorMark=%2A,europe_pmc_rest_search
doi:10.1186/s43556-026-00483-8,europe_pmc,MED,10.1186/s43556-026-00483-8,42234316,PMC13234062,,"Exercise mimetics: molecular mechanisms, biological and therapeutic effects","Zhang J, Shao Q, Cheng T, Lin J, Tang Y, Lu H, Zhang Y, Yu Z, Cao L.",Molecular biomedicine,2026,journal article; review; review-article,false,true,,,,https://europepmc.org/article/MED/42234316,"(""N-Lactoyl phenylalanine"" OR ""Lac-Phe"" OR ""N-lactoylphenylalanine"" OR ""lactoylphenylalanine"" OR ""N-lactoyl-phenylalanine"")",https://www.ebi.ac.uk/europepmc/webservices/rest/search?query=%28%22N-Lactoyl+phenylalanine%22+OR+%22Lac-Phe%22+OR+%22N-lactoylphenylalanine%22+OR+%22lactoylphenylalanine%22+OR+%22N-lactoyl-phenylalanine%22%29&format=json&resultType=core&pageSize=100&cursorMark=AoIIQG6ytCg1MTU3MDY0Nw%3D%3D,europe_pmc_rest_search
doi:10.1210/clinem/dgad452,europe_pmc,MED,10.1210/clinem/dgad452,37560996,PMC10735554,,Metabolites as Risk Factors for Diabetic Retinopathy in Patients With Type 2 Diabetes: A 12-Year Follow-up Study,"Fernandes Silva L, Hokkanen J, Vangipurapu J, Oravilahti A, Laakso M.",The Journal of clinical endocrinology and metabolism,2023,"journal article; research support, non-u.s. gov't; research-article",false,true,38,,,https://europepmc.org/article/MED/37560996,"(""N-Lactoyl phenylalanine"" OR ""Lac-Phe"" OR ""N-lactoylphenylalanine"" OR ""lactoylphenylalanine"" OR ""N-lactoyl-phenylalanine"")",https://www.ebi.ac.uk/europepmc/webservices/rest/search?query=%28%22N-Lactoyl+phenylalanine%22+OR+%22Lac-Phe%22+OR+%22N-lactoylphenylalanine%22+OR+%22lactoylphenylalanine%22+OR+%22N-lactoyl-phenylalanine%22%29&format=json&resultType=core&pageSize=100&cursorMark=%2A,europe_pmc_rest_search
doi:10.1210/clinem/dgaf296,europe_pmc,MED,10.1210/clinem/dgaf296,40417941,PMC12712960,,Maternal Physical Activity and Its Relationship to the Human Milk Metabolome and Infant Body Composition,"Lu C, Dreyfuss JM, Hua T, Wolfs D, Nagel EM, Peña A, Lock EF, Seburg E, Pierce S, Kyere-Davies G, Johnson KE, Uniyal A, Tu J, Gale CA, Blekhman R, Kiebish M, Aristizabal-Henao JJ, Short KR, Rudolph MC, Demerath EW, Fields DA, Isganaitis E.",The Journal of clinical endocrinology and metabolism,2025,"journal article; research support, n.i.h., extramural; research support, non-u.s. gov't; research-article",false,false,5,,,https://europepmc.org/article/MED/40417941,"(""N-Lactoyl phenylalanine"" OR ""Lac-Phe"" OR ""N-lactoylphenylalanine"" OR ""lactoylphenylalanine"" OR ""N-lactoyl-phenylalanine"")",https://www.ebi.ac.uk/europepmc/webservices/rest/search?query=%28%22N-Lactoyl+phenylalanine%22+OR+%22Lac-Phe%22+OR+%22N-lactoylphenylalanine%22+OR+%22lactoylphenylalanine%22+OR+%22N-lactoyl-phenylalanine%22%29&format=json&resultType=core&pageSize=100&cursorMark=AoIIQG6ytCg1MTU3MDY0Nw%3D%3D,europe_pmc_rest_search
doi:10.1210/endrev/bnaf004,europe_pmc,MED,10.1210/endrev/bnaf004,39929239,PMC12063102,,Antiobesity Pharmacotherapy for Patients With Genetic Obesity Due to Defects in the Leptin-Melanocortin Pathway,"Welling MS, van Rossum EFC, van den Akker ELT.",Endocrine reviews,2025,journal article; review; review-article,false,true,2,,,https://europepmc.org/article/MED/39929239,"(""N-Lactoyl phenylalanine"" OR ""Lac-Phe"" OR ""N-lactoylphenylalanine"" OR ""lactoylphenylalanine"" OR ""N-lactoyl-phenylalanine"")",https://www.ebi.ac.uk/europepmc/webservices/rest/search?query=%28%22N-Lactoyl+phenylalanine%22+OR+%22Lac-Phe%22+OR+%22N-lactoylphenylalanine%22+OR+%22lactoylphenylalanine%22+OR+%22N-lactoyl-phenylalanine%22%29&format=json&resultType=core&pageSize=100&cursorMark=AoIIP8mECig1MzA0MzQ4OA%3D%3D,europe_pmc_rest_search
doi:10.1210/jendso/bvaf149.193,crossref,journal-article,10.1210/jendso/bvaf149.193,,,,SUN-684 Anti-Obesity Effects of HSYA through Inducing Lac-Phe and Inhibiting GIP,"Hu W, Yan K, Lyu X, Guo X, Zhou Z, Zhao Y, Wang L, Yang H, Zhu H, Pan H, Yang Q, Gong F",Journal of the Endocrine Society,2025,journal-article,false,,,,,https://doi.org/10.1210/jendso/bvaf149.193,Lac-Phe,https://api.crossref.org/works?query.bibliographic=Lac-Phe&rows=50&sort=relevance,crossref_rest_works
doi:10.1249/mss.0000000000003800,europe_pmc,MED,10.1249/mss.0000000000003800,40601479,PMC12893147,,Dynamic Metabolic Changes Driven by Exercise Intensity in Acute Swimming,"Tang C, Wu B, Deng Y, Liu S, Zeng X, Ren J, Zhang Y, Zhao LI, Shi L.",Medicine and science in sports and exercise,2025,journal article; randomized controlled trial; research-article,false,true,1,,,https://europepmc.org/article/MED/40601479,"(""N-Lactoyl phenylalanine"" OR ""Lac-Phe"" OR ""N-lactoylphenylalanine"" OR ""lactoylphenylalanine"" OR ""N-lactoyl-phenylalanine"")",https://www.ebi.ac.uk/europepmc/webservices/rest/search?query=%28%22N-Lactoyl+phenylalanine%22+OR+%22Lac-Phe%22+OR+%22N-lactoylphenylalanine%22+OR+%22lactoylphenylalanine%22+OR+%22N-lactoyl-phenylalanine%22%29&format=json&resultType=core&pageSize=100&cursorMark=%2A,europe_pmc_rest_search
doi:10.1371/journal.pbio.3003617,europe_pmc,MED,10.1371/journal.pbio.3003617,41557725,PMC12844506,,Targeting immunometabolism in cancer through pharmacological and lifestyle interventions,"Tan RJY, Liu Y, Chen W, Liang Y, Ling GS.",PLoS biology,2026,journal article; review; review-article,false,true,2,,,https://europepmc.org/article/MED/41557725,"(""N-Lactoyl phenylalanine"" OR ""Lac-Phe"" OR ""N-lactoylphenylalanine"" OR ""lactoylphenylalanine"" OR ""N-lactoyl-phenylalanine"")",https://www.ebi.ac.uk/europepmc/webservices/rest/search?query=%28%22N-Lactoyl+phenylalanine%22+OR+%22Lac-Phe%22+OR+%22N-lactoylphenylalanine%22+OR+%22lactoylphenylalanine%22+OR+%22N-lactoyl-phenylalanine%22%29&format=json&resultType=core&pageSize=100&cursorMark=%2A,europe_pmc_rest_search
doi:10.1371/journal.pone.0000595,europe_pmc,MED,10.1371/journal.pone.0000595,17611627,PMC1899231,,Inflammatory multiple-sclerosis plaques generate characteristic metabolic profiles in cerebrospinal fluid,"Lutz NW, Viola A, Malikova I, Confort-Gouny S, Audoin B, Ranjeva JP, Pelletier J, Cozzone PJ.",PloS one,2007,"journal article; research support, non-u.s. gov't; research-article",false,true,69,,,https://europepmc.org/article/MED/17611627,"(""N-Lactoyl phenylalanine"" OR ""Lac-Phe"" OR ""N-lactoylphenylalanine"" OR ""lactoylphenylalanine"" OR ""N-lactoyl-phenylalanine"")",https://www.ebi.ac.uk/europepmc/webservices/rest/search?query=%28%22N-Lactoyl+phenylalanine%22+OR+%22Lac-Phe%22+OR+%22N-lactoylphenylalanine%22+OR+%22lactoylphenylalanine%22+OR+%22N-lactoyl-phenylalanine%22%29&format=json&resultType=core&pageSize=100&cursorMark=AoIIP8mECig1MzA0MzQ4OA%3D%3D,europe_pmc_rest_search
doi:10.1371/journal.pone.0236203,europe_pmc,MED,10.1371/journal.pone.0236203,33175875,PMC7657567,,Urine metabolomics of rats with chronic atrophic gastritis,"Zu GX, Sun QQ, Chen J, Liu XJ, Sun KY, Zhang LK, Li L, Han T, Huang HL.",PloS one,2020,"journal article; research support, non-u.s. gov't; research-article",false,true,11,,,https://europepmc.org/article/MED/33175875,"(""N-Lactoyl phenylalanine"" OR ""Lac-Phe"" OR ""N-lactoylphenylalanine"" OR ""lactoylphenylalanine"" OR ""N-lactoyl-phenylalanine"")",https://www.ebi.ac.uk/europepmc/webservices/rest/search?query=%28%22N-Lactoyl+phenylalanine%22+OR+%22Lac-Phe%22+OR+%22N-lactoylphenylalanine%22+OR+%22lactoylphenylalanine%22+OR+%22N-lactoyl-phenylalanine%22%29&format=json&resultType=core&pageSize=100&cursorMark=AoIIP8mECig1MzA0MzQ4OA%3D%3D,europe_pmc_rest_search
doi:10.1371/journal.pone.0288996,europe_pmc,MED,10.1371/journal.pone.0288996,37471354,PMC10358902,,Responsiveness to endurance training can be partly explained by the number of favorable single nucleotide polymorphisms an individual possesses,"Chung HC, Keiller DR, Swain PM, Chapman SL, Roberts JD, Gordon DA.",PloS one,2023,journal article; randomized controlled trial; research-article,false,true,1,,,https://europepmc.org/article/MED/37471354,"(""N-Lactoyl phenylalanine"" OR ""Lac-Phe"" OR ""N-lactoylphenylalanine"" OR ""lactoylphenylalanine"" OR ""N-lactoyl-phenylalanine"")",https://www.ebi.ac.uk/europepmc/webservices/rest/search?query=%28%22N-Lactoyl+phenylalanine%22+OR+%22Lac-Phe%22+OR+%22N-lactoylphenylalanine%22+OR+%22lactoylphenylalanine%22+OR+%22N-lactoyl-phenylalanine%22%29&format=json&resultType=core&pageSize=100&cursorMark=AoIIQG6ytCg1MTU3MDY0Nw%3D%3D,europe_pmc_rest_search
doi:10.14814/phy2.70022,europe_pmc,MED,10.14814/phy2.70022,39187396,PMC11347021,,Exercise-induced appetite suppression: An update on potential mechanisms,"McCarthy SF, Tucker JAL, Hazell TJ.",Physiological reports,2024,journal article; review; review-article,false,true,16,,,https://europepmc.org/article/MED/39187396,"(""N-Lactoyl phenylalanine"" OR ""Lac-Phe"" OR ""N-lactoylphenylalanine"" OR ""lactoylphenylalanine"" OR ""N-lactoyl-phenylalanine"")",https://www.ebi.ac.uk/europepmc/webservices/rest/search?query=%28%22N-Lactoyl+phenylalanine%22+OR+%22Lac-Phe%22+OR+%22N-lactoylphenylalanine%22+OR+%22lactoylphenylalanine%22+OR+%22N-lactoyl-phenylalanine%22%29&format=json&resultType=core&pageSize=100&cursorMark=AoIIQG6ytCg1MTU3MDY0Nw%3D%3D,europe_pmc_rest_search
doi:10.14814/phy2.70167,europe_pmc,MED,10.14814/phy2.70167,39722170,PMC11669573,,Acute effect of exercise on appetite-related factors in males with obesity: A pilot study,"Asri S, Rahmani-Nia F, Saidie P, Fairchild TJ, Khodabandeh S.",Physiological reports,2024,journal article; research-article,false,true,3,,,https://europepmc.org/article/MED/39722170,"(""N-Lactoyl phenylalanine"" OR ""Lac-Phe"" OR ""N-lactoylphenylalanine"" OR ""lactoylphenylalanine"" OR ""N-lactoyl-phenylalanine"")",https://www.ebi.ac.uk/europepmc/webservices/rest/search?query=%28%22N-Lactoyl+phenylalanine%22+OR+%22Lac-Phe%22+OR+%22N-lactoylphenylalanine%22+OR+%22lactoylphenylalanine%22+OR+%22N-lactoyl-phenylalanine%22%29&format=json&resultType=core&pageSize=100&cursorMark=AoIIQG6ytCg1MTU3MDY0Nw%3D%3D,europe_pmc_rest_search
doi:10.1515/mr-2025-0030,crossref,journal-article,10.1515/mr-2025-0030,,,,Lac-Phe: a central metabolic regulator and biomarker,"Yao T, Wen G, Wu Z, Shen N",Medical Review,2025,journal-article,false,,4,,,https://doi.org/10.1515/mr-2025-0030,Lac-Phe,https://api.crossref.org/works?query.bibliographic=Lac-Phe&rows=50&sort=relevance,crossref_rest_works
doi:10.1515/mr-2025-0030,europe_pmc,MED,10.1515/mr-2025-0030,41158288,PMC12558030,,Lac-Phe: a central metabolic regulator and biomarker,"Yao T, Wen GA, Wu Z, Shen N.",Medical review (2021),2025,journal article; research-article,false,true,2,,,https://europepmc.org/article/MED/41158288,"(""N-Lactoyl phenylalanine"" OR ""Lac-Phe"" OR ""N-lactoylphenylalanine"" OR ""lactoylphenylalanine"" OR ""N-lactoyl-phenylalanine"")",https://www.ebi.ac.uk/europepmc/webservices/rest/search?query=%28%22N-Lactoyl+phenylalanine%22+OR+%22Lac-Phe%22+OR+%22N-lactoylphenylalanine%22+OR+%22lactoylphenylalanine%22+OR+%22N-lactoyl-phenylalanine%22%29&format=json&resultType=core&pageSize=100&cursorMark=%2A,europe_pmc_rest_search
doi:10.1523/jneurosci.11-03-00740.1991,crossref,journal-article,10.1523/jneurosci.11-03-00740.1991,,,,Neuropeptides Gly-Asp-Pro-Phe-Leu-Arg-Phe-amide (GDPFLRFamide) and Ser- Asp-Pro-Phe-Leu-Arg-Phe-amide (SDPFLRFamide) are encoded by an exon 3' to Phe-Met-Arg-Phe-NH2 (FMRFamide) in the snail Lymnaea stagnalis,"Saunders S, Bright K, Kellett E, Benjamin P, Burke J",The Journal of Neuroscience,1991,journal-article,false,,51,,,https://doi.org/10.1523/jneurosci.11-03-00740.1991,Lac-Phe,https://api.crossref.org/works?query.bibliographic=Lac-Phe&rows=50&sort=relevance,crossref_rest_works
doi:10.18632/aging.203731,europe_pmc,MED,10.18632/aging.203731,34851303,PMC8714139,,Metabolomic profiling of plasma from middle-aged and advanced-age male mice reveals the metabolic abnormalities of carnitine biosynthesis in metallothionein gene knockout mice,"Kadota Y, Yano A, Kawakami T, Sato M, Suzuki S.",Aging,2021,"journal article; research support, non-u.s. gov't; research-article",false,true,6,,,https://europepmc.org/article/MED/34851303,"(""N-Lactoyl phenylalanine"" OR ""Lac-Phe"" OR ""N-lactoylphenylalanine"" OR ""lactoylphenylalanine"" OR ""N-lactoyl-phenylalanine"")",https://www.ebi.ac.uk/europepmc/webservices/rest/search?query=%28%22N-Lactoyl+phenylalanine%22+OR+%22Lac-Phe%22+OR+%22N-lactoylphenylalanine%22+OR+%22lactoylphenylalanine%22+OR+%22N-lactoyl-phenylalanine%22%29&format=json&resultType=core&pageSize=100&cursorMark=AoIIP8mECig1MzA0MzQ4OA%3D%3D,europe_pmc_rest_search
doi:10.21037/cdt-24-431,europe_pmc,MED,10.21037/cdt-24-431,40385284,PMC12082212,,Recent progress in metabolomic analysis of acute coronary syndrome: a narrative review,"Liu J, Li T, Qi X, He C.",Cardiovascular diagnosis and therapy,2025,journal article; review; review-article,false,true,,,,https://europepmc.org/article/MED/40385284,"(""N-Lactoyl phenylalanine"" OR ""Lac-Phe"" OR ""N-lactoylphenylalanine"" OR ""lactoylphenylalanine"" OR ""N-lactoyl-phenylalanine"")",https://www.ebi.ac.uk/europepmc/webservices/rest/search?query=%28%22N-Lactoyl+phenylalanine%22+OR+%22Lac-Phe%22+OR+%22N-lactoylphenylalanine%22+OR+%22lactoylphenylalanine%22+OR+%22N-lactoyl-phenylalanine%22%29&format=json&resultType=core&pageSize=100&cursorMark=AoIIP8mECig1MzA0MzQ4OA%3D%3D,europe_pmc_rest_search
doi:10.21037/tcr-24-359,europe_pmc,MED,10.21037/tcr-24-359,39430859,PMC11483427,,"Unveiling the atlas of associations between 1,400 plasma metabolites and 24 tumors: Mendelian randomization analyses","Zhang J, Hao Z, Chen Z, Su X, Xu W, Jiang X, Nian X.",Translational cancer research,2024,journal article; research-article,false,true,2,,,https://europepmc.org/article/MED/39430859,"(""N-Lactoyl phenylalanine"" OR ""Lac-Phe"" OR ""N-lactoylphenylalanine"" OR ""lactoylphenylalanine"" OR ""N-lactoyl-phenylalanine"")",https://www.ebi.ac.uk/europepmc/webservices/rest/search?query=%28%22N-Lactoyl+phenylalanine%22+OR+%22Lac-Phe%22+OR+%22N-lactoylphenylalanine%22+OR+%22lactoylphenylalanine%22+OR+%22N-lactoyl-phenylalanine%22%29&format=json&resultType=core&pageSize=100&cursorMark=AoIIQG6ytCg1MTU3MDY0Nw%3D%3D,europe_pmc_rest_search
doi:10.21203/rs.3.rs-4865146/v1,crossref,posted-content,10.21203/rs.3.rs-4865146/v1,,,,Rapid detection of N-lactoyl-phenylalanine for exercise evaluation using dual DNA biosensors based on solution-gated graphene field-effect transistor,"Li J, Zhang M, Zhang C, Zhang Y, Chen W, Liu J, Qu H, Wang L",,2024,posted-content,true,,,,,https://doi.org/10.21203/rs.3.rs-4865146/v1,N-Lactoyl phenylalanine,https://api.crossref.org/works?query.bibliographic=N-Lactoyl+phenylalanine&rows=50&sort=relevance,crossref_rest_works
doi:10.21203/rs.3.rs-4865146/v1,crossref,posted-content,10.21203/rs.3.rs-4865146/v1,,,,Rapid detection of N-lactoyl-phenylalanine for exercise evaluation using dual DNA biosensors based on solution-gated graphene field-effect transistor,"Li J, Zhang M, Zhang C, Zhang Y, Chen W, Liu J, Qu H, Wang L",,2024,posted-content,true,,,,,https://doi.org/10.21203/rs.3.rs-4865146/v1,N-lactoyl-phenylalanine,https://api.crossref.org/works?query.bibliographic=N-lactoyl-phenylalanine&rows=50&sort=relevance,crossref_rest_works
doi:10.21203/rs.3.rs-4865146/v1,europe_pmc,PPR,10.21203/rs.3.rs-4865146/v1,,,,Rapid detection of N-lactoyl-phenylalanine for exercise evaluation using dual DNA biosensors based on solution-gated graphene field-effect transistor,"Li J, Zhang M, Zhang C, Zhang Y, Chen W, Liu J, Qu H, Wang L.",,2024,preprint,true,false,,,,https://europepmc.org/article/PPR/PPR906553,"(""N-Lactoyl phenylalanine"" OR ""Lac-Phe"" OR ""N-lactoylphenylalanine"" OR ""lactoylphenylalanine"" OR ""N-lactoyl-phenylalanine"")",https://www.ebi.ac.uk/europepmc/webservices/rest/search?query=%28%22N-Lactoyl+phenylalanine%22+OR+%22Lac-Phe%22+OR+%22N-lactoylphenylalanine%22+OR+%22lactoylphenylalanine%22+OR+%22N-lactoyl-phenylalanine%22%29&format=json&resultType=core&pageSize=100&cursorMark=%2A,europe_pmc_rest_search
doi:10.21203/rs.3.rs-6043857/v1,europe_pmc,PPR,10.21203/rs.3.rs-6043857/v1,,,,Integrated multi-omics analyses reveal causal insights into the molecular landscape of urologic cancers,"Xiang C, Yang X, Wu S, Han Z, He H, Li Y, Cui X, Mi J, Tian G, Xu F, Zhu Y, Lin C.",,2025,preprint,true,false,,,,https://europepmc.org/article/PPR/PPR982825,"(""N-Lactoyl phenylalanine"" OR ""Lac-Phe"" OR ""N-lactoylphenylalanine"" OR ""lactoylphenylalanine"" OR ""N-lactoyl-phenylalanine"")",https://www.ebi.ac.uk/europepmc/webservices/rest/search?query=%28%22N-Lactoyl+phenylalanine%22+OR+%22Lac-Phe%22+OR+%22N-lactoylphenylalanine%22+OR+%22lactoylphenylalanine%22+OR+%22N-lactoyl-phenylalanine%22%29&format=json&resultType=core&pageSize=100&cursorMark=%2A,europe_pmc_rest_search
doi:10.21203/rs.3.rs-9241824/v1,europe_pmc,PPR,10.21203/rs.3.rs-9241824/v1,,,,Genome-wide identification of the GRAS transcription factor family and regulation of metabolites under drought and salt stress in Isatis indigotica,"Chen J, Zhang K, Li H, Lv Z, Yu Y, Ha D, Liu J, Ma Y, Jiang M.",,2026,preprint,true,true,,,,https://europepmc.org/article/PPR/PPR1176897,"(""N-Lactoyl phenylalanine"" OR ""Lac-Phe"" OR ""N-lactoylphenylalanine"" OR ""lactoylphenylalanine"" OR ""N-lactoyl-phenylalanine"")",https://www.ebi.ac.uk/europepmc/webservices/rest/search?query=%28%22N-Lactoyl+phenylalanine%22+OR+%22Lac-Phe%22+OR+%22N-lactoylphenylalanine%22+OR+%22lactoylphenylalanine%22+OR+%22N-lactoyl-phenylalanine%22%29&format=json&resultType=core&pageSize=100&cursorMark=%2A,europe_pmc_rest_search
doi:10.2139/ssrn.6291466,crossref,posted-content,10.2139/ssrn.6291466,,,,N-Lactoyl-Phenylalanine: An Exercise-Inducible Metabolite that Suppresses Feeding and Obesity - Species Dependence and Compound Characterization,"Le Foll C, Baldassari C, Mazzini G, Serra G, Laino T, Curioni A, Lutz T",,2026,posted-content,true,,,,,https://doi.org/10.2139/ssrn.6291466,N-Lactoyl phenylalanine,https://api.crossref.org/works?query.bibliographic=N-Lactoyl+phenylalanine&rows=50&sort=relevance,crossref_rest_works
doi:10.2139/ssrn.6291466,crossref,posted-content,10.2139/ssrn.6291466,,,,N-Lactoyl-Phenylalanine: An Exercise-Inducible Metabolite that Suppresses Feeding and Obesity - Species Dependence and Compound Characterization,"Le Foll C, Baldassari C, Mazzini G, Serra G, Laino T, Curioni A, Lutz T",,2026,posted-content,true,,,,,https://doi.org/10.2139/ssrn.6291466,N-lactoyl-phenylalanine,https://api.crossref.org/works?query.bibliographic=N-lactoyl-phenylalanine&rows=50&sort=relevance,crossref_rest_works
doi:10.2147/ndt.s584034,europe_pmc,MED,10.2147/ndt.s584034,41756058,PMC12932092,,Depression and Gastrointestinal Health Abnormalities: Treatment Approaches from the Perspective of Traditional Chinese Medicine,"Lu K, Tang A, Liu Y, Li L, Fang R, Zhang S, Chen Y, Cao F.",Neuropsychiatric disease and treatment,2026,journal article; review; review-article,false,true,1,,,https://europepmc.org/article/MED/41756058,"(""N-Lactoyl phenylalanine"" OR ""Lac-Phe"" OR ""N-lactoylphenylalanine"" OR ""lactoylphenylalanine"" OR ""N-lactoyl-phenylalanine"")",https://www.ebi.ac.uk/europepmc/webservices/rest/search?query=%28%22N-Lactoyl+phenylalanine%22+OR+%22Lac-Phe%22+OR+%22N-lactoylphenylalanine%22+OR+%22lactoylphenylalanine%22+OR+%22N-lactoyl-phenylalanine%22%29&format=json&resultType=core&pageSize=100&cursorMark=AoIIP8mECig1MzA0MzQ4OA%3D%3D,europe_pmc_rest_search
doi:10.2174/0115701786492436260617164313,crossref,journal-article,10.2174/0115701786492436260617164313,,,,Practical Synthesis of N-Lactoyl-Phenylalanine and Its Isotopically Deuterated Variant Lac-Phe-d5,Touaibia M,Letters in Organic Chemistry,2026,journal-article,false,,,,,https://doi.org/10.2174/0115701786492436260617164313,N-Lactoyl phenylalanine,https://api.crossref.org/works?query.bibliographic=N-Lactoyl+phenylalanine&rows=50&sort=relevance,crossref_rest_works
doi:10.2174/0115701786492436260617164313,crossref,journal-article,10.2174/0115701786492436260617164313,,,,Practical Synthesis of N-Lactoyl-Phenylalanine and Its Isotopically Deuterated Variant Lac-Phe-d5,Touaibia M,Letters in Organic Chemistry,2026,journal-article,false,,,,,https://doi.org/10.2174/0115701786492436260617164313,Lac-Phe,https://api.crossref.org/works?query.bibliographic=Lac-Phe&rows=50&sort=relevance,crossref_rest_works
doi:10.2174/0115701786492436260617164313,crossref,journal-article,10.2174/0115701786492436260617164313,,,,Practical Synthesis of N-Lactoyl-Phenylalanine and Its Isotopically Deuterated Variant Lac-Phe-d5,Touaibia M,Letters in Organic Chemistry,2026,journal-article,false,,,,,https://doi.org/10.2174/0115701786492436260617164313,N-lactoyl-phenylalanine,https://api.crossref.org/works?query.bibliographic=N-lactoyl-phenylalanine&rows=50&sort=relevance,crossref_rest_works
doi:10.2210/pdb6mw2/pdb,crossref,dataset,10.2210/pdb6mw2/pdb,,,,cyclo-Mle-Phe-Mle-D-Phe. D-Phe analogue of pseudoxylallemycin A,"Cameron A, Harris P, Brimble M, Squire C",Worldwide Protein Data Bank,2018,dataset,false,,,,,https://doi.org/10.2210/pdb6mw2/pdb,Lac-Phe,https://api.crossref.org/works?query.bibliographic=Lac-Phe&rows=50&sort=relevance,crossref_rest_works
doi:10.2337/dbi23-0004,europe_pmc,MED,10.2337/dbi23-0004,38241506,PMC10796296,,Molecular Insights From Multiomics Studies of Physical Activity,"Wei W, Raun SH, Long JZ.",Diabetes,2024,"journal article; research support, n.i.h., extramural; research support, non-u.s. gov't; review; review-article",false,true,10,,,https://europepmc.org/article/MED/38241506,"(""N-Lactoyl phenylalanine"" OR ""Lac-Phe"" OR ""N-lactoylphenylalanine"" OR ""lactoylphenylalanine"" OR ""N-lactoyl-phenylalanine"")",https://www.ebi.ac.uk/europepmc/webservices/rest/search?query=%28%22N-Lactoyl+phenylalanine%22+OR+%22Lac-Phe%22+OR+%22N-lactoylphenylalanine%22+OR+%22lactoylphenylalanine%22+OR+%22N-lactoyl-phenylalanine%22%29&format=json&resultType=core&pageSize=100&cursorMark=%2A,europe_pmc_rest_search
doi:10.2337/dc24-1597,europe_pmc,MED,10.2337/dc24-1597,39641916,PMC11770154,,Metformin Treatment With or Without Mediterranean Diet for the Prevention of Age-Related Diseases in People With Metabolic Syndrome: The MeMeMe Randomized Trial,"Pasanisi P, Oliverio A, Baldassari I, Bruno E, Venturelli E, Bellegotti M, Gargano G, Morelli D, Bognanni A, Rigoni M, Muti P, Berrino F.",Diabetes care,2025,journal article; randomized controlled trial; research-article,false,true,8,,,https://europepmc.org/article/MED/39641916,"(""N-Lactoyl phenylalanine"" OR ""Lac-Phe"" OR ""N-lactoylphenylalanine"" OR ""lactoylphenylalanine"" OR ""N-lactoyl-phenylalanine"")",https://www.ebi.ac.uk/europepmc/webservices/rest/search?query=%28%22N-Lactoyl+phenylalanine%22+OR+%22Lac-Phe%22+OR+%22N-lactoylphenylalanine%22+OR+%22lactoylphenylalanine%22+OR+%22N-lactoyl-phenylalanine%22%29&format=json&resultType=core&pageSize=100&cursorMark=AoIIQG6ytCg1MTU3MDY0Nw%3D%3D,europe_pmc_rest_search
doi:10.23937/2378-3672/1410077,crossref,journal-article,10.23937/2378-3672/1410077,,,,Lac-Phe: An Exercise Induced Metabolite with Immunomodulatory Potential in Inflammatory Diseases,"Shao L, Yang M, Xu H, Chen L",International Journal of Immunology and Immunotherapy,2026,journal-article,false,,,,,https://doi.org/10.23937/2378-3672/1410077,Lac-Phe,https://api.crossref.org/works?query.bibliographic=Lac-Phe&rows=50&sort=relevance,crossref_rest_works
doi:10.29104/phi-2018-aqualac,crossref,journal-issue,10.29104/phi-2018-aqualac,,,,"Aqua-LAC, vol. 10, no. 1",,Aqua-LAC,2018,journal-issue,false,,1,,,https://doi.org/10.29104/phi-2018-aqualac,Lac-Phe,https://api.crossref.org/works?query.bibliographic=Lac-Phe&rows=50&sort=relevance,crossref_rest_works
doi:10.29104/phi-aqualac,crossref,journal,10.29104/phi-aqualac,,,,Aqua-LAC,,,None,journal,false,,,,,https://doi.org/10.29104/phi-aqualac,Lac-Phe,https://api.crossref.org/works?query.bibliographic=Lac-Phe&rows=50&sort=relevance,crossref_rest_works
doi:10.29104/phi-aqualac/2010-v2-1,crossref,journal-issue,10.29104/phi-aqualac/2010-v2-1,,,,"Aqua-LAC, vol. 2, no. 1",,Aqua-LAC,2010,journal-issue,false,,,,,https://doi.org/10.29104/phi-aqualac/2010-v2-1,Lac-Phe,https://api.crossref.org/works?query.bibliographic=Lac-Phe&rows=50&sort=relevance,crossref_rest_works
doi:10.29104/phi-aqualac/2010-v2-2,crossref,journal-issue,10.29104/phi-aqualac/2010-v2-2,,,,"Aqua-LAC, vol. 2, no. 2",,Aqua-LAC,2010,journal-issue,false,,,,,https://doi.org/10.29104/phi-aqualac/2010-v2-2,Lac-Phe,https://api.crossref.org/works?query.bibliographic=Lac-Phe&rows=50&sort=relevance,crossref_rest_works
doi:10.29104/phi-aqualac/2011-v3-2,crossref,journal-issue,10.29104/phi-aqualac/2011-v3-2,,,,"Aqua-LAC, vol. 3, no. 2",,Aqua-LAC,2011,journal-issue,false,,,,,https://doi.org/10.29104/phi-aqualac/2011-v3-2,Lac-Phe,https://api.crossref.org/works?query.bibliographic=Lac-Phe&rows=50&sort=relevance,crossref_rest_works
doi:10.29104/phi-aqualac/2012-v4-1,crossref,journal-issue,10.29104/phi-aqualac/2012-v4-1,,,,"Aqua-LAC, vol. 4, no. 1",,Aqua-LAC,2012,journal-issue,false,,,,,https://doi.org/10.29104/phi-aqualac/2012-v4-1,Lac-Phe,https://api.crossref.org/works?query.bibliographic=Lac-Phe&rows=50&sort=relevance,crossref_rest_works
doi:10.29104/phi-aqualac/2012-v4-2,crossref,journal-issue,10.29104/phi-aqualac/2012-v4-2,,,,"Aqua-LAC, vol. 4, no. 2",,Aqua-LAC,2012,journal-issue,false,,,,,https://doi.org/10.29104/phi-aqualac/2012-v4-2,Lac-Phe,https://api.crossref.org/works?query.bibliographic=Lac-Phe&rows=50&sort=relevance,crossref_rest_works
doi:10.29104/phi-aqualac/2013-v5-1,crossref,journal-issue,10.29104/phi-aqualac/2013-v5-1,,,,"Aqua-LAC, vol. 5, no. 1",,Aqua-LAC,2013,journal-issue,false,,,,,https://doi.org/10.29104/phi-aqualac/2013-v5-1,Lac-Phe,https://api.crossref.org/works?query.bibliographic=Lac-Phe&rows=50&sort=relevance,crossref_rest_works
doi:10.29104/phi-aqualac/2014-v6-1,crossref,journal-issue,10.29104/phi-aqualac/2014-v6-1,,,,"Aqua-LAC, vol. 6, no. 1",,Aqua-LAC,2014,journal-issue,false,,,,,https://doi.org/10.29104/phi-aqualac/2014-v6-1,Lac-Phe,https://api.crossref.org/works?query.bibliographic=Lac-Phe&rows=50&sort=relevance,crossref_rest_works
doi:10.29104/phi-aqualac/2014-v6-2,crossref,journal-issue,10.29104/phi-aqualac/2014-v6-2,,,,"Aqua-LAC, vol. 6, no. 2",,Aqua-LAC,2014,journal-issue,false,,,,,https://doi.org/10.29104/phi-aqualac/2014-v6-2,Lac-Phe,https://api.crossref.org/works?query.bibliographic=Lac-Phe&rows=50&sort=relevance,crossref_rest_works
doi:10.29104/phi-aqualac/2015-v7-1,crossref,journal-issue,10.29104/phi-aqualac/2015-v7-1,,,,"Aqua-LAC, vol. 7, no. 1",,Aqua-LAC,2015,journal-issue,false,,,,,https://doi.org/10.29104/phi-aqualac/2015-v7-1,Lac-Phe,https://api.crossref.org/works?query.bibliographic=Lac-Phe&rows=50&sort=relevance,crossref_rest_works
doi:10.29104/phi-aqualac/2015-v7-2,crossref,journal-issue,10.29104/phi-aqualac/2015-v7-2,,,,"Aqua-LAC, vol. 7, no. 2",,Aqua-LAC,2015,journal-issue,false,,,,,https://doi.org/10.29104/phi-aqualac/2015-v7-2,Lac-Phe,https://api.crossref.org/works?query.bibliographic=Lac-Phe&rows=50&sort=relevance,crossref_rest_works
doi:10.29104/phi-aqualac/2016-v8-2,crossref,journal-issue,10.29104/phi-aqualac/2016-v8-2,,,,"Aqua-LAC, vol. 8, no. 2",,Aqua-LAC,2016,journal-issue,false,,,,,https://doi.org/10.29104/phi-aqualac/2016-v8-2,Lac-Phe,https://api.crossref.org/works?query.bibliographic=Lac-Phe&rows=50&sort=relevance,crossref_rest_works
doi:10.29104/phi-aqualac/2017-v9-1,crossref,journal-issue,10.29104/phi-aqualac/2017-v9-1,,,,"Aqua-LAC, vol. 9, no. 1",,Aqua-LAC,2017,journal-issue,false,,,,,https://doi.org/10.29104/phi-aqualac/2017-v9-1,Lac-Phe,https://api.crossref.org/works?query.bibliographic=Lac-Phe&rows=50&sort=relevance,crossref_rest_works
doi:10.29104/phi-aqualac/2017-v9-2,crossref,journal-issue,10.29104/phi-aqualac/2017-v9-2,,,,"Aqua-LAC, vol. 9, no. 2",,Aqua-LAC,2017,journal-issue,false,,,,,https://doi.org/10.29104/phi-aqualac/2017-v9-2,Lac-Phe,https://api.crossref.org/works?query.bibliographic=Lac-Phe&rows=50&sort=relevance,crossref_rest_works
doi:10.29104/phi-aqualac/2018-v10-2,crossref,journal-issue,10.29104/phi-aqualac/2018-v10-2,,,,"Aqua-LAC, vol. 10, no. 2",,Aqua-LAC,2018,journal-issue,false,,,,,https://doi.org/10.29104/phi-aqualac/2018-v10-2,Lac-Phe,https://api.crossref.org/works?query.bibliographic=Lac-Phe&rows=50&sort=relevance,crossref_rest_works
doi:10.29104/phi-aqualac/2020-v12-2,crossref,journal-issue,10.29104/phi-aqualac/2020-v12-2,,,,"Aqua-LAC, vol. 12, no. 2",,Aqua-LAC,2020,journal-issue,false,,,,,https://doi.org/10.29104/phi-aqualac/2020-v12-2,Lac-Phe,https://api.crossref.org/works?query.bibliographic=Lac-Phe&rows=50&sort=relevance,crossref_rest_works
doi:10.31003/uspnf_m64020_05_01,crossref,standard,10.31003/uspnf_m64020_05_01,,,,Phenylalanine,,,None,standard,false,,,,,https://doi.org/10.31003/uspnf_m64020_05_01,N-Lactoyl phenylalanine,https://api.crossref.org/works?query.bibliographic=N-Lactoyl+phenylalanine&rows=50&sort=relevance,crossref_rest_works
doi:10.31003/uspnf_m64020_05_01,crossref,standard,10.31003/uspnf_m64020_05_01,,,,Phenylalanine,,,None,standard,false,,,,,https://doi.org/10.31003/uspnf_m64020_05_01,N-lactoyl-phenylalanine,https://api.crossref.org/works?query.bibliographic=N-lactoyl-phenylalanine&rows=50&sort=relevance,crossref_rest_works
doi:10.3389/ebm.2026.10867,europe_pmc,MED,10.3389/ebm.2026.10867,41868600,PMC13001226,,Metabolomics-guided identification of bioactive phytometabolites from South African plants targeting neuroblastoma,"Motshudi MC, Naidoo CM, Obi CL, Iweriebor BC, Prinsloo E, Zubair MS, Mkolo NM.","Experimental biology and medicine (Maywood, N.J.)",2026,journal article; research-article,false,true,,,,https://europepmc.org/article/MED/41868600,"(""N-Lactoyl phenylalanine"" OR ""Lac-Phe"" OR ""N-lactoylphenylalanine"" OR ""lactoylphenylalanine"" OR ""N-lactoyl-phenylalanine"")",https://www.ebi.ac.uk/europepmc/webservices/rest/search?query=%28%22N-Lactoyl+phenylalanine%22+OR+%22Lac-Phe%22+OR+%22N-lactoylphenylalanine%22+OR+%22lactoylphenylalanine%22+OR+%22N-lactoyl-phenylalanine%22%29&format=json&resultType=core&pageSize=100&cursorMark=AoIIP8mECig1MzA0MzQ4OA%3D%3D,europe_pmc_rest_search
doi:10.3389/fcell.2022.977960,europe_pmc,MED,10.3389/fcell.2022.977960,36407113,PMC9669761,,"Integrated analysis of transcriptomics, proteomics and metabolomics data reveals the role of SLC39A1 in renal cell carcinoma","Yuan Y, Liu Z, Li B, Gong Z, Piao C, Du Y, Zhan B, Zhang Z, Dong X.",Frontiers in cell and developmental biology,2022,journal article; research-article,false,true,6,,,https://europepmc.org/article/MED/36407113,"(""N-Lactoyl phenylalanine"" OR ""Lac-Phe"" OR ""N-lactoylphenylalanine"" OR ""lactoylphenylalanine"" OR ""N-lactoyl-phenylalanine"")",https://www.ebi.ac.uk/europepmc/webservices/rest/search?query=%28%22N-Lactoyl+phenylalanine%22+OR+%22Lac-Phe%22+OR+%22N-lactoylphenylalanine%22+OR+%22lactoylphenylalanine%22+OR+%22N-lactoyl-phenylalanine%22%29&format=json&resultType=core&pageSize=100&cursorMark=AoIIP8mECig1MzA0MzQ4OA%3D%3D,europe_pmc_rest_search
doi:10.3389/fcell.2025.1598794,europe_pmc,MED,10.3389/fcell.2025.1598794,40861271,PMC12375675,,Exercise in atherosclerosis: its beneficial effects and underlying mechanism,"Yin MT, Guo L.",Frontiers in cell and developmental biology,2025,journal article; review; review-article,false,true,3,,,https://europepmc.org/article/MED/40861271,"(""N-Lactoyl phenylalanine"" OR ""Lac-Phe"" OR ""N-lactoylphenylalanine"" OR ""lactoylphenylalanine"" OR ""N-lactoyl-phenylalanine"")",https://www.ebi.ac.uk/europepmc/webservices/rest/search?query=%28%22N-Lactoyl+phenylalanine%22+OR+%22Lac-Phe%22+OR+%22N-lactoylphenylalanine%22+OR+%22lactoylphenylalanine%22+OR+%22N-lactoyl-phenylalanine%22%29&format=json&resultType=core&pageSize=100&cursorMark=AoIIQG6ytCg1MTU3MDY0Nw%3D%3D,europe_pmc_rest_search
doi:10.3389/fcell.2025.1606790,europe_pmc,MED,10.3389/fcell.2025.1606790,40519261,PMC12162635,,Exercise benefits yourself and your offspring: a mini-review,"Wang K, Zhao J, Wang Y, Liu M.",Frontiers in cell and developmental biology,2025,journal article; review; review-article,false,true,,,,https://europepmc.org/article/MED/40519261,"(""N-Lactoyl phenylalanine"" OR ""Lac-Phe"" OR ""N-lactoylphenylalanine"" OR ""lactoylphenylalanine"" OR ""N-lactoyl-phenylalanine"")",https://www.ebi.ac.uk/europepmc/webservices/rest/search?query=%28%22N-Lactoyl+phenylalanine%22+OR+%22Lac-Phe%22+OR+%22N-lactoylphenylalanine%22+OR+%22lactoylphenylalanine%22+OR+%22N-lactoyl-phenylalanine%22%29&format=json&resultType=core&pageSize=100&cursorMark=%2A,europe_pmc_rest_search
doi:10.3389/fcimb.2026.1649624,europe_pmc,MED,10.3389/fcimb.2026.1649624,41756781,PMC12932461,,"Clinical, microbial and metabolic characteristics of gas-forming pyogenic liver abscess and its potential formation mechanism","Gong Z, Guo Y, Wang H, Chen L, Wang H, Chang Z.",Frontiers in cellular and infection microbiology,2026,journal article; research-article,false,true,,,,https://europepmc.org/article/MED/41756781,"(""N-Lactoyl phenylalanine"" OR ""Lac-Phe"" OR ""N-lactoylphenylalanine"" OR ""lactoylphenylalanine"" OR ""N-lactoyl-phenylalanine"")",https://www.ebi.ac.uk/europepmc/webservices/rest/search?query=%28%22N-Lactoyl+phenylalanine%22+OR+%22Lac-Phe%22+OR+%22N-lactoylphenylalanine%22+OR+%22lactoylphenylalanine%22+OR+%22N-lactoyl-phenylalanine%22%29&format=json&resultType=core&pageSize=100&cursorMark=AoIIQG6ytCg1MTU3MDY0Nw%3D%3D,europe_pmc_rest_search
doi:10.3389/fcvm.2026.1781202,europe_pmc,MED,10.3389/fcvm.2026.1781202,42095140,PMC13138920,,Exercise benefits in metabolism on cardiovascular disease,"Guo Y, Zheng Q, Wang X, Zhang B, Yan T.",Frontiers in cardiovascular medicine,2026,journal article; review; review-article,false,true,,,,https://europepmc.org/article/MED/42095140,"(""N-Lactoyl phenylalanine"" OR ""Lac-Phe"" OR ""N-lactoylphenylalanine"" OR ""lactoylphenylalanine"" OR ""N-lactoyl-phenylalanine"")",https://www.ebi.ac.uk/europepmc/webservices/rest/search?query=%28%22N-Lactoyl+phenylalanine%22+OR+%22Lac-Phe%22+OR+%22N-lactoylphenylalanine%22+OR+%22lactoylphenylalanine%22+OR+%22N-lactoyl-phenylalanine%22%29&format=json&resultType=core&pageSize=100&cursorMark=%2A,europe_pmc_rest_search
doi:10.3389/fendo.2022.886351,europe_pmc,MED,10.3389/fendo.2022.886351,35574001,PMC9094423,,Comparative Metabolomics and Lipidomics of Four Juvenoids Application to Scylla paramamosain Hepatopancreas: Implications of Lipid Metabolism During Ovarian Maturation,"Fu Y, Zhang F, Ma C, Wang W, Liu Z, Chen W, Zhao M, Ma L.",Frontiers in endocrinology,2022,"journal article; research support, non-u.s. gov't; research-article",false,true,7,,,https://europepmc.org/article/MED/35574001,"(""N-Lactoyl phenylalanine"" OR ""Lac-Phe"" OR ""N-lactoylphenylalanine"" OR ""lactoylphenylalanine"" OR ""N-lactoyl-phenylalanine"")",https://www.ebi.ac.uk/europepmc/webservices/rest/search?query=%28%22N-Lactoyl+phenylalanine%22+OR+%22Lac-Phe%22+OR+%22N-lactoylphenylalanine%22+OR+%22lactoylphenylalanine%22+OR+%22N-lactoyl-phenylalanine%22%29&format=json&resultType=core&pageSize=100&cursorMark=AoIIP8mECig1MzA0MzQ4OA%3D%3D,europe_pmc_rest_search
doi:10.3389/fendo.2023.1289574,crossref,journal-article,10.3389/fendo.2023.1289574,,,,The effect of blood flow restriction exercise on N-lactoylphenylalanine and appetite regulation in obese adults: a cross-design study,"Li S, Guo R, Wang J, Zheng X, Zhao S, Zhang Z, Yu W, Li S, Zheng P",Frontiers in Endocrinology,2023,journal-article,false,,13,,,https://doi.org/10.3389/fendo.2023.1289574,N-lactoylphenylalanine,https://api.crossref.org/works?query.bibliographic=N-lactoylphenylalanine&rows=50&sort=relevance,crossref_rest_works
doi:10.3389/fendo.2023.1289574,crossref,journal-article,10.3389/fendo.2023.1289574,,,,The effect of blood flow restriction exercise on N-lactoylphenylalanine and appetite regulation in obese adults: a cross-design study,"Li S, Guo R, Wang J, Zheng X, Zhao S, Zhang Z, Yu W, Li S, Zheng P",Frontiers in Endocrinology,2023,journal-article,false,,13,,,https://doi.org/10.3389/fendo.2023.1289574,lactoylphenylalanine,https://api.crossref.org/works?query.bibliographic=lactoylphenylalanine&rows=50&sort=relevance,crossref_rest_works
doi:10.3389/fendo.2023.1289574,europe_pmc,MED,10.3389/fendo.2023.1289574,38116312,PMC10728722,,The effect of blood flow restriction exercise on N-lactoylphenylalanine and appetite regulation in obese adults: a cross-design study,"Li S, Guo R, Wang J, Zheng X, Zhao S, Zhang Z, Yu W, Li S, Zheng P.",Frontiers in endocrinology,2023,"journal article; randomized controlled trial; research support, non-u.s. gov't; research-article",false,true,13,,,https://europepmc.org/article/MED/38116312,"(""N-Lactoyl phenylalanine"" OR ""Lac-Phe"" OR ""N-lactoylphenylalanine"" OR ""lactoylphenylalanine"" OR ""N-lactoyl-phenylalanine"")",https://www.ebi.ac.uk/europepmc/webservices/rest/search?query=%28%22N-Lactoyl+phenylalanine%22+OR+%22Lac-Phe%22+OR+%22N-lactoylphenylalanine%22+OR+%22lactoylphenylalanine%22+OR+%22N-lactoyl-phenylalanine%22%29&format=json&resultType=core&pageSize=100&cursorMark=%2A,europe_pmc_rest_search
doi:10.3389/fendo.2024.1359502,europe_pmc,MED,10.3389/fendo.2024.1359502,38800471,PMC11116606,,Causal association of circulating metabolites with diabetic retinopathy: a bidirectional Mendelian randomization analysis,"Li B, Zhao X, Xie W, Hong Z, Cao Y, Ding Y, Zhang Y.",Frontiers in endocrinology,2024,journal article; research-article,false,true,9,,,https://europepmc.org/article/MED/38800471,"(""N-Lactoyl phenylalanine"" OR ""Lac-Phe"" OR ""N-lactoylphenylalanine"" OR ""lactoylphenylalanine"" OR ""N-lactoyl-phenylalanine"")",https://www.ebi.ac.uk/europepmc/webservices/rest/search?query=%28%22N-Lactoyl+phenylalanine%22+OR+%22Lac-Phe%22+OR+%22N-lactoylphenylalanine%22+OR+%22lactoylphenylalanine%22+OR+%22N-lactoyl-phenylalanine%22%29&format=json&resultType=core&pageSize=100&cursorMark=AoIIQG6ytCg1MTU3MDY0Nw%3D%3D,europe_pmc_rest_search
doi:10.3389/fendo.2024.1459020,europe_pmc,MED,10.3389/fendo.2024.1459020,39161389,PMC11330868,,Editorial: Interorgan crosstalk mediated by exerkines: the role of exercise in health and disease,"Jaworska J, Micielska K, Faraldi M.",Frontiers in endocrinology,2024,editorial; introductory journal article,false,true,,,,https://europepmc.org/article/MED/39161389,"(""N-Lactoyl phenylalanine"" OR ""Lac-Phe"" OR ""N-lactoylphenylalanine"" OR ""lactoylphenylalanine"" OR ""N-lactoyl-phenylalanine"")",https://www.ebi.ac.uk/europepmc/webservices/rest/search?query=%28%22N-Lactoyl+phenylalanine%22+OR+%22Lac-Phe%22+OR+%22N-lactoylphenylalanine%22+OR+%22lactoylphenylalanine%22+OR+%22N-lactoyl-phenylalanine%22%29&format=json&resultType=core&pageSize=100&cursorMark=%2A,europe_pmc_rest_search
doi:10.3389/fendo.2026.1814249,europe_pmc,MED,10.3389/fendo.2026.1814249,41970989,PMC13065665,,"Phenylalanine homeostasis in metabolic disorders: epidemiological trends, pathophysiological mechanisms, and clinical treatment","Chen Y, Lu S, Li C, Li Y, Qin C, He Y, Niu Y, Sun Q.",Frontiers in endocrinology,2026,journal article; review; review-article,false,true,,,,https://europepmc.org/article/MED/41970989,"(""N-Lactoyl phenylalanine"" OR ""Lac-Phe"" OR ""N-lactoylphenylalanine"" OR ""lactoylphenylalanine"" OR ""N-lactoyl-phenylalanine"")",https://www.ebi.ac.uk/europepmc/webservices/rest/search?query=%28%22N-Lactoyl+phenylalanine%22+OR+%22Lac-Phe%22+OR+%22N-lactoylphenylalanine%22+OR+%22lactoylphenylalanine%22+OR+%22N-lactoyl-phenylalanine%22%29&format=json&resultType=core&pageSize=100&cursorMark=%2A,europe_pmc_rest_search
doi:10.3389/fimmu.2024.1510887,europe_pmc,MED,10.3389/fimmu.2024.1510887,39720717,PMC11666502,,Immune and physiological responses in Penaeus monodon to ammonia-N stress: a multi-omics approach,"Luo Z, Zhou F, Jiang S, Huang J, Yang L, Yang Q, Shi J, Li E, Ma Z, Li Y.",Frontiers in immunology,2024,"journal article; research support, non-u.s. gov't; research-article",false,true,6,,,https://europepmc.org/article/MED/39720717,"(""N-Lactoyl phenylalanine"" OR ""Lac-Phe"" OR ""N-lactoylphenylalanine"" OR ""lactoylphenylalanine"" OR ""N-lactoyl-phenylalanine"")",https://www.ebi.ac.uk/europepmc/webservices/rest/search?query=%28%22N-Lactoyl+phenylalanine%22+OR+%22Lac-Phe%22+OR+%22N-lactoylphenylalanine%22+OR+%22lactoylphenylalanine%22+OR+%22N-lactoyl-phenylalanine%22%29&format=json&resultType=core&pageSize=100&cursorMark=AoIIQG6ytCg1MTU3MDY0Nw%3D%3D,europe_pmc_rest_search
doi:10.3389/fimmu.2026.1734997,europe_pmc,MED,10.3389/fimmu.2026.1734997,41668756,PMC12883415,,"Lithospermic acid, a novel KLK5 inhibitor, ameliorates rosacea by suppressing the TLR4/NF-κB signaling pathway and rectifying phenylalanine metabolism","Xu J, Wang X, Chen M, Xu B, Zhang T, Zhang Y, Xu Y, Guo J, Xu J, Li Y, Zhao J, Zhou H.",Frontiers in immunology,2026,journal article; research-article,false,true,,,,https://europepmc.org/article/MED/41668756,"(""N-Lactoyl phenylalanine"" OR ""Lac-Phe"" OR ""N-lactoylphenylalanine"" OR ""lactoylphenylalanine"" OR ""N-lactoyl-phenylalanine"")",https://www.ebi.ac.uk/europepmc/webservices/rest/search?query=%28%22N-Lactoyl+phenylalanine%22+OR+%22Lac-Phe%22+OR+%22N-lactoylphenylalanine%22+OR+%22lactoylphenylalanine%22+OR+%22N-lactoyl-phenylalanine%22%29&format=json&resultType=core&pageSize=100&cursorMark=AoIIP8mECig1MzA0MzQ4OA%3D%3D,europe_pmc_rest_search
doi:10.3389/fmed.2022.935084,europe_pmc,MED,10.3389/fmed.2022.935084,35935793,PMC9354463,,"Targeted Metabolomics Shows That the Level of Glutamine, Kynurenine, Acyl-Carnitines and Lysophosphatidylcholines Is Significantly Increased in the Aqueous Humor of Glaucoma Patients","Lillo A, Marin S, Serrano-Marín J, Binetti N, Navarro G, Cascante M, Sánchez-Navés J, Franco R.",Frontiers in medicine,2022,journal article; research-article,false,true,14,,,https://europepmc.org/article/MED/35935793,"(""N-Lactoyl phenylalanine"" OR ""Lac-Phe"" OR ""N-lactoylphenylalanine"" OR ""lactoylphenylalanine"" OR ""N-lactoyl-phenylalanine"")",https://www.ebi.ac.uk/europepmc/webservices/rest/search?query=%28%22N-Lactoyl+phenylalanine%22+OR+%22Lac-Phe%22+OR+%22N-lactoylphenylalanine%22+OR+%22lactoylphenylalanine%22+OR+%22N-lactoyl-phenylalanine%22%29&format=json&resultType=core&pageSize=100&cursorMark=AoIIP8mECig1MzA0MzQ4OA%3D%3D,europe_pmc_rest_search
doi:10.3389/fmed.2022.995069,europe_pmc,MED,10.3389/fmed.2022.995069,36250098,PMC9556858,,Untargeted plasma metabolomic fingerprinting highlights several biomarkers for the diagnosis and prognosis of coronavirus disease 19,"Occelli C, Guigonis JM, Lindenthal S, Cagnard A, Graslin F, Brglez V, Seitz-Polski B, Dellamonica J, Levraut J, Pourcher T.",Frontiers in medicine,2022,journal article; research-article,false,true,11,,,https://europepmc.org/article/MED/36250098,"(""N-Lactoyl phenylalanine"" OR ""Lac-Phe"" OR ""N-lactoylphenylalanine"" OR ""lactoylphenylalanine"" OR ""N-lactoyl-phenylalanine"")",https://www.ebi.ac.uk/europepmc/webservices/rest/search?query=%28%22N-Lactoyl+phenylalanine%22+OR+%22Lac-Phe%22+OR+%22N-lactoylphenylalanine%22+OR+%22lactoylphenylalanine%22+OR+%22N-lactoyl-phenylalanine%22%29&format=json&resultType=core&pageSize=100&cursorMark=AoIIQG6ytCg1MTU3MDY0Nw%3D%3D,europe_pmc_rest_search
doi:10.3389/fmicb.2023.1244293,europe_pmc,MED,10.3389/fmicb.2023.1244293,38029089,PMC10666787,,Gut commensals and their metabolites in health and disease,"Krishnamurthy HK, Pereira M, Bosco J, George J, Jayaraman V, Krishna K, Wang T, Bei K, Rajasekaran JJ.",Frontiers in microbiology,2023,journal article; review; review-article,false,true,68,,,https://europepmc.org/article/MED/38029089,"(""N-Lactoyl phenylalanine"" OR ""Lac-Phe"" OR ""N-lactoylphenylalanine"" OR ""lactoylphenylalanine"" OR ""N-lactoyl-phenylalanine"")",https://www.ebi.ac.uk/europepmc/webservices/rest/search?query=%28%22N-Lactoyl+phenylalanine%22+OR+%22Lac-Phe%22+OR+%22N-lactoylphenylalanine%22+OR+%22lactoylphenylalanine%22+OR+%22N-lactoyl-phenylalanine%22%29&format=json&resultType=core&pageSize=100&cursorMark=AoIIQG6ytCg1MTU3MDY0Nw%3D%3D,europe_pmc_rest_search
doi:10.3389/fmicb.2024.1359949,europe_pmc,MED,10.3389/fmicb.2024.1359949,38500583,PMC10946205,,Postbiotics: emerging therapeutic approach in diabetic retinopathy,"Chen Q, Li XJ, Xie W, Su ZA, Qin GM, Yu CH.",Frontiers in microbiology,2024,journal article; review; review-article,false,true,7,,,https://europepmc.org/article/MED/38500583,"(""N-Lactoyl phenylalanine"" OR ""Lac-Phe"" OR ""N-lactoylphenylalanine"" OR ""lactoylphenylalanine"" OR ""N-lactoyl-phenylalanine"")",https://www.ebi.ac.uk/europepmc/webservices/rest/search?query=%28%22N-Lactoyl+phenylalanine%22+OR+%22Lac-Phe%22+OR+%22N-lactoylphenylalanine%22+OR+%22lactoylphenylalanine%22+OR+%22N-lactoyl-phenylalanine%22%29&format=json&resultType=core&pageSize=100&cursorMark=AoIIQG6ytCg1MTU3MDY0Nw%3D%3D,europe_pmc_rest_search
doi:10.3389/fmolb.2024.1403844,europe_pmc,MED,10.3389/fmolb.2024.1403844,39193222,PMC11347317,,"Metabolomics studies in common multifactorial eye disorders: a review of biomarker discovery for age-related macular degeneration, glaucoma, diabetic retinopathy and myopia","Belete GT, Zhou L, Li KK, So PK, Do CW, Lam TC.",Frontiers in molecular biosciences,2024,journal article; review; review-article,false,true,14,,,https://europepmc.org/article/MED/39193222,"(""N-Lactoyl phenylalanine"" OR ""Lac-Phe"" OR ""N-lactoylphenylalanine"" OR ""lactoylphenylalanine"" OR ""N-lactoyl-phenylalanine"")",https://www.ebi.ac.uk/europepmc/webservices/rest/search?query=%28%22N-Lactoyl+phenylalanine%22+OR+%22Lac-Phe%22+OR+%22N-lactoylphenylalanine%22+OR+%22lactoylphenylalanine%22+OR+%22N-lactoyl-phenylalanine%22%29&format=json&resultType=core&pageSize=100&cursorMark=AoIIP8mECig1MzA0MzQ4OA%3D%3D,europe_pmc_rest_search
doi:10.3389/fnut.2022.1056598,europe_pmc,MED,10.3389/fnut.2022.1056598,36519000,PMC9742599,,Ultraperformance liquid chromatography-quadrupole time-of-flight mass spectrometry based untargeted metabolomics to reveal the characteristics of Dictyophora rubrovolvata from different drying methods,"Dong H, Zhou C, Li X, Gu H, E H, Zhang Y, Zhou F, Zhao Z, Fan T, Lu H, Cai M, Zhao X.",Frontiers in nutrition,2022,journal article; research-article,false,true,5,,,https://europepmc.org/article/MED/36519000,"(""N-Lactoyl phenylalanine"" OR ""Lac-Phe"" OR ""N-lactoylphenylalanine"" OR ""lactoylphenylalanine"" OR ""N-lactoyl-phenylalanine"")",https://www.ebi.ac.uk/europepmc/webservices/rest/search?query=%28%22N-Lactoyl+phenylalanine%22+OR+%22Lac-Phe%22+OR+%22N-lactoylphenylalanine%22+OR+%22lactoylphenylalanine%22+OR+%22N-lactoyl-phenylalanine%22%29&format=json&resultType=core&pageSize=100&cursorMark=AoIIQG6ytCg1MTU3MDY0Nw%3D%3D,europe_pmc_rest_search
doi:10.3389/fnut.2022.947033,europe_pmc,MED,10.3389/fnut.2022.947033,36276808,PMC9582522,,Role of brain-gut-muscle axis in human health and energy homeostasis,"Yin Y, Guo Q, Zhou X, Duan Y, Yang Y, Gong S, Han M, Liu Y, Yang Z, Chen Q, Li F.",Frontiers in nutrition,2022,journal article; review; review-article,false,true,50,,,https://europepmc.org/article/MED/36276808,"(""N-Lactoyl phenylalanine"" OR ""Lac-Phe"" OR ""N-lactoylphenylalanine"" OR ""lactoylphenylalanine"" OR ""N-lactoyl-phenylalanine"")",https://www.ebi.ac.uk/europepmc/webservices/rest/search?query=%28%22N-Lactoyl+phenylalanine%22+OR+%22Lac-Phe%22+OR+%22N-lactoylphenylalanine%22+OR+%22lactoylphenylalanine%22+OR+%22N-lactoyl-phenylalanine%22%29&format=json&resultType=core&pageSize=100&cursorMark=AoIIQG6ytCg1MTU3MDY0Nw%3D%3D,europe_pmc_rest_search
doi:10.3389/fonc.2022.1014748,europe_pmc,MED,10.3389/fonc.2022.1014748,36249070,PMC9557195,,Understanding emerging bioactive metabolites with putative roles in cancer biology,"Philips O, Sultonova M, Blackmore B, Murphy JP.",Frontiers in oncology,2022,journal article; review; review-article,false,true,3,,,https://europepmc.org/article/MED/36249070,"(""N-Lactoyl phenylalanine"" OR ""Lac-Phe"" OR ""N-lactoylphenylalanine"" OR ""lactoylphenylalanine"" OR ""N-lactoyl-phenylalanine"")",https://www.ebi.ac.uk/europepmc/webservices/rest/search?query=%28%22N-Lactoyl+phenylalanine%22+OR+%22Lac-Phe%22+OR+%22N-lactoylphenylalanine%22+OR+%22lactoylphenylalanine%22+OR+%22N-lactoyl-phenylalanine%22%29&format=json&resultType=core&pageSize=100&cursorMark=%2A,europe_pmc_rest_search
doi:10.3389/fped.2023.1250731,europe_pmc,MED,10.3389/fped.2023.1250731,37772038,PMC10522911,,Study protocol: Identification and validation of integrative biomarkers of physical activity level and health in children and adolescents (INTEGRActiv),"Picó C, Lurbe E, Keijer J, Kopecky J, Landrier JF, Álvarez-Pitti J, Martin JC, Oliver P, Palou A, Palou M, Zouhar P, Ribot J, Rodríguez AM, Sánchez J, Serra F, Bonet ML.",Frontiers in pediatrics,2023,journal article; review; review-article,false,true,,,,https://europepmc.org/article/MED/37772038,"(""N-Lactoyl phenylalanine"" OR ""Lac-Phe"" OR ""N-lactoylphenylalanine"" OR ""lactoylphenylalanine"" OR ""N-lactoyl-phenylalanine"")",https://www.ebi.ac.uk/europepmc/webservices/rest/search?query=%28%22N-Lactoyl+phenylalanine%22+OR+%22Lac-Phe%22+OR+%22N-lactoylphenylalanine%22+OR+%22lactoylphenylalanine%22+OR+%22N-lactoyl-phenylalanine%22%29&format=json&resultType=core&pageSize=100&cursorMark=AoIIQG6ytCg1MTU3MDY0Nw%3D%3D,europe_pmc_rest_search
doi:10.3389/fphar.2021.621146,europe_pmc,MED,10.3389/fphar.2021.621146,33935712,PMC8080440,,Metabolomic Profiling of Aqueous Humor and Plasma in Primary Open Angle Glaucoma Patients Points Towards Novel Diagnostic and Therapeutic Strategy,"Tang Y, Pan Y, Chen Y, Kong X, Chen J, Zhang H, Tang G, Wu J, Sun X.",Frontiers in pharmacology,2021,journal article; research-article,false,true,41,,,https://europepmc.org/article/MED/33935712,"(""N-Lactoyl phenylalanine"" OR ""Lac-Phe"" OR ""N-lactoylphenylalanine"" OR ""lactoylphenylalanine"" OR ""N-lactoyl-phenylalanine"")",https://www.ebi.ac.uk/europepmc/webservices/rest/search?query=%28%22N-Lactoyl+phenylalanine%22+OR+%22Lac-Phe%22+OR+%22N-lactoylphenylalanine%22+OR+%22lactoylphenylalanine%22+OR+%22N-lactoyl-phenylalanine%22%29&format=json&resultType=core&pageSize=100&cursorMark=%2A,europe_pmc_rest_search
doi:10.3389/fphar.2022.1005301,europe_pmc,MED,10.3389/fphar.2022.1005301,36506507,PMC9729534,,Serum and brain metabolomic study reveals the protective effects of Bai-Mi-Decoction on rats with ischemic stroke,"Yang L, Su X, Lu F, Zong R, Ding S, Liu J, Wilson G, Li L, Yang Y, Wang W, Wang X, Chen J, Ma X.",Frontiers in pharmacology,2022,journal article; research-article,false,true,11,,,https://europepmc.org/article/MED/36506507,"(""N-Lactoyl phenylalanine"" OR ""Lac-Phe"" OR ""N-lactoylphenylalanine"" OR ""lactoylphenylalanine"" OR ""N-lactoyl-phenylalanine"")",https://www.ebi.ac.uk/europepmc/webservices/rest/search?query=%28%22N-Lactoyl+phenylalanine%22+OR+%22Lac-Phe%22+OR+%22N-lactoylphenylalanine%22+OR+%22lactoylphenylalanine%22+OR+%22N-lactoyl-phenylalanine%22%29&format=json&resultType=core&pageSize=100&cursorMark=AoIIP8mECig1MzA0MzQ4OA%3D%3D,europe_pmc_rest_search
doi:10.3389/fphar.2022.849832,europe_pmc,MED,10.3389/fphar.2022.849832,35721120,PMC9201572,,Shenkang Injection for Treating Renal Fibrosis-Metabonomics and Regulation of E3 Ubiquitin Ligase Smurfs on TGF-β/Smads Signal Transduction,"Zou J, Zhou X, Chen X, Ma Y, Yu R.",Frontiers in pharmacology,2022,journal article; research-article,false,true,10,,,https://europepmc.org/article/MED/35721120,"(""N-Lactoyl phenylalanine"" OR ""Lac-Phe"" OR ""N-lactoylphenylalanine"" OR ""lactoylphenylalanine"" OR ""N-lactoyl-phenylalanine"")",https://www.ebi.ac.uk/europepmc/webservices/rest/search?query=%28%22N-Lactoyl+phenylalanine%22+OR+%22Lac-Phe%22+OR+%22N-lactoylphenylalanine%22+OR+%22lactoylphenylalanine%22+OR+%22N-lactoyl-phenylalanine%22%29&format=json&resultType=core&pageSize=100&cursorMark=AoIIP8mECig1MzA0MzQ4OA%3D%3D,europe_pmc_rest_search
doi:10.3389/fphar.2022.893561,europe_pmc,MED,10.3389/fphar.2022.893561,35959433,PMC9360598,,Phyllanthus emblica aqueous extract retards hepatic steatosis and fibrosis in NAFLD mice in association with the reshaping of intestinal microecology,"Luo X, Zhang B, Pan Y, Gu J, Tan R, Gong P.",Frontiers in pharmacology,2022,journal article; research-article,false,true,25,,,https://europepmc.org/article/MED/35959433,"(""N-Lactoyl phenylalanine"" OR ""Lac-Phe"" OR ""N-lactoylphenylalanine"" OR ""lactoylphenylalanine"" OR ""N-lactoyl-phenylalanine"")",https://www.ebi.ac.uk/europepmc/webservices/rest/search?query=%28%22N-Lactoyl+phenylalanine%22+OR+%22Lac-Phe%22+OR+%22N-lactoylphenylalanine%22+OR+%22lactoylphenylalanine%22+OR+%22N-lactoyl-phenylalanine%22%29&format=json&resultType=core&pageSize=100&cursorMark=AoIIQG6ytCg1MTU3MDY0Nw%3D%3D,europe_pmc_rest_search
doi:10.3389/fphar.2023.1288618,europe_pmc,MED,10.3389/fphar.2023.1288618,37954853,PMC10637531,,Phyllanthus emblica : a comprehensive review of its phytochemical composition and pharmacological properties,"Prananda AT, Dalimunthe A, Harahap U, Simanjuntak Y, Peronika E, Karosekali NE, Hasibuan PAZ, Syahputra RA, Situmorang PC, Nurkolis F.",Frontiers in pharmacology,2023,journal article; review; review-article,false,true,32,,,https://europepmc.org/article/MED/37954853,"(""N-Lactoyl phenylalanine"" OR ""Lac-Phe"" OR ""N-lactoylphenylalanine"" OR ""lactoylphenylalanine"" OR ""N-lactoyl-phenylalanine"")",https://www.ebi.ac.uk/europepmc/webservices/rest/search?query=%28%22N-Lactoyl+phenylalanine%22+OR+%22Lac-Phe%22+OR+%22N-lactoylphenylalanine%22+OR+%22lactoylphenylalanine%22+OR+%22N-lactoyl-phenylalanine%22%29&format=json&resultType=core&pageSize=100&cursorMark=AoIIQG6ytCg1MTU3MDY0Nw%3D%3D,europe_pmc_rest_search
doi:10.3389/fphar.2025.1549834,europe_pmc,MED,10.3389/fphar.2025.1549834,40206067,PMC11980632,,Metabolomic and lipidomic profiling of traditional Chinese medicine Testudinis Carapax et Plastrum and its substitutes,"Xin M, Ping Y, Zhang Y, Zhang W, Zhang L, Zhang Y, Sheng W, Wang L, Mao W, Xiao L, Guo S, Hu H.",Frontiers in pharmacology,2025,journal article; research-article,false,true,,,,https://europepmc.org/article/MED/40206067,"(""N-Lactoyl phenylalanine"" OR ""Lac-Phe"" OR ""N-lactoylphenylalanine"" OR ""lactoylphenylalanine"" OR ""N-lactoyl-phenylalanine"")",https://www.ebi.ac.uk/europepmc/webservices/rest/search?query=%28%22N-Lactoyl+phenylalanine%22+OR+%22Lac-Phe%22+OR+%22N-lactoylphenylalanine%22+OR+%22lactoylphenylalanine%22+OR+%22N-lactoyl-phenylalanine%22%29&format=json&resultType=core&pageSize=100&cursorMark=AoIIQG6ytCg1MTU3MDY0Nw%3D%3D,europe_pmc_rest_search
doi:10.3389/fphar.2025.1571480,europe_pmc,MED,10.3389/fphar.2025.1571480,40438591,PMC12116500,,"Integrating network pharmacology, quantitative transcriptomic analysis, and experimental validation revealed the mechanism of cordycepin in the treatment of obesity","Liao Y, Wang M, Qin F, Liu T, Chen J.",Frontiers in pharmacology,2025,journal article; research-article,false,true,3,,,https://europepmc.org/article/MED/40438591,"(""N-Lactoyl phenylalanine"" OR ""Lac-Phe"" OR ""N-lactoylphenylalanine"" OR ""lactoylphenylalanine"" OR ""N-lactoyl-phenylalanine"")",https://www.ebi.ac.uk/europepmc/webservices/rest/search?query=%28%22N-Lactoyl+phenylalanine%22+OR+%22Lac-Phe%22+OR+%22N-lactoylphenylalanine%22+OR+%22lactoylphenylalanine%22+OR+%22N-lactoyl-phenylalanine%22%29&format=json&resultType=core&pageSize=100&cursorMark=AoIIQG6ytCg1MTU3MDY0Nw%3D%3D,europe_pmc_rest_search
doi:10.3389/fphar.2025.1698734,europe_pmc,MED,10.3389/fphar.2025.1698734,41601981,PMC12833331,,Metabolite and gut microbiota co-biomarkers in Danggui Shaoyao San: insights into a shared therapeutic approach,"Fu X, Peng D, Yu Y, Cao M, Zheng X, Wu S.",Frontiers in pharmacology,2025,journal article; review; review-article,false,true,,,,https://europepmc.org/article/MED/41601981,"(""N-Lactoyl phenylalanine"" OR ""Lac-Phe"" OR ""N-lactoylphenylalanine"" OR ""lactoylphenylalanine"" OR ""N-lactoyl-phenylalanine"")",https://www.ebi.ac.uk/europepmc/webservices/rest/search?query=%28%22N-Lactoyl+phenylalanine%22+OR+%22Lac-Phe%22+OR+%22N-lactoylphenylalanine%22+OR+%22lactoylphenylalanine%22+OR+%22N-lactoyl-phenylalanine%22%29&format=json&resultType=core&pageSize=100&cursorMark=%2A,europe_pmc_rest_search
doi:10.3389/fphar.2026.1799374,europe_pmc,MED,10.3389/fphar.2026.1799374,42110530,PMC13152799,,Controversial effects of metformin on human physiology and pathophysiology,"Fang S, Liu Q, Lu Y, Zhang J.",Frontiers in pharmacology,2026,journal article; review; review-article,false,true,,,,https://europepmc.org/article/MED/42110530,"(""N-Lactoyl phenylalanine"" OR ""Lac-Phe"" OR ""N-lactoylphenylalanine"" OR ""lactoylphenylalanine"" OR ""N-lactoyl-phenylalanine"")",https://www.ebi.ac.uk/europepmc/webservices/rest/search?query=%28%22N-Lactoyl+phenylalanine%22+OR+%22Lac-Phe%22+OR+%22N-lactoylphenylalanine%22+OR+%22lactoylphenylalanine%22+OR+%22N-lactoyl-phenylalanine%22%29&format=json&resultType=core&pageSize=100&cursorMark=AoIIP8mECig1MzA0MzQ4OA%3D%3D,europe_pmc_rest_search
doi:10.3389/fphys.2022.887207,europe_pmc,MED,10.3389/fphys.2022.887207,35634144,PMC9133743,,Integrated Fecal Microbiome and Metabolomics Reveals a Novel Potential Biomarker for Predicting Tibial Dyschondroplasia in Chickens,"Huang S, Zhang C, Xu T, Shaukat A, He Y, Chen P, Lin L, Yue K, Cao Q, Tong X.",Frontiers in physiology,2022,journal article; research-article,false,true,23,,,https://europepmc.org/article/MED/35634144,"(""N-Lactoyl phenylalanine"" OR ""Lac-Phe"" OR ""N-lactoylphenylalanine"" OR ""lactoylphenylalanine"" OR ""N-lactoyl-phenylalanine"")",https://www.ebi.ac.uk/europepmc/webservices/rest/search?query=%28%22N-Lactoyl+phenylalanine%22+OR+%22Lac-Phe%22+OR+%22N-lactoylphenylalanine%22+OR+%22lactoylphenylalanine%22+OR+%22N-lactoyl-phenylalanine%22%29&format=json&resultType=core&pageSize=100&cursorMark=AoIIP8mECig1MzA0MzQ4OA%3D%3D,europe_pmc_rest_search
doi:10.3389/fphys.2023.1143966,europe_pmc,MED,10.3389/fphys.2023.1143966,37064893,PMC10098097,,Distinct microRNA and protein profiles of extracellular vesicles secreted from myotubes from morbidly obese donors with type 2 diabetes in response to electrical pulse stimulation,"Aas V, Øvstebø R, Brusletto BS, Aspelin T, Trøseid AS, Qureshi S, Eid DSO, Olstad OK, Nyman TA, Haug KBF.",Frontiers in physiology,2023,journal article; research-article,false,true,18,,,https://europepmc.org/article/MED/37064893,"(""N-Lactoyl phenylalanine"" OR ""Lac-Phe"" OR ""N-lactoylphenylalanine"" OR ""lactoylphenylalanine"" OR ""N-lactoyl-phenylalanine"")",https://www.ebi.ac.uk/europepmc/webservices/rest/search?query=%28%22N-Lactoyl+phenylalanine%22+OR+%22Lac-Phe%22+OR+%22N-lactoylphenylalanine%22+OR+%22lactoylphenylalanine%22+OR+%22N-lactoyl-phenylalanine%22%29&format=json&resultType=core&pageSize=100&cursorMark=AoIIQG6ytCg1MTU3MDY0Nw%3D%3D,europe_pmc_rest_search
doi:10.3389/fphys.2025.1677194,europe_pmc,MED,10.3389/fphys.2025.1677194,41245272,PMC12611969,,Comprehensive analysis of risk factors and metabolic profiling in preclinical atherosclerosis: a cross-sectional study,"Liu L, Wang F, Jiang L, Liu T, Dong L, Zhang T, Hu G.",Frontiers in physiology,2025,journal article; research-article,false,true,,,,https://europepmc.org/article/MED/41245272,"(""N-Lactoyl phenylalanine"" OR ""Lac-Phe"" OR ""N-lactoylphenylalanine"" OR ""lactoylphenylalanine"" OR ""N-lactoyl-phenylalanine"")",https://www.ebi.ac.uk/europepmc/webservices/rest/search?query=%28%22N-Lactoyl+phenylalanine%22+OR+%22Lac-Phe%22+OR+%22N-lactoylphenylalanine%22+OR+%22lactoylphenylalanine%22+OR+%22N-lactoyl-phenylalanine%22%29&format=json&resultType=core&pageSize=100&cursorMark=%2A,europe_pmc_rest_search
doi:10.3389/fpls.2022.997292,europe_pmc,MED,10.3389/fpls.2022.997292,36119572,PMC9471988,,Root exudates and rhizosphere soil bacterial relationships of Nitraria tangutorum are linked to k-strategists bacterial community under salt stress,"Pan Y, Kang P, Tan M, Hu J, Zhang Y, Zhang J, Song N, Li X.",Frontiers in plant science,2022,journal article; research-article,false,true,23,,,https://europepmc.org/article/MED/36119572,"(""N-Lactoyl phenylalanine"" OR ""Lac-Phe"" OR ""N-lactoylphenylalanine"" OR ""lactoylphenylalanine"" OR ""N-lactoyl-phenylalanine"")",https://www.ebi.ac.uk/europepmc/webservices/rest/search?query=%28%22N-Lactoyl+phenylalanine%22+OR+%22Lac-Phe%22+OR+%22N-lactoylphenylalanine%22+OR+%22lactoylphenylalanine%22+OR+%22N-lactoyl-phenylalanine%22%29&format=json&resultType=core&pageSize=100&cursorMark=AoIIQG6ytCg1MTU3MDY0Nw%3D%3D,europe_pmc_rest_search
doi:10.3389/fpls.2026.1771042,europe_pmc,MED,10.3389/fpls.2026.1771042,41907745,PMC13019536,,A Moringa oleifera -based formulation for growth and mitigation of drought stress in tomato plants,"Berouaken A, Calvano CD, Schena A, Pascuzzi S, Paciolla F, Cocozza C, Losciale P, Ugenti V, di Leo G, Simini A, Incerti O, Cecchin M, Baroni A, Ippolito A, Pituello C, Sanzani SM.",Frontiers in plant science,2026,journal article; research-article,false,true,,,,https://europepmc.org/article/MED/41907745,"(""N-Lactoyl phenylalanine"" OR ""Lac-Phe"" OR ""N-lactoylphenylalanine"" OR ""lactoylphenylalanine"" OR ""N-lactoyl-phenylalanine"")",https://www.ebi.ac.uk/europepmc/webservices/rest/search?query=%28%22N-Lactoyl+phenylalanine%22+OR+%22Lac-Phe%22+OR+%22N-lactoylphenylalanine%22+OR+%22lactoylphenylalanine%22+OR+%22N-lactoyl-phenylalanine%22%29&format=json&resultType=core&pageSize=100&cursorMark=AoIIQG6ytCg1MTU3MDY0Nw%3D%3D,europe_pmc_rest_search
doi:10.3389/fspor.2025.1600714,crossref,journal-article,10.3389/fspor.2025.1600714,,,,"Proof-of-concept of a prior validated LC-MS/MS method for detection of N-lactoyl-phenylalanine in dried blood spots before, during and after a performance diagnostic test of junior squad triathletes","Bauhaus H, Möller T, Keller S, Thomas A, Braun H, Wahl P, Thevis M",Frontiers in Sports and Active Living,2025,journal-article,false,,2,,,https://doi.org/10.3389/fspor.2025.1600714,N-Lactoyl phenylalanine,https://api.crossref.org/works?query.bibliographic=N-Lactoyl+phenylalanine&rows=50&sort=relevance,crossref_rest_works
doi:10.3389/fspor.2025.1600714,crossref,journal-article,10.3389/fspor.2025.1600714,,,,"Proof-of-concept of a prior validated LC-MS/MS method for detection of N-lactoyl-phenylalanine in dried blood spots before, during and after a performance diagnostic test of junior squad triathletes","Bauhaus H, Möller T, Keller S, Thomas A, Braun H, Wahl P, Thevis M",Frontiers in Sports and Active Living,2025,journal-article,false,,2,,,https://doi.org/10.3389/fspor.2025.1600714,N-lactoyl-phenylalanine,https://api.crossref.org/works?query.bibliographic=N-lactoyl-phenylalanine&rows=50&sort=relevance,crossref_rest_works
doi:10.3389/fspor.2025.1600714,europe_pmc,MED,10.3389/fspor.2025.1600714,41098478,PMC12518242,,"Proof-of-concept of a prior validated LC-MS/MS method for detection of N -lactoyl-phenylalanine in dried blood spots before, during and after a performance diagnostic test of junior squad triathletes","Bauhaus H, Möller T, Keller S, Thomas A, Braun H, Wahl P, Thevis M.",Frontiers in sports and active living,2025,journal article; research-article,false,true,1,,,https://europepmc.org/article/MED/41098478,"(""N-Lactoyl phenylalanine"" OR ""Lac-Phe"" OR ""N-lactoylphenylalanine"" OR ""lactoylphenylalanine"" OR ""N-lactoyl-phenylalanine"")",https://www.ebi.ac.uk/europepmc/webservices/rest/search?query=%28%22N-Lactoyl+phenylalanine%22+OR+%22Lac-Phe%22+OR+%22N-lactoylphenylalanine%22+OR+%22lactoylphenylalanine%22+OR+%22N-lactoyl-phenylalanine%22%29&format=json&resultType=core&pageSize=100&cursorMark=%2A,europe_pmc_rest_search
doi:10.3389/jpps.2024.12568,europe_pmc,MED,10.3389/jpps.2024.12568,38706718,PMC11066298,,Lipotoxicity as a therapeutic target in obesity and diabetic cardiomyopathy,Nakamura M.,"Journal of pharmacy & pharmaceutical sciences : a publication of the Canadian Society for Pharmaceutical Sciences, Societe canadienne des sciences pharmaceutiques",2024,"journal article; research support, non-u.s. gov't; review; review-article",false,true,24,,,https://europepmc.org/article/MED/38706718,"(""N-Lactoyl phenylalanine"" OR ""Lac-Phe"" OR ""N-lactoylphenylalanine"" OR ""lactoylphenylalanine"" OR ""N-lactoyl-phenylalanine"")",https://www.ebi.ac.uk/europepmc/webservices/rest/search?query=%28%22N-Lactoyl+phenylalanine%22+OR+%22Lac-Phe%22+OR+%22N-lactoylphenylalanine%22+OR+%22lactoylphenylalanine%22+OR+%22N-lactoyl-phenylalanine%22%29&format=json&resultType=core&pageSize=100&cursorMark=AoIIQG6ytCg1MTU3MDY0Nw%3D%3D,europe_pmc_rest_search
doi:10.3390/ani15223272,europe_pmc,MED,10.3390/ani15223272,41301980,PMC12649434,,Physiological Responses to Thermal Stress in the Liver of Gymnocypris eckloni Revealed by Multi-Omics,"Nie M, Ni W, Wang Z, Liu D, Gao Q, Zhang C, Qi D.",Animals : an open access journal from MDPI,2025,journal article; research-article,false,true,,,,https://europepmc.org/article/MED/41301980,"(""N-Lactoyl phenylalanine"" OR ""Lac-Phe"" OR ""N-lactoylphenylalanine"" OR ""lactoylphenylalanine"" OR ""N-lactoyl-phenylalanine"")",https://www.ebi.ac.uk/europepmc/webservices/rest/search?query=%28%22N-Lactoyl+phenylalanine%22+OR+%22Lac-Phe%22+OR+%22N-lactoylphenylalanine%22+OR+%22lactoylphenylalanine%22+OR+%22N-lactoyl-phenylalanine%22%29&format=json&resultType=core&pageSize=100&cursorMark=AoIIQG6ytCg1MTU3MDY0Nw%3D%3D,europe_pmc_rest_search
doi:10.3390/antiox12081488,europe_pmc,MED,10.3390/antiox12081488,37627482,PMC10451679,,Physical Activity as a Modern Intervention in the Fight against Obesity-Related Inflammation in Type 2 Diabetes Mellitus and Gestational Diabetes,"Piotrowska K, Zgutka K, Tkacz M, Tarnowski M.","Antioxidants (Basel, Switzerland)",2023,journal article; review; review-article,false,true,9,,,https://europepmc.org/article/MED/37627482,"(""N-Lactoyl phenylalanine"" OR ""Lac-Phe"" OR ""N-lactoylphenylalanine"" OR ""lactoylphenylalanine"" OR ""N-lactoyl-phenylalanine"")",https://www.ebi.ac.uk/europepmc/webservices/rest/search?query=%28%22N-Lactoyl+phenylalanine%22+OR+%22Lac-Phe%22+OR+%22N-lactoylphenylalanine%22+OR+%22lactoylphenylalanine%22+OR+%22N-lactoyl-phenylalanine%22%29&format=json&resultType=core&pageSize=100&cursorMark=AoIIQG6ytCg1MTU3MDY0Nw%3D%3D,europe_pmc_rest_search
doi:10.3390/antiox13111377,europe_pmc,MED,10.3390/antiox13111377,39594519,PMC11591121,,Cecal Microbial Diversity and Metabolome Reveal a Reduction in Growth Due to Oxidative Stress Caused by a Low-Energy Diet in Donkeys,"Li L, Guo X, Zhao Y, Guo Y, Shi B, Zhou Y, Zhang Y, Yan S.","Antioxidants (Basel, Switzerland)",2024,journal article; research-article,false,true,5,,,https://europepmc.org/article/MED/39594519,"(""N-Lactoyl phenylalanine"" OR ""Lac-Phe"" OR ""N-lactoylphenylalanine"" OR ""lactoylphenylalanine"" OR ""N-lactoyl-phenylalanine"")",https://www.ebi.ac.uk/europepmc/webservices/rest/search?query=%28%22N-Lactoyl+phenylalanine%22+OR+%22Lac-Phe%22+OR+%22N-lactoylphenylalanine%22+OR+%22lactoylphenylalanine%22+OR+%22N-lactoyl-phenylalanine%22%29&format=json&resultType=core&pageSize=100&cursorMark=AoIIQG6ytCg1MTU3MDY0Nw%3D%3D,europe_pmc_rest_search
doi:10.3390/antiox15040441,crossref,journal-article,10.3390/antiox15040441,,,,The Emerging Role of N-Lactoyl-Phenylalanine (Lac-Phe) in Metabolic Regulation and Disease: From Exercise-Induced Metabolite to Therapeutic Candidate,"Hsu J, Chen C, Chen M, Chen W, Lee T",Antioxidants,2026,journal-article,false,,,,,https://doi.org/10.3390/antiox15040441,N-Lactoyl phenylalanine,https://api.crossref.org/works?query.bibliographic=N-Lactoyl+phenylalanine&rows=50&sort=relevance,crossref_rest_works
doi:10.3390/antiox15040441,crossref,journal-article,10.3390/antiox15040441,,,,The Emerging Role of N-Lactoyl-Phenylalanine (Lac-Phe) in Metabolic Regulation and Disease: From Exercise-Induced Metabolite to Therapeutic Candidate,"Hsu J, Chen C, Chen M, Chen W, Lee T",Antioxidants,2026,journal-article,false,,,,,https://doi.org/10.3390/antiox15040441,Lac-Phe,https://api.crossref.org/works?query.bibliographic=Lac-Phe&rows=50&sort=relevance,crossref_rest_works
doi:10.3390/antiox15040441,crossref,journal-article,10.3390/antiox15040441,,,,The Emerging Role of N-Lactoyl-Phenylalanine (Lac-Phe) in Metabolic Regulation and Disease: From Exercise-Induced Metabolite to Therapeutic Candidate,"Hsu J, Chen C, Chen M, Chen W, Lee T",Antioxidants,2026,journal-article,false,,,,,https://doi.org/10.3390/antiox15040441,N-lactoyl-phenylalanine,https://api.crossref.org/works?query.bibliographic=N-lactoyl-phenylalanine&rows=50&sort=relevance,crossref_rest_works
doi:10.3390/antiox15040441,europe_pmc,MED,10.3390/antiox15040441,42072083,PMC13113076,,The Emerging Role of N-Lactoyl-Phenylalanine (Lac-Phe) in Metabolic Regulation and Disease: From Exercise-Induced Metabolite to Therapeutic Candidate,"Hsu JC, Chen CH, Chen MW, Chen WH, Lee TS.","Antioxidants (Basel, Switzerland)",2026,journal article; other,false,true,,,,https://europepmc.org/article/MED/42072083,"(""N-Lactoyl phenylalanine"" OR ""Lac-Phe"" OR ""N-lactoylphenylalanine"" OR ""lactoylphenylalanine"" OR ""N-lactoyl-phenylalanine"")",https://www.ebi.ac.uk/europepmc/webservices/rest/search?query=%28%22N-Lactoyl+phenylalanine%22+OR+%22Lac-Phe%22+OR+%22N-lactoylphenylalanine%22+OR+%22lactoylphenylalanine%22+OR+%22N-lactoyl-phenylalanine%22%29&format=json&resultType=core&pageSize=100&cursorMark=%2A,europe_pmc_rest_search
doi:10.3390/biology10100944,europe_pmc,MED,10.3390/biology10100944,34681043,PMC8533136,,Metabolomics in Retinal Diseases: An Update,"Li X, Cai S, He Z, Reilly J, Zeng Z, Strang N, Shu X.",Biology,2021,journal article; review; review-article,false,true,21,,,https://europepmc.org/article/MED/34681043,"(""N-Lactoyl phenylalanine"" OR ""Lac-Phe"" OR ""N-lactoylphenylalanine"" OR ""lactoylphenylalanine"" OR ""N-lactoyl-phenylalanine"")",https://www.ebi.ac.uk/europepmc/webservices/rest/search?query=%28%22N-Lactoyl+phenylalanine%22+OR+%22Lac-Phe%22+OR+%22N-lactoylphenylalanine%22+OR+%22lactoylphenylalanine%22+OR+%22N-lactoyl-phenylalanine%22%29&format=json&resultType=core&pageSize=100&cursorMark=AoIIP8mECig1MzA0MzQ4OA%3D%3D,europe_pmc_rest_search
doi:10.3390/biom13081170,europe_pmc,MED,10.3390/biom13081170,37627235,PMC10452291,,Physical Exercise and Appetite Regulation: New Insights,"Caruso L, Zauli E, Vaccarezza M.",Biomolecules,2023,"discussion; journal article; research support, non-u.s. gov't",false,true,14,,,https://europepmc.org/article/MED/37627235,"(""N-Lactoyl phenylalanine"" OR ""Lac-Phe"" OR ""N-lactoylphenylalanine"" OR ""lactoylphenylalanine"" OR ""N-lactoyl-phenylalanine"")",https://www.ebi.ac.uk/europepmc/webservices/rest/search?query=%28%22N-Lactoyl+phenylalanine%22+OR+%22Lac-Phe%22+OR+%22N-lactoylphenylalanine%22+OR+%22lactoylphenylalanine%22+OR+%22N-lactoyl-phenylalanine%22%29&format=json&resultType=core&pageSize=100&cursorMark=AoIIQG6ytCg1MTU3MDY0Nw%3D%3D,europe_pmc_rest_search
doi:10.3390/biom14101241,europe_pmc,MED,10.3390/biom14101241,39456173,PMC11506540,,"Exercise, Neuroprotective Exerkines, and Parkinson's Disease: A Narrative Review","Mitchell AK, Bliss RR, Church FC.",Biomolecules,2024,journal article; review; review-article,false,true,13,,,https://europepmc.org/article/MED/39456173,"(""N-Lactoyl phenylalanine"" OR ""Lac-Phe"" OR ""N-lactoylphenylalanine"" OR ""lactoylphenylalanine"" OR ""N-lactoyl-phenylalanine"")",https://www.ebi.ac.uk/europepmc/webservices/rest/search?query=%28%22N-Lactoyl+phenylalanine%22+OR+%22Lac-Phe%22+OR+%22N-lactoylphenylalanine%22+OR+%22lactoylphenylalanine%22+OR+%22N-lactoyl-phenylalanine%22%29&format=json&resultType=core&pageSize=100&cursorMark=AoIIQG6ytCg1MTU3MDY0Nw%3D%3D,europe_pmc_rest_search
doi:10.3390/biom15101474,europe_pmc,MED,10.3390/biom15101474,41154704,PMC12564260,,Metabolomics in the Context of Exercise in Subjects with Multimorbidity: A Pilot Study,"Bankamp R, Schweda S, Janzen N, Nieß AM, Krauß I, Munz B.",Biomolecules,2025,"journal article; research support, non-u.s. gov't; research-article",false,true,,,,https://europepmc.org/article/MED/41154704,"(""N-Lactoyl phenylalanine"" OR ""Lac-Phe"" OR ""N-lactoylphenylalanine"" OR ""lactoylphenylalanine"" OR ""N-lactoyl-phenylalanine"")",https://www.ebi.ac.uk/europepmc/webservices/rest/search?query=%28%22N-Lactoyl+phenylalanine%22+OR+%22Lac-Phe%22+OR+%22N-lactoylphenylalanine%22+OR+%22lactoylphenylalanine%22+OR+%22N-lactoyl-phenylalanine%22%29&format=json&resultType=core&pageSize=100&cursorMark=AoIIQG6ytCg1MTU3MDY0Nw%3D%3D,europe_pmc_rest_search
doi:10.3390/brainsci13010049,europe_pmc,MED,10.3390/brainsci13010049,36672031,PMC9856103,,Lactate-Mediated Signaling in the Brain-An Update,"Vaccari-Cardoso B, Antipina M, Teschemacher AG, Kasparov S.",Brain sciences,2022,journal article; review; review-article,false,true,11,,,https://europepmc.org/article/MED/36672031,"(""N-Lactoyl phenylalanine"" OR ""Lac-Phe"" OR ""N-lactoylphenylalanine"" OR ""lactoylphenylalanine"" OR ""N-lactoyl-phenylalanine"")",https://www.ebi.ac.uk/europepmc/webservices/rest/search?query=%28%22N-Lactoyl+phenylalanine%22+OR+%22Lac-Phe%22+OR+%22N-lactoylphenylalanine%22+OR+%22lactoylphenylalanine%22+OR+%22N-lactoyl-phenylalanine%22%29&format=json&resultType=core&pageSize=100&cursorMark=AoIIQG6ytCg1MTU3MDY0Nw%3D%3D,europe_pmc_rest_search
doi:10.3390/brainsci9070156,europe_pmc,MED,10.3390/brainsci9070156,31266223,PMC6680948,,Neural State Monitoring in the Treatment of Epilepsy: Seizure Prediction-Conceptualization to First-In-Man Study,"DiLorenzo DJ, Leyde KW, Kaplan D.",Brain sciences,2019,journal article; research-article,false,true,14,,,https://europepmc.org/article/MED/31266223,"(""N-Lactoyl phenylalanine"" OR ""Lac-Phe"" OR ""N-lactoylphenylalanine"" OR ""lactoylphenylalanine"" OR ""N-lactoyl-phenylalanine"")",https://www.ebi.ac.uk/europepmc/webservices/rest/search?query=%28%22N-Lactoyl+phenylalanine%22+OR+%22Lac-Phe%22+OR+%22N-lactoylphenylalanine%22+OR+%22lactoylphenylalanine%22+OR+%22N-lactoyl-phenylalanine%22%29&format=json&resultType=core&pageSize=100&cursorMark=AoIIP8mECig1MzA0MzQ4OA%3D%3D,europe_pmc_rest_search
doi:10.3390/cells14161296,crossref,journal-article,10.3390/cells14161296,,,,"N-Lactoyl Phenylalanine Disrupts Insulin Signaling, Induces Inflammation, and Impairs Mitochondrial Respiration in Cell Models","Hedaya L, Naja K, Almuraikhy S, Anwardeen N, Elashi A, Al-Asmakh M, Zughaier S, Espino-Guarch M, Aldirbashi O, Davey G, Elrayess M",Cells,2025,journal-article,false,,3,,,https://doi.org/10.3390/cells14161296,N-Lactoyl phenylalanine,https://api.crossref.org/works?query.bibliographic=N-Lactoyl+phenylalanine&rows=50&sort=relevance,crossref_rest_works
doi:10.3390/cells14161296,crossref,journal-article,10.3390/cells14161296,,,,"N-Lactoyl Phenylalanine Disrupts Insulin Signaling, Induces Inflammation, and Impairs Mitochondrial Respiration in Cell Models","Hedaya L, Naja K, Almuraikhy S, Anwardeen N, Elashi A, Al-Asmakh M, Zughaier S, Espino-Guarch M, Aldirbashi O, Davey G, Elrayess M",Cells,2025,journal-article,false,,3,,,https://doi.org/10.3390/cells14161296,N-lactoyl-phenylalanine,https://api.crossref.org/works?query.bibliographic=N-lactoyl-phenylalanine&rows=50&sort=relevance,crossref_rest_works
doi:10.3390/cells14161296,europe_pmc,MED,10.3390/cells14161296,40862774,PMC12384308,,"N-Lactoyl Phenylalanine Disrupts Insulin Signaling, Induces Inflammation, and Impairs Mitochondrial Respiration in Cell Models","Hedaya L, Naja K, Almuraikhy S, Anwardeen N, Elashi AA, Al-Asmakh M, Zughaier SM, Espino-Guarch M, Aldirbashi OY, Davey GP, Elrayess MA.",Cells,2025,journal article; research-article,false,true,2,,,https://europepmc.org/article/MED/40862774,"(""N-Lactoyl phenylalanine"" OR ""Lac-Phe"" OR ""N-lactoylphenylalanine"" OR ""lactoylphenylalanine"" OR ""N-lactoyl-phenylalanine"")",https://www.ebi.ac.uk/europepmc/webservices/rest/search?query=%28%22N-Lactoyl+phenylalanine%22+OR+%22Lac-Phe%22+OR+%22N-lactoylphenylalanine%22+OR+%22lactoylphenylalanine%22+OR+%22N-lactoyl-phenylalanine%22%29&format=json&resultType=core&pageSize=100&cursorMark=%2A,europe_pmc_rest_search
doi:10.3390/clinpract14060206,europe_pmc,MED,10.3390/clinpract14060206,39727794,PMC11674615,,Body Composition Changes and Factors Influencing the Total Weight Loss Rate After Laparoscopic Sleeve Gastrectomy,"Nakaguchi H, Matsuura B, Miyake T, Senba H, Furukawa S, Yoshida M, Koga S, Watanabe Y, Oshikiri T, Toshimitsu K, Hiasa Y.",Clinics and practice,2024,journal article; research-article,false,true,,,,https://europepmc.org/article/MED/39727794,"(""N-Lactoyl phenylalanine"" OR ""Lac-Phe"" OR ""N-lactoylphenylalanine"" OR ""lactoylphenylalanine"" OR ""N-lactoyl-phenylalanine"")",https://www.ebi.ac.uk/europepmc/webservices/rest/search?query=%28%22N-Lactoyl+phenylalanine%22+OR+%22Lac-Phe%22+OR+%22N-lactoylphenylalanine%22+OR+%22lactoylphenylalanine%22+OR+%22N-lactoyl-phenylalanine%22%29&format=json&resultType=core&pageSize=100&cursorMark=AoIIQG6ytCg1MTU3MDY0Nw%3D%3D,europe_pmc_rest_search
doi:10.3390/diagnostics15030327,europe_pmc,MED,10.3390/diagnostics15030327,39941257,PMC11816745,,Wearables in Chronomedicine and Interpretation of Circadian Health,"Gubin D, Weinert D, Stefani O, Otsuka K, Borisenkov M, Cornelissen G.","Diagnostics (Basel, Switzerland)",2025,journal article; review; review-article,false,true,28,,,https://europepmc.org/article/MED/39941257,"(""N-Lactoyl phenylalanine"" OR ""Lac-Phe"" OR ""N-lactoylphenylalanine"" OR ""lactoylphenylalanine"" OR ""N-lactoyl-phenylalanine"")",https://www.ebi.ac.uk/europepmc/webservices/rest/search?query=%28%22N-Lactoyl+phenylalanine%22+OR+%22Lac-Phe%22+OR+%22N-lactoylphenylalanine%22+OR+%22lactoylphenylalanine%22+OR+%22N-lactoyl-phenylalanine%22%29&format=json&resultType=core&pageSize=100&cursorMark=AoIIP8mECig1MzA0MzQ4OA%3D%3D,europe_pmc_rest_search
doi:10.3390/foods13223529,europe_pmc,MED,10.3390/foods13223529,39593945,PMC11592899,,"Probiotic, Postbiotic, and Paraprobiotic Effects of Lactobacillus rhamnosus as a Modulator of Obesity-Associated Factors","López-Almada G, Mejía-León ME, Salazar-López NJ.","Foods (Basel, Switzerland)",2024,journal article; review; review-article,false,true,13,,,https://europepmc.org/article/MED/39593945,"(""N-Lactoyl phenylalanine"" OR ""Lac-Phe"" OR ""N-lactoylphenylalanine"" OR ""lactoylphenylalanine"" OR ""N-lactoyl-phenylalanine"")",https://www.ebi.ac.uk/europepmc/webservices/rest/search?query=%28%22N-Lactoyl+phenylalanine%22+OR+%22Lac-Phe%22+OR+%22N-lactoylphenylalanine%22+OR+%22lactoylphenylalanine%22+OR+%22N-lactoyl-phenylalanine%22%29&format=json&resultType=core&pageSize=100&cursorMark=AoIIQG6ytCg1MTU3MDY0Nw%3D%3D,europe_pmc_rest_search
doi:10.3390/foods14020193,europe_pmc,MED,10.3390/foods14020193,39856860,PMC11764715,,Studies on Quality Deterioration and Metabolomic Changes in Oysters Induced by Spoilage Bacteria During Chilled Storage,"Dou H, Zhu W, Chen S, Zou Y, Xia X.","Foods (Basel, Switzerland)",2025,journal article; research-article,false,true,5,,,https://europepmc.org/article/MED/39856860,"(""N-Lactoyl phenylalanine"" OR ""Lac-Phe"" OR ""N-lactoylphenylalanine"" OR ""lactoylphenylalanine"" OR ""N-lactoyl-phenylalanine"")",https://www.ebi.ac.uk/europepmc/webservices/rest/search?query=%28%22N-Lactoyl+phenylalanine%22+OR+%22Lac-Phe%22+OR+%22N-lactoylphenylalanine%22+OR+%22lactoylphenylalanine%22+OR+%22N-lactoyl-phenylalanine%22%29&format=json&resultType=core&pageSize=100&cursorMark=%2A,europe_pmc_rest_search
doi:10.3390/foods14213803,europe_pmc,MED,10.3390/foods14213803,41227772,PMC12609953,,Lactiplantibacillus plantarum Z45 from Sour Soup Improves Flavor and Safety of Fermented Corn: Insights from Genomic and Metabolomic Approaches,"Zhao M, Zhang Y, Wu Y, Liang S, Li G.","Foods (Basel, Switzerland)",2025,journal article; research-article,false,true,,,,https://europepmc.org/article/MED/41227772,"(""N-Lactoyl phenylalanine"" OR ""Lac-Phe"" OR ""N-lactoylphenylalanine"" OR ""lactoylphenylalanine"" OR ""N-lactoyl-phenylalanine"")",https://www.ebi.ac.uk/europepmc/webservices/rest/search?query=%28%22N-Lactoyl+phenylalanine%22+OR+%22Lac-Phe%22+OR+%22N-lactoylphenylalanine%22+OR+%22lactoylphenylalanine%22+OR+%22N-lactoyl-phenylalanine%22%29&format=json&resultType=core&pageSize=100&cursorMark=AoIIQG6ytCg1MTU3MDY0Nw%3D%3D,europe_pmc_rest_search
doi:10.3390/ijms20133360,europe_pmc,MED,10.3390/ijms20133360,31323921,PMC6651211,,Metabolomic Studies of Tissue Injury in Nonhuman Primates Exposed to Gamma-Radiation,"Cheema AK, Mehta KY, Rajagopal MU, Wise SY, Fatanmi OO, Singh VK.",International journal of molecular sciences,2019,journal article; research-article,false,true,27,,,https://europepmc.org/article/MED/31323921,"(""N-Lactoyl phenylalanine"" OR ""Lac-Phe"" OR ""N-lactoylphenylalanine"" OR ""lactoylphenylalanine"" OR ""N-lactoyl-phenylalanine"")",https://www.ebi.ac.uk/europepmc/webservices/rest/search?query=%28%22N-Lactoyl+phenylalanine%22+OR+%22Lac-Phe%22+OR+%22N-lactoylphenylalanine%22+OR+%22lactoylphenylalanine%22+OR+%22N-lactoyl-phenylalanine%22%29&format=json&resultType=core&pageSize=100&cursorMark=AoIIP8mECig1MzA0MzQ4OA%3D%3D,europe_pmc_rest_search
doi:10.3390/ijms23063193,europe_pmc,MED,10.3390/ijms23063193,35328611,PMC8951069,,Investigating the Short Peptidome Profile of Italian Dry-Cured Ham at Different Processing Times by High-Resolution Mass Spectrometry and Chemometrics,"Cerrato A, Aita SE, Capriotti AL, Cavaliere C, Montone AMI, Montone CM, Laganà A.",International journal of molecular sciences,2022,journal article; research-article,false,true,12,,,https://europepmc.org/article/MED/35328611,"(""N-Lactoyl phenylalanine"" OR ""Lac-Phe"" OR ""N-lactoylphenylalanine"" OR ""lactoylphenylalanine"" OR ""N-lactoyl-phenylalanine"")",https://www.ebi.ac.uk/europepmc/webservices/rest/search?query=%28%22N-Lactoyl+phenylalanine%22+OR+%22Lac-Phe%22+OR+%22N-lactoylphenylalanine%22+OR+%22lactoylphenylalanine%22+OR+%22N-lactoyl-phenylalanine%22%29&format=json&resultType=core&pageSize=100&cursorMark=AoIIP8mECig1MzA0MzQ4OA%3D%3D,europe_pmc_rest_search
doi:10.3390/ijms24021168,europe_pmc,MED,10.3390/ijms24021168,36674685,PMC9861432,,UPLC-Q-TOF/MS-Based Metabolomics Approach Reveals Osthole Intervention in Breast Cancer 4T1 Cells,"Li X, Zhang C, Wu E, Han L, Deng X, Shi Z.",International journal of molecular sciences,2023,journal article; research-article,false,true,11,,,https://europepmc.org/article/MED/36674685,"(""N-Lactoyl phenylalanine"" OR ""Lac-Phe"" OR ""N-lactoylphenylalanine"" OR ""lactoylphenylalanine"" OR ""N-lactoyl-phenylalanine"")",https://www.ebi.ac.uk/europepmc/webservices/rest/search?query=%28%22N-Lactoyl+phenylalanine%22+OR+%22Lac-Phe%22+OR+%22N-lactoylphenylalanine%22+OR+%22lactoylphenylalanine%22+OR+%22N-lactoyl-phenylalanine%22%29&format=json&resultType=core&pageSize=100&cursorMark=AoIIP8mECig1MzA0MzQ4OA%3D%3D,europe_pmc_rest_search
doi:10.3390/ijms241512259,europe_pmc,MED,10.3390/ijms241512259,37569635,PMC10418857,,Adipocyte- and Monocyte-Mediated Vicious Circle of Inflammation and Obesity (Review of Cellular and Molecular Mechanisms),"Todosenko N, Khaziakhmatova O, Malashchenko V, Yurova K, Bograya M, Beletskaya M, Vulf M, Mikhailova L, Minchenko A, Soroko I, Khlusov I, Litvinova L.",International journal of molecular sciences,2023,journal article; review; review-article,false,true,19,,,https://europepmc.org/article/MED/37569635,"(""N-Lactoyl phenylalanine"" OR ""Lac-Phe"" OR ""N-lactoylphenylalanine"" OR ""lactoylphenylalanine"" OR ""N-lactoyl-phenylalanine"")",https://www.ebi.ac.uk/europepmc/webservices/rest/search?query=%28%22N-Lactoyl+phenylalanine%22+OR+%22Lac-Phe%22+OR+%22N-lactoylphenylalanine%22+OR+%22lactoylphenylalanine%22+OR+%22N-lactoyl-phenylalanine%22%29&format=json&resultType=core&pageSize=100&cursorMark=AoIIP8mECig1MzA0MzQ4OA%3D%3D,europe_pmc_rest_search
doi:10.3390/ijms25010195,europe_pmc,MED,10.3390/ijms25010195,38203366,PMC10779258,,Distinct Metabolic Profiles of Ocular Hypertensives in Response to Hypoxia,"Langbøl M, Rovelt J, Saruhanian A, Saruhanian S, Tiedemann D, Baskaran T, Bocca C, Vohra R, Cvenkel B, Lenaers G, Kolko M.",International journal of molecular sciences,2023,journal article; research-article,false,true,1,,,https://europepmc.org/article/MED/38203366,"(""N-Lactoyl phenylalanine"" OR ""Lac-Phe"" OR ""N-lactoylphenylalanine"" OR ""lactoylphenylalanine"" OR ""N-lactoyl-phenylalanine"")",https://www.ebi.ac.uk/europepmc/webservices/rest/search?query=%28%22N-Lactoyl+phenylalanine%22+OR+%22Lac-Phe%22+OR+%22N-lactoylphenylalanine%22+OR+%22lactoylphenylalanine%22+OR+%22N-lactoyl-phenylalanine%22%29&format=json&resultType=core&pageSize=100&cursorMark=AoIIP8mECig1MzA0MzQ4OA%3D%3D,europe_pmc_rest_search
doi:10.3390/ijms251810044,europe_pmc,MED,10.3390/ijms251810044,39337529,PMC11432478,,Novel Metabolites Associated with Decreased GFR in Finnish Men: A 12-Year Follow-Up of the METSIM Cohort,"Fernandes Silva L, Vangipurapu J, Oravilahti A, Laakso M.",International journal of molecular sciences,2024,journal article; research-article,false,true,1,,,https://europepmc.org/article/MED/39337529,"(""N-Lactoyl phenylalanine"" OR ""Lac-Phe"" OR ""N-lactoylphenylalanine"" OR ""lactoylphenylalanine"" OR ""N-lactoyl-phenylalanine"")",https://www.ebi.ac.uk/europepmc/webservices/rest/search?query=%28%22N-Lactoyl+phenylalanine%22+OR+%22Lac-Phe%22+OR+%22N-lactoylphenylalanine%22+OR+%22lactoylphenylalanine%22+OR+%22N-lactoyl-phenylalanine%22%29&format=json&resultType=core&pageSize=100&cursorMark=AoIIQG6ytCg1MTU3MDY0Nw%3D%3D,europe_pmc_rest_search
doi:10.3390/ijms252011033,europe_pmc,MED,10.3390/ijms252011033,39456816,PMC11507585,,Unveiling the Metabolomic Profile of Oily Sensitive Skin: A Non-Invasive Approach,"Zhang J, Wu F, Wang J, Qin Y, Pan Y.",International journal of molecular sciences,2024,journal article; research-article,false,true,2,,,https://europepmc.org/article/MED/39456816,"(""N-Lactoyl phenylalanine"" OR ""Lac-Phe"" OR ""N-lactoylphenylalanine"" OR ""lactoylphenylalanine"" OR ""N-lactoyl-phenylalanine"")",https://www.ebi.ac.uk/europepmc/webservices/rest/search?query=%28%22N-Lactoyl+phenylalanine%22+OR+%22Lac-Phe%22+OR+%22N-lactoylphenylalanine%22+OR+%22lactoylphenylalanine%22+OR+%22N-lactoyl-phenylalanine%22%29&format=json&resultType=core&pageSize=100&cursorMark=AoIIQG6ytCg1MTU3MDY0Nw%3D%3D,europe_pmc_rest_search
doi:10.3390/ijms26157171,europe_pmc,MED,10.3390/ijms26157171,40806304,PMC12346085,,Metabolomics and Lipidomics Explore Phenotype-Specific Molecular Signatures for Phenylketonuria,"Şahiner BY, Dursun A, Gülbakan B.",International journal of molecular sciences,2025,journal article; research-article,false,true,4,,,https://europepmc.org/article/MED/40806304,"(""N-Lactoyl phenylalanine"" OR ""Lac-Phe"" OR ""N-lactoylphenylalanine"" OR ""lactoylphenylalanine"" OR ""N-lactoyl-phenylalanine"")",https://www.ebi.ac.uk/europepmc/webservices/rest/search?query=%28%22N-Lactoyl+phenylalanine%22+OR+%22Lac-Phe%22+OR+%22N-lactoylphenylalanine%22+OR+%22lactoylphenylalanine%22+OR+%22N-lactoyl-phenylalanine%22%29&format=json&resultType=core&pageSize=100&cursorMark=%2A,europe_pmc_rest_search
doi:10.3390/ijms26189211,europe_pmc,MED,10.3390/ijms26189211,41009771,PMC12470876,,An Emerging Paradigm for ABCC5/MRP5 Function in Human Physiology,"Chinoy J, Meller C, de Wet H.",International journal of molecular sciences,2025,journal article; review; review-article,false,true,,,,https://europepmc.org/article/MED/41009771,"(""N-Lactoyl phenylalanine"" OR ""Lac-Phe"" OR ""N-lactoylphenylalanine"" OR ""lactoylphenylalanine"" OR ""N-lactoyl-phenylalanine"")",https://www.ebi.ac.uk/europepmc/webservices/rest/search?query=%28%22N-Lactoyl+phenylalanine%22+OR+%22Lac-Phe%22+OR+%22N-lactoylphenylalanine%22+OR+%22lactoylphenylalanine%22+OR+%22N-lactoyl-phenylalanine%22%29&format=json&resultType=core&pageSize=100&cursorMark=%2A,europe_pmc_rest_search
doi:10.3390/ijms262210864,europe_pmc,MED,10.3390/ijms262210864,41303351,PMC12652754,,Unraveling Obesity: A Five-Year Integrative Review of Transcriptomic Data,"Tarbeeva S, Kliuchnikova A, Kozlova A, Sarygina E, Ilgisonis E, Ponomarenko E.",International journal of molecular sciences,2025,journal article; review; review-article,false,true,1,,,https://europepmc.org/article/MED/41303351,"(""N-Lactoyl phenylalanine"" OR ""Lac-Phe"" OR ""N-lactoylphenylalanine"" OR ""lactoylphenylalanine"" OR ""N-lactoyl-phenylalanine"")",https://www.ebi.ac.uk/europepmc/webservices/rest/search?query=%28%22N-Lactoyl+phenylalanine%22+OR+%22Lac-Phe%22+OR+%22N-lactoylphenylalanine%22+OR+%22lactoylphenylalanine%22+OR+%22N-lactoyl-phenylalanine%22%29&format=json&resultType=core&pageSize=100&cursorMark=AoIIP8mECig1MzA0MzQ4OA%3D%3D,europe_pmc_rest_search
doi:10.3390/ijms262411808,europe_pmc,MED,10.3390/ijms262411808,41465241,PMC12732599,,Untargeted Metabolomic Study for Urinary Characterization of Adult Patients with Phenylketonuria,"Gonzalez-Rodriguez A, Barrau-Martinez B, Pané A, López Galera RM, Tobias E, Montserrat-Carbonell C, Guitart-Mampel M, Jáuregui O, Roca-Vives R, Garcia-Villoria J, Milisenda JC, Matas-Garcia A, Forga Visa MT, Moreno Lozano PJ, Garrabou G, Urpi-Sarda M, Llorach R, Consortium PKU.cat.",International journal of molecular sciences,2025,journal article; research-article,false,true,,,,https://europepmc.org/article/MED/41465241,"(""N-Lactoyl phenylalanine"" OR ""Lac-Phe"" OR ""N-lactoylphenylalanine"" OR ""lactoylphenylalanine"" OR ""N-lactoyl-phenylalanine"")",https://www.ebi.ac.uk/europepmc/webservices/rest/search?query=%28%22N-Lactoyl+phenylalanine%22+OR+%22Lac-Phe%22+OR+%22N-lactoylphenylalanine%22+OR+%22lactoylphenylalanine%22+OR+%22N-lactoyl-phenylalanine%22%29&format=json&resultType=core&pageSize=100&cursorMark=%2A,europe_pmc_rest_search
doi:10.3390/ijms27031470,europe_pmc,MED,10.3390/ijms27031470,41683894,PMC12897806,,Combined Transcriptomic and Metabolomic Analyses of Low-Temperature Adaptation in Bursaphelenchus xylophilus ,"Xiong X, Li J, Sun S, Yu C, Tian Y, Li C, Liu H.",International journal of molecular sciences,2026,journal article; research-article,false,true,,,,https://europepmc.org/article/MED/41683894,"(""N-Lactoyl phenylalanine"" OR ""Lac-Phe"" OR ""N-lactoylphenylalanine"" OR ""lactoylphenylalanine"" OR ""N-lactoyl-phenylalanine"")",https://www.ebi.ac.uk/europepmc/webservices/rest/search?query=%28%22N-Lactoyl+phenylalanine%22+OR+%22Lac-Phe%22+OR+%22N-lactoylphenylalanine%22+OR+%22lactoylphenylalanine%22+OR+%22N-lactoyl-phenylalanine%22%29&format=json&resultType=core&pageSize=100&cursorMark=AoIIQG6ytCg1MTU3MDY0Nw%3D%3D,europe_pmc_rest_search
doi:10.3390/metabo11010008,europe_pmc,MED,10.3390/metabo11010008,33375624,PMC7824495,,Using Out-of-Batch Reference Populations to Improve Untargeted Metabolomics for Screening Inborn Errors of Metabolism,"Bongaerts M, Bonte R, Demirdas S, Jacobs EH, Oussoren E, van der Ploeg AT, Wagenmakers MAEM, Hofstra RMW, Blom HJ, Reinders MJT, Ruijter GJG.",Metabolites,2020,journal article; research-article,false,true,10,,,https://europepmc.org/article/MED/33375624,"(""N-Lactoyl phenylalanine"" OR ""Lac-Phe"" OR ""N-lactoylphenylalanine"" OR ""lactoylphenylalanine"" OR ""N-lactoyl-phenylalanine"")",https://www.ebi.ac.uk/europepmc/webservices/rest/search?query=%28%22N-Lactoyl+phenylalanine%22+OR+%22Lac-Phe%22+OR+%22N-lactoylphenylalanine%22+OR+%22lactoylphenylalanine%22+OR+%22N-lactoyl-phenylalanine%22%29&format=json&resultType=core&pageSize=100&cursorMark=AoIIP8mECig1MzA0MzQ4OA%3D%3D,europe_pmc_rest_search
doi:10.3390/metabo12090787,europe_pmc,MED,10.3390/metabo12090787,36144194,PMC9505353,,The Roles of Gut Microbiome and Plasma Metabolites in the Associations between ABO Blood Groups and Insulin Homeostasis: The Microbiome and Insulin Longitudinal Evaluation Study (MILES),"Li-Gao R, Grubbs K, Bertoni AG, Hoffman KL, Petrosino JF, Ramesh G, Wu M, Rotter JI, Chen YI, Evans AM, Robinson RJ, Sommerville L, Mook-Kanamori D, Goodarzi MO, Michelotti GA, Sheridan PA.",Metabolites,2022,journal article; research-article,false,true,6,,,https://europepmc.org/article/MED/36144194,"(""N-Lactoyl phenylalanine"" OR ""Lac-Phe"" OR ""N-lactoylphenylalanine"" OR ""lactoylphenylalanine"" OR ""N-lactoyl-phenylalanine"")",https://www.ebi.ac.uk/europepmc/webservices/rest/search?query=%28%22N-Lactoyl+phenylalanine%22+OR+%22Lac-Phe%22+OR+%22N-lactoylphenylalanine%22+OR+%22lactoylphenylalanine%22+OR+%22N-lactoyl-phenylalanine%22%29&format=json&resultType=core&pageSize=100&cursorMark=AoIIQG6ytCg1MTU3MDY0Nw%3D%3D,europe_pmc_rest_search
doi:10.3390/metabo12090804,europe_pmc,MED,10.3390/metabo12090804,36144209,PMC9501346,,Metabolite Changes in Orange Dead Leaf Butterfly Kallima inachus during Ontogeny and Diapause,"Li MJ, Jiang GF, Wang W.",Metabolites,2022,journal article; research-article,false,true,5,,,https://europepmc.org/article/MED/36144209,"(""N-Lactoyl phenylalanine"" OR ""Lac-Phe"" OR ""N-lactoylphenylalanine"" OR ""lactoylphenylalanine"" OR ""N-lactoyl-phenylalanine"")",https://www.ebi.ac.uk/europepmc/webservices/rest/search?query=%28%22N-Lactoyl+phenylalanine%22+OR+%22Lac-Phe%22+OR+%22N-lactoylphenylalanine%22+OR+%22lactoylphenylalanine%22+OR+%22N-lactoyl-phenylalanine%22%29&format=json&resultType=core&pageSize=100&cursorMark=AoIIQG6ytCg1MTU3MDY0Nw%3D%3D,europe_pmc_rest_search
doi:10.3390/metabo13010015,crossref,journal-article,10.3390/metabo13010015,,,,Exercise-Induced N-Lactoylphenylalanine Predicts Adipose Tissue Loss during Endurance Training in Overweight and Obese Humans,"Hoene M, Zhao X, Machann J, Birkenfeld A, Heni M, Peter A, Niess A, Moller A, Lehmann R, Xu G, Weigert C",Metabolites,2022,journal-article,false,,30,,,https://doi.org/10.3390/metabo13010015,N-lactoylphenylalanine,https://api.crossref.org/works?query.bibliographic=N-lactoylphenylalanine&rows=50&sort=relevance,crossref_rest_works
doi:10.3390/metabo13010015,crossref,journal-article,10.3390/metabo13010015,,,,Exercise-Induced N-Lactoylphenylalanine Predicts Adipose Tissue Loss during Endurance Training in Overweight and Obese Humans,"Hoene M, Zhao X, Machann J, Birkenfeld A, Heni M, Peter A, Niess A, Moller A, Lehmann R, Xu G, Weigert C",Metabolites,2022,journal-article,false,,30,,,https://doi.org/10.3390/metabo13010015,lactoylphenylalanine,https://api.crossref.org/works?query.bibliographic=lactoylphenylalanine&rows=50&sort=relevance,crossref_rest_works
doi:10.3390/metabo13010015,europe_pmc,MED,10.3390/metabo13010015,36676940,PMC9863672,,Exercise-Induced N-Lactoylphenylalanine Predicts Adipose Tissue Loss during Endurance Training in Overweight and Obese Humans,"Hoene M, Zhao X, Machann J, Birkenfeld AL, Heni M, Peter A, Niess A, Moller A, Lehmann R, Xu G, Weigert C.",Metabolites,2022,journal article; research-article,false,true,25,,,https://europepmc.org/article/MED/36676940,"(""N-Lactoyl phenylalanine"" OR ""Lac-Phe"" OR ""N-lactoylphenylalanine"" OR ""lactoylphenylalanine"" OR ""N-lactoyl-phenylalanine"")",https://www.ebi.ac.uk/europepmc/webservices/rest/search?query=%28%22N-Lactoyl+phenylalanine%22+OR+%22Lac-Phe%22+OR+%22N-lactoylphenylalanine%22+OR+%22lactoylphenylalanine%22+OR+%22N-lactoyl-phenylalanine%22%29&format=json&resultType=core&pageSize=100&cursorMark=%2A,europe_pmc_rest_search
doi:10.3390/metabo14080433,europe_pmc,MED,10.3390/metabo14080433,39195529,PMC11356577,,Deciphering Blood Flow Restriction Training to Aid Lipid Lowering in Obese College Students through Untargeted Metabolomics,"Cui X, Anatolevna ST, Wang Y.",Metabolites,2024,journal article; research-article,false,true,2,,,https://europepmc.org/article/MED/39195529,"(""N-Lactoyl phenylalanine"" OR ""Lac-Phe"" OR ""N-lactoylphenylalanine"" OR ""lactoylphenylalanine"" OR ""N-lactoyl-phenylalanine"")",https://www.ebi.ac.uk/europepmc/webservices/rest/search?query=%28%22N-Lactoyl+phenylalanine%22+OR+%22Lac-Phe%22+OR+%22N-lactoylphenylalanine%22+OR+%22lactoylphenylalanine%22+OR+%22N-lactoyl-phenylalanine%22%29&format=json&resultType=core&pageSize=100&cursorMark=%2A,europe_pmc_rest_search
doi:10.3390/metabo14090479,europe_pmc,MED,10.3390/metabo14090479,39330486,PMC11434371,,Impact of Phenylketonuria on the Serum Metabolome and Plasma Lipidome: A Study in Early-Treated Patients,"Weerd JCV, Wegberg AMJV, Boer TS, Engelke UFH, Coene KLM, Wevers RA, Bakker SJL, Blaauw P, Groen J, Spronsen FJV, Heiner-Fokkema MR.",Metabolites,2024,journal article; research-article,false,true,4,,,https://europepmc.org/article/MED/39330486,"(""N-Lactoyl phenylalanine"" OR ""Lac-Phe"" OR ""N-lactoylphenylalanine"" OR ""lactoylphenylalanine"" OR ""N-lactoyl-phenylalanine"")",https://www.ebi.ac.uk/europepmc/webservices/rest/search?query=%28%22N-Lactoyl+phenylalanine%22+OR+%22Lac-Phe%22+OR+%22N-lactoylphenylalanine%22+OR+%22lactoylphenylalanine%22+OR+%22N-lactoyl-phenylalanine%22%29&format=json&resultType=core&pageSize=100&cursorMark=AoIIP8mECig1MzA0MzQ4OA%3D%3D,europe_pmc_rest_search
doi:10.3390/metabo14110589,europe_pmc,MED,10.3390/metabo14110589,39590824,PMC11596326,,Exercise as a Therapeutic Strategy for Obesity: Central and Peripheral Mechanisms,"Zhang Y, Wang R, Liu T, Wang R.",Metabolites,2024,journal article; review; review-article,false,true,13,,,https://europepmc.org/article/MED/39590824,"(""N-Lactoyl phenylalanine"" OR ""Lac-Phe"" OR ""N-lactoylphenylalanine"" OR ""lactoylphenylalanine"" OR ""N-lactoyl-phenylalanine"")",https://www.ebi.ac.uk/europepmc/webservices/rest/search?query=%28%22N-Lactoyl+phenylalanine%22+OR+%22Lac-Phe%22+OR+%22N-lactoylphenylalanine%22+OR+%22lactoylphenylalanine%22+OR+%22N-lactoyl-phenylalanine%22%29&format=json&resultType=core&pageSize=100&cursorMark=AoIIQG6ytCg1MTU3MDY0Nw%3D%3D,europe_pmc_rest_search
doi:10.3390/metabo15050342,europe_pmc,MED,10.3390/metabo15050342,40422918,PMC12113954,,Lipid Subclasses Differentiate Insulin Resistance by Triglyceride-Glucose Index,"Naja K, Anwardeen N, Albagha O, Elrayess MA.",Metabolites,2025,journal article; research-article,false,true,3,,,https://europepmc.org/article/MED/40422918,"(""N-Lactoyl phenylalanine"" OR ""Lac-Phe"" OR ""N-lactoylphenylalanine"" OR ""lactoylphenylalanine"" OR ""N-lactoyl-phenylalanine"")",https://www.ebi.ac.uk/europepmc/webservices/rest/search?query=%28%22N-Lactoyl+phenylalanine%22+OR+%22Lac-Phe%22+OR+%22N-lactoylphenylalanine%22+OR+%22lactoylphenylalanine%22+OR+%22N-lactoyl-phenylalanine%22%29&format=json&resultType=core&pageSize=100&cursorMark=AoIIQG6ytCg1MTU3MDY0Nw%3D%3D,europe_pmc_rest_search
doi:10.3390/metabo15060349,europe_pmc,MED,10.3390/metabo15060349,40559373,PMC12194923,,An Integrated Analysis of Transcriptomic and Metabolomic Effects Reveals Insights into Stress Responses in Largemouth Bass ( Micropterus salmoides ) Under MS-222 (Tricaine Methanesulfonate) Exposure,"Gao P, Chen R, Ma D, Lin S, Yu H, Zhang X.",Metabolites,2025,journal article; research-article,false,true,1,,,https://europepmc.org/article/MED/40559373,"(""N-Lactoyl phenylalanine"" OR ""Lac-Phe"" OR ""N-lactoylphenylalanine"" OR ""lactoylphenylalanine"" OR ""N-lactoyl-phenylalanine"")",https://www.ebi.ac.uk/europepmc/webservices/rest/search?query=%28%22N-Lactoyl+phenylalanine%22+OR+%22Lac-Phe%22+OR+%22N-lactoylphenylalanine%22+OR+%22lactoylphenylalanine%22+OR+%22N-lactoyl-phenylalanine%22%29&format=json&resultType=core&pageSize=100&cursorMark=AoIIQG6ytCg1MTU3MDY0Nw%3D%3D,europe_pmc_rest_search
doi:10.3390/metabo15060375,crossref,journal-article,10.3390/metabo15060375,,,,High-Calorie Diet Consumption Induces Lac-Phe Changes in the Brain in a Time-of-Day Manner Independent of Exercise,"Jermei J, Jiao H, Shiba A, Goedhart J, Tandari R, Kalsbeek A, Struys E, Yi C",Metabolites,2025,journal-article,false,,4,,,https://doi.org/10.3390/metabo15060375,Lac-Phe,https://api.crossref.org/works?query.bibliographic=Lac-Phe&rows=50&sort=relevance,crossref_rest_works
doi:10.3390/metabo15060375,europe_pmc,MED,10.3390/metabo15060375,40559399,PMC12195154,,High-Calorie Diet Consumption Induces Lac-Phe Changes in the Brain in a Time-of-Day Manner Independent of Exercise,"Jermei J, Jiao H, Shiba A, Goedhart JC, Tandari R, Kalsbeek A, Struys EA, Yi CX.",Metabolites,2025,journal article; research-article,false,true,4,,,https://europepmc.org/article/MED/40559399,"(""N-Lactoyl phenylalanine"" OR ""Lac-Phe"" OR ""N-lactoylphenylalanine"" OR ""lactoylphenylalanine"" OR ""N-lactoyl-phenylalanine"")",https://www.ebi.ac.uk/europepmc/webservices/rest/search?query=%28%22N-Lactoyl+phenylalanine%22+OR+%22Lac-Phe%22+OR+%22N-lactoylphenylalanine%22+OR+%22lactoylphenylalanine%22+OR+%22N-lactoyl-phenylalanine%22%29&format=json&resultType=core&pageSize=100&cursorMark=%2A,europe_pmc_rest_search
doi:10.3390/metabo16050335,europe_pmc,MED,10.3390/metabo16050335,42188044,PMC13208174,,The Effect of Angiotensin (1-7) on Serum Metabolomics in Obese Type 2 Diabetic Mice,"Chen Q, Sun M, Wang H, Lu C.",Metabolites,2026,journal article; research-article,false,true,,,,https://europepmc.org/article/MED/42188044,"(""N-Lactoyl phenylalanine"" OR ""Lac-Phe"" OR ""N-lactoylphenylalanine"" OR ""lactoylphenylalanine"" OR ""N-lactoyl-phenylalanine"")",https://www.ebi.ac.uk/europepmc/webservices/rest/search?query=%28%22N-Lactoyl+phenylalanine%22+OR+%22Lac-Phe%22+OR+%22N-lactoylphenylalanine%22+OR+%22lactoylphenylalanine%22+OR+%22N-lactoyl-phenylalanine%22%29&format=json&resultType=core&pageSize=100&cursorMark=AoIIQG6ytCg1MTU3MDY0Nw%3D%3D,europe_pmc_rest_search
doi:10.3390/metabo16070483,europe_pmc,MED,10.3390/metabo16070483,42506435,,,"From Routine Blood Tests to Metabolomics: A Contextual Framework for Interpreting Biomarkers of Training Load, Recovery, and Metabolic Stress in Athletes","Muñoz-López M, Quesada-Fernández G, Sancho-Haro ES, Ramírez de la Piscina-Viúdez X, Baz-Valle E, López-Gil JF, Tornero-Aguilera JF.",Metabolites,2026,journal article; review,false,false,,,,https://europepmc.org/article/MED/42506435,"(""N-Lactoyl phenylalanine"" OR ""Lac-Phe"" OR ""N-lactoylphenylalanine"" OR ""lactoylphenylalanine"" OR ""N-lactoyl-phenylalanine"")",https://www.ebi.ac.uk/europepmc/webservices/rest/search?query=%28%22N-Lactoyl+phenylalanine%22+OR+%22Lac-Phe%22+OR+%22N-lactoylphenylalanine%22+OR+%22lactoylphenylalanine%22+OR+%22N-lactoyl-phenylalanine%22%29&format=json&resultType=core&pageSize=100&cursorMark=%2A,europe_pmc_rest_search
doi:10.3390/metabo6010011,europe_pmc,MED,10.3390/metabo6010011,27011205,PMC4812340,,Evaluation of Cancer Metabolomics Using ex vivo High Resolution Magic Angle Spinning (HRMAS) Magnetic Resonance Spectroscopy (MRS),"Fuss TL, Cheng LL.",Metabolites,2016,journal article; review; review-article,false,true,26,,,https://europepmc.org/article/MED/27011205,"(""N-Lactoyl phenylalanine"" OR ""Lac-Phe"" OR ""N-lactoylphenylalanine"" OR ""lactoylphenylalanine"" OR ""N-lactoyl-phenylalanine"")",https://www.ebi.ac.uk/europepmc/webservices/rest/search?query=%28%22N-Lactoyl+phenylalanine%22+OR+%22Lac-Phe%22+OR+%22N-lactoylphenylalanine%22+OR+%22lactoylphenylalanine%22+OR+%22N-lactoyl-phenylalanine%22%29&format=json&resultType=core&pageSize=100&cursorMark=AoIIP8mECig1MzA0MzQ4OA%3D%3D,europe_pmc_rest_search
doi:10.3390/metabo9120289,europe_pmc,MED,10.3390/metabo9120289,31779119,PMC6950026,,Untargeted Metabolomics-Based Screening Method for Inborn Errors of Metabolism using Semi-Automatic Sample Preparation with an UHPLC- Orbitrap-MS Platform,"Bonte R, Bongaerts M, Demirdas S, Langendonk JG, Huidekoper HH, Williams M, Onkenhout W, Jacobs EH, Blom HJ, Ruijter GJG.",Metabolites,2019,journal article; research-article,false,true,37,,,https://europepmc.org/article/MED/31779119,"(""N-Lactoyl phenylalanine"" OR ""Lac-Phe"" OR ""N-lactoylphenylalanine"" OR ""lactoylphenylalanine"" OR ""N-lactoyl-phenylalanine"")",https://www.ebi.ac.uk/europepmc/webservices/rest/search?query=%28%22N-Lactoyl+phenylalanine%22+OR+%22Lac-Phe%22+OR+%22N-lactoylphenylalanine%22+OR+%22lactoylphenylalanine%22+OR+%22N-lactoyl-phenylalanine%22%29&format=json&resultType=core&pageSize=100&cursorMark=AoIIP8mECig1MzA0MzQ4OA%3D%3D,europe_pmc_rest_search
doi:10.3390/microorganisms14030652,europe_pmc,MED,10.3390/microorganisms14030652,41900411,PMC13029313,,"Effects of Galacto-Oligosaccharide Supplementation on Cecal Microbiota, Phospholipid and Aromatic Amino Acid Metabolism in Mice","Gao Z, Wang J, Cheng Z, Zha Z, Xu T, Yang K, Zhao T, Jiang J, Zheng P, Pi Y, Tian S.",Microorganisms,2026,journal article; research-article,false,true,,,,https://europepmc.org/article/MED/41900411,"(""N-Lactoyl phenylalanine"" OR ""Lac-Phe"" OR ""N-lactoylphenylalanine"" OR ""lactoylphenylalanine"" OR ""N-lactoyl-phenylalanine"")",https://www.ebi.ac.uk/europepmc/webservices/rest/search?query=%28%22N-Lactoyl+phenylalanine%22+OR+%22Lac-Phe%22+OR+%22N-lactoylphenylalanine%22+OR+%22lactoylphenylalanine%22+OR+%22N-lactoyl-phenylalanine%22%29&format=json&resultType=core&pageSize=100&cursorMark=%2A,europe_pmc_rest_search
doi:10.3390/molecules29235656,europe_pmc,MED,10.3390/molecules29235656,39683818,PMC11643809,,Progress in Lactate Metabolism and Its Regulation via Small Molecule Drugs,"Liu J, Zhou F, Tang Y, Li L, Li L.","Molecules (Basel, Switzerland)",2024,journal article; review; review-article,false,true,6,,,https://europepmc.org/article/MED/39683818,"(""N-Lactoyl phenylalanine"" OR ""Lac-Phe"" OR ""N-lactoylphenylalanine"" OR ""lactoylphenylalanine"" OR ""N-lactoyl-phenylalanine"")",https://www.ebi.ac.uk/europepmc/webservices/rest/search?query=%28%22N-Lactoyl+phenylalanine%22+OR+%22Lac-Phe%22+OR+%22N-lactoylphenylalanine%22+OR+%22lactoylphenylalanine%22+OR+%22N-lactoyl-phenylalanine%22%29&format=json&resultType=core&pageSize=100&cursorMark=AoIIP8mECig1MzA0MzQ4OA%3D%3D,europe_pmc_rest_search
doi:10.3390/nu15081853,europe_pmc,MED,10.3390/nu15081853,37111070,PMC10142447,,Sarcopenia and Cognitive Decline in Older Adults: Targeting the Muscle-Brain Axis,"Arosio B, Calvani R, Ferri E, Coelho-Junior HJ, Carandina A, Campanelli F, Ghiglieri V, Marzetti E, Picca A.",Nutrients,2023,journal article; review; review-article,false,true,118,,,https://europepmc.org/article/MED/37111070,"(""N-Lactoyl phenylalanine"" OR ""Lac-Phe"" OR ""N-lactoylphenylalanine"" OR ""lactoylphenylalanine"" OR ""N-lactoyl-phenylalanine"")",https://www.ebi.ac.uk/europepmc/webservices/rest/search?query=%28%22N-Lactoyl+phenylalanine%22+OR+%22Lac-Phe%22+OR+%22N-lactoylphenylalanine%22+OR+%22lactoylphenylalanine%22+OR+%22N-lactoyl-phenylalanine%22%29&format=json&resultType=core&pageSize=100&cursorMark=AoIIQG6ytCg1MTU3MDY0Nw%3D%3D,europe_pmc_rest_search
doi:10.3390/nu16213664,europe_pmc,MED,10.3390/nu16213664,39519497,PMC11547321,,Preparation Process Optimization of Glycolipids from Dendrobium officinale and the Difference in Antioxidant Effects Compared with Ascorbic Acid,"Long Y, Yang J, Ji H, Han X, Fan Y, Dai K, Ji H, Yu J.",Nutrients,2024,comparative study; journal article; research-article,false,true,2,,,https://europepmc.org/article/MED/39519497,"(""N-Lactoyl phenylalanine"" OR ""Lac-Phe"" OR ""N-lactoylphenylalanine"" OR ""lactoylphenylalanine"" OR ""N-lactoyl-phenylalanine"")",https://www.ebi.ac.uk/europepmc/webservices/rest/search?query=%28%22N-Lactoyl+phenylalanine%22+OR+%22Lac-Phe%22+OR+%22N-lactoylphenylalanine%22+OR+%22lactoylphenylalanine%22+OR+%22N-lactoyl-phenylalanine%22%29&format=json&resultType=core&pageSize=100&cursorMark=AoIIQG6ytCg1MTU3MDY0Nw%3D%3D,europe_pmc_rest_search
doi:10.35630/2026/16/iss.1.003,crossref,journal-article,10.35630/2026/16/iss.1.003,,,,Exercise-induced N-lactoyl-phenylalanine and its potential role in appetite regulation and obesity,"Raether D, Andrzejewski A, Wendt J, Markuszewska A, Bugała A, Wcisłek O, Chmielecka U",Archiv Euromedica,2026,journal-article,false,,,,,https://doi.org/10.35630/2026/16/iss.1.003,N-Lactoyl phenylalanine,https://api.crossref.org/works?query.bibliographic=N-Lactoyl+phenylalanine&rows=50&sort=relevance,crossref_rest_works
doi:10.35630/2026/16/iss.1.003,crossref,journal-article,10.35630/2026/16/iss.1.003,,,,Exercise-induced N-lactoyl-phenylalanine and its potential role in appetite regulation and obesity,"Raether D, Andrzejewski A, Wendt J, Markuszewska A, Bugała A, Wcisłek O, Chmielecka U",Archiv Euromedica,2026,journal-article,false,,,,,https://doi.org/10.35630/2026/16/iss.1.003,N-lactoyl-phenylalanine,https://api.crossref.org/works?query.bibliographic=N-lactoyl-phenylalanine&rows=50&sort=relevance,crossref_rest_works
doi:10.35630/2026/16/iss.1.033,crossref,journal-article,10.35630/2026/16/iss.1.033,,,,Exercise-induced N-lactoyl-phenylalanine and its potential role in appetite regulation and obesity,"Raether D, Andrzejewski A, Wendt J, Markuszewska A, Bugała A, Wcisłek O, Chmielecka U",Archiv Euromedica,2026,journal-article,false,,,,,https://doi.org/10.35630/2026/16/iss.1.033,N-Lactoyl phenylalanine,https://api.crossref.org/works?query.bibliographic=N-Lactoyl+phenylalanine&rows=50&sort=relevance,crossref_rest_works
doi:10.35630/2026/16/iss.1.033,crossref,journal-article,10.35630/2026/16/iss.1.033,,,,Exercise-induced N-lactoyl-phenylalanine and its potential role in appetite regulation and obesity,"Raether D, Andrzejewski A, Wendt J, Markuszewska A, Bugała A, Wcisłek O, Chmielecka U",Archiv Euromedica,2026,journal-article,false,,,,,https://doi.org/10.35630/2026/16/iss.1.033,N-lactoyl-phenylalanine,https://api.crossref.org/works?query.bibliographic=N-lactoyl-phenylalanine&rows=50&sort=relevance,crossref_rest_works
doi:10.4103/agingadv.agingadv-d-24-00011,crossref,journal-article,10.4103/agingadv.agingadv-d-24-00011,,,,N-lactoyl phenylalanine suppresses appetite and obesity with important implications for aging and age-related diseases,"Hinton A, Neikirk K, Le H, Oliver A, Harris C, Martin P, Gaye A",Aging Advances,2024,journal-article,false,,4,,,https://doi.org/10.4103/agingadv.agingadv-d-24-00011,N-Lactoyl phenylalanine,https://api.crossref.org/works?query.bibliographic=N-Lactoyl+phenylalanine&rows=50&sort=relevance,crossref_rest_works
doi:10.4103/agingadv.agingadv-d-24-00011,crossref,journal-article,10.4103/agingadv.agingadv-d-24-00011,,,,N-lactoyl phenylalanine suppresses appetite and obesity with important implications for aging and age-related diseases,"Hinton A, Neikirk K, Le H, Oliver A, Harris C, Martin P, Gaye A",Aging Advances,2024,journal-article,false,,4,,,https://doi.org/10.4103/agingadv.agingadv-d-24-00011,N-lactoyl-phenylalanine,https://api.crossref.org/works?query.bibliographic=N-lactoyl-phenylalanine&rows=50&sort=relevance,crossref_rest_works
doi:10.4103/agingadv.agingadv-d-24-00011,europe_pmc,MED,10.4103/agingadv.agingadv-d-24-00011,39845129,PMC11752169,,N-lactoyl phenylalanine suppresses appetite and obesity with important implications for aging and age-related diseases,"Hinton A, Neikirk K, Le H, Oliver A, Harris C, Martin P, Gaye A.",Aging advances,2024,journal article; research-article,false,true,1,,,https://europepmc.org/article/MED/39845129,"(""N-Lactoyl phenylalanine"" OR ""Lac-Phe"" OR ""N-lactoylphenylalanine"" OR ""lactoylphenylalanine"" OR ""N-lactoyl-phenylalanine"")",https://www.ebi.ac.uk/europepmc/webservices/rest/search?query=%28%22N-Lactoyl+phenylalanine%22+OR+%22Lac-Phe%22+OR+%22N-lactoylphenylalanine%22+OR+%22lactoylphenylalanine%22+OR+%22N-lactoyl-phenylalanine%22%29&format=json&resultType=core&pageSize=100&cursorMark=%2A,europe_pmc_rest_search
doi:10.4172/2169-0138.1000106,crossref,journal-article,10.4172/2169-0138.1000106,,,,"Conformational Search on the Tripeptides Structure by Molecular Dynamics: Study of L,L-Gly-Phe-Phe, L,L-Phe-Gly-Phe, and L,L-Phe-Phe-Gly",Nekkaz K K,Drug Designing: Open Access,2013,journal-article,false,,,,,https://doi.org/10.4172/2169-0138.1000106,Lac-Phe,https://api.crossref.org/works?query.bibliographic=Lac-Phe&rows=50&sort=relevance,crossref_rest_works
doi:10.47684/jcd.2026.02.28.2.87,crossref,journal-article,10.47684/jcd.2026.02.28.2.87,,,,N-lactoyl-phenylalanine (Lac-Phe): Biosynthetic Mechanisms and Exercise Responses—Implications for Anti-Obesity Effects and Exercise-Based Weight Management Interventions,"Lee J, Kim Y, Ju Y, Suh S",Journal of Coaching Development,2026,journal-article,false,,,,,https://doi.org/10.47684/jcd.2026.02.28.2.87,N-Lactoyl phenylalanine,https://api.crossref.org/works?query.bibliographic=N-Lactoyl+phenylalanine&rows=50&sort=relevance,crossref_rest_works
doi:10.47684/jcd.2026.02.28.2.87,crossref,journal-article,10.47684/jcd.2026.02.28.2.87,,,,N-lactoyl-phenylalanine (Lac-Phe): Biosynthetic Mechanisms and Exercise Responses—Implications for Anti-Obesity Effects and Exercise-Based Weight Management Interventions,"Lee J, Kim Y, Ju Y, Suh S",Journal of Coaching Development,2026,journal-article,false,,,,,https://doi.org/10.47684/jcd.2026.02.28.2.87,Lac-Phe,https://api.crossref.org/works?query.bibliographic=Lac-Phe&rows=50&sort=relevance,crossref_rest_works
doi:10.47684/jcd.2026.02.28.2.87,crossref,journal-article,10.47684/jcd.2026.02.28.2.87,,,,N-lactoyl-phenylalanine (Lac-Phe): Biosynthetic Mechanisms and Exercise Responses—Implications for Anti-Obesity Effects and Exercise-Based Weight Management Interventions,"Lee J, Kim Y, Ju Y, Suh S",Journal of Coaching Development,2026,journal-article,false,,,,,https://doi.org/10.47684/jcd.2026.02.28.2.87,N-lactoyl-phenylalanine,https://api.crossref.org/works?query.bibliographic=N-lactoyl-phenylalanine&rows=50&sort=relevance,crossref_rest_works
doi:10.5114/aoms/203475,europe_pmc,MED,10.5114/aoms/203475,42305316,PMC13266741,,"Mendelian randomization analysis of 1,400 genetically predicted blood metabolites and ovarian cancer risk","Fu H, Lu Y, Yang K, Sai Y, Zhou L, Zhao J, Wu J.",Archives of medical science : AMS,2026,journal article; research-article,false,true,,,,https://europepmc.org/article/MED/42305316,"(""N-Lactoyl phenylalanine"" OR ""Lac-Phe"" OR ""N-lactoylphenylalanine"" OR ""lactoylphenylalanine"" OR ""N-lactoyl-phenylalanine"")",https://www.ebi.ac.uk/europepmc/webservices/rest/search?query=%28%22N-Lactoyl+phenylalanine%22+OR+%22Lac-Phe%22+OR+%22N-lactoylphenylalanine%22+OR+%22lactoylphenylalanine%22+OR+%22N-lactoyl-phenylalanine%22%29&format=json&resultType=core&pageSize=100&cursorMark=%2A,europe_pmc_rest_search
doi:10.5114/biolsport.2025.145912,europe_pmc,MED,10.5114/biolsport.2025.145912,40182705,PMC11963115,,N-Lactoyl amino acids as metabolic biomarkers differentiating low and high exercise response,"Sellami M, Naja K, Almuraikhy S, Anwardeen N, Sultanov RI, Generozov EV, Ahmetov II, Elrayess MA.",Biology of sport,2025,journal article; research-article,false,true,7,,,https://europepmc.org/article/MED/40182705,"(""N-Lactoyl phenylalanine"" OR ""Lac-Phe"" OR ""N-lactoylphenylalanine"" OR ""lactoylphenylalanine"" OR ""N-lactoyl-phenylalanine"")",https://www.ebi.ac.uk/europepmc/webservices/rest/search?query=%28%22N-Lactoyl+phenylalanine%22+OR+%22Lac-Phe%22+OR+%22N-lactoylphenylalanine%22+OR+%22lactoylphenylalanine%22+OR+%22N-lactoyl-phenylalanine%22%29&format=json&resultType=core&pageSize=100&cursorMark=%2A,europe_pmc_rest_search
doi:10.5312/wjo.v16.i12.110992,europe_pmc,MED,10.5312/wjo.v16.i12.110992,41480503,PMC12754496,,"Intertwined roles of microRNA-155 and metformin in osteoarthritis: Novel potential diagnostic, prognostic, and therapeutic modulators","Paisan M, Papadopoulos KI, Papadopoulou A, Prasongchean W, Wattanaarsakit P.",World journal of orthopedics,2025,journal article; review; review-article,false,true,,,,https://europepmc.org/article/MED/41480503,"(""N-Lactoyl phenylalanine"" OR ""Lac-Phe"" OR ""N-lactoylphenylalanine"" OR ""lactoylphenylalanine"" OR ""N-lactoyl-phenylalanine"")",https://www.ebi.ac.uk/europepmc/webservices/rest/search?query=%28%22N-Lactoyl+phenylalanine%22+OR+%22Lac-Phe%22+OR+%22N-lactoylphenylalanine%22+OR+%22lactoylphenylalanine%22+OR+%22N-lactoyl-phenylalanine%22%29&format=json&resultType=core&pageSize=100&cursorMark=AoIIP8mECig1MzA0MzQ4OA%3D%3D,europe_pmc_rest_search
doi:10.53354/acs.cat-26-1609203-01-cat-w25.pc.gr.246534,crossref,grant,10.53354/acs.cat-26-1609203-01-cat-w25.pc.gr.246534,,,,,,,2026,grant,false,,,,,https://doi.org/10.53354/acs.cat-26-1609203-01-cat-w25.pc.gr.246534,Lac-Phe,https://api.crossref.org/works?query.bibliographic=Lac-Phe&rows=50&sort=relevance,crossref_rest_works
doi:10.58275/aha.26post1558814.pc.gr.240430,crossref,grant,10.58275/aha.26post1558814.pc.gr.240430,,,,,,,2026,grant,false,,,,,https://doi.org/10.58275/aha.26post1558814.pc.gr.240430,Lac-Phe,https://api.crossref.org/works?query.bibliographic=Lac-Phe&rows=50&sort=relevance,crossref_rest_works
doi:10.58275/aha.26post1562706.pc.gr.240401,crossref,grant,10.58275/aha.26post1562706.pc.gr.240401,,,,,,,2026,grant,false,,,,,https://doi.org/10.58275/aha.26post1562706.pc.gr.240401,Lac-Phe,https://api.crossref.org/works?query.bibliographic=Lac-Phe&rows=50&sort=relevance,crossref_rest_works
doi:10.6065/apem.2448218.109,europe_pmc,MED,10.6065/apem.2448218.109,40335041,PMC12061759,,Myokines and interorgan crosstalk: bridging exercise to health promotion and disease prevention,"Ha J, Sung S, Kim H.",Annals of pediatric endocrinology & metabolism,2025,journal article; review-article,false,true,1,,,https://europepmc.org/article/MED/40335041,"(""N-Lactoyl phenylalanine"" OR ""Lac-Phe"" OR ""N-lactoylphenylalanine"" OR ""lactoylphenylalanine"" OR ""N-lactoyl-phenylalanine"")",https://www.ebi.ac.uk/europepmc/webservices/rest/search?query=%28%22N-Lactoyl+phenylalanine%22+OR+%22Lac-Phe%22+OR+%22N-lactoylphenylalanine%22+OR+%22lactoylphenylalanine%22+OR+%22N-lactoyl-phenylalanine%22%29&format=json&resultType=core&pageSize=100&cursorMark=%2A,europe_pmc_rest_search
doi:10.6133/apjcn.202602_35(1).0007,europe_pmc,MED,10.6133/apjcn.202602_35(1).0007,41565233,PMC12823260,,Causal roles of immune cells and plasma metabolites in esophageal cancer: A Mendelian randomization study with nutritional insights,"Liu X, Wang Y, Dang Y, Li X, Geng S, He X, Ma H, Zhao X.",Asia Pacific journal of clinical nutrition,2026,journal article; review-article,false,false,,,,https://europepmc.org/article/MED/41565233,"(""N-Lactoyl phenylalanine"" OR ""Lac-Phe"" OR ""N-lactoylphenylalanine"" OR ""lactoylphenylalanine"" OR ""N-lactoyl-phenylalanine"")",https://www.ebi.ac.uk/europepmc/webservices/rest/search?query=%28%22N-Lactoyl+phenylalanine%22+OR+%22Lac-Phe%22+OR+%22N-lactoylphenylalanine%22+OR+%22lactoylphenylalanine%22+OR+%22N-lactoyl-phenylalanine%22%29&format=json&resultType=core&pageSize=100&cursorMark=AoIIQG6ytCg1MTU3MDY0Nw%3D%3D,europe_pmc_rest_search
doi:10.7754/clin.lab.2024.241016,crossref,journal-article,10.7754/clin.lab.2024.241016,,,,The Exercise-Induced Appetite Suppressor N-Lactoyl-Phenylalanine is Linked with Glucose Metabolism,"Enko D, Meinitzer A, Dawczynski C, Zelzer S, Pilz S, Niedrist T, Blanco G, Herrmann M",Clinical Laboratory,2025,journal-article,false,,,,,https://doi.org/10.7754/clin.lab.2024.241016,N-Lactoyl phenylalanine,https://api.crossref.org/works?query.bibliographic=N-Lactoyl+phenylalanine&rows=50&sort=relevance,crossref_rest_works
doi:10.7754/clin.lab.2024.241016,crossref,journal-article,10.7754/clin.lab.2024.241016,,,,The Exercise-Induced Appetite Suppressor N-Lactoyl-Phenylalanine is Linked with Glucose Metabolism,"Enko D, Meinitzer A, Dawczynski C, Zelzer S, Pilz S, Niedrist T, Blanco G, Herrmann M",Clinical Laboratory,2025,journal-article,false,,,,,https://doi.org/10.7754/clin.lab.2024.241016,N-lactoyl-phenylalanine,https://api.crossref.org/works?query.bibliographic=N-lactoyl-phenylalanine&rows=50&sort=relevance,crossref_rest_works
doi:10.7754/clin.lab.2024.241016,europe_pmc,MED,10.7754/clin.lab.2024.241016,40066537,,,The Exercise-Induced Appetite Suppressor N-Lactoyl-Phenylalanine is Linked with Glucose Metabolism,"Enko D, Meinitzer A, Dawczynski C, Zelzer S, Pilz S, Niedrist T, Blanco GR, Herrmann M.",Clinical laboratory,2025,letter,false,false,,,,https://europepmc.org/article/MED/40066537,"(""N-Lactoyl phenylalanine"" OR ""Lac-Phe"" OR ""N-lactoylphenylalanine"" OR ""lactoylphenylalanine"" OR ""N-lactoyl-phenylalanine"")",https://www.ebi.ac.uk/europepmc/webservices/rest/search?query=%28%22N-Lactoyl+phenylalanine%22+OR+%22Lac-Phe%22+OR+%22N-lactoylphenylalanine%22+OR+%22lactoylphenylalanine%22+OR+%22N-lactoyl-phenylalanine%22%29&format=json&resultType=core&pageSize=100&cursorMark=%2A,europe_pmc_rest_search
pmcid:PMC10910816,europe_pmc,PMC,,,PMC10910816,,Advances in secondary prevention mechanisms of macrovascular complications in type 2 diabetes mellitus patients: a comprehensive review,"Guan H, Tian J, Wang Y, Niu P, Zhang Y, Zhang Y, Fang X, Miao R, Yin R, Tong X.",European journal of medical research,2024,journal article; review; review-article,false,true,,,,https://europepmc.org/article/PMC/PMC10910816,"(""N-Lactoyl phenylalanine"" OR ""Lac-Phe"" OR ""N-lactoylphenylalanine"" OR ""lactoylphenylalanine"" OR ""N-lactoyl-phenylalanine"")",https://www.ebi.ac.uk/europepmc/webservices/rest/search?query=%28%22N-Lactoyl+phenylalanine%22+OR+%22Lac-Phe%22+OR+%22N-lactoylphenylalanine%22+OR+%22lactoylphenylalanine%22+OR+%22N-lactoyl-phenylalanine%22%29&format=json&resultType=core&pageSize=100&cursorMark=AoIIP8mECig1MzA0MzQ4OA%3D%3D,europe_pmc_rest_search
pmcid:PMC12545697,europe_pmc,PMC,,,PMC12545697,,SUN-684 Anti-Obesity Effects of HSYA through Inducing Lac-Phe and Inhibiting GIP,,Journal of the Endocrine Society,2025,abstract,false,true,,,,https://europepmc.org/article/PMC/PMC12545697,"(""N-Lactoyl phenylalanine"" OR ""Lac-Phe"" OR ""N-lactoylphenylalanine"" OR ""lactoylphenylalanine"" OR ""N-lactoyl-phenylalanine"")",https://www.ebi.ac.uk/europepmc/webservices/rest/search?query=%28%22N-Lactoyl+phenylalanine%22+OR+%22Lac-Phe%22+OR+%22N-lactoylphenylalanine%22+OR+%22lactoylphenylalanine%22+OR+%22N-lactoyl-phenylalanine%22%29&format=json&resultType=core&pageSize=100&cursorMark=%2A,europe_pmc_rest_search
pmcid:PMC13297830,europe_pmc,PMC,,,PMC13297830,,Metabolic and Flavor Dynamic Changes in Aronia melanocarpa Juice During Fermentation and 90-Day Storage,,"Foods (Basel, Switzerland)",2026,journal article; research-article,false,true,,,,https://europepmc.org/article/PMC/PMC13297830,"(""N-Lactoyl phenylalanine"" OR ""Lac-Phe"" OR ""N-lactoylphenylalanine"" OR ""lactoylphenylalanine"" OR ""N-lactoyl-phenylalanine"")",https://www.ebi.ac.uk/europepmc/webservices/rest/search?query=%28%22N-Lactoyl+phenylalanine%22+OR+%22Lac-Phe%22+OR+%22N-lactoylphenylalanine%22+OR+%22lactoylphenylalanine%22+OR+%22N-lactoyl-phenylalanine%22%29&format=json&resultType=core&pageSize=100&cursorMark=AoIIQG6ytCg1MTU3MDY0Nw%3D%3D,europe_pmc_rest_search
pmcid:PMC13299722,europe_pmc,PMC,,,PMC13299722,,Metabolic Reprogramming-Driven Cardiovascular Immune Damage: From Glyco-Lipotoxicity and Epigenetic Memory to Multidimensional Cross-Organ Communication Networks,"Sun Z, Liu Y, Wang K, Zhang H, Zhou R, Shao W.",International journal of molecular sciences,2026,journal article; review; review-article,false,true,,,,https://europepmc.org/article/PMC/PMC13299722,"(""N-Lactoyl phenylalanine"" OR ""Lac-Phe"" OR ""N-lactoylphenylalanine"" OR ""lactoylphenylalanine"" OR ""N-lactoyl-phenylalanine"")",https://www.ebi.ac.uk/europepmc/webservices/rest/search?query=%28%22N-Lactoyl+phenylalanine%22+OR+%22Lac-Phe%22+OR+%22N-lactoylphenylalanine%22+OR+%22lactoylphenylalanine%22+OR+%22N-lactoyl-phenylalanine%22%29&format=json&resultType=core&pageSize=100&cursorMark=AoIIQG6ytCg1MTU3MDY0Nw%3D%3D,europe_pmc_rest_search
pmid:1108604,europe_pmc,MED,,1108604,,,Changes in the biochemical properties of Shigella flexneri la as a result of recombination with Escherichia coli K12,"Mróz E, Dobaczewska W, Melezyńska-Matej M.",Acta microbiologica Polonica. Series A: Microbiologia generalis,1975,journal article,false,false,,,,https://europepmc.org/article/MED/1108604,"(""N-Lactoyl phenylalanine"" OR ""Lac-Phe"" OR ""N-lactoylphenylalanine"" OR ""lactoylphenylalanine"" OR ""N-lactoyl-phenylalanine"")",https://www.ebi.ac.uk/europepmc/webservices/rest/search?query=%28%22N-Lactoyl+phenylalanine%22+OR+%22Lac-Phe%22+OR+%22N-lactoylphenylalanine%22+OR+%22lactoylphenylalanine%22+OR+%22N-lactoyl-phenylalanine%22%29&format=json&resultType=core&pageSize=100&cursorMark=AoIIP8mECig1MzA0MzQ4OA%3D%3D,europe_pmc_rest_search
"title:two lactic acid bacteria strains isolated from naturally fermented foods improves physicochemical quality, antioxidant capacity, shelf life stability and metabolic profiles of dangshan pear (pyrus spp.) juice|2025",europe_pmc,AGR,,,,,"Two lactic acid bacteria strains isolated from naturally fermented foods improves physicochemical quality, antioxidant capacity, shelf life stability and metabolic profiles of Dangshan pear (Pyrus spp.) juice","Jiang KL, Liu L, Pan WJ.",Food Research International.,2025,journal article,false,false,,,,https://europepmc.org/article/AGR/IND609229685,"(""N-Lactoyl phenylalanine"" OR ""Lac-Phe"" OR ""N-lactoylphenylalanine"" OR ""lactoylphenylalanine"" OR ""N-lactoyl-phenylalanine"")",https://www.ebi.ac.uk/europepmc/webservices/rest/search?query=%28%22N-Lactoyl+phenylalanine%22+OR+%22Lac-Phe%22+OR+%22N-lactoylphenylalanine%22+OR+%22lactoylphenylalanine%22+OR+%22N-lactoyl-phenylalanine%22%29&format=json&resultType=core&pageSize=100&cursorMark=%2A,europe_pmc_rest_search
