record_key,escalation,reason,decision_needed,title,record_url
doi:10.1007/s11306-025-02260-0,cross_source_metadata_conflict,journal: metabolomics != metabolomics : official journal of the metabolomic society,confirm the authoritative bibliographic record before citing,Exercise intensity determines circulating levels of Lac-Phe and other exerkines: a randomized crossover trial,https://doi.org/10.1007/s11306-025-02260-0
doi:10.1016/j.bios.2025.117149,cross_source_metadata_conflict,journal: biosensors & bioelectronics != biosensors and bioelectronics,confirm the authoritative bibliographic record before citing,Rapid indirect detection of N-lactoyl-phenylalanine using dual DNA biosensors based on solution-gated graphene field-effect transistor,https://europepmc.org/article/MED/39818180
doi:10.1016/j.tem.2024.05.007,cross_source_metadata_conflict,journal: trends in endocrinology & metabolism != trends in endocrinology and metabolism: tem,confirm the authoritative bibliographic record before citing,Lac-Phe (N-lactoyl-phenylalanine),https://doi.org/10.1016/j.tem.2024.05.007
doi:10.1038/s41574-024-00986-w,cross_source_metadata_conflict,journal: nature reviews endocrinology != nature reviews. endocrinology,confirm the authoritative bibliographic record before citing,Metformin acts through appetite-suppressing metabolite: Lac-Phe,https://doi.org/10.1038/s41574-024-00986-w
doi:10.1038/s42255-024-01014-x,cross_source_metadata_conflict,title: metformin induces a lac-phe gut-brain signalling axis != metformin induces a lac-phe gut–brain signalling axis,confirm the authoritative bibliographic record before citing,Metformin induces a Lac-Phe gut–brain signalling axis,https://doi.org/10.1038/s42255-024-01014-x
doi:10.1101/2022.09.07.22279536,cross_source_metadata_conflict,title: exercise-induced n-lactoylphenylalanine predicts adipose tissue loss during endurance training in overweight and obese humans != increased levels of n-lactoylphenylalanine after exercise are related to adipose tissue loss during endurance training in humans with overweight and obesity,confirm the authoritative bibliographic record before citing,Exercise-Induced N-Lactoylphenylalanine Predicts Adipose Tissue Loss during Endurance Training in Overweight and Obese Humans,https://doi.org/10.3390/metabo13010015
doi:10.1515/mr-2025-0030,cross_source_metadata_conflict,journal: medical review != medical review (2021),confirm the authoritative bibliographic record before citing,Lac-Phe: a central metabolic regulator and biomarker,https://doi.org/10.1515/mr-2025-0030
doi:10.3389/fspor.2025.1600714,cross_source_metadata_conflict,"title: proof-of-concept of a prior validated lc-ms/ms method for detection of n -lactoyl-phenylalanine in dried blood spots before, during and after a performance diagnostic test of junior squad triathletes != proof-of-concept of a prior validated lc-ms/ms method for detection of n-lactoyl-phenylalanine in dried blood spots before, during and after a performance diagnostic test of junior squad triathletes",confirm the authoritative bibliographic record before citing,"Proof-of-concept of a prior validated LC-MS/MS method for detection of N-lactoyl-phenylalanine in dried blood spots before, during and after a performance diagnostic test of junior squad triathletes",https://doi.org/10.3389/fspor.2025.1600714
doi:10.3390/antiox15040441,cross_source_metadata_conflict,"journal: antioxidants != antioxidants (basel, switzerland)",confirm the authoritative bibliographic record before citing,The Emerging Role of N-Lactoyl-Phenylalanine (Lac-Phe) in Metabolic Regulation and Disease: From Exercise-Induced Metabolite to Therapeutic Candidate,https://doi.org/10.3390/antiox15040441
doi:10.1002/adhm.202402329,possible_name_homonym,"the queried name appears alongside both materials-science and biological context terms, so which entity the string denotes is unresolved",confirm the chemical entity from the full text before counting this record as subject evidence,"Bilayer Scaffolds Synergize Immunomodulation and Rejuvenation via Layer-Specific Release of CK2.1 and the ""Exercise Hormone"" Lac-Phe for Enhanced Osteochondral Regeneration",https://europepmc.org/article/MED/39529517
doi:10.1016/j.jcmgh.2025.101558,possible_name_homonym,"the queried name appears alongside both materials-science and biological context terms, so which entity the string denotes is unresolved",confirm the chemical entity from the full text before counting this record as subject evidence,Exercise-induced Metabolite N-lactoyl-phenylalanine Ameliorates Colitis by Inhibiting M1 Macrophage Polarization via the Suppression of the NF-κB Signaling Pathway,https://europepmc.org/article/MED/40562095
doi:10.2174/0115701786492436260617164313,possible_name_homonym,"the queried name appears alongside both materials-science and biological context terms, so which entity the string denotes is unresolved",confirm the chemical entity from the full text before counting this record as subject evidence,Practical Synthesis of N-Lactoyl-Phenylalanine and Its Isotopically Deuterated Variant Lac-Phe-d5,https://doi.org/10.2174/0115701786492436260617164313
doi:10.23937/2378-3672/1410077,possible_name_homonym,"the queried name appears alongside both materials-science and biological context terms, so which entity the string denotes is unresolved",confirm the chemical entity from the full text before counting this record as subject evidence,Lac-Phe: An Exercise Induced Metabolite with Immunomodulatory Potential in Inflammatory Diseases,https://doi.org/10.23937/2378-3672/1410077
doi:10.3389/fphys.2023.1143966,possible_name_homonym,"the queried name appears alongside both materials-science and biological context terms, so which entity the string denotes is unresolved",confirm the chemical entity from the full text before counting this record as subject evidence,Distinct microRNA and protein profiles of extracellular vesicles secreted from myotubes from morbidly obese donors with type 2 diabetes in response to electrical pulse stimulation,https://europepmc.org/article/MED/37064893
doi:10.1101/2023.11.02.565321,preprint_without_peer_review,preprint with no linked journal publication in the preprint server record,decide whether the claim may be cited as evidence at this tier,Lac-Phe mediates the anti-obesity effect of metformin,https://europepmc.org/article/PPR/PPR753566
doi:10.1101/2024.04.18.589815,preprint_without_peer_review,preprint with no linked journal publication in the preprint server record,decide whether the claim may be cited as evidence at this tier,SLC17 transporters mediate renal excretion of Lac-Phe in mice and humans,https://doi.org/10.1101/2024.04.18.589815
doi:10.1101/2024.12.16.24317793,preprint_without_peer_review,preprint with no linked journal publication in the preprint server record,decide whether the claim may be cited as evidence at this tier,"The blood metabolome of cognitive function and brain health in middle-aged adults – influences of genes, gut microbiome, and exposome",https://europepmc.org/article/PPR/PPR956091
doi:10.1101/2025.10.02.678294,preprint_without_peer_review,preprint with no linked journal publication in the preprint server record,decide whether the claim may be cited as evidence at this tier,Metformin inhibits mitochondrial complex I in intestinal epithelium to promote glycemic control,https://europepmc.org/article/PPR/PPR1095512
doi:10.1101/2025.10.22.683699,preprint_without_peer_review,preprint with no linked journal publication in the preprint server record,decide whether the claim may be cited as evidence at this tier,Exercise intensity modulates the human plasma secretome and interorgan communication,https://europepmc.org/article/PPR/PPR1106168
doi:10.21203/rs.3.rs-4865146/v1,preprint_without_peer_review,preprint with no linked journal publication in the preprint server record,decide whether the claim may be cited as evidence at this tier,Rapid detection of N-lactoyl-phenylalanine for exercise evaluation using dual DNA biosensors based on solution-gated graphene field-effect transistor,https://doi.org/10.21203/rs.3.rs-4865146/v1
doi:10.21203/rs.3.rs-6043857/v1,preprint_without_peer_review,preprint with no linked journal publication in the preprint server record,decide whether the claim may be cited as evidence at this tier,Integrated multi-omics analyses reveal causal insights into the molecular landscape of urologic cancers,https://europepmc.org/article/PPR/PPR982825
doi:10.21203/rs.3.rs-9241824/v1,preprint_without_peer_review,preprint with no linked journal publication in the preprint server record,decide whether the claim may be cited as evidence at this tier,Genome-wide identification of the GRAS transcription factor family and regulation of metabolites under drought and salt stress in Isatis indigotica,https://europepmc.org/article/PPR/PPR1176897
doi:10.2139/ssrn.6291466,preprint_without_peer_review,preprint with no linked journal publication in the preprint server record,decide whether the claim may be cited as evidence at this tier,N-Lactoyl-Phenylalanine: An Exercise-Inducible Metabolite that Suppresses Feeding and Obesity - Species Dependence and Compound Characterization,https://doi.org/10.2139/ssrn.6291466
doi:10.1016/j.redox.2024.103295,retraction_flag_in_publication_type,publication type mentions retraction,verify retraction status before any use,Withdrawn: Combinatorial lipidomics and proteomics underscore erythrocyte lipid membrane aberrations in the development of adverse cardio-cerebrovascular complications in maintenance hemodialysis patients,https://europepmc.org/article/MED/39159596
doi:10.1111/srt.13796,retraction_flag_in_publication_type,publication type mentions retraction,verify retraction status before any use,The causal relationship between blood metabolites and rosacea: A Mendelian randomization,https://europepmc.org/article/MED/38895784
source:pubmed,retrieval_source_unavailable,"pubmed could not be reached: literature request returned non-JSON content: https://eutils.ncbi.nlm.nih.gov/entrez/eutils/esearch.fcgi?db=pubmed&term=%28%22N-Lactoyl+phenylalanine%22%5BAll+Fields%5D+OR+%22Lac-Phe%22%5BAll+Fields%5D+OR+%22N-lactoylphenylalanine%22%5BAll+Fields%5D+OR+%22lactoylphenylalanine%22%5BAll+Fields%5D+OR+%22N-lactoyl-phenylalanine%22%5BAll+Fields%5D%29&retmode=json&retmax=400&sort=relevance&tool=metabotyping-agentic-workbench :: <!DOCTYPE html PUBLIC ""-//W3C//DTD XHTML 1.1//EN"" ""http://www.w3.org/TR/xhtml11/DTD/xhtml11.dtd""> <html> <head> <title>NCBI - WWW Error Blocked Diagnostic</title> <meta http-equiv=""Content-Type"" cont",re-run the lane from a permitted network egress before treating the sweep as complete,,
source:crossref,retrieval_truncated,crossref did not return a declared-complete result set: 160 retrieved of 47194 reported hits,raise the retrieval cap or narrow the query before claiming a complete sweep,,
doi:10.1002/acn3.627,subject_name_not_located_in_record,"the index matched this record on full text, but the queried name does not appear in the retrieved title or abstract",check the full text before treating this record as subject evidence,"Seizures, periodic and rhythmic patterns in primary intraventricular hemorrhage",https://europepmc.org/article/MED/30250866
doi:10.1002/advs.202501820,subject_name_not_located_in_record,"the index matched this record on full text, but the queried name does not appear in the retrieved title or abstract",check the full text before treating this record as subject evidence,Cardiovascular Disease Meets Cancer: Exploring the Epidemiology in China and Homotherapy Targeting Intersectional Mechanisms,https://europepmc.org/article/MED/40884288
doi:10.1002/advs.202512020,subject_name_not_located_in_record,"the index matched this record on full text, but the queried name does not appear in the retrieved title or abstract",check the full text before treating this record as subject evidence,Multi-Omics Reveal the Dysregulated Gut-Joint Axis in Knee Synovitis: Data from Two Osteoarthritis Studies in China,https://europepmc.org/article/MED/41354462
doi:10.1002/ansa.202300003,subject_name_not_located_in_record,"the index matched this record on full text, but the queried name does not appear in the retrieved title or abstract",check the full text before treating this record as subject evidence,Mass Sportrometry: An annual look back at applications of mass spectrometry in sport and exercise science,https://europepmc.org/article/MED/38715927
doi:10.1002/bit.27755,subject_name_not_located_in_record,"the index matched this record on full text, but the queried name does not appear in the retrieved title or abstract",check the full text before treating this record as subject evidence,Lactoyl leucine and isoleucine are bioavailable alternatives for canonical amino acids in cell culture media,https://europepmc.org/article/MED/33738790
doi:10.1002/cpt.70205,subject_name_not_located_in_record,"the index matched this record on full text, but the queried name does not appear in the retrieved title or abstract",check the full text before treating this record as subject evidence,Untargeted Metabolomics Identifies N-Lactoyl-Amino Acids as Dose-Responsive Plasma Biomarkers of Metformin Adherence in Type 2 Diabetes,https://europepmc.org/article/MED/41556311
doi:10.1002/dmrr.70060,subject_name_not_located_in_record,"the index matched this record on full text, but the queried name does not appear in the retrieved title or abstract",check the full text before treating this record as subject evidence,N-Lactoyl Amino Acids: Emerging Biomarkers in Metabolism and Disease,https://europepmc.org/article/MED/40534243
doi:10.1002/hem3.70038,subject_name_not_located_in_record,"the index matched this record on full text, but the queried name does not appear in the retrieved title or abstract",check the full text before treating this record as subject evidence,Antibiotic-associated neutropenia is marked by the depletion of intestinal Lachnospiraceae and associated metabolites in pediatric patients,https://europepmc.org/article/MED/39525856
doi:10.1002/hep4.1699,subject_name_not_located_in_record,"the index matched this record on full text, but the queried name does not appear in the retrieved title or abstract",check the full text before treating this record as subject evidence,Metabolomic Analysis Uncovers Energy Supply Disturbance as an Underlying Mechanism of the Development of Alcohol-Associated Liver Cirrhosis,https://europepmc.org/article/MED/34141983
doi:10.1002/hsr2.70067,subject_name_not_located_in_record,"the index matched this record on full text, but the queried name does not appear in the retrieved title or abstract",check the full text before treating this record as subject evidence,The effects of acute aerobic exercise on appetite-regulating parameters and energy intake in males with obesity,https://europepmc.org/article/MED/39263536
doi:10.1002/mco2.70718,subject_name_not_located_in_record,"the index matched this record on full text, but the queried name does not appear in the retrieved title or abstract",check the full text before treating this record as subject evidence,Identification of Blood Pressure-Associated Metabolites by Integrating Metabolomic and Genetic Analysis,https://europepmc.org/article/MED/41938174
doi:10.1002/mco2.70820,subject_name_not_located_in_record,"the index matched this record on full text, but the queried name does not appear in the retrieved title or abstract",check the full text before treating this record as subject evidence,Increased Brown Adipose Tissue Thermogenesis in Phenylketonuria,https://europepmc.org/article/MED/42292855
doi:10.1002/oby.24223,subject_name_not_located_in_record,"the index matched this record on full text, but the queried name does not appear in the retrieved title or abstract",check the full text before treating this record as subject evidence,Skeletal muscle growth to combat diabetes and obesity: the potential role of muscle-secreted factors,https://europepmc.org/article/MED/39948829
doi:10.1002/ueg2.70069,subject_name_not_located_in_record,"the index matched this record on full text, but the queried name does not appear in the retrieved title or abstract",check the full text before treating this record as subject evidence,Multi-Omics Analysis of Ileal Mucosa and Mesentery Before and After Ileocecal Resection in Crohn's Disease,https://europepmc.org/article/MED/40536441
doi:10.1007/s00125-024-06282-6,subject_name_not_located_in_record,"the index matched this record on full text, but the queried name does not appear in the retrieved title or abstract",check the full text before treating this record as subject evidence,Role of human plasma metabolites in prediabetes and type 2 diabetes from the IMI-DIRECT study,https://europepmc.org/article/MED/39349772
doi:10.1007/s11306-026-02416-6,subject_name_not_located_in_record,"the index matched this record on full text, but the queried name does not appear in the retrieved title or abstract",check the full text before treating this record as subject evidence,Metabolomic profiling in phenylketonuria: a systematic review of human studies,https://europepmc.org/article/MED/41793569
doi:10.1007/s13167-023-00313-9,subject_name_not_located_in_record,"the index matched this record on full text, but the queried name does not appear in the retrieved title or abstract",check the full text before treating this record as subject evidence,New insight of metabolomics in ocular diseases in the context of 3P medicine,https://europepmc.org/article/MED/36866159
doi:10.1016/j.ajcnut.2026.101262,subject_name_not_located_in_record,"the index matched this record on full text, but the queried name does not appear in the retrieved title or abstract",check the full text before treating this record as subject evidence,"Muscle movement and metabolism: exercise and skeletal muscle as mediators of health-a report from the 26th Annual Harvard Nutrition Obesity Symposium, 2025",https://europepmc.org/article/MED/41812769
doi:10.1016/j.arr.2023.102091,subject_name_not_located_in_record,"the index matched this record on full text, but the queried name does not appear in the retrieved title or abstract",check the full text before treating this record as subject evidence,"Role of diet and exercise in aging, Alzheimer's disease, and other chronic diseases",https://europepmc.org/article/MED/37832608
doi:10.1016/j.bioflm.2024.100201,subject_name_not_located_in_record,"the index matched this record on full text, but the queried name does not appear in the retrieved title or abstract",check the full text before treating this record as subject evidence,New insights into the antibiofilm activity and mechanism of Mannosylerythritol Lipid-A against Listeria monocytogenes EGD-e,https://europepmc.org/article/MED/38779407
doi:10.1016/j.cell.2025.01.015,subject_name_not_located_in_record,"the index matched this record on full text, but the queried name does not appear in the retrieved title or abstract",check the full text before treating this record as subject evidence,Solute carriers: The gatekeepers of metabolism,https://europepmc.org/article/MED/39983672
doi:10.1016/j.celrep.2022.111894,subject_name_not_located_in_record,"the index matched this record on full text, but the queried name does not appear in the retrieved title or abstract",check the full text before treating this record as subject evidence,UCP2-dependent redox sensing in POMC neurons regulates feeding,https://europepmc.org/article/MED/36577374
doi:10.1016/j.cmet.2023.04.011,subject_name_not_located_in_record,"the index matched this record on full text, but the queried name does not appear in the retrieved title or abstract",check the full text before treating this record as subject evidence,"Organism-wide, cell-type-specific secretome mapping of exercise training in mice",https://europepmc.org/article/MED/37141889
doi:10.1016/j.coemr.2024.100525,subject_name_not_located_in_record,"the index matched this record on full text, but the queried name does not appear in the retrieved title or abstract",check the full text before treating this record as subject evidence,Metabolic small talk during exercise: The role of metabokines and lipokines in interorgan signalling,https://europepmc.org/article/MED/39185341
doi:10.1016/j.fochx.2025.102706,subject_name_not_located_in_record,"the index matched this record on full text, but the queried name does not appear in the retrieved title or abstract",check the full text before treating this record as subject evidence,Effect of Lactobacillus plantarum 1243 fermentation on quality properties and metabolome of Aronia melanocarpa (Michx . ) elliott juice,https://europepmc.org/article/MED/40672877
doi:10.1016/j.fochx.2025.102947,subject_name_not_located_in_record,"the index matched this record on full text, but the queried name does not appear in the retrieved title or abstract",check the full text before treating this record as subject evidence,"Preparation of N-succinyl-L-tryptophan: investigating its sweetness-enhancing effects and mechanisms on sucrose and high-intensity sweeteners through sensory evaluation, electronic tongue, and molecular simulation",https://europepmc.org/article/MED/40917124
doi:10.1016/j.fochx.2025.103161,subject_name_not_located_in_record,"the index matched this record on full text, but the queried name does not appear in the retrieved title or abstract",check the full text before treating this record as subject evidence,Preparation of N-succinyl- L -phenylalanine: exploring its taste-modulating effects and mechanisms on baijiu via multisensory evaluation and molecular simulation,https://europepmc.org/article/MED/41140599
doi:10.1016/j.jare.2023.11.026,subject_name_not_located_in_record,"the index matched this record on full text, but the queried name does not appear in the retrieved title or abstract",check the full text before treating this record as subject evidence,Ten metabolites-based algorithm predicts the future development of type 2 diabetes in Chinese,https://europepmc.org/article/MED/38030128
doi:10.1016/j.jbc.2025.110602,subject_name_not_located_in_record,"the index matched this record on full text, but the queried name does not appear in the retrieved title or abstract",check the full text before treating this record as subject evidence,Class I histone deacetylases catalyze lysine lactylation,https://europepmc.org/article/MED/40835008
doi:10.1016/j.jesf.2023.12.002,subject_name_not_located_in_record,"the index matched this record on full text, but the queried name does not appear in the retrieved title or abstract",check the full text before treating this record as subject evidence,Molecular origin and biological effects of exercise mimetics,https://europepmc.org/article/MED/38187084
doi:10.1016/j.jpha.2025.101532,subject_name_not_located_in_record,"the index matched this record on full text, but the queried name does not appear in the retrieved title or abstract",check the full text before treating this record as subject evidence,Development of a novel NanoBRET high-throughput drug screening assay for human GnRH receptor using sulfo-cyanine 5 fluorophore,https://europepmc.org/article/MED/41798066
doi:10.1016/j.mcpro.2023.100561,subject_name_not_located_in_record,"the index matched this record on full text, but the queried name does not appear in the retrieved title or abstract",check the full text before treating this record as subject evidence,Multi-Omics Profiling for Health,https://europepmc.org/article/MED/37119971
doi:10.1016/j.mcpro.2023.100601,subject_name_not_located_in_record,"the index matched this record on full text, but the queried name does not appear in the retrieved title or abstract",check the full text before treating this record as subject evidence,Plasma Proteomic Kinetics in Response to Acute Exercise,https://europepmc.org/article/MED/37343698
doi:10.1016/j.molmet.2023.101745,subject_name_not_located_in_record,"the index matched this record on full text, but the queried name does not appear in the retrieved title or abstract",check the full text before treating this record as subject evidence,Exercise-induced hypothalamic neuroplasticity: Implications for energy and glucose metabolism,https://europepmc.org/article/MED/37268247
doi:10.1016/j.psj.2026.107043,subject_name_not_located_in_record,"the index matched this record on full text, but the queried name does not appear in the retrieved title or abstract",check the full text before treating this record as subject evidence,Dietary supplementation with Cuscuta chinensis improves ovarian function and production performance in aged laying hens via modulation of steroid hormone biosynthesis and gut microbiota,https://europepmc.org/article/MED/42184744
doi:10.1016/j.redox.2023.102748,subject_name_not_located_in_record,"the index matched this record on full text, but the queried name does not appear in the retrieved title or abstract",check the full text before treating this record as subject evidence,Exerkines and redox homeostasis,https://europepmc.org/article/MED/37247469
doi:10.1016/j.redox.2024.103295,subject_name_not_located_in_record,"the index matched this record on full text, but the queried name does not appear in the retrieved title or abstract",check the full text before treating this record as subject evidence,Withdrawn: Combinatorial lipidomics and proteomics underscore erythrocyte lipid membrane aberrations in the development of adverse cardio-cerebrovascular complications in maintenance hemodialysis patients,https://europepmc.org/article/MED/39159596
doi:10.1016/j.redox.2026.104210,subject_name_not_located_in_record,"the index matched this record on full text, but the queried name does not appear in the retrieved title or abstract",check the full text before treating this record as subject evidence,Vespakinin-M delineates an AMPK/mTOR-arginine-TCA cycle axis to act as an immunometabolic switch in post-stroke microglia,https://europepmc.org/article/MED/42166856
doi:10.1016/j.smhs.2026.03.005,subject_name_not_located_in_record,"the index matched this record on full text, but the queried name does not appear in the retrieved title or abstract",check the full text before treating this record as subject evidence,Molecular vehicles for therapeutic delivery of lactate in exercise and medicine,https://europepmc.org/article/MED/42125180
doi:10.1016/j.tem.2023.09.006,subject_name_not_located_in_record,"the index matched this record on full text, but the queried name does not appear in the retrieved title or abstract",check the full text before treating this record as subject evidence,Hallmarks of the metabolic secretome,https://europepmc.org/article/MED/37845120
doi:10.1016/j.tem.2023.11.001,subject_name_not_located_in_record,"the index matched this record on full text, but the queried name does not appear in the retrieved title or abstract",check the full text before treating this record as subject evidence,Methylmalonic acid in aging and disease,https://europepmc.org/article/MED/38030482
doi:10.1016/j.tem.2025.07.005,subject_name_not_located_in_record,"the index matched this record on full text, but the queried name does not appear in the retrieved title or abstract",check the full text before treating this record as subject evidence,Exercise pills for cardiometabolic health cannot mimic the exercise milieu,https://europepmc.org/article/MED/40784868
doi:10.1021/acs.analchem.3c03620,subject_name_not_located_in_record,"the index matched this record on full text, but the queried name does not appear in the retrieved title or abstract",check the full text before treating this record as subject evidence,MARS: A Multipurpose Software for Untargeted LC-MS-Based Metabolomics and Exposomics,https://europepmc.org/article/MED/38236168
doi:10.1021/acs.jafc.3c04632,subject_name_not_located_in_record,"the index matched this record on full text, but the queried name does not appear in the retrieved title or abstract",check the full text before treating this record as subject evidence,Inoculation of Newborn Lambs with Ruminal Solids Derived from Adult Goats Reprograms the Development of Gut Microbiota and Serum Metabolome and Favors Growth Performance,https://europepmc.org/article/MED/38189273
doi:10.1038/s41392-024-01841-0,subject_name_not_located_in_record,"the index matched this record on full text, but the queried name does not appear in the retrieved title or abstract",check the full text before treating this record as subject evidence,Molecular insights of exercise therapy in disease prevention and treatment,https://europepmc.org/article/MED/38806473
doi:10.1038/s41419-024-07177-5,subject_name_not_located_in_record,"the index matched this record on full text, but the queried name does not appear in the retrieved title or abstract",check the full text before treating this record as subject evidence,Metformin improves HPRT1-targeted purine metabolism and repairs NR4A1-mediated autophagic flux by modulating FoxO1 nucleocytoplasmic shuttling to treat postmenopausal osteoporosis,https://europepmc.org/article/MED/39500875
doi:10.1038/s41419-026-08791-1,subject_name_not_located_in_record,"the index matched this record on full text, but the queried name does not appear in the retrieved title or abstract",check the full text before treating this record as subject evidence,The PM20D1-OLE pathway induces microglia rewiring to ameliorate Alzheimer disease,https://europepmc.org/article/MED/42045164
doi:10.1038/s41522-025-00793-9,subject_name_not_located_in_record,"the index matched this record on full text, but the queried name does not appear in the retrieved title or abstract",check the full text before treating this record as subject evidence,Genomic insights and metabolic profiling of gut commensal Luoshenia tenuis at strain level,https://europepmc.org/article/MED/40764512
doi:10.1038/s41580-023-00606-x,subject_name_not_located_in_record,"the index matched this record on full text, but the queried name does not appear in the retrieved title or abstract",check the full text before treating this record as subject evidence,Exercise metabolism and adaptation in skeletal muscle,https://europepmc.org/article/MED/37225892
doi:10.1038/s41586-025-08588-w,subject_name_not_located_in_record,"the index matched this record on full text, but the queried name does not appear in the retrieved title or abstract",check the full text before treating this record as subject evidence,Cooperative nutrient scavenging is an evolutionary advantage in cancer,https://europepmc.org/article/MED/39972131
doi:10.1038/s41589-025-01909-0,subject_name_not_located_in_record,"the index matched this record on full text, but the queried name does not appear in the retrieved title or abstract",check the full text before treating this record as subject evidence,Reactivity-based metabolomics reveal cysteine has glyoxalase 1-like and glyoxalase 2-like activities,https://europepmc.org/article/MED/40437135
doi:10.1038/s41598-024-63282-7,subject_name_not_located_in_record,"the index matched this record on full text, but the queried name does not appear in the retrieved title or abstract",check the full text before treating this record as subject evidence,"Transgenic female mice producing trans 10, cis 12-conjugated linoleic acid present excessive prostaglandin E2, adrenaline, corticosterone, glucagon, and FGF21",https://europepmc.org/article/MED/38816541
doi:10.1038/s41598-024-71375-6,subject_name_not_located_in_record,"the index matched this record on full text, but the queried name does not appear in the retrieved title or abstract",check the full text before treating this record as subject evidence,Blood based metabolic markers of glioma from pre-diagnosis to surgery,https://europepmc.org/article/MED/39237693
doi:10.1038/s41598-025-02944-6,subject_name_not_located_in_record,"the index matched this record on full text, but the queried name does not appear in the retrieved title or abstract",check the full text before treating this record as subject evidence,"Profiling protein hydrolysis and amino acid metabolism in camel and bovine milk fermented by Lactobacillus helveticus, L. bulgaricus, and Streptococcus thermophilus",https://europepmc.org/article/MED/40419683
doi:10.1038/s42003-023-05266-3,subject_name_not_located_in_record,"the index matched this record on full text, but the queried name does not appear in the retrieved title or abstract",check the full text before treating this record as subject evidence,Plasma metabolomic profiling in two rabbit lines divergently selected for intramuscular fat content,https://europepmc.org/article/MED/37653068
doi:10.1038/s43856-026-01471-3,subject_name_not_located_in_record,"the index matched this record on full text, but the queried name does not appear in the retrieved title or abstract",check the full text before treating this record as subject evidence,Metformin provides superior neuroprotective potential compared to semaglutide in preventing diabetes-associated Alzheimer's disease via dual actions,https://europepmc.org/article/MED/41760788
doi:10.1042/bsr20220319,subject_name_not_located_in_record,"the index matched this record on full text, but the queried name does not appear in the retrieved title or abstract",check the full text before treating this record as subject evidence,Serum metabolome alterations in patients with early nonalcoholic fatty liver disease,https://europepmc.org/article/MED/36124945
doi:10.1073/pnas.1424638112,subject_name_not_located_in_record,"the index matched this record on full text, but the queried name does not appear in the retrieved title or abstract",check the full text before treating this record as subject evidence,N-lactoyl-amino acids are ubiquitous metabolites that originate from CNDP2-mediated reverse proteolysis of lactate and amino acids,https://europepmc.org/article/MED/25964343
doi:10.1073/pnas.76.9.4530,subject_name_not_located_in_record,"the index matched this record on full text, but the queried name does not appear in the retrieved title or abstract",check the full text before treating this record as subject evidence,Lactose genes fused to exogenous promoters in one step using a Mu-lac bacteriophage: in vivo probe for transcriptional control sequences,https://europepmc.org/article/MED/159458
doi:10.1073/pnas.78.11.7024,subject_name_not_located_in_record,"the index matched this record on full text, but the queried name does not appear in the retrieved title or abstract",check the full text before treating this record as subject evidence,Alternate pathways of DNA replication: DNA polymerase I-dependent replication,https://europepmc.org/article/MED/7031666
doi:10.1073/pnas.78.8.4936,subject_name_not_located_in_record,"the index matched this record on full text, but the queried name does not appear in the retrieved title or abstract",check the full text before treating this record as subject evidence,Cloning and analysis of strong promoters is made possible by the downstream placement of a RNA termination signal,https://europepmc.org/article/MED/6946440
doi:10.1073/pnas.82.9.3020,subject_name_not_located_in_record,"the index matched this record on full text, but the queried name does not appear in the retrieved title or abstract",check the full text before treating this record as subject evidence,Natural history of restricted synthesis and expression of measles virus genes in subacute sclerosing panencephalitis,https://europepmc.org/article/MED/3857631
doi:10.1074/jbc.m115.692103,subject_name_not_located_in_record,"the index matched this record on full text, but the queried name does not appear in the retrieved title or abstract",check the full text before treating this record as subject evidence,ATP-binding Cassette Subfamily C Member 5 (ABCC5) Functions as an Efflux Transporter of Glutamate Conjugates and Analogs,https://europepmc.org/article/MED/26515061
doi:10.1080/07435800.2025.2545832,subject_name_not_located_in_record,"the index matched this record on full text, but the queried name does not appear in the retrieved title or abstract",check the full text before treating this record as subject evidence,"Blood metabolome of cardiovascular disease, diabetic kidney disease, and diabetic retinopathy in type 2 diabetes patients: A systematic review and meta-analysis",https://europepmc.org/article/MED/40835231
doi:10.1080/14737159.2025.2518138,subject_name_not_located_in_record,"the index matched this record on full text, but the queried name does not appear in the retrieved title or abstract",check the full text before treating this record as subject evidence,Primary open-angle glaucoma: a perspective from plasma metabolomics,https://europepmc.org/article/MED/40482041
doi:10.1089/acm.2019.0447,subject_name_not_located_in_record,"the index matched this record on full text, but the queried name does not appear in the retrieved title or abstract",check the full text before treating this record as subject evidence,A Public Health Issue: Dietary Supplements Promoted for Brain Health and Cognitive Performance,https://europepmc.org/article/MED/32119795
doi:10.1093/emboj/cdf369,subject_name_not_located_in_record,"the index matched this record on full text, but the queried name does not appear in the retrieved title or abstract",check the full text before treating this record as subject evidence,Replication fork collapse at replication terminator sequences,https://europepmc.org/article/MED/12110601
doi:10.1093/genetics/118.4.571,subject_name_not_located_in_record,"the index matched this record on full text, but the queried name does not appear in the retrieved title or abstract",check the full text before treating this record as subject evidence,A mutation affecting the regulation of a secA-lacZ fusion defines a new sec gene,https://europepmc.org/article/MED/3284784
doi:10.1093/genetics/122.4.737,subject_name_not_located_in_record,"the index matched this record on full text, but the queried name does not appear in the retrieved title or abstract",check the full text before treating this record as subject evidence,Recombination between homologies in direct and inverse orientation in the chromosome of Salmonella: intervals which are nonpermissive for inversion formation,https://europepmc.org/article/MED/2547692
doi:10.1093/genetics/127.1.21,subject_name_not_located_in_record,"the index matched this record on full text, but the queried name does not appear in the retrieved title or abstract",check the full text before treating this record as subject evidence,Isolation and characterization of Escherichia coli mutants with altered rates of deletion formation,https://europepmc.org/article/MED/2016043
doi:10.1093/lifemeta/load048,subject_name_not_located_in_record,"the index matched this record on full text, but the queried name does not appear in the retrieved title or abstract",check the full text before treating this record as subject evidence,Size matters: the biochemical logic of ligand type in endocrine crosstalk,https://europepmc.org/article/MED/38425548
doi:10.1093/lifemeta/loag009,subject_name_not_located_in_record,"the index matched this record on full text, but the queried name does not appear in the retrieved title or abstract",check the full text before treating this record as subject evidence,Circadian biology and exercise: the time to move,https://europepmc.org/article/MED/42077264
doi:10.1093/nar/5.5.1501,subject_name_not_located_in_record,"the index matched this record on full text, but the queried name does not appear in the retrieved title or abstract",check the full text before treating this record as subject evidence,The interconversion of conformers of phenylalanyl-tRNA with different affinity to 70S ribosomes of Escherichia coli,https://europepmc.org/article/MED/351562
doi:10.1098/rsob.250092,subject_name_not_located_in_record,"the index matched this record on full text, but the queried name does not appear in the retrieved title or abstract",check the full text before treating this record as subject evidence,Brain amino acid sensing for organismal amino acid homeostasis,https://europepmc.org/article/MED/40763801
doi:10.1101/2024.12.16.24317793,subject_name_not_located_in_record,"the index matched this record on full text, but the queried name does not appear in the retrieved title or abstract",check the full text before treating this record as subject evidence,"The blood metabolome of cognitive function and brain health in middle-aged adults – influences of genes, gut microbiome, and exposome",https://europepmc.org/article/PPR/PPR956091
doi:10.1101/2025.10.22.683699,subject_name_not_located_in_record,"the index matched this record on full text, but the queried name does not appear in the retrieved title or abstract",check the full text before treating this record as subject evidence,Exercise intensity modulates the human plasma secretome and interorgan communication,https://europepmc.org/article/PPR/PPR1106168
doi:10.1111/dom.16442,subject_name_not_located_in_record,"the index matched this record on full text, but the queried name does not appear in the retrieved title or abstract",check the full text before treating this record as subject evidence,Metformin use in prediabetes: A review of evidence and a focus on metabolic features among peri-menopausal women,https://europepmc.org/article/MED/40329646
doi:10.1111/dom.16633,subject_name_not_located_in_record,"the index matched this record on full text, but the queried name does not appear in the retrieved title or abstract",check the full text before treating this record as subject evidence,N-lactoyl amino acids are potential biomarkers for insulin resistance and diabetic complications,https://europepmc.org/article/MED/40693359
doi:10.1111/imr.13214,subject_name_not_located_in_record,"the index matched this record on full text, but the queried name does not appear in the retrieved title or abstract",check the full text before treating this record as subject evidence,The role of efferocytosis-fueled macrophage metabolism in the resolution of inflammation,https://europepmc.org/article/MED/37158427
doi:10.1113/jp286772,subject_name_not_located_in_record,"the index matched this record on full text, but the queried name does not appear in the retrieved title or abstract",check the full text before treating this record as subject evidence,Effects of patent foramen ovale in migraine: a metabolomics-based study,https://europepmc.org/article/MED/39838589
doi:10.1126/sciadv.adj7481,subject_name_not_located_in_record,"the index matched this record on full text, but the queried name does not appear in the retrieved title or abstract",check the full text before treating this record as subject evidence,Exercise mitigates flow recirculation and activates metabolic transducer SCD1 to catalyze vascular protective metabolites,https://europepmc.org/article/MED/38354249
doi:10.1126/sciadv.ads5466,subject_name_not_located_in_record,"the index matched this record on full text, but the queried name does not appear in the retrieved title or abstract",check the full text before treating this record as subject evidence,Metformin targets mitochondrial complex I to lower blood glucose levels,https://europepmc.org/article/MED/39693440
doi:10.1126/sciadv.adu7436,subject_name_not_located_in_record,"the index matched this record on full text, but the queried name does not appear in the retrieved title or abstract",check the full text before treating this record as subject evidence,Meeting metformin again for the first time,https://europepmc.org/article/MED/39693446
doi:10.1128/aac.23.2.278,subject_name_not_located_in_record,"the index matched this record on full text, but the queried name does not appear in the retrieved title or abstract",check the full text before treating this record as subject evidence,Genetic transfer of antimicrobial resistance and enterotoxigenicity among Escherichia coli strains,https://europepmc.org/article/MED/6340604
doi:10.1128/aem.40.1.84-91.1980,subject_name_not_located_in_record,"the index matched this record on full text, but the queried name does not appear in the retrieved title or abstract",check the full text before treating this record as subject evidence,Conjugal transfer of genetic information in group N streptococci,https://europepmc.org/article/MED/6773476
doi:10.1128/aem.54.11.2877-2880.1988,subject_name_not_located_in_record,"the index matched this record on full text, but the queried name does not appear in the retrieved title or abstract",check the full text before treating this record as subject evidence,Delivery system for creation of one-step in vivo lac gene fusions in Pseudomonas spp. involved in biological control,https://europepmc.org/article/MED/2850764
doi:10.1128/iai.41.3.1056-1061.1983,subject_name_not_located_in_record,"the index matched this record on full text, but the queried name does not appear in the retrieved title or abstract",check the full text before treating this record as subject evidence,Synthesis of plasmid-coded heat-labile enterotoxin in wild-type and hypertoxinogenic strains of Escherichia coli and in other genera of Enterobacteriaceae,https://europepmc.org/article/MED/6350177
doi:10.1128/jb.132.3.870-875.1977,subject_name_not_located_in_record,"the index matched this record on full text, but the queried name does not appear in the retrieved title or abstract",check the full text before treating this record as subject evidence,Characterization of fusions between the lac operon and the ilv gene cluster in Escherichia coli: ilvC-lac fusions,https://europepmc.org/article/MED/336610
doi:10.1128/jb.139.1.71-79.1979,subject_name_not_located_in_record,"the index matched this record on full text, but the queried name does not appear in the retrieved title or abstract",check the full text before treating this record as subject evidence,Genetics and regulation of D-xylose utilization in Salmonella typhimurium LT2,https://europepmc.org/article/MED/222732
doi:10.1128/jb.143.1.506-509.1980,subject_name_not_located_in_record,"the index matched this record on full text, but the queried name does not appear in the retrieved title or abstract",check the full text before treating this record as subject evidence,lac Thiogalactoside transacetylase of Escherichia coli K-12 and ML,https://europepmc.org/article/MED/6995445
doi:10.1128/jb.143.3.1325-1331.1980,subject_name_not_located_in_record,"the index matched this record on full text, but the queried name does not appear in the retrieved title or abstract",check the full text before treating this record as subject evidence,Isolation of ara-lac gene fusions in Salmonella typhimurium LT2 by using transducing bacteriophage Mu d (Apr lac),https://europepmc.org/article/MED/6773928
doi:10.1128/jb.146.1.260-268.1981,subject_name_not_located_in_record,"the index matched this record on full text, but the queried name does not appear in the retrieved title or abstract",check the full text before treating this record as subject evidence,"General method, using Mu-Mud1 dilysogens, to determine the direction of transcription of and generate deletions in the glnA region of Escherichia coli",https://europepmc.org/article/MED/6111550
doi:10.1128/jb.146.1.93-101.1981,subject_name_not_located_in_record,"the index matched this record on full text, but the queried name does not appear in the retrieved title or abstract",check the full text before treating this record as subject evidence,Use of bacteriophage transposon Mu d1 to determine the orientation for three proC-linked phosphate-starvation-inducible (psi) genes in Escherichia coli K-12,https://europepmc.org/article/MED/6260750
doi:10.1128/jb.155.3.973-982.1983,subject_name_not_located_in_record,"the index matched this record on full text, but the queried name does not appear in the retrieved title or abstract",check the full text before treating this record as subject evidence,Physical mapping of the exuT and uxaC operators by use of exu plasmids and generation of deletion mutants in vitro,https://europepmc.org/article/MED/6309752
doi:10.1128/jb.172.6.3485-3489.1990,subject_name_not_located_in_record,"the index matched this record on full text, but the queried name does not appear in the retrieved title or abstract",check the full text before treating this record as subject evidence,"High-frequency, site-specific recombination between lactococcal and pAM beta 1 plasmid DNAs",https://europepmc.org/article/MED/2111809
doi:10.1128/jb.173.1.16-22.1991,subject_name_not_located_in_record,"the index matched this record on full text, but the queried name does not appear in the retrieved title or abstract",check the full text before treating this record as subject evidence,Fnr mutants that activate gene expression in the presence of oxygen,https://europepmc.org/article/MED/1898918
doi:10.1128/jb.173.14.4424-4432.1991,subject_name_not_located_in_record,"the index matched this record on full text, but the queried name does not appear in the retrieved title or abstract",check the full text before treating this record as subject evidence,Mutational analysis of nitrate regulatory gene narL in Escherichia coli K-12,https://europepmc.org/article/MED/2066339
doi:10.1128/jb.174.20.6634-6643.1992,subject_name_not_located_in_record,"the index matched this record on full text, but the queried name does not appear in the retrieved title or abstract",check the full text before treating this record as subject evidence,Autogenous regulation of ethanolamine utilization by a transcriptional activator of the eut operon in Salmonella typhimurium,https://europepmc.org/article/MED/1328159
doi:10.1128/jb.174.9.2881-2890.1992,subject_name_not_located_in_record,"the index matched this record on full text, but the queried name does not appear in the retrieved title or abstract",check the full text before treating this record as subject evidence,Amino acid substitutions in the CytR repressor which alter its capacity to regulate gene expression,https://europepmc.org/article/MED/1569019
doi:10.1128/jb.174.9.3004-3010.1992,subject_name_not_located_in_record,"the index matched this record on full text, but the queried name does not appear in the retrieved title or abstract",check the full text before treating this record as subject evidence,Site-specific proteolysis of mini-F plasmid replication protein RepE destroys initiator function and generates an incompatibility substance,https://europepmc.org/article/MED/1569028
doi:10.1128/jb.175.6.1767-1776.1993,subject_name_not_located_in_record,"the index matched this record on full text, but the queried name does not appear in the retrieved title or abstract",check the full text before treating this record as subject evidence,A genetic analysis of various functions of the TyrR protein of Escherichia coli,https://europepmc.org/article/MED/8449883
doi:10.1128/jb.179.6.2047-2052.1997,subject_name_not_located_in_record,"the index matched this record on full text, but the queried name does not appear in the retrieved title or abstract",check the full text before treating this record as subject evidence,Transposition without transposase: a spontaneous mutation in bacteria,https://europepmc.org/article/MED/9068653
doi:10.1128/mr.57.1.50-108.1993,subject_name_not_located_in_record,"the index matched this record on full text, but the queried name does not appear in the retrieved title or abstract",check the full text before treating this record as subject evidence,The complete general secretory pathway in gram-negative bacteria,https://europepmc.org/article/MED/8096622
doi:10.1128/msystems.00243-25,subject_name_not_located_in_record,"the index matched this record on full text, but the queried name does not appear in the retrieved title or abstract",check the full text before treating this record as subject evidence,"Multi-trajectories of BMI, waist circumference, gut microbiota, and incident dyslipidemia: a 27-year prospective study",https://europepmc.org/article/MED/40293249
doi:10.1128/spectrum.03557-25,subject_name_not_located_in_record,"the index matched this record on full text, but the queried name does not appear in the retrieved title or abstract",check the full text before treating this record as subject evidence,Marine exometabolites correlate with benthic fungal diversity and community structure in the South China Sea,https://europepmc.org/article/MED/42023975
doi:10.1136/bmjopen-2024-093831,subject_name_not_located_in_record,"the index matched this record on full text, but the queried name does not appear in the retrieved title or abstract",check the full text before treating this record as subject evidence,"Metformin treatment for patients with hand osteoarthritis: protocol for the multicentre, randomised, placebo-controlled METRO trial",https://europepmc.org/article/MED/40139705
doi:10.1152/japplphysiol.00497.2022,subject_name_not_located_in_record,"the index matched this record on full text, but the queried name does not appear in the retrieved title or abstract",check the full text before treating this record as subject evidence,Lactate as a myokine and exerkine: drivers and signals of physiology and metabolism,https://europepmc.org/article/MED/36633863
doi:10.1152/physiol.00002.2025,subject_name_not_located_in_record,"the index matched this record on full text, but the queried name does not appear in the retrieved title or abstract",check the full text before treating this record as subject evidence,"What Do We Know of Human Fuel Use during Aerobic Exercise, and How Do We Know It?",https://europepmc.org/article/MED/40763088
doi:10.1152/physrev.00001.2024,subject_name_not_located_in_record,"the index matched this record on full text, but the queried name does not appear in the retrieved title or abstract",check the full text before treating this record as subject evidence,The SLC-ome of membrane transport: From molecular discovery to physiology and clinical applications,https://europepmc.org/article/MED/41026912
doi:10.1155/2012/243217,subject_name_not_located_in_record,"the index matched this record on full text, but the queried name does not appear in the retrieved title or abstract",check the full text before treating this record as subject evidence,Involvement of the ligninolytic system of white-rot and litter-decomposing fungi in the degradation of polycyclic aromatic hydrocarbons,https://europepmc.org/article/MED/22830035
doi:10.1155/anu/8260382,subject_name_not_located_in_record,"the index matched this record on full text, but the queried name does not appear in the retrieved title or abstract",check the full text before treating this record as subject evidence,"Growth Performance and Intestinal Health of Triploid Rainbow Trout ( Oncorhynchus mykiss ) Through Bile Acid Supplementation in Low Fishmeal Diets: Insights From Metabolomics, Microbiota, and Gene Expression",https://europepmc.org/article/MED/41798293
doi:10.1161/circresaha.124.325614,subject_name_not_located_in_record,"the index matched this record on full text, but the queried name does not appear in the retrieved title or abstract",check the full text before treating this record as subject evidence,Skeletal Muscle as a Mediator of Interorgan Crosstalk During Exercise: Implications for Aging and Obesity,https://europepmc.org/article/MED/40403102
doi:10.1167/iovs.66.2.37,subject_name_not_located_in_record,"the index matched this record on full text, but the queried name does not appear in the retrieved title or abstract",check the full text before treating this record as subject evidence,Metabolomic Characteristics of Aqueous Humor in Wet Age-Related Macular Degeneration and the Impact of Anti-VEGF Treatment,https://europepmc.org/article/MED/39937494
doi:10.1172/jci.insight.171225,subject_name_not_located_in_record,"the index matched this record on full text, but the queried name does not appear in the retrieved title or abstract",check the full text before treating this record as subject evidence,Altered plasma metabolite levels can be detected years before a glioma diagnosis,https://europepmc.org/article/MED/37651185
doi:10.1172/jci136055,subject_name_not_located_in_record,"the index matched this record on full text, but the queried name does not appear in the retrieved title or abstract",check the full text before treating this record as subject evidence,Circulating markers of NADH-reductive stress correlate with mitochondrial disease severity,https://europepmc.org/article/MED/33463549
doi:10.1177/11206721221140948,subject_name_not_located_in_record,"the index matched this record on full text, but the queried name does not appear in the retrieved title or abstract",check the full text before treating this record as subject evidence,The role of artificial intelligence in analysis of biofluid markers for diagnosis and management of glaucoma: A systematic review,https://europepmc.org/article/MED/36426575
doi:10.1177/26331055231191523,subject_name_not_located_in_record,"the index matched this record on full text, but the queried name does not appear in the retrieved title or abstract",check the full text before treating this record as subject evidence,The Physiological and Molecular Links Between Physical Activity and Brain Health: A Review,https://europepmc.org/article/MED/37600456
doi:10.1186/s12877-025-05832-w,subject_name_not_located_in_record,"the index matched this record on full text, but the queried name does not appear in the retrieved title or abstract",check the full text before treating this record as subject evidence,"Association between physical activity, trouble sleeping, and obesity among older Americans: a cross-sectional study based on NHANES data from 2007 to 2018",https://europepmc.org/article/MED/40069615
doi:10.1186/s12889-025-21405-3,subject_name_not_located_in_record,"the index matched this record on full text, but the queried name does not appear in the retrieved title or abstract",check the full text before treating this record as subject evidence,Optimal exercise dose on Body Mass Index (BMI) in children and adolescents with overweight and obesity: a systematic review and bayesian model-based network meta-analysis,https://europepmc.org/article/MED/39827114
doi:10.1186/s12915-023-01698-9,subject_name_not_located_in_record,"the index matched this record on full text, but the queried name does not appear in the retrieved title or abstract",check the full text before treating this record as subject evidence,High-intensity interval training induces lactylation of fatty acid synthase to inhibit lipid synthesis,https://europepmc.org/article/MED/37726733
doi:10.1186/s12944-024-02397-2,subject_name_not_located_in_record,"the index matched this record on full text, but the queried name does not appear in the retrieved title or abstract",check the full text before treating this record as subject evidence,High-intensity interval training or lactate administration combined with aerobic training enhances visceral fat loss while promoting VMH neuroplasticity in female rats,https://europepmc.org/article/MED/39696579
doi:10.1186/s13048-025-01610-9,subject_name_not_located_in_record,"the index matched this record on full text, but the queried name does not appear in the retrieved title or abstract",check the full text before treating this record as subject evidence,Exploring the causal associations of the gut microbiota and plasma metabolites with ovarian cancer: an approach of mendelian randomization analysis combined with network pharmacology and molecular docking,https://europepmc.org/article/MED/39948579
doi:10.1186/s13098-025-01825-2,subject_name_not_located_in_record,"the index matched this record on full text, but the queried name does not appear in the retrieved title or abstract",check the full text before treating this record as subject evidence,Metformin reduces the risk of frailty: evidence from a Mendelian randomization study,https://europepmc.org/article/MED/40551233
doi:10.1186/s13102-024-00876-8,subject_name_not_located_in_record,"the index matched this record on full text, but the queried name does not appear in the retrieved title or abstract",check the full text before treating this record as subject evidence,Application of exercise therapy in patients with chronic kidney disease-induced muscle atrophy: a scoping review,https://europepmc.org/article/MED/38689329
doi:10.1186/s13293-025-00708-5,subject_name_not_located_in_record,"the index matched this record on full text, but the queried name does not appear in the retrieved title or abstract",check the full text before treating this record as subject evidence,Sexual dimorphism in metabolomic and phenotypic spectra of UGT deficiency: findings from the Canadian Longitudinal Study on Aging,https://europepmc.org/article/MED/40264209
doi:10.1186/s13293-025-00780-x,subject_name_not_located_in_record,"the index matched this record on full text, but the queried name does not appear in the retrieved title or abstract",check the full text before treating this record as subject evidence,Sexual dimorphism in the serum metabolome following acute exhaustive exercise,https://europepmc.org/article/MED/41199406
doi:10.1186/s40478-025-01946-9,subject_name_not_located_in_record,"the index matched this record on full text, but the queried name does not appear in the retrieved title or abstract",check the full text before treating this record as subject evidence,Blood biomarker fingerprints in a cohort of patients with CHRNE-related congenital myasthenic syndrome,https://europepmc.org/article/MED/39948634
doi:10.1186/s40798-026-00989-z,subject_name_not_located_in_record,"the index matched this record on full text, but the queried name does not appear in the retrieved title or abstract",check the full text before treating this record as subject evidence,"Characterizing Human Oxidative, Anabolic and Glycolytic Metabolism in Athletes with Extreme Physiologies",https://europepmc.org/article/MED/41801539
doi:10.1186/s43556-026-00483-8,subject_name_not_located_in_record,"the index matched this record on full text, but the queried name does not appear in the retrieved title or abstract",check the full text before treating this record as subject evidence,"Exercise mimetics: molecular mechanisms, biological and therapeutic effects",https://europepmc.org/article/MED/42234316
doi:10.1210/clinem/dgaf296,subject_name_not_located_in_record,"the index matched this record on full text, but the queried name does not appear in the retrieved title or abstract",check the full text before treating this record as subject evidence,Maternal Physical Activity and Its Relationship to the Human Milk Metabolome and Infant Body Composition,https://europepmc.org/article/MED/40417941
doi:10.1210/endrev/bnaf004,subject_name_not_located_in_record,"the index matched this record on full text, but the queried name does not appear in the retrieved title or abstract",check the full text before treating this record as subject evidence,Antiobesity Pharmacotherapy for Patients With Genetic Obesity Due to Defects in the Leptin-Melanocortin Pathway,https://europepmc.org/article/MED/39929239
doi:10.1249/mss.0000000000003800,subject_name_not_located_in_record,"the index matched this record on full text, but the queried name does not appear in the retrieved title or abstract",check the full text before treating this record as subject evidence,Dynamic Metabolic Changes Driven by Exercise Intensity in Acute Swimming,https://europepmc.org/article/MED/40601479
doi:10.1371/journal.pbio.3003617,subject_name_not_located_in_record,"the index matched this record on full text, but the queried name does not appear in the retrieved title or abstract",check the full text before treating this record as subject evidence,Targeting immunometabolism in cancer through pharmacological and lifestyle interventions,https://europepmc.org/article/MED/41557725
doi:10.1371/journal.pone.0000595,subject_name_not_located_in_record,"the index matched this record on full text, but the queried name does not appear in the retrieved title or abstract",check the full text before treating this record as subject evidence,Inflammatory multiple-sclerosis plaques generate characteristic metabolic profiles in cerebrospinal fluid,https://europepmc.org/article/MED/17611627
doi:10.1371/journal.pone.0236203,subject_name_not_located_in_record,"the index matched this record on full text, but the queried name does not appear in the retrieved title or abstract",check the full text before treating this record as subject evidence,Urine metabolomics of rats with chronic atrophic gastritis,https://europepmc.org/article/MED/33175875
doi:10.1371/journal.pone.0288996,subject_name_not_located_in_record,"the index matched this record on full text, but the queried name does not appear in the retrieved title or abstract",check the full text before treating this record as subject evidence,Responsiveness to endurance training can be partly explained by the number of favorable single nucleotide polymorphisms an individual possesses,https://europepmc.org/article/MED/37471354
doi:10.14814/phy2.70167,subject_name_not_located_in_record,"the index matched this record on full text, but the queried name does not appear in the retrieved title or abstract",check the full text before treating this record as subject evidence,Acute effect of exercise on appetite-related factors in males with obesity: A pilot study,https://europepmc.org/article/MED/39722170
doi:10.1523/jneurosci.11-03-00740.1991,subject_name_not_located_in_record,"the index matched this record on full text, but the queried name does not appear in the retrieved title or abstract",check the full text before treating this record as subject evidence,Neuropeptides Gly-Asp-Pro-Phe-Leu-Arg-Phe-amide (GDPFLRFamide) and Ser- Asp-Pro-Phe-Leu-Arg-Phe-amide (SDPFLRFamide) are encoded by an exon 3' to Phe-Met-Arg-Phe-NH2 (FMRFamide) in the snail Lymnaea stagnalis,https://doi.org/10.1523/jneurosci.11-03-00740.1991
doi:10.18632/aging.203731,subject_name_not_located_in_record,"the index matched this record on full text, but the queried name does not appear in the retrieved title or abstract",check the full text before treating this record as subject evidence,Metabolomic profiling of plasma from middle-aged and advanced-age male mice reveals the metabolic abnormalities of carnitine biosynthesis in metallothionein gene knockout mice,https://europepmc.org/article/MED/34851303
doi:10.21037/cdt-24-431,subject_name_not_located_in_record,"the index matched this record on full text, but the queried name does not appear in the retrieved title or abstract",check the full text before treating this record as subject evidence,Recent progress in metabolomic analysis of acute coronary syndrome: a narrative review,https://europepmc.org/article/MED/40385284
doi:10.21037/tcr-24-359,subject_name_not_located_in_record,"the index matched this record on full text, but the queried name does not appear in the retrieved title or abstract",check the full text before treating this record as subject evidence,"Unveiling the atlas of associations between 1,400 plasma metabolites and 24 tumors: Mendelian randomization analyses",https://europepmc.org/article/MED/39430859
doi:10.2147/ndt.s584034,subject_name_not_located_in_record,"the index matched this record on full text, but the queried name does not appear in the retrieved title or abstract",check the full text before treating this record as subject evidence,Depression and Gastrointestinal Health Abnormalities: Treatment Approaches from the Perspective of Traditional Chinese Medicine,https://europepmc.org/article/MED/41756058
doi:10.2337/dbi23-0004,subject_name_not_located_in_record,"the index matched this record on full text, but the queried name does not appear in the retrieved title or abstract",check the full text before treating this record as subject evidence,Molecular Insights From Multiomics Studies of Physical Activity,https://europepmc.org/article/MED/38241506
doi:10.2337/dc24-1597,subject_name_not_located_in_record,"the index matched this record on full text, but the queried name does not appear in the retrieved title or abstract",check the full text before treating this record as subject evidence,Metformin Treatment With or Without Mediterranean Diet for the Prevention of Age-Related Diseases in People With Metabolic Syndrome: The MeMeMe Randomized Trial,https://europepmc.org/article/MED/39641916
doi:10.3389/ebm.2026.10867,subject_name_not_located_in_record,"the index matched this record on full text, but the queried name does not appear in the retrieved title or abstract",check the full text before treating this record as subject evidence,Metabolomics-guided identification of bioactive phytometabolites from South African plants targeting neuroblastoma,https://europepmc.org/article/MED/41868600
doi:10.3389/fcell.2022.977960,subject_name_not_located_in_record,"the index matched this record on full text, but the queried name does not appear in the retrieved title or abstract",check the full text before treating this record as subject evidence,"Integrated analysis of transcriptomics, proteomics and metabolomics data reveals the role of SLC39A1 in renal cell carcinoma",https://europepmc.org/article/MED/36407113
doi:10.3389/fcell.2025.1598794,subject_name_not_located_in_record,"the index matched this record on full text, but the queried name does not appear in the retrieved title or abstract",check the full text before treating this record as subject evidence,Exercise in atherosclerosis: its beneficial effects and underlying mechanism,https://europepmc.org/article/MED/40861271
doi:10.3389/fcell.2025.1606790,subject_name_not_located_in_record,"the index matched this record on full text, but the queried name does not appear in the retrieved title or abstract",check the full text before treating this record as subject evidence,Exercise benefits yourself and your offspring: a mini-review,https://europepmc.org/article/MED/40519261
doi:10.3389/fcimb.2026.1649624,subject_name_not_located_in_record,"the index matched this record on full text, but the queried name does not appear in the retrieved title or abstract",check the full text before treating this record as subject evidence,"Clinical, microbial and metabolic characteristics of gas-forming pyogenic liver abscess and its potential formation mechanism",https://europepmc.org/article/MED/41756781
doi:10.3389/fcvm.2026.1781202,subject_name_not_located_in_record,"the index matched this record on full text, but the queried name does not appear in the retrieved title or abstract",check the full text before treating this record as subject evidence,Exercise benefits in metabolism on cardiovascular disease,https://europepmc.org/article/MED/42095140
doi:10.3389/fendo.2022.886351,subject_name_not_located_in_record,"the index matched this record on full text, but the queried name does not appear in the retrieved title or abstract",check the full text before treating this record as subject evidence,Comparative Metabolomics and Lipidomics of Four Juvenoids Application to Scylla paramamosain Hepatopancreas: Implications of Lipid Metabolism During Ovarian Maturation,https://europepmc.org/article/MED/35574001
doi:10.3389/fendo.2024.1359502,subject_name_not_located_in_record,"the index matched this record on full text, but the queried name does not appear in the retrieved title or abstract",check the full text before treating this record as subject evidence,Causal association of circulating metabolites with diabetic retinopathy: a bidirectional Mendelian randomization analysis,https://europepmc.org/article/MED/38800471
doi:10.3389/fimmu.2024.1510887,subject_name_not_located_in_record,"the index matched this record on full text, but the queried name does not appear in the retrieved title or abstract",check the full text before treating this record as subject evidence,Immune and physiological responses in Penaeus monodon to ammonia-N stress: a multi-omics approach,https://europepmc.org/article/MED/39720717
doi:10.3389/fimmu.2026.1734997,subject_name_not_located_in_record,"the index matched this record on full text, but the queried name does not appear in the retrieved title or abstract",check the full text before treating this record as subject evidence,"Lithospermic acid, a novel KLK5 inhibitor, ameliorates rosacea by suppressing the TLR4/NF-κB signaling pathway and rectifying phenylalanine metabolism",https://europepmc.org/article/MED/41668756
doi:10.3389/fmed.2022.935084,subject_name_not_located_in_record,"the index matched this record on full text, but the queried name does not appear in the retrieved title or abstract",check the full text before treating this record as subject evidence,"Targeted Metabolomics Shows That the Level of Glutamine, Kynurenine, Acyl-Carnitines and Lysophosphatidylcholines Is Significantly Increased in the Aqueous Humor of Glaucoma Patients",https://europepmc.org/article/MED/35935793
doi:10.3389/fmed.2022.995069,subject_name_not_located_in_record,"the index matched this record on full text, but the queried name does not appear in the retrieved title or abstract",check the full text before treating this record as subject evidence,Untargeted plasma metabolomic fingerprinting highlights several biomarkers for the diagnosis and prognosis of coronavirus disease 19,https://europepmc.org/article/MED/36250098
doi:10.3389/fmicb.2023.1244293,subject_name_not_located_in_record,"the index matched this record on full text, but the queried name does not appear in the retrieved title or abstract",check the full text before treating this record as subject evidence,Gut commensals and their metabolites in health and disease,https://europepmc.org/article/MED/38029089
doi:10.3389/fmicb.2024.1359949,subject_name_not_located_in_record,"the index matched this record on full text, but the queried name does not appear in the retrieved title or abstract",check the full text before treating this record as subject evidence,Postbiotics: emerging therapeutic approach in diabetic retinopathy,https://europepmc.org/article/MED/38500583
doi:10.3389/fmolb.2024.1403844,subject_name_not_located_in_record,"the index matched this record on full text, but the queried name does not appear in the retrieved title or abstract",check the full text before treating this record as subject evidence,"Metabolomics studies in common multifactorial eye disorders: a review of biomarker discovery for age-related macular degeneration, glaucoma, diabetic retinopathy and myopia",https://europepmc.org/article/MED/39193222
doi:10.3389/fnut.2022.1056598,subject_name_not_located_in_record,"the index matched this record on full text, but the queried name does not appear in the retrieved title or abstract",check the full text before treating this record as subject evidence,Ultraperformance liquid chromatography-quadrupole time-of-flight mass spectrometry based untargeted metabolomics to reveal the characteristics of Dictyophora rubrovolvata from different drying methods,https://europepmc.org/article/MED/36519000
doi:10.3389/fnut.2022.947033,subject_name_not_located_in_record,"the index matched this record on full text, but the queried name does not appear in the retrieved title or abstract",check the full text before treating this record as subject evidence,Role of brain-gut-muscle axis in human health and energy homeostasis,https://europepmc.org/article/MED/36276808
doi:10.3389/fonc.2022.1014748,subject_name_not_located_in_record,"the index matched this record on full text, but the queried name does not appear in the retrieved title or abstract",check the full text before treating this record as subject evidence,Understanding emerging bioactive metabolites with putative roles in cancer biology,https://europepmc.org/article/MED/36249070
doi:10.3389/fped.2023.1250731,subject_name_not_located_in_record,"the index matched this record on full text, but the queried name does not appear in the retrieved title or abstract",check the full text before treating this record as subject evidence,Study protocol: Identification and validation of integrative biomarkers of physical activity level and health in children and adolescents (INTEGRActiv),https://europepmc.org/article/MED/37772038
doi:10.3389/fphar.2022.1005301,subject_name_not_located_in_record,"the index matched this record on full text, but the queried name does not appear in the retrieved title or abstract",check the full text before treating this record as subject evidence,Serum and brain metabolomic study reveals the protective effects of Bai-Mi-Decoction on rats with ischemic stroke,https://europepmc.org/article/MED/36506507
doi:10.3389/fphar.2022.849832,subject_name_not_located_in_record,"the index matched this record on full text, but the queried name does not appear in the retrieved title or abstract",check the full text before treating this record as subject evidence,Shenkang Injection for Treating Renal Fibrosis-Metabonomics and Regulation of E3 Ubiquitin Ligase Smurfs on TGF-β/Smads Signal Transduction,https://europepmc.org/article/MED/35721120
doi:10.3389/fphar.2022.893561,subject_name_not_located_in_record,"the index matched this record on full text, but the queried name does not appear in the retrieved title or abstract",check the full text before treating this record as subject evidence,Phyllanthus emblica aqueous extract retards hepatic steatosis and fibrosis in NAFLD mice in association with the reshaping of intestinal microecology,https://europepmc.org/article/MED/35959433
doi:10.3389/fphar.2023.1288618,subject_name_not_located_in_record,"the index matched this record on full text, but the queried name does not appear in the retrieved title or abstract",check the full text before treating this record as subject evidence,Phyllanthus emblica : a comprehensive review of its phytochemical composition and pharmacological properties,https://europepmc.org/article/MED/37954853
doi:10.3389/fphar.2025.1549834,subject_name_not_located_in_record,"the index matched this record on full text, but the queried name does not appear in the retrieved title or abstract",check the full text before treating this record as subject evidence,Metabolomic and lipidomic profiling of traditional Chinese medicine Testudinis Carapax et Plastrum and its substitutes,https://europepmc.org/article/MED/40206067
doi:10.3389/fphar.2025.1571480,subject_name_not_located_in_record,"the index matched this record on full text, but the queried name does not appear in the retrieved title or abstract",check the full text before treating this record as subject evidence,"Integrating network pharmacology, quantitative transcriptomic analysis, and experimental validation revealed the mechanism of cordycepin in the treatment of obesity",https://europepmc.org/article/MED/40438591
doi:10.3389/fphar.2025.1698734,subject_name_not_located_in_record,"the index matched this record on full text, but the queried name does not appear in the retrieved title or abstract",check the full text before treating this record as subject evidence,Metabolite and gut microbiota co-biomarkers in Danggui Shaoyao San: insights into a shared therapeutic approach,https://europepmc.org/article/MED/41601981
doi:10.3389/fphar.2026.1799374,subject_name_not_located_in_record,"the index matched this record on full text, but the queried name does not appear in the retrieved title or abstract",check the full text before treating this record as subject evidence,Controversial effects of metformin on human physiology and pathophysiology,https://europepmc.org/article/MED/42110530
doi:10.3389/fphys.2022.887207,subject_name_not_located_in_record,"the index matched this record on full text, but the queried name does not appear in the retrieved title or abstract",check the full text before treating this record as subject evidence,Integrated Fecal Microbiome and Metabolomics Reveals a Novel Potential Biomarker for Predicting Tibial Dyschondroplasia in Chickens,https://europepmc.org/article/MED/35634144
doi:10.3389/fphys.2025.1677194,subject_name_not_located_in_record,"the index matched this record on full text, but the queried name does not appear in the retrieved title or abstract",check the full text before treating this record as subject evidence,Comprehensive analysis of risk factors and metabolic profiling in preclinical atherosclerosis: a cross-sectional study,https://europepmc.org/article/MED/41245272
doi:10.3389/fpls.2022.997292,subject_name_not_located_in_record,"the index matched this record on full text, but the queried name does not appear in the retrieved title or abstract",check the full text before treating this record as subject evidence,Root exudates and rhizosphere soil bacterial relationships of Nitraria tangutorum are linked to k-strategists bacterial community under salt stress,https://europepmc.org/article/MED/36119572
doi:10.3389/fpls.2026.1771042,subject_name_not_located_in_record,"the index matched this record on full text, but the queried name does not appear in the retrieved title or abstract",check the full text before treating this record as subject evidence,A Moringa oleifera -based formulation for growth and mitigation of drought stress in tomato plants,https://europepmc.org/article/MED/41907745
doi:10.3389/jpps.2024.12568,subject_name_not_located_in_record,"the index matched this record on full text, but the queried name does not appear in the retrieved title or abstract",check the full text before treating this record as subject evidence,Lipotoxicity as a therapeutic target in obesity and diabetic cardiomyopathy,https://europepmc.org/article/MED/38706718
doi:10.3390/ani15223272,subject_name_not_located_in_record,"the index matched this record on full text, but the queried name does not appear in the retrieved title or abstract",check the full text before treating this record as subject evidence,Physiological Responses to Thermal Stress in the Liver of Gymnocypris eckloni Revealed by Multi-Omics,https://europepmc.org/article/MED/41301980
doi:10.3390/antiox12081488,subject_name_not_located_in_record,"the index matched this record on full text, but the queried name does not appear in the retrieved title or abstract",check the full text before treating this record as subject evidence,Physical Activity as a Modern Intervention in the Fight against Obesity-Related Inflammation in Type 2 Diabetes Mellitus and Gestational Diabetes,https://europepmc.org/article/MED/37627482
doi:10.3390/antiox13111377,subject_name_not_located_in_record,"the index matched this record on full text, but the queried name does not appear in the retrieved title or abstract",check the full text before treating this record as subject evidence,Cecal Microbial Diversity and Metabolome Reveal a Reduction in Growth Due to Oxidative Stress Caused by a Low-Energy Diet in Donkeys,https://europepmc.org/article/MED/39594519
doi:10.3390/biology10100944,subject_name_not_located_in_record,"the index matched this record on full text, but the queried name does not appear in the retrieved title or abstract",check the full text before treating this record as subject evidence,Metabolomics in Retinal Diseases: An Update,https://europepmc.org/article/MED/34681043
doi:10.3390/biom13081170,subject_name_not_located_in_record,"the index matched this record on full text, but the queried name does not appear in the retrieved title or abstract",check the full text before treating this record as subject evidence,Physical Exercise and Appetite Regulation: New Insights,https://europepmc.org/article/MED/37627235
doi:10.3390/biom14101241,subject_name_not_located_in_record,"the index matched this record on full text, but the queried name does not appear in the retrieved title or abstract",check the full text before treating this record as subject evidence,"Exercise, Neuroprotective Exerkines, and Parkinson's Disease: A Narrative Review",https://europepmc.org/article/MED/39456173
doi:10.3390/biom15101474,subject_name_not_located_in_record,"the index matched this record on full text, but the queried name does not appear in the retrieved title or abstract",check the full text before treating this record as subject evidence,Metabolomics in the Context of Exercise in Subjects with Multimorbidity: A Pilot Study,https://europepmc.org/article/MED/41154704
doi:10.3390/brainsci13010049,subject_name_not_located_in_record,"the index matched this record on full text, but the queried name does not appear in the retrieved title or abstract",check the full text before treating this record as subject evidence,Lactate-Mediated Signaling in the Brain-An Update,https://europepmc.org/article/MED/36672031
doi:10.3390/brainsci9070156,subject_name_not_located_in_record,"the index matched this record on full text, but the queried name does not appear in the retrieved title or abstract",check the full text before treating this record as subject evidence,Neural State Monitoring in the Treatment of Epilepsy: Seizure Prediction-Conceptualization to First-In-Man Study,https://europepmc.org/article/MED/31266223
doi:10.3390/clinpract14060206,subject_name_not_located_in_record,"the index matched this record on full text, but the queried name does not appear in the retrieved title or abstract",check the full text before treating this record as subject evidence,Body Composition Changes and Factors Influencing the Total Weight Loss Rate After Laparoscopic Sleeve Gastrectomy,https://europepmc.org/article/MED/39727794
doi:10.3390/diagnostics15030327,subject_name_not_located_in_record,"the index matched this record on full text, but the queried name does not appear in the retrieved title or abstract",check the full text before treating this record as subject evidence,Wearables in Chronomedicine and Interpretation of Circadian Health,https://europepmc.org/article/MED/39941257
doi:10.3390/foods13223529,subject_name_not_located_in_record,"the index matched this record on full text, but the queried name does not appear in the retrieved title or abstract",check the full text before treating this record as subject evidence,"Probiotic, Postbiotic, and Paraprobiotic Effects of Lactobacillus rhamnosus as a Modulator of Obesity-Associated Factors",https://europepmc.org/article/MED/39593945
doi:10.3390/foods14020193,subject_name_not_located_in_record,"the index matched this record on full text, but the queried name does not appear in the retrieved title or abstract",check the full text before treating this record as subject evidence,Studies on Quality Deterioration and Metabolomic Changes in Oysters Induced by Spoilage Bacteria During Chilled Storage,https://europepmc.org/article/MED/39856860
doi:10.3390/foods14213803,subject_name_not_located_in_record,"the index matched this record on full text, but the queried name does not appear in the retrieved title or abstract",check the full text before treating this record as subject evidence,Lactiplantibacillus plantarum Z45 from Sour Soup Improves Flavor and Safety of Fermented Corn: Insights from Genomic and Metabolomic Approaches,https://europepmc.org/article/MED/41227772
doi:10.3390/ijms20133360,subject_name_not_located_in_record,"the index matched this record on full text, but the queried name does not appear in the retrieved title or abstract",check the full text before treating this record as subject evidence,Metabolomic Studies of Tissue Injury in Nonhuman Primates Exposed to Gamma-Radiation,https://europepmc.org/article/MED/31323921
doi:10.3390/ijms23063193,subject_name_not_located_in_record,"the index matched this record on full text, but the queried name does not appear in the retrieved title or abstract",check the full text before treating this record as subject evidence,Investigating the Short Peptidome Profile of Italian Dry-Cured Ham at Different Processing Times by High-Resolution Mass Spectrometry and Chemometrics,https://europepmc.org/article/MED/35328611
doi:10.3390/ijms24021168,subject_name_not_located_in_record,"the index matched this record on full text, but the queried name does not appear in the retrieved title or abstract",check the full text before treating this record as subject evidence,UPLC-Q-TOF/MS-Based Metabolomics Approach Reveals Osthole Intervention in Breast Cancer 4T1 Cells,https://europepmc.org/article/MED/36674685
doi:10.3390/ijms241512259,subject_name_not_located_in_record,"the index matched this record on full text, but the queried name does not appear in the retrieved title or abstract",check the full text before treating this record as subject evidence,Adipocyte- and Monocyte-Mediated Vicious Circle of Inflammation and Obesity (Review of Cellular and Molecular Mechanisms),https://europepmc.org/article/MED/37569635
doi:10.3390/ijms25010195,subject_name_not_located_in_record,"the index matched this record on full text, but the queried name does not appear in the retrieved title or abstract",check the full text before treating this record as subject evidence,Distinct Metabolic Profiles of Ocular Hypertensives in Response to Hypoxia,https://europepmc.org/article/MED/38203366
doi:10.3390/ijms251810044,subject_name_not_located_in_record,"the index matched this record on full text, but the queried name does not appear in the retrieved title or abstract",check the full text before treating this record as subject evidence,Novel Metabolites Associated with Decreased GFR in Finnish Men: A 12-Year Follow-Up of the METSIM Cohort,https://europepmc.org/article/MED/39337529
doi:10.3390/ijms252011033,subject_name_not_located_in_record,"the index matched this record on full text, but the queried name does not appear in the retrieved title or abstract",check the full text before treating this record as subject evidence,Unveiling the Metabolomic Profile of Oily Sensitive Skin: A Non-Invasive Approach,https://europepmc.org/article/MED/39456816
doi:10.3390/ijms26157171,subject_name_not_located_in_record,"the index matched this record on full text, but the queried name does not appear in the retrieved title or abstract",check the full text before treating this record as subject evidence,Metabolomics and Lipidomics Explore Phenotype-Specific Molecular Signatures for Phenylketonuria,https://europepmc.org/article/MED/40806304
doi:10.3390/ijms26189211,subject_name_not_located_in_record,"the index matched this record on full text, but the queried name does not appear in the retrieved title or abstract",check the full text before treating this record as subject evidence,An Emerging Paradigm for ABCC5/MRP5 Function in Human Physiology,https://europepmc.org/article/MED/41009771
doi:10.3390/ijms262210864,subject_name_not_located_in_record,"the index matched this record on full text, but the queried name does not appear in the retrieved title or abstract",check the full text before treating this record as subject evidence,Unraveling Obesity: A Five-Year Integrative Review of Transcriptomic Data,https://europepmc.org/article/MED/41303351
doi:10.3390/ijms262411808,subject_name_not_located_in_record,"the index matched this record on full text, but the queried name does not appear in the retrieved title or abstract",check the full text before treating this record as subject evidence,Untargeted Metabolomic Study for Urinary Characterization of Adult Patients with Phenylketonuria,https://europepmc.org/article/MED/41465241
doi:10.3390/ijms27031470,subject_name_not_located_in_record,"the index matched this record on full text, but the queried name does not appear in the retrieved title or abstract",check the full text before treating this record as subject evidence,Combined Transcriptomic and Metabolomic Analyses of Low-Temperature Adaptation in Bursaphelenchus xylophilus ,https://europepmc.org/article/MED/41683894
doi:10.3390/metabo11010008,subject_name_not_located_in_record,"the index matched this record on full text, but the queried name does not appear in the retrieved title or abstract",check the full text before treating this record as subject evidence,Using Out-of-Batch Reference Populations to Improve Untargeted Metabolomics for Screening Inborn Errors of Metabolism,https://europepmc.org/article/MED/33375624
doi:10.3390/metabo12090787,subject_name_not_located_in_record,"the index matched this record on full text, but the queried name does not appear in the retrieved title or abstract",check the full text before treating this record as subject evidence,The Roles of Gut Microbiome and Plasma Metabolites in the Associations between ABO Blood Groups and Insulin Homeostasis: The Microbiome and Insulin Longitudinal Evaluation Study (MILES),https://europepmc.org/article/MED/36144194
doi:10.3390/metabo12090804,subject_name_not_located_in_record,"the index matched this record on full text, but the queried name does not appear in the retrieved title or abstract",check the full text before treating this record as subject evidence,Metabolite Changes in Orange Dead Leaf Butterfly Kallima inachus during Ontogeny and Diapause,https://europepmc.org/article/MED/36144209
doi:10.3390/metabo14090479,subject_name_not_located_in_record,"the index matched this record on full text, but the queried name does not appear in the retrieved title or abstract",check the full text before treating this record as subject evidence,Impact of Phenylketonuria on the Serum Metabolome and Plasma Lipidome: A Study in Early-Treated Patients,https://europepmc.org/article/MED/39330486
doi:10.3390/metabo14110589,subject_name_not_located_in_record,"the index matched this record on full text, but the queried name does not appear in the retrieved title or abstract",check the full text before treating this record as subject evidence,Exercise as a Therapeutic Strategy for Obesity: Central and Peripheral Mechanisms,https://europepmc.org/article/MED/39590824
doi:10.3390/metabo15050342,subject_name_not_located_in_record,"the index matched this record on full text, but the queried name does not appear in the retrieved title or abstract",check the full text before treating this record as subject evidence,Lipid Subclasses Differentiate Insulin Resistance by Triglyceride-Glucose Index,https://europepmc.org/article/MED/40422918
doi:10.3390/metabo15060349,subject_name_not_located_in_record,"the index matched this record on full text, but the queried name does not appear in the retrieved title or abstract",check the full text before treating this record as subject evidence,An Integrated Analysis of Transcriptomic and Metabolomic Effects Reveals Insights into Stress Responses in Largemouth Bass ( Micropterus salmoides ) Under MS-222 (Tricaine Methanesulfonate) Exposure,https://europepmc.org/article/MED/40559373
doi:10.3390/metabo16050335,subject_name_not_located_in_record,"the index matched this record on full text, but the queried name does not appear in the retrieved title or abstract",check the full text before treating this record as subject evidence,The Effect of Angiotensin (1-7) on Serum Metabolomics in Obese Type 2 Diabetic Mice,https://europepmc.org/article/MED/42188044
doi:10.3390/metabo6010011,subject_name_not_located_in_record,"the index matched this record on full text, but the queried name does not appear in the retrieved title or abstract",check the full text before treating this record as subject evidence,Evaluation of Cancer Metabolomics Using ex vivo High Resolution Magic Angle Spinning (HRMAS) Magnetic Resonance Spectroscopy (MRS),https://europepmc.org/article/MED/27011205
doi:10.3390/metabo9120289,subject_name_not_located_in_record,"the index matched this record on full text, but the queried name does not appear in the retrieved title or abstract",check the full text before treating this record as subject evidence,Untargeted Metabolomics-Based Screening Method for Inborn Errors of Metabolism using Semi-Automatic Sample Preparation with an UHPLC- Orbitrap-MS Platform,https://europepmc.org/article/MED/31779119
doi:10.3390/microorganisms14030652,subject_name_not_located_in_record,"the index matched this record on full text, but the queried name does not appear in the retrieved title or abstract",check the full text before treating this record as subject evidence,"Effects of Galacto-Oligosaccharide Supplementation on Cecal Microbiota, Phospholipid and Aromatic Amino Acid Metabolism in Mice",https://europepmc.org/article/MED/41900411
doi:10.3390/molecules29235656,subject_name_not_located_in_record,"the index matched this record on full text, but the queried name does not appear in the retrieved title or abstract",check the full text before treating this record as subject evidence,Progress in Lactate Metabolism and Its Regulation via Small Molecule Drugs,https://europepmc.org/article/MED/39683818
doi:10.3390/nu15081853,subject_name_not_located_in_record,"the index matched this record on full text, but the queried name does not appear in the retrieved title or abstract",check the full text before treating this record as subject evidence,Sarcopenia and Cognitive Decline in Older Adults: Targeting the Muscle-Brain Axis,https://europepmc.org/article/MED/37111070
doi:10.3390/nu16213664,subject_name_not_located_in_record,"the index matched this record on full text, but the queried name does not appear in the retrieved title or abstract",check the full text before treating this record as subject evidence,Preparation Process Optimization of Glycolipids from Dendrobium officinale and the Difference in Antioxidant Effects Compared with Ascorbic Acid,https://europepmc.org/article/MED/39519497
doi:10.5114/aoms/203475,subject_name_not_located_in_record,"the index matched this record on full text, but the queried name does not appear in the retrieved title or abstract",check the full text before treating this record as subject evidence,"Mendelian randomization analysis of 1,400 genetically predicted blood metabolites and ovarian cancer risk",https://europepmc.org/article/MED/42305316
doi:10.5312/wjo.v16.i12.110992,subject_name_not_located_in_record,"the index matched this record on full text, but the queried name does not appear in the retrieved title or abstract",check the full text before treating this record as subject evidence,"Intertwined roles of microRNA-155 and metformin in osteoarthritis: Novel potential diagnostic, prognostic, and therapeutic modulators",https://europepmc.org/article/MED/41480503
doi:10.6065/apem.2448218.109,subject_name_not_located_in_record,"the index matched this record on full text, but the queried name does not appear in the retrieved title or abstract",check the full text before treating this record as subject evidence,Myokines and interorgan crosstalk: bridging exercise to health promotion and disease prevention,https://europepmc.org/article/MED/40335041
doi:10.6133/apjcn.202602_35(1).0007,subject_name_not_located_in_record,"the index matched this record on full text, but the queried name does not appear in the retrieved title or abstract",check the full text before treating this record as subject evidence,Causal roles of immune cells and plasma metabolites in esophageal cancer: A Mendelian randomization study with nutritional insights,https://europepmc.org/article/MED/41565233
doi:10.1007/s11306-025-02260-0,unresolved_data_deposition,no repository accession appears in the retrieved bibliographic text; absence here is not evidence of no deposition,check the full-text data availability statement before recording a deposition gap,Exercise intensity determines circulating levels of Lac-Phe and other exerkines: a randomized crossover trial,https://doi.org/10.1007/s11306-025-02260-0
doi:10.1016/j.jcmgh.2025.101558,unresolved_data_deposition,no repository accession appears in the retrieved bibliographic text; absence here is not evidence of no deposition,check the full-text data availability statement before recording a deposition gap,Exercise-induced Metabolite N-lactoyl-phenylalanine Ameliorates Colitis by Inhibiting M1 Macrophage Polarization via the Suppression of the NF-κB Signaling Pathway,https://europepmc.org/article/MED/40562095
doi:10.1016/j.jnutbio.2023.109269,unresolved_data_deposition,no repository accession appears in the retrieved bibliographic text; absence here is not evidence of no deposition,check the full-text data availability statement before recording a deposition gap,"Trans-10, cis-12 conjugated linoleic acid- and caloric restriction-mediated upregulation of CNDP2 expression in white adipose tissue in rodents, with implications in feeding and obesity",https://europepmc.org/article/MED/36641073
doi:10.1016/j.mcpro.2023.100601,unresolved_data_deposition,no repository accession appears in the retrieved bibliographic text; absence here is not evidence of no deposition,check the full-text data availability statement before recording a deposition gap,Plasma Proteomic Kinetics in Response to Acute Exercise,https://europepmc.org/article/MED/37343698
doi:10.1038/s41467-024-51174-3,unresolved_data_deposition,no repository accession appears in the retrieved bibliographic text; absence here is not evidence of no deposition,check the full-text data availability statement before recording a deposition gap,SLC17A1/3 transporters mediate renal excretion of Lac-Phe in mice and humans,https://europepmc.org/article/MED/39134528
doi:10.1038/s41586-022-04828-5,unresolved_data_deposition,no repository accession appears in the retrieved bibliographic text; absence here is not evidence of no deposition,check the full-text data availability statement before recording a deposition gap,An exercise-inducible metabolite that suppresses feeding and obesity,https://europepmc.org/article/MED/35705806
doi:10.1038/s42255-025-01377-9,unresolved_data_deposition,no repository accession appears in the retrieved bibliographic text; absence here is not evidence of no deposition,check the full-text data availability statement before recording a deposition gap,Lac-Phe induces hypophagia by inhibiting AgRP neurons in mice,https://europepmc.org/article/MED/40957996
doi:10.1038/s44321-026-00408-6,unresolved_data_deposition,no repository accession appears in the retrieved bibliographic text; absence here is not evidence of no deposition,check the full-text data availability statement before recording a deposition gap,"The anti-obesogenic metabolite, Lac-Phe, is elevated by metformin treatment in prostate cancer patients",https://europepmc.org/article/MED/41942753
doi:10.1073/pnas.1424638112,unresolved_data_deposition,no repository accession appears in the retrieved bibliographic text; absence here is not evidence of no deposition,check the full-text data availability statement before recording a deposition gap,N-lactoyl-amino acids are ubiquitous metabolites that originate from CNDP2-mediated reverse proteolysis of lactate and amino acids,https://europepmc.org/article/MED/25964343
doi:10.1101/2022.09.07.22279536,unresolved_data_deposition,no repository accession appears in the retrieved bibliographic text; absence here is not evidence of no deposition,check the full-text data availability statement before recording a deposition gap,Exercise-Induced N-Lactoylphenylalanine Predicts Adipose Tissue Loss during Endurance Training in Overweight and Obese Humans,https://doi.org/10.3390/metabo13010015
doi:10.1101/2024.04.18.589815,unresolved_data_deposition,no repository accession appears in the retrieved bibliographic text; absence here is not evidence of no deposition,check the full-text data availability statement before recording a deposition gap,SLC17 transporters mediate renal excretion of Lac-Phe in mice and humans,https://doi.org/10.1101/2024.04.18.589815
doi:10.1101/2025.10.22.683699,unresolved_data_deposition,no repository accession appears in the retrieved bibliographic text; absence here is not evidence of no deposition,check the full-text data availability statement before recording a deposition gap,Exercise intensity modulates the human plasma secretome and interorgan communication,https://europepmc.org/article/PPR/PPR1106168
doi:10.1152/ajpendo.00037.2025,unresolved_data_deposition,no repository accession appears in the retrieved bibliographic text; absence here is not evidence of no deposition,check the full-text data availability statement before recording a deposition gap,Gut lactate increases circulating l-Lac-Phe and key metabolites linked to GLP-1 and human health,https://europepmc.org/article/MED/40418349
doi:10.1186/s12877-025-05832-w,unresolved_data_deposition,no repository accession appears in the retrieved bibliographic text; absence here is not evidence of no deposition,check the full-text data availability statement before recording a deposition gap,"Association between physical activity, trouble sleeping, and obesity among older Americans: a cross-sectional study based on NHANES data from 2007 to 2018",https://europepmc.org/article/MED/40069615
doi:10.1186/s12902-026-02441-5,unresolved_data_deposition,no repository accession appears in the retrieved bibliographic text; absence here is not evidence of no deposition,check the full-text data availability statement before recording a deposition gap,The effect of blood flow restriction training on abdominal visceral fat and plasma N-lactoylphenylalanine among adults with obesity,https://doi.org/10.1186/s12902-026-02441-5
doi:10.1186/s13293-025-00780-x,unresolved_data_deposition,no repository accession appears in the retrieved bibliographic text; absence here is not evidence of no deposition,check the full-text data availability statement before recording a deposition gap,Sexual dimorphism in the serum metabolome following acute exhaustive exercise,https://europepmc.org/article/MED/41199406
doi:10.1186/s40798-026-00989-z,unresolved_data_deposition,no repository accession appears in the retrieved bibliographic text; absence here is not evidence of no deposition,check the full-text data availability statement before recording a deposition gap,"Characterizing Human Oxidative, Anabolic and Glycolytic Metabolism in Athletes with Extreme Physiologies",https://europepmc.org/article/MED/41801539
doi:10.1210/clinem/dgaf296,unresolved_data_deposition,no repository accession appears in the retrieved bibliographic text; absence here is not evidence of no deposition,check the full-text data availability statement before recording a deposition gap,Maternal Physical Activity and Its Relationship to the Human Milk Metabolome and Infant Body Composition,https://europepmc.org/article/MED/40417941
doi:10.1249/mss.0000000000003800,unresolved_data_deposition,no repository accession appears in the retrieved bibliographic text; absence here is not evidence of no deposition,check the full-text data availability statement before recording a deposition gap,Dynamic Metabolic Changes Driven by Exercise Intensity in Acute Swimming,https://europepmc.org/article/MED/40601479
doi:10.1371/journal.pone.0288996,unresolved_data_deposition,no repository accession appears in the retrieved bibliographic text; absence here is not evidence of no deposition,check the full-text data availability statement before recording a deposition gap,Responsiveness to endurance training can be partly explained by the number of favorable single nucleotide polymorphisms an individual possesses,https://europepmc.org/article/MED/37471354
doi:10.23937/2378-3672/1410077,unresolved_data_deposition,no repository accession appears in the retrieved bibliographic text; absence here is not evidence of no deposition,check the full-text data availability statement before recording a deposition gap,Lac-Phe: An Exercise Induced Metabolite with Immunomodulatory Potential in Inflammatory Diseases,https://doi.org/10.23937/2378-3672/1410077
doi:10.3389/fendo.2023.1289574,unresolved_data_deposition,no repository accession appears in the retrieved bibliographic text; absence here is not evidence of no deposition,check the full-text data availability statement before recording a deposition gap,The effect of blood flow restriction exercise on N-lactoylphenylalanine and appetite regulation in obese adults: a cross-design study,https://doi.org/10.3389/fendo.2023.1289574
doi:10.3389/fphys.2023.1143966,unresolved_data_deposition,no repository accession appears in the retrieved bibliographic text; absence here is not evidence of no deposition,check the full-text data availability statement before recording a deposition gap,Distinct microRNA and protein profiles of extracellular vesicles secreted from myotubes from morbidly obese donors with type 2 diabetes in response to electrical pulse stimulation,https://europepmc.org/article/MED/37064893
doi:10.3389/fphys.2025.1677194,unresolved_data_deposition,no repository accession appears in the retrieved bibliographic text; absence here is not evidence of no deposition,check the full-text data availability statement before recording a deposition gap,Comprehensive analysis of risk factors and metabolic profiling in preclinical atherosclerosis: a cross-sectional study,https://europepmc.org/article/MED/41245272
doi:10.3389/fspor.2025.1600714,unresolved_data_deposition,no repository accession appears in the retrieved bibliographic text; absence here is not evidence of no deposition,check the full-text data availability statement before recording a deposition gap,"Proof-of-concept of a prior validated LC-MS/MS method for detection of N-lactoyl-phenylalanine in dried blood spots before, during and after a performance diagnostic test of junior squad triathletes",https://doi.org/10.3389/fspor.2025.1600714
doi:10.3390/antiox15040441,unresolved_data_deposition,no repository accession appears in the retrieved bibliographic text; absence here is not evidence of no deposition,check the full-text data availability statement before recording a deposition gap,The Emerging Role of N-Lactoyl-Phenylalanine (Lac-Phe) in Metabolic Regulation and Disease: From Exercise-Induced Metabolite to Therapeutic Candidate,https://doi.org/10.3390/antiox15040441
doi:10.3390/biom15101474,unresolved_data_deposition,no repository accession appears in the retrieved bibliographic text; absence here is not evidence of no deposition,check the full-text data availability statement before recording a deposition gap,Metabolomics in the Context of Exercise in Subjects with Multimorbidity: A Pilot Study,https://europepmc.org/article/MED/41154704
doi:10.35630/2026/16/iss.1.003,unresolved_data_deposition,no repository accession appears in the retrieved bibliographic text; absence here is not evidence of no deposition,check the full-text data availability statement before recording a deposition gap,Exercise-induced N-lactoyl-phenylalanine and its potential role in appetite regulation and obesity,https://doi.org/10.35630/2026/16/iss.1.003
doi:10.35630/2026/16/iss.1.033,unresolved_data_deposition,no repository accession appears in the retrieved bibliographic text; absence here is not evidence of no deposition,check the full-text data availability statement before recording a deposition gap,Exercise-induced N-lactoyl-phenylalanine and its potential role in appetite regulation and obesity,https://doi.org/10.35630/2026/16/iss.1.033
doi:10.5114/biolsport.2025.145912,unresolved_data_deposition,no repository accession appears in the retrieved bibliographic text; absence here is not evidence of no deposition,check the full-text data availability statement before recording a deposition gap,N-Lactoyl amino acids as metabolic biomarkers differentiating low and high exercise response,https://europepmc.org/article/MED/40182705
doi:10.1002/dmrr.70060/v1/review1,unscreenable_record,retrieved record carries no abstract and no decisive title signal,obtain full text or exclude explicitly; do not treat as screened-out,"Review for ""N-Lactoyl Amino Acids: Emerging Biomarkers in Metabolism and Disease""",https://doi.org/10.1002/dmrr.70060/v1/review1
doi:10.1002/dmrr.70060/v1/review2,unscreenable_record,retrieved record carries no abstract and no decisive title signal,obtain full text or exclude explicitly; do not treat as screened-out,"Review for ""N-Lactoyl Amino Acids: Emerging Biomarkers in Metabolism and Disease""",https://doi.org/10.1002/dmrr.70060/v1/review2
doi:10.1002/dmrr.70060/v1/review3,unscreenable_record,retrieved record carries no abstract and no decisive title signal,obtain full text or exclude explicitly; do not treat as screened-out,"Review for ""N-Lactoyl Amino Acids: Emerging Biomarkers in Metabolism and Disease""",https://doi.org/10.1002/dmrr.70060/v1/review3
doi:10.1002/dmrr.70060/v2/decision1,unscreenable_record,retrieved record carries no abstract and no decisive title signal,obtain full text or exclude explicitly; do not treat as screened-out,"Decision letter for ""N-Lactoyl Amino Acids: Emerging Biomarkers in Metabolism and Disease""",https://doi.org/10.1002/dmrr.70060/v2/decision1
doi:10.1002/hsr2.70067,unscreenable_record,retrieved record carries no abstract and no decisive title signal,obtain full text or exclude explicitly; do not treat as screened-out,The effects of acute aerobic exercise on appetite-regulating parameters and energy intake in males with obesity,https://europepmc.org/article/MED/39263536
doi:10.1007/978-3-540-71095-0_5776,unscreenable_record,retrieved record carries no abstract and no decisive title signal,obtain full text or exclude explicitly; do not treat as screened-out,Lactoyl Methylsilanol Elastinate,https://doi.org/10.1007/978-3-540-71095-0_5776
doi:10.1007/978-3-540-71095-0_5777,unscreenable_record,retrieved record carries no abstract and no decisive title signal,obtain full text or exclude explicitly; do not treat as screened-out,Lactoyl Phytosphingosine,https://doi.org/10.1007/978-3-540-71095-0_5777
doi:10.1007/978-3-642-86605-0_178,unscreenable_record,retrieved record carries no abstract and no decisive title signal,obtain full text or exclude explicitly; do not treat as screened-out,Lactoyl-CoA dehydratase,https://doi.org/10.1007/978-3-642-86605-0_178
doi:10.1007/s10557-026-07858-7,unscreenable_record,retrieved record carries no abstract and no decisive title signal,obtain full text or exclude explicitly; do not treat as screened-out,"N-Lac-Phe Ameliorates Myocardial Cell Death by Improving Mitochondrial Dysfunction, Ultimately Improving TAC-induced Heart Failure",https://doi.org/10.1007/s10557-026-07858-7
doi:10.1007/s11428-022-00958-6,unscreenable_record,retrieved record carries no abstract and no decisive title signal,obtain full text or exclude explicitly; do not treat as screened-out,Lac-Phe: Ansatz für die nächste Klasse von Adipositasmedikamenten?,https://doi.org/10.1007/s11428-022-00958-6
doi:10.1016/j.ajcnut.2026.101262,unscreenable_record,retrieved record carries no abstract and no decisive title signal,obtain full text or exclude explicitly; do not treat as screened-out,"Muscle movement and metabolism: exercise and skeletal muscle as mediators of health-a report from the 26th Annual Harvard Nutrition Obesity Symposium, 2025",https://europepmc.org/article/MED/41812769
doi:10.1016/j.bioflm.2024.100201,unscreenable_record,retrieved record carries no abstract and no decisive title signal,obtain full text or exclude explicitly; do not treat as screened-out,New insights into the antibiofilm activity and mechanism of Mannosylerythritol Lipid-A against Listeria monocytogenes EGD-e,https://europepmc.org/article/MED/38779407
doi:10.1016/j.bios.2025.117149,unscreenable_record,retrieved record carries no abstract and no decisive title signal,obtain full text or exclude explicitly; do not treat as screened-out,Rapid indirect detection of N-lactoyl-phenylalanine using dual DNA biosensors based on solution-gated graphene field-effect transistor,https://europepmc.org/article/MED/39818180
doi:10.1016/j.cmet.2022.07.007,unscreenable_record,retrieved record carries no abstract and no decisive title signal,obtain full text or exclude explicitly; do not treat as screened-out,Outrunning obesity with Lac-Phe?,https://europepmc.org/article/MED/35921816
doi:10.1016/j.dmpk.2025.101424,unscreenable_record,retrieved record carries no abstract and no decisive title signal,obtain full text or exclude explicitly; do not treat as screened-out,Implication of H+/peptide transporters (PEPTS) on uptake of N-lactoylphenylalanine (LAC-PHE) in the intestinal and renal epithelial cells,https://doi.org/10.1016/j.dmpk.2025.101424
doi:10.1016/j.ebiom.2024.105507,unscreenable_record,retrieved record carries no abstract and no decisive title signal,obtain full text or exclude explicitly; do not treat as screened-out,Untargeted metabolome atlas for sleep-related phenotypes in the Hispanic community health study/study of Latinos,https://europepmc.org/article/MED/39693737
doi:10.1016/j.fochx.2025.102706,unscreenable_record,retrieved record carries no abstract and no decisive title signal,obtain full text or exclude explicitly; do not treat as screened-out,Effect of Lactobacillus plantarum 1243 fermentation on quality properties and metabolome of Aronia melanocarpa (Michx . ) elliott juice,https://europepmc.org/article/MED/40672877
doi:10.1016/j.fochx.2025.102947,unscreenable_record,retrieved record carries no abstract and no decisive title signal,obtain full text or exclude explicitly; do not treat as screened-out,"Preparation of N-succinyl-L-tryptophan: investigating its sweetness-enhancing effects and mechanisms on sucrose and high-intensity sweeteners through sensory evaluation, electronic tongue, and molecular simulation",https://europepmc.org/article/MED/40917124
doi:10.1016/j.fochx.2025.103195,unscreenable_record,retrieved record carries no abstract and no decisive title signal,obtain full text or exclude explicitly; do not treat as screened-out,"Study on the physicochemical properties, biological activities and metabolic profile alterations of jujube juice fermented by Lactiplantibacillus plantarum ",https://europepmc.org/article/MED/41235058
doi:10.1016/j.foodres.2025.116893,unscreenable_record,retrieved record carries no abstract and no decisive title signal,obtain full text or exclude explicitly; do not treat as screened-out,"Two lactic acid bacteria strains isolated from naturally fermented foods improves physicochemical quality, antioxidant capacity, shelf life stability and metabolic profiles of Dangshan pear (Pyrus spp.) juice",https://europepmc.org/article/MED/40790634
doi:10.1016/j.foodres.2026.118860,unscreenable_record,retrieved record carries no abstract and no decisive title signal,obtain full text or exclude explicitly; do not treat as screened-out,The cheese of Xilingol: A comparative study on microbial diversity and metabolic profiles across typical and meadow steppes,https://europepmc.org/article/MED/41895941
doi:10.1016/j.jbc.2025.110602,unscreenable_record,retrieved record carries no abstract and no decisive title signal,obtain full text or exclude explicitly; do not treat as screened-out,Class I histone deacetylases catalyze lysine lactylation,https://europepmc.org/article/MED/40835008
doi:10.1016/j.jcmgh.2025.101643,unscreenable_record,retrieved record carries no abstract and no decisive title signal,obtain full text or exclude explicitly; do not treat as screened-out,From Muscle to Macrophage: An Anti-inflammatory Role for the Metabolite N-lactoyl-phenylalanine in Inflammatory Bowel Disease,https://doi.org/10.1016/j.jcmgh.2025.101643
doi:10.1016/j.psj.2026.107043,unscreenable_record,retrieved record carries no abstract and no decisive title signal,obtain full text or exclude explicitly; do not treat as screened-out,Dietary supplementation with Cuscuta chinensis improves ovarian function and production performance in aged laying hens via modulation of steroid hormone biosynthesis and gut microbiota,https://europepmc.org/article/MED/42184744
doi:10.1016/j.tem.2024.05.007,unscreenable_record,retrieved record carries no abstract and no decisive title signal,obtain full text or exclude explicitly; do not treat as screened-out,Lac-Phe (N-lactoyl-phenylalanine),https://doi.org/10.1016/j.tem.2024.05.007
doi:10.1017/erm.2022.13,unscreenable_record,retrieved record carries no abstract and no decisive title signal,obtain full text or exclude explicitly; do not treat as screened-out,Systematic review of preterm birth multi-omic biomarker studies,https://europepmc.org/article/MED/35379367
doi:10.1021/acs.analchem.3c03620,unscreenable_record,retrieved record carries no abstract and no decisive title signal,obtain full text or exclude explicitly; do not treat as screened-out,MARS: A Multipurpose Software for Untargeted LC-MS-Based Metabolomics and Exposomics,https://europepmc.org/article/MED/38236168
doi:10.1021/acs.analchem.5c07657.s001,unscreenable_record,retrieved record carries no abstract and no decisive title signal,obtain full text or exclude explicitly; do not treat as screened-out,Discovery of Novel Lactoyl-Metabolites by Integrating Chemical Isotope Labeling and Knowledge-Based Prediction,https://doi.org/10.1021/acs.analchem.5c07657.s001
doi:10.1021/acs.jafc.2c00530,unscreenable_record,retrieved record carries no abstract and no decisive title signal,obtain full text or exclude explicitly; do not treat as screened-out,Preparation and Taste Characteristics of Kokumi N -Lactoyl Phenylalanine in the Presence of Phenylalanine and Lactate,https://doi.org/10.1021/acs.jafc.2c00530
doi:10.1021/acs.jafc.4c07158,unscreenable_record,retrieved record carries no abstract and no decisive title signal,obtain full text or exclude explicitly; do not treat as screened-out,Comparative Analysis of N -Lactoyl-phenylalanine and 3-Phenyllactic Acid Production in Lactic Acid Bacteria from Kimchi: Metabolic Insights and Influencing Factors,https://europepmc.org/article/MED/39606886
doi:10.1021/acs.jafc.5c09731,unscreenable_record,retrieved record carries no abstract and no decisive title signal,obtain full text or exclude explicitly; do not treat as screened-out,"Improving the Taste of Low-Salt Soy Sauce by Acid-Acyl Amino Acids: Sensory Characterization, Biosynthesis, and Molecular Mechanisms",https://europepmc.org/article/MED/41123099
doi:10.1021/acs.jpcb.2c08576.s001,unscreenable_record,retrieved record carries no abstract and no decisive title signal,obtain full text or exclude explicitly; do not treat as screened-out,"Self-Assembly of Phenylalanine-Leucine, Leucine-Phenylalanine and Cyclo(-leucine-phenylalanine) Dipeptides through Simulations and Experiments",https://doi.org/10.1021/acs.jpcb.2c08576.s001
doi:10.1021/acsbiomaterials.0c00660.s001,unscreenable_record,retrieved record carries no abstract and no decisive title signal,obtain full text or exclude explicitly; do not treat as screened-out,Self-Assembled Fmoc-Arg-Phe-Phe Peptide Gels with Highly Potent Bactericidal Activities,https://doi.org/10.1021/acsbiomaterials.0c00660.s001
doi:10.1021/acscatal.6b01495.s001,unscreenable_record,retrieved record carries no abstract and no decisive title signal,obtain full text or exclude explicitly; do not treat as screened-out,Ground-State Destabilization by Phe-448 and Phe-449 Contributes to Tyrosine Phenol-Lyase Catalysis,https://doi.org/10.1021/acscatal.6b01495.s001
doi:10.1021/acsnano.0c06041.s001,unscreenable_record,retrieved record carries no abstract and no decisive title signal,obtain full text or exclude explicitly; do not treat as screened-out,Heterochirality and Halogenation Control Phe-Phe Hierarchical Assembly,https://doi.org/10.1021/acsnano.0c06041.s001
doi:10.1021/acsomega.2c06351,unscreenable_record,retrieved record carries no abstract and no decisive title signal,obtain full text or exclude explicitly; do not treat as screened-out,"Importance of Solvent-Bridged Structures of Fluorinated Diphenylalanines: Synthesis, Detailed NMR Analysis, and Rotational Profiles of Phe(2-F)-Phe(2-F), Phe(2-F)-Phe, and Phe-Phe(2-F)",https://doi.org/10.1021/acsomega.2c06351
doi:10.1021/acsomega.2c06351.s001,unscreenable_record,retrieved record carries no abstract and no decisive title signal,obtain full text or exclude explicitly; do not treat as screened-out,"Importance of Solvent-Bridged Structures of Fluorinated Diphenylalanines: Synthesis, Detailed NMR Analysis, and Rotational Profiles of Phe(2-F)-Phe(2-F), Phe(2-F)-Phe, and Phe-Phe(2-F)",https://doi.org/10.1021/acsomega.2c06351.s001
doi:10.1038/s41574-024-00986-w,unscreenable_record,retrieved record carries no abstract and no decisive title signal,obtain full text or exclude explicitly; do not treat as screened-out,Metformin acts through appetite-suppressing metabolite: Lac-Phe,https://doi.org/10.1038/s41574-024-00986-w
doi:10.1038/s41589-025-01909-0,unscreenable_record,retrieved record carries no abstract and no decisive title signal,obtain full text or exclude explicitly; do not treat as screened-out,Reactivity-based metabolomics reveal cysteine has glyoxalase 1-like and glyoxalase 2-like activities,https://europepmc.org/article/MED/40437135
doi:10.1038/s42003-023-05266-3,unscreenable_record,retrieved record carries no abstract and no decisive title signal,obtain full text or exclude explicitly; do not treat as screened-out,Plasma metabolomic profiling in two rabbit lines divergently selected for intramuscular fat content,https://europepmc.org/article/MED/37653068
doi:10.1038/s42255-024-01014-x,unscreenable_record,retrieved record carries no abstract and no decisive title signal,obtain full text or exclude explicitly; do not treat as screened-out,Metformin induces a Lac-Phe gut–brain signalling axis,https://doi.org/10.1038/s42255-024-01014-x
doi:10.1038/s43856-026-01471-3,unscreenable_record,retrieved record carries no abstract and no decisive title signal,obtain full text or exclude explicitly; do not treat as screened-out,Metformin provides superior neuroprotective potential compared to semaglutide in preventing diabetes-associated Alzheimer's disease via dual actions,https://europepmc.org/article/MED/41760788
doi:10.1039/d5an00262a/v1/review1,unscreenable_record,retrieved record carries no abstract and no decisive title signal,obtain full text or exclude explicitly; do not treat as screened-out,"Review for ""Broadband terahertz signatures and vibrations of Phe-Phe peptide and its fibrils""",https://doi.org/10.1039/d5an00262a/v1/review1
doi:10.1039/d5an00262a/v1/review2,unscreenable_record,retrieved record carries no abstract and no decisive title signal,obtain full text or exclude explicitly; do not treat as screened-out,"Review for ""Broadband terahertz signatures and vibrations of Phe-Phe peptide and its fibrils""",https://doi.org/10.1039/d5an00262a/v1/review2
doi:10.1039/d5an00262a/v2/review1,unscreenable_record,retrieved record carries no abstract and no decisive title signal,obtain full text or exclude explicitly; do not treat as screened-out,"Review for ""Broadband terahertz signatures and vibrations of Phe-Phe peptide and its fibrils""",https://doi.org/10.1039/d5an00262a/v2/review1
doi:10.1073/pnas.76.9.4530,unscreenable_record,retrieved record carries no abstract and no decisive title signal,obtain full text or exclude explicitly; do not treat as screened-out,Lactose genes fused to exogenous promoters in one step using a Mu-lac bacteriophage: in vivo probe for transcriptional control sequences,https://europepmc.org/article/MED/159458
doi:10.1073/pnas.78.11.7024,unscreenable_record,retrieved record carries no abstract and no decisive title signal,obtain full text or exclude explicitly; do not treat as screened-out,Alternate pathways of DNA replication: DNA polymerase I-dependent replication,https://europepmc.org/article/MED/7031666
doi:10.1073/pnas.82.9.3020,unscreenable_record,retrieved record carries no abstract and no decisive title signal,obtain full text or exclude explicitly; do not treat as screened-out,Natural history of restricted synthesis and expression of measles virus genes in subacute sclerosing panencephalitis,https://europepmc.org/article/MED/3857631
doi:10.1093/emboj/cdf369,unscreenable_record,retrieved record carries no abstract and no decisive title signal,obtain full text or exclude explicitly; do not treat as screened-out,Replication fork collapse at replication terminator sequences,https://europepmc.org/article/MED/12110601
doi:10.1093/genetics/118.4.571,unscreenable_record,retrieved record carries no abstract and no decisive title signal,obtain full text or exclude explicitly; do not treat as screened-out,A mutation affecting the regulation of a secA-lacZ fusion defines a new sec gene,https://europepmc.org/article/MED/3284784
doi:10.1093/genetics/122.4.737,unscreenable_record,retrieved record carries no abstract and no decisive title signal,obtain full text or exclude explicitly; do not treat as screened-out,Recombination between homologies in direct and inverse orientation in the chromosome of Salmonella: intervals which are nonpermissive for inversion formation,https://europepmc.org/article/MED/2547692
doi:10.1093/lifemeta/load048,unscreenable_record,retrieved record carries no abstract and no decisive title signal,obtain full text or exclude explicitly; do not treat as screened-out,Size matters: the biochemical logic of ligand type in endocrine crosstalk,https://europepmc.org/article/MED/38425548
doi:10.1093/nar/5.5.1501,unscreenable_record,retrieved record carries no abstract and no decisive title signal,obtain full text or exclude explicitly; do not treat as screened-out,The interconversion of conformers of phenylalanyl-tRNA with different affinity to 70S ribosomes of Escherichia coli,https://europepmc.org/article/MED/351562
doi:10.1093/oxfordjournals.jbchem.a121901,unscreenable_record,retrieved record carries no abstract and no decisive title signal,obtain full text or exclude explicitly; do not treat as screened-out,Isomerization of 6-Lactoyl Tetraliydropterin by Sepiapterin Reductase1,https://doi.org/10.1093/oxfordjournals.jbchem.a121901
doi:10.1111/dom.16633/v1/decision1,unscreenable_record,retrieved record carries no abstract and no decisive title signal,obtain full text or exclude explicitly; do not treat as screened-out,"Decision letter for ""N-lactoyl amino acids are potential biomarkers for insulin resistance and diabetic complications""",https://doi.org/10.1111/dom.16633/v1/decision1
doi:10.1111/dom.16633/v1/review1,unscreenable_record,retrieved record carries no abstract and no decisive title signal,obtain full text or exclude explicitly; do not treat as screened-out,"Review for ""N-lactoyl amino acids are potential biomarkers for insulin resistance and diabetic complications""",https://doi.org/10.1111/dom.16633/v1/review1
doi:10.1111/dom.16633/v1/review2,unscreenable_record,retrieved record carries no abstract and no decisive title signal,obtain full text or exclude explicitly; do not treat as screened-out,"Review for ""N-lactoyl amino acids are potential biomarkers for insulin resistance and diabetic complications""",https://doi.org/10.1111/dom.16633/v1/review2
doi:10.1111/dom.16633/v1/review3,unscreenable_record,retrieved record carries no abstract and no decisive title signal,obtain full text or exclude explicitly; do not treat as screened-out,"Review for ""N-lactoyl amino acids are potential biomarkers for insulin resistance and diabetic complications""",https://doi.org/10.1111/dom.16633/v1/review3
doi:10.1111/dom.16633/v2/decision1,unscreenable_record,retrieved record carries no abstract and no decisive title signal,obtain full text or exclude explicitly; do not treat as screened-out,"Decision letter for ""N-lactoyl amino acids are potential biomarkers for insulin resistance and diabetic complications""",https://doi.org/10.1111/dom.16633/v2/decision1
doi:10.1124/jpet.368.968610,unscreenable_record,retrieved record carries no abstract and no decisive title signal,obtain full text or exclude explicitly; do not treat as screened-out,A new signalling metabolite? Characterizing N-Lactotyl-phenylalanine (Lac-Phe) activation of G protein-coupled receptors (GPCRs),https://doi.org/10.1124/jpet.368.968610
doi:10.1128/aac.23.2.278,unscreenable_record,retrieved record carries no abstract and no decisive title signal,obtain full text or exclude explicitly; do not treat as screened-out,Genetic transfer of antimicrobial resistance and enterotoxigenicity among Escherichia coli strains,https://europepmc.org/article/MED/6340604
doi:10.1128/aem.40.1.84-91.1980,unscreenable_record,retrieved record carries no abstract and no decisive title signal,obtain full text or exclude explicitly; do not treat as screened-out,Conjugal transfer of genetic information in group N streptococci,https://europepmc.org/article/MED/6773476
doi:10.1128/aem.54.11.2877-2880.1988,unscreenable_record,retrieved record carries no abstract and no decisive title signal,obtain full text or exclude explicitly; do not treat as screened-out,Delivery system for creation of one-step in vivo lac gene fusions in Pseudomonas spp. involved in biological control,https://europepmc.org/article/MED/2850764
doi:10.1128/iai.41.3.1056-1061.1983,unscreenable_record,retrieved record carries no abstract and no decisive title signal,obtain full text or exclude explicitly; do not treat as screened-out,Synthesis of plasmid-coded heat-labile enterotoxin in wild-type and hypertoxinogenic strains of Escherichia coli and in other genera of Enterobacteriaceae,https://europepmc.org/article/MED/6350177
doi:10.1128/jb.132.3.870-875.1977,unscreenable_record,retrieved record carries no abstract and no decisive title signal,obtain full text or exclude explicitly; do not treat as screened-out,Characterization of fusions between the lac operon and the ilv gene cluster in Escherichia coli: ilvC-lac fusions,https://europepmc.org/article/MED/336610
doi:10.1128/jb.139.1.71-79.1979,unscreenable_record,retrieved record carries no abstract and no decisive title signal,obtain full text or exclude explicitly; do not treat as screened-out,Genetics and regulation of D-xylose utilization in Salmonella typhimurium LT2,https://europepmc.org/article/MED/222732
doi:10.1128/jb.143.1.506-509.1980,unscreenable_record,retrieved record carries no abstract and no decisive title signal,obtain full text or exclude explicitly; do not treat as screened-out,lac Thiogalactoside transacetylase of Escherichia coli K-12 and ML,https://europepmc.org/article/MED/6995445
doi:10.1128/jb.143.3.1325-1331.1980,unscreenable_record,retrieved record carries no abstract and no decisive title signal,obtain full text or exclude explicitly; do not treat as screened-out,Isolation of ara-lac gene fusions in Salmonella typhimurium LT2 by using transducing bacteriophage Mu d (Apr lac),https://europepmc.org/article/MED/6773928
doi:10.1128/jb.146.1.260-268.1981,unscreenable_record,retrieved record carries no abstract and no decisive title signal,obtain full text or exclude explicitly; do not treat as screened-out,"General method, using Mu-Mud1 dilysogens, to determine the direction of transcription of and generate deletions in the glnA region of Escherichia coli",https://europepmc.org/article/MED/6111550
doi:10.1128/jb.146.1.93-101.1981,unscreenable_record,retrieved record carries no abstract and no decisive title signal,obtain full text or exclude explicitly; do not treat as screened-out,Use of bacteriophage transposon Mu d1 to determine the orientation for three proC-linked phosphate-starvation-inducible (psi) genes in Escherichia coli K-12,https://europepmc.org/article/MED/6260750
doi:10.1128/jb.151.3.1346-1357.1982,unscreenable_record,retrieved record carries no abstract and no decisive title signal,obtain full text or exclude explicitly; do not treat as screened-out,Regulation of adenylate cyclase synthesis in Escherichia coli: studies with cya-lac operon and protein fusion strains,https://europepmc.org/article/MED/6286596
doi:10.1128/jb.172.6.3485-3489.1990,unscreenable_record,retrieved record carries no abstract and no decisive title signal,obtain full text or exclude explicitly; do not treat as screened-out,"High-frequency, site-specific recombination between lactococcal and pAM beta 1 plasmid DNAs",https://europepmc.org/article/MED/2111809
doi:10.1128/jb.173.1.16-22.1991,unscreenable_record,retrieved record carries no abstract and no decisive title signal,obtain full text or exclude explicitly; do not treat as screened-out,Fnr mutants that activate gene expression in the presence of oxygen,https://europepmc.org/article/MED/1898918
doi:10.1128/jb.173.14.4424-4432.1991,unscreenable_record,retrieved record carries no abstract and no decisive title signal,obtain full text or exclude explicitly; do not treat as screened-out,Mutational analysis of nitrate regulatory gene narL in Escherichia coli K-12,https://europepmc.org/article/MED/2066339
doi:10.1128/jb.174.20.6634-6643.1992,unscreenable_record,retrieved record carries no abstract and no decisive title signal,obtain full text or exclude explicitly; do not treat as screened-out,Autogenous regulation of ethanolamine utilization by a transcriptional activator of the eut operon in Salmonella typhimurium,https://europepmc.org/article/MED/1328159
doi:10.1128/jb.174.9.2881-2890.1992,unscreenable_record,retrieved record carries no abstract and no decisive title signal,obtain full text or exclude explicitly; do not treat as screened-out,Amino acid substitutions in the CytR repressor which alter its capacity to regulate gene expression,https://europepmc.org/article/MED/1569019
doi:10.1128/jb.174.9.3004-3010.1992,unscreenable_record,retrieved record carries no abstract and no decisive title signal,obtain full text or exclude explicitly; do not treat as screened-out,Site-specific proteolysis of mini-F plasmid replication protein RepE destroys initiator function and generates an incompatibility substance,https://europepmc.org/article/MED/1569028
doi:10.1128/jb.175.6.1767-1776.1993,unscreenable_record,retrieved record carries no abstract and no decisive title signal,obtain full text or exclude explicitly; do not treat as screened-out,A genetic analysis of various functions of the TyrR protein of Escherichia coli,https://europepmc.org/article/MED/8449883
doi:10.1128/jb.179.6.2047-2052.1997,unscreenable_record,retrieved record carries no abstract and no decisive title signal,obtain full text or exclude explicitly; do not treat as screened-out,Transposition without transposase: a spontaneous mutation in bacteria,https://europepmc.org/article/MED/9068653
doi:10.1128/spectrum.03557-25,unscreenable_record,retrieved record carries no abstract and no decisive title signal,obtain full text or exclude explicitly; do not treat as screened-out,Marine exometabolites correlate with benthic fungal diversity and community structure in the South China Sea,https://europepmc.org/article/MED/42023975
doi:10.1155/anu/8260382,unscreenable_record,retrieved record carries no abstract and no decisive title signal,obtain full text or exclude explicitly; do not treat as screened-out,"Growth Performance and Intestinal Health of Triploid Rainbow Trout ( Oncorhynchus mykiss ) Through Bile Acid Supplementation in Low Fishmeal Diets: Insights From Metabolomics, Microbiota, and Gene Expression",https://europepmc.org/article/MED/41798293
doi:10.1177/15598276221146125,unscreenable_record,retrieved record carries no abstract and no decisive title signal,obtain full text or exclude explicitly; do not treat as screened-out,The Power and Connection of the Six Pillars,https://europepmc.org/article/MED/36896034
doi:10.1186/s13098-025-01825-2,unscreenable_record,retrieved record carries no abstract and no decisive title signal,obtain full text or exclude explicitly; do not treat as screened-out,Metformin reduces the risk of frailty: evidence from a Mendelian randomization study,https://europepmc.org/article/MED/40551233
doi:10.1515/mr-2025-0030,unscreenable_record,retrieved record carries no abstract and no decisive title signal,obtain full text or exclude explicitly; do not treat as screened-out,Lac-Phe: a central metabolic regulator and biomarker,https://doi.org/10.1515/mr-2025-0030
doi:10.1523/jneurosci.11-03-00740.1991,unscreenable_record,retrieved record carries no abstract and no decisive title signal,obtain full text or exclude explicitly; do not treat as screened-out,Neuropeptides Gly-Asp-Pro-Phe-Leu-Arg-Phe-amide (GDPFLRFamide) and Ser- Asp-Pro-Phe-Leu-Arg-Phe-amide (SDPFLRFamide) are encoded by an exon 3' to Phe-Met-Arg-Phe-NH2 (FMRFamide) in the snail Lymnaea stagnalis,https://doi.org/10.1523/jneurosci.11-03-00740.1991
doi:10.21037/tcr-24-359,unscreenable_record,retrieved record carries no abstract and no decisive title signal,obtain full text or exclude explicitly; do not treat as screened-out,"Unveiling the atlas of associations between 1,400 plasma metabolites and 24 tumors: Mendelian randomization analyses",https://europepmc.org/article/MED/39430859
doi:10.21203/rs.3.rs-4865146/v1,unscreenable_record,retrieved record carries no abstract and no decisive title signal,obtain full text or exclude explicitly; do not treat as screened-out,Rapid detection of N-lactoyl-phenylalanine for exercise evaluation using dual DNA biosensors based on solution-gated graphene field-effect transistor,https://doi.org/10.21203/rs.3.rs-4865146/v1
doi:10.21203/rs.3.rs-9241824/v1,unscreenable_record,retrieved record carries no abstract and no decisive title signal,obtain full text or exclude explicitly; do not treat as screened-out,Genome-wide identification of the GRAS transcription factor family and regulation of metabolites under drought and salt stress in Isatis indigotica,https://europepmc.org/article/PPR/PPR1176897
doi:10.2174/0115701786492436260617164313,unscreenable_record,retrieved record carries no abstract and no decisive title signal,obtain full text or exclude explicitly; do not treat as screened-out,Practical Synthesis of N-Lactoyl-Phenylalanine and Its Isotopically Deuterated Variant Lac-Phe-d5,https://doi.org/10.2174/0115701786492436260617164313
doi:10.2210/pdb6mw2/pdb,unscreenable_record,retrieved record carries no abstract and no decisive title signal,obtain full text or exclude explicitly; do not treat as screened-out,cyclo-Mle-Phe-Mle-D-Phe. D-Phe analogue of pseudoxylallemycin A,https://doi.org/10.2210/pdb6mw2/pdb
doi:10.29104/phi-2018-aqualac,unscreenable_record,retrieved record carries no abstract and no decisive title signal,obtain full text or exclude explicitly; do not treat as screened-out,"Aqua-LAC, vol. 10, no. 1",https://doi.org/10.29104/phi-2018-aqualac
doi:10.29104/phi-aqualac,unscreenable_record,retrieved record carries no abstract and no decisive title signal,obtain full text or exclude explicitly; do not treat as screened-out,Aqua-LAC,https://doi.org/10.29104/phi-aqualac
doi:10.29104/phi-aqualac/2010-v2-1,unscreenable_record,retrieved record carries no abstract and no decisive title signal,obtain full text or exclude explicitly; do not treat as screened-out,"Aqua-LAC, vol. 2, no. 1",https://doi.org/10.29104/phi-aqualac/2010-v2-1
doi:10.29104/phi-aqualac/2010-v2-2,unscreenable_record,retrieved record carries no abstract and no decisive title signal,obtain full text or exclude explicitly; do not treat as screened-out,"Aqua-LAC, vol. 2, no. 2",https://doi.org/10.29104/phi-aqualac/2010-v2-2
doi:10.29104/phi-aqualac/2011-v3-2,unscreenable_record,retrieved record carries no abstract and no decisive title signal,obtain full text or exclude explicitly; do not treat as screened-out,"Aqua-LAC, vol. 3, no. 2",https://doi.org/10.29104/phi-aqualac/2011-v3-2
doi:10.29104/phi-aqualac/2012-v4-1,unscreenable_record,retrieved record carries no abstract and no decisive title signal,obtain full text or exclude explicitly; do not treat as screened-out,"Aqua-LAC, vol. 4, no. 1",https://doi.org/10.29104/phi-aqualac/2012-v4-1
doi:10.29104/phi-aqualac/2012-v4-2,unscreenable_record,retrieved record carries no abstract and no decisive title signal,obtain full text or exclude explicitly; do not treat as screened-out,"Aqua-LAC, vol. 4, no. 2",https://doi.org/10.29104/phi-aqualac/2012-v4-2
doi:10.29104/phi-aqualac/2013-v5-1,unscreenable_record,retrieved record carries no abstract and no decisive title signal,obtain full text or exclude explicitly; do not treat as screened-out,"Aqua-LAC, vol. 5, no. 1",https://doi.org/10.29104/phi-aqualac/2013-v5-1
doi:10.29104/phi-aqualac/2014-v6-1,unscreenable_record,retrieved record carries no abstract and no decisive title signal,obtain full text or exclude explicitly; do not treat as screened-out,"Aqua-LAC, vol. 6, no. 1",https://doi.org/10.29104/phi-aqualac/2014-v6-1
doi:10.29104/phi-aqualac/2014-v6-2,unscreenable_record,retrieved record carries no abstract and no decisive title signal,obtain full text or exclude explicitly; do not treat as screened-out,"Aqua-LAC, vol. 6, no. 2",https://doi.org/10.29104/phi-aqualac/2014-v6-2
doi:10.29104/phi-aqualac/2015-v7-1,unscreenable_record,retrieved record carries no abstract and no decisive title signal,obtain full text or exclude explicitly; do not treat as screened-out,"Aqua-LAC, vol. 7, no. 1",https://doi.org/10.29104/phi-aqualac/2015-v7-1
doi:10.29104/phi-aqualac/2015-v7-2,unscreenable_record,retrieved record carries no abstract and no decisive title signal,obtain full text or exclude explicitly; do not treat as screened-out,"Aqua-LAC, vol. 7, no. 2",https://doi.org/10.29104/phi-aqualac/2015-v7-2
doi:10.29104/phi-aqualac/2016-v8-2,unscreenable_record,retrieved record carries no abstract and no decisive title signal,obtain full text or exclude explicitly; do not treat as screened-out,"Aqua-LAC, vol. 8, no. 2",https://doi.org/10.29104/phi-aqualac/2016-v8-2
doi:10.29104/phi-aqualac/2017-v9-1,unscreenable_record,retrieved record carries no abstract and no decisive title signal,obtain full text or exclude explicitly; do not treat as screened-out,"Aqua-LAC, vol. 9, no. 1",https://doi.org/10.29104/phi-aqualac/2017-v9-1
doi:10.29104/phi-aqualac/2017-v9-2,unscreenable_record,retrieved record carries no abstract and no decisive title signal,obtain full text or exclude explicitly; do not treat as screened-out,"Aqua-LAC, vol. 9, no. 2",https://doi.org/10.29104/phi-aqualac/2017-v9-2
doi:10.29104/phi-aqualac/2018-v10-2,unscreenable_record,retrieved record carries no abstract and no decisive title signal,obtain full text or exclude explicitly; do not treat as screened-out,"Aqua-LAC, vol. 10, no. 2",https://doi.org/10.29104/phi-aqualac/2018-v10-2
doi:10.29104/phi-aqualac/2020-v12-2,unscreenable_record,retrieved record carries no abstract and no decisive title signal,obtain full text or exclude explicitly; do not treat as screened-out,"Aqua-LAC, vol. 12, no. 2",https://doi.org/10.29104/phi-aqualac/2020-v12-2
doi:10.31003/uspnf_m64020_05_01,unscreenable_record,retrieved record carries no abstract and no decisive title signal,obtain full text or exclude explicitly; do not treat as screened-out,Phenylalanine,https://doi.org/10.31003/uspnf_m64020_05_01
doi:10.3389/ebm.2026.10867,unscreenable_record,retrieved record carries no abstract and no decisive title signal,obtain full text or exclude explicitly; do not treat as screened-out,Metabolomics-guided identification of bioactive phytometabolites from South African plants targeting neuroblastoma,https://europepmc.org/article/MED/41868600
doi:10.3389/fcell.2022.977960,unscreenable_record,retrieved record carries no abstract and no decisive title signal,obtain full text or exclude explicitly; do not treat as screened-out,"Integrated analysis of transcriptomics, proteomics and metabolomics data reveals the role of SLC39A1 in renal cell carcinoma",https://europepmc.org/article/MED/36407113
doi:10.3389/fendo.2022.886351,unscreenable_record,retrieved record carries no abstract and no decisive title signal,obtain full text or exclude explicitly; do not treat as screened-out,Comparative Metabolomics and Lipidomics of Four Juvenoids Application to Scylla paramamosain Hepatopancreas: Implications of Lipid Metabolism During Ovarian Maturation,https://europepmc.org/article/MED/35574001
doi:10.3389/fendo.2024.1359502,unscreenable_record,retrieved record carries no abstract and no decisive title signal,obtain full text or exclude explicitly; do not treat as screened-out,Causal association of circulating metabolites with diabetic retinopathy: a bidirectional Mendelian randomization analysis,https://europepmc.org/article/MED/38800471
doi:10.3389/fimmu.2024.1510887,unscreenable_record,retrieved record carries no abstract and no decisive title signal,obtain full text or exclude explicitly; do not treat as screened-out,Immune and physiological responses in Penaeus monodon to ammonia-N stress: a multi-omics approach,https://europepmc.org/article/MED/39720717
doi:10.3389/fnut.2022.1056598,unscreenable_record,retrieved record carries no abstract and no decisive title signal,obtain full text or exclude explicitly; do not treat as screened-out,Ultraperformance liquid chromatography-quadrupole time-of-flight mass spectrometry based untargeted metabolomics to reveal the characteristics of Dictyophora rubrovolvata from different drying methods,https://europepmc.org/article/MED/36519000
doi:10.3389/fphar.2025.1549834,unscreenable_record,retrieved record carries no abstract and no decisive title signal,obtain full text or exclude explicitly; do not treat as screened-out,Metabolomic and lipidomic profiling of traditional Chinese medicine Testudinis Carapax et Plastrum and its substitutes,https://europepmc.org/article/MED/40206067
doi:10.3389/fphys.2022.887207,unscreenable_record,retrieved record carries no abstract and no decisive title signal,obtain full text or exclude explicitly; do not treat as screened-out,Integrated Fecal Microbiome and Metabolomics Reveals a Novel Potential Biomarker for Predicting Tibial Dyschondroplasia in Chickens,https://europepmc.org/article/MED/35634144
doi:10.3389/fpls.2022.997292,unscreenable_record,retrieved record carries no abstract and no decisive title signal,obtain full text or exclude explicitly; do not treat as screened-out,Root exudates and rhizosphere soil bacterial relationships of Nitraria tangutorum are linked to k-strategists bacterial community under salt stress,https://europepmc.org/article/MED/36119572
doi:10.3389/fpls.2026.1771042,unscreenable_record,retrieved record carries no abstract and no decisive title signal,obtain full text or exclude explicitly; do not treat as screened-out,A Moringa oleifera -based formulation for growth and mitigation of drought stress in tomato plants,https://europepmc.org/article/MED/41907745
doi:10.3390/ani15223272,unscreenable_record,retrieved record carries no abstract and no decisive title signal,obtain full text or exclude explicitly; do not treat as screened-out,Physiological Responses to Thermal Stress in the Liver of Gymnocypris eckloni Revealed by Multi-Omics,https://europepmc.org/article/MED/41301980
doi:10.3390/antiox13111377,unscreenable_record,retrieved record carries no abstract and no decisive title signal,obtain full text or exclude explicitly; do not treat as screened-out,Cecal Microbial Diversity and Metabolome Reveal a Reduction in Growth Due to Oxidative Stress Caused by a Low-Energy Diet in Donkeys,https://europepmc.org/article/MED/39594519
doi:10.3390/biom13081170,unscreenable_record,retrieved record carries no abstract and no decisive title signal,obtain full text or exclude explicitly; do not treat as screened-out,Physical Exercise and Appetite Regulation: New Insights,https://europepmc.org/article/MED/37627235
doi:10.3390/foods14020193,unscreenable_record,retrieved record carries no abstract and no decisive title signal,obtain full text or exclude explicitly; do not treat as screened-out,Studies on Quality Deterioration and Metabolomic Changes in Oysters Induced by Spoilage Bacteria During Chilled Storage,https://europepmc.org/article/MED/39856860
doi:10.3390/foods14213803,unscreenable_record,retrieved record carries no abstract and no decisive title signal,obtain full text or exclude explicitly; do not treat as screened-out,Lactiplantibacillus plantarum Z45 from Sour Soup Improves Flavor and Safety of Fermented Corn: Insights from Genomic and Metabolomic Approaches,https://europepmc.org/article/MED/41227772
doi:10.3390/ijms23063193,unscreenable_record,retrieved record carries no abstract and no decisive title signal,obtain full text or exclude explicitly; do not treat as screened-out,Investigating the Short Peptidome Profile of Italian Dry-Cured Ham at Different Processing Times by High-Resolution Mass Spectrometry and Chemometrics,https://europepmc.org/article/MED/35328611
doi:10.3390/ijms24021168,unscreenable_record,retrieved record carries no abstract and no decisive title signal,obtain full text or exclude explicitly; do not treat as screened-out,UPLC-Q-TOF/MS-Based Metabolomics Approach Reveals Osthole Intervention in Breast Cancer 4T1 Cells,https://europepmc.org/article/MED/36674685
doi:10.3390/ijms27031470,unscreenable_record,retrieved record carries no abstract and no decisive title signal,obtain full text or exclude explicitly; do not treat as screened-out,Combined Transcriptomic and Metabolomic Analyses of Low-Temperature Adaptation in Bursaphelenchus xylophilus ,https://europepmc.org/article/MED/41683894
doi:10.3390/metabo12090804,unscreenable_record,retrieved record carries no abstract and no decisive title signal,obtain full text or exclude explicitly; do not treat as screened-out,Metabolite Changes in Orange Dead Leaf Butterfly Kallima inachus during Ontogeny and Diapause,https://europepmc.org/article/MED/36144209
doi:10.3390/metabo14080433,unscreenable_record,retrieved record carries no abstract and no decisive title signal,obtain full text or exclude explicitly; do not treat as screened-out,Deciphering Blood Flow Restriction Training to Aid Lipid Lowering in Obese College Students through Untargeted Metabolomics,https://europepmc.org/article/MED/39195529
doi:10.3390/metabo15060349,unscreenable_record,retrieved record carries no abstract and no decisive title signal,obtain full text or exclude explicitly; do not treat as screened-out,An Integrated Analysis of Transcriptomic and Metabolomic Effects Reveals Insights into Stress Responses in Largemouth Bass ( Micropterus salmoides ) Under MS-222 (Tricaine Methanesulfonate) Exposure,https://europepmc.org/article/MED/40559373
doi:10.4103/agingadv.agingadv-d-24-00011,unscreenable_record,retrieved record carries no abstract and no decisive title signal,obtain full text or exclude explicitly; do not treat as screened-out,N-lactoyl phenylalanine suppresses appetite and obesity with important implications for aging and age-related diseases,https://doi.org/10.4103/agingadv.agingadv-d-24-00011
doi:10.4172/2169-0138.1000106,unscreenable_record,retrieved record carries no abstract and no decisive title signal,obtain full text or exclude explicitly; do not treat as screened-out,"Conformational Search on the Tripeptides Structure by Molecular Dynamics: Study of L,L-Gly-Phe-Phe, L,L-Phe-Gly-Phe, and L,L-Phe-Phe-Gly",https://doi.org/10.4172/2169-0138.1000106
doi:10.47684/jcd.2026.02.28.2.87,unscreenable_record,retrieved record carries no abstract and no decisive title signal,obtain full text or exclude explicitly; do not treat as screened-out,N-lactoyl-phenylalanine (Lac-Phe): Biosynthetic Mechanisms and Exercise Responses—Implications for Anti-Obesity Effects and Exercise-Based Weight Management Interventions,https://doi.org/10.47684/jcd.2026.02.28.2.87
doi:10.53354/acs.cat-26-1609203-01-cat-w25.pc.gr.246534,unscreenable_record,retrieved record carries no abstract and no decisive title signal,obtain full text or exclude explicitly; do not treat as screened-out,,https://doi.org/10.53354/acs.cat-26-1609203-01-cat-w25.pc.gr.246534
doi:10.58275/aha.26post1558814.pc.gr.240430,unscreenable_record,retrieved record carries no abstract and no decisive title signal,obtain full text or exclude explicitly; do not treat as screened-out,,https://doi.org/10.58275/aha.26post1558814.pc.gr.240430
doi:10.58275/aha.26post1562706.pc.gr.240401,unscreenable_record,retrieved record carries no abstract and no decisive title signal,obtain full text or exclude explicitly; do not treat as screened-out,,https://doi.org/10.58275/aha.26post1562706.pc.gr.240401
doi:10.7754/clin.lab.2024.241016,unscreenable_record,retrieved record carries no abstract and no decisive title signal,obtain full text or exclude explicitly; do not treat as screened-out,The Exercise-Induced Appetite Suppressor N-Lactoyl-Phenylalanine is Linked with Glucose Metabolism,https://doi.org/10.7754/clin.lab.2024.241016
pmcid:PMC10910816,unscreenable_record,retrieved record carries no abstract and no decisive title signal,obtain full text or exclude explicitly; do not treat as screened-out,Advances in secondary prevention mechanisms of macrovascular complications in type 2 diabetes mellitus patients: a comprehensive review,https://europepmc.org/article/PMC/PMC10910816
pmcid:PMC12545697,unscreenable_record,retrieved record carries no abstract and no decisive title signal,obtain full text or exclude explicitly; do not treat as screened-out,SUN-684 Anti-Obesity Effects of HSYA through Inducing Lac-Phe and Inhibiting GIP,https://europepmc.org/article/PMC/PMC12545697
pmcid:PMC13297830,unscreenable_record,retrieved record carries no abstract and no decisive title signal,obtain full text or exclude explicitly; do not treat as screened-out,Metabolic and Flavor Dynamic Changes in Aronia melanocarpa Juice During Fermentation and 90-Day Storage,https://europepmc.org/article/PMC/PMC13297830
pmcid:PMC13299722,unscreenable_record,retrieved record carries no abstract and no decisive title signal,obtain full text or exclude explicitly; do not treat as screened-out,Metabolic Reprogramming-Driven Cardiovascular Immune Damage: From Glyco-Lipotoxicity and Epigenetic Memory to Multidimensional Cross-Organ Communication Networks,https://europepmc.org/article/PMC/PMC13299722
pmid:1108604,unscreenable_record,retrieved record carries no abstract and no decisive title signal,obtain full text or exclude explicitly; do not treat as screened-out,Changes in the biochemical properties of Shigella flexneri la as a result of recombination with Escherichia coli K12,https://europepmc.org/article/MED/1108604
title:two lactic acid bacteria strains isolated from naturally fermented foods improves physicochemical quality antioxidant capacity shelf life stability and metabolic profiles of dangshan pear pyrus spp juice|2025,unscreenable_record,retrieved record carries no abstract and no decisive title signal,obtain full text or exclude explicitly; do not treat as screened-out,"Two lactic acid bacteria strains isolated from naturally fermented foods improves physicochemical quality, antioxidant capacity, shelf life stability and metabolic profiles of Dangshan pear (Pyrus spp.) juice",https://europepmc.org/article/AGR/IND609229685
