metabolite,refmet_name,log2fc,p_value,fdr,platform,neg_log10_p
Alloisoleucine [metab-u-hilicpos],Alloisoleucine,4.26030212641535,1.59805650690069e-180,5.59319777415242e-178,metab-u-hilicpos,179.7964078682002
Monoethylglycinexylidide [metab-u-hilicpos],Monoethylglycinexylidide,8.72100456658246,7.762373923670551e-110,1.35841543664235e-107,metab-u-hilicpos,109.11000544056078
CAR 4:0;OH [metab-u-hilicpos],CAR 4:0;OH,1.83595194160088,8.09841414256642e-80,9.44814983299416e-78,metab-u-hilicpos,79.09160001773402
CAR 6:0;OH [metab-u-hilicpos],CAR 6:0;OH,1.12456366572562,3.1501288880651703e-52,2.75636277705703e-50,metab-u-hilicpos,51.50167167661346
CAR(9:0) [metab-u-rppos],CAR(9:0),-1.25101314091956,1.0527854292675901e-44,1.97923660702307e-42,metab-u-rppos,43.977660134399265
CAR 2:0 [metab-u-hilicpos],CAR 2:0,0.551319535888101,3.1465977667308096e-40,2.20261843671157e-38,metab-u-hilicpos,39.5021587699098
CAR 16:0 [metab-u-hilicpos],CAR 16:0,0.422496628071436,4.76751432082352e-39,2.78105002048039e-37,metab-u-hilicpos,38.321707993731295
KET [metab-t-conv],KET,1.83657672377944,9.11885971507509e-39,4.55942985753754e-38,metab-t-conv,38.040059465444855
Car(3:0) [metab-u-lrppos],Car(3:0),-0.488679178920801,6.56485922421102e-37,4.11616673358031e-34,metab-u-lrppos,36.18277458241591
CAR 3:0 [metab-u-hilicpos],CAR 3:0,-0.441452594959983,5.7497996510666294e-36,2.8748998255333098e-34,metab-u-hilicpos,35.24034728782378
CAR 18:1 [metab-u-hilicpos],CAR 18:1,0.540848203808046,1.69161588596823e-33,7.40081950111101e-32,metab-u-hilicpos,32.77169824504562
Methyl 3-hydroxybenzoate [metab-u-rpneg],Methyl 3-hydroxybenzoate,3.13995464252324,1.7751341561625901e-31,1.8106368392858398e-29,metab-u-rpneg,30.75076881946554
CAR 9:0 [metab-u-hilicpos],CAR 9:0,-1.09565479991127,3.48112859872215e-31,1.35377223283639e-29,metab-u-hilicpos,30.45827993285366
2-Hydroxybutyric acid [metab-u-rpneg],2-Hydroxybutyric acid,1.49750586205278,5.72366779657064e-31,2.91907057625103e-29,metab-u-rpneg,30.24232558076534
Car(2:0) [metab-u-lrppos],Car(2:0),0.579706832170807,6.61879618733207e-29,2.0749926047286e-26,metab-u-lrppos,28.17922099194093
3-Hydroxybutyric acid [metab-u-rpneg],3-Hydroxybutyric acid,0.625309829745685,6.81595051654155e-27,2.3174231756241303e-25,metab-u-rpneg,26.16647357118604
Car(18:2)_isomer2 [metab-u-lrppos],Car(18:2)_isomer2,0.881109472903493,9.29506397781494e-27,1.94266837136332e-24,metab-u-lrppos,26.031747616638036
N-Oleoyl glycine [metab-u-hilicpos],N-Oleoyl glycine,0.727572417664609,1.0958234852161799e-26,3.8353821982566204e-25,metab-u-hilicpos,25.960259396189596
LPC(14:0)>LPC(0:0/14:0) [metab-u-lrppos],LPC(14:0)>LPC(0:0/14:0),-0.324054805206973,6.21103083453472e-26,8.21837455296741e-24,metab-u-lrppos,25.206836314703082
Car(18:0-OH) [metab-u-lrppos],Car(18:0-OH),0.395591845423979,7.37405301333706e-26,8.21837455296741e-24,metab-u-lrppos,25.132293744500856
PI(38:3) [metab-u-lrppos],PI(38:3),0.232237788601541,7.864473256428139e-26,8.21837455296741e-24,metab-u-lrppos,25.104330360070247
Car(18:1) [metab-u-lrppos],Car(18:1),0.371693269990125,2.30999338860664e-25,2.06909407808052e-23,metab-u-lrppos,24.636389263093033
LPC 18:2 [metab-u-hilicpos],LPC 18:2,-0.315003941946735,3.78234019530811e-24,1.20347188032531e-22,metab-u-hilicpos,23.42223941195302
PI(40:5) [metab-u-lrppos],PI(40:5),0.244916366392719,1.4353359304458202e-23,1.12494453548691e-21,metab-u-lrppos,22.843046443414313
LPC(18:2)_isomer2 [metab-u-lrpneg],LPC(18:2)_isomer2,-0.386603633857465,5.86317285522475e-23,1.58891984376591e-20,metab-u-lrpneg,22.231867301966716
Tyrosine [metab-t-amines],Tyrosine,-0.224936036709997,1.0736715494089e-22,3.97258473281292e-21,metab-t-amines,21.969128554851984
CAR 16:2 [metab-u-hilicpos],CAR 16:2,0.927645726476889,1.3836185385536001e-22,4.03555407078132e-21,metab-u-hilicpos,21.85898362767994
CAR 14:0 [metab-u-hilicpos],CAR 14:0,0.543605288530131,9.13910871169434e-22,2.46052926853309e-20,metab-u-hilicpos,21.03909615661489
PI(38:4) [metab-u-lrppos],PI(38:4),0.22947097408051,9.28423030665623e-22,6.46801378030384e-20,metab-u-lrppos,21.032254094878187
CAR 14:1 [metab-u-hilicpos],CAR 14:1,0.795062933403088,3.6003319228871e-21,9.000829807217761e-20,metab-u-hilicpos,20.443657458779043
Car(14:1)_isomer1 [metab-u-lrppos],Car(14:1)_isomer1,0.737610611143985,4.42509787638469e-21,2.7745363684931998e-19,metab-u-lrppos,20.354077118931425
PE(36:1) [metab-u-lrppos],PE(36:1),-0.464799772551096,9.61902597174908e-21,5.482844803896981e-19,metab-u-lrppos,20.016868902651506
Bilirubin [metab-u-rppos],Bilirubin,1.23328288324804,1.0073834575438301e-20,9.46940450091196e-19,metab-u-rppos,19.996805185061014
FA 24:4 [metab-u-lrpneg],FA 24:4,0.388595839187609,1.0741336136716e-20,1.4554510465250099e-18,metab-u-lrpneg,19.968941692499552
TG(44:2) [metab-u-lrppos],TG(44:2),-1.03113728209855,1.63560031463404e-20,8.54601164396288e-19,metab-u-lrppos,19.786322814574163
TG(42:1) [metab-u-lrppos],TG(42:1),-1.28316456835411,2.41343104803547e-20,1.1462406955065399e-18,metab-u-lrppos,19.61736510450449
Cer(d41:2)>Cer(d18:2/23:0) [metab-u-lrppos],Cer(d41:2)>Cer(d18:2/23:0),0.208871670796412,2.55938911277377e-20,1.1462406955065399e-18,metab-u-lrppos,19.591863681801833
Chenodeoxycholic acid\Deoxycholic acid [metab-u-rpneg],Chenodeoxycholic acid\Deoxycholic acid,-1.08003400366465,1.5278803554066801e-19,3.89609490628704e-18,metab-u-rpneg,18.81591065297308
TG(42:2) [metab-u-lrppos],TG(42:2),-1.09143638604767,2.2351864667896903e-19,9.34307943118092e-18,metab-u-lrppos,18.65068624071108
TG(44:1) [metab-u-lrppos],TG(44:1),-0.98596404216822,4.0345190574677e-19,1.5810271556451602e-17,metab-u-lrppos,18.394208228757726
Protocatechuic acid [metab-u-rpneg],Protocatechuic acid,-0.637784535291349,8.4450620895013e-19,1.7227926662582702e-17,metab-u-rpneg,18.07339715307596
CAR 14:2 [metab-u-hilicpos],CAR 14:2,0.772998511430501,1.1127612584134899e-18,2.3708953873767202e-17,metab-u-hilicpos,17.95359800302871
CAR DC6:0 [metab-u-hilicpos],CAR DC6:0,0.292502389703296,1.13453513617869e-18,2.3708953873767202e-17,metab-u-hilicpos,17.945182049614015
LPC 20:5 [metab-u-hilicpos],LPC 20:5,-0.263564663942137,1.1546933559259499e-18,2.3708953873767202e-17,metab-u-hilicpos,17.93753333309715
LPE 22:6 [metab-u-hilicpos],LPE 22:6,0.376356101872741,1.21931762779374e-18,2.3708953873767202e-17,metab-u-hilicpos,17.91388314751566
CAR 18:2 [metab-u-hilicpos],CAR 18:2,0.458480189926204,1.39955303490572e-18,2.4657902255972102e-17,metab-u-hilicpos,17.85401063965549
N-Acetyl-D-tryptophan [metab-u-hilicpos],N-Acetyl-D-tryptophan,-0.433133774165327,1.4090229860555499e-18,2.4657902255972102e-17,metab-u-hilicpos,17.85108192198244
Car(16:0) [metab-u-lrppos],Car(16:0),0.257145312256558,1.48788934803088e-18,5.2134964084629104e-17,metab-u-lrppos,17.827429365380507
LPC(18:2)>LPC(0:0/18:2) [metab-u-lrppos],LPC(18:2)>LPC(0:0/18:2),-0.453835081106718,1.4966975335300199e-18,5.2134964084629104e-17,metab-u-lrppos,17.82486595703247
Threonine [metab-t-amines],Threonine,-0.197110363667173,1.88175564733417e-18,3.48124794756822e-17,metab-t-amines,17.72543677193119
Heptadecanedioic acid [metab-u-rpneg],Heptadecanedioic acid,0.83030883641224,2.41697462346989e-18,4.10885685989881e-17,metab-u-rpneg,17.616727909354392
Car(14:0) [metab-u-lrppos],Car(14:0),0.46203572241745,4.41617330113332e-18,1.4573371893739899e-16,metab-u-lrppos,17.35495389219708
Hyodeoxycholic acid [metab-u-rpneg],Hyodeoxycholic acid,-0.909142550078805,4.9324761342296495e-18,7.18732236702034e-17,metab-u-rpneg,17.30693500740318
TG(56:2) [metab-u-lrppos],TG(56:2),-0.619655593052617,5.47026618488944e-18,1.71492844896284e-16,metab-u-lrppos,17.261991540245003
PI(40:6) [metab-u-lrppos],PI(40:6),0.299735400933091,6.7363931690651896e-18,2.0112945319066099e-16,metab-u-lrppos,17.171572573204898
TG(46:4) [metab-u-lrppos],TG(46:4),-0.743007516924557,1.62429408161785e-17,4.62923813261088e-16,metab-u-lrppos,16.789335338111243
Hippuric acid [metab-u-rppos],Hippuric acid,-0.960828136654936,3.03538995261378e-17,1.9021777036379702e-15,metab-u-rppos,16.517785507755267
Proline [metab-t-amines],Proline,-0.188361112712572,3.8513521186776604e-17,4.75000094636911e-16,metab-t-amines,16.414386773195552
PC(36:4)_isomer1 [metab-u-lrppos],PC(36:4)_isomer1,-0.356323539052852,1.21473448247524e-16,3.2554410121457404e-15,metab-u-lrppos,15.915518640088312
TG(40:0) [metab-u-lrppos],TG(40:0),-1.38402861577482,1.2461018228309e-16,3.2554410121457404e-15,metab-u-lrppos,15.904446468682611
Aminobutyric acid [metab-u-hilicpos],Aminobutyric acid,0.242539178749729,1.30552648076087e-16,2.17587746793478e-15,metab-u-hilicpos,15.884214314701484
CAR(4:0)_rp_a [metab-u-rppos],CAR(4:0)_rp_a,-0.604954033663567,1.4997642855389399e-16,7.048892142033041e-15,metab-u-rppos,15.823976992633591
Leucine [metab-u-hilicpos],Leucine,0.146765252992406,1.84655232328086e-16,2.9376968779468303e-15,metab-u-hilicpos,15.733638381817387
Car(14:2)_isomer1 [metab-u-lrppos],Car(14:2)_isomer1,0.665183888898106,2.09122637245563e-16,5.2447957421187206e-15,metab-u-lrppos,15.679598952841317
Tryptophan [metab-u-hilicpos],Tryptophan,-0.200778587476513,2.33734266794065e-16,3.55682579904011e-15,metab-u-hilicpos,15.631277612859648
Tryptophan [metab-t-amines],Tryptophan,-0.224783750252922,3.70154202652774e-16,3.4239263745381502e-15,metab-t-amines,15.431617315365806
LPC(18:2)>LPC(18:2/0:0) [metab-u-lrppos],LPC(18:2)>LPC(18:2/0:0),-0.427060649917383,4.20062673408301e-16,1.01299729318079e-14,metab-u-lrppos,15.3766859079717
TG(42:0)>TG(12:0_14:0_16:0) [metab-u-lrppos],TG(42:0)>TG(12:0_14:0_16:0),-1.16802602971805,6.01639063838673e-16,1.3971396038031401e-14,metab-u-lrppos,15.220663973183038
N-6-Trimethyllysine [metab-u-hilicpos],N-6-Trimethyllysine,-0.309082241764003,7.16275450423492e-16,1.0445683652009301e-14,metab-u-hilicpos,15.1449199335661
N-Myristoylglycine [metab-u-hilicpos],N-Myristoylglycine,0.256646314157466,7.679581077550029e-16,1.075141350857e-14,metab-u-hilicpos,15.11466247015997
TG(50:6) [metab-u-lrppos],TG(50:6),-0.543614457763045,9.88136303787492e-16,2.21271950883842e-14,metab-u-lrppos,15.005183144582587
FA 22:2 [metab-u-lrpneg],FA 22:2,0.420977429619896,1.0882548296352601e-15,9.83056862770514e-14,metab-u-lrpneg,14.96326939678321
SM 18:1;O2/18:1 [metab-u-hilicpos],SM 18:1;O2/18:1,0.181492142544833,1.1062216641338701e-15,1.48914454787252e-14,metab-u-hilicpos,14.956157840604092
Tryptophan [metab-u-ionpneg],Tryptophan,-0.391157261159655,1.1842559159730301e-15,7.2239610874355e-14,metab-u-ionpneg,14.926554437068214
Tryptophan [metab-u-rppos],Tryptophan,-0.258720174378364,1.62267713760602e-15,6.101266037398641e-14,metab-u-rppos,14.789767882702817
4-Hydroxy-3-methylacetophenone [metab-u-hilicpos],4-Hydroxy-3-methylacetophenone,0.540449510613634,1.73710988519891e-15,2.25180911044303e-14,metab-u-hilicpos,14.760172708308172
TG(44:3) [metab-u-lrppos],TG(44:3),-0.817910739011314,2.3309854358176903e-15,5.03975126985411e-14,metab-u-lrppos,14.632460439977395
SM 18:1;O2/19:1 [metab-u-hilicpos],SM 18:1;O2/19:1,0.205621448819038,3.9547754654392606e-15,4.7794166476809e-14,metab-u-hilicpos,14.402878168775377
Hippuric acid [metab-u-hilicpos],Hippuric acid,-0.891037914589612,3.96008807950703e-15,4.7794166476809e-14,metab-u-hilicpos,14.402295154473865
Car(4:0) [metab-u-lrppos],Car(4:0),-0.325605101457317,4.1716159385641506e-15,8.71867731159908e-14,metab-u-lrppos,14.379695681894626
Car(14:0-OH) [metab-u-lrppos],Car(14:0-OH),0.380528886351382,4.466033787884541e-15,9.03291350001164e-14,metab-u-lrppos,14.350077995586949
gamma-Glutamyltyrosine [metab-u-rppos],gamma-Glutamyltyrosine,-0.406829293984595,4.7487747896384e-15,1.4879494340867e-13,metab-u-rppos,14.323418426319547
Car(14:1-OH) [metab-u-lrppos],Car(14:1-OH),0.60657464812013,6.2092902363537606e-15,1.21663280568556e-13,metab-u-lrppos,14.206958039767327
Threonine [metab-u-ionpneg],Threonine,-0.201128704767079,6.3581657844452e-15,1.93924056425579e-13,metab-u-ionpneg,14.196668152367916
Car(16:3) [metab-u-lrppos],Car(16:3),0.467304350136942,6.50152263066987e-15,1.23528929982728e-13,metab-u-lrppos,14.18698492140969
Tryptophan [metab-u-rpneg],Tryptophan,-0.378930968905415,6.8975348957248005e-15,8.10872541238024e-14,metab-u-rpneg,14.161306093678443
Hydroxydecanoic acid [metab-u-rpneg],Hydroxydecanoic acid,-0.494355146905566,7.154757716806101e-15,8.10872541238024e-14,metab-u-rpneg,14.145405068268389
DMGV [metab-u-hilicpos],DMGV,-0.428872086313,8.000897496841041e-15,9.33438041298122e-14,metab-u-hilicpos,14.096861293500156
1-Methyl nicotinamide [metab-u-hilicpos],1-Methyl nicotinamide,0.611018901950427,8.441716342521581e-15,9.530970064137271e-14,metab-u-hilicpos,14.073569245044359
TG(46:2) [metab-u-lrppos],TG(46:2),-0.580064861314533,1.02541058874245e-14,1.89097776218094e-13,metab-u-lrppos,13.989102202198259
Trigonelline [metab-u-hilicpos],Trigonelline,-0.588867359081821,1.48294386467133e-14,1.62196985198426e-13,metab-u-hilicpos,13.828875288435476
TG(54:1)>TG(18:0_18:0_18:1)_and_TG(16:1_18:0_20:0)_and_TG(16:0_18:0_20:1) [metab-u-lrppos],TG(54:1)>TG(18:0_18:0_18:1)_and_TG(16:1_18:0_20:0)_and_TG(16:0_18:0_20:1),-0.612391595013346,1.8185360655602102e-14,3.25777746601787e-13,metab-u-lrppos,13.740278081511404
TG(48:3)_isomer1 [metab-u-lrppos],TG(48:3)_isomer1,-0.446081520616836,2.2378750192005402e-14,3.89763232510762e-13,metab-u-lrppos,13.65016417159998
Methionine sulfoxide [metab-u-hilicpos],Methionine sulfoxide,-0.325779986985779,2.93442690701586e-14,3.0319253482741e-13,metab-u-hilicpos,13.53247670375989
TG 44:2 [metab-u-hilicpos],TG 44:2,-1.55482948977017,2.94529890975199e-14,3.0319253482741e-13,metab-u-hilicpos,13.530870623366392
LPE(18:1)>LPE(18:1/0:0) [metab-u-lrppos],LPE(18:1)>LPE(18:1/0:0),-0.33712095544827,4.3692144010568704e-14,7.404047106655819e-13,metab-u-lrppos,13.359596643568915
NEFA [metab-t-conv],NEFA,0.240173323675061,4.4610947379260505e-14,1.11527368448151e-13,metab-t-conv,13.350558553776624
Pro-Phe [metab-u-rppos],Pro-Phe,-0.343807143993043,7.09209118410313e-14,1.9047330608734098e-12,metab-u-rppos,13.149225689244519
Proline [metab-u-ionpneg],Proline,-0.225597861200217,9.322779448133221e-14,1.89563182112042e-12,metab-u-ionpneg,13.03045458989604
CAR 12:1 [metab-u-hilicpos],CAR 12:1,0.599273332466002,1.30702402476386e-13,1.3070240247638598e-12,metab-u-hilicpos,12.88371642946117
Cer(d42:3) [metab-u-lrppos],Cer(d42:3),0.173572030958184,1.47787387387105e-13,2.4384918918872298e-12,metab-u-lrppos,12.830362628335731
PC(38:7)_isomer2 [metab-u-lrppos],PC(38:7)_isomer2,0.213027272202691,1.93874724834482e-13,3.1169090377236e-12,metab-u-lrppos,12.71247880557009
TG(58:1) [metab-u-lrppos],TG(58:1),-0.837073480494556,2.3703208238267697e-13,3.71547789134847e-12,metab-u-lrppos,12.625192868087836
Leucine/Isoleucine [metab-u-rpneg],Leucine/Isoleucine,-0.266060216551786,2.63919040300145e-13,2.69197421106148e-12,metab-u-rpneg,12.578529276703048
"isoquinoline-1,5-diol [metab-u-hilicpos]","isoquinoline-1,5-diol",-1.30098589393952,3.62547206246712e-13,3.5247645051763696e-12,metab-u-hilicpos,12.440635437154546
FA 22:4 [metab-u-lrpneg],FA 22:4,0.431744865814995,3.83505267277836e-13,2.59824818580734e-11,metab-u-lrpneg,12.416228666828456
N-Acetylarginine [metab-u-hilicpos],N-Acetylarginine,-0.2586708473876,3.91964931260439e-13,3.70777637678794e-12,metab-u-hilicpos,12.406752787166717
Tyrosine [metab-u-hilicpos],Tyrosine,-0.145301970502008,6.24083521559352e-13,5.74813769857298e-12,metab-u-hilicpos,12.204757284476198
SM(d36:2) [metab-u-rppos],SM(d36:2),0.240434633603076,7.12949815310882e-13,1.6754320659805698e-11,metab-u-rppos,12.146941039153207
SM 18:1;O2/22:2 [metab-u-hilicpos],SM 18:1;O2/22:2,0.139008361751504,7.47658468179786e-13,6.70975548366475e-12,metab-u-hilicpos,12.12629674338877
Cortisone [metab-u-rppos],Cortisone,-0.473198537858018,8.11890213123784e-13,1.6959484451919e-11,metab-u-rppos,12.090502693736786
Hydroxyproline [metab-t-amines],Hydroxyproline,-0.323128549458022,9.145733001998e-13,6.76784242147852e-12,metab-t-amines,12.038781481443367
TG(47:2) [metab-u-lrppos],TG(47:2),-0.494624054982303,1.03722742778159e-12,1.5861990176074598e-11,metab-u-lrppos,11.984126007544123
1-Methyluric acid [metab-u-hilicpos],1-Methyluric acid,-0.656271792309607,1.1574071262345499e-12,1.0127312354552299e-11,metab-u-hilicpos,11.93651384798352
TG 46:2 [metab-u-hilicpos],TG 46:2,-0.615544574199792,1.2409316365652199e-12,1.05933188487275e-11,metab-u-hilicpos,11.90625214330408
TG(56:1) [metab-u-lrppos],TG(56:1),-0.694031928611331,1.36797026449293e-12,2.04218418056445e-11,metab-u-lrppos,11.863923342752592
TG(44:0)>TG(12:0_16:0_16:0)_and_TG(14:0_14:0_16:0) [metab-u-lrppos],TG(44:0)>TG(12:0_16:0_16:0)_and_TG(14:0_14:0_16:0),-0.817792857340365,1.54437561187039e-12,2.25191513637845e-11,metab-u-lrppos,11.811247065189495
3-Hydroxybenzoic acid [metab-u-rpneg],3-Hydroxybenzoic acid,-0.81818021914992,2.1670057769808597e-12,2.0094053568368002e-11,metab-u-rpneg,11.664139930900964
Adipic acid [metab-u-rppos],Adipic acid,-0.3095727141929,2.66162637079557e-12,5.0038575770956695e-11,metab-u-rppos,11.57485290922585
Car(13:1) [metab-u-lrppos],Car(13:1),-0.392880832677662,3.2617976552051697e-12,4.64806165866737e-11,metab-u-lrppos,11.486542983808771
PC(39:6)_isomer2 [metab-u-lrppos],PC(39:6)_isomer2,0.224807658907203,3.78716648385044e-12,5.2767853008316193e-11,metab-u-lrppos,11.42168560287275
LPC(18:3) [metab-u-lrppos],LPC(18:3),-0.382062137630683,5.05335201734326e-12,6.88793851059614e-11,metab-u-lrppos,11.296420447682056
Car(18:1-OH) [metab-u-lrppos],Car(18:1-OH),0.268836196509319,6.784460182401e-12,9.05075858375622e-11,metab-u-lrppos,11.16848470203977
Xanthine [metab-u-hilicpos],Xanthine,0.498770554850813,7.33021643444003e-12,6.10851369536669e-11,metab-u-hilicpos,11.134883202044369
Car(12:1) [metab-u-lrppos],Car(12:1),0.504994096214205,7.418755741525739e-12,9.690749687367989e-11,metab-u-lrppos,11.129668927591883
Cer(d41:2)>Cer(d17:1/24:1) [metab-u-lrppos],Cer(d41:2)>Cer(d17:1/24:1),0.138310174049341,7.75964752904346e-12,9.929181634102549e-11,metab-u-lrppos,11.110158005503157
Car(20:1) [metab-u-lrppos],Car(20:1),0.306841733995718,9.10142379685e-12,1.14131854412499e-10,metab-u-lrppos,11.040890662761688
Muricholic acid [metab-u-rpneg],Muricholic acid,-0.612212229257658,1.2804519200287499e-11,1.08838413202444e-10,metab-u-rpneg,10.892636724308577
Hydroxyproline [metab-u-hilicpos],Hydroxyproline,-0.27105801297801,1.36814383568746e-11,1.11360544765258e-10,metab-u-hilicpos,10.863868241971453
Cer 18:1;O2/18:1 [metab-u-hilicpos],Cer 18:1;O2/18:1,0.455059867227913,1.70212394850759e-11,1.3539622317674e-10,metab-u-hilicpos,10.769008817816127
CAR(11:0) [metab-u-rppos],CAR(11:0),-0.590230171250141,1.74405060671169e-11,2.98074103692543e-10,metab-u-rppos,10.758440917398428
PC(37:6) [metab-u-lrppos],PC(37:6),0.181237994319364,2.2700586312964397e-11,2.79083678788798e-10,metab-u-lrppos,10.643962925661647
FA 16:1;O2 [metab-u-lrpneg],FA 16:1;O2,0.492284613886483,2.4695682902767002e-11,1.3385060133299702e-09,metab-u-lrpneg,10.607378959913337
CAR 4:0 [metab-u-hilicpos],CAR 4:0,-0.264706887885502,2.6857905526995696e-11,2.08894820765522e-10,metab-u-hilicpos,10.570927858142916
beta-Aminoisobutyric-acid [metab-t-amines],beta-Aminoisobutyric-acid,0.129183821529711,2.7703193465498e-11,1.70836359703905e-10,metab-t-amines,10.557470165068993
Carnitine [metab-u-hilicpos],Carnitine,-0.11175477301753,2.9392743565900295e-11,2.23640440175328e-10,metab-u-hilicpos,10.531759874290758
TG(48:4)>TG(12:0_18:2_18:2)_and_TG(14:1_16:1_18:2) M + NH3_isomer2 [metab-u-lrppos],TG(48:4)>TG(12:0_18:2_18:2)_and_TG(14:1_16:1_18:2) M + NH3_isomer2,-0.505469744730945,3.1269558287580697e-11,3.77038712429098e-10,metab-u-lrppos,10.504878253538685
Cer 18:2;O2/23:0 [metab-u-hilicpos],Cer 18:2;O2/23:0,0.244545244112164,3.5433020819888194e-11,2.63862920999167e-10,metab-u-hilicpos,10.450591820585734
ST 24:1;O5 [metab-u-lrpneg],ST 24:1;O5,-0.846066321583379,3.8267538475503296e-11,1.7284171544769e-09,metab-u-lrpneg,10.417169472473367
PC(40:7)_isomer3 [metab-u-lrppos],PC(40:7)_isomer3,0.178259785313973,4.1184909343485396e-11,4.87225248271045e-10,metab-u-lrppos,10.385261885651339
Symmetric dimethyl-arginine [metab-u-hilicpos],Symmetric dimethyl-arginine,0.17580363317688,4.13102646013471e-11,3.01220679384822e-10,metab-u-hilicpos,10.383942023262655
Xanthine [metab-u-ionpneg],Xanthine,0.675399626660582,4.4040403575443196e-11,6.71616154525508e-10,metab-u-ionpneg,10.35614870991407
Glycine [metab-t-amines],Glycine,-0.142659102700289,6.10371448106663e-11,3.2262490828495e-10,metab-t-amines,10.214405789961008
FA 24:2 [metab-u-lrpneg],FA 24:2,0.266619479430826,8.115395279671929e-11,3.14181731541585e-09,metab-u-lrpneg,10.090690321974593
PC 33:1 [metab-u-hilicpos],PC 33:1,0.174710875845289,8.6762069211366e-11,6.19729065795471e-10,metab-u-hilicpos,10.061670098931218
TG(47:3) [metab-u-lrppos],TG(47:3),-0.479222040479083,9.0976057074242e-11,1.05633310713981e-09,metab-u-lrppos,10.041072889532954
Glycohyodeoxycholic acid [metab-u-rpneg],Glycohyodeoxycholic acid,-0.723806186471977,9.431087776052589e-11,7.39977656274895e-10,metab-u-rpneg,10.025438213106563
SM 18:1;O2/23:2 [metab-u-hilicpos],SM 18:1;O2/23:2,0.143628286804695,1.10614101715191e-10,7.74298712006334e-10,metab-u-hilicpos,9.956189503169693
PI(36:2) [metab-u-lrppos],PI(36:2),0.153067744059186,1.12882092756949e-10,1.28685585742922e-09,metab-u-lrppos,9.947374947655817
LPC(14:0)>LPC(14:0/0:0) [metab-u-lrppos],LPC(14:0)>LPC(14:0/0:0),-0.206960707274675,1.19146508766819e-10,1.3340153749427701e-09,metab-u-lrppos,9.923918678835943
3-Indolepropionic acid [metab-u-rppos],3-Indolepropionic acid,-0.535953214745977,1.30009676165495e-10,1.9696575853971e-09,metab-u-rppos,9.886024323470894
Glycodeoxycholic acid [metab-u-rpneg],Glycodeoxycholic acid,-1.15436397260877,1.33082860138184e-10,9.69603695292482e-10,metab-u-rpneg,9.875877874102562
Indolelactic acid [metab-u-rppos],Indolelactic acid,-0.286784605873287,1.36199726649799e-10,1.9696575853971e-09,metab-u-rppos,9.865823764042933
PC(38:6)_isomer2 [metab-u-lrppos],PC(38:6)_isomer2,0.208747008022559,1.42653646966551e-10,1.5691901166320702e-09,metab-u-lrppos,9.845717121047194
Car(14:1)_isomer2 [metab-u-lrppos],Car(14:1)_isomer2,0.384020146916395,1.66333419475944e-10,1.7981216208865e-09,metab-u-lrppos,9.779020484178933
TG(48:5)>TG(12:0_18:2_18:3)_and_TG(12:1_18:2_18:2) [metab-u-lrppos],TG(48:5)>TG(12:0_18:2_18:3)_and_TG(12:1_18:2_18:2),-0.478730126929364,2.38539177836582e-10,2.53498414412775e-09,metab-u-lrppos,9.622440281945002
CAR 18:0 [metab-u-hilicpos],CAR 18:0,0.343031743005888,2.95898597913777e-10,2.0306766523494502e-09,metab-u-hilicpos,9.528857092695915
Cystathionine 1 [metab-t-amines],Cystathionine 1,-0.0504272224491538,3.16846175709039e-10,1.4654135626543e-09,metab-t-amines,9.499151530383415
Car(14:2)_isomer2 [metab-u-lrppos],Car(14:2)_isomer2,0.401049542329073,3.2397677438492003e-10,3.3855572923224102e-09,metab-u-lrppos,9.48948612287368
Taurohyodeoxycholic acid [metab-u-rpneg],Taurohyodeoxycholic acid,-0.263254137839301,3.33386455053589e-10,2.2670278943644e-09,metab-u-rpneg,9.477052048824092
LPC(18:2)_isomer1 [metab-u-lrpneg],LPC(18:2)_isomer1,-0.382300136904679,5.11520137866712e-10,1.73277446702349e-08,metab-u-lrpneg,9.29113726401979
FA 20:5;O3 [metab-u-lrpneg],FA 20:5;O3,-0.466833471802008,6.7389050267688e-10,2.02798856026867e-08,metab-u-lrpneg,9.171410664216053
CAR(3:0) [metab-u-rppos],CAR(3:0),-0.489330103642953,7.09704216927409e-10,9.530313770168061e-09,metab-u-rppos,9.148922614268276
PE 36:2 [metab-u-hilicpos],PE 36:2,-0.208890386743168,7.31201979283333e-10,4.92155178363782e-09,metab-u-hilicpos,9.13596264168524
Cer(d42:2)>Cer(d18:2/24:0) [metab-u-lrppos],Cer(d42:2)>Cer(d18:2/24:0),0.166107894816257,7.39749373638273e-10,7.603653397888481e-09,metab-u-lrppos,9.130915393893664
FA 20:1 [metab-u-lrpneg],FA 20:1,0.454548267143611,7.65028093868476e-10,2.02798856026867e-08,metab-u-lrpneg,9.116322616103867
FA 20:4 [metab-u-lrpneg],FA 20:4,0.359401995150442,8.23168788300935e-10,2.02798856026867e-08,metab-u-lrpneg,9.084511104870565
Cytidine [metab-u-rppos],Cytidine,-0.619677531403259,9.39943847300309e-10,1.17806295528305e-08,metab-u-rppos,9.026898090587583
Cer(d42:2)>Cer(d18:1/24:1) [metab-u-lrppos],Cer(d42:2)>Cer(d18:1/24:1),0.127739627573668,9.42509696874672e-10,9.53150935387773e-09,metab-u-lrppos,9.025714172923232
Isoleucine [metab-u-hilicpos],Isoleucine,0.121309087458012,9.54269977139134e-10,6.3017828678999405e-09,metab-u-hilicpos,9.020328739557563
Car(18:2)_isomer1 [metab-u-lrppos],Car(18:2)_isomer1,0.245369629448451,1.0630650065526601e-09,1.05800279223574e-08,metab-u-lrppos,8.973440177505024
Ursodeoxycholic acid [metab-u-rpneg],Ursodeoxycholic acid,-0.555180277732468,1.13579645042993e-09,7.240702371490831e-09,metab-u-rpneg,8.944699492899526
N-linoleoylglycine [metab-u-hilicpos],N-linoleoylglycine,0.387255563969566,1.21356949714231e-09,7.86572822221867e-09,metab-u-hilicpos,8.915935348000215
LPC(20:2)>LPC(20:2/0:0) [metab-u-lrppos],LPC(20:2)>LPC(20:2/0:0),-0.216117704670399,1.2786988399155301e-09,1.25272526972975e-08,metab-u-lrppos,8.893231728831571
Proline [metab-u-hilicpos],Proline,-0.114693368898777,1.3517823964985902e-09,8.602251614081952e-09,metab-u-hilicpos,8.869093213428332
Sebacic acid [metab-u-rpneg],Sebacic acid,0.524016945362067,1.4808687242339502e-09,8.88521234540367e-09,metab-u-rpneg,8.829483439026218
Indoleacetic acid [metab-u-rppos],Indoleacetic acid,-0.516289860915101,1.6080199888533601e-09,1.8894234869027e-08,metab-u-rppos,8.793708556958986
SM 18:1;O2/20:2 [metab-u-hilicpos],SM 18:1;O2/20:2,0.151069058334997,1.8690157458734e-09,1.16813484117088e-08,metab-u-hilicpos,8.728387039810507
Car(5:0) [metab-u-lrppos],Car(5:0),-0.319300169539524,2.2211066227731303e-09,2.14251361919808e-08,metab-u-lrppos,8.653430592928085
LPC(20:5)>LPC(20:5/0:0) [metab-u-lrppos],LPC(20:5)>LPC(20:5/0:0),-0.25667213255716,2.2781631468896802e-09,2.1642549895452e-08,metab-u-lrppos,8.642415177861471
LPE 22:5 [metab-u-hilicpos],LPE 22:5,0.309191660608654,2.32891379053256e-09,1.43003478366034e-08,metab-u-hilicpos,8.63284658745886
PC(40:5)_isomer4 [metab-u-lrppos],PC(40:5)_isomer4,0.154002963317868,2.3572909960308104e-09,2.20600217091242e-08,metab-u-lrppos,8.627586802639128
PE(O-35:3) [metab-u-lrppos],PE(O-35:3),-0.170467137423167,2.41303141906936e-09,2.2249569114066e-08,metab-u-lrppos,8.617437023288224
Glu-Phe [metab-u-rppos],Glu-Phe,-0.261656333931242,2.67270195194327e-09,2.9556939233255e-08,metab-u-rppos,8.57304946916843
PC(39:5) [metab-u-lrppos],PC(39:5),0.202114568805218,2.76376396424752e-09,2.51142029794666e-08,metab-u-lrppos,8.558499050082947
FA 14:3;O [metab-u-lrpneg],FA 14:3;O,-0.273047136453751,2.85934221247028e-09,6.05192489411774e-08,metab-u-lrpneg,8.543733864196582
FA 20:5;O2 [metab-u-lrpneg],FA 20:5;O2,-0.492559589326689,2.9031374030823103e-09,6.05192489411774e-08,metab-u-lrpneg,8.537132408884732
PS P-36:1 or PS O-36:2 [metab-u-hilicpos],PS P-36:1 or PS O-36:2,0.13688340654021,2.9220903868409204e-09,1.76333040585228e-08,metab-u-hilicpos,8.534306354486894
Cer(d39:1) [metab-u-lrppos],Cer(d39:1),0.131447831572576,2.9295664332381303e-09,2.62405450520044e-08,metab-u-lrppos,8.533196649128865
Glutamine [metab-u-hilicpos],Glutamine,0.107239334244706,3.25086830366288e-09,1.92848119708815e-08,metab-u-hilicpos,8.488000623906212
LPE 20:4 [metab-u-hilicpos],LPE 20:4,0.221474765849987,3.82153405477696e-09,2.22922819861989e-08,metab-u-hilicpos,8.417762265940103
4-Pyridoxic acid [metab-u-hilicpos],4-Pyridoxic acid,-0.278040140063633,4.04385044490743e-09,2.32024205855344e-08,metab-u-hilicpos,8.393204914444162
PC(38:5)_isomer3 [metab-u-lrppos],PC(38:5)_isomer3,0.180095045672953,4.622886011449551e-09,4.08246412560404e-08,metab-u-lrppos,8.33508681502153
LPE 18:1 [metab-u-hilicpos],LPE 18:1,-0.257254550732139,5.47684965963808e-09,3.09176996915053e-08,metab-u-hilicpos,8.261469180357635
Citrulline [metab-u-ionpneg],Citrulline,-0.208449333272423,6.07876143888586e-09,7.41608895544075e-08,metab-u-ionpneg,8.216184900176744
Cholic acid [metab-u-rpneg],Cholic acid,-1.09959297004585,7.0171717585081e-09,3.97639732982126e-08,metab-u-rpneg,8.153837893164877
CAR(14:2) [metab-u-rppos],CAR(14:2),0.635931861565975,7.8327490743083e-09,8.18087125538867e-08,metab-u-rppos,8.106085786056498
TG(48:3)_isomer2 [metab-u-lrppos],TG(48:3)_isomer2,-0.3260312285657,7.85506863262644e-09,6.84045560091219e-08,metab-u-lrppos,8.104850016016659
PC(40:5)_isomer3 [metab-u-lrppos],PC(40:5)_isomer3,0.146290703552115,1.13722010876812e-08,9.76763024928233e-08,metab-u-lrppos,7.944155469549815
TG(52:7)_isomer1 [metab-u-lrppos],TG(52:7)_isomer1,-0.46520699916973,1.26454758982411e-08,1.07144775516178e-07,metab-u-lrppos,7.8980648218284
PC(38:5)_isomer4 [metab-u-lrppos],PC(38:5)_isomer4,0.157742071124012,1.30626070802528e-08,1.09203395190914e-07,metab-u-lrppos,7.883970136416847
Hyocholic acid [metab-u-rpneg],Hyocholic acid,-0.679168591363288,1.43430151693857e-08,7.69993445935441e-08,metab-u-rpneg,7.843359542268016
FA 22:5 [metab-u-lrpneg],FA 22:5,0.416717012112922,1.61971066733613e-08,3.13529707748636e-07,metab-u-lrpneg,7.7905625575572195
PC P-32:0 or PC O-32:1 [metab-u-hilicpos],PC P-32:0 or PC O-32:1,0.094792370154579,1.72299957834857e-08,9.57221987971429e-08,metab-u-hilicpos,7.763714828832245
Ornithine [metab-u-ionpneg],Ornithine,-0.170360535743377,1.84640978549281e-08,1.87718328191769e-07,metab-u-ionpneg,7.733671906870188
cholesterol sulfate [metab-u-lrpneg],cholesterol sulfate,-0.133632613527826,1.8722299538773e-08,3.38249545000498e-07,metab-u-lrpneg,7.727640810743907
PC(33:2) [metab-u-rppos],PC(33:2),0.236710854138138,1.99601414316484e-08,1.97500346797363e-07,metab-u-rppos,7.699836385755719
FA 14:2 [metab-u-lrpneg],FA 14:2,0.473752352272559,2.42540609189105e-08,4.10803156814047e-07,metab-u-lrpneg,7.615215535947444
TG(47:1) [metab-u-lrppos],TG(47:1),-0.379695560720616,2.57010227208509e-08,2.1203343744702e-07,metab-u-lrppos,7.59004959444362
Eicosenoic acid [metab-u-rpneg],Eicosenoic acid,0.499324716834359,2.83572675658721e-08,1.41224382097513e-07,metab-u-rpneg,7.547335618983853
TG(52:1)_isomer2 [metab-u-lrppos],TG(52:1)_isomer2,-0.40440676779636,2.90173241719272e-08,2.36283925399979e-07,metab-u-lrppos,7.5373426384505295
Tauro-alpha-muricholic acid + Tauro-beta-muricholic acid [metab-u-rpneg],Tauro-alpha-muricholic acid + Tauro-beta-muricholic acid,-0.743669015537792,2.90756080788997e-08,1.41224382097513e-07,metab-u-rpneg,7.536471193794727
CAR 6:0 [metab-u-hilicpos],CAR 6:0,0.44379863359182,3.35776699993759e-08,1.83627882809087e-07,metab-u-hilicpos,7.473949443442814
Citrulline [metab-t-amines],Citrulline,-0.169194337916346,3.4403886062793e-08,1.41438198258149e-07,metab-t-amines,7.463392499279993
PC(40:6)_isomer5 [metab-u-lrppos],PC(40:6)_isomer5,0.165305460246852,3.88515335572325e-08,3.12306558210061e-07,metab-u-lrppos,7.410591833946747
TG(46:0)>TG(12:0_16:0_18:0)_and_TG(14:0_14:0_16:0) [metab-u-lrppos],TG(46:0)>TG(12:0_16:0_18:0)_and_TG(14:0_14:0_16:0),-0.439189195980664,4.6241662237422e-08,3.67006610415995e-07,metab-u-lrppos,7.334966562832232
TG(58:2) [metab-u-lrppos],TG(58:2),-0.483549468712056,4.74186755102566e-08,3.71643869311636e-07,metab-u-lrppos,7.324050580822197
Cer(d36:1)>Cer(d18:1/18:0) [metab-u-lrppos],Cer(d36:1)>Cer(d18:1/18:0),0.182193724665083,4.8222117969401e-08,3.73274913170548e-07,metab-u-lrppos,7.316753718839868
carnitine [metab-u-lrppos],carnitine,-0.203070659161714,5.04121390287956e-08,3.85468428915303e-07,metab-u-lrppos,7.297464874696469
FA 24:5 [metab-u-lrpneg],FA 24:5,0.369695628748115,5.31140216090007e-08,8.27192919118418e-07,metab-u-lrpneg,7.27479081406808
FA 16:3_isomer1 [metab-u-lrpneg],FA 16:3_isomer1,0.507638574838449,5.49427031148765e-08,8.27192919118418e-07,metab-u-lrpneg,7.26008997762394
PC O-32:0 [metab-u-hilicpos],PC O-32:0,0.126634287124499,6.12396630707117e-08,3.29752031919217e-07,metab-u-hilicpos,7.212967207375038
PC(39:6)_isomer1 [metab-u-lrppos],PC(39:6)_isomer1,0.18628974739709,6.15061775053269e-08,4.64631003564337e-07,metab-u-lrppos,7.211081262732849
FA 19:1_isomer2 [metab-u-lrpneg],FA 19:1_isomer2,0.440405522734213,6.46176308112269e-08,9.21651471044341e-07,metab-u-lrpneg,7.189648969321674
SM 18:1;O2/22:3 [metab-u-hilicpos],SM 18:1;O2/22:3,0.0919030849205171,6.49324517462722e-08,3.39569939698125e-07,metab-u-hilicpos,7.187538198547626
PE 38:6 [metab-u-hilicpos],PE 38:6,0.173346161952821,6.50033884564982e-08,3.39569939698125e-07,metab-u-hilicpos,7.1870640041324725
LPC(20:3) [metab-u-lrppos],LPC(20:3),-0.250841799073651,6.99711987450951e-08,5.2228501920446e-07,metab-u-lrppos,7.155080685700258
CAR(16:1) [metab-u-rppos],CAR(16:1),0.450280086932651,6.99946637621924e-08,6.45532667220685e-07,metab-u-rppos,7.15493506837106
TG 44:1 [metab-u-hilicpos],TG 44:1,-1.35775189657306,7.05443833373536e-08,3.63096090706967e-07,metab-u-hilicpos,7.151537558560208
CAR(5:0)_rp_b [metab-u-rppos],CAR(5:0)_rp_b,-0.455999743649343,7.21073724023106e-08,6.45532667220685e-07,metab-u-rppos,7.142020329872008
beta-Leucine [metab-u-hilicpos],beta-Leucine,0.123883247256838,7.29999079618263e-08,3.70289388212163e-07,metab-u-hilicpos,7.136677687437026
sn-Glycero-3-phosphate [metab-u-ionpneg],sn-Glycero-3-phosphate,-0.424761420815976,7.57992959004609e-08,6.60536721418302e-07,metab-u-ionpneg,7.120334828509962
FA 16:1_isomer1 [metab-u-lrpneg],FA 16:1_isomer1,0.525373404477858,7.81275692916024e-08,1.05862856390121e-06,metab-u-lrpneg,7.107195687269403
Alanine [metab-t-amines],Alanine,-0.177822396240856,8.76040822195755e-08,3.2413510421243e-07,metab-t-amines,7.057475655885253
bilirubin [metab-u-lrppos],bilirubin,0.26588730560254,9.52731875990849e-08,7.02779866172074e-07,metab-u-lrppos,7.021029304148061
Piperine [metab-u-rppos],Piperine,-0.651405718892818,9.68760077368277e-08,8.27849520660164e-07,metab-u-rppos,7.013783766784811
Valine [metab-t-amines],Valine,-0.100245071933214,9.86320152766614e-08,3.31762233203316e-07,metab-t-amines,7.005982093160559
TG(52:6)_isomer1 [metab-u-lrppos],TG(52:6)_isomer1,-0.280651026079145,9.99008773811277e-08,7.16353761515499e-07,metab-u-lrppos,7.000430697558712
PE(O-36:4) [metab-u-lrppos],PE(O-36:4),-0.157458768369477,1.00165095738671e-07,7.16353761515499e-07,metab-u-lrppos,6.999283589536078
Car(18:0) [metab-u-lrppos],Car(18:0),0.275962249129176,1.00540878809193e-07,7.16353761515499e-07,metab-u-lrppos,6.997657323003755
Alanine [metab-u-ionpneg],Alanine,-0.170147598742787,1.03731227464237e-07,7.90950609414807e-07,metab-u-ionpneg,6.98409048301459
LPC(20:0)>LPC(20:0/0:0) [metab-u-lrppos],LPC(20:0)>LPC(20:0/0:0),0.224476530808566,1.17395408477242e-07,8.27044057474502e-07,metab-u-lrppos,6.930348888710147
Cer(d40:2)>Cer(d18:2/22:0) [metab-u-lrppos],Cer(d40:2)>Cer(d18:2/22:0),0.121630348468848,1.28210266885956e-07,8.93198192638826e-07,metab-u-lrppos,6.892077195773651
TG(50:5) [metab-u-lrppos],TG(50:5),-0.356682217971002,1.51562781373315e-07,1.04428421891284e-06,metab-u-lrppos,6.819407433457752
LPC(14:0) [metab-u-rppos],LPC(14:0),-0.347827175698228,1.52630745991006e-07,1.2475904454917e-06,metab-u-rppos,6.816357973135749
PC(36:5)_isomer1 [metab-u-lrppos],PC(36:5)_isomer1,-0.435894736345599,1.70856905098024e-07,1.16442695104849e-06,metab-u-lrppos,6.767367464712046
SM 18:1;O2/19:0 [metab-u-hilicpos],SM 18:1;O2/19:0,0.166336353690358,1.77081648113068e-07,8.85408240565341e-07,metab-u-hilicpos,6.751826444660887
SM 18:1;O2/17:0 [metab-u-hilicpos],SM 18:1;O2/17:0,0.14692251958796,1.83668704781236e-07,9.05409108076513e-07,metab-u-hilicpos,6.735964836610165
Myristoleic acid [metab-u-rpneg],Myristoleic acid,0.564633069733645,1.85119333987956e-07,8.58280548489616e-07,metab-u-rpneg,6.732548220870048
SM(d35:1)_isomer2 [metab-u-lrppos],SM(d35:1)_isomer2,0.126839504777543,1.97595855673104e-07,1.33217851082835e-06,metab-u-lrppos,6.704222168438557
Car(11:0) [metab-u-lrppos],Car(11:0),-0.305985312958629,2.00371614318938e-07,1.33652129976568e-06,metab-u-lrppos,6.698163802853769
FA 12:2_isomer2 [metab-u-lrpneg],FA 12:2_isomer2,-0.395031746019402,2.49391394885707e-07,3.21833657209651e-06,metab-u-lrpneg,6.603118535693591
MG(18:1) [metab-u-rppos],MG(18:1),0.509833804722025,2.67294006876338e-07,2.05780371982109e-06,metab-u-rppos,6.573010778653543
CAR(5:0)_rp_a [metab-u-rppos],CAR(5:0)_rp_a,-0.323104592117716,2.73644111678336e-07,2.05780371982109e-06,metab-u-rppos,6.562813892645248
Car(18:3) [metab-u-lrppos],Car(18:3),0.309406357245955,2.88450531051301e-07,1.90377350493858e-06,metab-u-lrppos,6.5399286571480735
LPC(O-18:1)_isomer2 [metab-u-lrppos],LPC(O-18:1)_isomer2,0.313016403492568,2.93052065553954e-07,1.91399630314926e-06,metab-u-lrppos,6.53305521318179
Cer(d40:1)>Cer(d18:1/22:0) [metab-u-lrppos],Cer(d40:1)>Cer(d18:1/22:0),0.124196218721199,3.08763610051244e-07,1.99582251033123e-06,metab-u-lrppos,6.510373889959385
LPC(18:1)>LPC(0:0/18:1) [metab-u-lrppos],LPC(18:1)>LPC(0:0/18:1),-0.168357013617005,3.49713563208172e-07,2.2374531033829e-06,metab-u-lrppos,6.456287523789588
FAPy-adenine [metab-u-hilicpos],FAPy-adenine,-0.441421495886045,3.76317567224931e-07,1.82640649485545e-06,metab-u-hilicpos,6.424445507508541
PC(28:0) [metab-u-lrppos],PC(28:0),-0.262571500835278,3.78090119305232e-07,2.3945707555998e-06,metab-u-lrppos,6.422404671982307
PC O-30:0 [metab-u-hilicpos],PC O-30:0,0.14437838078053,3.80936211784136e-07,1.82640649485545e-06,metab-u-hilicpos,6.41914774135711
PC(32:1) [metab-u-lrppos],PC(32:1),0.158442469896322,4.16301400853005e-07,2.61020978334834e-06,metab-u-lrppos,6.380592127711093
FA 22:3;O_isomer1 [metab-u-lrpneg],FA 22:3;O_isomer1,0.31360298163321,4.21709476751592e-07,5.19469400907643e-06,metab-u-lrpneg,6.374986639310776
SM 18:1;O2/22:1 [metab-u-hilicpos],SM 18:1;O2/22:1,0.11740713706488,4.29886036322262e-07,2.02982042115009e-06,metab-u-hilicpos,6.366646661527979
1-Methyladenosine [metab-u-hilicpos],1-Methyladenosine,0.115993951186027,4.34961518817876e-07,2.02982042115009e-06,metab-u-hilicpos,6.361549163515011
FA 17:1 [metab-u-lrpneg],FA 17:1,0.429382837475952,4.5506989936224e-07,5.36191055335509e-06,metab-u-lrpneg,6.341921889989572
TG(49:3) [metab-u-lrppos],TG(49:3),-0.262371668458687,5.0176216789504e-07,3.11489979475436e-06,metab-u-lrppos,6.299502086930966
TG(54:2)>TG(16:0_18:1_20:1)_and_TG(18:0_18:1_18:1) [metab-u-lrppos],TG(54:2)>TG(16:0_18:1_20:1)_and_TG(18:0_18:1_18:1),-0.231280172436836,5.5220514503612e-07,3.39443750919262e-06,metab-u-lrppos,6.257899551245494
SM 18:1;O2/18:0 [metab-u-hilicpos],SM 18:1;O2/18:0,0.149955056438749,5.52554978941436e-07,2.5446610872303e-06,metab-u-hilicpos,6.257624503411232
SM 18:1;O2/17:1 [metab-u-hilicpos],SM 18:1;O2/17:1,0.151956428658973,5.90022131360166e-07,2.68191877890985e-06,metab-u-hilicpos,6.229131697938646
CAR(16:2) [metab-u-rppos],CAR(16:2),0.48672498860893,6.04399585811213e-07,4.37027392817338e-06,metab-u-rppos,6.218675841950429
PE 36:3 [metab-u-hilicpos],PE 36:3,-0.294502535021859,6.37453003050167e-07,2.86036603932767e-06,metab-u-hilicpos,6.195551828569857
PC(40:7)_isomer4 [metab-u-lrppos],PC(40:7)_isomer4,0.18175808394038,6.42362667621989e-07,3.91030478251444e-06,metab-u-lrppos,6.1922197070147
FA 19:2 [metab-u-lrpneg],FA 19:2,0.345275467575426,6.42537574832341e-07,7.25532011581519e-06,metab-u-lrpneg,6.192101470229835
Serine [metab-t-amines],Serine,-0.106815764482794,7.01778313951492e-07,2.1638164680171e-06,metab-t-amines,6.153800056292623
Kynurenine [metab-u-rppos],Kynurenine,-0.207224906188852,7.09552357732566e-07,4.94058678717491e-06,metab-u-rppos,6.149015552517463
3-Methylhistidine [metab-u-hilicpos],3-Methylhistidine,-0.232700154305927,7.45061012056247e-07,3.30090321797071e-06,metab-u-hilicpos,6.127808161997455
Dodecenoic acid [metab-u-rpneg],Dodecenoic acid,0.582185904329066,7.56884013576905e-07,3.35661606021062e-06,metab-u-rpneg,6.120970667557922
Phenylpyruvic acid [metab-u-ionpneg],Phenylpyruvic acid,-0.301050586850788,8.12228171879351e-07,5.50510205384894e-06,metab-u-ionpneg,6.090321951216872
Car(14:2-OH) [metab-u-lrppos],Car(14:2-OH),0.389554840238194,8.14295383082233e-07,4.90926158839e-06,metab-u-lrppos,6.089218027576798
TG(49:1)_isomer1 [metab-u-lrppos],TG(49:1)_isomer1,-0.290490138215304,8.25449303539757e-07,4.92911155542312e-06,metab-u-lrppos,6.083309594562344
PC 35:3 [metab-u-hilicpos],PC 35:3,0.147559907974546,8.42361776634949e-07,3.6853327727779e-06,metab-u-hilicpos,6.07450134810598
LPC 18:1 [metab-u-hilicpos],LPC 18:1,-0.127937054014911,8.94858480155827e-07,3.86667244511777e-06,metab-u-hilicpos,6.048245641943451
Glycine [metab-u-hilicpos],Glycine,-0.0885958360361929,9.93365920451218e-07,4.23997648973081e-06,metab-u-hilicpos,6.0028907434890355
SM(d34:0)_isomer2 [metab-u-lrppos],SM(d34:0)_isomer2,-0.288897261883871,1.01848652517285e-06,6.02444388003186e-06,metab-u-lrppos,5.992044712448586
Cortisol [metab-u-hilicpos],Cortisol,-0.553809310549994,1.09559808144182e-06,4.61999190969443e-06,metab-u-hilicpos,5.9603487369328265
CAR(14:1) [metab-u-rppos],CAR(14:1),0.51927674332412,1.1027575633747e-06,7.40422935408727e-06,metab-u-rppos,5.957519954886546
FA 19:1_isomer1 [metab-u-lrpneg],FA 19:1_isomer1,0.463444759285419,1.1251900864459e-06,1.21970605370735e-05,metab-u-lrpneg,5.948774102867313
TG(46:3) [metab-u-lrppos],TG(46:3),-0.562633144006494,1.17704700139668e-06,6.89727541939925e-06,metab-u-lrppos,5.9292061947269445
Glycochenodeoxycholic acid [metab-u-rpneg],Glycochenodeoxycholic acid,-0.938745345381072,1.18151861837189e-06,5.02145412808054e-06,metab-u-rpneg,5.927559430364693
Glycocholic acid\Glycohyocholic acid [metab-u-rpneg],Glycocholic acid\Glycohyocholic acid,-0.907513002690607,1.32399951453528e-06,5.40057727935483e-06,metab-u-rpneg,5.878112174137019
Pentadecylic acid [metab-u-rpneg],Pentadecylic acid,0.385074720848941,1.37661773787476e-06,5.40057727935483e-06,metab-u-rpneg,5.861186638812869
Deoxyguanosine [metab-u-rppos],Deoxyguanosine,-0.851099005677776,1.42826169916085e-06,9.25907584283586e-06,metab-u-rppos,5.845192209864864
SM 18:1;O2/16:1 [metab-u-hilicpos],SM 18:1;O2/16:1,0.0918949715357051,1.52338043303808e-06,6.34741847099202e-06,metab-u-hilicpos,5.817191626974329
CAR 12:0 [metab-u-hilicpos],CAR 12:0,0.409169711133671,1.70992585231221e-06,7.04087115657967e-06,metab-u-hilicpos,5.767022721555116
LPC(18:1)>LPC(18:1/0:0) [metab-u-lrppos],LPC(18:1)>LPC(18:1/0:0),-0.197612164409133,1.94654189554562e-06,1.13007571158065e-05,metab-u-lrppos,5.710736244497337
alpha-Tocopherol [metab-u-rppos],alpha-Tocopherol,0.318031131066636,1.9506778347014e-06,1.22242477641288e-05,metab-u-rppos,5.709814450833388
FA(20:3)_isomer1 [metab-u-lrpneg],FA(20:3)_isomer1,0.386020082334419,1.97011059864831e-06,2.05346143166804e-05,metab-u-lrpneg,5.705509392602664
TG(53:1) [metab-u-lrppos],TG(53:1),-0.298722005888322,1.97710393023486e-06,1.13728822408922e-05,metab-u-lrppos,5.703970500569412
7-Methylxanthine [metab-u-hilicpos],7-Methylxanthine,-0.470995059449926,1.98108957012813e-06,8.06257383191682e-06,metab-u-hilicpos,5.703095888452873
PI(36:3)_isomer1 [metab-u-lrppos],PI(36:3)_isomer1,-0.192187390175381,2.0437370257981e-06,1.16493010470492e-05,metab-u-lrppos,5.689574987007101
4-Acetamidobutanoic acid [metab-u-rppos],4-Acetamidobutanoic acid,-0.503184318058151,2.06896506717469e-06,1.25472720202852e-05,metab-u-rppos,5.684246841988371
Leu-Pro [metab-u-rppos],Leu-Pro,-0.243691906626349,2.16285556660225e-06,1.27067764537882e-05,metab-u-rppos,5.6649724813570295
LPC(18:0)>LPC(18:0/0:0) [metab-u-lrppos],LPC(18:0)>LPC(18:0/0:0),0.244834961279693,2.23221560797793e-06,1.26090016774969e-05,metab-u-lrppos,5.6512638595405775
CAR(12:1) [metab-u-rppos],CAR(12:1),0.484272863349112,2.30836865075664e-06,1.31507062527954e-05,metab-u-rppos,5.636694832342863
Tetradecadienoic acid [metab-u-rpneg],Tetradecadienoic acid,0.525329723669572,2.35520833451302e-06,8.8974537081603e-06,metab-u-rpneg,5.627970670476677
PE(O-36:2) [metab-u-lrppos],PE(O-36:2),-0.148494906916643,2.44751704886455e-06,1.37017249074828e-05,metab-u-lrppos,5.6112742743146065
SM 18:1;O2/18:3 [metab-u-hilicpos],SM 18:1;O2/18:3,0.0725538701555912,2.47203280063301e-06,9.94495954277647e-06,metab-u-hilicpos,5.606945771026825
Aminobutyric acid [metab-u-rppos],Aminobutyric acid,0.197519036774914,2.52227621380425e-06,1.3946703770447e-05,metab-u-rppos,5.598207355684238
Lithocholic acid [metab-u-rpneg],Lithocholic acid,-0.720698298509594,2.55316580130221e-06,9.30081827617235e-06,metab-u-rpneg,5.592920981414882
Cer(d41:1)>Cer(d18:1/23:0)_and_Cer(d19:1/22:0)_isomer2 [metab-u-lrppos],Cer(d41:1)>Cer(d18:1/23:0)_and_Cer(d19:1/22:0)_isomer2,0.151511833760136,2.5959772398328e-06,1.44042276935855e-05,metab-u-lrppos,5.585699119521265
FA 24:1;O2 [metab-u-lrpneg],FA 24:1;O2,-0.18683266082472,2.68582950739867e-06,2.69577702409274e-05,metab-u-lrpneg,5.570921559182574
Hex2Cer(d42:2)>Hex2Cer(d18:1/24:1) [metab-u-lrppos],Hex2Cer(d42:2)>Hex2Cer(d18:1/24:1),0.130816322944316,2.81882697833364e-06,1.5503548380835e-05,metab-u-lrppos,5.549931580623981
PC(33:1)_isomer2 [metab-u-lrppos],PC(33:1)_isomer2,0.11271186777396,2.85405627313548e-06,1.55608111587474e-05,metab-u-lrppos,5.544537468197095
PE(O-37:5)>PE(O-17:1/20:4) [metab-u-lrppos],PE(O-37:5)>PE(O-17:1/20:4),-0.158366243319094,3.05553589956613e-06,1.65156983536893e-05,metab-u-lrppos,5.5149126093776735
Cer(d34:1)>Cer(d18:1/16:0) [metab-u-lrppos],Cer(d34:1)>Cer(d18:1/16:0),0.110454847020581,3.30173712692929e-06,1.76939246032877e-05,metab-u-lrppos,5.481257506745126
Cortisol [metab-t-imm-crt],Cortisol,-0.395675361757404,3.33115351279056e-06,3.33115351279056e-06,metab-t-imm-crt,5.477405352832205
1-Methylhistidine [metab-t-amines],1-Methylhistidine,-0.37948839179362,3.4675422763682e-06,9.86915878658642e-06,metab-t-amines,5.459978235292457
TG(47:0)>TG(15:0_16:0_16:0) [metab-u-lrppos],TG(47:0)>TG(15:0_16:0_16:0),-0.383748928102925,3.48026010573013e-06,1.8492568527905e-05,metab-u-lrppos,5.458388296782747
PC 33:2 [metab-u-hilicpos],PC 33:2,0.088976366122882,3.77098411916358e-06,1.49982322921279e-05,metab-u-hilicpos,5.4235452965453606
LPE(22:6)>LPE(22:6/0:0)_and_LPE(0:0/22:6) [metab-u-lrpneg],LPE(22:6)>LPE(22:6/0:0)_and_LPE(0:0/22:6),0.208813961860802,3.94446582221646e-06,3.81767942078808e-05,metab-u-lrpneg,5.404011802637488
FA 12:1 [metab-u-lrpneg],FA 12:1,0.450224987429614,4.29588743427853e-06,4.01443274030855e-05,metab-u-lrpneg,5.36694710703666
Eicosadienoic acid [metab-u-rpneg],Eicosadienoic acid,0.456581828912569,4.33025750912361e-06,1.52305608941589e-05,metab-u-rpneg,5.363486276518206
LPC(18:2)_rp_a [metab-u-rppos],LPC(18:2)_rp_a,-0.198672237884971,4.39840771310246e-06,2.36257328589504e-05,metab-u-rppos,5.356704515915735
Ornithine [metab-t-amines],Ornithine,-0.135272209981216,4.64045381019369e-06,1.2264056498369e-05,metab-t-amines,5.333439545818907
5-Hydroxyindoleacetic acid [metab-u-rpneg],5-Hydroxyindoleacetic acid,-0.456118089164978,4.69267303876921e-06,1.59550883318153e-05,metab-u-rpneg,5.3285797041307905
gamma-Glutamylmethionine [metab-u-rppos],gamma-Glutamylmethionine,-0.278636432554265,5.30086206662064e-06,2.76822796812411e-05,metab-u-rppos,5.2756534963743835
PC(42:6) [metab-u-lrppos],PC(42:6),0.114617622931224,5.34954648239007e-06,2.81862659198199e-05,metab-u-lrppos,5.271683034529058
FA 14:1_isomer2 [metab-u-lrpneg],FA 14:1_isomer2,0.432873809989559,5.72109186053982e-06,5.16805298068763e-05,metab-u-lrpneg,5.242521078942029
Retinol [metab-u-hilicpos],Retinol,-0.233132144146762,5.9385513123496e-06,2.33538534755321e-05,metab-u-hilicpos,5.226319486632712
11-Deoxycortisol [metab-u-hilicpos],11-Deoxycortisol,-1.19850489661182,6.01810155885547e-06,2.34037282844379e-05,metab-u-hilicpos,5.220540487569957
Cer 18:1;O2/18:0 [metab-u-hilicpos],Cer 18:1;O2/18:0,0.2025515721147,6.20062710366171e-06,2.38485657833143e-05,metab-u-hilicpos,5.2075643856812
Hydroxyoctanoic acid [metab-u-rpneg],Hydroxyoctanoic acid,0.326963078975897,6.96943990715775e-06,2.29317055009707e-05,metab-u-rpneg,5.156802122189591
Trimethylamine N-oxide [metab-u-hilicpos],Trimethylamine N-oxide,-0.261021184318444,7.03897759458932e-06,2.67787191098507e-05,metab-u-hilicpos,5.152490417175174
CAR 5:0 [metab-u-hilicpos],CAR 5:0,-0.235169488000864,7.13302170141479e-06,2.68447053279051e-05,metab-u-hilicpos,5.146726454685282
CAR(18:1) [metab-u-rppos],CAR(18:1),0.624158040526819,7.22138940735013e-06,3.66924650968061e-05,metab-u-rppos,5.141379235409194
FA(20:3)_isomer2 [metab-u-lrpneg],FA(20:3)_isomer2,0.479480677765107,7.6347153701728e-06,6.54044510643536e-05,metab-u-lrpneg,5.1172071492385385
PI(38:5)_isomer2 [metab-u-lrppos],PI(38:5)_isomer2,0.142925322084981,7.67287173786131e-06,3.98044712721122e-05,metab-u-lrppos,5.115042061541825
Cer(d41:1)>Cer(d18:1/23:0)_and_Cer(d17:1/24:0)_isomer1 [metab-u-lrppos],Cer(d41:1)>Cer(d18:1/23:0)_and_Cer(d17:1/24:0)_isomer1,0.115726034525299,7.68156463146024e-06,3.98044712721122e-05,metab-u-lrppos,5.114550311010013
FA 22:3 [metab-u-lrpneg],FA 22:3,0.299623414984733,7.72303481202699e-06,6.54044510643536e-05,metab-u-lrpneg,5.112212007549671
Threonine [metab-u-hilicpos],Threonine,-0.178473605650431,7.83230467248956e-06,2.91628365465037e-05,metab-u-hilicpos,5.106110427051774
Tyrosine [metab-u-rppos],Tyrosine,-0.279516804351086,8.12714797367303e-06,4.02079952381719e-05,metab-u-rppos,5.09006183283181
Hexose [metab-u-ionpneg],Hexose,-0.129295859799281,8.24358725238848e-06,5.02858822395697e-05,metab-u-ionpneg,5.083883761009462
Cer 18:1;O2/20:1 [metab-u-hilicpos],Cer 18:1;O2/20:1,0.279484963968981,8.36027152881628e-06,3.08010003693231e-05,metab-u-hilicpos,5.07777961711223
gamma-Glutamylisoleucine [metab-u-rpneg],gamma-Glutamylisoleucine,-0.386751524400326,8.59834343453395e-06,2.7407219697577e-05,metab-u-rpneg,5.065585212307608
PC(37:5)_isomer2 [metab-u-lrppos],PC(37:5)_isomer2,0.151451214458245,8.6403284968204e-06,4.44056226844786e-05,metab-u-lrppos,5.0634697457567075
2-Hydroxy-3-methylbutyric acid [metab-u-rppos],2-Hydroxy-3-methylbutyric acid,-0.253961522165564,8.75547505601456e-06,4.22058797571984e-05,metab-u-rppos,5.05772028491937
Car(13:0) [metab-u-lrppos],Car(13:0),-0.198714281105403,9.12891968805216e-06,4.65352247512903e-05,metab-u-lrppos,5.039580613624241
Taurocholic acid [metab-u-rpneg],Taurocholic acid,-0.781696724772033,9.16750587828709e-06,2.83359272601601e-05,metab-u-rpneg,5.0377488028937485
Phe-Trp [metab-u-hilicpos],Phe-Trp,0.394248227592779,1.00542094122389e-05,3.66559718154543e-05,metab-u-hilicpos,4.997652073391547
PE(36:2) [metab-u-lrppos],PE(36:2),-0.398431388374576,1.06721680558729e-05,5.39633013792926e-05,metab-u-lrppos,4.971747344487909
Citrate [metab-t-tca],Citrate,0.185069640265052,1.09252056145714e-05,0.0001201772617602,metab-t-tca,4.961570380770954
NAD+ [metab-u-ionpneg],NAD+,-0.578953118087234,1.12408974679342e-05,6.2335885958544e-05,metab-u-ionpneg,4.949199013516802
LPC(22:1)>LPC(22:1/0:0)_and_LPC(0:0/22:1) [metab-u-lrppos],LPC(22:1)>LPC(22:1/0:0)_and_LPC(0:0/22:1),0.202529839899352,1.12747963723181e-05,5.65543786035475e-05,metab-u-lrppos,4.947891292924697
FA 19:2;O2 [metab-u-lrpneg],FA 19:2;O2,0.224876462253711,1.29329387204707e-05,0.0001062068604014,metab-u-lrpneg,4.888302780218491
LPC(20:4)>LPC(0:0/20:4) [metab-u-lrppos],LPC(20:4)>LPC(0:0/20:4),-0.183118354722573,1.38909269480394e-05,6.91238983842915e-05,metab-u-lrppos,4.857268772621892
LPC(20:4)>LPC(20:4/0:0) [metab-u-lrppos],LPC(20:4)>LPC(20:4/0:0),-0.194822348579986,1.45130969865782e-05,7.16512740990909e-05,metab-u-lrppos,4.838239902471685
PC 32:0 [metab-u-hilicpos],PC 32:0,0.0885185042790262,1.49871952190557e-05,5.40775085223659e-05,metab-u-hilicpos,4.824279635654775
Allantoin [metab-u-hilicpos],Allantoin,-0.342495377701978,1.56447646444677e-05,5.58741594445276e-05,metab-u-hilicpos,4.805630965875269
CAR 12:0;OH [metab-u-hilicpos],CAR 12:0;OH,0.584246807229089,1.65608200288647e-05,5.85483536374004e-05,metab-u-hilicpos,4.780918162406598
Hydroxydodecanoic acid [metab-u-rpneg],Hydroxydodecanoic acid,0.424741643292929,1.73051065756698e-05,5.19153197270095e-05,metab-u-rpneg,4.761825721704567
Car(12:0-OH) [metab-u-lrppos],Car(12:0-OH),0.304122763050696,1.90141764596078e-05,9.31397550013602e-05,metab-u-lrppos,4.720922479970689
Glycoursodeoxycholic acid [metab-u-rpneg],Glycoursodeoxycholic acid,-0.654392976079826,2.21979456830057e-05,6.46911559904736e-05,metab-u-rpneg,4.653687215631205
PC(35:1)_isomer2 [metab-u-lrppos],PC(35:1)_isomer2,0.115850082276385,2.21994470359963e-05,0.0001078996379191,metab-u-lrppos,4.653657843216316
PC(42:10) [metab-u-lrppos],PC(42:10),-0.127217618085744,2.24279841064832e-05,0.0001081718925751,metab-u-lrppos,4.6492097603347835
FA 14:1_isomer1 [metab-u-lrpneg],FA 14:1_isomer1,0.295530679913355,2.41451848640266e-05,0.0001924513264162,metab-u-lrpneg,4.617169465139622
Ile-Pro [metab-u-rppos],Ile-Pro,-0.222054506421337,2.4699341205077e-05,0.0001160869036638,metab-u-rppos,4.607314630336099
Homoarginine [metab-u-hilicpos],Homoarginine,0.135699663297043,2.51997847085983e-05,8.8199246480094e-05,metab-u-hilicpos,4.598603169546518
CAR 8:0;OH [metab-u-hilicpos],CAR 8:0;OH,0.347565156302403,2.60169844910096e-05,8.89355109540019e-05,metab-u-hilicpos,4.584743041933067
Aminoisobutyric acid [metab-u-hilicpos],Aminoisobutyric acid,0.207425674571009,2.60996196391118e-05,8.89355109540019e-05,metab-u-hilicpos,4.583365821774307
3-Methylxanthine [metab-u-hilicpos],3-Methylxanthine,-0.438058777050667,2.61724503664634e-05,8.89355109540019e-05,metab-u-hilicpos,4.582155615120311
Ureidopropionic acid [metab-u-hilicpos],Ureidopropionic acid,0.336912158865108,2.73152185754734e-05,9.18138954279131e-05,metab-u-hilicpos,4.563595319925449
N-Acetylornithine [metab-u-hilicpos],N-Acetylornithine,-0.142926316511305,2.75441686283739e-05,9.18138954279131e-05,metab-u-hilicpos,4.559970331497541
Citrulline [metab-u-hilicpos],Citrulline,-0.11047856039443,2.8333807280824e-05,9.35550240404566e-05,metab-u-hilicpos,4.54769506437978
Car(12:0) [metab-u-lrppos],Car(12:0),0.329091093457976,2.85241177731754e-05,0.0001365238308685,metab-u-lrppos,4.544787779062836
Rosmarinic acid [metab-u-rpneg],Rosmarinic acid,-0.231666429106907,2.91520280095363e-05,8.25974126936863e-05,metab-u-rpneg,4.535331227432768
FA 20:5 [metab-u-lrpneg],FA 20:5,0.266654588350836,2.97130168870597e-05,0.0002300636450398,metab-u-lrpneg,4.52705325021975
SM(d36:1)_isomer1 [metab-u-lrppos],SM(d36:1)_isomer1,0.100571735694711,2.98217115462304e-05,0.0001416531298445,metab-u-lrppos,4.525467434868518
LPE(18:0)>LPE(0:0/18:0) [metab-u-lrppos],LPE(18:0)>LPE(0:0/18:0),-0.196640556405733,3.033963022441e-05,0.0001420438100481,metab-u-lrppos,4.517989716643451
TG(50:4)_isomer1 [metab-u-lrppos],TG(50:4)_isomer1,-0.300636265419186,3.035705031332e-05,0.0001420438100481,metab-u-lrppos,4.517740429577715
Cortisol [metab-u-rppos],Cortisol,-0.656276734765438,3.45868885803431e-05,0.0001585935378805,metab-u-rppos,4.461088505148575
Dodecadienoic acid [metab-u-rpneg],Dodecadienoic acid,0.328371741305094,3.58870652308328e-05,9.89319095552689e-05,metab-u-rpneg,4.445062055909411
alpha-Amino-N-butyric-acid [metab-t-amines],alpha-Amino-N-butyric-acid,0.109952351143107,3.76839108239371e-05,9.29536466990449e-05,metab-t-amines,4.423844032601021
FA 12:2_isomer1 [metab-u-lrpneg],FA 12:2_isomer1,-0.350666088334645,3.76863774941288e-05,0.0002836946750252,metab-u-lrpneg,4.423815605981535
PC(38:2)_isomer1 [metab-u-lrppos],PC(38:2)_isomer1,0.12193272006693,3.90617304352961e-05,0.0001814200369105,metab-u-lrppos,4.408248521369362
DG(36:1)>DG(18:0_18:1_0:0) [metab-u-lrppos],DG(36:1)>DG(18:0_18:1_0:0),-0.168308676001583,4.06650140175393e-05,0.000187477674919,metab-u-lrppos,4.3907790736592
Ornithine [metab-u-hilicpos],Ornithine,-0.121087745413735,4.17426615121596e-05,0.0001365414161612,metab-u-hilicpos,4.379419863770943
Taurochenodeoxycholic acid [metab-u-rpneg],Taurochenodeoxycholic acid,-0.776223057903657,4.2154197865058e-05,0.0001131507416377,metab-u-rpneg,4.375159170295429
Ectoine [metab-u-hilicpos],Ectoine,-0.306479965922193,4.30425719198094e-05,0.0001394898164067,metab-u-hilicpos,4.366101786198328
TG(52:6)>TG(16:1_18:2_18:3)_and_TG(16:2_18:2_18:2)_isomer2 [metab-u-lrppos],TG(52:6)>TG(16:1_18:2_18:3)_and_TG(16:2_18:2_18:2)_isomer2,-0.268775022246146,4.37602550941922e-05,0.000200275036088,metab-u-lrppos,4.358920155009243
TG(48:2) [metab-u-lrppos],TG(48:2),-0.286816288621825,4.44946683695335e-05,0.0002021605584615,metab-u-lrppos,4.351692025792424
Ile-Glu [metab-u-hilicpos],Ile-Glu,-0.214899625684456,4.56885936208311e-05,0.0001467064932778,metab-u-hilicpos,4.340192210123611
TG(53:2)>TG(17:0_18:1_18:1) [metab-u-lrppos],TG(53:2)>TG(17:0_18:1_18:1),-0.177486051534487,4.61136080052744e-05,0.0002080088648871,metab-u-lrppos,4.336170896529674
SM 18:1;O2/15:0 [metab-u-hilicpos],SM 18:1;O2/15:0,0.103701983033641,4.64433133571129e-05,0.0001477253164343,metab-u-hilicpos,4.333076804407626
DG 38:5 [metab-u-hilicpos],DG 38:5,0.200668758683221,4.68500289263289e-05,0.0001477253164343,metab-u-hilicpos,4.329290136632315
PC(36:4)_isomer3 [metab-u-lrppos],PC(36:4)_isomer3,0.142848094440055,5.08983923103107e-05,0.0002279520855611,metab-u-lrppos,4.293295935183624
PC(38:3)_isomer2 [metab-u-lrppos],PC(38:3)_isomer2,0.14536214193372,5.19530784740817e-05,0.0002310253915124,metab-u-lrppos,4.284388713271486
FA 24:6 [metab-u-lrpneg],FA 24:6,0.25497841794564,5.38780181979007e-05,0.0003946200792332,metab-u-lrpneg,4.268588387365257
TG(52:0)>TG(16:0_18:0_18:0) [metab-u-lrppos],TG(52:0)>TG(16:0_18:0_18:0),-0.801561079325694,5.4146869531017e-05,0.0002390851210982,metab-u-lrppos,4.266426646789445
PC(37:5)_isomer3 [metab-u-lrppos],PC(37:5)_isomer3,0.15911066408821,5.47204053662981e-05,0.0002399279312214,metab-u-lrppos,4.261850694042065
PC(36:5)_isomer2 [metab-u-lrppos],PC(36:5)_isomer2,0.180207197142092,5.89894385135989e-05,0.0002568498468612,metab-u-lrppos,4.229225737609564
PC(40:6)_isomer3 [metab-u-lrppos],PC(40:6)_isomer3,0.302934150015254,6.23580882859275e-05,0.0002661038144434,metab-u-lrppos,4.205107207460088
PI(36:4) [metab-u-lrppos],PI(36:4),0.0917991456320308,6.2365087186418e-05,0.0002661038144434,metab-u-lrppos,4.2050584661759745
PE(O-36:5)>PE(O-16:1/20:4) [metab-u-lrppos],PE(O-36:5)>PE(O-16:1/20:4),-0.149473587998191,6.23879756350726e-05,0.0002661038144434,metab-u-lrppos,4.204899106127624
FA 16:2 [metab-u-lrpneg],FA 16:2,0.273305350279557,6.24922357827111e-05,0.0004456683130819,metab-u-lrpneg,4.204173937314917
PC(37:4)_isomer2 [metab-u-lrppos],PC(37:4)_isomer2,0.203248416953549,6.48038804668486e-05,0.0002742484139803,metab-u-lrppos,4.188398987726913
PC(30:0)_isomer2 [metab-u-lrppos],PC(30:0)_isomer2,0.186751939342951,6.51722706269093e-05,0.0002742484139803,metab-u-lrppos,4.185937147754461
Car(12:3) [metab-u-lrppos],Car(12:3),-0.190976193182255,6.67216434198297e-05,0.0002788964694948,metab-u-lrppos,4.175733265137501
LPE(18:1)>LPE(0:0/18:1) [metab-u-lrppos],LPE(18:1)>LPE(0:0/18:1),-0.271674310646826,7.13475573533525e-05,0.0002962577381493,metab-u-lrppos,4.146620890750024
TG(56:7)_isomer1 [metab-u-lrppos],TG(56:7)_isomer1,0.150899774195079,7.1917148238586e-05,0.0002966582364841,metab-u-lrppos,4.143167542198089
SM(d36:2) [metab-u-lrppos],SM(d36:2),0.105543859823207,7.67676329963011e-05,0.0003145967705142,metab-u-lrppos,4.114821849942754
alpha-Tocoquinone [metab-u-hilicpos],alpha-Tocoquinone,0.378398683887545,7.80159589975995e-05,0.0002437998718674,metab-u-hilicpos,4.1078165486473335
FA 16:3_isomer2 [metab-u-lrpneg],FA 16:3_isomer2,0.297399150255924,7.82921198055546e-05,0.000544029858136,metab-u-lrpneg,4.106281947995552
2-Acetylpyrrolidine [metab-u-rppos],2-Acetylpyrrolidine,-1.48147856575715,8.0792603671609e-05,0.0003616430831014,metab-u-rppos,4.092628395805057
PC(O-42:2) [metab-u-lrppos],PC(O-42:2),0.105185925753371,8.34096744632779e-05,0.0003395965317433,metab-u-lrppos,4.0787835737945946
TG(51:5) [metab-u-lrppos],TG(51:5),-0.268077470732038,8.41900665766431e-05,0.0003405623983455,metab-u-lrppos,4.074739147044797
Glycodeoxycholic acid/Glycochenodeoxycholic acid [metab-u-hilicpos],Glycodeoxycholic acid/Glycochenodeoxycholic acid,-0.874527467990635,8.65236360057245e-05,0.0002679935628495,metab-u-hilicpos,4.062865238377162
Nonadecenoic acid [metab-u-rpneg],Nonadecenoic acid,0.484239477599246,8.67177818978702e-05,0.0002268003526559,metab-u-rpneg,4.061891839221683
SM(d36:0) [metab-u-lrppos],SM(d36:0),0.11834944627202,8.82840811190227e-05,0.0003548340952668,metab-u-lrppos,4.054117598862169
Methionine [metab-t-amines],Methionine,-0.0907214341788425,8.97481411171173e-05,0.0002075425763333,metab-t-amines,4.046974537857598
SM(d39:1)_isomer2 [metab-u-lrppos],SM(d39:1)_isomer2,0.123043129227668,9.31798013824158e-05,0.00037212570361,metab-u-lrppos,4.030678219608046
Car(6:0) [metab-u-lrppos],Car(6:0),0.232412939732519,9.68068694381981e-05,0.0003841639692262,metab-u-lrppos,4.014093823959677
Tyrosine [metab-u-rpneg],Tyrosine,-0.314362620386767,9.78422802578097e-05,0.0002494978146574,metab-u-rpneg,4.009473434427982
PE(O-34:2)>PE(O-16:1/18:1) [metab-u-lrppos],PE(O-34:2)>PE(O-16:1/18:1),-0.115618451107892,9.94868128348573e-05,0.000392315922311,metab-u-lrppos,4.002234481994038
SM(d41:1)_isomer2 [metab-u-lrppos],SM(d41:1)_isomer2,0.123109356377025,0.0001034399632229,0.0004053553558798,metab-u-lrppos,3.985311642536928
TG(50:2)>TG(16:0_16:0_18:2) [metab-u-lrppos],TG(50:2)>TG(16:0_16:0_18:2),0.158984978968615,0.0001044380881714,0.000406724728469,metab-u-lrppos,3.981141086908562
FA 20:4;O [metab-u-lrpneg],FA 20:4;O,0.434834584182838,0.0001095560831884,0.0007386621351364,metab-u-lrpneg,3.9603635028882462
FA 28:5 [metab-u-lrpneg],FA 28:5,0.431682578610914,0.0001117533119579,0.0007386621351364,metab-u-lrpneg,3.9517395971112284
PS P-36:2 or PS O-36:3 [metab-u-hilicpos],PS P-36:2 or PS O-36:3,0.148797008500349,0.0001135596048494,0.000348144639937,metab-u-hilicpos,3.944776127347516
gamma-Aminobutyric acid [metab-u-hilicpos],gamma-Aminobutyric acid,0.114080015325854,0.0001143903816935,0.000348144639937,metab-u-hilicpos,3.941610490866845
LPC(18:2)_rp_b [metab-u-rppos],LPC(18:2)_rp_b,-0.104790235844135,0.0001149674526115,0.0005026483974644,metab-u-rppos,3.9394250914018154
Alanine [metab-u-hilicpos],Alanine,-0.128010448546515,0.0001187189532075,0.0003582037381263,metab-u-hilicpos,3.925479941396338
PC P-34:0 or PC O-34:1 [metab-u-hilicpos],PC P-34:0 or PC O-34:1,0.0685972595499074,0.0001286074506948,0.0003847231431041,metab-u-hilicpos,3.8907338704327494
Cer 18:1;O2/24:1 [metab-u-hilicpos],Cer 18:1;O2/24:1,0.191097212671348,0.0001318941915776,0.000391211585188,metab-u-hilicpos,3.8797743297102008
Cholesterol (-H2O) [metab-u-rppos],Cholesterol (-H2O),0.25737320533403,0.0001406572636667,0.0006009901265762,metab-u-rppos,3.851837835564814
LPC(20:3)>LPC(0:0/20:3) [metab-u-lrppos],LPC(20:3)>LPC(0:0/20:3),-0.174295337779075,0.0001427822423332,0.0005526201601414,metab-u-lrppos,3.845325801917357
TG(50:4)_isomer2 [metab-u-lrppos],TG(50:4)_isomer2,-0.19106527905365,0.0001579184530074,0.0006074531904027,metab-u-lrppos,3.801567119066792
N(6)-Methyllysine [metab-u-hilicpos],N(6)-Methyllysine,0.0816283267475306,0.000160272496614,0.0004713896959237,metab-u-hilicpos,3.795140997880304
PE(O-38:5)>PE(O-18:1/20:4) [metab-u-lrppos],PE(O-38:5)>PE(O-18:1/20:4),-0.156299846123638,0.000164560666124,0.0006291435223155,metab-u-lrppos,3.783673963332098
PC(39:4)_isomer1 [metab-u-lrppos],PC(39:4)_isomer1,0.120649582747578,0.0001680801832849,0.0006387046964826,metab-u-lrppos,3.774483487020611
"1,3-Dimethyluric acid [metab-u-rpneg]","1,3-Dimethyluric acid",-0.61104715450327,0.000171195491854,0.0004259009797345,metab-u-rpneg,3.7665076759246934
PC(38:5)>PC(18:1_20:4) [metab-u-lrpneg],PC(38:5)>PC(18:1_20:4),0.0930108817556601,0.0001752270826297,0.0011306318903011,metab-u-lrpneg,3.756398769585471
CAR 10:0;OH [metab-u-hilicpos],CAR 10:0;OH,0.404097964863027,0.000177883200672,0.0005188260019601,metab-u-hilicpos,3.7498650648444074
Taurodeoxycholic acid [metab-u-rpneg],Taurodeoxycholic acid,-0.911581728992903,0.0001804499023689,0.0004382354771818,metab-u-rpneg,3.743643348576264
Asparagine [metab-t-amines],Asparagine,-0.0815581309788298,0.0001826545405879,0.0003975422353973,metab-t-amines,3.7383695272420505
Serine [metab-u-ionpneg],Serine,-0.11005058300697,0.0001851184154504,0.0009410186118732,metab-u-ionpneg,3.73255037578695
PC(38:4)_isomer3 [metab-u-lrppos],PC(38:4)_isomer3,0.128260364060932,0.000189832015127,0.0007170161053292,metab-u-lrppos,3.721630542064285
PC(40:4)_isomer3 [metab-u-lrppos],PC(40:4)_isomer3,0.107235723262203,0.0001984888694036,0.0007452246773417,metab-u-lrppos,3.7022638420098355
Phenylalanine [metab-u-hilicpos],Phenylalanine,0.0595592509127698,0.0001997804452139,0.0005778773208668,metab-u-hilicpos,3.6994470233738754
DG(36:4) [metab-u-lrppos],DG(36:4),0.168995615602579,0.0002065079189981,0.0007707170548322,metab-u-lrppos,3.6850632897158864
Pipecolic acid [metab-u-rppos],Pipecolic acid,-0.270186665729696,0.0002124777751735,0.0008876849273915,metab-u-rppos,3.6726864897279783
Homocitrulline [metab-u-hilicpos],Homocitrulline,-0.428511055339523,0.0002136980189418,0.0006130680871282,metab-u-hilicpos,3.6701995038847492
SM(d41:2)_isomer2 [metab-u-lrppos],SM(d41:2)_isomer2,0.112671167382629,0.0002222472267941,0.0008245503621295,metab-u-lrppos,3.6531636494602626
Piperine [metab-u-hilicpos],Piperine,-0.317385871854846,0.0002298376306496,0.0006534161211057,metab-u-hilicpos,3.6385788640484282
PC 30:2 [metab-u-hilicpos],PC 30:2,-0.520569563526635,0.0002314959971917,0.0006534161211057,metab-u-hilicpos,3.6354565139876525
LPC(20:4)_rp_b [metab-u-rppos],LPC(20:4)_rp_b,0.174213153356117,0.0002323346497637,0.000949541612078,metab-u-rppos,3.633886015860573
Indoleacetic acid [metab-u-hilicpos],Indoleacetic acid,-0.426711704022702,0.0002374889352505,0.0006649690187016,metab-u-hilicpos,3.6243566196037125
Cer(d42:1)>Cer(d18:1/24:0) [metab-u-lrppos],Cer(d42:1)>Cer(d18:1/24:0),0.0958072721344472,0.0002457856878477,0.0009065154487089,metab-u-lrppos,3.609443409772327
p-Methylhippuric acid [metab-u-hilicpos],p-Methylhippuric acid,-0.38500154403469,0.0002514051213434,0.0006983475592873,metab-u-hilicpos,3.5996258795994476
SM(d35:0) [metab-u-lrppos],SM(d35:0),0.102950397944333,0.0002732609034789,0.0010019566460894,metab-u-lrppos,3.563422500096482
Paraxanthine [metab-u-rppos],Paraxanthine,-0.645948331644572,0.000276334109524,0.0011053364380963,metab-u-rppos,3.5585655042845277
beta-Alanine [metab-t-amines],beta-Alanine,-0.122866334412944,0.0002784390641588,0.0005723469652153,metab-t-amines,3.5552698345842564
SM(d36:1) [metab-u-rppos],SM(d36:1),0.197301531478178,0.0002917361082472,0.0011426330906349,metab-u-rppos,3.5350098148206337
LPC(22:5)>LPC(0:0/22:5) [metab-u-lrppos],LPC(22:5)>LPC(0:0/22:5),-0.318115796403866,0.0002927417994987,0.0010671459784051,metab-u-lrppos,3.5335152618656616
Aspartic Acid [metab-t-amines],Aspartic Acid,-0.176379568620654,0.0003059379535921,0.0005957739096268,metab-t-amines,3.51436664261924
PC 36:3 [metab-u-hilicpos],PC 36:3,0.130995448519261,0.0003059437058578,0.0008370641116022,metab-u-hilicpos,3.5143584770623435
SM 18:1;O2/14:1 [metab-u-hilicpos],SM 18:1;O2/14:1,0.0744374221223225,0.0003061263036716,0.0008370641116022,metab-u-hilicpos,3.5140993523737984
TG(54:3)>TG(18:0_18:1_18:2)_and_TG(18:1/18:1/18:1)_and_TG(16:0_18:2_20:1) [metab-u-lrppos],TG(54:3)>TG(18:0_18:1_18:2)_and_TG(18:1/18:1/18:1)_and_TG(16:0_18:2_20:1),-0.143811522041133,0.0003099022965237,0.0011231719070544,metab-u-lrppos,3.50877520541972
DG 36:3 [metab-u-hilicpos],DG 36:3,0.176208012007656,0.0003099451791521,0.0008409365325833,metab-u-hilicpos,3.5087151142210167
SM 18:1;O2/20:0 [metab-u-hilicpos],SM 18:1;O2/20:0,0.114389571582951,0.0003186419565209,0.0008578821906333,metab-u-hilicpos,3.4966970399416173
PC(34:3)_isomer1 [metab-u-lrppos],PC(34:3)_isomer1,0.170254079473374,0.00033564449008,0.0012094775590816,metab-u-lrppos,3.474120477772946
SM(d36:0) [metab-u-lrpneg],SM(d36:0),0.114864579185422,0.0003469912811504,0.0021275122350525,metab-u-lrpneg,3.4596814375890736
FA 18:2;O2 [metab-u-lrpneg],FA 18:2;O2,0.199292241000041,0.0003530275608957,0.0021275122350525,metab-u-lrpneg,3.4521913878765544
FA 16:1_isomer2 [metab-u-lrpneg],FA 16:1_isomer2,0.549986823575768,0.0003532769393998,0.0021275122350525,metab-u-lrpneg,3.4518847107629553
PC(O-38:3)_isomer2 [metab-u-lrppos],PC(O-38:3)_isomer2,0.137847075136271,0.0003625532310677,0.0012989764335969,metab-u-lrppos,3.440628220095019
Adenosine [metab-u-ionpneg],Adenosine,-0.418815143771061,0.0003677510862005,0.0017256012506331,metab-u-ionpneg,3.4344460358534934
DG 36:4 [metab-u-hilicpos],DG 36:4,0.188738228404176,0.0003969086653874,0.0010604429991268,metab-u-hilicpos,3.401309419387495
SM 18:1;O2/14:0 [metab-u-hilicpos],SM 18:1;O2/14:0,0.0725551571078817,0.0004161226764097,0.0011033555813893,metab-u-hilicpos,3.380778616888476
FA 14:2;O [metab-u-lrpneg],FA 14:2;O,0.245861367467963,0.0004199160838031,0.0024738534502316,metab-u-lrpneg,3.3768374905129073
PC(O-37:3) [metab-u-lrppos],PC(O-37:3),-0.138757601732944,0.0004250435979672,0.0015094520448602,metab-u-lrppos,3.3715665208074115
TG(54:8)_isomer1 [metab-u-lrppos],TG(54:8)_isomer1,-0.302422293618587,0.000426113256683,0.0015094520448602,metab-u-lrppos,3.3704749543827024
Eicosatetraenoic acid [metab-u-rpneg],Eicosatetraenoic acid,0.470301610022492,0.0004324806273108,0.0010258842787374,metab-u-rpneg,3.3640333417031067
Glucose [metab-t-conv],Glucose,-0.0806823587652898,0.0004435029780562,0.0007391716300937,metab-t-conv,3.353103459599939
Car(11:1) [metab-u-lrppos],Car(11:1),-0.157695649651036,0.0004566927262956,0.0016086872999289,metab-u-lrppos,3.3403759053074724
PE P-36:4 or PE O-36:5 [metab-u-hilicpos],PE P-36:4 or PE O-36:5,-0.0879670394498753,0.0004632292986995,0.0012190244702619,metab-u-hilicpos,3.334203979804985
5-Hydroxy-tryptophan [metab-u-rppos],5-Hydroxy-tryptophan,-0.193927509178677,0.0004654212154796,0.0017856977246975,metab-u-rppos,3.3321538239807014
DG(40:7)>DG(18:1_22:6_0:0) [metab-u-lrppos],DG(40:7)>DG(18:1_22:6_0:0),0.182293930724747,0.0004693044434228,0.0016358006402534,metab-u-lrppos,3.3285453338231603
PE(O-36:2)>PE(O-18:1/18:1) [metab-u-lrppos],PE(O-36:2)>PE(O-18:1/18:1),-0.0967184962634562,0.0004696078393072,0.0016358006402534,metab-u-lrppos,3.3282646618893983
FA 21:5 [metab-u-lrpneg],FA 21:5,0.363172877490879,0.0004915038882963,0.0028339905048574,metab-u-lrpneg,3.3084730421066215
Pantothenic acid [metab-u-hilicpos],Pantothenic acid,0.218259963030267,0.0004954793926861,0.0012941625928368,metab-u-hilicpos,3.304974403396308
SM(d36:1)_isomer2 [metab-u-lrppos],SM(d36:1)_isomer2,0.100727708988376,0.0005001053724096,0.0017324092182368,metab-u-lrppos,3.3009384799948007
SM(d41:2)_isomer1 [metab-u-lrppos],SM(d41:2)_isomer1,0.102763925208112,0.0005151025720949,0.0017745566632062,metab-u-lrppos,3.288106281523356
Isocitrate [metab-t-tca],Isocitrate,0.10659277944394,0.0005628807056165,0.003095843880891,metab-t-tca,3.249583637799025
SM(d42:0) [metab-u-lrppos],SM(d42:0),0.14772862638377,0.0005654387203644,0.0019373228287897,metab-u-lrppos,3.247614455017325
Serine [metab-u-hilicpos],Serine,-0.0896410972014348,0.0005691171366384,0.0014754888727663,metab-u-hilicpos,3.2447983371900473
Pregnenolone sulfate [metab-u-rpneg],Pregnenolone sulfate,-0.355533111962139,0.0005816199378514,0.0013210649000063,metab-u-rpneg,3.235360714338789
Docosapentaenoic acid [metab-u-rpneg],Docosapentaenoic acid,0.396138520279244,0.0005828227500028,0.0013210649000063,metab-u-rpneg,3.2344635042461722
TG(52:1)>TG(16:0_18:0_18:1) [metab-u-lrppos],TG(52:1)>TG(16:0_18:0_18:1),-0.182137635057178,0.0005897900523776,0.0020097737110912,metab-u-lrppos,3.2293025566976645
FA(18:3) [metab-u-lrpneg],FA(18:3),0.291551172756257,0.0005943836969429,0.0033557912889904,metab-u-lrpneg,3.2259331111331426
PC(O-40:1) [metab-u-lrppos],PC(O-40:1),0.165018196206805,0.0005992361780615,0.0020309247764571,metab-u-lrppos,3.222401974584003
PE P-34:2 or PE O-34:3 [metab-u-hilicpos],PE P-34:2 or PE O-34:3,-0.0960332315599537,0.0006044229303853,0.0015555001884917,metab-u-hilicpos,3.218659067908625
PC(O-32:1) [metab-u-lrppos],PC(O-32:1),0.0848141351249581,0.0006361830911394,0.0021445526781957,metab-u-lrppos,3.1964178780177814
CAR(2:0) [metab-u-rppos],CAR(2:0),0.583257105119575,0.0006431695131201,0.0024183173693319,metab-u-rppos,3.19167454976568
PC(39:4)_isomer2 [metab-u-lrppos],PC(39:4)_isomer2,0.0815011403492818,0.0006459128238495,0.0021657077034955,metab-u-lrppos,3.1898260929583397
FA 20:2 [metab-u-lrpneg],FA 20:2,0.38437679956327,0.0006628730869438,0.0036660940114651,metab-u-lrpneg,3.1785696132483765
SM 18:1;O2/21:0 [metab-u-hilicpos],SM 18:1;O2/21:0,0.111089403260589,0.00066591693326,0.0017012476397155,metab-u-hilicpos,3.176579941515509
1-Methylguanosine [metab-u-hilicpos],1-Methylguanosine,0.108437461585599,0.0006954713820284,0.0017638766935503,metab-u-hilicpos,3.1577207361002
PC(36:3)_isomer2 [metab-u-lrppos],PC(36:3)_isomer2,0.134491081865558,0.0006962666959828,0.0023221235020278,metab-u-lrppos,3.1572243776189146
PI(34:2) [metab-u-lrppos],PI(34:2),0.09060783674148,0.0007212279131579,0.0023926449817462,metab-u-lrppos,3.1419274734417866
Thiamine [metab-u-hilicpos],Thiamine,-0.287196847155228,0.0007321684218422,0.0018435895514013,metab-u-hilicpos,3.135389006013654
PC(34:1) [metab-u-lrppos],PC(34:1),0.120042331012833,0.0007325346864655,0.0024173644653364,metab-u-lrppos,3.1351718060811504
Caffeine [metab-u-rppos],Caffeine,-0.805532353836846,0.0007491923340569,0.0027540517839753,metab-u-rppos,3.1254066750952787
Car(20:2) [metab-u-lrppos],Car(20:2),0.185913095063242,0.0007601076139245,0.0024952223766004,metab-u-lrppos,3.11912491715994
Phe-Phe [metab-u-rppos],Phe-Phe,-0.165306791657896,0.0007617590040782,0.0027540517839753,metab-u-rppos,3.1181824036647035
PI(36:2)>PI(18:1_18:1) [metab-u-lrpneg],PI(36:2)>PI(18:1_18:1),-0.573268685947646,0.0007630193855212,0.0041355650695254,metab-u-lrpneg,3.1174644280766572
PE 40:6 [metab-u-hilicpos],PE 40:6,0.110584236294248,0.0007683743036186,0.0019209357590465,metab-u-hilicpos,3.1144271674741266
TG(56:6)>TG(18:1_18:1_20:4)_and_TG(16:0_18:1_22:5)_isomer2 [metab-u-lrppos],TG(56:6)>TG(18:1_18:1_20:4)_and_TG(16:0_18:1_22:5)_isomer2,0.139108355414052,0.0007915585523485,0.0025849333975131,metab-u-lrppos,3.101516954432288
Valine [metab-u-hilicpos],Valine,-0.0461315351530587,0.0007974109643863,0.0019793889186896,metab-u-hilicpos,3.098317797091319
2-Piperidinone [metab-u-rppos],2-Piperidinone,-0.383875014766282,0.0008370869172118,0.0029692894421853,metab-u-rppos,3.0772294455841913
Glycocholic acid [metab-u-hilicpos],Glycocholic acid,-1.18626705369628,0.0008419645145717,0.0020719783144643,metab-u-hilicpos,3.0747062118856863
SM 18:1;O2/16:0 [metab-u-hilicpos],SM 18:1;O2/16:0,0.0761327607334188,0.0008465511399097,0.0020719783144643,metab-u-hilicpos,3.072346801158435
SM(d31:1) [metab-u-lrppos],SM(d31:1),0.0712051209295552,0.0008637518975167,0.0028048183599832,metab-u-lrppos,3.0636109855452394
SM(d37:1)_isomer1 [metab-u-lrppos],SM(d37:1)_isomer1,0.0847088311178297,0.0008678385356248,0.0028048183599832,metab-u-lrppos,3.0615610693051796
FA 19:3;O2 [metab-u-lrpneg],FA 19:3;O2,-0.241050507383459,0.000879543907908,0.0046736548831975,metab-u-lrpneg,3.0557424751534494
Cer 18:1;O2/16:1 [metab-u-hilicpos],Cer 18:1;O2/16:1,0.360910766956394,0.0009306501881835,0.0022619969851683,metab-u-hilicpos,3.0312135305009895
CAR(14:0) [metab-u-rppos],CAR(14:0),0.255706755354581,0.0009365894829814,0.0032607189407502,metab-u-rppos,3.0284507232449362
Aspartic acid [metab-u-ionpneg],Aspartic acid,-0.178995630380243,0.0009846460319162,0.0040297353575651,metab-u-ionpneg,3.00671986494769
Pyruvic acid [metab-u-ionpneg],Pyruvic acid,-0.160677445947695,0.0009909185305487,0.0040297353575651,metab-u-ionpneg,3.0039620500430573
SM(d43:2)_isomer1 [metab-u-lrppos],SM(d43:2)_isomer1,0.127588148945087,0.0010215876773644,0.0032847973010642,metab-u-lrppos,2.9907243542772566
CAR 10:0 [metab-u-hilicpos],CAR 10:0,0.322671013339377,0.0010419398588991,0.0025150272456186,metab-u-hilicpos,2.982157347929046
SM(d44:3) [metab-u-lrppos],SM(d44:3),0.0632649575663748,0.0010841060462042,0.0034680331171943,metab-u-lrppos,2.9649282334538163
ATP [metab-u-ionpneg],ATP,-0.484605704708731,0.001084601421027,0.0041350429176656,metab-u-ionpneg,2.964729830894681
SM(d40:1)_isomer2 [metab-u-lrppos],SM(d40:1)_isomer2,0.102940589196795,0.001167780006403,0.0037167414416989,metab-u-lrppos,2.9326389645901108
Uric acid [metab-u-hilicpos],Uric acid,0.0885233277912114,0.0011758416254746,0.0028187984172338,metab-u-hilicpos,2.929651169598595
PI(38:6) [metab-u-lrppos],PI(38:6),0.103824497931555,0.0011869665313503,0.003758727349276,metab-u-lrppos,2.9255615265844175
Cer(d43:2) [metab-u-lrppos],Cer(d43:2),0.300465467858341,0.0012271109744954,0.0038663245276816,metab-u-lrppos,2.911116159822613
CAR(5:0(OH)) [metab-u-rppos],CAR(5:0(OH)),-0.224061055616495,0.0012359056321778,0.0042245501608988,metab-u-rppos,2.908014688623465
TG(53:3)>TG(17:0_18:1_18:2)_and_TG(17:1_18:1_18:1)_isomer3 [metab-u-lrppos],TG(53:3)>TG(17:0_18:1_18:2)_and_TG(17:1_18:1_18:1)_isomer3,-0.160577897203286,0.0012492093135867,0.0039106144935093,metab-u-lrppos,2.903364786510177
SM(d42:2)_isomer3 [metab-u-lrppos],SM(d42:2)_isomer3,0.0963966874260009,0.0012536419668187,0.0039106144935093,metab-u-lrppos,2.901826477888608
HexCer(d40:1)>HexCer(d18:1_22:0) [metab-u-lrppos],HexCer(d40:1)>HexCer(d18:1_22:0),0.0793229622789724,0.0012843628233268,0.0039866113377522,metab-u-lrppos,2.8913122738449437
Glutamine [metab-t-amines],Glutamine,0.0657525110698103,0.001317722243234,0.0024377861499829,metab-t-amines,2.880176123082854
FA 21:3;O_isomer1 [metab-u-lrpneg],FA 21:3;O_isomer1,-0.249442359631555,0.0013494983530996,0.0070329625709617,metab-u-lrpneg,2.8698276411113124
Pipecolic acid [metab-u-hilicpos],Pipecolic acid,-0.160126752064704,0.0013509814230875,0.0032166224359226,metab-u-hilicpos,2.8693506227811216
TG(51:3)_isomer1 [metab-u-lrppos],TG(51:3)_isomer1,-0.177970550650024,0.0013627470828777,0.0042090759653417,metab-u-lrppos,2.8655847389582907
PE(34:2) [metab-u-lrppos],PE(34:2),-0.128184502975934,0.001395388181429,0.004288766616451,metab-u-lrppos,2.855304959701368
Hydroxylysine [metab-t-amines],Hydroxylysine,-0.0338007252050687,0.0014082594389282,0.0024812190114449,metab-t-amines,2.8513173292027165
PC(41:6) [metab-u-lrppos],PC(41:6),0.110062084078738,0.0014274004792119,0.0043657565876385,metab-u-lrppos,2.8454541617761975
PC(O-40:4)_isomer3 [metab-u-lrppos],PC(O-40:4)_isomer3,0.0729200449612932,0.0015388337145391,0.0046837317427962,metab-u-lrppos,2.81280830723792
Glutamic acid [metab-u-hilicpos],Glutamic acid,-0.3536247851506,0.0015512542497834,0.0036685066717852,metab-u-hilicpos,2.809317015707588
Indole-3-methyl acetate [metab-u-rppos],Indole-3-methyl acetate,-0.27409749194711,0.0015949217966326,0.0053543803172666,metab-u-rppos,2.797260606728161
Glutamic acid [metab-u-ionpneg],Glutamic acid,-0.298317078765567,0.0015971944937615,0.0057311096540857,metab-u-ionpneg,2.796642195681005
SM(d40:2)_isomer1 [metab-u-lrppos],SM(d40:2)_isomer1,0.0886931079431648,0.0016366143976444,0.0049572812914158,metab-u-lrppos,2.7860536325623344
Aspartate [metab-t-tca],Aspartate,-0.228180766524817,0.0016506942843314,0.0048477157470377,metab-t-tca,2.7823333524925005
Acetylphosphate [metab-u-ionpneg],Acetylphosphate,0.69618209897344,0.0017145722853998,0.0058104949671885,metab-u-ionpneg,2.7658442005528356
PC(36:3)>PC(18:1_18:2) [metab-u-lrpneg],PC(36:3)>PC(18:1_18:2),-0.0832271975491672,0.0017344339704309,0.0087892334456497,metab-u-lrpneg,2.7608422290149717
FA 20:1;O [metab-u-lrpneg],FA 20:1;O,-0.241082980790306,0.0017513601699818,0.0087892334456497,metab-u-lrpneg,2.7566245313862585
SM(d39:1)_isomer1 [metab-u-lrppos],SM(d39:1)_isomer1,0.0844929615335275,0.0018307441022521,0.0055186372697697,metab-u-lrppos,2.7373723562699013
SM 18:1;O2/21:2 [metab-u-hilicpos],SM 18:1;O2/21:2,0.235830115631737,0.0018759667244428,0.0044066332453356,metab-u-hilicpos,2.7267748693253133
Arachidic acid [metab-u-rpneg],Arachidic acid,0.369711707838484,0.0018999105285113,0.00421284508496,metab-u-rpneg,2.7212668505675666
Oxoglutaric acid [metab-u-ionpneg],Oxoglutaric acid,0.148957732254534,0.0019539705624626,0.0062732739110642,metab-u-ionpneg,2.70908198343012
Car(20:3) [metab-u-lrppos],Car(20:3),0.118421583621835,0.0019654224500045,0.0058962673500137,metab-u-lrppos,2.706544087534331
Car(10:0) [metab-u-lrppos],Car(10:0),0.283407412654569,0.0019928641514428,0.0059501229664509,metab-u-lrppos,2.7005223050574667
PC(32:1) [metab-u-rppos],PC(32:1),0.258847288837707,0.002004995838836,0.0066129687315996,metab-u-rppos,2.697886524376686
PC P-36:5 or PC O-36:6 [metab-u-hilicpos],PC P-36:5 or PC O-36:6,-0.105076972006316,0.0020128770296113,0.0046967130690932,metab-u-hilicpos,2.6961827561558227
Caffeine [metab-u-hilicpos],Caffeine,-0.179160743805618,0.0020352993760537,0.0047175813352239,metab-u-hilicpos,2.691371700539294
N-Methyl-D-aspartic acid [metab-u-rpneg],N-Methyl-D-aspartic acid,-0.163159870512201,0.0021214491133699,0.004566576203419,metab-u-rpneg,2.6733673810775227
Phenyllactic acid [metab-u-rpneg],Phenyllactic acid,-0.254099260901967,0.002148977036903,0.004566576203419,metab-u-rpneg,2.667768225178448
Glutamate [metab-t-tca],Glutamate,-0.249779449280882,0.0021514609566163,0.0048477157470377,metab-t-tca,2.66726653081775
LPC(16:0)>LPC(0:0/16:0) [metab-u-lrppos],LPC(16:0)>LPC(0:0/16:0),-0.109442515115763,0.0021854793386622,0.0064942916840817,metab-u-lrppos,2.660453294938415
2-Hydroxyglutarate [metab-t-tca],2-Hydroxyglutarate,0.0555588051172226,0.0022035071577444,0.0048477157470377,metab-t-tca,2.656885534414853
TG(54:3)>TG(18:1/18:1/18:1) [metab-u-lrppos],TG(54:3)>TG(18:1/18:1/18:1),-0.134610684308239,0.002213170157399,0.0065455551353265,metab-u-lrppos,2.6549851944873084
Phenylacetic acid [metab-u-rpneg],Phenylacetic acid,-0.184162872618494,0.0022572402194125,0.0046987449465322,metab-u-rpneg,2.6464222200920107
PC(O-36:4)>PC(O-16:1/20:3) _isomer1 [metab-u-lrpneg],PC(O-36:4)>PC(O-16:1/20:3) _isomer1,-0.0578635417472135,0.0022714898422649,0.0111922499500689,metab-u-lrpneg,2.643689200939677
PC 33:0 [metab-u-hilicpos],PC 33:0,0.0893822171569241,0.0022788536514663,0.0052473603816658,metab-u-hilicpos,2.6422835644209597
2-Aminooctanoic acid [metab-u-rppos],2-Aminooctanoic acid,-0.224932629722044,0.00228163637859,0.0073517064429053,metab-u-rppos,2.641753567347625
PC(40:6)_isomer2 [metab-u-lrppos],PC(40:6)_isomer2,0.136952376038145,0.0022853318624032,0.0067272444963701,metab-u-lrppos,2.6410507253335664
SM(d35:1) [metab-u-rppos],SM(d35:1),0.14584422097705,0.0023071844687841,0.0073517064429053,metab-u-rppos,2.636917680480111
LPC(O-16:0) [metab-u-lrppos],LPC(O-16:0),-0.0840075248504029,0.0023989029028655,0.0070285613088631,metab-u-lrppos,2.619987330024297
Glutamine [metab-u-rpneg],Glutamine,0.115301679817669,0.0024117349064027,0.0049199392090615,metab-u-rpneg,2.617670430782978
LPC 22:6 [metab-u-hilicpos],LPC 22:6,0.121533116170774,0.0024557116376039,0.0056176410010548,metab-u-hilicpos,2.6098226316472997
DG 34:3 [metab-u-hilicpos],DG 34:3,0.274680389580315,0.0024916355920086,0.0056628081636559,metab-u-hilicpos,2.603515474032231
Theobromine [metab-u-rppos],Theobromine,-0.429641870486808,0.0025447915551718,0.0079736802062049,metab-u-rppos,2.594347785093861
Phosphoserine [metab-u-ionpneg],Phosphoserine,-0.338963436008267,0.0025666574631062,0.0078283052624739,metab-u-ionpneg,2.590632086844333
Acisoga [metab-u-hilicpos],Acisoga,0.0907641599203792,0.002567859714203,0.0057983929030391,metab-u-hilicpos,2.590428706075036
SM(d42:2)_isomer2 [metab-u-lrppos],SM(d42:2)_isomer2,0.0932670381300618,0.0025830996987494,0.0075330395865855,metab-u-lrppos,2.587858831232367
PI(36:3)>PI(18:1_18:2) [metab-u-lrpneg],PI(36:3)>PI(18:1_18:2),-0.174666087248362,0.0026252863156893,0.0127045105634253,metab-u-lrpneg,2.5808233251939856
Tauroursodeoxycholic acid [metab-u-rpneg],Tauroursodeoxycholic acid,-0.303785803015906,0.0026491663147442,0.0052983326294884,metab-u-rpneg,2.5768907758257096
LPC 20:4 [metab-u-hilicpos],LPC 20:4,-0.0865711332935319,0.0029474037975206,0.0066127649303348,metab-u-hilicpos,2.5305603612584164
PE P-36:2 or PE O-36:3 [metab-u-hilicpos],PE P-36:2 or PE O-36:3,-0.0754149685110264,0.0030105169477516,0.006711343514096,metab-u-hilicpos,2.521358923582466
TG(49:0)_isomer1 [metab-u-lrppos],TG(49:0)_isomer1,-0.274859710456031,0.0030119985482654,0.0087431624526039,metab-u-lrppos,2.521145241794205
Ile-Ile [metab-u-rppos],Ile-Ile,-0.186783262660375,0.0030159209144507,0.0092949693756842,metab-u-rppos,2.5205800510210907
Cer(d43:1)>Cer(d19:1/24:0) [metab-u-lrppos],Cer(d43:1)>Cer(d19:1/24:0),0.0684827585065051,0.003076170758361,0.0088882906243888,metab-u-lrppos,2.511989560497529
SM(d40:2)_isomer2 [metab-u-lrppos],SM(d40:2)_isomer2,0.0933324496078853,0.0031675864916782,0.0091104437168909,metab-u-lrppos,2.4992715177718337
LPC(20:3)>LPC(20:3/0:0) [metab-u-lrppos],LPC(20:3)>LPC(20:3/0:0),-0.125539491506036,0.0032256024474368,0.0092349439933466,metab-u-lrppos,2.491389160048051
PC(35:4) [metab-u-lrppos],PC(35:4),0.080957740111451,0.0032978270613919,0.0093988071249671,metab-u-lrppos,2.481772122570355
Cer 18:1;O2/15:0 [metab-u-hilicpos],Cer 18:1;O2/15:0,0.254186980656506,0.0033030286626629,0.0073168356451395,metab-u-hilicpos,2.4810876576188114
Cortisone [metab-u-hilicpos],Cortisone,-0.305587693314537,0.0033276833068391,0.007325089040212,metab-u-hilicpos,2.477858011899561
ST 24:1;O3_isomer2 [metab-u-lrpneg],ST 24:1;O3_isomer2,-0.313063177315932,0.0033703240839513,0.016023821521944,metab-u-lrpneg,2.472328336189646
"N,N-diphenyl-guanidine [metab-u-lrppos]","N,N-diphenyl-guanidine",-0.942957103088762,0.0034381889375382,0.0097544998363642,metab-u-lrppos,2.463670261367504
FA 20:3;O [metab-u-lrpneg],FA 20:3;O,0.189024539706708,0.003531428190378,0.0164472101700515,metab-u-lrpneg,2.4520496204590154
FA 16:0;O [metab-u-lrpneg],FA 16:0;O,0.564427844376375,0.0036121734211277,0.0164472101700515,metab-u-lrpneg,2.4422314072979523
PC(40:6)>PC(18:0_22:6) [metab-u-lrpneg],PC(40:6)>PC(18:0_22:6),0.148964408584998,0.0036414487461368,0.0164472101700515,metab-u-lrpneg,2.4387257984178294
SM(d43:1) [metab-u-lrppos],SM(d43:1),0.100911460487563,0.0036667782608273,0.0103561710339584,metab-u-lrppos,2.435715352109433
Glutamic Acid [metab-t-amines],Glutamic Acid,-0.227322903404617,0.0037028884139686,0.0062275850598563,metab-t-amines,2.4314593751576523
DG(36:4)>DG(18:2_18:2_0:0) M + NH3 [metab-u-lrppos],DG(36:4)>DG(18:2_18:2_0:0) M + NH3,0.144546442222733,0.0037607466181289,0.0105739378007482,metab-u-lrppos,2.4247259263636747
Ala-Leu [metab-u-rppos],Ala-Leu,0.323212025589932,0.0037779702030243,0.0114557806156222,metab-u-rppos,2.422741471695592
LPC(17:1)>LPC(17:1/0:0) [metab-u-lrppos],LPC(17:1)>LPC(17:1/0:0),-0.19226243652157,0.0038249359238471,0.0107064054654114,metab-u-lrppos,2.4173758358444064
PI(36:3)_isomer2 [metab-u-lrppos],PI(36:3)_isomer2,0.0846457537132501,0.0038453495628381,0.0107157074484422,metab-u-lrppos,2.4150641743772083
PE(O-35:2) [metab-u-lrppos],PE(O-35:2),0.096782928512642,0.0038873278091001,0.0107847545854239,metab-u-lrppos,2.4103488348046884
CAR(16:3) [metab-u-rppos],CAR(16:3),0.229667278883927,0.0039223087861378,0.011653040436067,metab-u-rppos,2.4064582192258883
1-Methyluric acid [metab-u-rppos],1-Methyluric acid,-0.464489885809174,0.0040427825029184,0.011653040436067,metab-u-rppos,2.393319622584996
LPE(18:2)_rp_a [metab-u-rppos],LPE(18:2)_rp_a,-0.138154729805706,0.0040861409587714,0.011653040436067,metab-u-rppos,2.388686655676974
Edetic acid [metab-u-rppos],Edetic acid,0.0986770496791536,0.0040909610041511,0.011653040436067,metab-u-rppos,2.388174660262739
CAR(4:0)_rp_b [metab-u-rppos],CAR(4:0)_rp_b,-0.216058937274099,0.0041671829515427,0.0116929909685081,metab-u-rppos,2.3801574323237937
Sarcosine [metab-t-amines],Sarcosine,-0.106837798460247,0.0041786488554562,0.0067221742457339,metab-t-amines,2.3789641224062827
TG(60:10)_isomer1 [metab-u-lrppos],TG(60:10)_isomer1,0.142722816993963,0.0041817387238188,0.0115504413208564,metab-u-lrppos,2.378643105508906
alpha-N-Phenylacetylglutamine [metab-u-rpneg],alpha-N-Phenylacetylglutamine,-0.234427511624158,0.0042147073686808,0.008267310607797,metab-u-rpneg,2.3752325734897695
N-Acetylisoputreanine [metab-u-hilicpos],N-Acetylisoputreanine,0.0802894085088788,0.0042172958289412,0.0092253346258089,metab-u-hilicpos,2.374965933637606
TG(50:0)>TG(16:0_16:0_18:0) [metab-u-lrppos],TG(50:0)>TG(16:0_16:0_18:0),-0.362659424460471,0.004257781467468,0.0117088990355373,metab-u-lrppos,2.3708166326835833
Inosine [metab-u-ionpneg],Inosine,0.620431404961842,0.004287153535277,0.0124531602691382,metab-u-ionpneg,2.3678309628785503
TG(53:2)_isomer2 [metab-u-lrppos],TG(53:2)_isomer2,-0.124588022088972,0.00439894035144,0.0120442602635498,metab-u-lrppos,2.356651926910633
Guanine [metab-u-rppos],Guanine,-0.189343445785028,0.0044294023982672,0.0122459948657976,metab-u-rppos,2.3536548635381034
TG(47:0)>TG(14:0_16:0_17:0) [metab-u-lrppos],TG(47:0)>TG(14:0_16:0_17:0),-0.292350601330963,0.0044979371042993,0.0122617676712856,metab-u-lrppos,2.3469866216986808
PC(36:5)_isomer3 [metab-u-lrppos],PC(36:5)_isomer3,0.114445289675253,0.0045990435862509,0.0124831183055383,metab-u-lrppos,2.3373324744923782
DG(38:5)>DG(18:1_20:4_0:0) [metab-u-lrppos],DG(38:5)>DG(18:1_20:4_0:0),0.0936040842773593,0.0046465860889237,0.0125577994730826,metab-u-lrppos,2.332866012113889
Car(10:0-OH) [metab-u-lrppos],Car(10:0-OH),0.176010566388982,0.0047075232762442,0.0126678845244855,metab-u-lrppos,2.3272075239465764
CAR 8:0 [metab-u-hilicpos],CAR 8:0,0.258367195473397,0.004779781834587,0.0103908300751891,metab-u-hilicpos,2.3205919256048864
PC(O-42:4) [metab-u-lrppos],PC(O-42:4),0.14820132416337,0.0048240937824619,0.0129260974427505,metab-u-lrppos,2.316584257913966
Phosphoglyceric acid [metab-u-ionpneg],Phosphoglyceric acid,0.405821518969422,0.0048245014514149,0.0133770267516505,metab-u-ionpneg,2.316547558607477
PC P-30:0 or PC O-30:1 [metab-u-hilicpos],PC P-30:0 or PC O-30:1,0.121168054474062,0.004856035885946,0.0104914355560563,metab-u-hilicpos,2.3137181124989565
PC(O-36:2)_isomer1 [metab-u-lrppos],PC(O-36:2)_isomer1,0.0802161442030069,0.0048938401484758,0.0130571820131674,metab-u-lrppos,2.310350220470269
CAR 26:0 [metab-u-hilicpos],CAR 26:0,0.0716207198789167,0.0049100682617347,0.0105430913595532,metab-u-hilicpos,2.3089124700993064
3-Methylhistidine [metab-t-amines],3-Methylhistidine,-0.0986805773775621,0.0049497470514545,0.0076308600376591,metab-t-amines,2.3054169943925777
PC(42:2)_isomer1 [metab-u-lrppos],PC(42:2)_isomer1,0.27351287996251,0.0050645666879042,0.013455437768288,metab-u-lrppos,2.2954577059013803
UDP-N-acetylglucosamine [metab-u-ionpneg],UDP-N-acetylglucosamine,-0.335535886643385,0.0051369162210625,0.013623995194992,metab-u-ionpneg,2.289297517208689
SM(d42:3)_isomer2 [metab-u-lrppos],SM(d42:3)_isomer2,0.0872860197046776,0.0051744848626842,0.0136894599531774,metab-u-lrppos,2.286132879190737
PC 28:0 [metab-u-hilicpos],PC 28:0,-0.166770053668714,0.0051992340254073,0.0110959262737353,metab-u-hilicpos,2.2840606338732896
gamma-Glutamylleucine [metab-u-rpneg],gamma-Glutamylleucine,-0.329740649752139,0.0053268887200696,0.0102517481027756,metab-u-rpneg,2.2735263756320108
Citramalic acid [metab-u-rpneg],Citramalic acid,0.164649410118226,0.0054454328319846,0.0102858175715265,metab-u-rpneg,2.2639675944992774
PE(O-36:1) [metab-u-lrppos],PE(O-36:1),-0.112661676719014,0.0054581605143625,0.0143792716071651,metab-u-lrppos,2.2629536966842863
Docosatetraenoic acid [metab-u-rpneg],Docosatetraenoic acid,0.724042259077788,0.0055628793777073,0.0103166126641119,metab-u-rpneg,2.2547003569500688
PC(30:0)_isomer1 [metab-u-lrppos],PC(30:0)_isomer1,-0.085898282331133,0.0056141232014385,0.0146617987556153,metab-u-lrppos,2.250718061042903
PC(O-32:0) [metab-u-lrppos],PC(O-32:0),0.077311112831925,0.0056298412387686,0.0146617987556153,metab-u-lrppos,2.249503852057874
TG(54:7)_isomer1 [metab-u-lrppos],TG(54:7)_isomer1,-0.251465631036929,0.0056355558215363,0.0146617987556153,metab-u-lrppos,2.2490632440682963
5-Acetylamino-6-amino-3-methyluracil [metab-u-hilicpos],5-Acetylamino-6-amino-3-methyluracil,-0.474679883453922,0.0056969274097645,0.0120843914752582,metab-u-hilicpos,2.2443593142873195
PC(O-34:2)>PC(O-16:0/18:2) [metab-u-lrpneg],PC(O-34:2)>PC(O-16:0/18:2),-0.148319482938188,0.0057442358731886,0.0255194741251495,metab-u-lrpneg,2.2407677351444093
PE(O-38:5) [metab-u-lrppos],PE(O-38:5),-0.191916443893568,0.0058222630717642,0.0150849543222984,metab-u-lrppos,2.234908175394226
N-Acetylglycine [metab-u-rppos],N-Acetylglycine,0.210574543314467,0.005908915435954,0.0160996536515849,metab-u-rppos,2.228492225278641
PC(38:5)_isomer5 [metab-u-lrppos],PC(38:5)_isomer5,0.159159729783585,0.0060202859420219,0.0155338242207726,metab-u-lrppos,2.220382880819736
Deoxyuridine [metab-u-ionpneg],Deoxyuridine,0.0965513279679939,0.0060436032650327,0.0153608249652915,metab-u-ionpneg,2.218704052847622
PC(40:6)_isomer4 [metab-u-lrppos],PC(40:6)_isomer4,0.0717307165291601,0.0060630081825449,0.0155799431576052,metab-u-lrppos,2.2173118456473198
PC(O-40:6)_isomer3 [metab-u-lrppos],PC(O-40:6)_isomer3,0.0720263716142,0.0061086075629749,0.0156330487427971,metab-u-lrppos,2.2140577744765966
LPE(18:2)_rp_b [metab-u-rppos],LPE(18:2)_rp_b,0.129050607231122,0.0062465636715802,0.0167764852893871,metab-u-rppos,2.2043588288775844
SM(d38:1)_isomer2 [metab-u-lrppos],SM(d38:1)_isomer2,0.084284531914296,0.0062579262421101,0.0159500803000125,metab-u-lrppos,2.2035695598912244
PC(35:3)_isomer2 [metab-u-lrppos],PC(35:3)_isomer2,0.109117834015443,0.0063304413676547,0.0160695819332773,metab-u-lrppos,2.1985660092789256
TG(54:4)>TG(18:1_18:1_18:2)_isomer2 [metab-u-lrppos],TG(54:4)>TG(18:1_18:1_18:2)_isomer2,-0.37444794387989,0.0063765195485538,0.0161192747539928,metab-u-lrppos,2.195416304554624
SM(d44:2) [metab-u-lrppos],SM(d44:2),0.107176697967596,0.0064014344716813,0.0161192747539928,metab-u-lrppos,2.1937226958083738
LPE(O-16:1) [metab-u-lrppos],LPE(O-16:1),-0.124098051126783,0.0064425668443351,0.0161579576455925,metab-u-lrppos,2.1909410667661486
PC(O-36:1) [metab-u-lrppos],PC(O-36:1),0.141933411254001,0.0065132500816427,0.0162701506023507,metab-u-lrppos,2.186202246408697
DG(34:2)>DG(16:0_18:2_0:0) [metab-u-lrppos],DG(34:2)>DG(16:0_18:2_0:0),0.121128094607627,0.0066220062621813,0.0164761822475703,metab-u-lrppos,2.179010412887862
PC(34:3) [metab-u-rppos],PC(34:3),0.156465156438504,0.0066735344031048,0.0176707671518832,metab-u-rppos,2.1756440963350974
Docosatrienoic acid [metab-u-rpneg],Docosatrienoic acid,0.404133576190667,0.0066871031303594,0.0121800807017261,metab-u-rpneg,2.1747619789384833
Hypoxanthine [metab-u-ionpneg],Hypoxanthine,0.437178842425411,0.0067215807723197,0.0155146804791648,metab-u-ionpneg,2.1725285781423422
FA(18:2) [metab-u-lrpneg],FA(18:2),0.319154828660494,0.0067902118971383,0.0296797971632982,metab-u-lrpneg,2.1681166728002066
PC(38:4)_isomer1 [metab-u-lrppos],PC(38:4)_isomer1,0.158126940815507,0.0068100030212709,0.0168769640092368,metab-u-lrppos,2.1668526954115923
PC(38:6) [metab-u-rppos],PC(38:6),0.264865357907283,0.0068234425105308,0.017816766555275,metab-u-rppos,2.165996463155093
PC 35:2 [metab-u-hilicpos],PC 35:2,0.043905825498463,0.0069155333804308,0.0145809438744023,metab-u-hilicpos,2.1601743180500415
IMP [metab-u-ionpneg],IMP,0.734291891292354,0.0069957339916252,0.0155146804791648,metab-u-ionpneg,2.1551667126532936
UTP [metab-u-ionpneg],UTP,-0.660741088652552,0.0070633141241686,0.0155146804791648,metab-u-ionpneg,2.15099147910074
Valine [metab-u-ionpneg],Valine,-0.1978463924093,0.0071214926789608,0.0155146804791648,metab-u-ionpneg,2.147428967838894
3-Methoxytyrosine [metab-u-rppos],3-Methoxytyrosine,-0.119177396452645,0.0072066195903134,0.0185146627989313,metab-u-rppos,2.1422684020682214
SM(d43:3)_isomer2 [metab-u-lrppos],SM(d43:3)_isomer2,0.117068939700111,0.0072194482000485,0.0178212363048442,metab-u-lrppos,2.141495995343393
Biliverdin [metab-u-rppos],Biliverdin,0.287003595682702,0.0072876864208559,0.0185146627989313,metab-u-rppos,2.1374103227285026
FAD [metab-u-ionpneg],FAD,-0.315471966281073,0.007504805616623,0.0157859704349658,metab-u-ionpneg,2.124660552017817
13-cis-Retinoic acid [metab-u-hilicpos],13-cis-Retinoic acid,-0.495760335853314,0.0075897239396173,0.015884120863413,metab-u-hilicpos,2.1197740203734594
PC 31:1 [metab-u-hilicpos],PC 31:1,0.308663097625271,0.0076243780144382,0.015884120863413,metab-u-hilicpos,2.1177955796421877
PE 34:2 [metab-u-hilicpos],PE 34:2,-0.0878873158698141,0.0077537155562422,0.0160579907969513,metab-u-hilicpos,2.110490135056985
SM(d38:2) [metab-u-lrppos],SM(d38:2),0.0658621383172786,0.0078382291791547,0.0192548942452218,metab-u-lrppos,2.105782042492624
PC(40:8) [metab-u-lrppos],PC(40:8),-0.111086001138929,0.0078616474111272,0.0192548942452218,metab-u-lrppos,2.1044864378544705
LPC(16:0)_rp_a [metab-u-rppos],LPC(16:0)_rp_a,0.111640637304227,0.0078852354729046,0.0197656569187476,metab-u-rppos,2.103185333019143
Citric acid/Isocitric acid [metab-u-ionpneg],Citric acid/Isocitric acid,0.117197888400032,0.0080017598839864,0.0162702450974391,metab-u-ionpneg,2.096814485027046
PC(33:1)_isomer1 [metab-u-lrppos],PC(33:1)_isomer1,0.120723955991156,0.0080253503455686,0.0195793566796558,metab-u-lrppos,2.09553599944321
PC(35:2) [metab-u-lrppos],PC(35:2),0.178133555053325,0.0080636352437882,0.0195965089064156,metab-u-lrppos,2.0934691256397233
PE(O-40:6)>PE(O-20:2/20:4) [metab-u-lrppos],PE(O-40:6)>PE(O-20:2/20:4),-0.0909212344879897,0.0082506014013367,0.0199734636240854,metab-u-lrppos,2.0835143937818845
PC(38:3)>PC(18:2_20:1) [metab-u-lrpneg],PC(38:3)>PC(18:2_20:1),0.0597862785524228,0.0082541117643459,0.035505782351393,metab-u-lrpneg,2.0833296548782685
Isoleucine [metab-u-ionpneg],Isoleucine,0.202302331672218,0.0083964782332184,0.0165221023298815,metab-u-ionpneg,2.0759028335325924
CAR 10:1 [metab-u-hilicpos],CAR 10:1,0.182233308702703,0.0084896012221598,0.0174785907515056,metab-u-hilicpos,2.07111270917689
Stearic acid [metab-u-rpneg],Stearic acid,0.307724429793257,0.008579737953137,0.015353215284561,metab-u-rpneg,2.0665259763989097
PC(32:3) [metab-u-lrppos],PC(32:3),-0.18436304305126,0.0086890181283672,0.0209539014095626,metab-u-lrppos,2.0610292966841612
PC(40:6) [metab-u-rppos],PC(40:6),0.183396754248307,0.0087048125337848,0.0215329573204151,metab-u-rppos,2.0602405773805934
TG(58:7) [metab-u-lrppos],TG(58:7),0.154492100076247,0.0087279341867894,0.020967106264816,metab-u-lrppos,2.059088537215998
PC(40:6)>PC(16:0_24:6) [metab-u-lrpneg],PC(40:6)>PC(16:0_24:6),0.146944070073189,0.0088550359230841,0.0374955427368096,metab-u-lrpneg,2.052809672625736
SM(d38:0) [metab-u-lrppos],SM(d38:0),0.0900747550272172,0.0088643184601345,0.0212134644065051,metab-u-lrppos,2.0523546498409724
sn-Glycero-3-phosphocholine [metab-u-rppos],sn-Glycero-3-phosphocholine,-0.2432356079138,0.0089858602947908,0.0218255593131024,metab-u-rppos,2.046440337765372
SM(d42:1) [metab-u-lrppos],SM(d42:1),0.0857007777116543,0.0090464805515973,0.0215670848131237,metab-u-lrppos,2.0435203461320244
Phenylalanine [metab-u-rppos],Phenylalanine,-0.0698649846425567,0.0090552852469254,0.0218255593131024,metab-u-rppos,2.043097864597356
SM(d43:3)_isomer1 [metab-u-lrppos],SM(d43:3)_isomer1,0.0742484410686615,0.009247816765013,0.021963564816906,metab-u-lrppos,2.033960783890254
Uracil [metab-u-rppos],Uracil,0.15228462652717,0.0093034137132526,0.0221397693429303,metab-u-rppos,2.0313576659840313
SM(d34:0)_isomer1 [metab-u-lrppos],SM(d34:0)_isomer1,0.0628208392290119,0.0093165699065549,0.0219805116994959,metab-u-lrppos,2.030743952973159
PC(O-34:1)_isomer1 [metab-u-lrppos],PC(O-34:1)_isomer1,0.0755785379422846,0.009325065569483,0.0219805116994959,metab-u-lrppos,2.0303481057536414
TG(56:7)>TG(16:0_18:1_22:6) [metab-u-lrppos],TG(56:7)>TG(16:0_18:1_22:6),0.140478091496508,0.0094615620027336,0.0222187242536104,metab-u-lrppos,2.0240371603033775
PG(34:2)>PG(16:0_18:2) [metab-u-lrpneg],PG(34:2)>PG(16:0_18:2),-0.370006118835963,0.0096086803507474,0.0398470486528546,metab-u-lrpneg,2.0173362539279527
Hydroxytetradecanoic acid [metab-u-rpneg],Hydroxytetradecanoic acid,0.286966388199055,0.0096156562198999,0.0169102919729275,metab-u-rpneg,2.017021072012442
PC(32:0) [metab-u-rppos],PC(32:0),0.093316836137987,0.0096483402935132,0.022673599689756,metab-u-rppos,2.0155473875226666
FA 18:4 [metab-u-lrpneg],FA 18:4,0.219603799473372,0.0097044472733889,0.0398470486528546,metab-u-lrpneg,2.0130291952527544
Cer 18:1;O2/19:0 [metab-u-hilicpos],Cer 18:1;O2/19:0,0.251032978483201,0.0099632604189572,0.0203926382844153,metab-u-hilicpos,2.001598517976843
CMP [metab-u-ionpneg],CMP,-0.267451791148064,0.0101803500970073,0.0194062923724202,metab-u-ionpneg,1.9922372865784357
Cer 18:1;O2/14:0 [metab-u-hilicpos],Cer 18:1;O2/14:0,0.261598681224546,0.0104053863199678,0.0211737512324927,metab-u-hilicpos,1.9827417911356113
TG(54:8)_isomer2 [metab-u-lrppos],TG(54:8)_isomer2,-0.233360165648961,0.010420964843374,0.02429147047321,metab-u-lrppos,1.9820920692558328
PC(O-40:6)_isomer1 [metab-u-lrppos],PC(O-40:6)_isomer1,0.258406061683864,0.0104216994534187,0.02429147047321,metab-u-lrppos,1.9820614554068208
PC(29:0) [metab-u-lrppos],PC(29:0),-0.0962914298766542,0.0104718003298022,0.0243178474325407,metab-u-lrppos,1.979978647252929
Leucine [metab-t-amines],Leucine,0.0601728816747196,0.0104916125918553,0.0155275866359458,metab-t-amines,1.9791577543308065
Eicosatrienoic acid [metab-u-rpneg],Eicosatrienoic acid,0.289087505953688,0.0106382274540981,0.0183915118697967,metab-u-rpneg,1.9731307283410955
FA(22:6) [metab-u-lrpneg],FA(22:6),0.365290226125698,0.0107291263774347,0.0433969141535044,metab-u-lrpneg,1.9694356391622618
TG(51:2)>TG(15:0_18:1_18:1)_and_TG(16:1_17:0_18:1)_isomer2 [metab-u-lrppos],TG(51:2)>TG(15:0_18:1_18:1)_and_TG(16:1_17:0_18:1)_isomer2,-0.130385814081372,0.0109421278589175,0.0253162884411118,metab-u-lrppos,1.960898214791788
FA 28:7 [metab-u-lrpneg],FA 28:7,0.249039862652708,0.0111908257834912,0.0445987321665607,metab-u-lrpneg,1.9511378652159594
PE(O-37:5) [metab-u-lrppos],PE(O-37:5),-0.0847535350722204,0.0114625331528099,0.026422824583867,metab-u-lrppos,1.9407193952205852
PC(38:5)>PC(16:0_22:5) [metab-u-lrpneg],PC(38:5)>PC(16:0_22:5),0.159962714041892,0.0116275191305082,0.0455437499435878,metab-u-lrpneg,1.9345129372804482
PC(38:4)>PC(18:1_20:3) [metab-u-lrpneg],PC(38:4)>PC(18:1_20:3),0.140495530173155,0.0117640682511112,0.0455437499435878,metab-u-lrpneg,1.9294424645292156
SM(d40:0) [metab-u-lrppos],SM(d40:0),0.0990102415109781,0.0120513952459235,0.0276301381809061,metab-u-lrppos,1.918962669891815
PC(38:5)_isomer1 [metab-u-lrppos],PC(38:5)_isomer1,-0.200873760206605,0.012074414452262,0.0276301381809061,metab-u-lrppos,1.9181339211410495
PC 30:3 [metab-u-hilicpos],PC 30:3,-0.386198841296327,0.0123177657671877,0.0249203353671428,metab-u-hilicpos,1.9094680586468897
Cer(d40:0) [metab-u-lrppos],Cer(d40:0),0.0834247772220671,0.0124216356622774,0.0283213293099924,metab-u-lrppos,1.9058212131506005
Methylguanidine [metab-u-hilicpos],Methylguanidine,-0.196347391438898,0.0124510790203235,0.0250452738914554,metab-u-hilicpos,1.9047930106351842
TG(56:8)>TG(16:0_18:2_22:6) [metab-u-lrppos],TG(56:8)>TG(16:0_18:2_22:6),0.115457055702898,0.01262626435118,0.0286835787977894,metab-u-lrppos,1.8987251222590276
PC(O-42:6)_isomer2 [metab-u-lrppos],PC(O-42:6)_isomer2,0.0898150256253736,0.0130949996016999,0.029641027979299,metab-u-lrppos,1.8828945104483357
UMP [metab-u-ionpneg],UMP,-0.334431223983529,0.0131850136144344,0.0243722978933485,metab-u-ionpneg,1.8799194174313598
Tricosanoic acid [metab-u-rpneg],Tricosanoic acid,-0.182600349968229,0.0132688868521828,0.0225571076487107,metab-u-rpneg,1.8771655092555346
SM(t42:1)_or_SM(d42:1-OH) [metab-u-lrppos],SM(t42:1)_or_SM(d42:1-OH),0.0871576716082352,0.0132875151529684,0.0299686043198243,metab-u-lrppos,1.8765562272026595
PC(34:2) [metab-u-rppos],PC(34:2),0.125967324136628,0.0133064402984355,0.0308840836556281,metab-u-rppos,1.87593811022882
TG(56:4)>TG(18:1_18:2_20:1)_and_TG(18:1_18:1_20:2)_isomer3 [metab-u-lrppos],TG(56:4)>TG(18:1_18:2_20:1)_and_TG(18:1_18:1_20:2)_isomer3,-0.132889630474835,0.0135357196652154,0.0304189829035485,metab-u-lrppos,1.8685186487724552
SM(d34:0-OH) [metab-u-lrppos],SM(d34:0-OH),-0.0645471400877753,0.0136123224537754,0.0304818792089899,metab-u-lrppos,1.8660677717245786
SM(d44:4) [metab-u-lrppos],SM(d44:4),0.0602226023992749,0.0136906690308384,0.0305482187983476,metab-u-lrppos,1.863575328396191
SM(d41:3) [metab-u-lrppos],SM(d41:3),0.0801598077732812,0.01405642674703,0.0312531190439284,metab-u-lrppos,1.852125066320179
1-DeoxyCer 18:0;O2/24:1 [metab-u-hilicpos],1-DeoxyCer 18:0;O2/24:1,0.101178736066849,0.0143876502355393,0.0287753004710787,metab-u-hilicpos,1.842010128444685
1-Methyladenosine [metab-u-rppos],1-Methyladenosine,-0.229481056617146,0.0144156094066326,0.0330504215664259,metab-u-rppos,1.8411669934878077
FA 21:3;O_isomer2 [metab-u-lrpneg],FA 21:3;O_isomer2,-0.26376849715141,0.0145945871516824,0.0557061002550131,metab-u-lrpneg,1.8358081857244177
PE(34:1) [metab-u-lrppos],PE(34:1),-0.0943181570759783,0.014655071860659,0.0324690108008241,metab-u-lrppos,1.834012047671731
TG(51:4)_isomer1 [metab-u-lrppos],TG(51:4)_isomer1,-0.142179886910625,0.0149040154116516,0.0329042875461462,metab-u-lrppos,1.8266967090248716
TG(56:5)>TG(16:0_18:1_22:4) [metab-u-lrppos],TG(56:5)>TG(16:0_18:1_22:4),0.105743111097578,0.0150287661171769,0.0330632854577891,metab-u-lrppos,1.8230766741368818
CAR(5:1) [metab-u-rppos],CAR(5:1),-0.159316300015359,0.0151099454856222,0.0342249367626141,metab-u-rppos,1.8207371025263732
PC(37:4)_isomer1 [metab-u-lrppos],PC(37:4)_isomer1,0.167872119640364,0.0151896239250261,0.0333003293740957,metab-u-lrppos,1.8184529785603745
LPC(22:4)>LPC(22:4/0:0)_and_LPC(0:0/22:4) [metab-u-lrppos],LPC(22:4)>LPC(22:4/0:0)_and_LPC(0:0/22:4),-0.0982620883185348,0.0153306455229128,0.0334923858636457,metab-u-lrppos,1.8144395580525625
PC P-38:5 or PC O-38:6 [metab-u-hilicpos],PC P-38:5 or PC O-38:6,0.0337164863781112,0.0154590104093819,0.03074235024593,metab-u-hilicpos,1.8108183103853668
PE(O-37:2) [metab-u-lrppos],PE(O-37:2),0.0626674548663502,0.0154963982037819,0.0337369502561501,metab-u-lrppos,1.8097692322809962
PC(O-40:5)_isomer1 [metab-u-lrppos],PC(O-40:5)_isomer1,0.0757708218878008,0.0156029762230705,0.0338514397642395,metab-u-lrppos,1.806792553313949
LPC(O-16:1) [metab-u-lrppos],LPC(O-16:1),-0.0730296437561329,0.0157645720929565,0.0340840920768404,metab-u-lrppos,1.8023178130664024
Acetaminophen [metab-u-hilicpos],Acetaminophen,0.21911671619212,0.0160571839698673,0.0317514937257262,metab-u-hilicpos,1.7943306168146174
PC(28:0) [metab-u-rppos],PC(28:0),-0.304595518033061,0.0162140979547642,0.0362886954225676,metab-u-rppos,1.7901072075932543
Guanidoacetic acid [metab-u-hilicpos],Guanidoacetic acid,0.0729391328335414,0.0164415853285472,0.0323289599156827,metab-u-hilicpos,1.784056309287101
PC 32:3 [metab-u-hilicpos],PC 32:3,-0.0799982995739121,0.0167032697221312,0.0326240435452744,metab-u-hilicpos,1.7771985059013533
PE P-40:6 or PE O-40:7 [metab-u-hilicpos],PE P-40:6 or PE O-40:7,0.0431835564994181,0.0168612144990675,0.0326240435452744,metab-u-hilicpos,1.7731111467191687
N-Methyl-proline [metab-u-hilicpos],N-Methyl-proline,-0.217703200400031,0.0168712910905562,0.0326240435452744,metab-u-hilicpos,1.772851681367656
Ethanolamine [metab-t-amines],Ethanolamine,0.0637907454551891,0.0170376737548505,0.0234227196992442,metab-t-amines,1.768589702080939
Phosphoethanolamine [metab-t-amines],Phosphoethanolamine,-0.203696539610281,0.0170922549156647,0.0234227196992442,metab-t-amines,1.7672006386935395
TG(54:6)>TG(18:2/18:2/18:2)_and_TG(18:1_18:2_18:3) [metab-u-lrppos],TG(54:6)>TG(18:2/18:2/18:2)_and_TG(18:1_18:2_18:3),-0.176610015969349,0.0173678409271581,0.0374214304512994,metab-u-lrppos,1.760254167258256
Car(12:2) [metab-u-lrppos],Car(12:2),0.139541028821203,0.0176201950638504,0.0377266436323635,metab-u-lrppos,1.7539892880530896
PC(38:2)_isomer2 [metab-u-lrppos],PC(38:2)_isomer2,0.0761168413208786,0.0176298350626515,0.0377266436323635,metab-u-lrppos,1.7537517507588396
Glutaric acid [metab-u-rpneg],Glutaric acid,-0.162239608223537,0.0180237216655521,0.030138026391579,metab-u-rpneg,1.7441555279003036
FA 19:3 [metab-u-lrpneg],FA 19:3,0.237159447529688,0.0181810060966532,0.0684312868360143,metab-u-lrpneg,1.7403820875532805
Palmitoyl-EA [metab-u-hilicpos],Palmitoyl-EA,0.214974935007264,0.0183313028465933,0.0352525054742178,metab-u-hilicpos,1.7368066676630562
PC(36:4) [metab-u-rppos],PC(36:4),0.257659773712653,0.0183884631010789,0.0406709536823863,metab-u-rppos,1.7354545673694906
DG(34:2) [metab-u-rppos],DG(34:2),0.17560112692037,0.0190309344833533,0.041219896082349,metab-u-rppos,1.7205398858590897
LPC(16:0)_rp_b [metab-u-rppos],LPC(16:0)_rp_b,0.118997200640397,0.0190751646764062,0.041219896082349,metab-u-rppos,1.7195317040810345
FA 22:6;O [metab-u-lrpneg],FA 22:6;O,0.268863991510941,0.0191408069944698,0.0710569684315249,metab-u-lrpneg,1.7180397559083436
Dimethylglycine [metab-u-hilicpos],Dimethylglycine,0.0446706883674288,0.0194104863146858,0.037123880929727,metab-u-hilicpos,1.7119635835637899
PE(O-38:5)>PE(O-18:1/20:4) [metab-u-lrpneg],PE(O-38:5)>PE(O-18:1/20:4),0.69108373495802,0.0194809909211485,0.0713425478328546,metab-u-lrpneg,1.7103889560487038
PC(34:1) [metab-u-rppos],PC(34:1),0.0982579415591971,0.0195352372805338,0.0417343705538677,metab-u-rppos,1.7091813093431816
SM(d38:1)_isomer1 [metab-u-lrppos],SM(d38:1)_isomer1,0.0629344294207996,0.0195845026365894,0.0417669495004814,metab-u-lrppos,1.7080874532163182
sphinganine 1-phosphate [metab-u-lrppos],sphinganine 1-phosphate,-0.17793170906112,0.0199748333933691,0.0424549848733641,metab-u-lrppos,1.6995168343740312
ST 24:1;O3_isomer1 [metab-u-lrpneg],ST 24:1;O3_isomer1,-0.161569622131054,0.0200482340163378,0.0724409522457005,metab-u-lrpneg,1.6979238769459437
LPC(16:1)_rp_b [metab-u-rppos],LPC(16:1)_rp_b,-0.134485601020678,0.0212515783626177,0.044890974518788,metab-u-rppos,1.6726088092033418
PC(O-36:5)<PC(O-16:1/20:4) [metab-u-lrpneg],PC(O-36:5)<PC(O-16:1/20:4),-0.13074191982016,0.0215489142149261,0.0768388914769075,metab-u-lrpneg,1.6665746077466803
2-Deoxy-glucose [metab-u-rppos],2-Deoxy-glucose,-0.253723686416539,0.0220884621106768,0.046140343075636,metab-u-rppos,1.6558345204389844
LPC(15:0)>LPC(15:0/0:0) [metab-u-lrppos],LPC(15:0)>LPC(15:0/0:0),-0.0565079184315351,0.0223634260883794,0.0473711762074793,metab-u-lrppos,1.650461661550554
TG(51:4)>TG(15:0_18:2_18:2)_and_TG(15:1_18:1_18:2)_isomer2 [metab-u-lrppos],TG(51:4)>TG(15:0_18:2_18:2)_and_TG(15:1_18:1_18:2)_isomer2,-0.149459561697199,0.022452451834202,0.0473996205388709,metab-u-lrppos,1.6487362266017422
PC(O-35:2)_isomer4 [metab-u-lrppos],PC(O-35:2)_isomer4,-0.0719463552426411,0.0232433943046906,0.0489047256008088,metab-u-lrppos,1.6337004502853185
SM(d33:1) [metab-u-lrppos],SM(d33:1),0.0592487192661082,0.0234349266852724,0.0491428061259726,metab-u-lrppos,1.6301364008052366
TG(56:4)_isomer1 [metab-u-lrppos],TG(56:4)_isomer1,-0.180461761293493,0.0240603726506005,0.050286178839755,metab-u-lrppos,1.6186976505270898
PE P-38:5 or PE O-38:6 [metab-u-hilicpos],PE P-38:5 or PE O-38:6,-0.0363355650252259,0.0244288275603002,0.0464678785114406,metab-u-hilicpos,1.6120973761010908
Diethyl phthalate [metab-u-rppos],Diethyl phthalate,-0.523211351733917,0.0245241884413592,0.0506653563403905,metab-u-rppos,1.6104053554575402
PE(P-40:4)>PE(P-18:0/22:4) [metab-u-lrpneg],PE(P-40:4)>PE(P-18:0/22:4),-0.442366509453507,0.0246144290568826,0.0866300035638337,metab-u-lrpneg,1.608810233436669
Glycerol [metab-t-conv],Glycerol,0.11719960771557,0.0255317992268313,0.0319147490335391,metab-t-conv,1.5929185793692147
SM(d42:4) [metab-u-lrppos],SM(d42:4),0.066706977223312,0.0256287542353745,0.0533861425434545,metab-u-lrppos,1.5912725035251425
Margaric acid [metab-u-rpneg],Margaric acid,0.258753398241407,0.0256454416358068,0.0421908878524564,metab-u-rpneg,1.5909898176221147
Cer 18:1;O2/16:0 [metab-u-hilicpos],Cer 18:1;O2/16:0,0.182759820043707,0.0259181095528985,0.0490342613162945,metab-u-hilicpos,1.586396678753826
PE(38:5) [metab-u-lrppos],PE(38:5),-0.115575552916059,0.0261045833591734,0.0541972641264957,metab-u-lrppos,1.5832832339321357
LPC(22:5)>LPC(22:5/0:0) [metab-u-lrppos],LPC(22:5)>LPC(22:5/0:0),-0.10472442829451,0.0261991615587392,0.0542141065918464,metab-u-lrppos,1.5817126070100052
PC(O-40:5)>PC(O-18:1/22:4) _isomer1 [metab-u-lrpneg],PC(O-40:5)>PC(O-18:1/22:4) _isomer1,0.399366744710967,0.0271900989599687,0.094468164335276,metab-u-lrpneg,1.565589211769244
PC(40:4)_isomer4 [metab-u-lrppos],PC(40:4)_isomer4,0.06903240611312,0.0278220274280851,0.0573829315704256,metab-u-lrppos,1.5556112255751944
LPC(16:0) [metab-u-lrpneg],LPC(16:0),-0.0752147333503856,0.0278225071283701,0.0954417649593456,metab-u-lrpneg,1.555603737645305
TG(50:1)>TG(16:0_16:0_18:1) [metab-u-lrppos],TG(50:1)>TG(16:0_16:0_18:1),0.0921767567886995,0.0280135558797052,0.0575885230707382,metab-u-lrppos,1.5526317608330573
PC(30:2) [metab-u-lrppos],PC(30:2),-0.16179699335073,0.0281576697591574,0.0576956174476853,metab-u-lrppos,1.5504032888983101
Leu-Ile [metab-u-rppos],Leu-Ile,-0.151056824657221,0.0290616951504466,0.0593869422639561,metab-u-rppos,1.5366790571744853
DHA [metab-u-rpneg],DHA,0.252217643905649,0.0293746460048379,0.0475589506744995,metab-u-rpneg,1.5320273583907391
cis-Aconitic acid [metab-u-rppos],cis-Aconitic acid,0.299769718365823,0.029646892747812,0.0599313530815985,metab-u-rppos,1.528020817753154
Glu-Lys [metab-u-hilicpos],Glu-Lys,-0.14582872789255,0.0297984825932334,0.0560724134818908,metab-u-hilicpos,1.5258058506272407
PC(37:3) [metab-u-lrppos],PC(37:3),0.0979030184535503,0.0300121212476599,0.061295114079097,metab-u-lrppos,1.5227033076875773
Car(10:1) [metab-u-lrppos],Car(10:1),0.130052013829282,0.0304493287005902,0.0619861334262015,metab-u-lrppos,1.5164222775743927
PE(O-40:5) [metab-u-lrppos],PE(O-40:5),-0.118488387981209,0.0307626215890356,0.0624212418651305,metab-u-lrppos,1.5119766567400028
PC(42:7)_isomer2 [metab-u-lrppos],PC(42:7)_isomer2,0.105011371348031,0.031207140593318,0.0631189585548722,metab-u-lrppos,1.5057460224732095
PC(O-36:3)>PC(O-18:1/18:2) [metab-u-lrpneg],PC(O-36:3)>PC(O-18:1/18:2),-0.0985574245133733,0.0312293603607854,0.105789458222161,metab-u-lrpneg,1.5054369108907157
PC(O-38:7)>PC(O-16:2/22:5) [metab-u-lrpneg],PC(O-38:7)>PC(O-16:2/22:5),-0.281517694717593,0.0317870090405767,0.1063491290123,metab-u-lrpneg,1.4977503345666083
PC(35:1)_isomer1 [metab-u-lrppos],PC(35:1)_isomer1,0.112452925782126,0.0321506721122452,0.0648182360590925,metab-u-lrppos,1.4928099436856923
PC(O-38:7)_isomer2 [metab-u-lrppos],PC(O-38:7)_isomer2,0.0493839517036356,0.0324360506744778,0.0651839864515948,metab-u-lrppos,1.4889720297597266
FA 26:2_isomer3 [metab-u-lrpneg],FA 26:2_isomer3,-0.171381378538438,0.0326260567535307,0.10782513878301,metab-u-lrpneg,1.4864354126867816
TG(54:4)>TG(18:1_18:1_18:2)_isomer1 [metab-u-lrppos],TG(54:4)>TG(18:1_18:1_18:2)_isomer1,-0.106194000691612,0.0330641335797664,0.0662339033690528,metab-u-lrppos,1.4806428531643396
FA 20:5;O [metab-u-lrpneg],FA 20:5;O,-0.397078426151513,0.0337610221366725,0.11023177107275,metab-u-lrpneg,1.4715844133024032
Cer 18:1;O2/20:0 [metab-u-hilicpos],Cer 18:1;O2/20:0,0.10396593796267,0.0341796714359537,0.0639726470726406,metab-u-hilicpos,1.4662321164028216
Gluconic acid [metab-u-ionpneg],Gluconic acid,-0.142234250045536,0.0345812167675809,0.0620427712594833,metab-u-ionpneg,1.4611597297969336
5alpha-Androstane-3alpha-ol-17-one sulfate [metab-u-rpneg],5alpha-Androstane-3alpha-ol-17-one sulfate,-0.109551083338118,0.0347704811449329,0.0554154543247369,metab-u-rpneg,1.4587892996203484
Methionine [metab-u-hilicpos],Methionine,-0.041022547182596,0.0350295841587467,0.0652146513593689,metab-u-hilicpos,1.4555650182242317
PE(O-42:5)>PE(O-20:1/22:4)_isomer1 [metab-u-lrpneg],PE(O-42:5)>PE(O-20:1/22:4)_isomer1,0.445291049059147,0.0350398076648534,0.113045093775896,metab-u-lrpneg,1.4554382863601811
Octadecatetraenoic acid [metab-u-rpneg],Octadecatetraenoic acid,0.221496338217388,0.035605008899214,0.055872475503382,metab-u-rpneg,1.4484889013454096
SM(d37:1)_isomer2 [metab-u-lrppos],SM(d37:1)_isomer2,0.0809153062861725,0.03589393549203,0.0714627015736976,metab-u-lrppos,1.4449789220297982
PI(36:1) [metab-u-lrppos],PI(36:1),-0.0636947800339058,0.0359023141877428,0.0714627015736976,metab-u-lrppos,1.444877556809571
TG(49:0)_isomer2 [metab-u-lrppos],TG(49:0)_isomer2,-0.268798346535714,0.0362351147631768,0.0718968891028856,metab-u-lrppos,1.440870358854176
5'-Methylthioadenosine [metab-u-rppos],5'-Methylthioadenosine,-0.169252308902333,0.0369744181466101,0.0739488362932202,metab-u-rppos,1.4320986516165275
Bilirubin [metab-u-hilicpos],Bilirubin,0.391338568886532,0.0370320760590533,0.0682676827905273,metab-u-hilicpos,1.4314219402401187
PE P-38:6 or PE O-38:7 [metab-u-hilicpos],PE P-38:6 or PE O-38:7,0.0363731108366032,0.0370595992291434,0.0682676827905273,metab-u-hilicpos,1.4310992815501122
PC(44:4) [metab-u-lrppos],PC(44:4),0.0531846417239272,0.0373247330079157,0.0738252605550888,metab-u-lrppos,1.4280032901964705
SM(d34:3) [metab-u-lrppos],SM(d34:3),0.104870195378556,0.0374573700171007,0.0738546257884343,metab-u-lrppos,1.4264627188763646
Leucine/Isoleucine [metab-u-ionpneg],Leucine/Isoleucine,0.0939091830135226,0.0377325767157724,0.065762490847489,metab-u-ionpneg,1.4232835362983138
FA 26:5 [metab-u-lrpneg],FA 26:5,0.15059712781478,0.0378067911078328,0.119909371516453,metab-u-lrpneg,1.4224301822857424
PC(O-36:7)>PC(O-14:1/22:6)_and_PC(O-36:7)>PC(O-18:6/18:0) _isomer1 [metab-u-lrpneg],PC(O-36:7)>PC(O-14:1/22:6)_and_PC(O-36:7)>PC(O-18:6/18:0) _isomer1,-0.271869715091047,0.0380524204812359,0.119909371516453,metab-u-lrpneg,1.4196177129220395
Choline [metab-u-hilicpos],Choline,-0.0766060213589661,0.038490134904185,0.0705316608191871,metab-u-hilicpos,1.4146505667427576
CAR 7:0 [metab-u-hilicpos],CAR 7:0,0.104900348237905,0.0390680793266355,0.0712178529391793,metab-u-hilicpos,1.4081779391296418
Lactic acid [metab-u-ionpneg],Lactic acid,-0.129703528596345,0.0394329092073546,0.0668168739346841,metab-u-ionpneg,1.4041411811795452
PC(30:1) [metab-u-lrppos],PC(30:1),-0.083548648626909,0.0398324817573606,0.0782914296610191,metab-u-lrppos,1.3997626340890421
Oleoyl-EA [metab-u-hilicpos],Oleoyl-EA,0.278540092215344,0.0400215499409626,0.0722995194245502,metab-u-hilicpos,1.3977060961652552
LPE 16:1 [metab-u-hilicpos],LPE 16:1,0.120885515550887,0.0400745907667507,0.0722995194245502,metab-u-hilicpos,1.3971309038746145
Oxidized glutathione [metab-u-ionpneg],Oxidized glutathione,0.562938222449946,0.041783957465746,0.0688870650110948,metab-u-ionpneg,1.3789904292637587
N1-Acetylspermidine [metab-u-hilicpos],N1-Acetylspermidine,0.0696979997371905,0.0419093526051526,0.0749358690813759,metab-u-hilicpos,1.3776890478796235
2-Aminooctanoic acid [metab-u-hilicpos],2-Aminooctanoic acid,-0.182121878585127,0.0419640866855705,0.0749358690813759,metab-u-hilicpos,1.3771222245164016
PC(O-40:7)_isomer2 [metab-u-lrppos],PC(O-40:7)_isomer2,0.0537545803376993,0.0425319222076002,0.0833359850755167,metab-u-lrppos,1.3712849891343357
PI(40:6)>PI(18:0_22:6) [metab-u-lrpneg],PI(40:6)>PI(18:0_22:6),-0.490942349834974,0.0432300861131883,0.134659233754874,metab-u-lrpneg,1.3642138993623638
CAR(18:2) [metab-u-rppos],CAR(18:2),0.110998778299873,0.0436684042138807,0.086417473602206,metab-u-rppos,1.3598326783275436
Oleic acid [metab-u-rpneg],Oleic acid,0.135610717759374,0.0439761526775274,0.0679631450470877,metab-u-rpneg,1.3567827682450602
PC(37:5)_isomer1 [metab-u-lrppos],PC(37:5)_isomer1,0.235855980291333,0.0440404083918785,0.0860228537747908,metab-u-lrppos,1.356148662417885
"1,7-Dimethyluric acid [metab-u-hilicpos]","1,7-Dimethyluric acid",-0.505875610090131,0.044119153190121,0.0783842823174739,metab-u-hilicpos,1.355372831870719
PC(O-37:4)_isomer2 [metab-u-lrppos],PC(O-37:4)_isomer2,0.0984076366688669,0.0453050250307988,0.0882181698581082,metab-u-lrppos,1.3438536253135485
LPE 18:2 [metab-u-hilicpos],LPE 18:2,-0.0865158237424843,0.0456531290110006,0.080699975524496,metab-u-hilicpos,1.3405294510838728
Capric acid [metab-u-rpneg],Capric acid,0.171430674272688,0.0465331494051105,0.0708415110346458,metab-u-rpneg,1.332237553033597
PC(40:8) [metab-u-rppos],PC(40:8),0.298202812253553,0.0466491991002251,0.0913546815712742,metab-u-rppos,1.3311558080662191
PC(O-38:5)>PC(O-18:1/20:4) [metab-u-lrpneg],PC(O-38:5)>PC(O-18:1/20:4),-0.0986896413687255,0.0470271968176063,0.144822390199674,metab-u-lrpneg,1.3276509077716332
PE(38:6) [metab-u-lrppos],PE(38:6),0.0734767312118656,0.0477806005539474,0.0927505775458978,metab-u-lrppos,1.320748395908319
Kynurenic acid [metab-u-rpneg],Kynurenic acid,-0.115000816864663,0.0479242919358986,0.0718864379038479,metab-u-rpneg,1.3194442949465868
DG(38:3) [metab-u-lrppos],DG(38:3),-0.0775326733509125,0.0486650593714337,0.0941759019317559,metab-u-lrppos,1.312782742448465
PC(40:5)_isomer1 [metab-u-lrppos],PC(40:5)_isomer1,0.180288854899828,0.049313794840934,0.0951376903546634,metab-u-lrppos,1.3070315759506412
PC P-34:1 or PC O-34:2 [metab-u-hilicpos],PC P-34:1 or PC O-34:2,-0.0429943137305528,0.0493646654607394,0.0868222759359738,metab-u-hilicpos,1.3065838018090086
PE(40:6)>PE(18:1_22:5) [metab-u-lrpneg],PE(40:6)>PE(18:1_22:5),-0.832650013655531,0.0494964727980841,0.149811608800891,metab-u-lrpneg,1.305425748519123
FA 18:1;O [metab-u-lrpneg],FA 18:1;O,-0.321128974784148,0.0497529328121041,0.149811608800891,metab-u-lrpneg,1.3031813135801316
PC P-36:4 or PC O-36:5 [metab-u-hilicpos],PC P-36:4 or PC O-36:5,-0.0326729104231731,0.0504395506432274,0.0882692136256479,metab-u-hilicpos,1.2972287911321843
TG(53:5) [metab-u-lrppos],TG(53:5),-0.161397569421641,0.0504587019282289,0.0969172499815478,metab-u-lrppos,1.2970639260867465
PC(32:0)_isomer2 [metab-u-lrppos],PC(32:0)_isomer2,0.0572458034945278,0.0505453600382235,0.0969172499815478,metab-u-lrppos,1.296318705597895
PC(P-38:5)>PC(P-18:1/20:4) [metab-u-lrpneg],PC(P-38:5)>PC(P-18:1/20:4),0.162942332434824,0.0508233936956491,0.151353183423307,metab-u-lrpneg,1.293936338614959
Cer(d40:2)>Cer(d18:1/22:1) [metab-u-lrppos],Cer(d40:2)>Cer(d18:1/22:1),0.064650422118504,0.0514211903024299,0.0982959948769011,metab-u-lrppos,1.2888578744882973
PC(O-35:1) [metab-u-lrppos],PC(O-35:1),0.0486996045888333,0.0528021926267768,0.100419343837872,metab-u-lrppos,1.277348042884017
PC(O-35:2)_isomer3 [metab-u-lrppos],PC(O-35:2)_isomer3,0.0553759132530089,0.0528522862304589,0.100419343837872,metab-u-lrppos,1.276936221681106
ST 27:1;O3_isomer1 [metab-u-lrpneg],ST 27:1;O3_isomer1,-0.107458046965217,0.0535250320965573,0.157666127153989,metab-u-lrpneg,1.2714430636065546
TG(52:7)_isomer2 [metab-u-lrppos],TG(52:7)_isomer2,-0.190685932242257,0.0536609025215134,0.101591342213555,metab-u-lrppos,1.2703420272135233
DG(38:5) [metab-u-lrppos],DG(38:5),0.0913921460855072,0.0537931827988839,0.101591342213555,metab-u-lrppos,1.269272758913938
Theophylline [metab-u-rppos],Theophylline,-0.262282444743491,0.0537996199389844,0.104271428335351,metab-u-rppos,1.2692207923444823
TG(52:3)>TG(16:0_18:1_18:2) [metab-u-lrppos],TG(52:3)>TG(16:0_18:1_18:2),0.0705028476027465,0.0548751031824241,0.103323392478618,metab-u-lrppos,1.2606246501390652
Hex3Cer(d36:1)>Hex3Cer(d18:1/18:0) [metab-u-lrppos],Hex3Cer(d36:1)>Hex3Cer(d18:1/18:0),0.064119473650063,0.0550894181038253,0.10341636272784,metab-u-lrppos,1.2589318149498296
SM 18:1;O2/22:0 [metab-u-hilicpos],SM 18:1;O2/22:0,0.0667221653413819,0.0552868404774142,0.0962706177467411,metab-u-hilicpos,1.257378228336391
SM(d41:1)_isomer1 [metab-u-lrppos],SM(d41:1)_isomer1,0.093833084635218,0.0554006836350336,0.103690234743779,metab-u-lrppos,1.2564848761183052
O-Ethylhomoserine [metab-u-hilicpos],O-Ethylhomoserine,0.023299801500233,0.0557807348509081,0.0966497881080091,metab-u-hilicpos,1.2535157686717577
LPE 20:3 [metab-u-hilicpos],LPE 20:3,0.0792203734845742,0.0572913681258652,0.0987782209066641,metab-u-hilicpos,1.241910806613726
Leucine/Isoleucine [metab-u-rppos],Leucine/Isoleucine,-0.0655074126281576,0.0574296212544367,0.109237475002101,metab-u-rppos,1.2408640478604072
MG(14:0) [metab-u-rppos],MG(14:0),0.350811987233845,0.0575239894957873,0.109237475002101,metab-u-rppos,1.2401510016946622
SM(d37:1)_isomer2 [metab-u-lrpneg],SM(d37:1)_isomer2,0.380437037671506,0.0576365197699337,0.163949858738402,metab-u-lrpneg,1.2393022507994942
PC(O-38:5)_isomer2 [metab-u-lrppos],PC(O-38:5)_isomer2,0.0603458036469,0.0577397450960512,0.107746488616738,metab-u-lrppos,1.2385251377331428
Histidine [metab-u-hilicpos],Histidine,0.0447153159189781,0.0577585305548154,0.0990955181087519,metab-u-hilicpos,1.2383838642620493
ST 24:2;O4 [metab-u-lrpneg],ST 24:2;O4,-0.106765343734139,0.0579599807750245,0.163949858738402,metab-u-lrpneg,1.2368717672536953
PE P-38:4 or PE O-38:5 [metab-u-hilicpos],PE P-38:4 or PE O-38:5,-0.047021033772122,0.0586146904784938,0.10007386179255,metab-u-hilicpos,1.231993524013014
FA 11:2;O2 [metab-u-lrpneg],FA 11:2;O2,0.224708514753942,0.0586614958478641,0.163949858738402,metab-u-lrpneg,1.2316468668551206
PC(38:4)>PC(18:0_20:4) [metab-u-lrpneg],PC(38:4)>PC(18:0_20:4),0.0422589900934049,0.0586707060907863,0.163949858738402,metab-u-lrpneg,1.2315786851007475
FA 21:3_isomer1 [metab-u-lrpneg],FA 21:3_isomer1,-0.0721583446697096,0.058683159769834,0.163949858738402,metab-u-lrpneg,1.2314865097970975
TG(53:3)_isomer1 [metab-u-lrppos],TG(53:3)_isomer1,-0.153654371525029,0.0600876592183711,0.111795140444862,metab-u-lrppos,1.2212147140820464
4-Acetamidobutanoic acid [metab-u-hilicpos],4-Acetamidobutanoic acid,-0.108827200781874,0.0604103301967119,0.102173296321603,metab-u-hilicpos,1.218888790454642
7-Methylguanine [metab-u-hilicpos],7-Methylguanine,0.0698324415538032,0.0604282066816337,0.102173296321603,metab-u-hilicpos,1.218760294049198
CAR(16:0) [metab-u-rppos],CAR(16:0),0.176379543808935,0.0610314688975907,0.114739161527471,metab-u-rppos,1.2144461773735526
FA 26:5;O2_isomer1 [metab-u-lrpneg],FA 26:5;O2_isomer1,0.132612544575018,0.0621355957137104,0.171823943249138,metab-u-lrpneg,1.2066595335886174
Isoleucine [metab-t-amines],Isoleucine,0.0498275465693991,0.0632428089499311,0.0835708546838376,metab-t-amines,1.198988848980764
PC(40:6)_isomer1 [metab-u-lrppos],PC(40:6)_isomer1,0.136811348501254,0.0633996923953101,0.117608305123845,metab-u-lrppos,1.1979128492372502
PC(O-35:2)_isomer2 [metab-u-lrppos],PC(O-35:2)_isomer2,0.0783400977955431,0.0638915374522326,0.117912947345202,metab-u-lrppos,1.1945566611089453
TG(54:4) [metab-u-lrppos],TG(54:4),-0.0994711832276565,0.063940035243012,0.117912947345202,metab-u-lrppos,1.1942271286861417
PS(38:4)>PS(18:0_20:4)_isomer2 [metab-u-lrpneg],PS(38:4)>PS(18:0_20:4)_isomer2,-0.42878601243514,0.0642526636619021,0.173505750338676,metab-u-lrpneg,1.1921088634879216
FA 22:5;O4 [metab-u-lrpneg],FA 22:5;O4,-0.915989815333626,0.0643307646095333,0.173505750338676,metab-u-lrpneg,1.191581286719829
PC(36:3)>PC(16:0_20:3)_and_PC(36:3)>PC(18:1_18:2)_isomer1 [metab-u-lrpneg],PC(36:3)>PC(16:0_20:3)_and_PC(36:3)>PC(18:1_18:2)_isomer1,0.0422945251677014,0.0646645047387684,0.173505750338676,metab-u-lrpneg,1.1893340443108538
TG(56:6)_isomer1 [metab-u-lrppos],TG(56:6)_isomer1,0.0763086901774841,0.0650236503034828,0.119559615074146,metab-u-lrppos,1.1869286536931531
Taurine [metab-t-amines],Taurine,-0.127948378581156,0.0670347140494961,0.085527048959702,metab-t-amines,1.1737002388533757
PC(40:5)>PC(18:0_22:5) _isomer2 [metab-u-lrpneg],PC(40:5)>PC(18:0_22:5) _isomer2,0.134991071070459,0.0671939250344027,0.178525036120815,metab-u-lrpneg,1.1726699894952488
TG(54:5)>TG(18:1_18:2_18:2) [metab-u-lrppos],TG(54:5)>TG(18:1_18:2_18:2),-0.0891337945774175,0.0676876078175596,0.124093947665526,metab-u-lrppos,1.1694908342554038
PC(O-38:4)_isomer2 [metab-u-lrppos],PC(O-38:4)_isomer2,0.0451833032710951,0.0684050167850719,0.125043572956968,metab-u-lrppos,1.1649120462012714
PC(36:2)>PC(18:1/18:1) _isomer2 [metab-u-lrpneg],PC(36:2)>PC(18:1/18:1) _isomer2,-0.0511262122755021,0.0692287371453744,0.182145512295111,metab-u-lrpneg,1.1597135906158882
PC(40:7)_isomer1 [metab-u-lrppos],PC(40:7)_isomer1,-0.0717347813337419,0.0715598267834847,0.130430265678037,metab-u-lrppos,1.1453307193493238
FA 26:5;O2_isomer2 [metab-u-lrpneg],FA 26:5;O2_isomer2,-0.117767284384804,0.0729892286759141,0.189409574138775,metab-u-lrpneg,1.1367412257941587
HexCer(d42:1)>HexCer(d18:1/24:0) [metab-u-lrppos],HexCer(d42:1)>HexCer(d18:1/24:0),0.267038308874334,0.0732524889580119,0.133128436454126,metab-u-lrppos,1.1351776143545211
FA 20:3;O2 [metab-u-lrpneg],FA 20:3;O2,-0.165965094770598,0.0733874733748021,0.189409574138775,metab-u-lrpneg,1.1343780641776064
TG(56:10) [metab-u-lrppos],TG(56:10),-0.118008560471804,0.0736785932935753,0.133515832355699,metab-u-lrppos,1.1326586744869662
PE 38:4 [metab-u-hilicpos],PE 38:4,0.0725884923666484,0.0737389276061431,0.124079926260337,metab-u-hilicpos,1.1323031826794694
CAR(6:0) [metab-u-rppos],CAR(6:0),0.200793758731724,0.0747303636409306,0.139102063014801,metab-u-rppos,1.1265029044444157
PC(38:4)_isomer2 [metab-u-lrppos],PC(38:4)_isomer2,0.10170302803181,0.0751367585460876,0.135765843251864,metab-u-lrppos,1.12414754464544
TG(48:1)>TG(14:0_16:0_18:1) [metab-u-lrppos],TG(48:1)>TG(14:0_16:0_18:1),-0.152426646895659,0.0769679263821237,0.138674970809171,metab-u-lrppos,1.1136902137514504
CAR(8:1) [metab-u-rppos],CAR(8:1),-0.203548840737461,0.0770752877994836,0.142060334375519,metab-u-rppos,1.1130848449408084
Putrescine [metab-u-hilicpos],Putrescine,0.121798210681936,0.0773931033422974,0.129605675453608,metab-u-hilicpos,1.111297738462239
SM(d34:1)_isomer1 [metab-u-lrppos],SM(d34:1)_isomer1,0.0569680048305159,0.0777971409587988,0.139767356393028,metab-u-lrppos,1.109036363018441
Tyrosine [metab-u-ionpneg],Tyrosine,-0.103223783533316,0.0781618078930813,0.12547027056521,metab-u-ionpneg,1.107005403883595
TG(52:6)>TG(14:0_16:0_22:6) [metab-u-lrppos],TG(52:6)>TG(14:0_16:0_22:6),-0.407518504480752,0.0786100684108593,0.140824322553168,metab-u-lrppos,1.1045218257768772
LPC 20:3 [metab-u-hilicpos],LPC 20:3,-0.0520159357729355,0.0786413651819961,0.131068941969993,metab-u-hilicpos,1.104348955935566
Glutamine [metab-u-rppos],Glutamine,0.117340807348899,0.0787105063628863,0.143665778604103,metab-u-rppos,1.1039672936779694
PE(38:3)>PE(18:0_20:3) [metab-u-lrpneg],PE(38:3)>PE(18:0_20:3),-0.329506501022038,0.0795681543730189,0.203424243727247,metab-u-lrpneg,1.0992607155207932
TG(52:1)_isomer1 [metab-u-lrppos],TG(52:1)_isomer1,-0.26066163424974,0.0800100402548621,0.142487182370356,metab-u-lrppos,1.0968555110870233
PC(38:2)_isomer3 [metab-u-lrppos],PC(38:2)_isomer3,-0.0590920146952989,0.0802104007292884,0.142487182370356,metab-u-lrppos,1.0957693139294147
TG(55:7)_isomer1 [metab-u-lrppos],TG(55:7)_isomer1,-0.0979660607667974,0.0803637722027251,0.142487182370356,metab-u-lrppos,1.0949396860554632
TG(54:6)>TG(16:0_16:0_22:6) [metab-u-lrppos],TG(54:6)>TG(16:0_16:0_22:6),-0.300881370858345,0.0804473087067082,0.142487182370356,metab-u-lrppos,1.0944884802582568
LPC(15:0) [metab-u-rppos],LPC(15:0),-0.0904864124427043,0.0809387965536975,0.146312439923992,metab-u-rppos,1.0918432572458354
N-Acetylalanine [metab-u-hilicpos],N-Acetylalanine,0.0387757876674861,0.0809869018035166,0.134338462707255,metab-u-hilicpos,1.091585214879817
FA 18:0;O_isomer1 [metab-u-lrpneg],FA 18:0;O_isomer1,-0.189723471573863,0.0809939993170301,0.205134334718833,metab-u-lrpneg,1.0915471559366354
2-amino-6-hydroxyhexanoic acid [metab-u-hilicpos],2-amino-6-hydroxyhexanoic acid,-0.0526346355529537,0.0816864225228254,0.134859659825419,metab-u-hilicpos,1.0878501235586548
Cer(d42:1) [metab-u-lrppos],Cer(d42:1),0.0832782445296729,0.0818544372474247,0.144571076490522,metab-u-lrppos,1.086957772943083
PC(O-35:3)_isomer3 [metab-u-lrppos],PC(O-35:3)_isomer3,-0.158362397318395,0.0823521711531016,0.145041604811783,metab-u-lrppos,1.0843249464956646
Ketoglutarate [metab-t-tca],Ketoglutarate,0.102535276387886,0.0825150704463439,0.151277629151631,metab-t-tca,1.0834667252202044
PC(34:3)_isomer3 [metab-u-lrppos],PC(34:3)_isomer3,0.171710633979735,0.0830400869103799,0.145843513985457,metab-u-lrppos,1.0807122049595064
Spermidine [metab-u-rppos],Spermidine,0.212016781184699,0.0834352109631474,0.148979304692071,metab-u-rppos,1.0786506316185285
EPA [metab-u-rpneg],EPA,0.246692121921658,0.0835519143574,0.123511525571809,metab-u-rpneg,1.0780435950185778
PS(36:2)>PS(18:0_18:2) [metab-u-lrpneg],PS(36:2)>PS(18:0_18:2),-0.292729961512496,0.0835779504261481,0.209718745976723,metab-u-lrpneg,1.0779082832226416
PE(O-40:6) [metab-u-lrppos],PE(O-40:6),-0.0543407186111899,0.08369234643532,0.146578495013815,metab-u-lrppos,1.0773142559002424
25-Hydroxycholesterol (-H2O) [metab-u-rppos],25-Hydroxycholesterol (-H2O),0.166042656491118,0.0839989696668059,0.148979304692071,metab-u-rppos,1.0757260409710354
FA 26:2_isomer2 [metab-u-lrpneg],FA 26:2_isomer2,0.124692015044758,0.084718144300998,0.210578841217906,metab-u-lrpneg,1.0720235657507031
SM(d40:1) [metab-u-lrpneg],SM(d40:1),0.150158901936475,0.0854748063984122,0.210578841217906,metab-u-lrpneg,1.068161874213105
TG(52:5)>TG(16:0_18:2_18:3) [metab-u-lrppos],TG(52:5)>TG(16:0_18:2_18:3),-0.0822056684900865,0.0861027840530304,0.150380071312674,metab-u-lrppos,1.0649828058132362
PC(O-31:1) [metab-u-lrppos],PC(O-31:1),0.064126980290176,0.08670874215608,0.150944013414712,metab-u-lrppos,1.0619371138416103
PE(O-36:1)>PE(O-18:0/18:1) [metab-u-lrpneg],PE(O-36:1)>PE(O-18:0/18:1),-0.246677335632238,0.0868413063179346,0.210813019865088,metab-u-lrpneg,1.0612736522558077
PC(O-42:6)_isomer1 [metab-u-lrppos],PC(O-42:6)_isomer1,-0.0708395801449164,0.0869071592387737,0.150944013414712,metab-u-lrppos,1.0609444457627841
PE(P-40:4)>PE(P-20:0/20:4) [metab-u-lrpneg],PE(P-40:4)>PE(P-20:0/20:4),-0.299834148059503,0.0871256761066046,0.210813019865088,metab-u-lrpneg,1.059853838699062
"N2,N2-Dimethylguanosine [metab-u-rppos]","N2,N2-Dimethylguanosine",-0.123231827678026,0.0872065843455802,0.153222783709991,metab-u-rppos,1.0594507233587422
Pterin [metab-u-hilicpos],Pterin,0.131246021860903,0.0877130522674737,0.143467909589428,metab-u-hilicpos,1.056935776007249
3-Dehydroxycarnitine [metab-u-hilicpos],3-Dehydroxycarnitine,-0.0344518730380301,0.0877203790061072,0.143467909589428,metab-u-hilicpos,1.0568995005706048
PC(33:0)_isomer1 [metab-u-lrppos],PC(33:0)_isomer1,0.0454668617405645,0.0878662052103256,0.152188151013465,metab-u-lrppos,1.056178129622449
PC(38:6)_isomer1 [metab-u-lrppos],PC(38:6)_isomer1,-0.0705167820457575,0.0884349154013012,0.152751217511338,metab-u-lrppos,1.053376235299988
PC(42:4) [metab-u-lrppos],PC(42:4),0.0798149620171138,0.0909343678352674,0.156636946793167,metab-u-lrppos,1.041271948017561
N-Acetylhistidine [metab-u-hilicpos],N-Acetylhistidine,-0.0556772137990915,0.0911744781363684,0.148423569059204,metab-u-hilicpos,1.040126713817791
PC(36:1)>PC(18:0_18:1) [metab-u-lrpneg],PC(36:1)>PC(18:0_18:1),-0.103281142666656,0.0923384087810398,0.221448750262494,metab-u-lrpneg,1.0346176136875005
LPC 20:1 [metab-u-hilicpos],LPC 20:1,-0.185440699814551,0.0930137541681612,0.150716731291002,metab-u-hilicpos,1.031452826524922
PC(36:3) [metab-u-rppos],PC(36:3),0.2188434685301,0.0933375143232044,0.162476413821874,metab-u-rppos,1.0299437690185758
TG(60:10)_isomer2 [metab-u-lrppos],TG(60:10)_isomer2,0.196828664168088,0.0936956441050657,0.160951147544866,metab-u-lrppos,1.028280598921255
PC(38:7)_isomer1 [metab-u-lrppos],PC(38:7)_isomer1,0.0997420803379896,0.0951017590843256,0.162920226628066,metab-u-lrppos,1.021811449902225
PC(40:5)>PC(18:0_22:5) _isomer3 [metab-u-lrpneg],PC(40:5)>PC(18:0_22:5) _isomer3,0.0563953430760229,0.0952246654459102,0.226367406454751,metab-u-lrpneg,1.0212505444769435
1-Methylhistamine [metab-u-hilicpos],1-Methylhistamine,-0.118222259002016,0.0952768288308911,0.153672304565953,metab-u-hilicpos,1.021012706228936
Choline phosphate [metab-u-hilicpos],Choline phosphate,-0.124331021977707,0.0963305251401143,0.154659099995596,metab-u-hilicpos,1.0162360721769077
PC(42:7)_isomer3 [metab-u-lrppos],PC(42:7)_isomer3,0.0642963334758271,0.0979219011294383,0.167294365144844,metab-u-lrppos,1.0091201633969464
GlcCer 18:2;O2/22:0 [metab-u-hilicpos],GlcCer 18:2;O2/22:0,0.109485083754109,0.0984931823609643,0.156744535496161,metab-u-hilicpos,1.006593830065688
Creatine [metab-u-hilicpos],Creatine,-0.0689665255907954,0.0985251365975867,0.156744535496161,metab-u-hilicpos,1.0064529543457694
L-Urobilin [metab-u-rppos],L-Urobilin,0.284651696377296,0.0985494254708011,0.169975155857896,metab-u-rppos,1.0063459032525044
7alpha-Hydroxy-4-cholesten-3-one [metab-u-hilicpos],7alpha-Hydroxy-4-cholesten-3-one,0.133271120891271,0.0991224876665092,0.156981315308951,metab-u-hilicpos,1.0038278070528912
FA 21:3_isomer2 [metab-u-lrpneg],FA 21:3_isomer2,-0.0547359994469687,0.0992542937561871,0.233894900938493,metab-u-lrpneg,1.0032506965116148
Creatine [metab-u-ionpneg],Creatine,-0.220692358334098,0.099666772512831,0.155889054443146,metab-u-ionpneg,1.0014496051740218
LPC(16:0)>LPC(16:0/0:0) [metab-u-lrppos],LPC(16:0)>LPC(16:0/0:0),-0.0616746152203831,0.10046827173347,0.17117827819806,metab-u-lrppos,0.997971068458824
sn-Glycero-3-phosphocholine [metab-u-hilicpos],sn-Glycero-3-phosphocholine,-0.152201135823265,0.100599876423944,0.158603408776488,metab-u-hilicpos,0.9974025527635126
PE(O-38:3) [metab-u-lrppos],PE(O-38:3),0.119332161991544,0.101209679550046,0.171974170942761,metab-u-lrppos,0.9947779502023033
TG(52:4)>TG(16:0_18:2_18:2) [metab-u-lrppos],TG(52:4)>TG(16:0_18:2_18:2),0.069033550741878,0.102655892445784,0.17396012044191,metab-u-lrppos,0.988616117084986
FA 18:1;O2 [metab-u-lrpneg],FA 18:1;O2,-0.0869694261055933,0.102667852606395,0.239853345313215,metab-u-lrpneg,0.9885655215558562
GMP [metab-u-ionpneg],GMP,0.329228341851309,0.103243029668744,0.157445620244834,metab-u-ionpneg,0.9861392595610271
Cysteine [metab-t-amines],Cysteine,-0.102523418168945,0.104173150312111,0.12848021871827,metab-t-amines,0.9822442020909881
PC(40:3) [metab-u-lrppos],PC(40:3),0.0703207839628632,0.104537273985152,0.176670810751187,metab-u-lrppos,0.9807288291726676
Lys-Gly [metab-u-hilicpos],Lys-Gly,0.0704610244568258,0.105577810437773,0.165705083646729,metab-u-hilicpos,0.9764273490091779
PC P-38:6 or PC O-38:7 [metab-u-hilicpos],PC P-38:6 or PC O-38:7,0.0273293346788108,0.107342634579225,0.167722866530039,metab-u-hilicpos,0.9692277497497638
TG(58:10)>TG(16:0_20:4_22:6) [metab-u-lrppos],TG(58:10)>TG(16:0_20:4_22:6),0.105134358816795,0.107636393578592,0.181112096596033,metab-u-lrppos,0.9680408619595249
TG(51:2)_isomer1 [metab-u-lrppos],TG(51:2)_isomer1,-0.0778869888938196,0.107742921898438,0.181112096596033,metab-u-lrppos,0.96761125092519
TG(55:4)_isomer2 [metab-u-lrppos],TG(55:4)_isomer2,-0.115584049504818,0.110106415627004,0.184590167374684,metab-u-lrppos,0.9581873750316119
Histidine [metab-u-ionpneg],Histidine,-0.050522300714924,0.11108277748113,0.165269498203633,metab-u-ionpneg,0.9543532698143986
SM(d42:3) [metab-u-lrpneg],SM(d42:3),0.0329793031769654,0.113835892596987,0.263671170032337,metab-u-lrpneg,0.9437207827642927
LPC P-18:0 or LPC O-18:1_hp_a [metab-u-hilicpos],LPC P-18:0 or LPC O-18:1_hp_a,0.0473871811021169,0.113871809897015,0.17686247337755,metab-u-hilicpos,0.9435837765482926
Myristoleic acid [metab-u-hilicpos],Myristoleic acid,0.145158145877275,0.114202625666647,0.17686247337755,metab-u-hilicpos,0.9423239109813496
PC(42:7)_isomer1 [metab-u-lrppos],PC(42:7)_isomer1,0.0778376629829509,0.114714898199904,0.191402759760474,metab-u-lrppos,0.940380175944917
SM(d30:1) [metab-u-lrppos],SM(d30:1),-0.0316960697575048,0.115175893801341,0.191402759760474,metab-u-lrppos,0.938638408799753
Car(24:0) [metab-u-lrppos],Car(24:0),-0.0468004618895037,0.115274616147892,0.191402759760474,metab-u-lrppos,0.9382663152601916
PC(O-38:4)_isomer3 [metab-u-lrppos],PC(O-38:4)_isomer3,0.0511524424068064,0.115391137463253,0.191402759760474,metab-u-lrppos,0.9378275455876454
PE(36:3)>PE(16:0_20:3)_and_PE(18:1_18:2)_isomer2 [metab-u-lrpneg],PE(36:3)>PE(16:0_20:3)_and_PE(18:1_18:2)_isomer2,-0.50721020248594,0.115822327212005,0.265998734529266,metab-u-lrpneg,0.9362077130585074
Hex3Cer(d34:1)>Hex3Cer(d18:1/16:0) [metab-u-lrppos],Hex3Cer(d34:1)>Hex3Cer(d18:1/16:0),0.0363882596573681,0.116823670720189,0.193267655782476,metab-u-lrppos,0.9324691519015195
DG 34:1 [metab-u-hilicpos],DG 34:1,0.153743529473882,0.116847254613488,0.180160965263088,metab-u-hilicpos,0.9323814871247253
Leucine [metab-u-ionpneg],Leucine,0.0618848505998209,0.117653431927632,0.170877603513942,metab-u-ionpneg,0.9293954000179698
FA 26:4 [metab-u-lrpneg],FA 26:4,0.0545369886137799,0.11798274531706,0.268683394797674,metab-u-lrpneg,0.9281815025372838
Betaine [metab-u-hilicpos],Betaine,-0.0231935384047084,0.118068199486534,0.181245043071433,metab-u-hilicpos,0.9278670596028544
PC(31:1) [metab-u-lrppos],PC(31:1),0.0584486001949251,0.118200136619678,0.195030225422468,metab-u-lrppos,0.9273820214823608
PC(O-34:1)_isomer2 [metab-u-lrppos],PC(O-34:1)_isomer2,0.0949748047912209,0.118847920833526,0.195584373655173,metab-u-lrppos,0.9250084115666383
Sphingosine 1-phosphate [metab-u-rpneg],Sphingosine 1-phosphate,-0.141239173943184,0.119113988497048,0.17120665153353,metab-u-rpneg,0.9240372328888513
Indoleacrylic acid [metab-u-rpneg],Indoleacrylic acid,-0.107934964164688,0.119173257440006,0.17120665153353,metab-u-rpneg,0.9238211896398348
SM(d34:1)_isomer2 [metab-u-lrppos],SM(d34:1)_isomer2,0.0676036022955664,0.120175618658956,0.197251604448077,metab-u-lrppos,0.9201836334641028
PS(36:1)>PS(18:0_18:1) [metab-u-lrpneg],PS(36:1)>PS(18:0_18:1),0.204884827884371,0.120973726370533,0.272399834021103,metab-u-lrpneg,0.9173089415124669
Proline betaine [metab-u-hilicpos],Proline betaine,-0.136466802377218,0.121280075809141,0.185362561280346,metab-u-hilicpos,0.9162105402453221
LPC(16:1)_rp_a [metab-u-rppos],LPC(16:1)_rp_a,-0.138952076038187,0.121523151322862,0.207694113169982,metab-u-rppos,0.9153409769301261
LPE(16:0)>LPE(16:0/0:0)_and_LPE(0:0/16:0) [metab-u-lrpneg],LPE(16:0)>LPE(16:0/0:0)_and_LPE(0:0/16:0),-0.0560616655226198,0.121625018142264,0.272399834021103,metab-u-lrpneg,0.914977081941807
DG(32:0) [metab-u-rppos],DG(32:0),0.261241063825228,0.12325071226459,0.208748954105792,metab-u-rppos,0.9092105622601663
PI(36:2)>PI(18:0_18:2) [metab-u-lrpneg],PI(36:2)>PI(18:0_18:2),-0.234435298673617,0.124363766547584,0.273613931336844,metab-u-lrpneg,0.9053061331545768
PS(38:4)>PS(18:0_20:4)_isomer3 [metab-u-lrpneg],PS(38:4)>PS(18:0_20:4)_isomer3,-0.262475111740358,0.125000798586313,0.273613931336844,metab-u-lrpneg,0.903087212427774
PE(40:6)>PE(18:0_22:6) [metab-u-lrpneg],PE(40:6)>PE(18:0_22:6),0.639384985330242,0.12519604238291,0.273613931336844,metab-u-lrpneg,0.902409399547552
dUMP [metab-u-rppos],dUMP,-0.141931474084474,0.127798822415254,0.21451945191132,metab-u-rppos,0.8934731479062051
SM(d44:1) [metab-u-lrppos],SM(d44:1),-0.356823497810304,0.127830404318351,0.209268050933698,metab-u-lrppos,0.8933658374355827
FA 18:3;O_isomer2 [metab-u-lrpneg],FA 18:3;O_isomer2,0.19147722459882,0.127987597253238,0.277477110845021,metab-u-lrpneg,0.8928321139885359
Imidazolepropionic acid [metab-u-hilicpos],Imidazolepropionic acid,-0.111573260034067,0.128222981916533,0.19512192900342,metab-u-hilicpos,0.89203412750815
SM(d42:2)_isomer1 [metab-u-lrppos],SM(d42:2)_isomer1,0.128813897579214,0.128488181246234,0.209338008608054,metab-u-lrppos,0.8911368182906857
PC(38:3)_isomer3 [metab-u-lrppos],PC(38:3)_isomer3,0.0604452983441277,0.12854088247863,0.209338008608054,metab-u-lrppos,0.8909587228301326
Asparagine [metab-u-hilicpos],Asparagine,-0.0285162945954589,0.129012850449651,0.195474015832805,metab-u-hilicpos,0.8893670292246291
Acetaminophen [metab-u-rppos],Acetaminophen,0.210334752656447,0.129104810810795,0.214793844534774,metab-u-rppos,0.8890575743900128
PE(O-40:7)>PE(O-18:2/22:5)_isomer1 [metab-u-lrpneg],PE(O-40:7)>PE(O-18:2/22:5)_isomer1,-0.168665383977515,0.129328949035923,0.278159882450279,metab-u-lrpneg,0.8883042516134427
TG(55:3)>TG(18:1_18:1_19:1) [metab-u-lrppos],TG(55:3)>TG(18:1_18:1_19:1),-0.121710188133374,0.129392984880788,0.210179796684596,metab-u-lrppos,0.8880892685680105
PC(O-40:3) [metab-u-lrppos],PC(O-40:3),0.0611733790674833,0.132105402304308,0.214031233190701,metab-u-lrppos,0.8790794220298526
SM(d40:1)_isomer1 [metab-u-lrppos],SM(d40:1)_isomer1,0.0666876634766389,0.132447314789123,0.214032129826753,metab-u-lrppos,0.8779568420786258
GlcCer 18:2;O2/23:0 [metab-u-hilicpos],GlcCer 18:2;O2/23:0,0.103229967749261,0.132895451877366,0.200488828263268,metab-u-hilicpos,0.8764898817988929
LPC 18:0 [metab-u-hilicpos],LPC 18:0,-0.0353160385527822,0.134090558802857,0.201423586184549,metab-u-hilicpos,0.872601799360677
SM(d34:1) [metab-u-lrpneg],SM(d34:1),-0.114059747943003,0.134655051308776,0.287334794525025,metab-u-lrpneg,0.8707773502778687
SM(d34:2) [metab-u-lrppos],SM(d34:2),0.047036582203777,0.13487881448397,0.217401071160537,metab-u-lrppos,0.8700562599296883
alpha-Aminoadipic-acid [metab-t-amines],alpha-Aminoadipic-acid,0.0264212700963457,0.135348716798471,0.159298334213429,metab-t-amines,0.8685458572926986
PE(35:2)>PE(17:0_18:2) [metab-u-lrpneg],PE(35:2)>PE(17:0_18:2),-0.39444698477487,0.135845040700522,0.287601652137527,metab-u-lrpneg,0.8669562117599755
SM(d40:3) [metab-u-lrppos],SM(d40:3),0.0525706105192185,0.136983628460884,0.220227525756344,metab-u-lrppos,0.8633313342593585
Arginine [metab-t-amines],Arginine,-0.0491974056779716,0.137771532292695,0.159298334213429,metab-t-amines,0.8608405113502168
PE(O-38:6)>PE(O-18:2/20:4) [metab-u-lrppos],PE(O-38:6)>PE(O-18:2/20:4),-0.134040143388887,0.138304624704754,0.221782607902509,metab-u-lrppos,0.8591632974743891
FA 14:4;O3 [metab-u-lrpneg],FA 14:4;O3,0.103779254499383,0.138504990053886,0.287601652137527,metab-u-lrpneg,0.8585345795682867
HexCer(d41:1) [metab-u-lrpneg],HexCer(d41:1),0.220606951233854,0.138508708365471,0.287601652137527,metab-u-lrpneg,0.8585229206343591
SM(d35:1)_isomer1 [metab-u-lrppos],SM(d35:1)_isomer1,0.0343964712506803,0.138735503459682,0.221906022115358,metab-u-lrppos,0.857812385476488
PC(O-38:6)>PC(O-18:2/20:4) _isomer1 [metab-u-lrpneg],PC(O-38:6)>PC(O-18:2/20:4) _isomer1,0.119045509889752,0.139042123552446,0.287601652137527,metab-u-lrpneg,0.8568536079835368
PE(O-40:6)>PE(O-18:1/22:5) [metab-u-lrppos],PE(O-40:6)>PE(O-18:1/22:5),-0.0634342828639198,0.139300761488668,0.222243199626958,metab-u-lrppos,0.8560465094954721
Ser-Pro [metab-u-hilicpos],Ser-Pro,-0.110916175610869,0.139796101312045,0.209096732731691,metab-u-hilicpos,0.8545049401945957
PC(O-38:5)_isomer3 [metab-u-lrppos],PC(O-38:5)_isomer3,0.146413423116137,0.139929875922718,0.222501277347546,metab-u-lrppos,0.8540895509609071
PC(O-32:0)>PC(O-16:0/16:0) [metab-u-lrpneg],PC(O-32:0)>PC(O-16:0/16:0),-0.26525322795823,0.140134480883018,0.287601652137527,metab-u-lrpneg,0.8534549909472696
PC(38:0) [metab-u-lrppos],PC(38:0),-0.0900262792570672,0.140172256064243,0.222501277347546,metab-u-lrppos,0.8533379366585507
PC(O-34:1)>PC(O-18:1/16:0)_and_PC(O-34:1)>PC(O-16:0/18:1) [metab-u-lrpneg],PC(O-34:1)>PC(O-18:1/16:0)_and_PC(O-34:1)>PC(O-16:0/18:1),-0.0505000697477378,0.141147674296277,0.287601652137527,metab-u-lrpneg,0.8503262733698047
3-Methylxanthine [metab-u-rpneg],3-Methylxanthine,-0.198411521792629,0.141286996230552,0.200156577993283,metab-u-rpneg,0.8498978078980648
TG(49:1)_isomer2 [metab-u-lrppos],TG(49:1)_isomer2,-0.0849132513999145,0.141629324129806,0.224246429872193,metab-u-lrppos,0.8488468173435831
DG(36:3)>DG(18:1_18:2_0:0) [metab-u-lrppos],DG(36:3)>DG(18:1_18:2_0:0),0.0654319231949856,0.142059843877603,0.22436151665304,metab-u-lrppos,0.8475286669491444
PC(34:3)_isomer2 [metab-u-lrppos],PC(34:3)_isomer2,-0.0907567430620873,0.142467475213372,0.224439967233126,metab-u-lrppos,0.8462842721299643
CAR(20:0) [metab-u-rppos],CAR(20:0),-0.0785900576483094,0.142866991170826,0.235605213509783,metab-u-rppos,0.8450681015681757
TG(53:3)_isomer2 [metab-u-lrppos],TG(53:3)_isomer2,-0.0589816808641501,0.143312599811498,0.224940044110912,metab-u-lrppos,0.8437156254571314
TG(53:4)>TG(17:0_18:2_18:2)_and_TG(17:1_18:1_18:2) M + NH3_isomer2 [metab-u-lrppos],TG(53:4)>TG(17:0_18:2_18:2)_and_TG(17:1_18:1_18:2) M + NH3_isomer2,-0.123501180378245,0.14350242048543,0.224940044110912,metab-u-lrppos,0.8431407735320775
DG(34:2)>DG(16:1_18:1_0:0) [metab-u-lrppos],DG(34:2)>DG(16:1_18:1_0:0),0.116927042657192,0.144680499168569,0.226221129622676,metab-u-lrppos,0.8395900015292934
LPC(17:0)>LPC(17:0/0:0) [metab-u-lrppos],LPC(17:0)>LPC(17:0/0:0),-0.216001997117999,0.147100879475857,0.229433461272045,metab-u-lrppos,0.8323847307369847
SM(d39:2)_isomer2 [metab-u-lrppos],SM(d39:2)_isomer2,0.0457008997739337,0.148711760253282,0.231370406150888,metab-u-lrppos,0.8276546857406447
DG(36:5) [metab-u-lrppos],DG(36:5),-0.0826437539693892,0.149481711320689,0.231992655935822,metab-u-lrppos,0.8254119388336546
DG(36:3) [metab-u-rppos],DG(36:3),0.112421057372629,0.14949734535361,0.244395660230249,metab-u-rppos,0.825366519102191
PG(34:1)>PG(16:0_18:1) [metab-u-lrpneg],PG(34:1)>PG(16:0_18:1),0.213287356745642,0.15034116638838,0.304048179785456,metab-u-lrpneg,0.8229220847000596
SM(d39:0) [metab-u-lrppos],SM(d39:0),0.0371548774925898,0.151905196824,0.235171749157155,metab-u-lrppos,0.8184273682479449
PC(O-36:4)>PC(O-16:1/20:3) _isomer2 [metab-u-lrpneg],PC(O-36:4)>PC(O-16:1/20:3) _isomer2,-0.164013055408422,0.152429969413149,0.30598904971084,metab-u-lrpneg,0.8169296375162857
PC(30:0) [metab-u-rppos],PC(30:0),0.0991128615731078,0.15577527446539,0.25229344154113,metab-u-rppos,0.8075014748753235
SM(d36:3) [metab-u-lrppos],SM(d36:3),0.0494577990296818,0.156609754101058,0.241603815760312,metab-u-lrppos,0.8051811923397428
Hex3Cer(d42:1)>Hex3Cer(d18:1/24:0) [metab-u-lrppos],Hex3Cer(d42:1)>Hex3Cer(d18:1/24:0),0.046447326400699,0.156830547072483,0.241603815760312,metab-u-lrppos,0.8045693425895091
"trans-Cyclohexane-1,2-diol [metab-u-rppos]","trans-Cyclohexane-1,2-diol",-0.458598794061604,0.157012407767618,0.25229344154113,metab-u-rppos,0.8040660264946647
Targinine [metab-u-hilicpos],Targinine,0.0342854994558124,0.157285832814628,0.234255495681361,metab-u-hilicpos,0.8033103937627263
Lysine [metab-t-amines],Lysine,-0.0277131461697921,0.15818647425569,0.177360592347289,metab-t-amines,0.8008306536275038
Hordenine [metab-u-hilicpos],Hordenine,-0.463251103708187,0.159112670510933,0.235972180842485,metab-u-hilicpos,0.798295235099631
Sphingosine [metab-u-rppos],Sphingosine,-0.156507110002721,0.16312090341853,0.259887541039692,metab-u-rppos,0.7874903819540707
PE(35:3)>PE(17:0_18:3) [metab-u-lrpneg],PE(35:3)>PE(17:0_18:3),-0.274797425174533,0.163311452148193,0.324118619521029,metab-u-lrpneg,0.7869833594741334
SM(d43:1) [metab-u-lrpneg],SM(d43:1),-0.31916342175931,0.163853324259708,0.324118619521029,metab-u-lrpneg,0.7855447432165916
HexCer(d34:1)>HexCer(d18:1/16:0) [metab-u-lrppos],HexCer(d34:1)>HexCer(d18:1/16:0),0.0416839434874809,0.164645191539594,0.253020919351288,metab-u-lrppos,0.7834509483308446
Thyroxine [metab-u-hilicpos],Thyroxine,0.085463794591103,0.165169294416952,0.243920898927989,metab-u-hilicpos,0.7820706864632283
PC(O-38:5)_isomer5 [metab-u-lrppos],PC(O-38:5)_isomer5,0.0393089105921618,0.166584278470243,0.255374920784456,metab-u-lrppos,0.7783659878980116
N-Acetylserotonin [metab-u-rppos],N-Acetylserotonin,-0.340480767074759,0.166736202522417,0.260118775030778,metab-u-rppos,0.7779700939409404
LPC(20:0)_rp_b [metab-u-rppos],LPC(20:0)_rp_b,-0.0872040583107214,0.167104019203064,0.260118775030778,metab-u-rppos,0.7770131042854208
PE(38:4)>PE(18:0_20:4)_isomer1 [metab-u-lrpneg],PE(38:4)>PE(18:0_20:4)_isomer1,0.302936367426707,0.167773019889801,0.329467307174898,metab-u-lrpneg,0.7752778781621407
Thyroxine [metab-u-rppos],Thyroxine,-0.0577259194412143,0.168281798142521,0.260118775030778,metab-u-rppos,0.7739628560607797
N-Acetylglutamic acid [metab-u-rppos],N-Acetylglutamic acid,-0.0973777404245268,0.168800481668909,0.260118775030778,metab-u-rppos,0.7726263184576929
PC(O-34:2)>PC(O-16:1/18:1) [metab-u-lrpneg],PC(O-34:2)>PC(O-16:1/18:1),-0.150386317447129,0.169742593244312,0.33093699833963,metab-u-lrpneg,0.7702091671700179
1-Methylxanthine [metab-u-rpneg],1-Methylxanthine,-0.250981376355611,0.170829916278877,0.23869385562254,metab-u-rpneg,0.7674360719542318
PC(O-37:5)_isomer1 [metab-u-lrppos],PC(O-37:5)_isomer1,0.07737329142833,0.171722470392042,0.262609729111733,metab-u-lrppos,0.765172872406
Urocanic acid [metab-u-rppos],Urocanic acid,0.215956010886229,0.172460132787291,0.263597601333421,metab-u-rppos,0.7633112838461608
PC(37:4)_isomer3 [metab-u-lrppos],PC(37:4)_isomer3,0.0903723457889534,0.173799763653291,0.265139785427284,metab-u-lrppos,0.759950818475047
Asparagine [metab-u-ionpneg],Asparagine,-0.062597276462391,0.174157309305107,0.247060369014221,metab-u-ionpneg,0.7590582936762605
Hex2Cer(d42:1)>Hex2Cer(d18:1/24:0) [metab-u-lrppos],Hex2Cer(d42:1)>Hex2Cer(d18:1/24:0),0.0636231380636652,0.175348774655949,0.266853596381747,metab-u-lrppos,0.7560972646385902
TG(48:4)_isomer1 [metab-u-lrppos],TG(48:4)_isomer1,-0.130821628535493,0.175846397903145,0.266962933378382,metab-u-lrppos,0.7548665234903986
FA 16:2;O2_isomer2 [metab-u-lrpneg],FA 16:2;O2_isomer2,-0.161042276344773,0.177662210869994,0.343903279612631,metab-u-lrpneg,0.7504049377315922
Lysine [metab-u-hilicpos],Lysine,0.0337095121651068,0.179539791114697,0.262138055443947,metab-u-hilicpos,0.745839284431549
DG 36:2 [metab-u-hilicpos],DG 36:2,0.101568032623813,0.179578796848616,0.262138055443947,metab-u-hilicpos,0.7457449424752259
PE(36:1)>PE(18:0_18:1) [metab-u-lrpneg],PE(36:1)>PE(18:0_18:1),-0.312625461575333,0.179669450742963,0.344118730860819,metab-u-lrpneg,0.7455257598505225
PC(36:2) [metab-u-rppos],PC(36:2),0.0418980764431751,0.180178498189059,0.27317385209309,metab-u-rppos,0.7442970373026163
FA 18:2;O_isomer2 [metab-u-lrpneg],FA 18:2;O_isomer2,-0.195327287304004,0.180313135727809,0.344118730860819,metab-u-lrpneg,0.7439726339747521
N-Acetylaspartic acid [metab-u-hilicpos],N-Acetylaspartic acid,0.32556508169462,0.180495471477561,0.262138055443947,metab-u-hilicpos,0.7435336898080631
Niacinamide [metab-u-hilicpos],Niacinamide,0.171276832622009,0.180500775319975,0.262138055443947,metab-u-hilicpos,0.7435209282931505
PE(O-38:5)>PE(O-16:1/22:4) [metab-u-lrppos],PE(O-38:5)>PE(O-16:1/22:4),-0.080841619298873,0.183263056866827,0.277550571631644,metab-u-lrppos,0.7369250735861177
TG(54:5) [metab-u-lrppos],TG(54:5),-0.102267075872284,0.185153340999349,0.279294722333265,metab-u-lrppos,0.7324684469173194
PS(36:1) [metab-u-lrppos],PS(36:1),-0.203351038082939,0.185305589299263,0.279294722333265,metab-u-lrppos,0.7321114810307038
MG(16:0) [metab-u-rppos],MG(16:0),0.179859195530923,0.185477849796898,0.278958686094535,metab-u-rppos,0.7317079474255481
PC(O-36:5)_isomer1 [metab-u-lrppos],PC(O-36:5)_isomer1,-0.0435048143236187,0.18623523525268,0.280022763797195,metab-u-lrppos,0.7299381481230944
UDP-glucose [metab-u-ionpneg],UDP-glucose,-0.212382515063727,0.186814727421544,0.256917845669922,metab-u-ionpneg,0.7285888894239726
DG(18:1_18:1) [metab-u-rppos],DG(18:1_18:1),-0.0919044081607687,0.18711431760001,0.279186442133348,metab-u-rppos,0.7278929799143352
PC(44:5) [metab-u-lrppos],PC(44:5),-0.0885184983489893,0.187627143519066,0.281440715278599,metab-u-lrppos,0.7267043331860635
PC(O-37:4)_isomer1 [metab-u-lrppos],PC(O-37:4)_isomer1,-0.0329981563825221,0.188421729963221,0.28195805414544,metab-u-lrppos,0.7248690131200017
4-Aminohippuric acid [metab-u-hilicpos],4-Aminohippuric acid,-0.0883062541212727,0.188616024926669,0.272791771588158,metab-u-hilicpos,0.7244214121205689
UDP-glucuronic acid [metab-u-ionpneg],UDP-glucuronic acid,-0.244262386515192,0.18952955828109,0.256917845669922,metab-u-ionpneg,0.7223230495623145
PE(O-38:4)>PE(O-18:0/20:4)_and_PE(O-18:2/20:2)_isomer2 [metab-u-lrpneg],PE(O-38:4)>PE(O-18:0/20:4)_and_PE(O-18:2/20:2)_isomer2,0.274790420885665,0.190612492865143,0.36123066829688,metab-u-lrpneg,0.7198486388257469
C16 Sphinganine [metab-u-rppos],C16 Sphinganine,0.0459643536574497,0.192197516830936,0.284512859560756,metab-u-rppos,0.7162522276642928
PC(O-36:4)_isomer3 [metab-u-lrppos],PC(O-36:4)_isomer3,0.140657599086186,0.193860457116599,0.288780057313864,metab-u-lrppos,0.7125107675453621
PS(38:4) [metab-u-lrppos],PS(38:4),-0.199656068966309,0.19390176097151,0.288780057313864,metab-u-lrppos,0.7124182467400837
Monoethylhexyl phthalic acid [metab-u-rppos],Monoethylhexyl phthalic acid,0.135825334503888,0.195215421303457,0.286722650039452,metab-u-rppos,0.7094858776403636
LPC 22:5 [metab-u-hilicpos],LPC 22:5,0.0756381023306965,0.195833104445259,0.282064142205106,metab-u-hilicpos,0.7081138913753051
Taurine [metab-u-ionpneg],Taurine,-0.0992140716621002,0.195870213100769,0.259740934764063,metab-u-ionpneg,0.7080316041765752
PC(O-38:6)>PC(O-16:1/22:5) [metab-u-lrpneg],PC(O-38:6)>PC(O-16:1/22:5),0.189560748251658,0.195879521936472,0.368634378088777,metab-u-lrpneg,0.7080109645915649
PC(42:8)_isomer1 [metab-u-lrppos],PC(42:8)_isomer1,0.227782174110693,0.197221580321507,0.29302827218385,metab-u-lrppos,0.7050455655521726
LPC(17:0) [metab-u-lrppos],LPC(17:0),-0.0923193626220105,0.199253245770881,0.294856079834068,metab-u-lrppos,0.7005945953576872
DG(36:2) [metab-u-lrppos],DG(36:2),-0.0680622248008085,0.199473817621104,0.294856079834068,metab-u-lrppos,0.7001141005230921
FA 22:7;O [metab-u-lrpneg],FA 22:7;O,-0.111923965722829,0.199559985738684,0.372970731966782,metab-u-lrpneg,0.6999265357691912
SM(d39:2)_isomer1 [metab-u-lrppos],SM(d39:2)_isomer1,0.116158301381262,0.199862574050206,0.294856079834068,metab-u-lrppos,0.6992685235668196
Cerotic acid [metab-u-rpneg],Cerotic acid,0.0831944102205213,0.201636450615098,0.27793132382081,metab-u-rpneg,0.6954309560059772
ST 23:1;O4_isomer2 [metab-u-lrpneg],ST 23:1;O4_isomer2,-0.111549033977159,0.203745825287042,0.378185744197181,metab-u-lrpneg,0.6909112811076208
PC P-34:3 or PC O-34:4 [metab-u-hilicpos],PC P-34:3 or PC O-34:4,-0.117496351768954,0.205149921766209,0.294272428763005,metab-u-hilicpos,0.6879286443149589
PC(33:2) [metab-u-lrppos],PC(33:2),0.0549447166177082,0.205560062367144,0.301921383740379,metab-u-lrppos,0.6870612592214318
TG(56:3)_isomer2 [metab-u-lrppos],TG(56:3)_isomer2,-0.170593130373177,0.205614722260194,0.301921383740379,metab-u-lrppos,0.6869457925587843
PC(O-35:5)>PC(O-15:1/20:4) [metab-u-lrpneg],PC(O-35:5)>PC(O-15:1/20:4),-0.194855968410511,0.20595590059783,0.37903805621128,metab-u-lrpneg,0.6862257610740692
Fumaric acid [metab-u-ionpneg],Fumaric acid,-0.0590336237006426,0.20630906320583,0.267762826713949,metab-u-ionpneg,0.6854816929486993
N-Acetylmethionine [metab-u-rppos],N-Acetylmethionine,-0.0586785074342782,0.206967743532734,0.301627409179489,metab-u-rppos,0.684097335206547
SM(d38:1) [metab-u-lrpneg],SM(d38:1),0.0571502844365241,0.207002333281437,0.37903805621128,metab-u-lrpneg,0.6840247592506099
Hydroxyhexadecanoic acid [metab-u-rpneg],Hydroxyhexadecanoic acid,-0.167145727023868,0.207192304029673,0.281781533480355,metab-u-rpneg,0.6836263801020884
PE(40:7)>PE(18:1_22:6)_and_PE(18:0_22:7) [metab-u-lrpneg],PE(40:7)>PE(18:1_22:6)_and_PE(18:0_22:7),-0.273642959284082,0.208896193334923,0.379938714052108,metab-u-lrpneg,0.6800694739914499
3-Indolepropionic acid [metab-u-hilicpos],3-Indolepropionic acid,-0.276272667421313,0.20945737615209,0.299224823074414,metab-u-hilicpos,0.6789043411239859
Cinnamoylglycine [metab-u-hilicpos],Cinnamoylglycine,-0.119993906524599,0.212758844778899,0.302705673465913,metab-u-hilicpos,0.6721123764427884
AMP [metab-u-ionpneg],AMP,-0.232046324527897,0.213812436737225,0.268906125607015,metab-u-ionpneg,0.6699670369697954
PC(O-35:3)_isomer1 [metab-u-lrppos],PC(O-35:3)_isomer1,-0.0544285747958888,0.21438039021187,0.313643167532303,metab-u-lrppos,0.6688149429170992
Cer(d42:0)>Cer(d18:0/24:0)_isomer1 [metab-u-lrppos],Cer(d42:0)>Cer(d18:0/24:0)_isomer1,-0.0498889627710142,0.214597956732629,0.313643167532303,metab-u-lrppos,0.6683744174305002
Creatinine [metab-u-ionpneg],Creatinine,0.0393931029410695,0.216006559913832,0.268906125607015,metab-u-ionpneg,0.6655330595383337
SM(d36:3) [metab-u-rppos],SM(d36:3),0.0532612109014394,0.216545836736735,0.313158594665432,metab-u-rppos,0.6644501615053394
CE(20:5) [metab-u-lrppos],CE(20:5),0.0679965170866126,0.21701475627041,0.315846959590244,metab-u-lrppos,0.6635107345895942
PE(36:3) [metab-u-lrppos],PE(36:3),-0.289261972297499,0.217113300770965,0.315846959590244,metab-u-lrppos,0.6633135700301798
Cer(d43:1)>Cer(d18:1/25:0) [metab-u-lrppos],Cer(d43:1)>Cer(d18:1/25:0),0.0279443563447188,0.217867992489958,0.316211183544453,metab-u-lrppos,0.6618065683128642
PE 34:0 [metab-u-hilicpos],PE 34:0,0.0401808627547062,0.221394804491045,0.313717334299051,metab-u-hilicpos,0.6548325749990532
ST 27:1;O3_isomer2 [metab-u-lrpneg],ST 27:1;O3_isomer2,-0.146131085512799,0.223690338929442,0.404133878999193,metab-u-lrpneg,0.6503527724533812
PI(38:5)_isomer1 [metab-u-lrppos],PI(38:5)_isomer1,0.0328192052787024,0.2262589387551,0.327631303924822,metab-u-lrppos,0.6453942542207464
CAR(10:0(OH)) [metab-u-rppos],CAR(10:0(OH)),0.153285727050143,0.226673964969022,0.325303094764704,metab-u-rppos,0.6445983586542509
CAR(12:0) [metab-u-rppos],CAR(12:0),0.121019443344629,0.228585906481325,0.325561745594615,metab-u-rppos,0.6409505496453523
N-Acetylleucine [metab-u-rppos],N-Acetylleucine,-0.0944220434811012,0.230873169792939,0.326347037000545,metab-u-rppos,0.6366265343323316
LPE(20:0)>LPE(20:0/0:0)_and_LPE(0:0/20:0) [metab-u-lrpneg],LPE(20:0)>LPE(20:0/0:0)_and_LPE(0:0/20:0),-0.184548553384303,0.232203705195768,0.413026560876895,metab-u-lrpneg,0.634130854652406
FA 24:3 [metab-u-lrpneg],FA 24:3,0.128616074918241,0.232969555308188,0.413026560876895,metab-u-lrpneg,0.632700829298226
PC(32:0)>PC(16:0/16:0) [metab-u-lrpneg],PC(32:0)>PC(16:0/16:0),0.075685112969964,0.233184737321642,0.413026560876895,metab-u-lrpneg,0.6322998789298042
LPC 20:0 [metab-u-hilicpos],LPC 20:0,-0.084696605004849,0.235214612463548,0.331956106299362,metab-u-hilicpos,0.6285357016641007
LPC(22:0)>LPC(22:0/0:0)_and_LPC(0:0/22:0) [metab-u-lrppos],LPC(22:0)>LPC(22:0/0:0)_and_LPC(0:0/22:0),-0.0301742611243725,0.2352540804707,0.339871678468039,metab-u-lrppos,0.628462835018496
Octadecadienoic acid [metab-u-rpneg],Octadecadienoic acid,0.0882247224339068,0.237105024085349,0.318219900746126,metab-u-rpneg,0.6250592435358282
12(13)-EpMOE [metab-t-oxylipneg],12(13)-EpMOE,0.0022967305272894,0.238552895512986,0.602874333229105,metab-t-oxylipneg,0.6224153076832132
PE(40:5)>PE(18:0_22:5)_isomer1 [metab-u-lrpneg],PE(40:5)>PE(18:0_22:5)_isomer1,-0.517898133533038,0.241261361412348,0.419514253609772,metab-u-lrpneg,0.6175122258286979
FA 23:1 [metab-u-lrpneg],FA 23:1,-0.120442958944,0.241305221342086,0.419514253609772,metab-u-lrpneg,0.6174332807620686
FA 22:4;O2 [metab-u-lrpneg],FA 22:4;O2,0.0851296395568681,0.241813955856315,0.419514253609772,metab-u-lrpneg,0.6165186382292336
SM(d35:2) [metab-u-lrppos],SM(d35:2),0.0358344810521665,0.242070145485569,0.348914899355062,metab-u-lrppos,0.6160587688001976
FA 24:1 [metab-u-lrpneg],FA 24:1,0.276321305630749,0.243039622939979,0.419514253609772,metab-u-lrpneg,0.6143229172601462
LPC 22:4 [metab-u-hilicpos],LPC 22:4,0.07930607908302,0.244315600322732,0.343415502461672,metab-u-hilicpos,0.6120488010668131
SM(d42:3)_isomer1 [metab-u-lrppos],SM(d42:3)_isomer1,0.0429357597172491,0.244683709545345,0.351591451915933,metab-u-lrppos,0.611394943970943
PS(40:7) [metab-u-lrppos],PS(40:7),0.0357142419233121,0.245048587698984,0.351591451915933,metab-u-lrppos,0.610747796135663
PC(O-37:4)_isomer4 [metab-u-lrppos],PC(O-37:4)_isomer4,-0.0568451824876952,0.245944918813041,0.352071835835107,metab-u-lrppos,0.6091621454740462
N4-Acetylcytidine [metab-u-hilicpos],N4-Acetylcytidine,0.0403646658563481,0.24626435428153,0.344770095994141,metab-u-hilicpos,0.6085984458919829
Hydroxyphenyllactic acid [metab-u-rpneg],Hydroxyphenyllactic acid,-0.181733283467164,0.246507020748205,0.326541767744376,metab-u-rpneg,0.6081707071016248
CE(20:4) [metab-u-lrppos],CE(20:4),0.0476656098113359,0.247074087211673,0.352198763754987,metab-u-lrppos,0.6071728004137886
TG(48:0)>TG(16:0/16:0/16:0) [metab-u-lrppos],TG(48:0)>TG(16:0/16:0/16:0),-0.114368313137696,0.247157027196482,0.352198763754987,metab-u-lrppos,0.607027037117955
PC(40:5)>PC(18:0_22:5) [metab-u-lrpneg],PC(40:5)>PC(18:0_22:5),0.193756276678403,0.249071702537903,0.426510708679732,metab-u-lrpneg,0.6036756105996871
Inosine [metab-u-hilicpos],Inosine,0.261642036875642,0.249866931780982,0.348420024395792,metab-u-hilicpos,0.6022912160436901
PC(36:4)>PC(16:0_20:4) [metab-u-lrpneg],PC(36:4)>PC(16:0_20:4),0.0320882935276856,0.250240600295488,0.426510708679732,metab-u-lrpneg,0.601642226801571
LPC(19:0)>LPC(19:0/0:0) [metab-u-lrppos],LPC(19:0)>LPC(19:0/0:0),0.146370800889876,0.251181859902088,0.357122508296166,metab-u-lrppos,0.6000117281071874
ST 27:3;O3 [metab-u-lrpneg],ST 27:3;O3,-0.208741421375045,0.251972427774195,0.426778299542543,metab-u-lrpneg,0.5986469795385089
Mesobilirubinogen [metab-u-rppos],Mesobilirubinogen,0.158188224144922,0.25330331154933,0.35538076545727,metab-u-rppos,0.596359132443169
FA 17:2;O2 [metab-u-lrpneg],FA 17:2;O2,0.162155002857101,0.254734601238687,0.42758781474637,metab-u-lrpneg,0.5939120597226965
Serotonin [metab-u-rppos],Serotonin,-0.357488639941602,0.256102910915911,0.356647016682899,metab-u-rppos,0.591585485227264
PE P-35:2 or PE O-35:3 [metab-u-hilicpos],PE P-35:2 or PE O-35:3,-0.0620755470963399,0.2563178233187,0.355996976831528,metab-u-hilicpos,0.5912211936603512
PE(36:2)>PE(18:0_18:2)_isomer2 [metab-u-lrpneg],PE(36:2)>PE(18:0_18:2)_isomer2,-0.234743811142049,0.256325098754517,0.42758781474637,metab-u-lrpneg,0.5912088666331247
PC(34:4)_isomer1 [metab-u-lrppos],PC(34:4)_isomer1,-0.0641822157123144,0.256920860572246,0.364455609906784,metab-u-lrppos,0.5902006319593857
PC(O-32:2)>PC(O-14:0/18:2) [metab-u-lrpneg],PC(O-32:2)>PC(O-14:0/18:2),-0.23800350828747,0.257183814773647,0.42758781474637,metab-u-lrpneg,0.5897563661353351
GTP [metab-u-ionpneg],GTP,-0.198148756834629,0.25963733577083,0.3166344437104,metab-u-ionpneg,0.5856328559650532
Aspirin [metab-u-rpneg],Aspirin,-0.14891037644516,0.260267322500428,0.338072699026397,metab-u-rpneg,0.5845803557041185
PC(O-38:6)_isomer3 [metab-u-lrppos],PC(O-38:6)_isomer3,0.171489791534462,0.260806758959129,0.369132816856375,metab-u-lrppos,0.5836811577997156
LPE 17:0 [metab-u-hilicpos],LPE 17:0,-0.0652491717762977,0.261227443652846,0.36087515392138,metab-u-hilicpos,0.5829811995221265
Taurine [metab-u-hilicpos],Taurine,-0.0767011774904844,0.261892254560087,0.36087515392138,metab-u-hilicpos,0.5818773456051447
Docosenoic acid [metab-u-rpneg],Docosenoic acid,0.136472839018989,0.263484041670582,0.338072699026397,metab-u-rpneg,0.5792456833898947
SM(d32:2) [metab-u-lrppos],SM(d32:2),-0.0219749960122506,0.264613439026641,0.373602093698155,metab-u-lrppos,0.5773881029039992
Fructose 6-phosphate [metab-u-ionpneg],Fructose 6-phosphate,-0.160734516803011,0.264727157856236,0.3166344437104,metab-u-ionpneg,0.577201502967277
Phthalic acid [metab-u-rpneg],Phthalic acid,-0.182406037719955,0.265155058059919,0.338072699026397,metab-u-rpneg,0.5765000839270517
PC(31:0)_isomer2 [metab-u-lrppos],PC(31:0)_isomer2,0.0356440269014975,0.265156190902199,0.373602093698155,metab-u-lrppos,0.5764982284614094
SM(d35:1)_isomer3 [metab-u-lrppos],SM(d35:1)_isomer3,0.0715983306362489,0.267569481919738,0.376157096779542,metab-u-lrppos,0.5725634222557515
Ribothymidine [metab-u-hilicpos],Ribothymidine,0.0473587925426528,0.267683819685094,0.367409164273658,metab-u-hilicpos,0.5723778792196836
PC(36:3)_isomer1 [metab-u-lrppos],PC(36:3)_isomer1,-0.0396994502834254,0.268507670253606,0.376631564315461,metab-u-lrppos,0.5710433036283502
S-Methylcysteine S-oxide [metab-u-hilicpos],S-Methylcysteine S-oxide,0.046884166495893,0.271902171269536,0.371741249782569,metab-u-hilicpos,0.5655873243484574
Maleic acid [metab-u-rpneg],Maleic acid,-0.091552399253306,0.271931965516756,0.342432845465545,metab-u-rpneg,0.5655397382324054
TG(54:5)>TG(16:0_18:1_20:4) [metab-u-lrppos],TG(54:5)>TG(16:0_18:1_20:4),0.086580634633588,0.274370414422569,0.383996093399444,metab-u-lrppos,0.5616627207559137
SM(d34:2) [metab-u-rppos],SM(d34:2),0.0262625685271125,0.274544693272039,0.379517664228995,metab-u-rppos,0.5613869464362803
erucamide [metab-u-lrppos],erucamide,-0.184259151540534,0.276566634860129,0.386207750684412,metab-u-lrppos,0.5582002145743479
ADP [metab-u-ionpneg],ADP,-0.23230499801592,0.282693404007557,0.331621108547327,metab-u-ionpneg,0.548684324642917
EPC 16:1;O2/18:0 [metab-u-hilicpos],EPC 16:1;O2/18:0,0.0601771041708652,0.284436068803718,0.386218570507942,metab-u-hilicpos,0.5460153323825322
PC(O-42:6)_isomer3 [metab-u-lrppos],PC(O-42:6)_isomer3,0.0428319030246875,0.284676149946374,0.396648768925282,metab-u-lrppos,0.545648916346417
Pseudouridine [metab-u-hilicpos],Pseudouridine,0.0310285961481611,0.284698260545854,0.386218570507942,metab-u-hilicpos,0.545615186304555
PC(40:1) [metab-u-lrppos],PC(40:1),0.0303225560859737,0.286564011870346,0.398393870161212,metab-u-lrppos,0.5427783513688674
N(2)-Acetyllysine [metab-u-rppos],N(2)-Acetyllysine,0.0828169769775275,0.288068625959726,0.393392773263188,metab-u-rppos,0.5405040388890807
Benzyl butyl phthalate [metab-u-rppos],Benzyl butyl phthalate,0.118022788577839,0.288767035693191,0.393392773263188,metab-u-rppos,0.539452385318646
PC(O-36:3)_isomer3 [metab-u-lrppos],PC(O-36:3)_isomer3,-0.235921933597197,0.289041027053905,0.400948504342474,metab-u-lrppos,0.5390405082520634
Malic acid [metab-u-ionpneg],Malic acid,-0.0609282119650096,0.289703111207544,0.33343188271057,metab-u-ionpneg,0.5380468407540807
TG(52:5)>TG(16:0_16:0_20:5)_and_TG(14:0_16:0_22:5) [metab-u-lrppos],TG(52:5)>TG(16:0_16:0_20:5)_and_TG(14:0_16:0_22:5),-0.0992316709757226,0.291078545150889,0.402883549248581,metab-u-lrppos,0.5359898044064877
Fumarate [metab-t-tca],Fumarate,0.0716057916437598,0.291847212049246,0.458617047505958,metab-t-tca,0.5348444510514792
PC(38:1)_isomer2 [metab-u-lrppos],PC(38:1)_isomer2,-0.0493900373036773,0.292159046059517,0.402994657359485,metab-u-lrppos,0.5343806621762037
Car(8:0) [metab-u-lrppos],Car(8:0),0.0562875386186761,0.292444288833438,0.402994657359485,metab-u-lrppos,0.5339568555875189
PC P-34:2 or PC O-34:3 [metab-u-hilicpos],PC P-34:2 or PC O-34:3,0.0187080385132354,0.292825525624153,0.395710169762369,metab-u-hilicpos,0.5333910684793056
FA 16:0 [metab-u-lrpneg],FA 16:0,-0.0981688330492041,0.293870611066111,0.48560326584705,metab-u-lrpneg,0.5318438439716507
TG(53:2)_isomer1 [metab-u-lrppos],TG(53:2)_isomer1,-0.0535618917383758,0.294566671843579,0.405029173784921,metab-u-lrppos,0.5308163920936049
Uridine [metab-u-rpneg],Uridine,-0.0642044755433062,0.294833681709015,0.366744335784385,metab-u-rpneg,0.530422904310958
PC(37:4)>PC(17:0_20:4) [metab-u-lrpneg],PC(37:4)>PC(17:0_20:4),0.146415829934575,0.297401867230789,0.487746792019106,metab-u-lrpneg,0.5266563090975804
PC(32:1)>PC(16:0_16:1) [metab-u-lrpneg],PC(32:1)>PC(16:0_16:1),0.109531486839963,0.29876740765746,0.487746792019106,metab-u-lrpneg,0.5246667811757535
Glutathione [metab-u-ionpneg],Glutathione,-0.126975362732914,0.300044467101382,0.338939120244154,metab-u-ionpneg,0.5228143773281254
13-HODE [metab-t-oxylipneg],13-HODE,0.0014582599510333,0.301437166614552,0.602874333229105,metab-t-oxylipneg,0.5208032010576266
CAR(8:0(OH)) [metab-u-rppos],CAR(8:0(OH)),0.117852014900244,0.301882534247646,0.408301557111924,metab-u-rppos,0.5201620128440531
Cer(d36:0) [metab-u-lrppos],Cer(d36:0),0.0398529061577548,0.307382013709785,0.421725432376444,metab-u-lrppos,0.5123215485965995
PC(O-31:0) [metab-u-lrppos],PC(O-31:0),0.0288646292293286,0.312943951791809,0.428418903435511,metab-u-lrppos,0.5045334375563647
FA 26:1;O2 [metab-u-lrpneg],FA 26:1;O2,-0.0877854588857474,0.315432729481854,0.511503519893926,metab-u-lrpneg,0.5010932460232835
SM(d42:2) [metab-u-lrpneg],SM(d42:2),-0.0301177578181893,0.317094432996972,0.511503519893926,metab-u-lrpneg,0.4988113825075022
PC(O-38:6)_isomer4 [metab-u-lrppos],PC(O-38:6)_isomer4,0.0279792732036306,0.317260743001865,0.433382322139803,metab-u-lrppos,0.4985836630159683
FA 26:2_isomer4 [metab-u-lrpneg],FA 26:2_isomer4,0.329045174733114,0.31914310114849,0.511762014267697,metab-u-lrpneg,0.4960145391881958
LPC 24:0 [metab-u-hilicpos],LPC 24:0,0.0409658076142172,0.319382708648899,0.428736232026559,metab-u-hilicpos,0.4956886002252347
LPC 22:0 [metab-u-hilicpos],LPC 22:0,0.0624336948046125,0.320434347588915,0.428736232026559,metab-u-hilicpos,0.4942609377537688
PC 36:4 [metab-u-hilicpos],PC 36:4,-0.0347746234412316,0.320939693688453,0.428736232026559,metab-u-hilicpos,0.493576566220866
PC(33:3)_isomer2 [metab-u-lrppos],PC(33:3)_isomer2,-0.0394528851097427,0.321571898007025,0.438316478370445,metab-u-lrppos,0.49272191102351814
PC(38:6)>PC(16:0_22:6) [metab-u-lrpneg],PC(38:6)>PC(16:0_22:6),0.137523952775624,0.323198760245413,0.515216847214747,metab-u-lrpneg,0.49053031379970613
PC(42:8)_isomer2 [metab-u-lrppos],PC(42:8)_isomer2,0.120814945396326,0.323899057479264,0.440530822211494,metab-u-lrppos,0.48959031575070694
LPC 26:0 [metab-u-hilicpos],LPC 26:0,-0.262416698729499,0.32536086805103,0.432989748356884,metab-u-hilicpos,0.4876346819199508
Glutamine [metab-u-ionpneg],Glutamine,0.0285846784055686,0.325566028178441,0.361082322161544,metab-u-ionpneg,0.4873609187225544
PE(O-36:4)>PE(O-18:2/18:2)_and_PE(O-36:4)>PE(O-16:1/20:3) [metab-u-lrpneg],PE(O-36:4)>PE(O-18:2/18:2)_and_PE(O-36:4)>PE(O-16:1/20:3),0.170684895340909,0.326859777556823,0.518005846303503,metab-u-lrpneg,0.48563851918678147
Kynurenic acid [metab-u-hilicpos],Kynurenic acid,0.0586764222284355,0.328059353613192,0.434927173350823,metab-u-hilicpos,0.48404757514587193
TG(55:6) [metab-u-lrppos],TG(55:6),-0.0854396407790752,0.329742003532482,0.447507004794082,metab-u-lrppos,0.48182572759001735
Methylimidazoleacetic acid [metab-u-hilicpos],Methylimidazoleacetic acid,0.039966920689178,0.330220894786258,0.436140804434681,metab-u-hilicpos,0.4811954501426639
DG(32:1) [metab-u-rppos],DG(32:1),0.0990953185513348,0.333766380055886,0.446741026433358,metab-u-rppos,0.4765574114900722
LPC(17:0) [metab-u-rppos],LPC(17:0),-0.0900689424451819,0.335055769825018,0.446741026433358,metab-u-rppos,0.4748828988992613
PC(36:2)>PC(18:1/18:1) _isomer1 [metab-u-lrpneg],PC(36:2)>PC(18:1/18:1) _isomer1,-0.057462084110913,0.335550732060377,0.525731117990046,metab-u-lrpneg,0.474241809360175
PC(O-38:6)>PC(O-18:2/20:4) _isomer2 [metab-u-lrpneg],PC(O-38:6)>PC(O-18:2/20:4) _isomer2,0.0490243931880769,0.335614329934605,0.525731117990046,metab-u-lrpneg,0.4741595041047776
"N(6),N(6)-Dimethyl-lysine [metab-u-hilicpos]","N(6),N(6)-Dimethyl-lysine",0.0200163693232547,0.336284449458901,0.442479538761712,metab-u-hilicpos,0.4732932149640925
PC(O-38:7)_isomer1 [metab-u-lrppos],PC(O-38:7)_isomer1,-0.154481848963933,0.337503209729496,0.457050782938216,metab-u-lrppos,0.47172209257760805
PC P-35:2 or PC O-35:3 [metab-u-hilicpos],PC P-35:2 or PC O-35:3,-0.0366531969381718,0.339069121045767,0.444472630584338,metab-u-hilicpos,0.4697117595290804
Cer(d44:1)>Cer(d20:1/24:0) [metab-u-lrppos],Cer(d44:1)>Cer(d20:1/24:0),-0.025980451495851,0.340708588562787,0.459423211363062,metab-u-lrppos,0.46761691862345484
PC(O-40:2)_isomer1 [metab-u-lrppos],PC(O-40:2)_isomer1,0.0753895515938403,0.340720563451075,0.459423211363062,metab-u-lrppos,0.4676016547390435
PE(O-40:5)>PE(O-18:1/22:4) [metab-u-lrppos],PE(O-40:5)>PE(O-18:1/22:4),-0.095405110730848,0.34175815499626,0.459833397387672,metab-u-lrppos,0.4662811135483776
LPE 18:3 [metab-u-hilicpos],LPE 18:3,-0.0608815706708707,0.345330951176705,0.450068942244359,metab-u-hilicpos,0.4617644951435959
PE(O-34:2)>PE(O-16:2/18:0)_and_PE(O-18:2/16:0) [metab-u-lrpneg],PE(O-34:2)>PE(O-16:2/18:0)_and_PE(O-18:2/16:0),-0.253387808149952,0.345624139241038,0.535774534082724,metab-u-lrpneg,0.46139593293772324
FA 26:5;O2_isomer3 [metab-u-lrpneg],FA 26:5;O2_isomer3,-0.0815836949013438,0.345979865182571,0.535774534082724,metab-u-lrpneg,0.46094917489088383
nortriptyline [metab-u-hilicpos],nortriptyline,-0.119061178584245,0.346734183211177,0.450068942244359,metab-u-hilicpos,0.4600033407832368
gamma-Amino-N-butyric-acid [metab-t-amines],gamma-Amino-N-butyric-acid,-0.013209637279819,0.347161114452255,0.37779297749216,metab-t-amines,0.45946892613545626
"N1,N12-Diacetylspermine [metab-u-hilicpos]","N1,N12-Diacetylspermine",-0.103653939795938,0.347196041159934,0.450068942244359,metab-u-hilicpos,0.459425235431598
TG(56:5)_isomer1 [metab-u-lrppos],TG(56:5)_isomer1,-0.0433008399730497,0.351941532345401,0.47252107233526,metab-u-lrppos,0.45352947938787086
PC(30:0)>PC(14:0_16:0) [metab-u-lrpneg],PC(30:0)>PC(14:0_16:0),-0.112766757338658,0.353827568914023,0.544814040771024,metab-u-lrpneg,0.45120833151455597
PC(O-35:3)>PC(O-17:1/18:2) [metab-u-lrpneg],PC(O-35:3)>PC(O-17:1/18:2),0.230267476168255,0.356497704946718,0.54582416972068,metab-u-lrpneg,0.4479432616948208
N-Lauroylglycine [metab-u-rppos],N-Lauroylglycine,0.13525471696901,0.357847637263874,0.473770111307101,metab-u-rppos,0.44630184592705247
PC(O-36:2)_isomer3 [metab-u-lrppos],PC(O-36:2)_isomer3,0.0489654092161551,0.358851880164761,0.480769506118173,metab-u-lrppos,0.4450847739877703
Arginine [metab-u-hilicpos],Arginine,0.0242900813223983,0.359590392261256,0.46441563576177,metab-u-hilicpos,0.444191920508504
cis-aconitate [metab-t-tca],cis-aconitate,0.0179765552047082,0.362420624798318,0.498328359097688,metab-t-tca,0.4407870952633708
PE(38:4)>PE(18:0_20:4)_isomer2 [metab-u-lrpneg],PE(38:4)>PE(18:0_20:4)_isomer2,-0.151380663363668,0.365268721485436,0.556111368104232,metab-u-lrpneg,0.437387515490995
PC(O-38:1) [metab-u-lrppos],PC(O-38:1),0.0598920800168727,0.367182622958359,0.490881672910216,metab-u-lrppos,0.4351178801174999
"(E,E)-Trichostachine [metab-u-hilicpos]","(E,E)-Trichostachine",-0.294442047580601,0.368901446460059,0.47461540768574,metab-u-hilicpos,0.4330896419041525
PE(O-40:7)>PE(O-18:1/22:6)_and_PE(O-22:7/18:0) [metab-u-lrpneg],PE(O-40:7)>PE(O-18:1/22:6)_and_PE(O-22:7/18:0),0.11530397602538,0.36975006595948,0.559789206005693,metab-u-lrpneg,0.43209173985754556
3-Methyl-2-oxovaleric acid [metab-u-rpneg],3-Methyl-2-oxovaleric acid,-0.0434243778154162,0.370000609537268,0.454699544250618,metab-u-rpneg,0.43179756047772405
LPE 18:0 [metab-u-hilicpos],LPE 18:0,0.0279820514919749,0.370200017994877,0.47461540768574,metab-u-hilicpos,0.4315635644726998
TG(38:0)>TG(12:0_12:0_14:0) [metab-u-lrppos],TG(38:0)>TG(12:0_12:0_14:0),-0.161467321114529,0.370252142553254,0.493932113576363,metab-u-lrppos,0.43150241964979746
LPC(O-18:1)_isomer1 [metab-u-lrppos],LPC(O-18:1)_isomer1,-0.0264688571820457,0.372751455062375,0.496210535719977,metab-u-lrppos,0.42858065257160927
PC(36:4)_isomer2 [metab-u-lrppos],PC(36:4)_isomer2,0.0360742798581057,0.374798518154862,0.497878540006564,metab-u-lrppos,0.4262021348558674
CAR(10:0) [metab-u-rppos],CAR(10:0),0.12531720078572,0.37742552528034,0.493031981787171,metab-u-rppos,0.4231687318511707
SM(d32:1) [metab-u-rppos],SM(d32:1),0.0407098015621692,0.377641517964642,0.493031981787171,metab-u-rppos,0.4229202653492311
PC(40:4)_isomer1 [metab-u-lrppos],PC(40:4)_isomer1,-0.0624389935791747,0.377936121865998,0.500760205314498,metab-u-lrppos,0.42258159769035647
DG(34:1)>DG(16:0_18:1_0:0) [metab-u-lrppos],DG(34:1)>DG(16:0_18:1_0:0),0.0377175742921523,0.378725406647421,0.500760205314498,metab-u-lrppos,0.421675559424551
SM(d40:1-OH) [metab-u-lrppos],SM(d40:1-OH),0.042054870478573,0.379363791904923,0.500760205314498,metab-u-lrppos,0.4209441223833015
FA 18:0;O_isomer2 [metab-u-lrpneg],FA 18:0;O_isomer2,-0.400299653193894,0.380508239922627,0.572876294550177,metab-u-lrpneg,0.4196359341255212
PC(38:5)_isomer2 [metab-u-lrppos],PC(38:5)_isomer2,-0.0564486201388803,0.380557067733298,0.501280003085667,metab-u-lrppos,0.41958020789926015
Cer(d40:0)>Cer(d18:0/22:0) [metab-u-lrppos],Cer(d40:0)>Cer(d18:0/22:0),-0.0415197044177624,0.383692061155966,0.503516257589868,metab-u-lrppos,0.4160171865505109
PS(38:3) [metab-u-lrppos],PS(38:3),-0.111676863344698,0.383860878991957,0.503516257589868,metab-u-lrppos,0.4158261465532285
PC(36:6)_isomer1 [metab-u-lrppos],PC(36:6)_isomer1,0.037806904109992,0.384930805850846,0.503552826478927,metab-u-lrppos,0.4146173311094409
PE(O-38:4)>PE(O-18:0/20:4)_and_PE(O-18:2/20:2)_isomer1 [metab-u-lrpneg],PE(O-38:4)>PE(O-18:0/20:4)_and_PE(O-18:2/20:2)_isomer1,-0.220977698685441,0.385055516681727,0.576519585749989,metab-u-lrpneg,0.4144766501010286
LPC(26:0) [metab-u-lrppos],LPC(26:0),0.0247561193829533,0.385494986778126,0.503552826478927,metab-u-lrppos,0.4139812654178318
PC P-38:4 or PC O-38:5 [metab-u-hilicpos],PC P-38:4 or PC O-38:5,0.0115799947945696,0.386557174205424,0.493777412306198,metab-u-hilicpos,0.4127862621452835
Urocanic acid [metab-u-hilicpos],Urocanic acid,0.127331326863207,0.389153070036601,0.495285725501129,metab-u-hilicpos,0.4098795390435647
PC(O-36:3)_isomer1 [metab-u-lrppos],PC(O-36:3)_isomer1,-0.0644923103874966,0.391277460012937,0.509978622330593,metab-u-lrppos,0.407515169410721
LPC(22:6)>LPC(22:6/0:0) [metab-u-lrppos],LPC(22:6)>LPC(22:6/0:0),0.0409895903599207,0.392040982397681,0.509978622330593,metab-u-lrppos,0.4066685311967691
PE(34:2)>PE(16:0_18:2) [metab-u-lrpneg],PE(34:2)>PE(16:0_18:2),0.318297763698137,0.393688897836948,0.585530199702234,metab-u-lrpneg,0.4048468322916489
"N2,N2-Dimethylguanosine [metab-u-hilicpos]","N2,N2-Dimethylguanosine",0.0405915671852988,0.397182222270931,0.503673107952268,metab-u-hilicpos,0.4010101986016873
FA 15:1_isomer2 [metab-u-lrpneg],FA 15:1_isomer2,0.160500283506114,0.397272574866614,0.585530199702234,metab-u-lrpneg,0.4009114147966393
LPE(20:4)>LPE(20:4/0:0)_and_LPE(0:0/20:4) [metab-u-lrpneg],LPE(20:4)>LPE(20:4/0:0)_and_LPE(0:0/20:4),0.0359887107373922,0.397555559945428,0.585530199702234,metab-u-lrpneg,0.4006021684124211
PE(O-38:6)>PE(O-18:1/20:5) [metab-u-lrppos],PE(O-38:6)>PE(O-18:1/20:5),-0.0311726592230244,0.399138588392781,0.518136428410505,metab-u-lrppos,0.39887628295034355
HexCer(d40:2)>HexCer(d18:1/22:1) [metab-u-lrppos],HexCer(d40:2)>HexCer(d18:1/22:1),-0.133286579534484,0.401016838247827,0.519499085911958,metab-u-lrppos,0.3968373914581549
Campesterol Ester(18:2) [metab-u-lrppos],Campesterol Ester(18:2),0.0734686367094284,0.402594621135326,0.520467685467731,metab-u-lrppos,0.39513203179920703
LPC(20:4)_rp_a [metab-u-rppos],LPC(20:4)_rp_a,-0.0434805064617017,0.404404830656948,0.524331780437974,metab-u-rppos,0.39318366535817195
Homocysteine [metab-u-hilicpos],Homocysteine,-0.0452512967613448,0.404753647185317,0.511421575865924,metab-u-hilicpos,0.3928092291828129
SM(d32:0) [metab-u-lrppos],SM(d32:0),0.0204811762827468,0.404789542068573,0.521265669893641,metab-u-lrppos,0.39277071622897974
PC(40:2)_isomer2 [metab-u-lrppos],PC(40:2)_isomer2,-0.0689527562114058,0.404874611225205,0.521265669893641,metab-u-lrppos,0.39267945600635257
PE(O-35:3)>PE(O-17:1/18:2) [metab-u-lrpneg],PE(O-35:3)>PE(O-17:1/18:2),-0.122197932388691,0.407840200953296,0.59743078085591,metab-u-lrpneg,0.3895099678867583
Palmitoleic acid [metab-u-rpneg],Palmitoleic acid,0.105264958436702,0.409982524529941,0.4978359226435,metab-u-rpneg,0.38723465465090817
TG(55:3) [metab-u-lrppos],TG(55:3),-0.0683222276758073,0.410522274636012,0.527453824173728,metab-u-lrppos,0.38666327340676615
PC(35:3) [metab-u-rppos],PC(35:3),-0.0255237737496508,0.414345087919925,0.53354025019826,metab-u-rppos,0.38263780537082115
PC(34:2)_isomer2 [metab-u-lrppos],PC(34:2)_isomer2,0.0388996892954232,0.416149843092987,0.532853627848329,metab-u-lrppos,0.3807502647793513
PC(33:3)_isomer1 [metab-u-lrppos],PC(33:3)_isomer1,0.0571074994457064,0.416424685240321,0.532853627848329,metab-u-lrppos,0.38046353385435816
PE(O-39:6) [metab-u-lrpneg],PE(O-39:6),-0.151159556623689,0.416504220808055,0.606130640372974,metab-u-lrpneg,0.38038059314228523
N-Acetylvaline [metab-u-hilicpos],N-Acetylvaline,-0.0539860637516956,0.418044551588258,0.526315082934858,metab-u-hilicpos,0.37877743239265593
FA 24:2;O2 [metab-u-lrpneg],FA 24:2;O2,-0.124468947569277,0.419678260116749,0.606130640372974,metab-u-lrpneg,0.37708352722851524
PE(32:1)>PE(16:0_16:1) [metab-u-lrpneg],PE(32:1)>PE(16:0_16:1),-0.165110906837484,0.420489152731067,0.606130640372974,metab-u-lrpneg,0.37624520312362897
PC(O-38:5)_isomer4 [metab-u-lrppos],PC(O-38:5)_isomer4,0.0673060867127795,0.422320506874479,0.538985359327655,metab-u-lrppos,0.3743578297609881
PE 34:1 [metab-u-hilicpos],PE 34:1,-0.0340494871121564,0.42332821168183,0.531056896375056,metab-u-hilicpos,0.3733227880592367
PC(O-36:3)_isomer2 [metab-u-lrppos],PC(O-36:3)_isomer2,0.0588738546388612,0.42369851120249,0.538985359327655,metab-u-lrppos,0.37294306202610317
TG(51:2)>TG(16:0_17:1_18:1) [metab-u-lrppos],TG(51:2)>TG(16:0_17:1_18:1),-0.140071302920262,0.423795505819033,0.538985359327655,metab-u-lrppos,0.37284365311919215
TG(58:6) [metab-u-lrppos],TG(58:6),0.0779668375253486,0.425239082010376,0.539726527167015,metab-u-lrppos,0.37136682805876103
PC(40:5)_isomer2 [metab-u-lrppos],PC(40:5)_isomer2,-0.0788526589386684,0.427173856702432,0.541086885156414,metab-u-lrppos,0.3693953342503284
FA 26:6 [metab-u-lrpneg],FA 26:6,0.0695130494604932,0.427708024417153,0.612835529409083,metab-u-lrpneg,0.36885260167819384
Car(26:0) [metab-u-lrppos],Car(26:0),-0.0170901092217868,0.428327739720845,0.541454622590665,metab-u-lrppos,0.368223798548613
FA 26:3_isomer1 [metab-u-lrpneg],FA 26:3_isomer1,-0.0711997464666929,0.429663286301571,0.612835529409083,metab-u-lrpneg,0.3668717541537292
TG(50:3)_isomer1 [metab-u-lrppos],TG(50:3)_isomer1,-0.035687539727153,0.430664018051337,0.542868511886028,metab-u-lrppos,0.36586141199533284
TG(54:6)>TG(16:0_18:2_20:4) [metab-u-lrppos],TG(54:6)>TG(16:0_18:2_20:4),0.0499054915419457,0.431177861115218,0.542868511886028,metab-u-lrppos,0.36534354615695913
PC(35:2)>PC(17:0_18:2) [metab-u-lrpneg],PC(35:2)>PC(17:0_18:2),0.033884448193227,0.434692030651544,0.615496061889638,metab-u-lrpneg,0.3618183217962456
PC(40:6)>PC(18:1_22:5) [metab-u-lrpneg],PC(40:6)>PC(18:1_22:5),0.0363738320148279,0.436071010637677,0.615496061889638,metab-u-lrpneg,0.3604427836282503
Sphinganine [metab-u-rppos],Sphinganine,-0.0651905216854871,0.436729675471822,0.558538632576207,metab-u-rppos,0.35978729707387713
Phenylalanine [metab-u-ionpneg],Phenylalanine,-0.0167300133837287,0.43804164216994,0.47715250307797,metab-u-ionpneg,0.35848460158500106
LPC(22:5) [metab-u-lrppos],LPC(22:5),-0.0494548775018728,0.439284073868279,0.551966160952727,metab-u-lrppos,0.35725454168460746
PE P-34:1 or PE O-34:2 [metab-u-hilicpos],PE P-34:1 or PE O-34:2,-0.0215773935742085,0.44278281922777,0.553478524034713,metab-u-hilicpos,0.35380923887581833
PC(35:0) [metab-u-lrppos],PC(35:0),-0.0508317361898172,0.442975414363333,0.55549116961162,metab-u-lrppos,0.35362037694315424
LPC 16:1 [metab-u-hilicpos],LPC 16:1,0.0188811535718827,0.445208957220946,0.55453072963463,metab-u-hilicpos,0.3514361066183326
PE(36:3)>PE(16:0_20:3)_and_PE(18:1_18:2)_isomer1 [metab-u-lrpneg],PE(36:3)>PE(16:0_20:3)_and_PE(18:1_18:2)_isomer1,-0.226153873577417,0.445463957511076,0.625496023240941,metab-u-lrpneg,0.3511874289722938
Pro-Tyr [metab-u-hilicpos],Pro-Tyr,0.0593175435783415,0.4471973812807,0.555032210809379,metab-u-hilicpos,0.34950074827608646
PC(36:2)_isomer1 [metab-u-lrppos],PC(36:2)_isomer1,0.0230632983615529,0.449635367262796,0.562295802390232,metab-u-lrppos,0.34713953551067395
TG(53:4)_isomer1 [metab-u-lrppos],TG(53:4)_isomer1,-0.149537683763857,0.450195363317219,0.562295802390232,metab-u-lrppos,0.3465989822278041
TG(52:2)>TG(16:0_18:1_18:1)_and_TG(16:0_18:0_18:2) M + NH3 [metab-u-lrppos],TG(52:2)>TG(16:0_18:1_18:1)_and_TG(16:0_18:0_18:2) M + NH3,0.03295774828349,0.451944779009488,0.562714260168396,metab-u-lrppos,0.34491462633140296
C16 Sphinganine [metab-u-hilicpos],C16 Sphinganine,-0.0192638216433281,0.451953287640597,0.558952829237487,metab-u-hilicpos,0.34490645007419957
SM(d32:1) [metab-u-lrppos],SM(d32:1),0.0216712499692058,0.45232533831718,0.562714260168396,metab-u-lrppos,0.34454908330624234
ST 27:2;O3_isomer2 [metab-u-lrpneg],ST 27:2;O3_isomer2,-0.0356284343441793,0.452787804504042,0.632502551652554,metab-u-lrpneg,0.3441052790546033
PC(O-37:5)_isomer2 [metab-u-lrppos],PC(O-37:5)_isomer2,0.0332099883765054,0.455078367934809,0.565018092465594,metab-u-lrppos,0.3419138081100176
PC(O-40:4)_isomer2 [metab-u-lrppos],PC(O-40:4)_isomer2,0.0436704472875249,0.456735395259146,0.565954728908072,metab-u-lrppos,0.34033533091526175
Uric acid [metab-u-rppos],Uric acid,-0.0367943596946283,0.458619970016803,0.582571313264587,metab-u-rppos,0.3385470383996389
PC(O-36:4)_isomer2 [metab-u-lrppos],PC(O-36:4)_isomer2,0.0313468736093512,0.46103405711298,0.570154544003626,metab-u-lrppos,0.33626699159534956
HexCer(d42:2)>HexCer(d18:1/24:1) [metab-u-lrppos],HexCer(d42:2)>HexCer(d18:1/24:1),-0.250058678036023,0.462339285278902,0.570643172972188,metab-u-lrppos,0.3350392027008579
Suberic acid [metab-u-rpneg],Suberic acid,0.0561374349864057,0.462494432706299,0.554993319247559,metab-u-rpneg,0.3348934907292424
PE 36:4 [metab-u-hilicpos],PE 36:4,0.0212585247672834,0.463673784706008,0.57142896002501,metab-u-hilicpos,0.33378745765037726
LPC(18:1) [metab-u-rppos],LPC(18:1),0.0496019596271076,0.465390478947751,0.5872040942428,metab-u-rppos,0.3321825058424777
N6-Acetyllysine [metab-u-hilicpos],N6-Acetyllysine,-0.0187613827773809,0.465940167566812,0.572207223327664,metab-u-hilicpos,0.33166984846856346
N-Acetylalanine [metab-u-rppos],N-Acetylalanine,-0.0586051481297822,0.470025979193824,0.58909922725626,metab-u-rppos,0.32787813715213193
Phenylalanine [metab-u-rpneg],Phenylalanine,-0.0305871747547783,0.473191609690555,0.561227258005077,metab-u-rpneg,0.32496296458806007
TG(56:8) [metab-u-lrppos],TG(56:8),0.0689354471588359,0.475232626242169,0.585404433504598,metab-u-lrppos,0.3230937512959267
FA 11:3;O [metab-u-lrpneg],FA 11:3;O,0.073465484592802,0.476651535599877,0.662423416141368,metab-u-lrpneg,0.32179900349889345
Ile-Val [metab-u-rppos],Ile-Val,-0.0542962881088087,0.481682855728205,0.599711105145049,metab-u-rppos,0.31723881101406903
PC(O-38:4)>PC(O-18:1/20:3) _isomer3 [metab-u-lrpneg],PC(O-38:4)>PC(O-18:1/20:3) _isomer3,0.0661654038863091,0.482745763301398,0.66746990742183,metab-u-lrpneg,0.3162815290097761
PC(O-36:5)_isomer2 [metab-u-lrppos],PC(O-36:5)_isomer2,0.0728560921663153,0.487550450654319,0.599400259922075,metab-u-lrppos,0.3119804377969976
LPE(O-18:1) [metab-u-lrppos],LPE(O-18:1),-0.0477940027021049,0.488737880113484,0.599603444139009,metab-u-lrppos,0.31092399924333797
SM(d33:2) [metab-u-lrppos],SM(d33:2),0.0135559404098551,0.48962833078018,0.599603444139009,metab-u-lrppos,0.31013346107178785
PC(40:5)>PC(18:0_22:5) _isomer1 [metab-u-lrpneg],PC(40:5)>PC(18:0_22:5) _isomer1,0.0419695162132285,0.491659799251857,0.676344190849001,metab-u-lrpneg,0.30833530050958785
Retinoic acid [metab-u-rpneg],Retinoic acid,0.124917358319113,0.492474423789395,0.574771293972018,metab-u-rpneg,0.3076163192690304
Pyridoxamine [metab-u-rppos],Pyridoxamine,0.0295450988533865,0.493709271079874,0.60468996551072,metab-u-rppos,0.30652871733986564
PC(O-40:6)_isomer2 [metab-u-lrppos],PC(O-40:6)_isomer2,0.0375873596917877,0.49398919975598,0.603764577479531,metab-u-lrppos,0.30628254609185007
CAR(8:0) [metab-u-rppos],CAR(8:0),-0.0602322721379949,0.494249122775783,0.60468996551072,metab-u-rppos,0.3060540928265813
"N,N-Dicyclohexylamine [metab-u-hilicpos]","N,N-Dicyclohexylamine",-0.149713206017895,0.495102966680748,0.605895238944972,metab-u-hilicpos,0.30530447134733174
Tetracosenoic acid [metab-u-rpneg],Tetracosenoic acid,0.0481513815422794,0.495881116368015,0.574771293972018,metab-u-rpneg,0.3046224297474452
CAR(18:0) [metab-u-rppos],CAR(18:0),0.0482264052555124,0.497302022137048,0.60468996551072,metab-u-rppos,0.30337977482935535
PC(O-40:7)_isomer1 [metab-u-lrppos],PC(O-40:7)_isomer1,0.0224735541264742,0.498062847760615,0.607028373525935,metab-u-lrppos,0.30271585259470685
PC(38:1)_isomer1 [metab-u-lrppos],PC(38:1)_isomer1,-0.0268160376074498,0.499235704467991,0.607028373525935,metab-u-lrppos,0.3016943622300306
TG(58:5) [metab-u-lrppos],TG(58:5),0.0568022263312962,0.499564020317995,0.607028373525935,metab-u-lrppos,0.30140884800015
LPC(20:3)_rp_a [metab-u-rppos],LPC(20:3)_rp_a,-0.0412800744863304,0.500103254099364,0.60468996551072,metab-u-rppos,0.3009403195519134
CAR(10:1) [metab-u-rppos],CAR(10:1),-0.0598837258026848,0.501764013934427,0.60468996551072,metab-u-rppos,0.29950048911571503
PI(37:4) [metab-u-lrpneg],PI(37:4),0.132392846068907,0.501972011992394,0.685137826212222,metab-u-lrpneg,0.2993204967516246
PI(36:1)>PI(18:0_18:1) [metab-u-lrpneg],PI(36:1)>PI(18:0_18:1),0.130087428273892,0.507138841308201,0.685137826212222,metab-u-lrpneg,0.2948731259541364
PE(O-42:4)>PE(O-18:2/24:2)_isomer1 [metab-u-lrpneg],PE(O-42:4)>PE(O-18:2/24:2)_isomer1,-0.103632726519571,0.507324266564408,0.685137826212222,metab-u-lrpneg,0.2947143638151329
PE(O-42:5)>PE(O-20:1/22:4)_isomer2 [metab-u-lrpneg],PE(O-42:5)>PE(O-20:1/22:4)_isomer2,-0.168951231080079,0.508164955972903,0.685137826212222,metab-u-lrpneg,0.29399528803094704
Lactate [metab-t-tca],Lactate,-0.0701096799793675,0.509864252574839,0.623167419813693,metab-t-tca,0.29254543606883837
SM(d40:2) _isomer2 [metab-u-lrpneg],SM(d40:2) _isomer2,0.0147765538732685,0.510856204677629,0.685356591423948,metab-u-lrpneg,0.2917013274647392
CAR 5:1 [metab-u-hilicpos],CAR 5:1,0.0226522534954743,0.510979906940059,0.623146227975681,metab-u-hilicpos,0.2915961771189569
TG(51:3)_isomer2 [metab-u-lrppos],TG(51:3)_isomer2,-0.0287692773117065,0.513497626118241,0.622752440185952,metab-u-lrppos,0.2894615597904258
PC(40:4)>PC(18:0_22:4) [metab-u-lrpneg],PC(40:4)>PC(18:0_22:4),0.0837155356262862,0.517629964838985,0.689373817765286,metab-u-lrpneg,0.2859805909414677
PC(O-38:4)>PC(O-18:1/20:3) _isomer2 [metab-u-lrpneg],PC(O-38:4)>PC(O-18:1/20:3) _isomer2,0.0247059688778108,0.518938224443241,0.689373817765286,metab-u-lrpneg,0.28488433845256816
Lenticin [metab-u-rppos],Lenticin,-0.0599153894506657,0.521224909712709,0.624141930101843,metab-u-rppos,0.2829748372183409
PC(O-36:4)_isomer1 [metab-u-lrppos],PC(O-36:4)_isomer1,-0.0941065727386174,0.52437511361588,0.634716595052427,metab-u-lrppos,0.28035792772902307
CE(16:1) [metab-u-lrppos],CE(16:1),0.0303569298819006,0.52711412552008,0.63680261406761,metab-u-lrppos,0.2780953454749942
TG(56:4)_isomer2 [metab-u-lrppos],TG(56:4)_isomer2,-0.0506408707919483,0.528353113013871,0.637071926653264,metab-u-lrppos,0.2770757294050421
Glyceraldehyde 3-phosphate [metab-u-ionpneg],Glyceraldehyde 3-phosphate,-0.04165078058017,0.532059224553245,0.569396713995578,metab-u-ionpneg,0.27404002284575507
PE P-34:0 or PE O-34:1 [metab-u-hilicpos],PE P-34:0 or PE O-34:1,-0.0506462990918664,0.53627984712523,0.651728980881356,metab-u-hilicpos,0.2706085230942807
TG(56:7)_isomer2 [metab-u-lrppos],TG(56:7)_isomer2,-0.0651595475487703,0.543600593311983,0.654198794638414,metab-u-lrppos,0.2647200779292791
Acetylcholine [metab-u-hilicpos],Acetylcholine,0.133495357700992,0.543942129034579,0.658753443467483,metab-u-hilicpos,0.2644473032023196
PE(O-42:7)>PE(O-20:1/22:6) [metab-u-lrpneg],PE(O-42:7)>PE(O-20:1/22:6),-0.181590303551868,0.544710364642654,0.715831612196664,metab-u-lrpneg,0.2638343609774898
Azelaic acid [metab-u-rpneg],Azelaic acid,-0.0553001216331488,0.544799051310778,0.624376440828083,metab-u-rpneg,0.2637636573560144
PC(34:2)_isomer1 [metab-u-lrppos],PC(34:2)_isomer1,0.0235609826188963,0.544882746582602,0.654485597906689,metab-u-lrppos,0.263696943577999
SM(d36:1) [metab-u-lrpneg],SM(d36:1),0.0246361414038176,0.547999347933545,0.715831612196664,metab-u-lrpneg,0.2612199582839369
PC(O-38:6)_isomer1 [metab-u-lrppos],PC(O-38:6)_isomer1,-0.023567998635226,0.548081440958202,0.657068955030197,metab-u-lrppos,0.2611549036857006
Lauroyl diethanolamide [metab-u-hilicpos],Lauroyl diethanolamide,0.121642771151514,0.549842012626556,0.66360242903205,metab-u-hilicpos,0.25976207941652946
SM(d40:2) _isomer1 [metab-u-lrpneg],SM(d40:2) _isomer1,-0.015628215022673,0.553931068985793,0.715831612196664,metab-u-lrpneg,0.2565442753828709
ST 24:5;O3 [metab-u-lrpneg],ST 24:5;O3,-0.124404732913099,0.555971901414236,0.715831612196664,metab-u-lrpneg,0.25494715692353637
Car(26:1) [metab-u-lrppos],Car(26:1),0.0244114339455628,0.556184842491663,0.66551125237075,metab-u-lrppos,0.2547808509841373
Behenic acid [metab-u-rpneg],Behenic acid,-0.0580833833565535,0.557411824526595,0.631733401130141,metab-u-rpneg,0.25382382271962456
PC(O-38:5)_isomer1 [metab-u-lrppos],PC(O-38:5)_isomer1,0.060484228411962,0.558256404587311,0.666717648907132,metab-u-lrppos,0.2531662857917278
HexCer(d41:0-OH) [metab-u-lrpneg],HexCer(d41:0-OH),-0.0961228109693444,0.558817871724048,0.715831612196664,metab-u-lrpneg,0.252729713032047
Hypotaurine [metab-u-hilicpos],Hypotaurine,-0.0568618737029247,0.559810595652363,0.673311712983942,metab-u-hilicpos,0.25195888580946857
DG(40:6) [metab-u-lrppos],DG(40:6),0.0295644741765422,0.560416746679809,0.668025285490951,metab-u-lrppos,0.2514888953670581
FA 22:4;O4 [metab-u-lrpneg],FA 22:4;O4,-0.199664982186803,0.560873882328945,0.715831612196664,metab-u-lrpneg,0.2511347828903031
PC(O-40:6)>PC(O-18:1/22:5)_and_PC(O-40:6)>PC(O-22:5/18:1) [metab-u-lrpneg],PC(O-40:6)>PC(O-18:1/22:5)_and_PC(O-40:6)>PC(O-22:5/18:1),0.0246212555907839,0.560981601867403,0.715831612196664,metab-u-lrpneg,0.25105138177144554
LPE(18:0)>LPE(18:0/0:0)_and_LPE(0:0/18:0) [metab-u-lrpneg],LPE(18:0)>LPE(18:0/0:0)_and_LPE(0:0/18:0),0.0745475809898721,0.561937145227738,0.715831612196664,metab-u-lrpneg,0.2503122591771319
LPC(20:1)>LPC(20:1/0:0)_and_LPC(0:0/20:1) [metab-u-lrppos],LPC(20:1)>LPC(20:1/0:0)_and_LPC(0:0/20:1),-0.0211212948999773,0.56253049566296,0.669272525200523,metab-u-lrppos,0.2498539287914491
FA 26:4;O2 [metab-u-lrpneg],FA 26:4;O2,-0.0509169820718789,0.562627798516197,0.715831612196664,metab-u-lrpneg,0.2497788138630728
Lauric acid [metab-u-rpneg],Lauric acid,0.0799017334074286,0.564302876085435,0.632515311656201,metab-u-rpneg,0.24848773625334908
PE(O-36:5)>PE(O-16:1/20:4) [metab-u-lrpneg],PE(O-36:5)>PE(O-16:1/20:4),0.250753814774775,0.566137270925096,0.716854786053056,metab-u-lrpneg,0.24707825295097893
PC(38:3)_isomer1 [metab-u-lrppos],PC(38:3)_isomer1,0.0171682645326854,0.569955215012468,0.676821817827306,metab-u-lrppos,0.24415926825222267
PI(38:3)>PI(18:0_20:3) [metab-u-lrpneg],PI(38:3)>PI(18:0_20:3),0.0761704658020186,0.572714285445462,0.716854786053056,metab-u-lrpneg,0.24206198396758669
SM(d35:1) [metab-u-lrpneg],SM(d35:1),0.0156934876628085,0.573365913100026,0.716854786053056,metab-u-lrpneg,0.2415681296535743
PC(O-36:2)>PC(O-18:0/18:2) [metab-u-lrpneg],PC(O-36:2)>PC(O-18:0/18:2),-0.0494037653434987,0.574012872964993,0.716854786053056,metab-u-lrpneg,0.24107836788953005
Serotonin [metab-u-hilicpos],Serotonin,-0.132279422345794,0.574095180185653,0.688127784469104,metab-u-hilicpos,0.2410160992350832
CE(18:2) [metab-u-lrppos],CE(18:2),0.0254687912256024,0.574670326805676,0.681130992263061,metab-u-lrppos,0.2405812271524662
SM(d38:1) [metab-u-rppos],SM(d38:1),0.0175685963347689,0.574942298530115,0.680207564902347,metab-u-rppos,0.24037573911456875
Ser-Leu [metab-u-rppos],Ser-Leu,-0.0358807339581197,0.576150846221539,0.680207564902347,metab-u-rppos,0.2394637959086662
Choline [metab-u-rppos],Choline,0.0394705427993074,0.57890005523604,0.680207564902347,metab-u-rppos,0.23739640899476802
HexCer(d40:2-OH) [metab-u-lrpneg],HexCer(d40:2-OH),-0.0543189553104675,0.580413513563037,0.721523220988913,metab-u-lrpneg,0.23626248459140728
CE(22:4) [metab-u-lrppos],CE(22:4),-0.0508492371789231,0.581507942727657,0.687934868094794,metab-u-lrppos,0.2354443489334096
TG(58:7)>TG(18:1_18:1_22:5) [metab-u-lrppos],TG(58:7)>TG(18:1_18:1_22:5),-0.0299745969678291,0.582867570308063,0.688244758160369,metab-u-lrppos,0.23443010736378694
Ketoleucine [metab-u-rpneg],Ketoleucine,-0.025557310542208,0.587025294189706,0.650832391384239,metab-u-rpneg,0.23134318514021793
Succinic acid [metab-u-ionpneg],Succinic acid,0.0304001011948074,0.590932630975432,0.621498111887954,metab-u-ionpneg,0.2284620278553443
glycidyl linoleate [metab-u-hilicpos],glycidyl linoleate,-0.0736832867509634,0.591528006084677,0.706603420237669,metab-u-hilicpos,0.22802468873663836
TG(55:4)_isomer3 [metab-u-lrppos],TG(55:4)_isomer3,-0.0470798586351542,0.591713044869166,0.697376088595803,metab-u-lrppos,0.22788885618817845
PC(O-36:3)_isomer4 [metab-u-lrppos],PC(O-36:3)_isomer4,0.0159031915230443,0.596051854176206,0.701171693374262,metab-u-lrppos,0.22471595669770592
PC(O-36:7)>PC(O-14:1/22:6)_and_PC(O-36:7)>PC(O-18:6/18:0) _isomer2 [metab-u-lrpneg],PC(O-36:7)>PC(O-14:1/22:6)_and_PC(O-36:7)>PC(O-18:6/18:0) _isomer2,-0.0706220593027318,0.598627425016708,0.738053911801947,metab-u-lrpneg,0.22284339063550568
FA 18:2;O_isomer1 [metab-u-lrpneg],FA 18:2;O_isomer1,0.0296951143322346,0.599158157182392,0.738053911801947,metab-u-lrpneg,0.22245852364522775
Oxaloacetic acid [metab-u-rpneg],Oxaloacetic acid,0.0498996084159646,0.6012460958354,0.659431201883986,metab-u-rpneg,0.22094773068072673
PC(36:3)_isomer3 [metab-u-lrppos],PC(36:3)_isomer3,0.0275539038512633,0.603043820165544,0.707421069468698,metab-u-lrppos,0.21965112871451412
TG(55:7)_isomer2 [metab-u-lrppos],TG(55:7)_isomer2,-0.0523982532399678,0.605112326389237,0.707421069468698,metab-u-lrppos,0.218164000218617
Cytosine [metab-u-hilicpos],Cytosine,0.0248107335776719,0.605338186567509,0.720640698294653,metab-u-hilicpos,0.2180019286110731
PC(42:9) [metab-u-lrppos],PC(42:9),-0.0135309760234748,0.605545008220754,0.707421069468698,metab-u-lrppos,0.21785357160355587
PC(O-38:2) [metab-u-lrppos],PC(O-38:2),-0.028554468132576,0.605877375286588,0.707421069468698,metab-u-lrppos,0.21761526465422906
DG(38:4)>DG(18:2_20:2_0:0)_isomer2 [metab-u-lrppos],DG(38:4)>DG(18:2_20:2_0:0)_isomer2,0.0191083295007743,0.608357628188249,0.708996715379242,metab-u-lrppos,0.2158410419642998
Lenticin [metab-u-hilicpos],Lenticin,-0.0856675487395115,0.609683903853708,0.723353784233212,metab-u-hilicpos,0.21489527055096944
LPC(24:0)>LPC(24:0/0:0) [metab-u-lrppos],LPC(24:0)>LPC(24:0/0:0),0.0114847290821452,0.614665457668562,0.715019001777715,metab-u-lrppos,0.21136119222394217
TG(50:3)_isomer2 [metab-u-lrppos],TG(50:3)_isomer2,-0.0293293874492662,0.616387616845488,0.715694510670595,metab-u-lrppos,0.2101460947908892
GlcCer 18:1;O2/22:0 [metab-u-hilicpos],GlcCer 18:1;O2/22:0,-0.0429622870450217,0.616605482375167,0.729094320376042,metab-u-hilicpos,0.209992618184441
LPC(16:1)>LPC(16:1/0:0) [metab-u-lrppos],LPC(16:1)>LPC(16:1/0:0),0.091869016202125,0.618566265585207,0.716160234484016,metab-u-lrppos,0.20861376857093458
PC(O-40:4)_isomer1 [metab-u-lrppos],PC(O-40:4)_isomer1,0.0181408338516107,0.619073121356199,0.716160234484016,metab-u-lrppos,0.20825805158407795
PC(O-34:0) [metab-u-lrppos],PC(O-34:0),0.0249631927755445,0.621197501343113,0.717294352379616,metab-u-lrppos,0.20677029981257214
Cer 18:1;O2/24:0 [metab-u-hilicpos],Cer 18:1;O2/24:0,-0.0406370892753962,0.623443013094049,0.734697153477835,metab-u-hilicpos,0.2052032378227734
LPC 16:2 [metab-u-hilicpos],LPC 16:2,-0.0370833494045204,0.625766538122809,0.734960699137527,metab-u-hilicpos,0.2035876637803614
PE(O-40:7)>PE(O-18:2/22:5)_isomer2 [metab-u-lrpneg],PE(O-40:7)>PE(O-18:2/22:5)_isomer2,-0.0628047035388022,0.627711340726777,0.7697274811627,metab-u-lrpneg,0.20224002497272664
GlcCer 18:1;O2/18:0 [metab-u-hilicpos],GlcCer 18:1;O2/18:0,0.0436059603157481,0.629641290932885,0.73703830042311,metab-u-hilicpos,0.2009067993333931
Dimethylglycine [metab-u-rppos],Dimethylglycine,0.044118551085166,0.630647344457199,0.736408079241947,metab-u-rppos,0.20021342866472577
Cer 18:1;O2/17:0 [metab-u-hilicpos],Cer 18:1;O2/17:0,0.0484435417131728,0.633814470623145,0.739450215727002,metab-u-hilicpos,0.1980378496518083
PE(O-40:5)>PE(O-18:0/22:5) [metab-u-lrpneg],PE(O-40:5)>PE(O-18:0/22:5),-0.0468488133363358,0.635641559813837,0.77594082301599,metab-u-lrpneg,0.1967877152913495
LPE(18:0)>LPE(18:0/0:0) [metab-u-lrppos],LPE(18:0)>LPE(18:0/0:0),-0.0147102970299748,0.636786292881588,0.733943025067565,metab-u-lrppos,0.19600629355863866
FA 11:4;O [metab-u-lrpneg],FA 11:4;O,-0.190134370690004,0.639359067087453,0.776978955967264,metab-u-lrpneg,0.19425517148486718
LPC(22:6)>LPC(0:0/22:6) [metab-u-lrppos],LPC(22:6)>LPC(0:0/22:6),0.0218365495948234,0.639442471381807,0.735652164323657,metab-u-lrppos,0.19419852152978553
PE(O-38:7)>PE(O-16:1/22:6) [metab-u-lrppos],PE(O-38:7)>PE(O-16:1/22:6),0.0229556239335658,0.642368061394493,0.737664422150818,metab-u-lrppos,0.19221606035850602
D-Urobilinogen [metab-u-rppos],D-Urobilinogen,0.0609543171871572,0.647243451876141,0.747055828478577,metab-u-rppos,0.18893233460254436
N-Undecanoylglycine [metab-u-rppos],N-Undecanoylglycine,0.0875930206683115,0.647713298095787,0.747055828478577,metab-u-rppos,0.18861718642559733
CAR DC3:0;2Me [metab-u-hilicpos],CAR DC3:0;2Me,0.0215780001406838,0.648731720166778,0.752745438225013,metab-u-hilicpos,0.1879348664345019
Triethanolamine [metab-u-hilicpos],Triethanolamine,-0.0870230554803211,0.649511778125582,0.752745438225013,metab-u-hilicpos,0.18741296910431998
Succinate [metab-t-tca],Succinate,0.0308126754024007,0.649962293998547,0.714958523398402,metab-t-tca,0.18711183717768196
Cer(d42:0)>Cer(d18:0/24:0)_isomer2 [metab-u-lrppos],Cer(d42:0)>Cer(d18:0/24:0)_isomer2,-0.0133783784629706,0.650947615470295,0.74615019177308,metab-u-lrppos,0.1864539595540365
PE(40:5)>PE(18:0_22:5)_isomer2 [metab-u-lrpneg],PE(40:5)>PE(18:0_22:5)_isomer2,0.0988675465439819,0.651546375323473,0.788254766574381,metab-u-lrpneg,0.18605466693483663
TG(51:3)_isomer3 [metab-u-lrppos],TG(51:3)_isomer3,-0.0318323263137117,0.655752593811907,0.750286270657054,metab-u-lrppos,0.1832599828939635
Diethanolamine [metab-u-hilicpos],Diethanolamine,-0.0695856299864026,0.657775400215156,0.759806567905296,metab-u-hilicpos,0.18192237249305007
CE(22:5) [metab-u-lrppos],CE(22:5),0.0621559662551263,0.66155769226368,0.753967045531082,metab-u-lrppos,0.17943227643606874
TG(56:3)_isomer1 [metab-u-lrppos],TG(56:3)_isomer1,-0.0562544665452123,0.66187891651329,0.753967045531082,metab-u-lrppos,0.17922145270507397
PE(O-42:6)>PE(O-20:1/22:5) [metab-u-lrppos],PE(O-42:6)>PE(O-20:1/22:5),-0.0369901837466493,0.662577100618224,0.753967045531082,metab-u-lrppos,0.17876357788206762
Cer(d41:0) [metab-u-lrppos],Cer(d41:0),-0.0141741782401645,0.669716120198797,0.759743031287696,metab-u-lrppos,0.17410924738437095
PC(40:2)_isomer1 [metab-u-lrppos],PC(40:2)_isomer1,-0.0258904235936868,0.670076389636516,0.759743031287696,metab-u-lrppos,0.17387568430438316
FA 18:1 [metab-u-lrpneg],FA 18:1,0.149815288615113,0.67397128680424,0.81176097210644,metab-u-lrpneg,0.1713586053164634
Pyroglutamic acid [metab-u-rppos],Pyroglutamic acid,-0.0530206968694706,0.674021041954732,0.772658267606644,metab-u-rppos,0.1713265452121828
TG(56:6)>TG(18:0_16:0_22:6) [metab-u-lrppos],TG(56:6)>TG(18:0_16:0_22:6),0.14438147609934,0.677062070535845,0.766277830732806,metab-u-lrppos,0.16937151498470107
PGE2 thanolamide [metab-t-oxylipneg],PGE2 thanolamide,0.002061030043608,0.678333000455832,0.861760655321523,metab-t-oxylipneg,0.16855705427915693
SM(d43:2)_isomer2 [metab-u-lrppos],SM(d43:2)_isomer2,0.0309589470316993,0.678976595399869,0.767060045613907,metab-u-lrppos,0.16814519576938503
Lignoceric acid [metab-u-rpneg],Lignoceric acid,0.0289255360686731,0.680938797183937,0.738891035242145,metab-u-rpneg,0.16689192074472625
PE(40:6) [metab-u-lrppos],PE(40:6),0.0165827038689343,0.682572405229933,0.769735428199942,metab-u-lrppos,0.16585127318983472
PE(O-42:4)>PE(O-18:2/24:2)_isomer2 [metab-u-lrpneg],PE(O-42:4)>PE(O-18:2/24:2)_isomer2,-0.0586311666894943,0.682631396977846,0.815815202465348,metab-u-lrpneg,0.16581374063891308
TG(52:5)>TG(16:1_18:2_18:2) [metab-u-lrppos],TG(52:5)>TG(16:1_18:2_18:2),-0.0242950005418621,0.68520645870907,0.771318580988487,metab-u-lrppos,0.16417855205724294
Spermine [metab-u-rppos],Spermine,0.0689258148166569,0.685278473923329,0.780802139985368,metab-u-rppos,0.16413291009584693
ST 27:2;O3_isomer1 [metab-u-lrpneg],ST 27:2;O3_isomer1,-0.109434257655366,0.685355235402854,0.815815202465348,metab-u-lrpneg,0.16408426531673712
PC(36:3)>PC(16:0_20:3)_and_PC(36:3)>PC(18:1_18:2)_isomer2 [metab-u-lrpneg],PC(36:3)>PC(16:0_20:3)_and_PC(36:3)>PC(18:1_18:2)_isomer2,-0.0546683542141331,0.686368509823245,0.815815202465348,metab-u-lrpneg,0.1634426498733918
LPC P-18:0 or LPC O-18:1_hp_b [metab-u-hilicpos],LPC P-18:0 or LPC O-18:1_hp_b,-0.0125385531811553,0.686846560910901,0.790777290522419,metab-u-hilicpos,0.16314027195423178
TG(55:5)_isomer2 [metab-u-lrppos],TG(55:5)_isomer2,0.0202682979545479,0.686927271144011,0.771869890694077,metab-u-lrppos,0.16308924170733782
Histidine [metab-t-amines],Histidine,-0.0143566524182885,0.689782499883243,0.729198642733714,metab-t-amines,0.16128782809061973
PC(34:0) [metab-u-lrppos],PC(34:0),-0.0166023816491503,0.691146249699004,0.775221285440564,metab-u-lrppos,0.1604300442079937
Oleamide [metab-u-rppos],Oleamide,0.0852270100461325,0.695232179107779,0.785124346096532,metab-u-rppos,0.15787013459518992
SM(d32:2) [metab-u-rppos],SM(d32:2),-0.0736267020671484,0.697424286160217,0.785124346096532,metab-u-rppos,0.15650293341297675
PC(O-35:3)_isomer2 [metab-u-lrppos],PC(O-35:3)_isomer2,-0.035783877829676,0.702936565008413,0.787037904036205,metab-u-lrppos,0.15308386517909425
FA 18:3;O_isomer1 [metab-u-lrpneg],FA 18:3;O_isomer1,0.0542204309287584,0.710126636213408,0.835990464391399,metab-u-lrpneg,0.14866419704911812
Myristic acid [metab-u-rpneg],Myristic acid,0.059202726336558,0.711838460326245,0.764289715297653,metab-u-rpneg,0.14761855095394671
FA 22:4;O [metab-u-lrpneg],FA 22:4;O,-0.0327495210340771,0.712169926516531,0.835990464391399,metab-u-lrpneg,0.14741636964475124
PC(O-34:3)>PC(O-16:1/18:2) [metab-u-lrpneg],PC(O-34:3)>PC(O-16:1/18:2),-0.0495413034341716,0.712597037912964,0.835990464391399,metab-u-lrpneg,0.14715598723441145
N-Acetylneuraminic acid [metab-u-rppos],N-Acetylneuraminic acid,0.0531777828115558,0.713182275576758,0.798084927431134,metab-u-rppos,0.14679945870316227
N-Acetylputrescine [metab-u-hilicpos],N-Acetylputrescine,0.0093971382172259,0.713299364157128,0.818540253950802,metab-u-hilicpos,0.14672816311400588
LPC(O-18:2) [metab-u-lrppos],LPC(O-18:2),-0.0215820293580791,0.714003019875389,0.798003375154846,metab-u-lrppos,0.14629995137166324
Phosphocreatine [metab-u-ionpneg],Phosphocreatine,-0.0259974306190749,0.714692034690784,0.73891888332437,metab-u-ionpneg,0.14588105812426477
TG(54:7)_isomer2 [metab-u-lrppos],TG(54:7)_isomer2,-0.0218584416071046,0.718195078626458,0.801260345727382,metab-u-lrppos,0.14375757516747226
PC(38:4)>PC(16:0_22:4) [metab-u-lrpneg],PC(38:4)>PC(16:0_22:4),0.0115952679927283,0.720946333337641,0.838824247351656,metab-u-lrpneg,0.14209706260759636
PC(O-34:2) [metab-u-lrppos],PC(O-34:2),0.0337417932155546,0.723050636281059,0.805244669535033,metab-u-lrppos,0.1408312873702032
FA 15:4;O [metab-u-lrpneg],FA 15:4;O,-0.0651218701615885,0.725060542184732,0.838824247351656,metab-u-lrpneg,0.1396257285476419
PC(36:6)_isomer2 [metab-u-lrppos],PC(36:6)_isomer2,-0.0579708615239873,0.725191946928348,0.806197430361833,metab-u-lrppos,0.13954702727923118
SM(d42:1) [metab-u-lrpneg],SM(d42:1),0.0918122070982648,0.726822471853168,0.838824247351656,metab-u-lrpneg,0.1385716536659335
FA 22:3;O_isomer2 [metab-u-lrpneg],FA 22:3;O_isomer2,0.0376699247840797,0.727393720028189,0.838824247351656,metab-u-lrpneg,0.1382304527573549
Asp-Leu [metab-u-rppos],Asp-Leu,-0.0457972509967792,0.728490784310213,0.810392115090651,metab-u-rppos,0.13757593785217473
TG(58:9) [metab-u-lrppos],TG(58:9),0.0142125162069071,0.729546487187046,0.808601042358207,metab-u-lrppos,0.13694702935576983
cholesterol [metab-u-lrppos],cholesterol,0.0089432842946806,0.730923103424521,0.808601042358207,metab-u-lrppos,0.13612831047721782
PI(34:1) [metab-u-lrppos],PI(34:1),0.012883914034056,0.731222952180388,0.808601042358207,metab-u-lrppos,0.1359501850958239
PE(35:1)>PE(17:0_18:1) [metab-u-lrpneg],PE(35:1)>PE(17:0_18:1),-0.0501476667279839,0.733010327552061,0.841719486299189,metab-u-lrpneg,0.1348899064403523
tridecylamine [metab-u-hilicpos],tridecylamine,-0.0319493715249699,0.734120946243028,0.839680820866209,metab-u-hilicpos,0.13423238428165413
S-Allylcysteine [metab-u-rppos],S-Allylcysteine,-0.0470752877430627,0.741418207253148,0.819805877311373,metab-u-rppos,0.12993675306167393
PC(O-34:0)>PC(O-18:0/16:0) [metab-u-lrpneg],PC(O-34:0)>PC(O-18:0/16:0),-0.0454922830028295,0.742691235271572,0.849237657209266,metab-u-lrpneg,0.1291917012973448
PC(35:3)_isomer1 [metab-u-lrppos],PC(35:3)_isomer1,-0.01042497075602,0.743186092850648,0.82038323981929,metab-u-lrppos,0.1289024258372527
SM(d40:2) [metab-u-rppos],SM(d40:2),-0.0085591668260782,0.745674494788536,0.819805877311373,metab-u-rppos,0.12745071135756164
C16 Sphingosine [metab-u-hilicpos],C16 Sphingosine,0.0742450166869784,0.74694767082083,0.850926017599382,metab-u-hilicpos,0.12670982264217656
Dimethylarginine [metab-u-hilicpos],Dimethylarginine,-0.009688639020112,0.748814895487456,0.850926017599382,metab-u-hilicpos,0.12562552516249162
PC(O-40:5)_isomer2 [metab-u-lrppos],PC(O-40:5)_isomer2,-0.0127872568749865,0.75331230256215,0.830099848341771,metab-u-lrppos,0.123024939920095
PC(33:0)_isomer2 [metab-u-lrppos],PC(33:0)_isomer2,0.008841525628302,0.756520308861344,0.832172339747479,metab-u-lrppos,0.12117940880665416
Methionine [metab-u-ionpneg],Methionine,-0.0356924391093116,0.75702095503085,0.769637970948031,metab-u-ionpneg,0.12089209866596702
TG(58:8)_isomer1 [metab-u-lrppos],TG(58:8)_isomer1,0.0400302316513041,0.760746627305407,0.835355753626078,metab-u-lrppos,0.11875996436696622
PC(36:1) [metab-u-lrppos],PC(36:1),-0.0097970172272994,0.763719363167115,0.837153917317799,metab-u-lrppos,0.11706619825424908
SM(d36:2) [metab-u-lrpneg],SM(d36:2),-0.0155812890034106,0.764370473809171,0.870354615135652,metab-u-lrpneg,0.11669609727036176
FA 15:1_isomer1 [metab-u-lrpneg],FA 15:1_isomer1,-0.0408837116778145,0.767962838379785,0.870786314648208,metab-u-lrpneg,0.11465979491259713
PC(36:2)_isomer2 [metab-u-lrppos],PC(36:2)_isomer2,-0.0107509652023126,0.768630374817537,0.84106674521919,metab-u-lrppos,0.11428245703666111
PC(31:0)_isomer1 [metab-u-lrppos],PC(31:0)_isomer1,-0.0156426604952493,0.770339363845,0.841468259809782,metab-u-lrppos,0.11331790940365759
TG(55:4)_isomer1 [metab-u-lrppos],TG(55:4)_isomer1,-0.0199724623723334,0.77436468955522,0.844394191914997,metab-u-lrppos,0.11105445874841198
Undecanedioic acid [metab-u-rpneg],Undecanedioic acid,-0.0226959034624503,0.774500372553638,0.82290664583824,metab-u-rpneg,0.11097836899844815
N-Acetylserine [metab-u-hilicpos],N-Acetylserine,0.0223988137662587,0.776022131550143,0.878989469393366,metab-u-hilicpos,0.11012589282294052
3-Hydroxyphenyl valeric acid [metab-u-rppos],3-Hydroxyphenyl valeric acid,-0.0280468669042584,0.777166024029514,0.84650111350229,metab-u-rppos,0.10948619404630963
bis(2-Ethylhexyl)phthalic acid [metab-u-rppos],bis(2-Ethylhexyl)phthalic acid,-0.0323481071759879,0.779876641135452,0.84650111350229,metab-u-rppos,0.10797408745188848
PE(O-39:7)>PE(O-21:7/18:0)_and_PE(O-17:1/22:6) [metab-u-lrpneg],PE(O-39:7)>PE(O-21:7/18:0)_and_PE(O-17:1/22:6),0.0370381602559426,0.779961061436953,0.880232431499102,metab-u-lrpneg,0.10792707836744612
PC P-36:3 or PC O-36:4 [metab-u-hilicpos],PC P-36:3 or PC O-36:4,-0.0051400990336567,0.781599633565852,0.882451199187253,metab-u-hilicpos,0.1070156528977349
LPC(18:1)>LPC(18:1/0:0)_and_LPC(0:0/18:1) [metab-u-lrpneg],LPC(18:1)>LPC(18:1/0:0)_and_LPC(0:0/18:1),0.0420463626955048,0.783398452115112,0.880232431499102,metab-u-lrpneg,0.1060172908919691
LPC(20:0)_rp_a [metab-u-rppos],LPC(20:0)_rp_a,-0.0270562577426254,0.786391213321226,0.84650111350229,metab-u-rppos,0.10436134770316476
Creatinine [metab-u-hilicpos],Creatinine,0.0033905447857876,0.787046391188999,0.885254739231111,metab-u-hilicpos,0.103999668093794
PI(35:2) [metab-u-lrpneg],PI(35:2),0.0603152624335657,0.78736677182574,0.880232431499102,metab-u-lrpneg,0.10382291710131705
LPC(20:3)_rp_b [metab-u-rppos],LPC(20:3)_rp_b,0.0185726413406471,0.787966462036706,0.84650111350229,metab-u-rppos,0.10349226685353946
indole-4-carboxaldehyde [metab-u-hilicpos],indole-4-carboxaldehyde,0.0635925209783519,0.789141367543162,0.885254739231111,metab-u-hilicpos,0.10284518989020641
SM(d32:2) [metab-u-lrpneg],SM(d32:2),-0.0300875734499151,0.789285907211372,0.880232431499102,metab-u-lrpneg,0.10276565150221832
CE(20:2) [metab-u-lrppos],CE(20:2),-0.0173855684842898,0.790127131919751,0.860086305058479,metab-u-lrppos,0.10230302484993052
Cotinine [metab-u-hilicpos],Cotinine,0.0239211810497331,0.792874674903765,0.886601074173539,metab-u-hilicpos,0.10079545366483131
PC(O-40:4)>PC(O-18:0/22:4) [metab-u-lrpneg],PC(O-40:4)>PC(O-18:0/22:4),-0.0329776812078428,0.793391861386996,0.881185223097853,metab-u-lrpneg,0.10051225883142544
PC(37:5)_isomer4 [metab-u-lrppos],PC(37:5)_isomer4,-0.0072084316708611,0.794033904516849,0.862841001961983,metab-u-lrppos,0.10016095320235918
LPC 16:0 [metab-u-hilicpos],LPC 16:0,-0.0051839541501159,0.795415194717493,0.886609293474912,metab-u-hilicpos,0.09940611699734658
DG(38:4)>DG(18:2_20:2_0:0)_isomer1 [metab-u-lrppos],DG(38:4)>DG(18:2_20:2_0:0)_isomer1,0.0119989319403153,0.79648576019073,0.864007909411052,metab-u-lrppos,0.09882198423933568
2-Amino-heptanoic acid [metab-u-rppos],2-Amino-heptanoic acid,0.0613466456935896,0.798204413905271,0.852627442126085,metab-u-rppos,0.09788587498672031
Homocysteine [metab-t-amines],Homocysteine,-0.0347850414924347,0.799429057752595,0.821635420467945,metab-t-amines,0.09722006999603414
PE(36:0)>PE(18:0/18:0) [metab-u-lrpneg],PE(36:0)>PE(18:0/18:0),0.0159538938589066,0.800991725415643,0.884591422839836,metab-u-lrpneg,0.09637197033884344
SM(d37:1)_isomer1 [metab-u-lrpneg],SM(d37:1)_isomer1,0.0104238819805254,0.802987048039113,0.884591422839836,metab-u-lrpneg,0.09529145971572425
PC(37:1) [metab-u-lrppos],PC(37:1),-0.0110885441193957,0.806216664615687,0.871665477485089,metab-u-lrppos,0.09354822916009883
TG(58:10)>TG(18:2_18:2_22:6)_and_TG(18:2_20:4_20:4) [metab-u-lrppos],TG(58:10)>TG(18:2_18:2_22:6)_and_TG(18:2_20:4_20:4),0.0155882756654115,0.806904911141747,0.871665477485089,metab-u-lrppos,0.09317764123779246
PC(O-40:2)_isomer2 [metab-u-lrppos],PC(O-40:2)_isomer2,0.0129900993252789,0.807715538148065,0.871665477485089,metab-u-lrppos,0.09274156244855178
TG(58:5)>TG(18:0_18:1_22:4) [metab-u-lrppos],TG(58:5)>TG(18:0_18:1_22:4),-0.0195072887630232,0.809861098954061,0.872479225161849,metab-u-lrppos,0.0915894615295392
PE(O-38:2)>PE(O-20:0/18:2) [metab-u-lrpneg],PE(O-38:2)>PE(O-20:0/18:2),-0.0417645378928881,0.81073476351908,0.888224921347209,metab-u-lrpneg,0.09112120445796949
PC(34:1)>PC(16:0_18:1) [metab-u-lrpneg],PC(34:1)>PC(16:0_18:1),0.0231682141486367,0.812840518428442,0.888224921347209,metab-u-lrpneg,0.08999465583366105
PC(O-38:3)_isomer1 [metab-u-lrppos],PC(O-38:3)_isomer1,0.0349381302081859,0.817234977711554,0.878216084456439,metab-u-lrppos,0.08765305380900641
Palmitic acid [metab-u-rpneg],Palmitic acid,-0.0286955095444448,0.817779578027388,0.859933164523645,metab-u-rpneg,0.08736373905039928
LPC(20:2)>LPC(0:0/20:2) [metab-u-lrppos],LPC(20:2)>LPC(0:0/20:2),0.0077522701363577,0.817987549158788,0.878216084456439,metab-u-lrppos,0.08725330680885615
SM(d42:1) [metab-u-rppos],SM(d42:1),-0.012416360071164,0.818466517560201,0.869331668369027,metab-u-rppos,0.08699908233178717
1-Methylguanine [metab-u-hilicpos],1-Methylguanine,-0.0097705150456963,0.819259604191359,0.909126009361711,metab-u-hilicpos,0.08657845867569137
Trimethylbenzene [metab-u-hilicpos],Trimethylbenzene,-0.0172652136961879,0.822670040040125,0.909126009361711,metab-u-hilicpos,0.08477431852238708
Tetradecylamine [metab-u-hilicpos],Tetradecylamine,0.052387766773272,0.823408414193321,0.909126009361711,metab-u-hilicpos,0.08438469937513943
PC(O-38:6)_isomer2 [metab-u-lrppos],PC(O-38:6)_isomer2,-0.0071842709179996,0.826464589296921,0.88516018942494,metab-u-lrppos,0.08277574947595795
DG(38:6)>DG(18:2_20:4_0:0) [metab-u-lrppos],DG(38:6)>DG(18:2_20:4_0:0),-0.0109158485111003,0.827278901121235,0.88516018942494,metab-u-lrppos,0.08234805175562872
PE(O-42:8)>PE(O-18:2/24:6) [metab-u-lrpneg],PE(O-42:8)>PE(O-18:2/24:6),0.0200471288579713,0.828516039057523,0.900244358604821,metab-u-lrpneg,0.0816990797530895
PC(O-38:4)_isomer1 [metab-u-lrppos],PC(O-38:4)_isomer1,0.0132598070172314,0.829028238113845,0.885520792670155,metab-u-lrppos,0.08143067638801435
2-Aminobenzoic acid [metab-u-hilicpos],2-Aminobenzoic acid,0.0160441350316365,0.829161725664089,0.912599383592551,metab-u-hilicpos,0.08136075326959563
SM(d40:0) [metab-u-lrpneg],SM(d40:0),-0.021962655470734,0.830483725650204,0.900244358604821,metab-u-lrpneg,0.08066887366359722
SM(d32:1) [metab-u-lrpneg],SM(d32:1),-0.0179352682237308,0.833827660931443,0.900268112001677,metab-u-lrpneg,0.07892370192904057
PC P-35:1 or PC O-35:2 [metab-u-hilicpos],PC P-35:1 or PC O-35:2,-0.0045642160902552,0.837513968095348,0.916532195513629,metab-u-hilicpos,0.07700794104795859
N-Acetylglutamic acid [metab-u-hilicpos],N-Acetylglutamic acid,0.0155978421513563,0.837972293041032,0.916532195513629,metab-u-hilicpos,0.07677034077105867
PC(O-40:7)_isomer3 [metab-u-lrppos],PC(O-40:7)_isomer3,0.0079951936339561,0.838303037399982,0.89390476947243,metab-u-lrppos,0.07659896027136613
Glycolithocholic acid [metab-u-rpneg],Glycolithocholic acid,-0.0373109131241485,0.839348917562796,0.873608057055155,metab-u-rpneg,0.076057465307595
Cer 18:1;O2/4:0 [metab-u-hilicpos],Cer 18:1;O2/4:0,-0.071999710553543,0.842542432990874,0.918659973666061,metab-u-hilicpos,0.07440821751926587
PC(O-30:0) [metab-u-lrppos],PC(O-30:0),0.0144389676583145,0.843504155936742,0.895711958123778,metab-u-lrppos,0.07391277330491192
PE(34:1)>PE(16:0_18:1) [metab-u-lrpneg],PE(34:1)>PE(16:0_18:1),-0.0464030409784755,0.844760950479874,0.905422121190467,metab-u-lrpneg,0.07326616983757689
FA 16:2;O2_isomer1 [metab-u-lrpneg],FA 16:2;O2_isomer1,-0.0195068086874564,0.845283382513609,0.905422121190467,metab-u-lrpneg,0.07299766876666627
PC(O-42:6)_isomer4 [metab-u-lrppos],PC(O-42:6)_isomer4,0.0154773754431226,0.84531600227517,0.895711958123778,metab-u-lrppos,0.07298090952426246
PC(42:5) [metab-u-lrppos],PC(42:5),0.0191987423301754,0.845382632212588,0.895711958123778,metab-u-lrppos,0.07294667868787931
TG(50:2)>TG(14:0_18:1_18:1)_and_TG(16:0_16:1_18:1) [metab-u-lrppos],TG(50:2)>TG(14:0_18:1_18:1)_and_TG(16:0_16:1_18:1),-0.0092797942740041,0.845712088053072,0.895711958123778,metab-u-lrppos,0.07277746184431817
Deoxyuridine [metab-u-hilicpos],Deoxyuridine,0.0116935847146014,0.851917231738067,0.920925025909172,metab-u-hilicpos,0.06960259718815891
FA 26:3_isomer2 [metab-u-lrpneg],FA 26:3_isomer2,-0.023046413855333,0.852849987521354,0.907014462973678,metab-u-lrpneg,0.06912735256180501
PE(O-42:5)>PE(O-20:1/22:4)_isomer3 [metab-u-lrpneg],PE(O-42:5)>PE(O-20:1/22:4)_isomer3,-0.0340047746241545,0.853463793573018,0.907014462973678,metab-u-lrpneg,0.0688148981988988
PC 36:2 [metab-u-hilicpos],PC 36:2,-0.0090113532043609,0.854800614646091,0.920925025909172,metab-u-hilicpos,0.0681351742275404
TG(56:9)_isomer1 [metab-u-lrppos],TG(56:9)_isomer1,-0.0133271408662559,0.856465271400258,0.904234151796224,metab-u-lrppos,0.06729024244162905
PC(40:7)_isomer2 [metab-u-lrppos],PC(40:7)_isomer2,0.0069245782404827,0.856642880649054,0.904234151796224,metab-u-lrppos,0.06720019008052014
Palmitoleoyl-EA [metab-u-hilicpos],Palmitoleoyl-EA,-0.0356727089758238,0.857724125032596,0.920925025909172,metab-u-hilicpos,0.0666523744376998
3-Hydroxyanthranilic acid [metab-u-hilicpos],3-Hydroxyanthranilic acid,0.0236316806333079,0.85776670544175,0.920925025909172,metab-u-hilicpos,0.06663081508406399
PC(O-36:2)>PC(O-18:1/18:1) [metab-u-lrpneg],PC(O-36:2)>PC(O-18:1/18:1),0.0120696831308003,0.85983504091812,0.908280140841325,metab-u-lrpneg,0.06558486002468246
SM(d42:2) [metab-u-rppos],SM(d42:2),0.0059288468987723,0.860108709645589,0.903960159553603,metab-u-rppos,0.06544665455235425
Nicotinic acid [metab-u-hilicpos],Nicotinic acid,-0.0077620347606046,0.860503550052836,0.920925025909172,metab-u-hilicpos,0.06524733362790636
Aminododecanoic acid [metab-u-rppos],Aminododecanoic acid,0.0306653873785692,0.860685471064335,0.903960159553603,metab-u-rppos,0.06515552814836731
N-Lauroylglycine [metab-u-hilicpos],N-Lauroylglycine,-0.0268893807539374,0.861380024146063,0.920925025909172,metab-u-hilicpos,0.0648052039731505
9S-HODE [metab-t-oxylipneg],9S-HODE,-0.0005365206893068,0.861760655321523,0.861760655321523,metab-t-oxylipneg,0.06461333801142022
DG(36:2)>DG(18:1_18:1_0:0) [metab-u-lrppos],DG(36:2)>DG(18:1_18:1_0:0),0.0082706782722645,0.862285013870394,0.908660006213003,metab-u-lrppos,0.06434916167850202
5-Hydroxytryptophol [metab-u-hilicpos],5-Hydroxytryptophol,0.0222259711861224,0.863038309994881,0.920925025909172,metab-u-hilicpos,0.06396992566358609
PI(38:4)>PI(18:0_20:4) [metab-u-lrpneg],PI(38:4)>PI(18:0_20:4),-0.0347033974149085,0.863908322467264,0.908280140841325,metab-u-lrpneg,0.06353234219597216
PE(O-40:6)>PE(O-18:1/22:5) [metab-u-lrpneg],PE(O-40:6)>PE(O-18:1/22:5),-0.0181826468509279,0.864709506778826,0.908280140841325,metab-u-lrpneg,0.06312976628297738
TG(56:5)>TG(16:0_18:1_22:4)_and_TG(18:1_18:1_20:3)_isomer2 [metab-u-lrppos],TG(56:5)>TG(16:0_18:1_22:4)_and_TG(18:1_18:1_20:3)_isomer2,-0.0075923891783098,0.864747277941207,0.909725743740163,metab-u-lrppos,0.06311079638729142
PC(38:5)_isomer6 [metab-u-lrppos],PC(38:5)_isomer6,0.0106056984961427,0.86890688312814,0.912570545596891,metab-u-lrppos,0.061026762458627336
PE 32:1 [metab-u-hilicpos],PE 32:1,0.0187635120567347,0.872561969787732,0.926863457574759,metab-u-hilicpos,0.05920371946202961
FA 18:0 [metab-u-lrpneg],FA 18:0,0.0184281842764875,0.872772554804284,0.913209893250814,metab-u-lrpneg,0.059098919024273784
PC(O-37:4)_isomer3 [metab-u-lrppos],PC(O-37:4)_isomer3,0.0332798000854986,0.872805221614256,0.915131896241034,metab-u-lrppos,0.059082664216833454
Cystine [metab-u-hilicpos],Cystine,-0.0075678189497239,0.87389983142763,0.926863457574759,metab-u-hilicpos,0.05853834442662286
SM(d41:0) [metab-u-lrppos],SM(d41:0),0.0098309012142401,0.875554979403418,0.915166618998377,metab-u-lrppos,0.057716577733778154
PC(O-35:2)_isomer1 [metab-u-lrppos],PC(O-35:2)_isomer1,-0.0075958980941095,0.876354791678469,0.915166618998377,metab-u-lrppos,0.05732003438722075
Cer 18:1;O2/22:0 [metab-u-hilicpos],Cer 18:1;O2/22:0,0.0128350342037322,0.877493508376266,0.927863226379738,metab-u-hilicpos,0.05675608772458231
PC(O-42:5) [metab-u-lrppos],PC(O-42:5),0.0127019438128535,0.877766649509302,0.915166618998377,metab-u-lrppos,0.056620924071168394
TG(56:4)>TG(18:0_18:0_20:4) [metab-u-lrppos],TG(56:4)>TG(18:0_18:0_20:4),-0.0302424127993213,0.878676721909127,0.915166618998377,metab-u-lrppos,0.05617087886825786
Carnitine [metab-u-rppos],Carnitine,0.0211263239535597,0.879602437288272,0.916409000535013,metab-u-rppos,0.055713575924047534
Pantothenic acid [metab-u-ionpneg],Pantothenic acid,-0.0108380790213651,0.880058066188867,0.880058066188867,metab-u-ionpneg,0.05548867217544919
N-Acetylaspartic acid [metab-u-rppos],N-Acetylaspartic acid,0.0069769034930029,0.882287388812965,0.916409000535013,metab-u-rppos,0.05438992842155402
Hexose [metab-u-hilicpos],Hexose,0.0072264263224859,0.882822504825669,0.93007487792685,metab-u-hilicpos,0.054126604376458894
FA 26:3;O2 [metab-u-lrpneg],FA 26:3;O2,-0.0135249190472244,0.883498562462959,0.92087734779793,metab-u-lrpneg,0.05379415279548803
TG(55:5)_isomer1 [metab-u-lrppos],TG(55:5)_isomer1,0.0121644281933477,0.884827071117522,0.920044068972946,metab-u-lrppos,0.053141598678269564
PC O-28:0 [metab-u-hilicpos],PC O-28:0,-0.0174460166863586,0.885321796618761,0.93007487792685,metab-u-hilicpos,0.05289884332050822
PE(38:5)>PE(16:0_22:5)_and_PE(18:1_20:4) [metab-u-lrpneg],PE(38:5)>PE(16:0_22:5)_and_PE(18:1_20:4),-0.0197628135863859,0.887796459566564,0.921234191895586,metab-u-lrpneg,0.05168659122523956
Adenosine [metab-u-hilicpos],Adenosine,0.0281683260329064,0.887831522376605,0.93007487792685,metab-u-hilicpos,0.051669439451244456
DG(36:5)>DG(18:2_18:3_0:0) [metab-u-lrppos],DG(36:5)>DG(18:2_18:3_0:0),0.0150224438877906,0.889077531441148,0.922933132803974,metab-u-lrppos,0.0510603650040585
ST 23:1;O4_isomer1 [metab-u-lrpneg],ST 23:1;O4_isomer1,-0.0123882939295932,0.890639698437799,0.921234191895586,metab-u-lrpneg,0.05029795098760111
Malate [metab-t-tca],Malate,-0.0098687369229923,0.890857214240165,0.890857214240165,metab-t-tca,0.050191898698100694
CE(18:1) [metab-u-lrppos],CE(18:1),-0.0079155672308104,0.893792415205381,0.926293957576486,metab-u-lrppos,0.048763335118069705
alpha-N-Phenylacetylglutamine [metab-u-hilicpos],alpha-N-Phenylacetylglutamine,0.0205884185304264,0.895062685323731,0.93007487792685,metab-u-hilicpos,0.04814654799485471
PC(O-36:2)_isomer2 [metab-u-lrppos],PC(O-36:2)_isomer2,0.0117285598831032,0.898552155679123,0.928960064483246,metab-u-lrppos,0.04645670957754077
GlcCer 18:1;O2/20:0 [metab-u-hilicpos],GlcCer 18:1;O2/20:0,0.008798263157475,0.898590427586423,0.93007487792685,metab-u-hilicpos,0.04643821212685479
LPE P-18:0 or LPE O-18:1 [metab-u-hilicpos],LPE P-18:0 or LPE O-18:1,0.0090527205483628,0.898644975219305,0.93007487792685,metab-u-hilicpos,0.046411849708295934
Linoleoyl-EA [metab-u-hilicpos],Linoleoyl-EA,0.0264617311316329,0.899650580948571,0.93007487792685,metab-u-hilicpos,0.045926135262508744
PE(O-40:7)>PE(O-18:1/22:6) [metab-u-lrppos],PE(O-40:7)>PE(O-18:1/22:6),0.0027838835597329,0.900825500512126,0.928960064483246,metab-u-lrppos,0.04535932833759009
CAR DC5:0 [metab-u-hilicpos],CAR DC5:0,-0.0032550436342155,0.900843953192006,0.93007487792685,metab-u-hilicpos,0.04535043225842079
PC(40:4)_isomer2 [metab-u-lrppos],PC(40:4)_isomer2,0.0058915035104085,0.901282973246548,0.928960064483246,metab-u-lrppos,0.045138833410296335
PC(34:2)>PC(16:0_18:2) [metab-u-lrpneg],PC(34:2)>PC(16:0_18:2),-0.0121451349515667,0.90217027550342,0.927139604351717,metab-u-lrpneg,0.04471148603625126
CE(22:6) [metab-u-lrppos],CE(22:6),0.0055312579203139,0.902291354498081,0.928960064483246,metab-u-lrppos,0.04465320389995056
PS(38:4)>PS(18:0_20:4)_isomer1 [metab-u-lrpneg],PS(38:4)>PS(18:0_20:4)_isomer1,0.031679733240825,0.904494711193926,0.927139604351717,metab-u-lrpneg,0.04359396822485187
LPC(18:0)>LPC(0:0/18:0) [metab-u-lrppos],LPC(18:0)>LPC(0:0/18:0),-0.0039883362917336,0.904516320079013,0.929724151950068,metab-u-lrppos,0.04358359281044968
FA 26:2_isomer1 [metab-u-lrpneg],FA 26:2_isomer1,0.0137246614727786,0.906612528240609,0.927139604351717,metab-u-lrpneg,0.04257828383438949
Phenylalanine [metab-t-amines],Phenylalanine,-0.0020934943584523,0.910097557338365,0.910097557338365,metab-t-amines,0.04091205125824552
PE(38:4)>PE(18:0_20:4) [metab-u-lrppos],PE(38:4)>PE(18:0_20:4),0.0056215709327247,0.911274602227452,0.935137766933899,metab-u-lrppos,0.040350733606869686
alpha-Tocopherol [metab-u-rpneg],alpha-Tocopherol,0.009582782572064,0.912177426461034,0.932732836856735,metab-u-rpneg,0.03992067939250733
Dehydroepiandrosterone sulfate [metab-u-rpneg],Dehydroepiandrosterone sulfate,-0.0044882423728189,0.914443957702682,0.932732836856735,metab-u-rpneg,0.03884290539398821
TG(58:8)>TG(18:0_20:4_20:4)_and_TG(58:8)>TG(18:0_18:2_22:6)_isomer2 [metab-u-lrppos],TG(58:8)>TG(18:0_20:4_20:4)_and_TG(58:8)>TG(18:0_18:2_22:6)_isomer2,0.0131477241389,0.915372674832248,0.937808279607548,metab-u-lrppos,0.0384020560191583
SM(d40:1) [metab-u-rppos],SM(d40:1),-0.0039500492696653,0.915398549568673,0.945576523730277,metab-u-rppos,0.03838978003939522
LPC P-16:0 or LPC O-16:1 [metab-u-hilicpos],LPC P-16:0 or LPC O-16:1,-0.0031633678170131,0.916400920412165,0.943353888659582,metab-u-hilicpos,0.037914483286957415
PC(O-40:5)>PC(O-18:1/22:4) _isomer2 [metab-u-lrpneg],PC(O-40:5)>PC(O-18:1/22:4) _isomer2,0.0065908649796071,0.917929033386495,0.935183338525339,metab-u-lrpneg,0.0371908935264289
LPC O-18:0 [metab-u-hilicpos],LPC O-18:0,-0.0043170749348018,0.921895763831739,0.946227323580964,metab-u-hilicpos,0.03531818062947735
Octadecatrienoic acid [metab-u-rpneg],Octadecatrienoic acid,0.0155863155568063,0.924944632728929,0.93410250037971,metab-u-rpneg,0.03388426339067413
SM(d41:2) [metab-u-lrpneg],SM(d41:2),-0.0033497018017882,0.929368606209853,0.943291731396517,metab-u-lrpneg,0.03181200194549018
LPC O-16:0 [metab-u-hilicpos],LPC O-16:0,-0.0023752315233771,0.931021572589724,0.950221851093528,metab-u-hilicpos,0.031040255916472297
Pro-Lys [metab-u-hilicpos],Pro-Lys,0.0126577331235946,0.931217414071657,0.950221851093528,metab-u-hilicpos,0.03094891116872075
TG(56:9)_isomer2 [metab-u-lrppos],TG(56:9)_isomer2,-0.0050793859024658,0.932901570343302,0.954207642096656,metab-u-lrppos,0.03016417588029994
Niacinamide [metab-u-rppos],Niacinamide,0.0093619607081301,0.935150225208048,0.952762477419857,metab-u-rppos,0.02911861721487441
Lactate [metab-t-conv],Lactate,0.0055516274957842,0.935262543480409,0.935262543480409,metab-t-conv,0.029066458454221664
Phe-Trp [metab-u-rppos],Phe-Trp,-0.0041383157302803,0.937022848766193,0.952762477419857,metab-u-rppos,0.028249818960577697
DG(34:1) [metab-u-rppos],DG(34:1),-0.0077541543926145,0.937558820865285,0.952762477419857,metab-u-rppos,0.028001475839332626
Pyridoxal [metab-u-hilicpos],Pyridoxal,0.0033226328608861,0.938881456136416,0.950769674994047,metab-u-hilicpos,0.027389238613355037
PC(O-38:5)>PC(O-16:1/22:4) [metab-u-lrpneg],PC(O-38:5)>PC(O-16:1/22:4),-0.0052642155759201,0.940262372068233,0.950787697128698,metab-u-lrpneg,0.026750943376860112
PE P-40:4 or PE O-40:5 [metab-u-hilicpos],PE P-40:4 or PE O-40:5,-0.004023567442978,0.940823923941449,0.950769674994047,metab-u-hilicpos,0.026491647577829448
LPE(16:0)>LPE(16:0/0:0) [metab-u-lrppos],LPE(16:0)>LPE(16:0/0:0),0.0021680114837536,0.943554080014791,0.963012825366892,metab-u-lrppos,0.02523320309955778
PC P-32:1 or PC O-32:2 [metab-u-hilicpos],PC P-32:1 or PC O-32:2,-0.0052413412837548,0.943722500562731,0.950769674994047,metab-u-hilicpos,0.02515569022671618
Salicyluric acid [metab-u-hilicpos],Salicyluric acid,0.0091571056464481,0.943948892965715,0.950769674994047,metab-u-hilicpos,0.02505151852377119
PE(36:4) [metab-u-lrppos],PE(36:4),-0.0024209535331074,0.944581957895756,0.963012825366892,metab-u-lrppos,0.024760353975438795
PC 30:1 [metab-u-hilicpos],PC 30:1,0.0032213692826239,0.945336705422652,0.950769674994047,metab-u-hilicpos,0.0244134790437834
LPC(18:0) [metab-u-lrppos],LPC(18:0),0.0023671938108726,0.950666748424852,0.96764294036101,metab-u-lrppos,0.021971696190121435
SM(d38:3) [metab-u-lrppos],SM(d38:3),-0.0024680380043946,0.953474263374724,0.968927655001543,metab-u-lrppos,0.020691025140461106
TG(52:4) [metab-u-lrppos],TG(52:4),0.0037814867656891,0.957331932353647,0.971273659523845,metab-u-lrppos,0.018937454704614432
PC(32:2) [metab-u-lrppos],PC(32:2),0.0017788293317693,0.959055231523548,0.971450129507698,metab-u-lrppos,0.018156381301496737
DG(38:4) [metab-u-lrppos],DG(38:4),-0.0037450310720643,0.962291543521268,0.97315612546425,metab-u-lrppos,0.01669333070613047
LPC 18:3 [metab-u-hilicpos],LPC 18:3,0.0008959135460386,0.96598446505965,0.968752328856383,metab-u-hilicpos,0.015029857842395763
PE(O-38:6) [metab-u-lrppos],PE(O-38:6),-0.0022748017446652,0.966601578603111,0.975940724290097,metab-u-lrppos,0.014752499929540138
PE(36:2)>PE(18:0_18:2)_isomer1 [metab-u-lrpneg],PE(36:2)>PE(18:0_18:2)_isomer1,-0.0067891813411016,0.971937366726773,0.979163666851136,metab-u-lrpneg,0.012361720836457316
Xanthosine [metab-u-rpneg],Xanthosine,0.002469550509387,0.97352182295925,0.97352182295925,metab-u-rpneg,0.011654308669318752
Tributylamine [metab-u-hilicpos],Tributylamine,0.0030960568539484,0.974227379866184,0.974227379866184,metab-u-hilicpos,0.011339669100416987
SM(d33:0) [metab-u-lrppos],SM(d33:0),0.00106151810499,0.977379582479972,0.985236331535278,metab-u-lrppos,0.009936737651718479
PC(O-38:4)>PC(O-18:1/20:3) _isomer1 [metab-u-lrpneg],PC(O-38:4)>PC(O-18:1/20:3) _isomer1,0.0016327768997079,0.981734020553012,0.985210361077979,metab-u-lrpneg,0.008006158906160474
PC(34:4)_isomer2 [metab-u-lrppos],PC(34:4)_isomer2,-0.0006196046697475,0.984798636479791,0.98889206345213,metab-u-lrppos,0.006652561386358975
SM(d43:2) [metab-u-lrpneg],SM(d43:2),-0.0040093291712892,0.985210361077979,0.985210361077979,metab-u-lrpneg,0.00647102950109148
TG(58:7)>TG(18:0_18:1_22:6) [metab-u-lrppos],TG(58:7)>TG(18:0_18:1_22:6),0.0011183787828628,0.985223860230778,0.98889206345213,metab-u-lrppos,0.006465078926839696
arginine [metab-u-lrppos],arginine,-0.0008677504293892,0.985819877707553,0.98889206345213,metab-u-lrppos,0.006202429139634591
Lysine [metab-u-rppos],Lysine,-0.0005929257307997,0.986817497667475,0.99362237442118,metab-u-rppos,0.005763158459704893
PC(32:0)_isomer1 [metab-u-lrppos],PC(32:0)_isomer1,0.0016643831287162,0.987314883127645,0.98889206345213,metab-u-lrppos,0.005544316230680162
PC(42:2)_isomer2 [metab-u-lrppos],PC(42:2)_isomer2,-0.0016149242722214,0.989215235994806,0.989215235994806,metab-u-lrppos,0.004709203210949449
PC(35:2) [metab-u-rppos],PC(35:2),-0.0002830957703139,0.992632650187421,0.99362237442118,metab-u-rppos,0.0032114438646445786
PC(34:4) [metab-u-rppos],PC(34:4),-0.0004451559153757,0.99362237442118,0.99362237442118,metab-u-rppos,0.00277863760001459
